key	lexeme_id	source_spellings
аарѡ́нъ	аарѡ́нъ|noun|efe05eb353604eb1	canonical:"Аарѡ́нъ" || source-canonical:"Аарѡ́нъ"
аарѡнъ	аарѡ́нъ|noun|efe05eb353604eb1	page:"Аарѡнъ"
аблань	аблань|noun|c6041ad73a304b13	canonical:"аблань" || page:"аблань"
аблъко	аблъко|noun|157d0b4cd6a712f2	canonical:"аблъко" || page:"аблъко"
авазгъ	авазгъ|noun|7fbb7482edaf3067	canonical:"авазгъ" || page:"авазгъ"
авити	авити|verb|8003baa455c6b112	canonical:"авити" || page:"авити"
авоу́ндии	авоу́ндии|noun|a696b5a27ebf1e71	canonical:"Авоу́ндии"
авоундии	авоу́ндии|noun|a696b5a27ebf1e71	page:"Авоундии"
автоно́мъ	автоно́мъ|noun|db89826d6f6ab492	canonical:"Автоно́мъ"
автономъ	автоно́мъ|noun|db89826d6f6ab492	page:"Автономъ"
авьнъ	авьнъ|adj|2a25d673ea077283	canonical:"авьнъ" || page:"авьнъ"
ага́въ	ага́въ|noun|ec7677b5fd1e89f2	canonical:"Ага́въ"
ага́пии	ага́пии|noun|1444a01b567456f6	canonical:"Ага́пии"
ага́пиꙗ	ага́пиꙗ|noun|2306112e3140161c	canonical:"Ага́пиꙗ" || source-canonical:"Ага́пиꙗ"
агавъ	ага́въ|noun|ec7677b5fd1e89f2	page:"Агавъ"
агапи́тъ	агапи́тъ|noun|467822b485c01afb	canonical:"Агапи́тъ" || source-canonical:"Агапи́тъ"
агапии	ага́пии|noun|1444a01b567456f6	page:"Агапии"
агапитъ	агапи́тъ|noun|467822b485c01afb	page:"Агапитъ"
агапиѡ́нъ	агапиѡ́нъ|noun|6fd3d345569e8c54	canonical:"Агапиѡ́нъ" || source-canonical:"Агапиѡ́нъ"
агапиѡнъ	агапиѡ́нъ|noun|6fd3d345569e8c54	page:"Агапиѡнъ"
агапиꙗ	ага́пиꙗ|noun|2306112e3140161c	page:"Агапиꙗ"
агарѣнинъ	агарѣнинъ|noun|e22ab80773881cd9	canonical:"агарѣнинъ" || page:"агарѣнинъ"
агаѳа́нгелъ	агаѳа́нгелъ|noun|c7959468ba6ba5a1	canonical:"Агаѳа́нгелъ" || source-canonical:"Агаѳа́нгелъ"
агаѳангелъ	агаѳа́нгелъ|noun|c7959468ba6ba5a1	page:"Агаѳангелъ"
агаѳо́никъ	агаѳо́никъ|noun|55d7c0d404707ace	canonical:"Агаѳо́никъ" || source-canonical:"Агаѳо́никъ"
агаѳоникъ	агаѳо́никъ|noun|55d7c0d404707ace	page:"Агаѳоникъ"
агг҄елъ	анг҄елъ|noun|29fb628af75990d6	alternative:"агг҄елъ"
агньць	агньць|noun|2c37c8984ac3639b	canonical:"агньць" || page:"агньць"
агнѧ	агнѧ|noun|758e6c369b09c405	canonical:"агнѧ" || page:"агнѧ"
агода	агода|noun|80d81badb8567770	canonical:"агода" || page:"агода"
агри́кола	агри́кола|noun|c52ebd5f19530af4	canonical:"Агри́кола" || source-canonical:"Агри́кола"
агрикола	агри́кола|noun|c52ebd5f19530af4	page:"Агрикола"
аг҃гл	анг҄елъ|noun|29fb628af75990d6	alternative:"аг҃гл"
аданасии	аѳанасииъ|noun|70ab5a7b69a6b815	alternative:"Аданасии"
адовъ	адовъ|adj|b61a09c5b97ff6f9	canonical:"адовъ" || page:"адовъ"
адовьскъ	адовьскъ|adj|48b51d571c469b97	canonical:"адовьскъ" || page:"адовьскъ"
адьскъ	адьскъ|adj|641c7c63c471ca61	canonical:"адьскъ" || page:"адьскъ"
аеръ	аеръ|noun|46b5ddc12e2033bf	canonical:"аеръ" || page:"аеръ"
азъ	азъ|pron|96517b185cf1678f	canonical:"азъ" || page:"азъ"
аице	аице|noun|7c4a31fa29afe7ae	canonical:"аице" || page:"аице"
акридъ	акридъ|noun|cdc59990e2323490	canonical:"акридъ" || page:"акридъ"
акридь	акридъ|noun|cdc59990e2323490	alternative:"акридь"
акротомъ	акротомъ|noun|0751956b6546c1a0	canonical:"акротомъ" || page:"акротомъ"
алеѯандръ	алеѯандръ|noun|b70362ca484a321f	canonical:"Алеѯандръ" || page:"Алеѯандръ"
алкати	алкати|verb|0d7b6910a0449e00	canonical:"алкати" || page:"алкати"
алкати	алъкати|verb|97a9629cb5965863	alternative:"алкати"
алпъ	алпъ|noun|a7ab8bc351831a1a	canonical:"алпъ" || page:"алпъ"
алъгоуинъ	алъгоуинъ|adj|86e500109a82e2f5	canonical:"алъгоуинъ" || page:"алъгоуинъ"
алъдии	алъдии|noun|60ab9b3754085273	canonical:"алъдии" || page:"алъдии"
алъдии	алъдьи|noun|13a8c8881fa7d9a0	alternative:"алъдии"
алъдии	ладии|noun|e342ec0ea8027d80	alternative:"алъдии"
алъдии	ладьи|noun|67a100f2c6185da5	alternative:"алъдии"
алъдьи	алъдии|noun|60ab9b3754085273	alternative:"алъдьи"
алъдьи	алъдьи|noun|13a8c8881fa7d9a0	canonical:"алъдьи" || page:"алъдьи"
алъдьи	ладии|noun|e342ec0ea8027d80	alternative:"алъдьи"
алъдьи	ладьи|noun|67a100f2c6185da5	alternative:"алъдьи"
алъкаиѥ	алъкаиѥ|noun|47fa6aa95881a280	canonical:"алъкаиѥ"
алъканиѥ	алъкаиѥ|noun|47fa6aa95881a280	page:"алъканиѥ"
алъкати	алкати|verb|0d7b6910a0449e00	alternative:"алъкати"
алъкати	алъкати|verb|97a9629cb5965863	canonical:"алъкати" || page:"алъкати"
алънии	алънии|noun|6ca01dcf3236aad6	canonical:"алънии" || page:"алънии"
алънии	алъньи|noun|d1f3fba9694212af	alternative:"алънии"
алъньи	алъньи|noun|d1f3fba9694212af	canonical:"алъньи" || page:"алъньи"
алъчьба	алъчьба|noun|bd774cba08c91c7b	canonical:"алъчьба" || page:"алъчьба"
алъчьнъ	алъчьнъ|adj|d3ccb2249c37b0d5	canonical:"алъчьнъ" || page:"алъчьнъ"
алєѯандръ	алеѯандръ|noun|b70362ca484a321f	alternative:"Алєѯандръ"
амбонъ	амбонъ|noun|d7e0596feb30e3d2	canonical:"амбонъ" || page:"амбонъ"
амемоурмнии	амемоурмнии|noun|1417c14382b2112f	canonical:"амемоурмнии" || page:"амемоурмнии"
амемоурмнии	амемоурмньи|noun|cea46faa9e7513ba	alternative:"амемоурмнии"
амемоурмнинъ	амемоурмнинъ|noun|f19ad82c0b07b859	canonical:"амемоурмнинъ" || page:"амемоурмнинъ"
амемоурмньи	амемоурмнии|noun|1417c14382b2112f	alternative:"амемоурмньи"
амемоурмньи	амемоурмньи|noun|cea46faa9e7513ba	canonical:"амемоурмньи" || page:"амемоурмньи"
анагностьство	анагностьство|noun|d8b67d3aa9afce1b	canonical:"анагностьство" || page:"анагностьство"
аналавъ	аналавъ|noun|d5ec938f9a10e054	canonical:"аналавъ" || page:"аналавъ"
ангелозрачьнъ	анг҄елозрачьнъ|adj|fb3be9eb600ea8c5	page:"ангелозрачьнъ"
ангелъ	анг҄елъ|noun|29fb628af75990d6	page:"ангелъ"
анг҄елозрачьнъ	анг҄елозрачьнъ|adj|fb3be9eb600ea8c5	canonical:"анг҄елозрачьнъ" || source-canonical:"анг҄елозрачьнъ"
анг҄елъ	анг҄елъ|noun|29fb628af75990d6	canonical:"анг҄елъ" || source-canonical:"анг҄елъ"
андреи	андреиъ|noun|1dbf40082ae51005	page:"Андреи"
андреиъ	андреиъ|noun|1dbf40082ae51005	canonical:"Андреиъ"
андрѣи	андреиъ|noun|1dbf40082ae51005	alternative:"Андрѣи"
антикрьстъ	антихрьстъ|noun|fc35c372b1e1770f	alternative:"антикрьстъ"
антихрьстъ	антихрьстъ|noun|fc35c372b1e1770f	canonical:"антихрьстъ" || page:"антихрьстъ"
анъг҄елъ	анг҄елъ|noun|29fb628af75990d6	alternative:"анъг҄елъ"
анъꙉелъ	анг҄елъ|noun|29fb628af75990d6	alternative:"анъꙉелъ"
ан҃г	анг҄елъ|noun|29fb628af75990d6	alternative:"ан҃г"
анꙉелъ	анг҄елъ|noun|29fb628af75990d6	alternative:"анꙉелъ"
апостолъ	апостолъ|noun|7586d44b73f85395	canonical:"апостолъ" || page:"апостолъ"
апостольво	апостольво|noun|526e949ba3dbad64	canonical:"апостольво"
апостольство	апостольво|noun|526e949ba3dbad64	page:"апостольство"
априль	април҄ь|noun|e3731fe50a153ea1	page:"априль"
април҄ь	април҄ь|noun|e3731fe50a153ea1	canonical:"април҄ь" || source-canonical:"април҄ь"
ареи	ареи|noun|4c00a8ba38d96aba	canonical:"Ареи" || page:"Ареи"
арисъ	арисъ|noun|3d8d63166d02d659	canonical:"Арисъ" || page:"Арисъ"
ароматъ	ароматъ|noun|700b01f15b41cabb	canonical:"ароматъ" || page:"ароматъ"
архангелъ	архангелъ|noun|c485b72d002bb304	canonical:"архангелъ" || page:"архангелъ"
архепискоупъ	архиепискоупъ|noun|6bf3dfbde7c95821	alternative:"архепискоупъ"
архиепископъ	архиепискоупъ|noun|6bf3dfbde7c95821	alternative:"архиепископъ"
архиепискоупъ	архиепискоупъ|noun|6bf3dfbde7c95821	canonical:"архиепискоупъ" || page:"архиепискоупъ"
архистратигъ	архистратигъ|noun|b07b204f89743349	canonical:"архистратигъ" || page:"архистратигъ"
архитриклинъ	архитриклинъ|noun|86faabfc16194710	canonical:"архитриклинъ" || page:"архитриклинъ"
архитриклинътъ	архитриклинъ|noun|86faabfc16194710	alternative:"архитриклинътъ"
ассарии	ассарии|noun|7f4f6dfbf0dd3ee3	canonical:"ассарии" || page:"ассарии"
асіꙗ	асіꙗ|noun|1e89b463907330c3	canonical:"Асіꙗ" || page:"Асіꙗ"
асѵрии	асѵрии|noun|fc4feeace5cdbb92	canonical:"асѵрии" || page:"асѵрии"
атанасии	аѳанасииъ|noun|70ab5a7b69a6b815	alternative:"Атанасии"
афедронъ	афедронъ|noun|50960eae985c9d66	canonical:"афедронъ" || page:"афедронъ"
афредъ	афедронъ|noun|50960eae985c9d66	alternative:"афредъ"
афріка	афріка|noun|1152f7922a791dd6	canonical:"Афріка" || page:"Афріка"
ащеръ	ащеръ|noun|0fd542962262d5d6	canonical:"ащеръ" || page:"ащеръ"
аѳанасии	аѳанасииъ|noun|70ab5a7b69a6b815	page:"Аѳанасии"
аѳанасииъ	аѳанасииъ|noun|70ab5a7b69a6b815	canonical:"Аѳанасииъ"
баба	баба|noun|0aad973e33a40639	canonical:"баба" || page:"баба"
багъръ	багъръ|noun|9d199d1ee0aa8f13	canonical:"багъръ" || page:"багъръ"
багърѣница	багърѣница|noun|0c39aa9857403346	canonical:"багърѣница" || page:"багърѣница"
балии	балии|noun|caab430f9dab4cd1	canonical:"балии" || page:"балии"
балии	бальи|noun|f8a4be70fb410f6a	alternative:"балии"
балованиѥ	балованиѥ|noun|0a036eea5c2c1754	canonical:"балованиѥ" || page:"балованиѥ"
баловати	баловати|verb|787d7296dd851d1b	canonical:"баловати" || page:"баловати"
бальи	балии|noun|caab430f9dab4cd1	alternative:"бальи"
бальи	бальи|noun|f8a4be70fb410f6a	canonical:"бальи" || page:"бальи"
бальство	бальство|noun|a9878cf699804bc9	canonical:"бальство" || page:"бальство"
банꙗ	банꙗ|noun|af21ac729b7a1f3d	canonical:"банꙗ" || page:"банꙗ"
баꙗниѥ	баꙗниѥ|noun|eeeaa1a26cce804a	canonical:"баꙗниѥ" || page:"баꙗниѥ"
баꙗти	баꙗти|verb|bdd8d483472158ef	canonical:"баꙗти" || page:"баꙗти"
бедра	бедра|noun|9c7a401f3b3a20ce	canonical:"бедра" || page:"бедра"
безблазьнъ	безблазьнъ|adj|7d90df45b0125863	canonical:"безблазьнъ" || page:"безблазьнъ"
безбожьникъ	безбожьникъ|noun|74c566b315dc67b7	canonical:"безбожьникъ" || page:"безбожьникъ"
безбожьѥ	безбожьѥ|noun|8368404d5b17c084	canonical:"безбожьѥ" || page:"безбожьѥ"
безградьникъ	безградьникъ|noun|b76d8fdc5366a5be	canonical:"безградьникъ" || page:"безградьникъ"
бездъждьѥ	бездъждьѥ|noun|991cde4b1942e6d9	canonical:"бездъждьѥ" || page:"бездъждьѥ"
бездъна	бездъна|noun|983c50987663a358	canonical:"бездъна" || page:"бездъна"
безлобиѥ	безлобьѥ|noun|21d4eaba326d5f2c	alternative:"безлобиѥ"
безлобьѥ	безлобьѥ|noun|21d4eaba326d5f2c	canonical:"безлобьѥ" || page:"безлобьѥ"
безмлъвиѥ	безмлъвиѥ|noun|7a45495dcffdb0ab	canonical:"безмлъвиѥ" || page:"безмлъвиѥ"
безмьздьникъ	безмьздьникъ|noun|5c2dd58a1936de0c	canonical:"безмьздьникъ" || page:"безмьздьникъ"
безмѣриѥ	безмѣриѥ|noun|21bdd21342f783cd	canonical:"безмѣриѥ" || page:"безмѣриѥ"
безнадеждьнъ	безнадеждьнъ|adj|29a536970a35b359	canonical:"безнадеждьнъ" || page:"безнадеждьнъ"
безоумьникъ	безоумьникъ|noun|6427270905911e7a	canonical:"безоумьникъ" || page:"безоумьникъ"
безоумьнъ	безоумьнъ|noun|1e9e4232cefa479b	canonical:"безоумьнъ" || page:"безоумьнъ"
безоумьѥ	безоумьѥ|noun|6626d4f255c23c15	canonical:"безоумьѥ" || page:"безоумьѥ"
безпоносьнъ	безпоносьнъ|adj|749ad4f14fc91129	canonical:"безпоносьнъ" || page:"безпоносьнъ"
бескръбьнъ	бескръбьнъ|adj|30b7efb84a91590b	canonical:"бескръбьнъ" || page:"бескръбьнъ"
беслъньнъ	беслъньнъ|adj|c0212fc27639b0ff	canonical:"беслъньнъ" || page:"беслъньнъ"
бесплътьнъ	бесплътьнъ|adj|61cfd80152cc36d9	canonical:"бесплътьнъ" || page:"бесплътьнъ"
бесрамъкъ	бесрамъкъ|noun|f2fed652481116d0	canonical:"бесрамъкъ" || page:"бесрамъкъ"
бестоудьникъ	бестоудьникъ|noun|e31ec9704b45da98	canonical:"бестоудьникъ" || page:"бестоудьникъ"
бестоудьць	бестоудьць|noun|fd2819325ad8b76d	canonical:"бестоудьць" || page:"бестоудьць"
бестьлѣнъ	бестьлѣнъ|adj|cca07bdc32cee105	canonical:"бестьлѣнъ" || page:"бестьлѣнъ"
бестьлѣньнъ	бестьлѣньнъ|adj|38df88583e00a431	canonical:"бестьлѣньнъ" || page:"бестьлѣньнъ"
бесхрамьникъ	бесхрамьникъ|noun|d6c07b75452e17a1	canonical:"бесхрамьникъ" || page:"бесхрамьникъ"
бесѣда	бесѣда|noun|ef18b6186463bda5	canonical:"бесѣда" || page:"бесѣда"
бесѣдовати	бесѣдовати|verb|fd6fd07d93f54141	canonical:"бесѣдовати" || page:"бесѣдовати"
бивати	бивати|verb|2133cc1d867c3627	canonical:"бивати" || page:"бивати"
бискоупъ	бискоупъ|noun|a02a3a06d8850eb7	canonical:"бискоупъ" || page:"бискоупъ"
бити	бити|verb|e7ab9d294e7bdbc4	canonical:"бити" || page:"бити"
бичь	бичь|noun|5f169c375a7c2ee8	canonical:"бичь" || page:"бичь"
биѥниѥ	биѥниѥ|noun|7459f8622557e232	canonical:"биѥниѥ" || page:"биѥниѥ"
благоволеньѥ	благоволеньѥ|noun|34025e06bff7b008	canonical:"благоволеньѥ" || page:"благоволеньѥ"
благовѣствованьѥ	благовѣствованьѥ|noun|4317b3ca84b45839	canonical:"благовѣствованьѥ" || page:"благовѣствованьѥ"
благовѣштати	благовѣштати|verb|3eba53a49012fdd0	canonical:"благовѣштати" || page:"благовѣштати"
благодавьць	благодавьць|noun|8ddcebfbc3bc42f4	canonical:"благодавьць" || page:"благодавьць"
благодарьствиѥ	благодарьствиѥ|noun|a11475ed465a4340	canonical:"благодарьствиѥ" || page:"благодарьствиѥ"
благодатьникъ	благодатьникъ|noun|51ebd34cd0989832	canonical:"благодатьникъ" || page:"благодатьникъ"
благодѣтель	благодѣтел҄ь|noun|9dcb97e14c0f4c90	page:"благодѣтель"
благодѣтел҄ь	благодѣтел҄ь|noun|9dcb97e14c0f4c90	canonical:"благодѣтел҄ь" || source-canonical:"благодѣтел҄ь"
благодѣть	благодѣть|noun|d9e0bfecf37daa9d	canonical:"благодѣть" || page:"благодѣть"
благожитиѥ	благожитиѥ|noun|f3206d84dd181289	canonical:"благожитиѥ" || page:"благожитиѥ"
благословениѥ	благословениѥ|noun|2461035a77ab026a	canonical:"благословениѥ" || page:"благословениѥ"
благословити	благословити|verb|62db93e6a3770a91	canonical:"благословити" || page:"благословити"
благость	благость|noun|8c98d3f4fd0cb8f1	canonical:"благость" || page:"благость"
благостꙑни	благостꙑн҄и|noun|ee8d0e78d8d31c8f	page:"благостꙑни"
благостꙑн҄и	благостꙑн҄и|noun|ee8d0e78d8d31c8f	canonical:"благостꙑн҄и" || source-canonical:"благостꙑн҄и"
благоѫханиѥ	благоѫханиѥ|noun|f8fb290e934bfcbf	canonical:"благоѫханиѥ" || page:"благоѫханиѥ"
благъ	благъ|adj|8cb72df1035b975f	canonical:"благъ" || page:"благъ"
блаженикъ	блаженикъ|noun|08fe98e6eab7e15c	canonical:"блаженикъ" || page:"блаженикъ"
блаженъ	блаженъ|adj|35918ee8acfd8424	canonical:"блаженъ" || page:"блаженъ"
блаженьство	блаженьство|noun|8c2bd532fc5f30c5	canonical:"блаженьство" || page:"блаженьство"
блажити	блажити|verb|4cf52a032983ed8f	canonical:"блажити" || page:"блажити"
блазна	блазна|noun|329763f1fa2fc8d9	canonical:"блазна" || page:"блазна"
блазнити	блазнити|verb|3e54e5d471162975	canonical:"блазнити" || page:"блазнити"
блазнъ	блазна|noun|329763f1fa2fc8d9	alternative:"блазнъ"
блато	блато|noun|4486cee168490c8a	canonical:"блато" || page:"блато"
блатьньскъ	блатьньскъ|adj|bd641e7f33ebe185	canonical:"блатьньскъ" || page:"блатьньскъ"
ближика	ближика|noun|bc1abb2e267bf386	canonical:"ближика" || page:"ближика"
близньць	близньць|noun|1e2250d09441ffc4	canonical:"близньць" || page:"близньць"
блискъ	блискъ|noun|dd1f3687ea540e76	canonical:"блискъ" || page:"блискъ"
блъгаринъ	блъгаринъ|noun|94c9dbd0dee474c5	canonical:"блъгаринъ" || page:"блъгаринъ"
бльвати	бльвати|verb|ea0262853fccb4aa	canonical:"бльвати" || page:"бльвати"
бльвотина	бл҄ьвотина|noun|51c55328a0ffe550	page:"бльвотина"
блюдо	блюдъ|noun|6cdfe51d294fd5fb	alternative:"блюдо"
блюдъ	блюдъ|noun|6cdfe51d294fd5fb	canonical:"блюдъ" || page:"блюдъ"
блюсти	блюсти|verb|34145a67a5b25134	canonical:"блюсти" || page:"блюсти"
блѣдъ	блѣдъ|adj|635ecf0a4aba7025	canonical:"блѣдъ" || page:"блѣдъ"
блѣдѣти	блѣдѣти|verb|8ce72b8ada6344a8	canonical:"блѣдѣти" || page:"блѣдѣти"
блѧдь	блѧдь|noun|3d26ddbb3a49c00d	canonical:"блѧдь" || page:"блѧдь"
блѧдь	блѧдь|noun|e03a93e35d948f85	canonical:"блѧдь" || page:"блѧдь"
блѧдьникъ	блѧдьникъ|noun|c9faba994471e984	canonical:"блѧдьникъ" || page:"блѧдьникъ"
блѧсти	блѧсти|verb|682dc9d2de7c8e1b	canonical:"блѧсти" || page:"блѧсти"
блѫдилище	блѫдилищѥ|noun|41e3b2e8113473cf	page:"блѫдилище"
блѫдилищѥ	блѫдилищѥ|noun|41e3b2e8113473cf	canonical:"блѫдилищѥ"
блѫдити	блѫдити|verb|19a15ec40076495d	canonical:"блѫдити" || page:"блѫдити"
блѫдъ	блѫдъ|noun|9faa600ffd86cfd7	canonical:"блѫдъ" || page:"блѫдъ"
блѫдьникъ	блѫдьникъ|noun|e7d2d0053500777f	canonical:"блѫдьникъ" || page:"блѫдьникъ"
блѫдьница	блѫдьница|noun|8829226d13433fd7	canonical:"блѫдьница" || page:"блѫдьница"
блѫдьничьство	блѫдьничьство|noun|49ccf3e728299409	canonical:"блѫдьничьство" || page:"блѫдьничьство"
блѫдьнъ	блѫдьнъ|adj|11bd355787120dff	canonical:"блѫдьнъ" || page:"блѫдьнъ"
бл҄ьвотина	бл҄ьвотина|noun|51c55328a0ffe550	canonical:"бл҄ьвотина" || source-canonical:"бл҄ьвотина"
богатъ	богатъ|adj|bfad9b6766b803ad	canonical:"богатъ" || page:"богатъ"
богатьствиѥ	богатьствиѥ|noun|4681edc9516cce04	canonical:"богатьствиѥ" || page:"богатьствиѥ"
богатьство	богатьство|noun|31094b20bdff79f8	canonical:"богатьство" || page:"богатьство"
богоборьць	богоборьць|noun|2b3e57ff6b6302af	canonical:"богоборьць" || page:"богоборьць"
боговидьць	боговидьць|noun|cfc0406a90a1b0e5	canonical:"боговидьць" || page:"боговидьць"
боголюбьць	боголюбьць|noun|3935789961035502	canonical:"боголюбьць" || page:"боголюбьць"
богоносьцъ	богоносьцъ|noun|f28aaec83cfa3d45	canonical:"богоносьцъ"
богоносьць	богоносьцъ|noun|f28aaec83cfa3d45	page:"богоносьць"
богосварьникъ	богосварьникъ|noun|32357bec8b48fe14	canonical:"богосварьникъ" || page:"богосварьникъ"
богословьць	богословьць|noun|6669b43731341787	canonical:"богословьць" || page:"богословьць"
богочьтьць	богочьтьць|noun|e2c408bff4361bb2	canonical:"богочьтьць" || page:"богочьтьць"
богъ	богъ|noun|546877f9dff800e2	canonical:"богъ" || page:"богъ"
богꙑни	богꙑн҄и|noun|fc536e8a351eb89b	page:"богꙑни"
богꙑн҄и	богꙑн҄и|noun|fc536e8a351eb89b	canonical:"богꙑн҄и" || source-canonical:"богꙑн҄и"
божьство	божьство|noun|53b8a55c786eaab7	canonical:"божьство" || page:"божьство"
боль	боль|noun|661b793a6b518605	canonical:"боль" || page:"боль"
боль	боль|noun|e08d47c66937e83d	canonical:"боль" || page:"боль"
больнъ	больнъ|adj|e5ed2cf91c17e3e5	canonical:"больнъ" || page:"больнъ"
болѣзнь	болѣзнь|noun|f9f2e7e7b4f11bc5	canonical:"болѣзнь" || page:"болѣзнь"
болѣзньнъ	болѣзньнъ|adj|a0a28772e8e1f163	canonical:"болѣзньнъ" || page:"болѣзньнъ"
болѣти	болѣти|verb|aff3549c219bfe6a	canonical:"болѣти" || page:"болѣти"
болꙗринъ	болꙗринъ|noun|5b6cf01ec8d25e8d	canonical:"болꙗринъ" || page:"болꙗринъ"
борьць	борьць|noun|a776e29756c7f856	canonical:"борьць" || page:"борьць"
бости	бости|verb|471f0f4e6752f08b	canonical:"бости" || page:"бости"
боудити	боудити|verb|c9838d5d49e4679d	canonical:"боудити" || page:"боудити"
боуи	боуи|adj|a19f2c93947528ec	canonical:"боуи" || page:"боуи"
боуиство	боуиство|noun|055d855b5007533b	canonical:"боуиство" || page:"боуиство"
боукарь	боукарь|noun|1e059bfe29cddb10	canonical:"боукарь" || page:"боукарь"
боукꙑ	боукꙑ|noun|2fef12ead82481ae	canonical:"боукꙑ" || page:"боукꙑ"
боурꙗ	боурꙗ|noun|ff60b18ae4e141a5	canonical:"боурꙗ" || page:"боурꙗ"
боуѥсть	боуѥсть|noun|073bf75ab10705cf	canonical:"боуѥсть" || page:"боуѥсть"
боꙗзнь	боꙗзнь|noun|cdc21a331be02933	canonical:"боꙗзнь" || page:"боꙗзнь"
боꙗти	боꙗти|verb|3974889d746ba3bb	canonical:"боꙗти" || page:"боꙗти"
брада	брада|noun|5d879cb5d057f85d	canonical:"брада" || page:"брада"
брадꙑ	брадꙑ|noun|3426004592e1f508	canonical:"брадꙑ" || page:"брадꙑ"
бразда	бразда|noun|363ac4f2a339f7c6	canonical:"бразда" || page:"бразда"
бракъ	бракъ|noun|7c0e93ecafd25281	canonical:"бракъ" || page:"бракъ"
брань	брань|noun|4c88e21d6e2c59f7	canonical:"брань" || page:"брань"
братиꙗ	братиꙗ|noun|7c598bdda776ef22	canonical:"братиꙗ" || page:"братиꙗ"
братолюбьствиѥ	братолюбьствиѥ|noun|f090afd7e15f7659	canonical:"братолюбьствиѥ" || page:"братолюбьствиѥ"
братолюбьство	братолюбьство|noun|f4a092bce6d1fb9d	canonical:"братолюбьство" || page:"братолюбьство"
братоненавидьникъ	братоненавидьникъ|noun|d1e52260c8adb797	canonical:"братоненавидьникъ" || page:"братоненавидьникъ"
братоучѧдъ	братоучѧдъ|noun|1e4cf4e51ba88ea2	canonical:"братоучѧдъ" || page:"братоучѧдъ"
братриꙗ	братрьꙗ|noun|21602371cf34c3e3	alternative:"братриꙗ"
братрьство	братрьство|noun|62c4700d91680569	canonical:"братрьство" || page:"братрьство"
братрьꙗ	братрьꙗ|noun|21602371cf34c3e3	canonical:"братрьꙗ" || page:"братрьꙗ"
братъ	братъ|noun|8a09ef50fdd7ca36	canonical:"братъ" || page:"братъ"
братьꙗ	братрьꙗ|noun|21602371cf34c3e3	alternative:"братьꙗ"
брашьно	брашьно|noun|62f6a1340e00f8a9	canonical:"брашьно" || page:"брашьно"
брашьньце	брашьньце|noun|1e40bfc7555c59ef	canonical:"брашьньце" || page:"брашьньце"
бритва	бритва|noun|fc768d4c0337d6ea	canonical:"бритва" || page:"бритва"
бръзда	бръзда|noun|9338d49e8f730a68	canonical:"бръзда" || page:"бръзда"
бръна	брьна|noun|1f8e4cc7d5b28253	alternative:"бръна"
брънѩ	брънѩ|noun|00934e16b425711c	canonical:"брънѩ" || page:"брънѩ"
бръселиѥ	бръселиѥ|noun|60abe9e918be9625	canonical:"бръселиѥ" || page:"бръселиѥ"
брьвьно	брьвьно|noun|5a381d2cddd8121d	canonical:"брьвьно" || page:"брьвьно"
брьна	брьна|noun|1f8e4cc7d5b28253	canonical:"брьна" || page:"брьна"
брьниѥ	брьниѥ|noun|8f06243e11750f6f	canonical:"брьниѥ" || page:"брьниѥ"
брѣгъ	брѣгъ|noun|a1939a0059ca7b2f	canonical:"брѣгъ" || page:"брѣгъ"
брѣзьнъ	брѣзьнъ|noun|067c4c3f6c1058a0	canonical:"брѣзьнъ" || page:"брѣзьнъ"
брѣмѧ	брѣмѧ|noun|108c06c9fa1f6105	canonical:"брѣмѧ" || page:"брѣмѧ"
брѣшти	брѣщи|verb|18e4eccff91f9d6a	alternative:"брѣшти"
брѣщи	брѣщи|verb|18e4eccff91f9d6a	canonical:"брѣщи" || page:"брѣщи"
брꙑсало	брꙑсало|noun|7cfb25e8611dd941	canonical:"брꙑсало" || page:"брꙑсало"
бъдрость	бъдрость|noun|25c8b1a382337ddd	canonical:"бъдрость" || page:"бъдрость"
бъдръ	бъдръ|adj|8f06d06048b9f4ab	canonical:"бъдръ" || page:"бъдръ"
бъдрьливъ	бъдрьливъ|adj|8c6eb4cb2e424a2d	canonical:"бъдрьливъ" || page:"бъдрьливъ"
бъдѣти	бъдѣти|verb|5e422908d6eeb0c7	canonical:"бъдѣти" || page:"бъдѣти"
бъчела	бъчела|noun|ffabd68297945892	canonical:"бъчела" || page:"бъчела"
бъчела	бьчела|noun|d80772b1e40661df	alternative:"бъчела"
былие	бꙑльѥ|noun|5b7490b837d80aa8	alternative:"былие"
бьрати	бьрати|verb|1f9a06227cfef37b	canonical:"бьрати" || page:"бьрати"
бьчела	бъчела|noun|ffabd68297945892	alternative:"бьчела"
бьчела	бьчела|noun|d80772b1e40661df	canonical:"бьчела" || page:"бьчела"
бѣгати	бѣгати|verb|915034dc9ee006e5	canonical:"бѣгати" || page:"бѣгати"
бѣда	бѣда|noun|7bab1cd728646c32	canonical:"бѣда" || page:"бѣда"
бѣдити	бѣдити|verb|dee6e9424fb7b445	canonical:"бѣдити" || page:"бѣдити"
бѣжаниѥ	бѣжаниѥ|noun|c4ddb2c39b1d6771	canonical:"бѣжаниѥ" || page:"бѣжаниѥ"
бѣжати	бѣжати|verb|0dc46491ecb5e8bc	canonical:"бѣжати" || page:"бѣжати"
бѣлоризьць	бѣлоризьць|noun|3bbf80acf2f8e04a	canonical:"бѣлоризьць" || page:"бѣлоризьць"
бѣлость	бѣлость|noun|948999420fd3f323	canonical:"бѣлость" || page:"бѣлость"
бѣлъ	бѣлъ|adj|057a9797a5393857	canonical:"бѣлъ" || page:"бѣлъ"
бѣльць	бѣльць|noun|30d7c4468de935e6	canonical:"бѣльць" || page:"бѣльць"
бѣство	бѣство|noun|7d7ea30a411ec0f8	canonical:"бѣство" || page:"бѣство"
бѣсъ	бѣсъ|noun|a271434ad851c9cb	canonical:"бѣсъ" || page:"бѣсъ"
бꙑвати	бꙑвати|verb|2ecbe0610b096d87	canonical:"бꙑвати" || page:"бꙑвати"
бꙑкъ	бꙑкъ|noun|14342f684b0e6147	canonical:"бꙑкъ" || page:"бꙑкъ"
бꙑльѥ	бꙑльѥ|noun|5b7490b837d80aa8	canonical:"бꙑльѥ" || page:"бꙑльѥ"
бꙑстръ	бꙑстръ|adj|a199198a68b7fdae	canonical:"бꙑстръ" || page:"бꙑстръ"
бꙑти	бꙑти|verb|c739d1df73baf00b	canonical:"бꙑти" || page:"бꙑти"
бꙑтиѥ	бꙑтиѥ|noun|523fb4aa2443f69b	canonical:"бꙑтиѥ" || page:"бꙑтиѥ"
бꙑтьѥ	бꙑтиѥ|noun|523fb4aa2443f69b	alternative:"бꙑтьѥ"
ва	ва|pron|261bf7f1623b7217	canonical:"ва" || page:"ва"
вавилоньскъ	вавилоньскъ|adj|69d94e7142eaa48b	canonical:"вавилоньскъ" || page:"вавилоньскъ"
вадити	вадити|verb|0277d32c8decf9ca	canonical:"вадити" || page:"вадити"
вапа	вапа|noun|f5cf938d32ab7600	canonical:"вапа" || page:"вапа"
варꙗти	варꙗти|verb|257627b9087f5079	canonical:"варꙗти" || page:"варꙗти"
вашь	вашь|pron|2d1ab7b366d69c74	canonical:"вашь" || page:"вашь"
ваю	ваю|pron|64713463dc877b21	canonical:"ваю" || page:"ваю"
ваꙗти	ваꙗти|verb|518be78c328518c2	canonical:"ваꙗти" || page:"ваꙗти"
вдодъ	въбдъ|noun|3d1f490399eb2c75	alternative:"вдодъ"
ведро	ведро|noun|b88021522d207319	canonical:"ведро" || page:"ведро"
велии	велии|adj|76e2589d0fec9d05	canonical:"велии"
велииство	велииство|noun|c530c94609f6eca3	canonical:"велииство" || page:"велииство"
великота	великота|noun|d0cd0f3f9cd46969	canonical:"великота" || page:"великота"
великъ	великъ|adj|c3286e599b4f4ed4	canonical:"великъ" || page:"великъ"
величиѥ	величиѥ|noun|1756392be4960b0b	canonical:"величиѥ" || page:"величиѥ"
величьствиѥ	величьствиѥ|noun|079cf598530ccacb	canonical:"величьствиѥ" || page:"величьствиѥ"
величьство	величьство|noun|f8f023a869998fb7	canonical:"величьство" || page:"величьство"
велиѥꙗдъ	велиѥꙗдъ|noun|7ae6cc0de8fd86f7	canonical:"велиѥꙗдъ" || page:"велиѥꙗдъ"
вель	велии|adj|76e2589d0fec9d05	page:"вель"
вельбѫдъ	вельбѫдъ|noun|c44d43f8b2637c57	canonical:"вельбѫдъ" || page:"вельбѫдъ"
вельможа	вельможа|noun|c924ee38bc343e18	canonical:"вельможа" || page:"вельможа"
велѣти	велѣти|verb|d3e8877ec0e775f2	canonical:"велѣти" || page:"велѣти"
вепрь	вепрь|noun|37c441171d9caff9	canonical:"вепрь" || page:"вепрь"
верѣꙗ	верѣꙗ|noun|ac72861399c0a174	canonical:"верѣꙗ" || page:"верѣꙗ"
веселити	веселити|verb|ce118482ae193276	canonical:"веселити" || page:"веселити"
веселъ	веселъ|adj|20d2cb15e45f06b5	canonical:"веселъ" || page:"веселъ"
весло	весло|noun|bf8e95c048c72a56	canonical:"весло" || page:"весло"
весна	весна|noun|0a8d590d67296090	canonical:"весна" || page:"весна"
вести	вести|verb|0590b8fe8b892ebf	canonical:"вести" || page:"вести"
вести	вести|verb|f675b812d82563b5	canonical:"вести" || page:"вести"
весь	вьсь|adj|215f53b5ed4302a8	alternative:"весь"
весь	вьсь|noun|8de699271bd799a9	alternative:"весь"
ветъхъ	ветъхъ|adj|c92d33416a5015ab	canonical:"ветъхъ" || page:"ветъхъ"
вечеръ	вечеръ|noun|4355416b5f7abe0f	canonical:"вечеръ" || page:"вечеръ"
вечерьница	вечерьница|noun|d990eca582045cef	canonical:"Вечерьница" || page:"Вечерьница"
вещь	вещь|noun|706352805e114923	canonical:"вещь" || page:"вещь"
вещьство	вещьство|noun|4042de2422e5b82c	canonical:"вещьство" || page:"вещьство"
взыити	възити|verb|b9cb886b0882d7df	alternative:"взыити"
взыти	възити|verb|b9cb886b0882d7df	alternative:"взыти"
вивлиотикарь	вивлиотикарь|noun|3b93df53773b6aaa	canonical:"вивлиотикарь" || page:"вивлиотикарь"
вивлотикарь	вивлиотикарь|noun|3b93df53773b6aaa	alternative:"вивлотикарь"
видимъ	видимъ|adj|d44f6fc93d47d6f9	canonical:"видимъ" || page:"видимъ"
видомъ	видомъ|adj|5a3b9d555c063ced	canonical:"видомъ" || page:"видомъ"
видъ	видъ|noun|ecd6e4aa926cba98	canonical:"видъ" || page:"видъ"
видьць	видьць|noun|0f0cff8b21c060ac	canonical:"видьць" || page:"видьць"
видѣти	видѣти|verb|708995acf618d2f5	canonical:"видѣти" || page:"видѣти"
вина	вина|noun|194bab2794283dd8	canonical:"вина" || page:"вина"
винарь	винарь|noun|9c6a14b12621d301	canonical:"винарь" || page:"винарь"
вино	вино|noun|9946ce45b3bdb440	canonical:"вино" || page:"вино"
виноградъ	виноградъ|noun|e7c4f804f9d09c20	canonical:"виноградъ" || page:"виноградъ"
виньникъ	виньникъ|noun|527c5d1ca5b720e2	canonical:"виньникъ" || page:"виньникъ"
висѣти	висѣти|verb|334fd275e3615320	canonical:"висѣти" || page:"висѣти"
витати	витати|verb|8ef433574eec1de1	canonical:"витати" || page:"витати"
вихъръ	вихъръ|noun|8fca898b4a992f3a	canonical:"вихъръ" || page:"вихъръ"
влага	влага|noun|9ee5d333d378ae4c	canonical:"влага" || page:"влага"
владати	владати|verb|1a32f339b2a7c4c9	canonical:"владати" || page:"владати"
владати	владѣти|verb|55b5e1ce892d95eb	alternative:"владати"
владычица	владычица|noun|b7c959ede743ead0	canonical:"владычица"
владѣти	владѣти|verb|55b5e1ce892d95eb	canonical:"владѣти" || page:"владѣти"
владꙑка	владꙑка|noun|7c7bbcfae2d311a4	canonical:"владꙑка" || page:"владꙑка"
владꙑчица	владычица|noun|b7c959ede743ead0	page:"владꙑчица"
владꙑчьствиѥ	владꙑчьствиѥ|noun|ab3626acc06c2f0a	canonical:"владꙑчьствиѥ" || page:"владꙑчьствиѥ"
владꙑчьство	владꙑчьство|noun|559c1d17c4394046	canonical:"владꙑчьство" || page:"владꙑчьство"
власвимисати	власвимисати|verb|641e89d4c91f608a	canonical:"власвимисати" || page:"власвимисати"
власвимиꙗ	власвимиꙗ|noun|b60d3e95bbcce0d3	canonical:"власвимиꙗ" || page:"власвимиꙗ"
властель	властел҄ь|noun|5c084c955377d883	page:"властель"
властел҄ь	властел҄ь|noun|5c084c955377d883	canonical:"властел҄ь" || source-canonical:"властел҄ь"
власти	власти|verb|98b89ec2a120cb54	canonical:"власти" || page:"власти"
власть	власть|noun|46e5e8607f2d22bd	canonical:"власть" || page:"власть"
власфимисати	власвимисати|verb|641e89d4c91f608a	alternative:"власфимисати"
власъ	власъ|noun|effad8669f50ede2	canonical:"власъ" || page:"власъ"
власѣнъ	власѣнъ|adj|7f4d648de7bc3e69	canonical:"власѣнъ" || page:"власѣнъ"
влахъ	влахъ|noun|1125806ffaa5b274	canonical:"влахъ" || page:"влахъ"
влъкъ	влькъ|noun|e03019cf3c009766	alternative:"влъкъ"
влънениѥ	вльнѥниѥ|noun|a017a8625825550f	page:"влънениѥ"
влъснѫти	влъснѫти|verb|c61082a756a00a48	canonical:"влъснѫти" || page:"влъснѫти"
влъхвъ	влъхвъ|noun|d14f094cc041f160	canonical:"влъхвъ" || page:"влъхвъ" || source-canonical:"влъхвъ"
влъчьць	влъчьць|noun|22b017d106e5b3ce	canonical:"влъчьць" || page:"влъчьць"
влъшьба	влъшьба|noun|53a52f7ea952b8c6	canonical:"влъшьба" || page:"влъшьба"
влъшьствиѥ	влъшьствиѥ|noun|eba6c081ab2090b1	canonical:"влъшьствиѥ" || page:"влъшьствиѥ"
влъшьство	влъшьство|noun|786527d54467807f	canonical:"влъшьство" || page:"влъшьство"
влькъ	влькъ|noun|e03019cf3c009766	canonical:"влькъ" || page:"влькъ"
вльнѥниѥ	вльнѥниѥ|noun|a017a8625825550f	canonical:"вльнѥниѥ"
вльчьць	вльчьць|noun|215eb2141b47301d	canonical:"вльчьць" || page:"вльчьць"
влѣщи	влѣщи|verb|fa82823269b55944	canonical:"влѣщи" || page:"влѣщи"
вода	вода|noun|f5dab839ac7f4661	canonical:"вода" || page:"вода"
водити	водити|verb|a52d3e708985e520	canonical:"водити" || page:"водити"
водонось	водонось|noun|bbecf7f538a69aaf	canonical:"водонось" || page:"водонось"
водьнъ	водьнъ|adj|9837ce6a05c4e64d	canonical:"водьнъ" || page:"водьнъ"
вождь	вождь|noun|0e447114993e6e6d	canonical:"вождь" || page:"вождь"
возити	возити|verb|e581075dca8361f7	canonical:"возити" || page:"возити"
возъ	возъ|noun|096ce552b062db3d	canonical:"возъ" || page:"возъ"
воина	воина|noun|f471d980d0df75a9	canonical:"воина" || page:"воина"
воинъ	воинъ|noun|e255f4d80f65b1a1	canonical:"воинъ" || page:"воинъ"
воиньство	воиньство|noun|f3dfe2bee4430b27	canonical:"воиньство" || page:"воиньство"
волъ	волъ|noun|bc8068d9b7d6e40b	canonical:"волъ" || page:"волъ"
вол҄ꙗ	вол҄ꙗ|noun|3e862d6c7eed6509	canonical:"вол҄ꙗ"
волꙗ	вол҄ꙗ|noun|3e862d6c7eed6509	page:"волꙗ"
вонꙗти	вонꙗти|verb|32c768739793d44f	canonical:"вонꙗти" || page:"вонꙗти"
воскъ	воскъ|noun|8a1d20145278486c	canonical:"воскъ" || page:"воскъ"
воурилъ	воурилъ|noun|6175cd2407e17229	canonical:"воурилъ" || page:"воурилъ"
вощага	вощага|noun|4dbaa8a7b4ddc1c6	canonical:"вощага" || page:"вощага"
воѥвати	воѥвати|verb|636566e2c0682927	canonical:"воѥвати" || page:"воѥвати"
воѥвода	воѥвода|noun|f2ce8715955b63ae	canonical:"воѥвода" || page:"воѥвода"
воѥводьство	воѥводьство|noun|51650ead6d1494f9	canonical:"воѥводьство" || page:"воѥводьство"
врабии	врабии|noun|93b7eb61f49564b5	canonical:"врабии" || page:"врабии"
вравиꙗ	вравиꙗ|noun|52e512a386100904	canonical:"вравиꙗ" || page:"вравиꙗ"
врагъ	врагъ|noun|8eb04918f509af0b	canonical:"врагъ" || page:"врагъ"
вражениѥ	вражениѥ|noun|c62264dfa7cd6f42	canonical:"вражениѥ" || page:"вражениѥ"
вражьда	вражьда|noun|76157e5cdc05e4bb	canonical:"вражьда" || page:"вражьда"
вранъ	вранъ|noun|a1b3ef462bee2d4e	canonical:"вранъ" || page:"вранъ"
враска	враска|noun|1dbc566421469376	canonical:"враска" || page:"враска"
врата	врата|noun|787fbd79651b90a1	canonical:"врата" || page:"врата"
вратарь	вратарь|noun|ab9dfcdbfbdbf830	canonical:"вратарь" || page:"вратарь"
вратити	вратити|verb|32b39b7c3643fc32	canonical:"вратити" || page:"вратити"
вратъ	вратъ|noun|bcd9828e53ad0030	canonical:"вратъ" || page:"вратъ"
вратъкъ	вратъкъ|adj|aa56797946a320b7	canonical:"вратъкъ" || page:"вратъкъ"
вратьникъ	вратьникъ|noun|51c5ae00d84f53e4	canonical:"вратьникъ" || page:"вратьникъ"
врачь	врачь|noun|1c0cf773835f177c	canonical:"врачь" || page:"врачь"
врачьба	врачьба|noun|0b4293a82f4a0922	canonical:"врачьба" || page:"врачьба"
връзѣꙗ	връзѣꙗ|noun|9a73987774d4d12c	canonical:"връзѣꙗ" || page:"връзѣꙗ"
връста	връста|noun|15d50b9f9a541f2c	canonical:"връста" || page:"връста"
врътъ	врътъ|noun|bba301b3775c759e	canonical:"врътъ" || page:"врътъ"
врътъпъ	врьтьпъ|noun|a073c296b21c7b92	page:"врътъпъ"
врьбиѥ	врьбиѥ|noun|9db00c9be7217b7e	canonical:"врьбиѥ" || page:"врьбиѥ"
врьвь	врьвь|noun|3e35a0ea89b4d9a1	canonical:"врьвь" || page:"врьвь"
врьгнѫти	врьгнѫти|verb|d9bf612043d46030	canonical:"врьгнѫти" || page:"врьгнѫти"
врьста	врьста|noun|206509d47908e8e9	canonical:"врьста" || page:"врьста"
врьтоградарь	врьтоградарь|noun|b9c56f8a832ffc76	canonical:"врьтоградарь" || page:"врьтоградарь"
врьтоградъ	врьтоградъ|noun|9f4cd0e96d00f280	canonical:"врьтоградъ" || page:"врьтоградъ"
врьтъ	врътъ|noun|bba301b3775c759e	alternative:"врьтъ"
врьтьпъ	врьтьпъ|noun|a073c296b21c7b92	canonical:"врьтьпъ"
врьтѣти	врьтѣти|verb|310036283f9d2e78	canonical:"врьтѣти" || page:"врьтѣти"
врьхъ	врьхъ|noun|f16c51d3eba3dad8	canonical:"врьхъ" || page:"врьхъ"
врѣдити	врѣдити|verb|e06e2b99c537c0d7	canonical:"врѣдити" || page:"врѣдити"
врѣдъ	врѣдъ|noun|5f07212fdaca93ab	canonical:"врѣдъ" || page:"врѣдъ"
врѣменьнъ	врѣменьнъ|adj|13f8a913161933fd	canonical:"врѣменьнъ" || page:"врѣменьнъ"
врѣмѧ	врѣмѧ|noun|8be9583e9a2b7dac	canonical:"врѣмѧ" || page:"врѣмѧ"
врѣтено	врѣтено|noun|0461c95ed09f3db4	canonical:"врѣтено" || page:"врѣтено"
врѣтище	врѣтище|noun|25c7be7beca7b032	canonical:"врѣтище" || page:"врѣтище"
врѣшти	врѣщи|verb|def2e5b3394b51d1	alternative:"врѣшти"
врѣщи	врѣщи|verb|def2e5b3394b51d1	canonical:"врѣщи" || page:"врѣщи"
въбдъ	въбдъ|noun|3d1f490399eb2c75	canonical:"въбдъ" || page:"въбдъ"
въвадити	въвадити|verb|2bad3e293730d57b	canonical:"въвадити" || page:"въвадити"
въвлѣщи	въвлѣщи|verb|1bb7981664dbb6f9	canonical:"въвлѣщи" || page:"въвлѣщи"
въврѣти	въврѣти|verb|b60326bc73cf6934	canonical:"въврѣти" || page:"въврѣти"
въврѣщи	въврѣщи|verb|6d5ed390b57b706c	canonical:"въврѣщи" || page:"въврѣщи"
въдова	въдова|noun|332c1728f2c01150	canonical:"въдова" || page:"въдова"
въдовица	въдовица|noun|9ce061399fae2d54	canonical:"въдовица" || page:"въдовица"
въжаганиѥ	въжаганиѥ|noun|d0ff7f84dff81d67	canonical:"въжаганиѥ" || page:"въжаганиѥ"
възбоудити	възбоудити|verb|b936d1c26762ef55	canonical:"възбоудити" || page:"възбоудити"
възварити	възварити|verb|70f5d1e4c90f44a7	canonical:"възварити" || page:"възварити"
възвитиѥ	възвитиѥ|noun|a5be31bbf7e9370c	canonical:"възвитиѥ" || page:"възвитиѥ"
възвить	възвить|noun|96f8297b0eab8d33	canonical:"възвить" || page:"възвить"
възвратити	възвратити|verb|c3302d7f735073a8	canonical:"възвратити" || page:"възвратити"
възгорѣти	възгорѣти|verb|330d104790de7dd9	canonical:"възгорѣти" || page:"възгорѣти"
въздвигъ	въздвигъ|noun|4e7274685e7da095	canonical:"въздвигъ" || page:"въздвигъ"
въздоухъ	въздоухъ|noun|000146c24d2fa4c9	canonical:"въздоухъ" || page:"въздоухъ"
въздрастъ	въздрастъ|noun|b9874c2bb0357bed	canonical:"въздрастъ" || page:"въздрастъ"
възимати	възьмати|verb|5ff5ff1b55f2f058	alternative:"възимати"
възирати	възирати|verb|675e8d70ec399545	canonical:"възирати" || page:"възирати"
възити	възити|verb|b9cb886b0882d7df	canonical:"възити" || page:"възити"
възлюбити	възлюбити|verb|25ce4ba35409d8c4	canonical:"възлюбити" || page:"възлюбити"
възмѫтити	възмѫтити|verb|d070459b1fa6311b	canonical:"възмѫтити" || page:"възмѫтити"
възмѫщеньѥ	възмѫщеньѥ|noun|470d7cf81122c8fd	canonical:"възмѫщеньѥ" || page:"възмѫщеньѥ"
възнесениѥ	възнесениѥ|noun|b9b38cb96794ee19	canonical:"възнесениѥ" || page:"възнесениѥ"
възнести	възнести|verb|83e5676143dc7655	canonical:"възнести" || page:"възнести"
възоръ	възоръ|noun|7e25729049472a0d	canonical:"възоръ" || page:"възоръ"
възрастъ	въздрастъ|noun|b9874c2bb0357bed	alternative:"възрастъ"
възьмати	възьмати|verb|5ff5ff1b55f2f058	canonical:"възьмати" || page:"възьмати"
възѧти	възѧти|verb|5af484a4a4a284a6	canonical:"възѧти" || page:"възѧти"
въи	вꙑ|pron|c6978a2655d73e93	alternative:"въи"
въкоусити	въкоусити|verb|4dc5a0b096bacf77	canonical:"въкоусити" || page:"въкоусити"
въкоусъ	въкоусъ|noun|c065c7f6f284e7af	canonical:"въкоусъ" || page:"въкоусъ"
вълагалище	вълагалище|noun|844bf5b97f786952	canonical:"вълагалище" || page:"вълагалище"
вълагати	вълагати|verb|da2a7a6e7aa48bb0	canonical:"вълагати" || page:"вълагати"
вълазъ	вълазъ|noun|ac14174c7f93a4ff	canonical:"вълазъ" || page:"вълазъ"
вълкъ	влькъ|noun|e03019cf3c009766	alternative:"вълкъ"
въловьнъ	въловьнъ|adj|2cccaa9d7170228f	canonical:"въловьнъ" || page:"въловьнъ"
вълѣсти	вълѣсти|verb|d61ff28ce23e4584	canonical:"вълѣсти" || page:"вълѣсти"
вънимати	вънимати|verb|b1f769d028ab0815	canonical:"вънимати" || page:"вънимати"
вънити	вънити|verb|bfa515486121ffd3	canonical:"вънити" || page:"вънити"
въпити	въпити|verb|03acbd9550cdc15b	canonical:"въпити" || page:"въпити"
въпль	въпль|noun|cf478996d915a398	canonical:"въпль" || page:"въпль"
въпрашати	въпрашати|verb|32f497bc96ae6aa0	canonical:"въпрашати" || page:"въпрашати"
въпросити	въпросити|verb|6d523149814f8984	canonical:"въпросити" || page:"въпросити"
въпросъ	въпросъ|noun|3c810819c384ef2e	canonical:"въпросъ" || page:"въпросъ"
въринѫти	въринѫти|verb|3c4b9d0a2ab47326	canonical:"въринѫти" || page:"въринѫти"
върѣснити	върѣснити|verb|313648ac82814db7	canonical:"върѣснити" || page:"върѣснити"
въселити	въселити|verb|a67b88b581736708	canonical:"въселити" || page:"въселити"
въселѥнаꙗ	въселѥнаꙗ|noun|be272afaeda517df	canonical:"въселѥнаꙗ" || page:"въселѥнаꙗ"
въселѥнъ	въселѥнъ|adj|b42d3a70d1af9a89	canonical:"въселѥнъ" || page:"въселѥнъ"
въскакати	въскакати|verb|0310c217c0cc7d8f	canonical:"въскакати" || page:"въскакати"
въскрьснѫти	въскрьснѫти|verb|b1da56eb7057aa47	canonical:"въскрьснѫти" || page:"въскрьснѫти"
въсприимати	въсприимати|verb|af7d05f336f0828a	canonical:"въсприимати" || page:"въсприимати"
въсприѧти	въсприѩти|verb|eb6795f6e2abe20c	alternative:"въсприѧти"
въсприѩти	въсприѩти|verb|eb6795f6e2abe20c	canonical:"въсприѩти" || page:"въсприѩти"
въспросити	въспросити|verb|94b3c9d5c41b251b	canonical:"въспросити" || page:"въспросити"
въспрѧнѫти	въспрѧнѫти|verb|447c4e89a02b8716	canonical:"въспрѧнѫти" || page:"въспрѧнѫти"
въстати	въстати|verb|7033703de0d17343	canonical:"въстати" || page:"въстати"
въстокъ	въстокъ|noun|4e8fbd405e279a46	canonical:"въстокъ" || page:"въстокъ"
въсхотѣти	въсхотѣти|verb|c79d543606315e5b	canonical:"въсхотѣти" || page:"въсхотѣти"
въсхꙑтати	въсхꙑтати|verb|23bfc77480f75add	canonical:"въсхꙑтати" || page:"въсхꙑтати"
въсѫдъ	въсѫдъ|noun|72c221ef0d9ab53d	canonical:"въсѫдъ" || page:"въсѫдъ"
въсꙑнѥниѥ	въсꙑнѥниѥ|noun|92c0898f5bb19e8c	canonical:"въсꙑнѥниѥ" || page:"въсꙑнѥниѥ"
въторъкъ	въторъкъ|noun|f382d6a8445d0f92	canonical:"въторъкъ" || page:"въторъкъ"
въходъ	въходъ|noun|964ee0f251001e17	canonical:"въходъ" || page:"въходъ"
въхꙑщьникъ	въхꙑщьникъ|noun|0e8381d0bdeafa1e	canonical:"въхꙑщьникъ" || page:"въхꙑщьникъ"
въчѧти	въчѧти|verb|a6c6e39b20868142	canonical:"въчѧти" || page:"въчѧти"
въшь	въшь|noun|d126ebf31aa14731	canonical:"въшь" || page:"въшь"
вьрзати	вьрзати|verb|e105081606485eb1	canonical:"вьрзати" || page:"вьрзати"
вьрѣти	вьрѣти|verb|791ba1f1535e520c	canonical:"вьрѣти" || page:"вьрѣти"
вьсакъ	вьсѣкъ|pron|86e8d3fb48455695	alternative:"вьсакъ"
вьседрьжитель	вьседрьжитель|noun|47aeaaf174b7d5c5	canonical:"вьседрьжитель" || page:"вьседрьжитель"
вьсемогъ	вьсемогъ|adj|e18b6c4f7364a0c6	canonical:"вьсемогъ"
вьсемогꙑ	вьсемогъ|adj|e18b6c4f7364a0c6	page:"вьсемогꙑ"
вьстьщити	вьстьщити|verb|78d7f2101d7b1c99	canonical:"вьстьщити" || page:"вьстьщити"
вьсь	вьсь|adj|215f53b5ed4302a8	canonical:"вьсь" || page:"вьсь"
вьсь	вьсь|noun|8de699271bd799a9	canonical:"вьсь" || page:"вьсь"
вьсѣкъ	вьсѣкъ|pron|86e8d3fb48455695	canonical:"вьсѣкъ" || page:"вьсѣкъ"
вьсꙗкъ	вьсѣкъ|pron|86e8d3fb48455695	alternative:"вьсꙗкъ"
вѣ	вѣ|pron|16a04855731f2427	canonical:"вѣ" || page:"вѣ"
вѣдро	вѣдро|noun|eb7f14fc018a375a	canonical:"вѣдро" || page:"вѣдро"
вѣдь	вѣдь|noun|db9e19a7e923d073	canonical:"вѣдь" || page:"вѣдь"
вѣдьство	вѣждьство|noun|08b1d34c8e9e68d8	alternative:"вѣдьство"
вѣжда	вѣжда|noun|d9f0f5214229fe4c	canonical:"вѣжда" || page:"вѣжда"
вѣждьство	вѣждьство|noun|08b1d34c8e9e68d8	canonical:"вѣждьство" || page:"вѣждьство"
вѣиѥ	вѣиѥ|noun|142c05b111ce3b8e	canonical:"вѣиѥ" || page:"вѣиѥ"
вѣко	вѣко|noun|f1320cea92078837	canonical:"вѣко" || page:"вѣко"
вѣкъ	вѣкъ|noun|2c6afcbe3df08c9d	canonical:"вѣкъ" || page:"вѣкъ"
вѣньць	вѣньць|noun|a6f8d43bdcb8f179	canonical:"вѣньць" || page:"вѣньць"
вѣра	вѣра|noun|3bbc38ca80955664	canonical:"вѣра" || page:"вѣра"
вѣровати	вѣровати|verb|7417a7325ebf8960	canonical:"вѣровати" || page:"вѣровати"
вѣрьнъ	вѣрьнъ|adj|e7e41d14d022a1a8	canonical:"вѣрьнъ" || page:"вѣрьнъ"
вѣсть	вѣсть|noun|4355815bfb54fdb3	canonical:"вѣсть" || page:"вѣсть"
вѣстьникъ	вѣстьникъ|noun|1d126cdc5270e2a9	canonical:"вѣстьникъ" || page:"вѣстьникъ"
вѣтвиѥ	вѣтвиѥ|noun|3fc5f47f7b1281ae	canonical:"вѣтвиѥ" || page:"вѣтвиѥ"
вѣтвь	вѣтвь|noun|93064b6ad57e506b	canonical:"вѣтвь" || page:"вѣтвь"
вѣтии	вѣтии|noun|31a5672d1640bc90	canonical:"вѣтии" || page:"вѣтии"
вѣтии	вѣтьи|noun|ce400dd54eb73543	alternative:"вѣтии"
вѣтръ	вѣтръ|noun|8f17e4e981bd1408	canonical:"вѣтръ" || page:"вѣтръ"
вѣтрьць	вѣтрьць|noun|b848364feaed67c8	canonical:"вѣтрьць" || page:"вѣтрьць"
вѣтъ	вѣтъ|noun|c9420a272b9d34ad	canonical:"вѣтъ" || page:"вѣтъ"
вѣтьи	вѣтии|noun|31a5672d1640bc90	alternative:"вѣтьи"
вѣтьи	вѣтьи|noun|ce400dd54eb73543	canonical:"вѣтьи" || page:"вѣтьи"
вѣчьнъ	вѣчьнъ|adj|823b67a1ba680ebf	canonical:"вѣчьнъ" || page:"вѣчьнъ"
вѣщати	вѣщати|verb|e1eb8abe63aa6d98	canonical:"вѣщати" || page:"вѣщати"
вѣще	вѣще|noun|8ff326dd043561cb	canonical:"вѣще" || page:"вѣще"
вѣщь	вещь|noun|706352805e114923	alternative:"вѣщь"
вѣꙗ	вѣꙗ|noun|ea00ae1b5bb841e1	canonical:"вѣꙗ" || page:"вѣꙗ"
вѣꙗти	вѣꙗти|verb|e6ec408ff35b1346	canonical:"вѣꙗти" || page:"вѣꙗти"
вѧзати	вѧзати|verb|52a75258493cd34b	canonical:"вѧзати" || page:"вѧзати"
вꙑ	вꙑ|pron|c6978a2655d73e93	canonical:"вꙑ" || page:"вꙑ"
вꙑити	вꙑити|verb|8b7f40a75470b170	canonical:"вꙑити" || page:"вꙑити"
вꙑкнѫти	вꙑкнѫти|verb|08a5592ef30e321c	canonical:"вꙑкнѫти" || page:"вꙑкнѫти"
вꙑсокъ	вꙑсокъ|adj|25c5f14b60b34b31	canonical:"вꙑсокъ" || page:"вꙑсокъ"
вꙑсота	вꙑсота|noun|c036f7f9308f0fa2	canonical:"вꙑсота" || page:"вꙑсота"
вꙑти	вꙑти|verb|a6cfe6ad06d3e7d3	canonical:"вꙑти" || page:"вꙑти"
вꙑꙗ	вꙑꙗ|noun|f71fea20eab59acd	canonical:"вꙑꙗ" || page:"вꙑꙗ"
гадъ	гадъ|noun|70516da95c3c8e4e	canonical:"гадъ" || page:"гадъ"
газафилакиѣ	газофилакиꙗ|noun|e75d5c92e37512ee	alternative:"газафилакиѣ"
газофилакии	газофилакиꙗ|noun|e75d5c92e37512ee	alternative:"газофилакии"
газофилакиꙗ	газофилакиꙗ|noun|e75d5c92e37512ee	canonical:"газофилакиꙗ" || page:"газофилакиꙗ"
газофѵлакиѣ	газофилакиꙗ|noun|e75d5c92e37512ee	alternative:"газофѵлакиѣ"
галліꙗ	галліꙗ|noun|dc33968b6b52281a	canonical:"Галліꙗ" || page:"Галліꙗ"
гангрена	гангрена|noun|d7c153b14e4e4f8c	canonical:"гангрена" || page:"гангрена"
гасити	гасити|verb|c6a9557a5332a18d	canonical:"гасити" || page:"гасити"
гвоздвии	гвоздвии|noun|b67e800a64222b3a	canonical:"гвоздвии" || page:"гвоздвии"
гвоздии	гвоздии|noun|89ba1f7c45bee924	canonical:"гвоздии" || page:"гвоздии"
гвоздь	гвоздь|noun|7150241db8ada9c5	canonical:"гвоздь" || page:"гвоздь"
глава	глава|noun|bed8484008b699a2	canonical:"глава" || page:"глава"
главизна	главизна|noun|1163491d2525a673	canonical:"главизна" || page:"главизна"
глаголати	глаголати|verb|65605a9112fd3b01	canonical:"глаголати" || page:"глаголати"
глаголъ	глаголъ|noun|59a46c87d1ef1e83	canonical:"глаголъ" || page:"глаголъ"
гладивъ	гладивъ|adj|80d4bf9a8a99ef47	canonical:"гладивъ" || page:"гладивъ"
гладъ	гладъ|noun|cb7b8b6b21f2918f	canonical:"гладъ" || page:"гладъ"
гладъкъ	гладъкъ|adj|eef62e6ae2539ebd	canonical:"гладъкъ" || page:"гладъкъ"
гласити	гласити|verb|ca600320d45d2eaa	canonical:"гласити" || page:"гласити"
гласъ	гласъ|noun|4d5779053dc1ffd8	canonical:"гласъ" || page:"гласъ"
глоупъ	глоупъ|adj|e08e8b49153edac1	canonical:"глоупъ" || page:"глоупъ"
глоухъ	глоухъ|adj|95c2461263743619	canonical:"глоухъ" || page:"глоухъ"
глѧдати	глѧдати|verb|a664f3aaa8a28cd7	canonical:"глѧдати" || page:"глѧдати"
глѫбина	глѫбина|noun|f3181dd9c9d361b0	canonical:"глѫбина" || page:"глѫбина"
глѫбокъ	глѫбокъ|adj|167f659d18b7eb41	canonical:"глѫбокъ" || page:"глѫбокъ"
гнести	гнести|verb|a4eecbbabae26930	canonical:"гнести" || page:"гнести"
гнити	гнити|verb|2b82a5a97409dc40	canonical:"гнити" || page:"гнити"
гнои	гнои|noun|818df1764e9b0a30	canonical:"гнои" || page:"гнои"
гноище	гноище|noun|8f94b94f0a1ed401	canonical:"гноище" || page:"гноище"
гньсь	гньсь|noun|0fc994b9de175b52	canonical:"гньсь" || page:"гньсь"
гнѣвъ	гнѣвъ|noun|1622adebe46564f3	canonical:"гнѣвъ" || page:"гнѣвъ"
гнѣздо	гнѣздо|noun|ed77938416db2569	canonical:"гнѣздо" || page:"гнѣздо"
гнѣтити	гнѣтити|verb|4828269d519843f0	canonical:"гнѣтити" || page:"гнѣтити"
гнѫсьнъ	гнѫсьнъ|adj|cb56f73601094003	canonical:"гнѫсьнъ" || page:"гнѫсьнъ"
гобина	гобина|noun|ecc2b2df4ba3b31c	canonical:"гобина" || page:"гобина"
гобино	гобино|noun|33382a2483295628	canonical:"гобино" || page:"гобино"
гобьѕити	гобьѕити|verb|9791a8108b30a625	canonical:"гобьѕити" || page:"гобьѕити"
гобьѕиѥ	гобьѕиѥ|noun|98ada60c2cabbe16	canonical:"гобьѕиѥ" || page:"гобьѕиѥ"
гобьѕєвати	гобьѕєвати|verb|2a3e0934161d96ad	canonical:"гобьѕєвати" || page:"гобьѕєвати"
говорити	говорити|verb|55915ef191f55022	canonical:"говорити" || page:"говорити"
говоръ	говоръ|noun|78be8137cfecd9b6	canonical:"говоръ" || page:"говоръ"
говѣинъ	говѣинъ|adj|a9953e39d1712d53	canonical:"говѣинъ" || page:"говѣинъ"
говѣньѥ	говѣньѥ|noun|6fda25e3f0f0e404	canonical:"говѣньѥ" || page:"говѣньѥ"
година	година|noun|f02b286d7d6b9e9d	canonical:"година" || page:"година"
годъ	годъ|noun|bfd9a473d31589f2	canonical:"годъ" || page:"годъ"
голоубь	голѫбь|noun|140d100bdf126f8b	alternative:"голоубь"
голъ	голъ|adj|8c2f141dab566dd7	canonical:"голъ" || page:"голъ"
голѫбинъ	голѫбинъ|adj|79e7f60d80967c1f	canonical:"голѫбинъ" || page:"голѫбинъ"
голѫбъ	голѫбь|noun|140d100bdf126f8b	alternative:"голѫбъ"
голѫбь	голѫбь|noun|140d100bdf126f8b	canonical:"голѫбь" || page:"голѫбь"
гонитель	гонител҄ь|noun|cbde94d99428880c	page:"гонитель"
гонител҄ь	гонител҄ь|noun|cbde94d99428880c	canonical:"гонител҄ь" || source-canonical:"гонител҄ь"
гонити	гонити|verb|1a8544040c840e67	canonical:"гонити" || page:"гонити"
гонозити	гонозити|verb|0a7548f696e82c2d	canonical:"гонозити" || page:"гонозити"
гонѥниѥ	гонѥниѥ|noun|a927a20c33ad7998	canonical:"гонѥниѥ" || page:"гонѥниѥ"
гора	гора|noun|60763cc444ba72fc	canonical:"гора" || page:"гора"
горькъ	горькъ|adj|6a24d77c18bf00d7	canonical:"горькъ" || page:"горькъ"
горѣти	горѣти|verb|81e338ada5c3a9cf	canonical:"горѣти" || page:"горѣти"
горѥсть	горѥсть|noun|27d72fc279f52df7	canonical:"горѥсть" || page:"горѥсть"
господа	господа|noun|11234a73c79398e8	canonical:"господа" || page:"господа"
господинъ	господинъ|noun|2fd65104a5c8caba	canonical:"господинъ" || page:"господинъ"
господь	господь|noun|ffd0d4841bcc7712	canonical:"господь" || page:"господь"
господьствиѥ	господьствиѥ|noun|b0642c66e9011396	canonical:"господьствиѥ" || page:"господьствиѥ"
господьство	господьство|noun|69b0bab93873d310	canonical:"господьство" || page:"господьство"
господꙑни	господꙑн҄и|noun|cdaec5c55ce665d1	page:"господꙑни"
господꙑн҄и	господꙑн҄и|noun|cdaec5c55ce665d1	canonical:"господꙑн҄и" || source-canonical:"господꙑн҄и"
гостиньникъ	гостиньникъ|noun|a5ad3ce2a8526a1b	canonical:"гостиньникъ" || page:"гостиньникъ"
гостиньница	гостиньница|noun|434555505ec80371	canonical:"гостиньница" || page:"гостиньница"
гостиньць	гостиньць|noun|5cc6bbe8e6bb79fb	canonical:"гостиньць" || page:"гостиньць"
гость	гость|noun|7a2e262706908381	canonical:"гость" || page:"гость"
готовити	готовити|verb|84da29dcb94c84e6	canonical:"готовити" || page:"готовити"
готовъ	готовъ|adj|b0c997031fa3e9a5	canonical:"готовъ" || page:"готовъ"
гоубитель	гоубител҄ь|noun|e35c959e241c0a0e	page:"гоубитель"
гоубительство	гоубительство|noun|dad35eaad832bbe7	canonical:"гоубительство" || page:"гоубительство"
гоубител҄ь	гоубител҄ь|noun|e35c959e241c0a0e	canonical:"гоубител҄ь" || source-canonical:"гоубител҄ь"
гоубити	гоубити|verb|93347405d7f24e01	canonical:"гоубити" || page:"гоубити"
гоумьно	гоумьно|noun|761124e13688b26f	canonical:"гоумьно" || page:"гоумьно"
гоусла	гѫсли|noun|b9a5b02eef576504	alternative:"гоусла"
гоусли	гѫсли|noun|b9a5b02eef576504	alternative:"гоусли"
грабити	грабити|verb|a9c9e6ac61ded130	canonical:"грабити" || page:"грабити"
градити	градити|verb|43cff274ee648a3b	canonical:"градити" || page:"градити"
градъ	градъ|noun|4f1561a778311499	canonical:"градъ" || page:"градъ"
градъ	градъ|noun|bd9390f86882d755	canonical:"градъ" || page:"градъ"
градьникъ	градьникъ|noun|8860caf7a35c3b3b	canonical:"градьникъ" || page:"градьникъ"
градьскъ	градьскъ|adj|3856a6f13184011f	canonical:"градьскъ" || page:"градьскъ"
градьць	градьць|noun|c041ddcc9c5f52b9	canonical:"градьць" || page:"градьць"
гражданинъ	гражданинъ|noun|a6a729e71b3d8c0d	canonical:"гражданинъ" || page:"гражданинъ"
гражданъ	гражданинъ|noun|a6a729e71b3d8c0d	alternative:"гражданъ"
граждь	граждь|noun|f8837fcd8861978d	canonical:"граждь" || page:"граждь"
грано	гранъ|noun|332fde5979b59624	alternative:"грано"
гранъ	гранъ|noun|332fde5979b59624	canonical:"гранъ" || page:"гранъ"
граньно	гранъ|noun|332fde5979b59624	alternative:"граньно"
гребище	гребище|noun|d983320fd826df97	canonical:"гребище" || page:"гребище"
грети	грети|verb|d13870cf48a6398b	canonical:"грети" || page:"грети"
григории	григорииъ|noun|5d099d83d775e46c	page:"Григории"
григорииъ	григорииъ|noun|5d099d83d775e46c	canonical:"Григорииъ"
григоръ	григорииъ|noun|5d099d83d775e46c	alternative:"Григоръ"
гробище	гробище|noun|903c02b183fe5bda	canonical:"гробище" || page:"гробище"
гробъ	гробъ|noun|a1df22dac00dfd18	canonical:"гробъ" || page:"гробъ"
гробьнъ	гробьнъ|adj|384fff60c0d5f2e1	canonical:"гробьнъ" || page:"гробьнъ"
гроза	гроза|noun|91a87f10c703adfd	canonical:"гроза" || page:"гроза"
гроздъ	гроздъ|noun|b2a579f6d4f904f4	canonical:"гроздъ" || page:"гроздъ"
грозновиѥ	грозновиѥ|noun|8cb52398c7c6c1b7	canonical:"грозновиѥ" || page:"грозновиѥ"
грознъ	грознъ|noun|65b84fe5cf3dcaff	canonical:"грознъ" || page:"грознъ"
громъ	громъ|noun|0108be2357d3b3ca	canonical:"громъ" || page:"громъ"
громъгласъ	громъгласъ|adj|daf0f54350f42569	canonical:"громъгласъ" || page:"громъгласъ"
гръдити	гръдити|verb|af7fab3cebc3d931	canonical:"гръдити" || page:"гръдити"
гръдость	гръдость|noun|db06cdab47893d2b	canonical:"гръдость" || page:"гръдость"
гръдъ	гръдъ|adj|c9542a23ac02ed55	canonical:"гръдъ" || page:"гръдъ"
гръдꙑни	гръдꙑн҄и|noun|4eb23ec7aad91a9f	page:"гръдꙑни"
гръдꙑн҄и	гръдꙑн҄и|noun|4eb23ec7aad91a9f	canonical:"гръдꙑн҄и" || source-canonical:"гръдꙑн҄и"
грълица	грълица|noun|81688d0418ac3f6b	canonical:"грълица" || page:"грълица"
гръличищь	гръличищь|noun|834f01d7ab7b9d07	canonical:"гръличищь" || page:"гръличищь"
гръло	гръло|noun|1de8822c195fdfcb	canonical:"гръло" || page:"гръло"
гръмъ	гръмъ|noun|6bad344896f6bece	canonical:"гръмъ" || page:"гръмъ"
гръсть	гръсть|noun|48bf264b5e028941	canonical:"гръсть" || page:"гръсть"
грътань	грътань|noun|86e00804e4675383	canonical:"грътань" || page:"грътань"
грькъ	грькъ|noun|ad104121b280dfa2	canonical:"грькъ" || page:"грькъ"
грьмѣти	грьмѣти|verb|71ac02eac72f3449	canonical:"грьмѣти" || page:"грьмѣти"
грьньчарь	грьньчарь|noun|c58d484431fc20da	canonical:"грьньчарь" || page:"грьньчарь"
грьчьскъ	грьчьскъ|adj|52388dbb29213961	canonical:"грьчьскъ" || page:"грьчьскъ"
грѣховьнъ	грѣховьнъ|adj|9481a9df86293a3d	canonical:"грѣховьнъ" || page:"грѣховьнъ"
грѣхъ	грѣхъ|noun|e80eba484bc2c476	canonical:"грѣхъ" || page:"грѣхъ"
грѣшьникъ	грѣшьникъ|noun|3ba1324824ad2ba6	canonical:"грѣшьникъ" || page:"грѣшьникъ"
грѣшьница	грѣшьница|noun|ed98775611cccf24	canonical:"грѣшьница" || page:"грѣшьница"
грѣшьничь	грѣшьничь|adj|852ae9624a1f807a	canonical:"грѣшьничь" || page:"грѣшьничь"
грѣшьнъ	грѣшьнъ|adj|9d97bd074c321be1	canonical:"грѣшьнъ" || page:"грѣшьнъ"
грѧсти	грѧсти|verb|bdd8c7e4d9194f56	canonical:"грѧсти" || page:"грѧсти"
грѫбъ	грѫбъ|adj|54491f969db5cf61	canonical:"грѫбъ" || page:"грѫбъ"
грѫстокъ	грѫстокъ|adj|27b690744a9f50a1	canonical:"грѫстокъ" || page:"грѫстокъ"
грꙑсти	грꙑсти|verb|d294a23742e38db7	canonical:"грꙑсти" || page:"грꙑсти"
гънати	гънати|verb|425d2692da952b98	canonical:"гънати" || page:"гънати"
гѫба	гѫба|noun|98c0504dd13cb167	canonical:"гѫба" || page:"гѫба"
гѫсли	гѫсли|noun|b9a5b02eef576504	canonical:"гѫсли" || page:"гѫсли"
гѫсти	гѫсти|verb|5cb130285eabe610	canonical:"гѫсти" || page:"гѫсти"
гѫсь	гѫсь|noun|827770e8577d5253	canonical:"гѫсь" || page:"гѫсь"
гꙋсли	гѫсли|noun|b9a5b02eef576504	alternative:"гꙋсли"
гꙑбнѫти	гꙑбнѫти|verb|0edf997fbd4e80cc	canonical:"гꙑбнѫти" || page:"гꙑбнѫти"
гꙑбѣль	гꙑбѣль|noun|8bd45ac1d4cb7c07	canonical:"гꙑбѣль" || page:"гꙑбѣль"
давати	давати|verb|4625a59623d514ce	canonical:"давати" || page:"давати"
давьць	давьць|noun|a6ff64e704302768	canonical:"давьць" || page:"давьць"
дальнъ	дальнъ|adj|99083d749a69414d	canonical:"дальнъ" || page:"дальнъ"
данъ	данъ|adj|de61809193241561	canonical:"данъ" || page:"данъ"
дань	дань|noun|59558000e59cbbb3	canonical:"дань" || page:"дань"
даръ	даръ|noun|fd3e2602d30f9eb1	canonical:"даръ" || page:"даръ"
датель	дател҄ь|noun|e3f5b8a788a0ea6f	page:"датель"
дател҄ь	дател҄ь|noun|e3f5b8a788a0ea6f	canonical:"дател҄ь" || source-canonical:"дател҄ь"
даѣти	даꙗти|verb|8bc91235cd676552	alternative:"даѣти"
даꙗниѥ	даꙗниѥ|noun|8784e2059f548d13	canonical:"даꙗниѥ" || page:"даꙗниѥ"
даꙗти	даꙗти|verb|8bc91235cd676552	canonical:"даꙗти" || page:"даꙗти"
двигнѫти	двигнѫти|verb|cd45d8404ba2fca7	canonical:"двигнѫти" || page:"двигнѫти"
двизати	двиѕати|verb|d8c577aee39d343e	alternative:"двизати"
двиѕати	двиѕати|verb|d8c577aee39d343e	canonical:"двиѕати" || page:"двиѕати"
дворъ	дворъ|noun|903e37e0bd6392e3	canonical:"дворъ" || page:"дворъ"
дворьба	дворьба|noun|2cdd7b2072a3263d	canonical:"дворьба" || page:"дворьба"
двословивъ	дъвословивъ|adj|546b408f94bc49ef	alternative:"двословивъ"
двьри	двьрь|noun|2462d4b38e07835c	page:"двьри"
двьрь	двьрь|noun|2462d4b38e07835c	canonical:"двьрь"
двьрь	двьрь|noun|d7e3890555c38765	canonical:"двьрь" || page:"двьрь"
двьрьникъ	двьрьникъ|noun|3e803367883fbc07	canonical:"двьрьникъ" || page:"двьрьникъ"
дебелъ	дебелъ|adj|61ac15904c4ca017	canonical:"дебелъ" || page:"дебелъ"
дебельство	дебельство|noun|88e875b2f8756b16	canonical:"дебельство" || page:"дебельство"
дебрь	дьбрь|noun|6e1de87ce62fe3bb	alternative:"дебрь"
девѧть	девѧть|num|2d638196e4cd859f	canonical:"девѧть" || page:"девѧть"
декѧбрь	декѧбр҄ь|noun|35d0962230eb1d6f	page:"декѧбрь"
декѧбр҄ь	декѧбр҄ь|noun|35d0962230eb1d6f	canonical:"декѧбр҄ь" || source-canonical:"декѧбр҄ь"
деснъ	деснъ|adj|632fac49ca9cc031	canonical:"деснъ" || page:"деснъ"
десѧтина	десѧтина|noun|1372adb82d764d45	canonical:"десѧтина" || page:"десѧтина"
десѧтъ	десѧтъ|adj|39bceaa712a285d3	canonical:"десѧтъ" || page:"десѧтъ"
десѧть	десѧть|num|a6b2b8308cae8886	canonical:"десѧть" || page:"десѧть"
детель	дѧтелъ|noun|1f7f3539249b7c74	alternative:"детель"
дивити	дивити|verb|be389bf77cb771d4	canonical:"дивити" || page:"дивити"
диво	диво|noun|c23b28e4a3f7b637	canonical:"диво" || page:"диво"
дивъ	дивъ|noun|e682e4b50e2b7b6c	canonical:"дивъ" || page:"дивъ"
димитрии	димитрииъ|noun|ad15e17aadb0bfff	page:"Димитрии"
димитрииъ	димитрииъ|noun|ad15e17aadb0bfff	canonical:"Димитрииъ"
димитръ	димитрииъ|noun|ad15e17aadb0bfff	alternative:"Димитръ"
динарь	динарь|noun|a967df205855e787	canonical:"динарь" || page:"динарь"
дира	дира|noun|48deaead560fb2ea	canonical:"дира" || page:"дира"
диꙗ	диꙗ|noun|375399e5b8275bfc	canonical:"Диꙗ" || page:"Диꙗ"
длань	длань|noun|2833cd7c691dd113	canonical:"длань" || page:"длань"
длъготрьпѣниѥ	длъготрьпѣниѥ|noun|4673e6aee31d5fb0	canonical:"длъготрьпѣниѥ" || page:"длъготрьпѣниѥ"
длъгъ	длъгъ|adj|314cbd7acd4c3c43	canonical:"длъгъ" || page:"длъгъ"
длъгъ	длъгъ|noun|13e2e96372c9b54b	canonical:"длъгъ" || page:"длъгъ"
длъжьникъ	длъжьникъ|noun|c07cc8c32b5ac0b9	canonical:"длъжьникъ" || page:"длъжьникъ"
дльгота	дльгота|noun|d0ca18e09b637537	canonical:"дльгота" || page:"дльгота"
дльгъ	дльгъ|adj|cb1096d405aa7da5	canonical:"дльгъ" || page:"дльгъ"
дмитреі	димитрииъ|noun|ad15e17aadb0bfff	alternative:"Дмитреі"
добль	добл҄ь|adj|e163c49f66936b03	page:"добль"
добльство	добл҄ьство|noun|4ab661b9885572bf	page:"добльство"
доблѥсть	доблѥсть|noun|acf2463d9819868b	canonical:"доблѥсть" || page:"доблѥсть"
добл҄ь	добл҄ь|adj|e163c49f66936b03	canonical:"добл҄ь" || source-canonical:"добл҄ь"
добл҄ьство	добл҄ьство|noun|4ab661b9885572bf	canonical:"добл҄ьство" || source-canonical:"добл҄ьство"
добрость	добрость|noun|7e7bd273e6e909e3	canonical:"добрость" || page:"добрость"
доброта	доброта|noun|f08ab69ad82129b1	canonical:"доброта" || page:"доброта"
добръ	добръ|adj|821d3f1b237b1478	canonical:"добръ" || page:"добръ"
довьлѣти	довьлѣти|verb|5a6f2510e8485beb	canonical:"довьлѣти" || page:"довьлѣти"
дождъ	дъждь|noun|bc8b34e4eb321d5f	alternative:"дождъ"
доити	доити|verb|3061bbd5ea9cc0f4	canonical:"доити" || page:"доити"
долъ	долъ|noun|02605c9a430c492f	canonical:"долъ" || page:"долъ"
домаживьць	домаживьць|noun|ac67291efadbaf6c	canonical:"домаживьць" || page:"домаживьць"
домъ	домъ|noun|967efa9b23a19730	canonical:"домъ" || page:"домъ"
донести	донести|verb|78446d2b81d467d7	canonical:"донести" || page:"донести"
достоинъ	достоинъ|adj|d8370d2f27d3203f	canonical:"достоинъ" || page:"достоинъ"
достоиньство	достоиньство|noun|3aba3c88cb146d08	canonical:"достоиньство" || page:"достоиньство"
достоꙗти	достоꙗти|verb|040ea5cbbeb23493	canonical:"достоꙗти" || page:"достоꙗти"
досѣдѣти	досѣдѣти|verb|8c775951b5ffca46	canonical:"досѣдѣти" || page:"досѣдѣти"
доубъ	дѫбъ|noun|4eb60f1a8d773cc6	alternative:"доубъ"
доуна	доуна|noun|e8233174ebf5460e	canonical:"доуна" || page:"доуна"
доунѫти	доунѫти|verb|31fff66d89cf4235	canonical:"доунѫти" || page:"доунѫти"
доупина	доупина|noun|73e61e3fe61fb970	canonical:"доупина" || page:"доупина"
доухати	доухати|verb|b60ec8ebfe9ce680	canonical:"доухати" || page:"доухати"
доухъ	доухъ|noun|40855f6850dcb338	canonical:"доухъ" || page:"доухъ"
доуша	доуша|noun|b6275e4a5196bcc9	canonical:"доуша" || page:"доуша"
драгъ	драгъ|adj|4a360d448d1e362f	canonical:"драгъ" || page:"драгъ"
древльнъ	древьнъ|adj|94368e71d6d578ff	alternative:"древльнъ"
древьнъ	древьнъ|adj|94368e71d6d578ff	canonical:"древьнъ" || page:"древьнъ"
древьнь	древьнъ|adj|94368e71d6d578ff	alternative:"древьнь"
древьнь	древьнь|adj|4c83f90ddf5ebd94	canonical:"древьнь" || page:"древьнь"
дремати	дремати|verb|1b423aed81e22efd	canonical:"дремати" || page:"дремати"
дрождиѩ	дрождиѩ|noun|6622e854a2b39fc2	canonical:"дрождиѩ" || page:"дрождиѩ"
дроуга	дроуга|noun|e70ba52fdfc15328	canonical:"дроуга" || page:"дроуга"
дроугъ	дроугъ|adj|e2b3e36c405f97e7	canonical:"дроугъ" || page:"дроугъ"
дроугъ	дроугъ|noun|31a73a7926b3243c	canonical:"дроугъ" || page:"дроугъ"
дроужина	дроужина|noun|17cd2b2f3bac49a7	canonical:"дроужина" || page:"дроужина"
дроужьба	дроужьба|noun|ca7cafa02a28311a	canonical:"дроужьба" || page:"дроужьба"
дръва	дръва|noun|278e6fcb39e6d576	canonical:"дръва" || page:"дръва"
дръжава	дръжава|noun|72911c9645fea6a6	canonical:"дръжава" || page:"дръжава"
дръжати	дръжати|verb|ca14a5c575d8b476	canonical:"дръжати" || page:"дръжати"
дръзновеньѥ	дръзновеньѥ|noun|fc4c7a5669f97365	canonical:"дръзновеньѥ" || page:"дръзновеньѥ"
дрьжава	дръжава|noun|72911c9645fea6a6	alternative:"дрьжава"
дрьжати	дръжати|verb|ca14a5c575d8b476	alternative:"дрьжати"
дрьзати	дрьзати|verb|29317bea5c5369f3	canonical:"дрьзати" || page:"дрьзати"
дрьзнѫти	дрьзнѫти|verb|6683cb18279e54ee	canonical:"дрьзнѫти" || page:"дрьзнѫти"
дрьзость	дрьзость|noun|986668d255f2c0a7	canonical:"дрьзость" || page:"дрьзость"
дрьзъ	дрьзъ|adj|25ab1b210b7226ad	canonical:"дрьзъ" || page:"дрьзъ"
дрьколь	дрьколь|noun|9336791263b36fe7	canonical:"дрьколь" || page:"дрьколь"
дрѣво	дрѣво|noun|be8fdab97a78898a	canonical:"дрѣво" || page:"дрѣво"
дрѣводѣла	дрѣводѣла|noun|c0442c17a007f8dd	canonical:"дрѣводѣла" || page:"дрѣводѣла"
дрѣвѣнъ	дрѣвѣнъ|adj|1bd00d3e0ab48e89	canonical:"дрѣвѣнъ" || page:"дрѣвѣнъ"
дрѣмати	дрѣмати|verb|6e34da72a5845102	canonical:"дрѣмати" || page:"дрѣмати"
дрѧзга	дрѧзга|noun|74732e8769e532d3	canonical:"дрѧзга" || page:"дрѧзга"
дрѧселъ	дрѧселъ|adj|ed170042bf911a31	canonical:"дрѧселъ" || page:"дрѧселъ"
дрѧслъ	дрѧселъ|adj|ed170042bf911a31	alternative:"дрѧслъ"
дрѧхлъ	дрѧхлъ|adj|68bc5db0f77ba0bf	canonical:"дрѧхлъ" || page:"дрѧхлъ"
дрѧхльство	дрѧхльство|noun|c78c0e04d03d1989	canonical:"дрѧхльство" || page:"дрѧхльство"
дрѫгарь	дрѫгар҄ь|noun|f0df6395d021484f	page:"дрѫгарь"
дрѫгар҄ь	дрѫгар҄ь|noun|f0df6395d021484f	canonical:"дрѫгар҄ь" || source-canonical:"дрѫгар҄ь"
дрѫгъ	дрѫгъ|noun|1a11ba873fb0ac4c	canonical:"дрѫгъ" || page:"дрѫгъ"
дрꙋгъ	дроугъ|adj|e2b3e36c405f97e7	alternative:"дрꙋгъ"
дрꙋгъ	дроугъ|noun|31a73a7926b3243c	alternative:"дрꙋгъ"
душа	доуша|noun|b6275e4a5196bcc9	alternative:"душа"
дъбрь	дьбрь|noun|6e1de87ce62fe3bb	alternative:"дъбрь"
дъвословивъ	дъвословивъ|adj|546b408f94bc49ef	canonical:"дъвословивъ" || page:"дъвословивъ"
дъждити	дъждити|verb|16a0e409ce1725ef	canonical:"дъждити" || page:"дъждити"
дъждь	дъждь|noun|bc8b34e4eb321d5f	canonical:"дъждь" || page:"дъждь"
дъна	дъна|noun|454c6c32492faf88	canonical:"дъна" || page:"дъна"
дъно	дъно|noun|1880b5b1aedf1fa2	canonical:"дъно" || page:"дъно"
дъска	дъска|noun|1ab600e910bd1192	canonical:"дъска" || page:"дъска"
дъхнѫти	дъхнѫти|verb|abbee5954beb687d	canonical:"дъхнѫти" || page:"дъхнѫти"
дъхъ	дъхъ|noun|dd971d16ccd82acb	canonical:"дъхъ" || page:"дъхъ"
дъхъторъ	дъхъторъ|noun|df54f73ca93dcf2e	canonical:"дъхъторъ" || page:"дъхъторъ"
дъщи	дъщи|noun|304dd19d8da3403d	canonical:"дъщи" || page:"дъщи"
дьбрь	дьбрь|noun|6e1de87ce62fe3bb	canonical:"дьбрь" || page:"дьбрь"
дьнь	дьнь|noun|e7637930621ec1f0	canonical:"дьнь" || page:"дьнь"
дьньница	дьньница|noun|e0074f1ef28290ce	canonical:"дьньница" || page:"Дьньница"
дьрати	дьрати|verb|e8480e512bb95578	canonical:"дьрати" || page:"дьрати"
дѣва	дѣва|noun|ba4d99002c5bc4d5	canonical:"дѣва" || page:"дѣва"
дѣвица	дѣвица|noun|185eb65a6a3b8a1b	canonical:"дѣвица" || page:"дѣвица"
дѣвьство	дѣвьство|noun|1862ec87c5b5cc71	canonical:"дѣвьство" || page:"дѣвьство"
дѣдъ	дѣдъ|noun|aefab0a03dca8c91	canonical:"дѣдъ" || page:"дѣдъ"
дѣиство	дѣиство|noun|9ff37550189efbc8	canonical:"дѣиство" || page:"дѣиство"
дѣлатель	дѣлател҄ь|noun|ab5f6c7b3b1a082f	page:"дѣлатель"
дѣлател҄ь	дѣлател҄ь|noun|ab5f6c7b3b1a082f	canonical:"дѣлател҄ь" || source-canonical:"дѣлател҄ь"
дѣлати	дѣлати|verb|22e7153a363119ff	canonical:"дѣлати" || page:"дѣлати"
дѣлитель	дѣлител҄ь|noun|da98bf6b8b8a11e0	page:"дѣлитель"
дѣлител҄ь	дѣлител҄ь|noun|da98bf6b8b8a11e0	canonical:"дѣлител҄ь" || source-canonical:"дѣлител҄ь"
дѣлити	дѣлити|verb|8832a4d5196e1892	canonical:"дѣлити" || page:"дѣлити"
дѣло	дѣло|noun|4d7a177d01a58f62	canonical:"дѣло" || page:"дѣло"
дѣльникъ	дѣльникъ|noun|62c270e0ab50b3e6	canonical:"дѣльникъ" || page:"дѣльникъ"
дѣтелъ	дѧтелъ|noun|1f7f3539249b7c74	alternative:"дѣтелъ"
дѣти	дѣти|noun|e6de78e2aad7a2be	canonical:"дѣти" || page:"дѣти"
дѣтишь	дѣтищь|noun|069fc6a09285d3eb	alternative:"дѣтишь"
дѣтищь	дѣтищь|noun|069fc6a09285d3eb	canonical:"дѣтищь" || page:"дѣтищь"
дѣтѣль	дѣтѣль|noun|21fb0794bbf37f95	canonical:"дѣтѣль" || page:"дѣтѣль"
дѣтѧ	дѣтѧ|noun|814b8b449098d937	canonical:"дѣтѧ" || page:"дѣтѧ"
дѣꙗти	дѣꙗти|verb|9e93182ed56b4c26	canonical:"дѣꙗти" || page:"дѣꙗти"
дѧтелъ	дѧтелъ|noun|1f7f3539249b7c74	canonical:"дѧтелъ" || page:"дѧтелъ"
дѫбиѥ	дѫбиѥ|noun|1b58e2a654da6679	canonical:"дѫбиѥ" || page:"дѫбиѥ"
дѫбрава	дѫбрава|noun|dc85992db3aa6ad1	canonical:"дѫбрава" || page:"дѫбрава"
дѫбъ	дѫбъ|noun|4eb60f1a8d773cc6	canonical:"дѫбъ" || page:"дѫбъ"
дѫти	дѫти|verb|c1d59218292f37e8	canonical:"дѫти" || page:"дѫти"
дꙋбъ	дѫбъ|noun|4eb60f1a8d773cc6	alternative:"дꙋбъ"
дꙋна	доуна|noun|e8233174ebf5460e	alternative:"дꙋна"
дꙑмъ	дꙑмъ|noun|0ecd84b7defe575f	canonical:"дꙑмъ" || page:"дꙑмъ"
дꙑхати	дꙑхати|verb|432fe058295fa7c4	canonical:"дꙑхати" || page:"дꙑхати"
д꙯хъ	доухъ|noun|40855f6850dcb338	alternative:"д꙯хъ"
еванꙉельѥ	еванꙉельѥ|noun|bb137f74882a2f1a	canonical:"еванꙉельѥ" || page:"еванꙉельѥ"
егѵпьтѣнинъ	ег҄ѵпьтѣнинъ|noun|ae0fa22289023426	page:"егѵпьтѣнинъ"
егѵпьтѣнꙑни	ег҄ѵпьтѣнꙑн҄и|noun|3672cc923ac2129b	page:"егѵпьтѣнꙑни"
ег҄ипьтѣнꙑн҄и	ег҄ѵпьтѣнꙑн҄и|noun|3672cc923ac2129b	alternative:"ег҄ипьтѣнꙑн҄и"
ег҄ѵпьтѣнинъ	ег҄ѵпьтѣнинъ|noun|ae0fa22289023426	canonical:"ег҄ѵпьтѣнинъ" || source-canonical:"ег҄ѵпьтѣнинъ"
ег҄ѵпьтѣнꙑн҄и	ег҄ѵпьтѣнꙑн҄и|noun|3672cc923ac2129b	canonical:"ег҄ѵпьтѣнꙑн҄и" || source-canonical:"ег҄ѵпьтѣнꙑн҄и"
единакъ	единакъ|adj|798c7355ee72df7d	canonical:"единакъ" || page:"единакъ"
единакъ	единакъ|noun|3e35a6a2e70d5ad9	canonical:"единакъ" || page:"единакъ"
единорогъ	еднорогъ|noun|d4d3a8290370e150	alternative:"единорогъ"
единъ	единъ|adj|e2ef3e8d59657c51	canonical:"единъ" || page:"единъ"
еднорогъ	еднорогъ|noun|d4d3a8290370e150	canonical:"еднорогъ" || page:"еднорогъ"
едьнъ	единъ|adj|e2ef3e8d59657c51	alternative:"едьнъ"
елефа́нтъ	елефа́нтъ|noun|72d9c1243217ce19	canonical:"елефа́нтъ" || source-canonical:"елефа́нтъ"
елефантъ	елефа́нтъ|noun|72d9c1243217ce19	page:"елефантъ"
елинъ	елинъ|noun|4424878027a8ab12	canonical:"елинъ" || page:"елинъ"
елинъ	еллинъ|noun|333bda4a93193799	alternative:"елинъ"
елинꙑни	елинꙑн҄и|noun|31367bea0f56a958	page:"елинꙑни"
елинꙑн҄и	елинꙑн҄и|noun|31367bea0f56a958	canonical:"елинꙑн҄и" || source-canonical:"елинꙑн҄и"
еллинъ	елинъ|noun|4424878027a8ab12	alternative:"еллинъ"
еллинъ	еллинъ|noun|333bda4a93193799	canonical:"еллинъ" || page:"еллинъ"
епископъ	епископъ|noun|bcbb26583894738b	canonical:"епископъ" || page:"епископъ"
епискоупьство	епискоупьство|noun|a46e951ffa6b6584	canonical:"епискоупьство" || page:"епискоупьство"
епифании	епифании|noun|020bf251f4471c07	canonical:"епифании" || page:"епифании"
епифанъ	епифании|noun|020bf251f4471c07	alternative:"епифанъ"
епифаньи	епифании|noun|020bf251f4471c07	alternative:"епифаньи"
еребица	ерѧбица|noun|9802919987746a01	alternative:"еребица"
ересевии	ересевии|noun|38461104fea4310c	canonical:"ересевии" || page:"ересевии"
ересевии	ересевьи|noun|9a7710668b04965f	alternative:"ересевии"
ересевьи	ересевии|noun|38461104fea4310c	alternative:"ересевьи"
ересевьи	ересевьи|noun|9a7710668b04965f	canonical:"ересевьи" || page:"ересевьи"
ересь	ересь|noun|6bb2ca695ff5babf	canonical:"ересь" || page:"ересь"
ермии	ермии|noun|e548beefba164091	canonical:"ермии" || page:"Ермии"
ермисъ	ермисъ|noun|bfe8bc036d036b87	canonical:"Ермисъ" || page:"Ермисъ"
ерѧбица	ерѧбица|noun|9802919987746a01	canonical:"ерѧбица" || page:"ерѧбица"
естьство	естьство|noun|23e3f81d9b6562fc	canonical:"естьство" || page:"естьство"
етеръ	етеръ|pron|5edd419ba79bf351	canonical:"етеръ" || page:"етеръ"
жаба	жаба|noun|869e8cbe1a0bb7bb	canonical:"жаба" || page:"жаба"
жаль	жаль|noun|f186d3f0df3be991	canonical:"жаль" || page:"жаль"
жаснѫти	жаснѫти|verb|d6e7058d41e782cf	canonical:"жаснѫти" || page:"жаснѫти"
ждрѣбии	жрѣбии|noun|71f78368cf6f5992	alternative:"ждрѣбии"
ждрѣбии	жрѣбъ|noun|eeaae4083071f73d	alternative:"ждрѣбии"
жела	жел҄а|noun|f9bac9599a0108c9	page:"жела"
желати	желати|verb|dae4dc0921194739	canonical:"желати" || page:"желати"
желати	желѣти|verb|c59590c85628b648	alternative:"желати"
желѣзо	желѣзо|noun|b7f020b7e5a50d6e	canonical:"желѣзо" || page:"желѣзо"
желѣтва	желѣтва|noun|22a4e9fb3176d298	canonical:"желѣтва" || page:"желѣтва"
желѣти	желати|verb|dae4dc0921194739	alternative:"желѣти"
желѣти	желѣти|verb|c59590c85628b648	canonical:"желѣти" || page:"желѣти"
жел҄а	жел҄а|noun|f9bac9599a0108c9	canonical:"жел҄а" || source-canonical:"жел҄а"
жена	жена|noun|15ba2a7c763823a6	canonical:"жена" || page:"жена"
женити	женити|verb|ce4f9b2624bce2c9	canonical:"женити" || page:"женити"
женихъ	женихъ|noun|a53c79ec79a8b3bd	canonical:"женихъ" || page:"женихъ"
женьство	женьство|noun|aaec0c87ee80b5da	canonical:"женьство" || page:"женьство"
жеравъ	жеравъ|adj|96b8453b2c5f0db7	canonical:"жеравъ" || page:"жеравъ"
жеравъ	жеравъ|noun|97c9b16525f12050	canonical:"жеравъ" || page:"жеравъ"
жестоколѣганьникъ	жестоколѣганьникъ|noun|3afaece94fc8ba6c	canonical:"жестоколѣганьникъ" || page:"жестоколѣганьникъ"
жестокъ	жестокъ|adj|4c3c2b678d6b0965	canonical:"жестокъ" || page:"жестокъ"
жестосрьдъ	жестосрьдъ|adj|1e680bcfa57708d3	canonical:"жестосрьдъ" || page:"жестосрьдъ"
жестость	жестость|noun|89842ffcd1efee37	canonical:"жестость" || page:"жестость"
жещи	жещи|verb|fa2d17cc48f88118	canonical:"жещи" || page:"жещи"
животворьць	животворьць|noun|e449f050d663a7b3	canonical:"животворьць" || page:"животворьць"
животолюбьць	животолюбьць|noun|f6a7c05275f9c962	canonical:"животолюбьць" || page:"животолюбьць"
животъ	животъ|noun|b76a02eba3fe997c	canonical:"животъ" || page:"животъ"
животьно	животьно|noun|7ca89073ce47d55f	alternative:"животьно" || canonical:"животьно"
животьно	животьно|noun|fc38feaa20163a0d	canonical:"животьно" || page:"животьно"
животьноѥ	животьно|noun|7ca89073ce47d55f	page:"животьноѥ"
животьноѥ	животьно|noun|fc38feaa20163a0d	alternative:"животьноѥ"
живъ	живъ|adj|4f5d99dfb07c07e5	canonical:"живъ" || page:"живъ"
жидовинъ	жидовинъ|noun|351605ba8e9dd097	canonical:"жидовинъ" || page:"жидовинъ"
жидовьскъ	жидовьскъ|adj|2ef6773163219125	canonical:"жидовьскъ" || page:"жидовьскъ"
жизнодавьць	жизнодавьць|noun|1ea4c06879765b0f	canonical:"жизнодавьць" || page:"жизнодавьць"
жизнь	жизнь|noun|5e259dc5b55b3db9	canonical:"жизнь" || page:"жизнь"
жила	жила|noun|1658bb5c788a1ed3	canonical:"жила" || page:"жила"
жилище	жилище|noun|f0747e4e7f0774c6	canonical:"жилище" || page:"жилище"
жиръ	жиръ|noun|1630afffc9973272	canonical:"жиръ" || page:"жиръ"
жителинъ	жителинъ|noun|9192643174f632cc	canonical:"жителинъ" || page:"жителинъ"
житель	жител҄ь|noun|f0171509b4f1f742	page:"житель"
жител҄ь	жител҄ь|noun|f0171509b4f1f742	canonical:"жител҄ь" || source-canonical:"жител҄ь"
жити	жити|verb|d5db6bcb551625d5	canonical:"жити" || page:"жити"
жито	жито|noun|6e71759c17c70bef	canonical:"жито" || page:"жито"
жить	жить|noun|5611be0a3857a951	canonical:"жить" || page:"жить"
житьѥ	житьѥ|noun|75061ca2b592a2c8	canonical:"житьѥ" || page:"житьѥ"
жище	жище|noun|d3f0ad6b53f750ee	canonical:"жище" || page:"жище"
жладьба	жладьба|noun|39a04c094bba3cda	canonical:"жладьба" || page:"жладьба"
жлътъ	жлътъ|adj|bdbdb77667f02737	canonical:"жлътъ" || page:"жлътъ"
жлѣсти	жлѣсти|verb|e6833a511d82f6c9	canonical:"жлѣсти" || page:"жлѣсти"
жоупелъ	жоупелъ|noun|4ccbf5222b19ba39	canonical:"жоупелъ" || page:"жоупелъ"
жоупище	жоупище|noun|fa8afda58e3b27d0	canonical:"жоупище" || page:"жоупище"
жрътва	жрьтва|noun|beebd960b765090b	alternative:"жрътва"
жрътвеникъ	жрътвеникъ|noun|5a7378c425e5ebc6	canonical:"жрътвеникъ" || page:"жрътвеникъ"
жрътвеникъ	жрьтвьникъ|noun|258e652409e6a17f	alternative:"жрътвеникъ"
жрьдь	жрьдь|noun|7ecde4dd8c8ab055	canonical:"жрьдь" || page:"жрьдь"
жрьновъ	жрьнꙑ|noun|880ff0ecf0119af8	alternative:"жрьновъ"
жрьнꙑ	жрьнꙑ|noun|880ff0ecf0119af8	canonical:"жрьнꙑ" || page:"жрьнꙑ"
жрьтва	жрьтва|noun|beebd960b765090b	canonical:"жрьтва" || page:"жрьтва"
жрьтвьникъ	жрьтвьникъ|noun|258e652409e6a17f	canonical:"жрьтвьникъ" || page:"жрьтвьникъ"
жрьти	жрьти|verb|c5cd83a197ace491	canonical:"жрьти" || page:"жрьти"
жрьць	жрьць|noun|6d8e117bb799dbc1	canonical:"жрьць" || page:"жрьць"
жрѣбии	жрѣбии|noun|71f78368cf6f5992	canonical:"жрѣбии" || page:"жрѣбии"
жрѣбии	жрѣбъ|noun|eeaae4083071f73d	alternative:"жрѣбии"
жрѣбъ	жрѣбии|noun|71f78368cf6f5992	alternative:"жрѣбъ"
жрѣбъ	жрѣбъ|noun|eeaae4083071f73d	canonical:"жрѣбъ" || page:"жрѣбъ"
жрѣбьць	жрѣбьць|noun|f96bc7dfe1679a4d	canonical:"жрѣбьць" || page:"жрѣбьць"
жрѣбѧ	жрѣбѧ|noun|9d88e811029ce09d	canonical:"жрѣбѧ" || page:"жрѣбѧ"
жрѣти	жрьти|verb|c5cd83a197ace491	alternative:"жрѣти"
жьвати	жьвати|verb|e54aa00d5fcaed12	canonical:"жьвати" || page:"жьвати"
жьдати	жьдати|verb|4ab047401d7947ce	canonical:"жьдати" || page:"жьдати"
жьзлиѥ	жьзлиѥ|noun|58415cb71653f727	canonical:"жьзлиѥ" || page:"жьзлиѥ"
жьзлъ	жьзлъ|noun|1a35de54f819fe8c	canonical:"жьзлъ" || page:"жьзлъ"
жьрьць	жьрьць|noun|ee5ffe0f776b4957	canonical:"жьрьць" || page:"жьрьць"
жьщи	жещи|verb|fa2d17cc48f88118	alternative:"жьщи"
жѧдати	жѧдати|verb|efc015876cf955f9	canonical:"жѧдати" || page:"жѧдати"
жѧло	жѧло|noun|3f31c6d82e6a148b	canonical:"жѧло" || page:"жѧло"
жѧтва	жѧтва|noun|b36b127215b14a0b	canonical:"жѧтва" || page:"жѧтва"
жѧтель	жѧтел҄ь|noun|71506fcaca498097	page:"жѧтель"
жѧтел҄ь	жѧтел҄ь|noun|71506fcaca498097	canonical:"жѧтел҄ь" || source-canonical:"жѧтел҄ь"
жѧтелꙗнинъ	жѧтелꙗнинъ|noun|d9c26cb988d21cca	canonical:"жѧтелꙗнинъ" || page:"жѧтелꙗнинъ"
жѧти	жѧти|verb|d6eebcfa0583b260	canonical:"жѧти" || page:"жѧти"
заблѫдити	заблѫдити|verb|20593bb724d07b8b	canonical:"заблѫдити" || page:"заблѫдити"
забꙑти	забꙑти|verb|eab258edd808cc59	canonical:"забꙑти" || page:"забꙑти"
забꙑть	забꙑть|noun|0ade2436179bbc39	canonical:"забꙑть" || page:"забꙑть"
завида	завида|noun|12be8bb5294a5e15	canonical:"завида" || page:"завида"
завидьливъ	завидьливъ|adj|2ac47a590410383d	canonical:"завидьливъ" || page:"завидьливъ"
завидѣти	завидѣти|verb|15957a97d0f656c6	canonical:"завидѣти" || page:"завидѣти"
зависть	зависть|noun|971d693785d9316f	canonical:"зависть" || page:"зависть"
завистьливъ	завистьливъ|adj|a69e86c5159ebb6d	canonical:"завистьливъ" || page:"завистьливъ"
завистьникъ	завистьникъ|noun|1aa2fb76378f2794	canonical:"завистьникъ" || page:"завистьникъ"
завора	завора|noun|b791c46bf558aa3e	canonical:"завора" || page:"завора"
заврѣти	заврѣти|verb|dea4ec340d943845	canonical:"заврѣти" || page:"заврѣти"
завѣтъ	завѣтъ|noun|4f74d0a124e5a3b9	canonical:"завѣтъ" || page:"завѣтъ"
зажещи	зажещи|verb|cb07e7739d86fc8c	canonical:"зажещи" || page:"зажещи"
зазоръ	зазоръ|noun|94666cda2597f4a8	canonical:"зазоръ" || page:"зазоръ"
заимодавьць	заимодавьць|noun|477cdf9afcad51bb	canonical:"заимодавьць" || page:"заимодавьць"
заимъ	заимъ|noun|a27880c651f04633	canonical:"заимъ" || page:"заимъ"
заклати	заклати|verb|d1992a3f01441d7a	canonical:"заклати" || page:"заклати"
закленѫти	закленѫти|verb|c6778533658fe3fa	canonical:"закленѫти" || page:"закленѫти"
заклинаниѥ	заклинаниѥ|noun|8ede1f986af9c360	canonical:"заклинаниѥ" || page:"заклинаниѥ"
законодавьць	законодавьць|noun|d1fa014b438a6110	canonical:"законодавьць" || page:"законодавьць"
законопрѣстѫпьникъ	законопрѣстѫпьникъ|noun|f710d800151ecd7e	canonical:"законопрѣстѫпьникъ" || page:"законопрѣстѫпьникъ"
законъ	законъ|noun|3e2021b4a6732300	canonical:"законъ" || page:"законъ"
законьникъ	законьникъ|noun|798a024ce8095c64	canonical:"законьникъ" || page:"законьникъ"
закровъ	закровъ|noun|ae19483254ccf3e6	canonical:"закровъ" || page:"закровъ"
замꙑслъ	замꙑслъ|noun|7cfecf811fc1cb4d	canonical:"замꙑслъ" || page:"замꙑслъ"
западъ	западъ|noun|f4be98f4c80ddd19	canonical:"западъ" || page:"западъ"
заповѣдь	заповѣдь|noun|561a88c3c79feb33	canonical:"заповѣдь" || page:"заповѣдь"
запрѣти	запрѣти|verb|8467d2118b13040d	canonical:"запрѣти" || page:"запрѣти"
запрѣтити	запрѣтити|verb|791788ff1b519619	canonical:"запрѣтити" || page:"запрѣтити"
заревъ	заревъ|noun|81ad3051b5ce3040	canonical:"заревъ" || page:"заревъ"
зарокъ	зарокъ|noun|f3827dd9041ac788	canonical:"зарокъ" || page:"зарокъ"
зарꙗ	зарꙗ|noun|1cdfc3c19c972445	canonical:"зарꙗ" || page:"зарꙗ"
застѫпъ	застѫпъ|noun|e6dc506ae29632a6	canonical:"застѫпъ" || page:"застѫпъ"
застѫпьникъ	застѫпьникъ|noun|091ded0729e05d5a	canonical:"застѫпьникъ" || page:"застѫпьникъ"
засѣдьникъ	засѣдьникъ|noun|7f85d4210dc8669a	canonical:"засѣдьникъ" || page:"засѣдьникъ"
затворъ	затворъ|noun|d9a3e85aa3f88384	canonical:"затворъ" || page:"затворъ"
зачало	зачало|noun|6c6e7402f20f8c29	canonical:"зачало" || page:"зачало"
защититель	защитител҄ь|noun|ec790c5a45635e7c	page:"защититель"
защитител҄ь	защитител҄ь|noun|ec790c5a45635e7c	canonical:"защитител҄ь" || source-canonical:"защитител҄ь"
защитити	защитити|verb|4d721aa7ddefd34f	canonical:"защитити" || page:"защитити"
защитьникъ	защитьникъ|noun|226174d601bdbca5	canonical:"защитьникъ" || page:"защитьникъ"
заѧти	заѩти|verb|88d89fda65a00337	alternative:"заѧти"
заѩти	заѩти|verb|88d89fda65a00337	canonical:"заѩти" || page:"заѩти"
заѩць	заѩць|noun|55cde62f0fb0ea96	canonical:"заѩць" || page:"заѩць"
звонити	звонити|verb|89d7d9abf6864a44	canonical:"звонити" || page:"звонити"
звонъ	звонъ|noun|2ad98d1d9e1e5a52	canonical:"звонъ" || page:"звонъ"
звѣзда	звѣзда|noun|75c1d79d338f4483	canonical:"звѣзда" || page:"звѣзда"
звѣзда	ѕвѣзда|noun|ef5ae547cab9dce6	alternative:"звѣзда"
звѣринъ	звѣринъ|adj|c1450f3097538ca7	canonical:"звѣринъ" || page:"звѣринъ"
звѣриньнъ	звѣриньнъ|adj|31f2ea9bcfcba2df	canonical:"звѣриньнъ" || page:"звѣриньнъ"
звѣрокръмьникъ	звѣрокръмьникъ|noun|992428ba1f9e778c	canonical:"звѣрокръмьникъ" || page:"звѣрокръмьникъ"
звѣрь	звѣрь|noun|05384d3a54014dd9	canonical:"звѣрь" || page:"звѣрь"
звѧщи	звѧщи|verb|655aed916e4de574	canonical:"звѧщи" || page:"звѧщи"
зеленъ	зеленъ|adj|866d8f36275b3d33	canonical:"зеленъ" || page:"зеленъ"
зелие	зелиѥ|noun|56a8b13490764729	alternative:"зелие"
зелиѥ	зелиѥ|noun|56a8b13490764729	canonical:"зелиѥ"
зелье	зелиѥ|noun|56a8b13490764729	alternative:"зелье"
зельѥ	зелиѥ|noun|56a8b13490764729	page:"зельѥ"
земл҄ꙗ	земл҄ꙗ|noun|60e9a3198ea41ad8	canonical:"земл҄ꙗ"
землꙗ	земл҄ꙗ|noun|60e9a3198ea41ad8	page:"землꙗ"
земьꙗ	земл҄ꙗ|noun|60e9a3198ea41ad8	alternative:"земьꙗ"
зидати	зьдати|verb|84404ae1c655f014	alternative:"зидати"
зиждитель	зиждитель|noun|f8b493d220586abb	canonical:"зиждитель" || page:"зиждитель"
зима	зима|noun|a98743ef2fd82fbf	canonical:"зима" || page:"зима"
зинѫти	зинѫти|verb|c0d0536e3a787b5e	canonical:"зинѫти" || page:"зинѫти"
злакъ	злакъ|noun|bccc82e25ec1a315	canonical:"злакъ" || page:"злакъ"
златикъ	златикъ|noun|134a1e58be7f49c3	canonical:"златикъ" || page:"златикъ"
злато	злато|noun|c4b6277d10eff2b4	canonical:"злато" || page:"злато"
златьнъ	златьнъ|adj|18ee2170b2e8c27b	canonical:"златьнъ" || page:"златьнъ"
злобьѥ	злобьѥ|noun|aaa88b523e0daa85	canonical:"злобьѥ" || page:"злобьѥ"
зльчь	зльчь|noun|18d6ebb6fe1b1d3d	canonical:"зльчь" || page:"зльчь"
змии	змии|noun|04055c68aa60f6fd	canonical:"змии" || page:"змии"
змиинъ	змьинъ|adj|27ad7c03f6e0ef3f	alternative:"змиинъ"
змиѧ	змиꙗ|noun|2000fb2513dd1d66	alternative:"змиѧ"
змиꙗ	змиꙗ|noun|2000fb2513dd1d66	canonical:"змиꙗ" || page:"змиꙗ"
змьи	змии|noun|04055c68aa60f6fd	alternative:"змьи"
змьинъ	змьинъ|adj|27ad7c03f6e0ef3f	canonical:"змьинъ" || page:"змьинъ"
знамениѥ	знамениѥ|noun|bd17e4dffe2b44dd	canonical:"знамениѥ" || page:"знамениѥ"
знамениѥ	знаменьѥ|noun|08aada1bb2d48ad8	alternative:"знамениѥ"
знаменьѥ	знамениѥ|noun|bd17e4dffe2b44dd	alternative:"знаменьѥ"
знаменьѥ	знаменьѥ|noun|08aada1bb2d48ad8	canonical:"знаменьѥ" || page:"знаменьѥ"
знамѧ	знамѧ|noun|414a543ce1d9c99d	canonical:"знамѧ" || page:"знамѧ"
знати	знати|verb|4058357e72c4d409	canonical:"знати" || page:"знати"
знои	знои|noun|c6c6c18d25a72081	canonical:"знои" || page:"знои"
зоубрь	зѫбръ|noun|4734df0df2464b07	alternative:"зоубрь"
зракъ	зракъ|noun|7cbf92835b27fbe3	canonical:"зракъ" || page:"зракъ"
зрачьнъ	зрачьнъ|adj|fe2df276b5c67a1b	canonical:"зрачьнъ" || page:"зрачьнъ"
зрьно	зрьно|noun|53b5977da9421141	canonical:"зрьно" || page:"зрьно"
зрьцало	зрьцало|noun|714d21bb8a8db632	canonical:"зрьцало" || page:"зрьцало"
зрѣти	зьрѣти|verb|edb31c20e50a27a4	alternative:"зрѣти"
зъбръ	зѫбръ|noun|4734df0df2464b07	alternative:"зъбръ"
зъвати	зъвати|verb|f160427fd8c2c864	canonical:"зъвати" || page:"зъвати"
зълоба	зълоба|noun|38e29fc5e958870d	canonical:"зълоба" || page:"зълоба"
зълобивъ	зълобивъ|adj|52eaacc8981da08d	canonical:"зълобивъ" || page:"зълобивъ"
зълобь	зълобь|noun|f00603106b72194b	canonical:"зълобь" || page:"зълобь"
зъловѣрьство	зъловѣрьство|noun|d9098b296ebc330a	canonical:"зъловѣрьство" || page:"зъловѣрьство"
зълодѣи	зълодѣи|noun|7d566dacf9d630b7	canonical:"зълодѣи" || page:"зълодѣи"
зълъ	зълъ|adj|2b7ddecd9c071a5c	canonical:"зълъ" || page:"зълъ"
зъль	зъль|noun|dbcc089a148fe369	canonical:"зъль" || page:"зъль"
зьданиѥ	зьданиѥ|noun|6bca1870d4008601	canonical:"зьданиѥ" || page:"зьданиѥ"
зьдатель	зьдател҄ь|noun|53eaf2b41b922b15	page:"зьдатель"
зьдател҄ь	зьдател҄ь|noun|53eaf2b41b922b15	canonical:"зьдател҄ь" || source-canonical:"зьдател҄ь"
зьдати	зьдати|verb|84404ae1c655f014	canonical:"зьдати" || page:"зьдати"
зьдъ	зьдъ|noun|6eacc5ea498d0622	canonical:"зьдъ" || page:"зьдъ"
зьрѣти	зьрѣти|verb|edb31c20e50a27a4	canonical:"зьрѣти" || page:"зьрѣти"
зѣница	зѣница|noun|37c6b6dbabd4cc6d	canonical:"зѣница" || page:"зѣница"
зѧбнѫти	зѧбнѫти|verb|c95dcfd58ac30a57	canonical:"зѧбнѫти" || page:"зѧбнѫти"
зѧть	зѧть|noun|db83de56e9dd7c55	canonical:"зѧть" || page:"зѧть"
зѫбръ	зѫбръ|noun|4734df0df2464b07	canonical:"зѫбръ" || page:"зѫбръ"
зѫбъ	зѫбъ|noun|bf42aecbd3f0ecf1	canonical:"зѫбъ" || page:"зѫбъ"
и	и|pron|0819eca1d5f76247	canonical:"и" || page:"и"
игемоновъ	игемоновъ|adj|31f70d040dfe5d69	canonical:"игемоновъ" || page:"игемоновъ"
игемонъ	игемонъ|noun|1862417b607c2a95	canonical:"игемонъ" || page:"игемонъ"
иго	иго|noun|42a2b5961eb52765	canonical:"иго" || page:"иго"
игоумєнъ	игоумєнъ|noun|4254767069fcff71	canonical:"игоумєнъ" || page:"игоумєнъ"
игрь	игрь|noun|47db0a49dbb611dd	canonical:"игрь" || page:"игрь"
игълинъ	игълинъ|adj|3e2bfa58b26f2249	canonical:"игълинъ" || page:"игълинъ"
игъльнъ	игълинъ|adj|3e2bfa58b26f2249	alternative:"игъльнъ"
иже	иже|pron|24fa3266cff04650	canonical:"иже" || page:"иже"
избавитель	избавител҄ь|noun|96e332d43f0c7330	page:"избавитель"
избавител҄ь	избавител҄ь|noun|96e332d43f0c7330	canonical:"избавител҄ь" || source-canonical:"избавител҄ь"
избавити	избавити|verb|fc1ef862e3e13068	canonical:"избавити" || page:"избавити"
избавьникъ	избавьникъ|noun|b08cd9b2aa24dc80	canonical:"избавьникъ" || page:"избавьникъ"
избити	избити|verb|8409fbbbc5cb1d2c	canonical:"избити" || page:"избити"
избрати	избьрати|verb|dcb43f73be862357	alternative:"избрати"
избьранъ	избьранъ|adj|457b73278f0f361f	canonical:"избьранъ" || page:"избьранъ"
избьрати	избьрати|verb|dcb43f73be862357	canonical:"избьрати" || page:"избьрати"
избꙑти	избꙑти|verb|af9551e178ab5487	canonical:"избꙑти" || page:"избꙑти"
избꙑтъкъ	избꙑтъкъ|noun|37f258623d08f63a	canonical:"избꙑтъкъ" || page:"избꙑтъкъ"
извѣстъ	извѣстъ|adj|05e8523d68b3ccf1	canonical:"извѣстъ" || page:"извѣстъ"
извѣсть	извѣсть|noun|601db82f35aae0ed	canonical:"извѣсть" || page:"извѣсть"
извѣтъ	извѣтъ|noun|6cc76a17446409ef	canonical:"извѣтъ" || page:"извѣтъ"
изгнати	изгнати|verb|99e881de2ea4c89c	canonical:"изгнати" || page:"изгнати"
изгънаниѥ	изгънаниѥ|noun|84e3cfb7c5e1b9f4	canonical:"изгънаниѥ" || page:"изгънаниѥ"
изгънати	изгънати|verb|bfea9303b29b9937	canonical:"изгънати" || page:"изгънати"
изгꙑбати	изгꙑбати|verb|795c71a2066f19e1	canonical:"изгꙑбати" || page:"изгꙑбати"
изимати	изимати|verb|6ba6befe7d2c684d	canonical:"изимати" || page:"изимати"
изити	изити|verb|89a921322419b0ad	canonical:"изити" || page:"изити"
измоудьникъ	измоудьникъ|noun|47d1dffb4ee2a74b	canonical:"измоудьникъ" || page:"измоудьникъ"
измѣнити	измѣнити|verb|7602f2ef233f1963	canonical:"измѣнити" || page:"измѣнити"
измꙑти	измꙑти|verb|257c03a094d63070	canonical:"измꙑти" || page:"измꙑти"
изнемошти	изнемощи|verb|d84e2fd753809ccf	alternative:"изнемошти"
изнемощи	изнемощи|verb|d84e2fd753809ccf	canonical:"изнемощи" || page:"изнемощи"
изнести	изнести|verb|b1e9ed8c1a77f29d	canonical:"изнести" || page:"изнести"
изодѣꙗти	изодѣꙗти|verb|4994dcf34f621c43	canonical:"изодѣꙗти" || page:"изодѣꙗти"
изокъ	изокъ|noun|cb831bd43f9e979d	canonical:"изокъ" || page:"изокъ"
изꙑити	изꙑити|verb|60f574ce3f89f880	canonical:"изꙑити" || page:"изꙑити"
икона	икона|noun|371bee8cfcf9270e	canonical:"икона" || page:"икона"
или	илиꙗ|noun|11970901e970fe16	alternative:"Или"
илиꙗ	илиꙗ|noun|11970901e970fe16	canonical:"Илиꙗ" || page:"Илиꙗ"
илїа	илиꙗ|noun|11970901e970fe16	alternative:"Илїа"
иманьѥ	иманьѥ|noun|12822ef888006801	canonical:"иманьѥ" || page:"иманьѥ"
имати	имати|verb|302d359a9c76acd5	canonical:"имати" || page:"имати"
именитъ	именитъ|adj|3f651bb0e92e682d	canonical:"именитъ" || page:"именитъ"
ими	ими|pron|3e1aae82a162fad6	canonical:"ими" || page:"ими"
имѣниице	имѣниице|noun|d80b2e3a4c199e34	canonical:"имѣниице" || page:"имѣниице"
имѣниѥ	имѣниѥ|noun|c3660d9299319fa4	canonical:"имѣниѥ" || page:"имѣниѥ"
имѣнѥ	имѣниѥ|noun|c3660d9299319fa4	alternative:"имѣнѥ"
имѣти	имѣти|verb|f6e0c003947430f3	canonical:"имѣти" || page:"имѣти"
имѧ	имѧ|noun|753b97464d9e34f7	canonical:"имѧ" || page:"имѧ"
иновѣрьникъ	иновѣрьникъ|noun|f1b2813195a4f568	canonical:"иновѣрьникъ" || page:"иновѣрьникъ"
инокость	инокость|noun|7d15499ccb864a45	canonical:"инокость" || page:"инокость"
инокъ	инокъ|adj|bbbfec1eb6b7d407	canonical:"инокъ" || page:"инокъ"
иноплеменьникъ	иноплеменьникъ|noun|5620777e6c7b462e	canonical:"иноплеменьникъ" || page:"иноплеменьникъ"
инорогь	еднорогъ|noun|d4d3a8290370e150	alternative:"инорогь"
инословьѥ	инословьѥ|noun|c64c3f2f1a6fa917	canonical:"инословьѥ" || page:"инословьѥ"
иностраньникъ	иностраньникъ|noun|216e02b20fc8805e	canonical:"иностраньникъ" || page:"иностраньникъ"
иночьскъ	иночьскъ|adj|071fa54a1da48fc7	canonical:"иночьскъ" || page:"иночьскъ"
иночьство	иночьство|noun|5fb468619673789c	canonical:"иночьство" || page:"иночьство"
иноѩзꙑчьникъ	иноѩзꙑчьникъ|noun|a3b0f819cc479cf9	canonical:"иноѩзꙑчьникъ" || page:"иноѩзꙑчьникъ"
иоаннъ	иоанъ|noun|7b2edbfa4061b7ff	alternative:"Иоаннъ"
иоанъ	иоанъ|noun|7b2edbfa4061b7ff	canonical:"Иоанъ" || page:"Иоанъ"
иоси	иосиꙗ|noun|605ca00085ce7a0b	alternative:"Иоси"
иоси	иосьꙗ|noun|7911ad8a570ae127	alternative:"Иоси"
иосии	иосиꙗ|noun|605ca00085ce7a0b	alternative:"Иосии"
иосии	иосьꙗ|noun|7911ad8a570ae127	alternative:"Иосии"
иосиꙗ	иосиꙗ|noun|605ca00085ce7a0b	canonical:"Иосиꙗ" || page:"Иосиꙗ"
иосиꙗ	иосьꙗ|noun|7911ad8a570ae127	alternative:"Иосиꙗ"
иосьи	иосиꙗ|noun|605ca00085ce7a0b	alternative:"Иосьи"
иосьи	иосьꙗ|noun|7911ad8a570ae127	alternative:"Иосьи"
иосьꙗ	иосиꙗ|noun|605ca00085ce7a0b	alternative:"Иосьꙗ"
иосьꙗ	иосьꙗ|noun|7911ad8a570ae127	canonical:"Иосьꙗ" || page:"Иосьꙗ"
ирѧбь	ерѧбица|noun|9802919987746a01	alternative:"ирѧбь"
искати	искати|verb|c1aaa7f9aa273cc8	canonical:"искати" || page:"искати"
искоуситель	искоусител҄ь|noun|78088876afcc3155	page:"искоуситель"
искоусител҄ь	искоусител҄ь|noun|78088876afcc3155	canonical:"искоусител҄ь" || source-canonical:"искоусител҄ь"
искоусити	искоусити|verb|4a14b101f0c9c748	canonical:"искоусити" || page:"искоусити"
искоусъ	искоусъ|noun|0289eb77770d99dc	canonical:"искоусъ" || page:"искоусъ"
искоусьникъ	искоусьникъ|noun|761f509d187410bc	canonical:"искоусьникъ" || page:"искоусьникъ"
искоушати	искоушати|verb|b262fec1445ce6b0	canonical:"искоушати" || page:"искоушати"
искра	искра|noun|94fcfd66b8621c58	canonical:"искра" || page:"искра"
искрачило	искрачило|noun|f034c57da90eb12a	canonical:"искрачило" || page:"искрачило"
искрьнь	искрьн҄ь|adj|035ba4fb630ae5b6	page:"искрьнь"
искрьн҄ь	искрьн҄ь|adj|035ba4fb630ae5b6	canonical:"искрьн҄ь" || source-canonical:"искрьн҄ь"
испещи	испещи|verb|801e6b93ddc45ba0	canonical:"испещи" || page:"испещи"
испльнити	испльнити|verb|41cc0090c5ea136e	canonical:"испльнити" || page:"испльнити"
испльнь	испльнь|adj|1e3ec5f9b5f8b8fa	canonical:"испльнь" || page:"испльнь"
исповѣдь	исповѣдь|noun|ecd01075353cbd65	canonical:"исповѣдь" || page:"исповѣдь"
исповѣдьникъ	исповѣдьникъ|noun|48509cc0c69a4c9a	canonical:"исповѣдьникъ" || page:"исповѣдьникъ"
исполинъ	исполинъ|noun|598d6ad2318c7430	canonical:"исполинъ" || page:"исполинъ"
исправити	исправити|verb|1d6481e327335eae	canonical:"исправити" || page:"исправити"
испꙑтигнѣвъ	испꙑтигнѣвъ|noun|09eb886e3b7185a5	canonical:"Испꙑтигнѣвъ" || page:"Испꙑтигнѣвъ"
испꙑть	испꙑть|noun|88de0b55361536e1	canonical:"испꙑть" || page:"испꙑть"
истещи	истещи|verb|311a8fad092653b1	canonical:"истещи" || page:"истещи"
истина	истина|noun|c6b200b2a76187ad	canonical:"истина" || page:"истина"
исто	исто|noun|e3f9d51a0d3700af	canonical:"исто" || page:"исто"
истовъ	истовъ|adj|03b3cd03eec82449	canonical:"истовъ" || page:"истовъ"
истонѫти	истонѫти|verb|4e65f8faf40dcc20	canonical:"истонѫти" || page:"истонѫти"
источьникъ	источьникъ|noun|124fd910e66ce081	canonical:"источьникъ" || page:"источьникъ"
истръгнѫти	истръгнѫти|verb|b7bcdddae6d9c3bf	canonical:"истръгнѫти" || page:"истръгнѫти"
истрьти	истрьти|verb|c2a4abf2096a3d56	canonical:"истрьти" || page:"истрьти"
истрѣти	истрьти|verb|c2a4abf2096a3d56	alternative:"истрѣти"
истъ	истъ|adj|843c6d4c2bd870d3	canonical:"истъ" || page:"истъ"
истъба	истъба|noun|a9b44578b8a637b7	canonical:"истъба" || page:"истъба"
истьлѣти	истьлѣти|verb|0cae6698a9af8593	canonical:"истьлѣти" || page:"истьлѣти"
истьщити	истьщити|verb|33d2d489fff327ae	canonical:"истьщити" || page:"истьщити"
истѧѕати	истѧѕати|verb|51925638dcd0e0b5	canonical:"истѧѕати" || page:"истѧѕати"
исходатаиникъ	исходатаиникъ|noun|1ffd5bc2e66fb747	canonical:"исходатаиникъ" || page:"исходатаиникъ"
исходити	исходити|verb|23872175a4f488d3	canonical:"исходити" || page:"исходити"
исходище	исходище|noun|27071c8190be8d48	canonical:"исходище" || page:"исходище"
исцѣлитель	исцѣлител҄ь|noun|6297dc22353e6944	page:"исцѣлитель"
исцѣлител҄ь	исцѣлител҄ь|noun|6297dc22353e6944	canonical:"исцѣлител҄ь" || source-canonical:"исцѣлител҄ь"
исцѣлити	исцѣлити|verb|6430daf53cd6e00b	canonical:"исцѣлити" || page:"исцѣлити"
исѣшти	исѣщи|verb|87075a05bcd845e4	alternative:"исѣшти"
исѣщи	исѣщи|verb|87075a05bcd845e4	canonical:"исѣщи" || page:"исѣщи"
исѧкнѫти	исѧкнѫти|verb|7686d7fe529ca8ea	canonical:"исѧкнѫти" || page:"исѧкнѫти"
италиꙗ	италиꙗ|noun|3a2f3e937c5c7686	canonical:"Италиꙗ" || page:"Италиꙗ"
ити	ити|verb|f210f28911d602ed	canonical:"ити" || page:"ити"
ицѣлити	исцѣлити|verb|6430daf53cd6e00b	alternative:"ицѣлити"
ицѣльба	ицѣльба|noun|a61fd3042683b8ba	canonical:"ицѣльба" || page:"ицѣльба"
ищазати	ищазати|verb|5dc960b4b2416ad6	canonical:"ищазати" || page:"ищазати"
ищезнѫти	ищезнѫти|verb|24424386586a6080	canonical:"ищезнѫти" || page:"ищезнѫти"
июнии	июнии|noun|cdcc658797b360d6	canonical:"июнии" || page:"июнии"
иєлиѧ	илиꙗ|noun|11970901e970fe16	alternative:"Иєлиѧ"
иꙗковъ	иꙗковъ|noun|494398982075d7bf	canonical:"Иꙗковъ" || page:"Иꙗковъ"
кагръличищь	кагръличищь|noun|585275bf264d1b49	canonical:"кагръличищь" || page:"кагръличищь"
кадило	кадило|noun|128ae7c8118158ae	canonical:"кадило" || page:"кадило"
кадити	кадити|verb|6a20c6927e1d6711	canonical:"кадити" || page:"кадити"
каженикъ	каженикъ|noun|1e285d7527f1fb07	canonical:"каженикъ" || page:"каженикъ"
казаниѥ	казаниѥ|noun|8cb794251d00cb29	canonical:"казаниѥ" || page:"казаниѥ"
казатель	казател҄ь|noun|ad4922ad323bd521	page:"казатель"
казател҄ь	казател҄ь|noun|ad4922ad323bd521	canonical:"казател҄ь" || source-canonical:"казател҄ь"
казати	казати|verb|f311df69f0da2b54	canonical:"казати" || page:"казати"
казнь	казнь|noun|0f96038296fa97d5	canonical:"казнь" || page:"казнь"
казньць	казньць|noun|f13e0d90723a44a5	canonical:"казньць" || page:"казньць"
каинъ	каинъ|noun|28126b58b795bf5f	canonical:"Каинъ" || page:"Каинъ"
калъ	калъ|noun|51afdc65516023dc	canonical:"калъ" || page:"калъ"
камение	каменьѥ|noun|ca53fb9faa945dc1	alternative:"камение"
камениѥ	каменьѥ|noun|ca53fb9faa945dc1	alternative:"камениѥ"
каменьѥ	каменьѥ|noun|ca53fb9faa945dc1	canonical:"каменьѥ" || page:"каменьѥ"
камѣнъ	камѣнъ|adj|9244ed95ea337b7d	canonical:"камѣнъ" || page:"камѣнъ"
камꙑ	камꙑ|noun|19d2638d10c3ebb7	canonical:"камꙑ" || page:"камꙑ"
канѫти	канѫти|verb|b3e1bc7f153b696e	canonical:"канѫти" || page:"канѫти"
капати	капати|verb|144a486dace1901e	canonical:"капати" || page:"капати"
капиште	капище|noun|c9cddc33ad6530d0	alternative:"капиште"
капище	капище|noun|c9cddc33ad6530d0	canonical:"капище" || page:"капище"
каплꙗ	каплꙗ|noun|a52352a8fddf7282	canonical:"каплꙗ" || page:"каплꙗ"
капь	капь|noun|840143cc6d79aad7	canonical:"капь" || page:"капь"
капꙗ	капꙗ|noun|06264cd75b705323	canonical:"капꙗ" || page:"капꙗ"
каꙗзнь	каꙗзнь|noun|4bea35fd81813bbb	canonical:"каꙗзнь" || page:"каꙗзнь"
каꙗти	каꙗти|verb|1b95a75938d9b231	canonical:"каꙗти" || page:"каꙗти"
квасъ	квасъ|noun|7cab38b000a36152	canonical:"квасъ" || page:"квасъ"
китъ	к҄итъ|noun|5a46e4ab1309dc98	page:"китъ"
клада	клада|noun|321621a280ef5a77	canonical:"клада" || page:"клада"
кладѧзь	кладѧѕь|noun|aec9a652d1f7d6a5	alternative:"кладѧзь"
кладѧѕь	кладѧѕь|noun|aec9a652d1f7d6a5	canonical:"кладѧѕь" || page:"кладѧѕь"
кланꙗти	кланꙗти|verb|b5a12836ccebdc6b	canonical:"кланꙗти" || page:"кланꙗти"
класти	класти|verb|e77be6cd0519f1d5	canonical:"класти" || page:"класти"
класъ	класъ|noun|e71d97343f5e57af	canonical:"класъ" || page:"класъ"
клати	клати|verb|123e0ae7caaca308	canonical:"клати" || page:"клати"
клевета	клевета|noun|27038e4364d0585d	canonical:"клевета" || page:"клевета"
клеветарь	клеветарь|noun|fa0975310b305866	canonical:"клеветарь" || page:"клеветарь"
клеветати	клеветати|verb|b65889943f6cdccc	canonical:"клеветати" || page:"клеветати"
клеветьникъ	клеветьникъ|noun|0a047bc2ea2c0ca6	canonical:"клеветьникъ" || page:"клеветьникъ"
кликнѫти	кликнѫти|verb|684f37c9063dc21c	canonical:"кликнѫти" || page:"кликнѫти"
клирикъ	клирикъ|noun|63bc3363f08ff4ad	canonical:"клирикъ" || page:"клирикъ"
клиросьникъ	клиросьникъ|noun|b0ca128dbdeb25c8	canonical:"клиросьникъ" || page:"клиросьникъ"
клокотати	клокотати|verb|b4387116af83440b	canonical:"клокотати" || page:"клокотати"
клопотивъ	клопотивъ|adj|7cd370f1b11ed805	canonical:"клопотивъ" || page:"клопотивъ"
клопотъ	клопотъ|noun|bb9b8c4ba1750c43	canonical:"клопотъ" || page:"клопотъ"
кльчьтъ	кльчьтъ|noun|8ba497f18c135741	canonical:"кльчьтъ" || page:"кльчьтъ"
клюсѧ	клюсѧ|noun|37ffc0ca53589b02	canonical:"клюсѧ" || page:"клюсѧ"
ключарь	ключарь|noun|804ece7e350baa00	canonical:"ключарь" || page:"ключарь"
ключити	ключити|verb|f103f408cbdfe91e	canonical:"ключити" || page:"ключити"
ключь	ключь|noun|888ff505b56d17cc	canonical:"ключь" || page:"ключь"
клѣть	клѣть|noun|9a62f1d06c07c36d	canonical:"клѣть" || page:"клѣть"
клѣтька	клѣтька|noun|3aae25623d04f5a7	canonical:"клѣтька" || page:"клѣтька"
клѧтва	клѧтва|noun|1269fe8ad5383504	canonical:"клѧтва" || page:"клѧтва"
клѧти	клѧти|verb|363516f027eb6b9d	canonical:"клѧти" || page:"клѧти"
книгьчыи	кън҄игъчии|noun|613dbbbb058337a1	alternative:"книгьчыи"
кнѧзь	кънѧѕь|noun|c67748f461392a0f	alternative:"кнѧзь"
кобь	кобь|noun|06f02f26157ce88b	canonical:"кобь" || page:"кобь"
кобꙑла	кобꙑла|noun|7ce064270e8a6411	canonical:"кобꙑла" || page:"кобꙑла"
ковати	ковати|verb|1ae22f5d804d1159	canonical:"ковати" || page:"ковати"
ковъ	ковъ|noun|23a4ede0e9133227	canonical:"ковъ" || page:"ковъ"
ковьникъ	ковьникъ|noun|43ba7e461c890406	canonical:"ковьникъ" || page:"ковьникъ"
ковьчегъ	ковьчегъ|noun|28bc83e9ef7951af	canonical:"ковьчегъ" || page:"ковьчегъ"
ковьчежьць	ковьчежьць|noun|ae0b1f9815d9a4d7	canonical:"ковьчежьць" || page:"ковьчежьць"
кожа	кожа|noun|24724bb19abea41c	canonical:"кожа" || page:"кожа"
коза	коза|noun|8f941f7baff385c7	canonical:"коза" || page:"коза"
козла	козла|noun|e99d9ddecf7a34b2	canonical:"козла" || page:"козла"
козьлищь	козьлищь|noun|57ac3ba224c3a6a3	canonical:"козьлищь" || page:"козьлищь"
козьлъ	козьлъ|noun|a2b6f4d976145589	canonical:"козьлъ" || page:"козьлъ"
козьлѧ	козьлѧ|noun|7bb20a2c85eb5673	canonical:"козьлѧ" || page:"козьлѧ"
кокотъ	кокотъ|noun|eea6bf8ea81f8d20	canonical:"кокотъ" || page:"кокотъ"
кокошь	кокошь|noun|2ef23ec1fda90e25	canonical:"кокошь" || page:"кокошь"
кола	кола|noun|b4bebc1d15ef55a5	canonical:"кола" || page:"кола"
коло	коло|noun|13c1626591271f79	canonical:"коло" || page:"коло"
колъ	колъ|noun|58c857a24065b9a0	canonical:"колъ" || page:"колъ"
колѣбати	колѣбати|verb|ad06bbeb723cc92e	canonical:"колѣбати" || page:"колѣбати"
колѣно	колѣно|noun|ef69504aba111acb	canonical:"колѣно" || page:"колѣно"
колѧда	колѧда|noun|e46e95271d0c0c72	canonical:"колѧда" || page:"колѧда"
конобъ	конобъ|noun|8138f4d0f620fd7a	canonical:"конобъ" || page:"конобъ"
конопъ	конопь|noun|1eee1899aa3db5b5	alternative:"конопъ"
конопь	конопь|noun|1eee1899aa3db5b5	canonical:"конопь" || page:"конопь"
конь	конь|noun|b88e60228c8308af	canonical:"конь" || page:"конь"
конь	кон҄ь|noun|4119966262dce409	page:"конь"
коньць	коньць|noun|8365c42b8673e600	canonical:"коньць" || page:"коньць"
коньчина	коньчина|noun|73b632d35a9645a2	canonical:"коньчина" || page:"коньчина"
кон҄ь	кон҄ь|noun|4119966262dce409	canonical:"кон҄ь" || source-canonical:"кон҄ь"
копати	копати|verb|7c2dadf09ceb9c76	canonical:"копати" || page:"копати"
копииникъ	копииникъ|noun|bee4fa81cb3c5d2b	canonical:"копииникъ" || page:"копииникъ"
копиѥ	копиѥ|noun|aab81f2a5c821ca1	canonical:"копиѥ" || page:"копиѥ"
копръ	копръ|noun|ce3704e3fb7fb03d	canonical:"копръ" || page:"копръ"
корабль	корабл҄ь|noun|1c62811e40612f5e	page:"корабль"
корабльникъ	корабл҄ьникъ|noun|b904d2c2fac50a4c	page:"корабльникъ"
корабл҄ь	корабл҄ь|noun|1c62811e40612f5e	canonical:"корабл҄ь" || source-canonical:"корабл҄ь"
корабл҄ьникъ	корабл҄ьникъ|noun|b904d2c2fac50a4c	canonical:"корабл҄ьникъ" || source-canonical:"корабл҄ьникъ"
корабъ	корабь|noun|35b007cc7371e179	alternative:"корабъ"
корабь	корабь|noun|35b007cc7371e179	canonical:"корабь" || page:"корабь"
корабьчии	корабьчии|noun|2da91d2f7c8c69f0	canonical:"корабьчии" || page:"корабьчии"
корабьчии	корабьчьи|noun|d6953816eae2fc21	alternative:"корабьчии"
корабьчьи	корабьчии|noun|2da91d2f7c8c69f0	alternative:"корабьчьи"
корабьчьи	корабьчьи|noun|d6953816eae2fc21	canonical:"корабьчьи" || page:"корабьчьи"
корень	корꙑ|noun|15af5affb11ac318	page:"корень"
кореньѥ	кореньѥ|noun|ed1eac531d811dbf	canonical:"кореньѥ" || page:"кореньѥ"
користь	користь|noun|a5828cdef8577b29	canonical:"користь" || page:"користь"
корити	корити|verb|3e92b7d633996f88	canonical:"корити" || page:"корити"
корьць	корьць|noun|a766231f8ff852aa	canonical:"корьць" || page:"корьць"
корꙑ	корꙑ|noun|15af5affb11ac318	canonical:"корꙑ"
коснѫти	коснѫти|verb|0f1818ed23762d09	canonical:"коснѫти" || page:"коснѫти"
кость	кость|noun|79039f3bc1a3d8cf	canonical:"кость" || page:"кость"
котора	котора|noun|891a528a78db0fab	canonical:"котора" || page:"котора"
котъ	котъка|noun|4e375299477707bc	alternative:"котъ"
котъка	котъка|noun|4e375299477707bc	canonical:"котъка" || page:"котъка"
котьлъ	котьлъ|noun|81ba0dbeefacebdd	canonical:"котьлъ" || page:"котьлъ"
коудити	коудити|verb|d188f044747e2947	canonical:"коудити" || page:"коудити"
коумиръ	коумиръ|noun|12ec48d710dff036	canonical:"коумиръ" || page:"коумиръ"
коупити	коупити|verb|ab9c25f89b0ed22b	canonical:"коупити" || page:"коупити"
коуплꙗ	коуплꙗ|noun|424636ea1fb944a0	canonical:"коуплꙗ" || page:"коуплꙗ"
коупъ	коупъ|noun|d7c837e4039585ee	canonical:"коупъ" || page:"коупъ"
коупьцъ	коупьцъ|noun|95f98c332865e7e8	canonical:"коупьцъ"
коупьць	коупьцъ|noun|95f98c332865e7e8	page:"коупьць"
коуръ	коуръ|noun|1f537bbba8356aac	canonical:"коуръ" || page:"коуръ"
кошара	кошара|noun|b31a085313c91a21	canonical:"кошара" || page:"кошара"
кошь	кошь|noun|bc637f48b663b59c	canonical:"кошь" || page:"кошь"
кошьница	кошьница|noun|f355943a74cb66c2	canonical:"кошьница" || page:"кошьница"
крабии	крабии|noun|3d72f1bb830be94c	canonical:"крабии" || page:"крабии"
крабии	крабьи|noun|8393411a6f2864fb	alternative:"крабии"
крабьи	крабии|noun|3d72f1bb830be94c	alternative:"крабьи"
крабьи	крабьи|noun|8393411a6f2864fb	canonical:"крабьи" || page:"крабьи"
крагуи	крагуи|noun|9e30968adcd75e7b	canonical:"крагуи"
крагуі	крагуи|noun|9e30968adcd75e7b	page:"крагуі"
крада	крада|noun|70e15edca4dfb99d	canonical:"крада" || page:"крада"
краи	краи|noun|012a39e059378279	canonical:"краи" || page:"краи"
крамола	крамола|noun|6050d830962055d4	canonical:"крамола" || page:"крамола"
крамольникъ	крамольникъ|noun|7b109777ba1b77a7	canonical:"крамольникъ" || page:"крамольникъ"
краса	краса|noun|48d71aab82916728	canonical:"краса" || page:"краса"
красити	красити|verb|e16f9a43c6bcbf99	canonical:"красити" || page:"красити"
красота	красота|noun|e23973f966505bfa	canonical:"красота" || page:"красота"
краста	краста|noun|37770c2ccfa0834d	canonical:"краста" || page:"краста"
красти	красти|verb|ab7505c5976d8c61	canonical:"красти" || page:"красти"
крастѣль	крастѣль|noun|2bb48396f16e4659	canonical:"крастѣль" || page:"крастѣль"
кратъ	кратъ|noun|ae88a8b0d3bb4f05	canonical:"кратъ" || page:"кратъ"
кратъкъ	кратъкъ|adj|3f8baeef96653c59	canonical:"кратъкъ" || page:"кратъкъ"
кремꙑ	кремꙑ|noun|4df70e70f1af5825	canonical:"кремꙑ" || page:"кремꙑ"
крилатъ	крилатъ|adj|79fb49cb7b680257	canonical:"крилатъ" || page:"крилатъ"
крилатьць	крилатьць|noun|68c97ca26290ca7d	canonical:"крилатьць" || page:"крилатьць"
крило	крило|noun|7406179c2a8228d8	canonical:"крило" || page:"крило"
криница	криница|noun|b1e43fbab4836a76	canonical:"криница" || page:"криница"
кринъ	кринъ|noun|241ecb1d9d7cfb43	canonical:"кринъ" || page:"кринъ"
кричава	кричава|noun|73bed4708a681cbb	canonical:"кричава" || page:"кричава"
кричати	кричати|verb|656c14c0f62ba937	canonical:"кричати" || page:"кричати"
кричь	кричь|noun|24b7d1e4353a3993	canonical:"кричь" || page:"кричь"
кровъ	кровъ|noun|419c02b2008d627a	canonical:"кровъ" || page:"кровъ"
кронъ	кронъ|noun|f1a21570b0144e17	canonical:"кронъ" || page:"Кронъ"
кропити	кропити|verb|1902ebcaf5e72391	canonical:"кропити" || page:"кропити"
кроплꙗ	кроплꙗ|noun|b16f91765f6df913	canonical:"кроплꙗ" || page:"кроплꙗ"
кротити	кротити|verb|20f24fb3a7a040db	canonical:"кротити" || page:"кротити"
кротолюбьць	кротолюбьць|noun|aad0aa61e1d10c5c	canonical:"кротолюбьць" || page:"кротолюбьць"
кротость	кротость|noun|ab45c80055f803bb	canonical:"кротость" || page:"кротость"
кротъкъ	кротъкъ|adj|296be03877ae031d	canonical:"кротъкъ" || page:"кротъкъ"
кръваввъ	кръваввъ|adj|78da8d3e5479c51f	canonical:"кръваввъ"
кръвавъ	кръваввъ|adj|78da8d3e5479c51f	page:"кръвавъ"
кръвоточица	кръвоточицꙗ|noun|ca99b9f9758a9be2	page:"кръвоточица"
кръвоточицꙗ	кръвоточицꙗ|noun|ca99b9f9758a9be2	canonical:"кръвоточицꙗ"
кръма	кръма|noun|4aa22473a4b4e2f4	canonical:"кръма" || page:"кръма"
кръмити	кръмити|verb|460ad175d2d7cddd	canonical:"кръмити" || page:"кръмити"
кръмлѥникъ	кръмлѥникъ|noun|dddf8ab9cad2949a	canonical:"кръмлѥникъ" || page:"кръмлѥникъ"
кръмлѥньѥ	кръмлѥньѥ|noun|b951a365672536e8	canonical:"кръмлѥньѥ" || page:"кръмлѥньѥ"
кръмлꙗ	кръмлꙗ|noun|a5602ba8547898f9	canonical:"кръмлꙗ" || page:"кръмлꙗ"
кръмьникъ	кръмьникъ|noun|b3738ce4f8268fda	canonical:"кръмьникъ" || page:"кръмьникъ"
кръмьчии	кръмьчии|noun|800e4559d4a22b5f	canonical:"кръмьчии" || page:"кръмьчии"
кръмьчьи	кръмьчии|noun|800e4559d4a22b5f	alternative:"кръмьчьи"
кръмьчьи	кръмьчьи|noun|2e46c4f7bbdce9d8	canonical:"кръмьчьи" || page:"кръмьчьи"
кръститель	кръститель|noun|3b9fd5eb7be2202b	canonical:"кръститель" || page:"кръститель"
кръститель	крьстител҄ь|noun|b17299b911675f18	alternative:"кръститель"
кръчьма	кръчьма|noun|9ce50baae25981dd	canonical:"кръчьма" || page:"кръчьма"
кръчьмарица	кръчьмарица|noun|59ec5ac24be79ae8	canonical:"кръчьмарица" || page:"кръчьмарица"
кръчьмарь	кръчьмар҄|noun|7d8d66d74ed3fc2c	page:"кръчьмарь"
кръчьмар҄	кръчьмар҄|noun|7d8d66d74ed3fc2c	canonical:"кръчьмар҄" || source-canonical:"кръчьмар҄"
крьмити	крьмити|verb|b5ec486b36ed908e	canonical:"крьмити" || page:"крьмити"
крьститель	крьстител҄ь|noun|b17299b911675f18	page:"крьститель"
крьстител҄ь	кръститель|noun|3b9fd5eb7be2202b	alternative:"крьстител҄ь"
крьстител҄ь	крьстител҄ь|noun|b17299b911675f18	canonical:"крьстител҄ь" || source-canonical:"крьстител҄ь"
крьстити	крьстити|verb|5d668c9e2319591f	canonical:"крьстити" || page:"крьстити"
крьстиꙗнинъ	крьстиꙗнинъ|noun|db6c43a374e1f2c7	canonical:"крьстиꙗнинъ" || page:"крьстиꙗнинъ"
крьстиꙗнꙑни	крьстиꙗнꙑн҄и|noun|6e148bdf96a12bbe	page:"крьстиꙗнꙑни"
крьстиꙗнꙑн҄и	крьстиꙗнꙑн҄и|noun|6e148bdf96a12bbe	canonical:"крьстиꙗнꙑн҄и" || source-canonical:"крьстиꙗнꙑн҄и"
крьстъ	крьстъ|noun|eb405c1c81891d3b	canonical:"крьстъ" || page:"крьстъ"
крѣпость	крѣпость|noun|a30dba0673f33f61	canonical:"крѣпость" || page:"крѣпость"
крѣпъ	крѣпъ|adj|69c7495ee1d85507	canonical:"крѣпъ" || page:"крѣпъ"
крѣпъкъ	крѣпъкъ|adj|83799a41f78321ea	canonical:"крѣпъкъ" || page:"крѣпъкъ"
крѫгъ	крѫгъ|noun|15285a6a7ac13500	canonical:"крѫгъ" || page:"крѫгъ"
крꙑ	крꙑ|noun|9d8ea29fd5711df0	canonical:"крꙑ" || page:"крꙑ"
крꙑти	крꙑти|verb|9e8076c2ac64a96f	canonical:"крꙑти" || page:"крꙑти"
къзнь	къзнь|noun|29c8ecfe8081be87	canonical:"къзнь" || page:"къзнь"
къзньникъ	къзньникъ|noun|07c58a6efe4e39fa	canonical:"къзньникъ" || page:"къзньникъ"
къкън҄ь	къкънꙗ|noun|76cf9e088f6628bb	alternative:"къкън҄ь"
къкънꙗ	къкънꙗ|noun|76cf9e088f6628bb	canonical:"къкънꙗ" || page:"къкънꙗ"
къмотра	къмотра|noun|16271bf1e3a69f2c	canonical:"къмотра" || page:"къмотра"
кънигъчии	кън҄игъчии|noun|613dbbbb058337a1	page:"кънигъчии"
кънигъчьи	кън҄игъчьи|noun|3eb70d0a9c821fb0	page:"кънигъчьи"
кънигꙑ	кън҄игꙑ|noun|74f4297b7fedcb26	page:"кънигꙑ"
кънижьникъ	кън҄ижьникъ|noun|6217e04b9fd3bb2e	page:"кънижьникъ"
кънѧзь	кънѧзь|noun|a8c610c0250b965e	canonical:"кънѧзь" || page:"кънѧзь"
кънѧзь	кънѧѕь|noun|c67748f461392a0f	alternative:"кънѧзь"
кънѧѕь	кънѧѕь|noun|c67748f461392a0f	canonical:"кънѧѕь" || page:"кънѧѕь"
кън҄игъчии	кън҄игъчии|noun|613dbbbb058337a1	canonical:"кън҄игъчии" || source-canonical:"кън҄игъчии"
кън҄игъчьи	кън҄игъчии|noun|613dbbbb058337a1	alternative:"кън҄игъчьи"
кън҄игъчьи	кън҄игъчьи|noun|3eb70d0a9c821fb0	canonical:"кън҄игъчьи" || source-canonical:"кън҄игъчьи"
кън҄игꙑ	кън҄игꙑ|noun|74f4297b7fedcb26	canonical:"кън҄игꙑ" || source-canonical:"кън҄игꙑ"
кън҄ижьникъ	кън҄ижьникъ|noun|6217e04b9fd3bb2e	canonical:"кън҄ижьникъ" || source-canonical:"кън҄ижьникъ"
къто	къто|pron|9812741981052327	canonical:"къто" || page:"къто"
кѫпати	кѫпати|verb|c6a076918a2b0907	canonical:"кѫпати" || page:"кѫпати"
кѫпина	кѫпина|noun|f9a148e815abbdae	canonical:"кѫпина" || page:"кѫпина"
кѫпѣль	кѫпѣль|noun|f6bd00aa35cd43bd	canonical:"кѫпѣль" || page:"кѫпѣль"
кѫсати	кѫсати|verb|75e5704571ed1dcb	canonical:"кѫсати" || page:"кѫсати"
кѫтъ	кѫтъ|noun|73debf76ce624c6d	canonical:"кѫтъ" || page:"кѫтъ"
кѵпръ	к҄ѵпръ|noun|d8e3461cb3ce2fcc	page:"кѵпръ"
кѵпрьскъ	к҄ѵпрьскъ|adj|d8c5617f6004dc83	page:"кѵпрьскъ"
к҄итъ	к҄итъ|noun|5a46e4ab1309dc98	canonical:"к҄итъ" || source-canonical:"к҄итъ"
к҄ѵпръ	к҄ѵпръ|noun|d8e3461cb3ce2fcc	canonical:"к҄ѵпръ" || source-canonical:"к҄ѵпръ"
к҄ѵпрьскъ	к҄ѵпрьскъ|adj|d8c5617f6004dc83	canonical:"к҄ѵпрьскъ" || source-canonical:"к҄ѵпрьскъ"
кꙑзнь	къзнь|noun|29c8ecfe8081be87	alternative:"кꙑзнь"
кꙑи	кꙑи|det|7986505c4595d0d6	canonical:"кꙑи" || page:"кꙑи"
кꙑка	кꙑка|noun|9416bb9a64eec301	canonical:"кꙑка" || page:"кꙑка"
кꙑла	кꙑла|noun|238366050f7ebc3f	canonical:"кꙑла" || page:"кꙑла"
кꙑпѣти	кꙑпѣти|verb|4ba1610de212eedc	canonical:"кꙑпѣти" || page:"кꙑпѣти"
кꙑснѫти	кꙑснѫти|verb|3913176629043167	canonical:"кꙑснѫти" || page:"кꙑснѫти"
кꙑсѣлъ	кꙑсѣлъ|adj|5eaa034bb6aedf73	canonical:"кꙑсѣлъ" || page:"кꙑсѣлъ"
лаврентии	лаврентииъ|noun|d3c9b7bb7e308563	page:"Лаврентии"
лаврентииъ	лаврентииъ|noun|d3c9b7bb7e308563	canonical:"Лаврентииъ"
лавь	львъ|noun|ffb2386632f31638	alternative:"лавь"
ладии	алъдии|noun|60ab9b3754085273	alternative:"ладии"
ладии	алъдьи|noun|13a8c8881fa7d9a0	alternative:"ладии"
ладии	ладии|noun|e342ec0ea8027d80	canonical:"ладии" || page:"ладии"
ладии	ладьи|noun|67a100f2c6185da5	alternative:"ладии"
ладьи	алъдии|noun|60ab9b3754085273	alternative:"ладьи"
ладьи	алъдьи|noun|13a8c8881fa7d9a0	alternative:"ладьи"
ладьи	ладии|noun|e342ec0ea8027d80	alternative:"ладьи"
ладьи	ладьи|noun|67a100f2c6185da5	canonical:"ладьи" || page:"ладьи"
лазити	лазити|verb|8dbc2e9f6caf6f0e	canonical:"лазити" || page:"лазити"
лакати	алкати|verb|0d7b6910a0449e00	alternative:"лакати"
лакати	алъкати|verb|97a9629cb5965863	alternative:"лакати"
лакъть	лакъть|noun|2ece1cb1daaa740c	canonical:"лакъть" || page:"лакъть"
ланита	ланита|noun|6a9c3e57a6064141	canonical:"ланита" || page:"ланита"
лаоурентии	лаврентииъ|noun|d3c9b7bb7e308563	alternative:"Лаоурентии"
ласкрьдь	ласкрьдь|noun|6c2741a941fc6729	canonical:"ласкрьдь" || page:"ласкрьдь"
ластовица	ластовица|noun|52facffc44b0e3b5	canonical:"ластовица" || page:"ластовица"
латинъ	латинъ|noun|817174f447bfaafc	canonical:"латинъ" || page:"латинъ"
латиньскъ	латиньскъ|adj|206a256266a37f21	canonical:"латиньскъ" || page:"латиньскъ"
лауреньтии	лаврентииъ|noun|d3c9b7bb7e308563	alternative:"Лауреньтии"
лаꙗти	лаꙗти|verb|d571c2eeb2b23e2b	canonical:"лаꙗти" || page:"лаꙗти"
легеонъ	лег҄еонъ|noun|26570cb65575aa3f	page:"легеонъ"
лег҄еонъ	лег҄еонъ|noun|26570cb65575aa3f	canonical:"лег҄еонъ"
ледъ	ледъ|noun|0ff508077a053cae	canonical:"ледъ" || page:"ледъ"
лежати	лежати|verb|3a07e164f5d463ab	canonical:"лежати" || page:"лежати"
лентии	лентии|noun|1ea25ca64904b448	canonical:"лентии" || page:"лентии"
летѣти	летѣти|verb|8594e5b487ec8f63	canonical:"летѣти" || page:"летѣти"
лешти	лещи|verb|5fff0fd6162b0798	alternative:"лешти"
лещи	лещи|verb|5fff0fd6162b0798	canonical:"лещи" || page:"лещи"
леѡдръ	леѡдръ|noun|15d847960e8ae3f5	canonical:"леѡдръ" || page:"леѡдръ"
ликъ	ликъ|noun|ee2254fc296b64e2	canonical:"ликъ" || page:"ликъ"
лили́къ	лили́къ|noun|687e66fa94700e99	canonical:"лили́къ" || source-canonical:"лили́къ"
лиликъ	лили́къ|noun|687e66fa94700e99	page:"лиликъ"
листвиѥ	листвиѥ|noun|a1648d655ca881d2	canonical:"листвиѥ" || page:"листвиѥ"
листъ	листъ|noun|49b7c9bf67cac069	canonical:"листъ" || page:"листъ"
лисъ	лисъ|noun|cf95fe780a3ef348	canonical:"лисъ" || page:"лисъ"
лисѧ	лисѧ|noun|70a06d7b1691db28	canonical:"лисѧ" || page:"лисѧ"
лити	лити|verb|9cbb2274b239fdd0	canonical:"лити" || page:"лити"
лихва	лихва|noun|60d2200581c22afc	canonical:"лихва" || page:"лихва"
лихновьць	лихновьць|noun|638a56eccc76b627	canonical:"лихновьць" || page:"лихновьць"
лихоимьство	лихоимьство|noun|c858b2824bbcb79d	canonical:"лихоимьство" || page:"лихоимьство"
лихъ	лихъ|adj|ccb28cfa5eb1651c	canonical:"лихъ" || page:"лихъ"
лице	лице|noun|e6a53c3bbaecd552	canonical:"лице" || page:"лице"
лицемѣръ	лицемѣръ|noun|be1b4c9739d04b36	canonical:"лицемѣръ" || page:"лицемѣръ"
лицемѣрьство	лицемѣрьство|noun|5623940c9bf97f29	canonical:"лицемѣрьство" || page:"лицемѣрьство"
ловитва	ловитва|noun|eb562be583fef496	canonical:"ловитва" || page:"ловитва"
ловити	ловити|verb|1ff4dd472ae6c074	canonical:"ловити" || page:"ловити"
ловъ	ловъ|noun|4c2418b88f84bf23	canonical:"ловъ" || page:"ловъ"
ловьць	ловьць|noun|6c1f7eb570c0da15	canonical:"ловьць" || page:"ловьць"
ловьчь	ловьчь|adj|bbbb5562d2c6673e	canonical:"ловьчь" || page:"ловьчь"
ложе	ложе|noun|8f2ac76cbdd013e7	canonical:"ложе" || page:"ложе"
ложесна	ложесна|noun|7e300df5c5460489	canonical:"ложесна" || page:"ложесна"
ложьница	ложьница|noun|9bf4d79895183894	canonical:"ложьница" || page:"ложьница"
лоза	лоза|noun|f334679acdc41783	canonical:"лоза" || page:"лоза"
лозиѥ	лозиѥ|noun|83d432ac8147c55b	canonical:"лозиѥ" || page:"лозиѥ"
локꙑ	локꙑ|noun|ab67b75345191bb2	canonical:"локꙑ" || page:"локꙑ"
лоно	лоно|noun|279bc1ffdc73e41d	canonical:"лоно" || page:"лоно"
лопата	лопата|noun|1415223f5aecbb7d	canonical:"лопата" || page:"лопата"
лопотъ	лопотъ|noun|09e32b65420d5d71	canonical:"лопотъ" || page:"лопотъ"
лоудити	лоудити|verb|cf706d4aeed99a21	canonical:"лоудити" || page:"лоудити"
лоукъ	лоукъ|noun|39172a36f6824a78	canonical:"лоукъ" || page:"лоукъ"
лоуна	лоуна|noun|5c7afe8c3216fe37	canonical:"лоуна" || page:"лоуна"
лоуча	лоуча|noun|a2ec0da74002c1c4	canonical:"лоуча" || page:"лоуча"
лоучити	лоучити|verb|12c28e1781972a02	canonical:"лоучити" || page:"лоучити"
лоучь	лоуча|noun|a2ec0da74002c1c4	alternative:"лоучь"
лъвъ	львъ|noun|ffb2386632f31638	alternative:"лъвъ"
лъгати	лъгати|verb|d627e270842802c5	canonical:"лъгати" || page:"лъгати"
лъжесъвѣдѣтель	лъжесъвѣдѣтел҄ь|noun|8f12f553a0fe7b04	page:"лъжесъвѣдѣтель"
лъжесъвѣдѣтел҄ь	лъжесъвѣдѣтел҄ь|noun|8f12f553a0fe7b04	canonical:"лъжесъвѣдѣтел҄ь" || source-canonical:"лъжесъвѣдѣтел҄ь"
лъживъ	лъживъ|adj|86347d1076ef3edb	canonical:"лъживъ" || page:"лъживъ"
львовъ	львовъ|adj|ebebbb72bca63145	canonical:"львовъ" || page:"львовъ"
львъ	львъ|noun|9e551c11637e79da	canonical:"Львъ" || page:"Львъ"
львъ	львъ|noun|ffb2386632f31638	canonical:"львъ" || page:"львъ"
львь	львъ|noun|ffb2386632f31638	alternative:"львь"
льгъкъ	льгъкъ|adj|3fa9c9808d598e8d	canonical:"льгъкъ" || page:"льгъкъ"
льгꙑни	льгꙑн҄и|noun|08ae56f9911f3505	page:"льгꙑни"
льгꙑн҄и	льгꙑн҄и|noun|08ae56f9911f3505	canonical:"льгꙑн҄и" || source-canonical:"льгꙑн҄и"
льнъ	льнъ|noun|1fb7a126d24d5a9d	canonical:"льнъ" || page:"льнъ"
льстивъ	льстивъ|adj|6a0ce91ee30c15ad	canonical:"льстивъ" || page:"льстивъ"
льсть	льсть|noun|6cbc540e60a96a47	canonical:"льсть" || page:"льсть"
льстьць	льстьць|noun|a8f0e447a16828b6	canonical:"льстьць" || page:"льстьць"
любивъ	любивъ|adj|e045c2c8509c441d	canonical:"любивъ" || page:"любивъ"
любити	любити|verb|4d3e47c0437ec5c2	canonical:"любити" || page:"любити"
люблѥникъ	люблѥникъ|noun|d1c191ccd481ccc5	canonical:"люблѥникъ" || page:"люблѥникъ"
любодѣи	любодѣи|noun|554558da3ea716d4	canonical:"любодѣи" || page:"любодѣи"
любодѣиць	любодѣиць|noun|9ca9cc8634154ac2	canonical:"любодѣиць" || page:"любодѣиць"
любомѫдрьѥ	любомѫдрьѥ|noun|45e20fcc019bd724	canonical:"любомѫдрьѥ" || page:"любомѫдрьѥ"
любъ	любъ|adj|89b361cc2094355b	canonical:"любъ" || page:"любъ"
любꙑ	любꙑ|noun|181f58f5651420ac	canonical:"любꙑ" || page:"любꙑ"
людъ	людъ|noun|0222fdb6acacba94	canonical:"людъ" || page:"людъ"
людьѥ	людьѥ|noun|f62741cde733e963	canonical:"людьѥ" || page:"людьѥ"
люто	люто|noun|e75ab07b7c3f073e	canonical:"люто" || page:"люто"
лютость	лютость|noun|d4dbb0a689c516fd	canonical:"лютость" || page:"лютость"
лютъ	лютъ|adj|bda4548cf712cea0	canonical:"лютъ" || page:"лютъ"
лютьць	лютьць|noun|c6d125486fa0cf77	canonical:"лютьць" || page:"лютьць"
лѣвъ	лѣвъ|adj|32fb5aea2649a797	canonical:"лѣвъ" || page:"лѣвъ"
лѣнивъ	лѣнивъ|adj|3bd221730df9a59d	canonical:"лѣнивъ" || page:"лѣнивъ"
лѣность	лѣность|noun|a72433c81f35fa93	canonical:"лѣность" || page:"лѣность"
лѣнъ	лѣнъ|adj|8e2d34ab863e71ab	canonical:"лѣнъ" || page:"лѣнъ"
лѣпота	лѣпота|noun|127de0a31a771b07	canonical:"лѣпота" || page:"лѣпота"
лѣпъ	лѣпъ|adj|eb6450e766334353	canonical:"лѣпъ" || page:"лѣпъ"
лѣсти	лѣсти|verb|4efd2b41836e7be3	canonical:"лѣсти" || page:"лѣсти"
лѣсъ	лѣсъ|noun|299f4972bb983124	canonical:"лѣсъ" || page:"лѣсъ"
лѣто	лѣто|noun|8c3d494dcecb952b	canonical:"лѣто" || page:"лѣто"
лѣторасль	лѣторасль|noun|29a1b8a04da535b5	canonical:"лѣторасль" || page:"лѣторасль"
лѣть	лѣть|noun|219b4aeda67664d7	canonical:"лѣть" || page:"лѣть"
лѣха	лѣха|noun|42eef2cb630bf2b7	canonical:"лѣха" || page:"лѣха"
лѣчити	лѣчити|verb|c9b4c44a7cb7b2c6	canonical:"лѣчити" || page:"лѣчити"
лѣчьба	лѣчьба|noun|bc63504df14fd2b2	canonical:"лѣчьба" || page:"лѣчьба"
лѧдина	лѧдина|noun|355f339aba035994	canonical:"лѧдина" || page:"лѧдина"
лѧжаꙗ	лѧжаꙗ|noun|7e2b00f06c7b2166	canonical:"лѧжаꙗ" || page:"лѧжаꙗ"
лѧщи	лѧщи|verb|f251096b2dacc1ac	canonical:"лѧщи" || page:"лѧщи"
лѫгъ	лѫгъ|noun|c7dbb8c6ffe78c19	canonical:"лѫгъ" || page:"лѫгъ"
лѫка	лѫка|noun|6452dff4988459d4	canonical:"лѫка" || page:"лѫка"
лѫкавъ	лѫкавъ|adj|2c8ccfcef22a6b9d	canonical:"лѫкавъ" || page:"лѫкавъ"
лѫкавьствиѥ	лѫкавьствиѥ|noun|f29ad2289908f3fb	canonical:"лѫкавьствиѥ" || page:"лѫкавьствиѥ"
лѫкавьство	лѫкавьство|noun|592affad2e1123c1	canonical:"лѫкавьство" || page:"лѫкавьство"
лѫкъ	лѫкъ|noun|ab74abd6684d3d11	canonical:"лѫкъ" || page:"лѫкъ"
лѫчити	лѫчити|verb|63e1b6ddeb03eaa7	canonical:"лѫчити" || page:"лѫчити"
магъдалꙑни	магъдалꙑн҄и|noun|fa9c05f41ca4529d	page:"магъдалꙑни"
магъдалꙑн҄и	магъдалꙑн҄и|noun|fa9c05f41ca4529d	canonical:"магъдалꙑн҄и" || source-canonical:"магъдалꙑн҄и"
мазати	мазати|verb|4c1b7ea170a77c1c	canonical:"мазати" || page:"мазати"
маи	маи|noun|4f7ee938cb84a20e	canonical:"маи" || page:"маи"
маломощь	маломощь|adj|4545a24844f8d9a6	canonical:"маломощь" || page:"маломощь"
малъ	малъ|adj|7e508d8311ea5016	canonical:"малъ" || page:"малъ"
мартъ	мартъ|noun|8715a1426f37bf67	canonical:"мартъ" || page:"мартъ"
маріа	маріꙗ|noun|ed49fbcce35fc094	page:"Маріа"
маріꙗ	маріꙗ|noun|ed49fbcce35fc094	canonical:"Маріꙗ"
маслина	маслина|noun|9a26c2f1daf2df32	canonical:"маслина" || page:"маслина"
масло	масло|noun|673a8a54b6f6598e	canonical:"масло" || page:"масло"
мастъ	мастъ|noun|9ef4286aec07ff61	canonical:"мастъ" || page:"мастъ"
масть	масть|noun|525479d3a6ececa7	canonical:"масть" || page:"масть"
матеи	матъѳѣиъ|noun|7a074223f2273552	alternative:"Матеи"
мати	мати|noun|aed832bbd913b8cb	canonical:"мати" || page:"мати"
матица	матица|noun|dbffbabba65bb61b	canonical:"матица" || page:"матица"
матфеи	матъѳѣиъ|noun|7a074223f2273552	alternative:"Матфеи"
матфѣи	матъѳѣиъ|noun|7a074223f2273552	alternative:"Матфѣи"
матъѳеи	матъѳѣиъ|noun|7a074223f2273552	alternative:"Матъѳеи"
матъѳѣи	матъѳѣиъ|noun|7a074223f2273552	page:"Матъѳѣи"
матъѳѣиъ	матъѳѣиъ|noun|7a074223f2273552	canonical:"Матъѳѣиъ"
матьѳии	матъѳѣиъ|noun|7a074223f2273552	alternative:"Матьѳии"
матѣи	матъѳѣиъ|noun|7a074223f2273552	alternative:"Матѣи"
матѳеи	матъѳѣиъ|noun|7a074223f2273552	alternative:"Матѳеи"
матѳии	матъѳѣиъ|noun|7a074223f2273552	alternative:"Матѳии"
маѯимъ	маѯимъ|noun|d29b76dbae946557	canonical:"Маѯимъ" || page:"Маѯимъ"
медвѣдь	медвѣдь|noun|f05fbaf97d91b3bb	canonical:"медвѣдь" || page:"медвѣдь"
медъ	медъ|noun|1798a72edd348f4a	canonical:"медъ" || page:"медъ"
межда	межда|noun|5133ffa19fab456d	canonical:"межда" || page:"межда"
мести	мести|verb|e2be9be5317781c6	canonical:"мести" || page:"мести"
метати	метати|verb|deb61f9374c911c5	canonical:"метати" || page:"метати"
мечь	мечь|noun|b0cecf35965e05cf	canonical:"мечь" || page:"мечь"
миловати	миловати|verb|bf0fbfd9f68ebf7d	canonical:"миловати" || page:"миловати"
милосрьдовати	милосрьдовати|verb|149523b19b1538d6	canonical:"милосрьдовати" || page:"милосрьдовати"
милосрьдъ	милосрьдъ|adj|c9f9ee392c97f95d	canonical:"милосрьдъ" || page:"милосрьдъ"
милостивъ	милостивъ|adj|6ce83d39f319854b	canonical:"милостивъ" || page:"милостивъ"
милость	милость|noun|5d8b8e2e93f9744d	canonical:"милость" || page:"милость"
милостꙑни	милостꙑн҄и|noun|e7a83f08e265d473	page:"милостꙑни"
милостꙑн҄и	милостꙑн҄и|noun|e7a83f08e265d473	canonical:"милостꙑн҄и" || source-canonical:"милостꙑн҄и"
милоти	милоти|noun|d2cf05a82745704d	canonical:"милоти" || page:"милоти"
милоти	милотьи|noun|20e6bba41235262e	alternative:"милоти"
милотии	милотии|noun|8173b4fba15600e9	canonical:"милотии" || page:"милотии"
милотии	милотьи|noun|20e6bba41235262e	alternative:"милотии"
милоть	милотьи|noun|20e6bba41235262e	alternative:"милоть"
милотьи	милотьи|noun|20e6bba41235262e	canonical:"милотьи" || page:"милотьи"
милъ	милъ|adj|9818209524c50b43	canonical:"милъ" || page:"милъ"
мимоити	мимоити|verb|22889cd571c5fbe1	canonical:"мимоити" || page:"мимоити"
миновати	миновати|verb|0ee02e095ad35fcd	canonical:"миновати" || page:"миновати"
минѫти	минѫти|verb|d9461be1742b818a	canonical:"минѫти" || page:"минѫти"
миротворьць	миротворьць|noun|28509bcba54e06fa	canonical:"миротворьць" || page:"миротворьць"
миръ	миръ|noun|e866ca4714c273b1	canonical:"миръ" || page:"миръ"
михаилъ	михаилъ|noun|f0fc1b3337aec726	canonical:"Михаилъ" || page:"Михаилъ"
младенищь	младенищь|noun|9652d874a1eeb9ee	canonical:"младенищь" || page:"младенищь"
младенъ	младенъ|noun|fc0b5613bb554e73	canonical:"младенъ" || page:"младенъ"
младеньство	младеньство|noun|8fa2cc70b1c276ec	canonical:"младеньство" || page:"младеньство"
младъ	младъ|adj|a81ed663ec334dd9	canonical:"младъ" || page:"младъ"
младьнъ	младьнъ|adj|cca272d60d7bc9d9	canonical:"младьнъ" || page:"младьнъ"
младьньць	младьньць|noun|b8eeb29253521153	canonical:"младьньць" || page:"младьньць"
младѧтьце	младѧтьце|noun|b1ef91dbd3e919f7	canonical:"младѧтьце" || page:"младѧтьце"
млатъ	млатъ|noun|495bd87cff73b657	canonical:"млатъ" || page:"млатъ"
млъва	млъва|noun|9fd985a3bf3c59f7	canonical:"млъва" || page:"млъва"
млъвити	млъвити|verb|3ae394dc33a3eb62	canonical:"млъвити" || page:"млъвити"
млънии	млънии|noun|748be2bbcc78ba2e	canonical:"млънии" || page:"млънии"
млънии	млъньи|noun|65c985b44093905f	alternative:"млънии"
млънии	мльнии|noun|5f638bd3bcb4311b	alternative:"млънии"
млънии	мльньи|noun|8288d6f7f9cae4ec	alternative:"млънии"
млъньи	млънии|noun|748be2bbcc78ba2e	alternative:"млъньи"
млъньи	млъньи|noun|65c985b44093905f	canonical:"млъньи" || page:"млъньи"
млъньи	мльнии|noun|5f638bd3bcb4311b	alternative:"млъньи"
млъньи	мльньи|noun|8288d6f7f9cae4ec	alternative:"млъньи"
млькнѫти	млькнѫти|verb|a289d9443bb112a1	canonical:"млькнѫти" || page:"млькнѫти"
мльнии	млънии|noun|748be2bbcc78ba2e	alternative:"мльнии"
мльнии	млъньи|noun|65c985b44093905f	alternative:"мльнии"
мльнии	мльнии|noun|5f638bd3bcb4311b	canonical:"мльнии" || page:"мльнии"
мльнии	мльньи|noun|8288d6f7f9cae4ec	alternative:"мльнии"
мльньи	млънии|noun|748be2bbcc78ba2e	alternative:"мльньи"
мльньи	млъньи|noun|65c985b44093905f	alternative:"мльньи"
мльньи	мльнии|noun|5f638bd3bcb4311b	alternative:"мльньи"
мльньи	мльньи|noun|8288d6f7f9cae4ec	canonical:"мльньи" || page:"мльньи"
мльчальникъ	мльчальникъ|noun|5bebcd2b5c03b8ed	canonical:"мльчальникъ" || page:"мльчальникъ"
мльчаниѥ	мльчаниѥ|noun|f288e6b014183297	canonical:"мльчаниѥ" || page:"мльчаниѥ"
мльчати	мльчати|verb|fcd758b86e9140f6	canonical:"мльчати" || page:"мльчати"
млѣко	млѣко|noun|f1795fd2fade7c6d	canonical:"млѣко" || page:"млѣко"
млѣсти	млѣсти|verb|56bfee87e2192bad	canonical:"млѣсти" || page:"млѣсти"
млѣти	млѣти|verb|3b4f146070b7c4bb	canonical:"млѣти" || page:"млѣти"
мои	мои|pron|37900b1a703346ce	canonical:"мои" || page:"мои"
мокръ	мокръ|adj|940d80329f7c74bf	canonical:"мокръ" || page:"мокръ"
молитва	молитва|noun|12cc0ee5ea9c1761	canonical:"молитва" || page:"молитва"
молитвьникъ	молитвьникъ|noun|dba752edbd960986	canonical:"молитвьникъ" || page:"молитвьникъ"
молити	молити|verb|8ef1858aa5e4091e	canonical:"молити" || page:"молити"
мольба	мольба|noun|6bf35838c409067e	canonical:"мольба" || page:"мольба"
молѥниѥ	молѥниѥ|noun|5bde4988ff572f51	canonical:"молѥниѥ" || page:"молѥниѥ"
монисто	монисто|noun|77633bd8f3509ee8	canonical:"монисто" || page:"монисто"
море	мор҄е|noun|3cf73458c6bdc2a8	page:"море"
моръ	моръ|noun|b8e02161cedaeefa	canonical:"моръ" || page:"моръ"
морѥ	морѥ|noun|805172978f762ae2	canonical:"морѥ" || page:"морѥ"
мор҄е	мор҄е|noun|3cf73458c6bdc2a8	canonical:"мор҄е" || source-canonical:"мор҄е"
мостъ	мостъ|noun|10de640e8d5cad29	canonical:"мостъ" || page:"мостъ"
мотꙑла	мотꙑла|noun|4a23cbda70361faf	canonical:"мотꙑла" || page:"мотꙑла"
моудити	мѫдити|verb|ca99832bf1fe5f40	alternative:"моудити"
моудрость	мѫдрость|noun|e631084496179787	alternative:"моудрость"
моужь	мѫжь|noun|a0158a85717ba40f	alternative:"моужь"
моуха	моуха|noun|8d3befd50a13c74b	canonical:"моуха" || page:"моуха"
моучити	мѫчити|verb|6897cfae01064495	alternative:"моучити"
мошти	мощи|verb|e3d735084244ea56	alternative:"мошти"
мошьна	мошьна|noun|c5e7735ca05f3fb8	canonical:"мошьна" || page:"мошьна"
мощи	мощи|verb|e3d735084244ea56	canonical:"мощи" || page:"мощи"
мощь	мощь|noun|acaff079ba0780c9	canonical:"мощь" || page:"мощь"
мравии	мравии|noun|fa5498235f919a8c	canonical:"мравии" || page:"мравии"
мравии	мравьи|noun|05d41f3dff709537	alternative:"мравии"
мравьи	мравии|noun|fa5498235f919a8c	alternative:"мравьи"
мравьи	мравьи|noun|05d41f3dff709537	canonical:"мравьи" || page:"мравьи"
мразити	мразити|verb|1123ee80bc1a240f	canonical:"мразити" || page:"мразити"
мразъ	мразъ|noun|afbd623d42607de5	canonical:"мразъ" || page:"мразъ"
мразьнъ	мразьнъ|adj|63d6d500c8730df1	canonical:"мразьнъ" || page:"мразьнъ"
мракъ	мракъ|noun|820b9e8d501eb751	canonical:"мракъ" || page:"мракъ"
мръзость	мръзость|noun|2e07c7591cab7f5b	canonical:"мръзость" || page:"мръзость"
мръзъкъ	мръзъкъ|adj|55606164b876c6a1	canonical:"мръзъкъ" || page:"мръзъкъ"
мръкати	мръкати|verb|965610991f86f331	canonical:"мръкати" || page:"мръкати"
мръкнѫти	мръкнѫти|verb|b2896a3789adfcd4	canonical:"мръкнѫти" || page:"мръкнѫти"
мръкꙑ	мръкꙑ|noun|04c129e11456a9ec	canonical:"мръкꙑ" || page:"мръкꙑ"
мрътвъ	мрьтвъ|adj|67839f994f4858d9	alternative:"мрътвъ"
мрькнѫти	мрькнѫти|verb|1f79bdeab9e63157	canonical:"мрькнѫти" || page:"мрькнѫти"
мрьтвост	мрьтвость|noun|a45bd3b2d0c59c58	page:"мрьтвост"
мрьтвость	мрьтвость|noun|0eaeda0f86422d01	canonical:"мрьтвость" || page:"мрьтвость"
мрьтвость	мрьтвость|noun|a45bd3b2d0c59c58	canonical:"мрьтвость"
мрьтвъ	мрьтвъ|adj|67839f994f4858d9	canonical:"мрьтвъ" || page:"мрьтвъ"
мрьтвьць	мрьтвьць|noun|73e1f44de40f51ca	canonical:"мрьтвьць" || page:"мрьтвьць"
мрѣжа	мрѣжа|noun|0e39a007c0a9b045	canonical:"мрѣжа" || page:"мрѣжа"
мрѣти	мрѣти|verb|23e3ac83bcc5f575	canonical:"мрѣти" || page:"мрѣти"
мъдлъ	мьдлъ|adj|13f71391c3e190df	alternative:"мъдлъ"
мъкнѫти	мъкнѫти|verb|3fb9243ada47b02d	canonical:"мъкнѫти" || page:"мъкнѫти"
мънихъ	мънихъ|noun|0a4125ca88532624	canonical:"мънихъ" || page:"мънихъ"
мънишьскъ	мънишьскъ|adj|926d5a7948b50be1	canonical:"мънишьскъ" || page:"мънишьскъ"
мъногозрачьнъ	мъногозрачьнъ|adj|b946124864fdcae5	canonical:"мъногозрачьнъ" || page:"мъногозрачьнъ"
мъноголичьнъ	мъноголичьнъ|adj|810d476f1bc900b7	canonical:"мъноголичьнъ" || page:"мъноголичьнъ"
мъногоочитъ	мъногоочитъ|adj|bfad63c52c2bcb1f	canonical:"мъногоочитъ" || page:"мъногоочитъ"
мъногъ	мъногъ|adj|a02b9d316a499dac	canonical:"мъногъ" || page:"мъногъ"
мъножьствиѥ	мъножьствиѥ|noun|2e246b5c7d118765	canonical:"мъножьствиѥ" || page:"мъножьствиѥ"
мъножьство	мъножьство|noun|5bd6ca66170a17bd	canonical:"мъножьство" || page:"мъножьство"
мъскъ	мъскъ|noun|c57f031ca3d91417	canonical:"мъскъ" || page:"мъскъ"
мъхъ	мъхъ|noun|0a6d43ce89f596e9	canonical:"мъхъ" || page:"мъхъ"
мъшица	мъшица|noun|40871f8eb0bf3875	canonical:"мъшица" || page:"мъшица"
мьгла	мьгла|noun|75de1d031b9cc336	canonical:"мьгла" || page:"мьгла"
мьдлость	мьдлость|noun|398d32c0dc15fced	canonical:"мьдлость" || page:"мьдлость"
мьдлъ	мьдлъ|adj|13f71391c3e190df	canonical:"мьдлъ" || page:"мьдлъ"
мьзда	мьзда|noun|da7c338be3d99b00	canonical:"мьзда" || page:"мьзда"
мьздодавьць	мьздодавьць|noun|41fe141157ca521f	canonical:"мьздодавьць" || page:"мьздодавьць"
мьздоимьць	мьздоимьць|noun|751671b7025cab6e	canonical:"мьздоимьць" || page:"мьздоимьць"
мьздоотъдавьць	мьздоотъдавьць|noun|552305e0cc44f6da	canonical:"мьздоотъдавьць" || page:"мьздоотъдавьць"
мьздьникъ	мьздьникъ|noun|95d2c3aa254639fb	canonical:"мьздьникъ" || page:"мьздьникъ"
мьнѣти	мьнѣти|verb|c3c023442f516cb8	canonical:"мьнѣти" || page:"мьнѣти"
мьрѣти	мрѣти|verb|23e3ac83bcc5f575	alternative:"мьрѣти"
мьститель	мьститель|noun|31f60ccdea3254bd	canonical:"мьститель" || page:"мьститель"
мьстити	мьстити|verb|d7b12e78b3cadada	canonical:"мьстити" || page:"мьстити"
мьсть	мьсть|noun|4569571ed9bc7151	canonical:"мьсть" || page:"мьсть"
мьстьникмьстьницъ	мьстьникмьстьницъ|noun|16408d0db53fde12	canonical:"мьстьникмьстьницъ"
мьстьникъ	мьстьникмьстьницъ|noun|16408d0db53fde12	page:"мьстьникъ"
мьчь	мечь|noun|b0cecf35965e05cf	alternative:"мьчь"
мьчь	мьчь|noun|c66c8e17f8db8451	canonical:"мьчь" || page:"мьчь"
мьша	мьша|noun|d6f161cefca24af0	canonical:"мьша" || page:"мьша"
мьщати	мьщати|verb|9ff88d043a355f6c	canonical:"мьщати" || page:"мьщати"
мьщениѥ	мьщениѥ|noun|c8606989c4b870da	canonical:"мьщениѥ" || page:"мьщениѥ"
мѣдь	мѣдь|noun|43d1eded440d76a9	canonical:"мѣдь" || page:"мѣдь"
мѣлъ	мѣлъ|noun|cbb1ad76323485aa	canonical:"мѣлъ" || page:"мѣлъ"
мѣна	мѣна|noun|57a919d0b707ea61	canonical:"мѣна" || page:"мѣна"
мѣнити	мѣнити|verb|80bb856cc734468b	canonical:"мѣнити" || page:"мѣнити"
мѣра	мѣра|noun|3d3bc47af411a053	canonical:"мѣра" || page:"мѣра"
мѣрило	мѣрило|noun|7074d7fd6f2a9c87	canonical:"мѣрило" || page:"мѣрило"
мѣрити	мѣрити|verb|e15ad42eba9275f0	canonical:"мѣрити" || page:"мѣрити"
мѣсити	мѣсити|verb|2bc2c90fffdb4a2a	canonical:"мѣсити" || page:"мѣсити"
мѣсто	мѣсто|noun|fefa220cad6a1b58	canonical:"мѣсто" || page:"мѣсто"
мѣсѧцесловесьникъ	мѣсѧцесловесьникъ|noun|90a7bdf685561b26	canonical:"мѣсѧцесловесьникъ" || page:"мѣсѧцесловесьникъ"
мѣсѧць	мѣсѧць|noun|ecf2c461ab23c0ed	canonical:"мѣсѧць" || page:"мѣсѧць"
мѣхъ	мѣхъ|noun|983ac4ee6920c8d2	canonical:"мѣхъ" || page:"мѣхъ"
мѧкъкъ	мѧкъкъ|adj|af8e7a4aed35f6bb	canonical:"мѧкъкъ" || page:"мѧкъкъ"
мѧсо	мѧсо|noun|984d122220264445	canonical:"мѧсо" || page:"мѧсо"
мѧсти	мѧсти|verb|912a7953f0a5cf94	canonical:"мѧсти" || page:"мѧсти"
мѧта	мѧта|noun|ae69578f66452ed9	canonical:"мѧта" || page:"мѧта"
мѧтежь	мѧтежь|noun|5c3ba6d9acc74223	canonical:"мѧтежь" || page:"мѧтежь"
мѧтежьникъ	мѧтежьникъ|noun|ab9197c31190829b	canonical:"мѧтежьникъ" || page:"мѧтежьникъ"
мѫдити	мѫдити|verb|ca99832bf1fe5f40	canonical:"мѫдити" || page:"мѫдити"
мѫдрость	мѫдрость|noun|e631084496179787	canonical:"мѫдрость" || page:"мѫдрость"
мѫдръ	мѫдръ|adj|19360e56dd6e089d	canonical:"мѫдръ" || page:"мѫдръ"
мѫдрьство	мѫдрьство|noun|3435498e022519ec	canonical:"мѫдрьство" || page:"мѫдрьство"
мѫдрьць	мѫдрьць|noun|24d4e731d9c6857b	canonical:"мѫдрьць" || page:"мѫдрьць"
мѫжеложьникъ	мѫжеложьць|noun|a64dcbd74bb4dd92	alternative:"мѫжеложьникъ"
мѫжеложьць	мѫжеложьць|noun|a64dcbd74bb4dd92	canonical:"мѫжеложьць" || page:"мѫжеложьць"
мѫжъ	мѫжь|noun|a0158a85717ba40f	alternative:"мѫжъ"
мѫжь	мѫжь|noun|a0158a85717ba40f	canonical:"мѫжь" || page:"мѫжь"
мѫжьство	мѫжьство|noun|a01ffb3b98be923a	canonical:"мѫжьство" || page:"мѫжьство"
мѫка	мѫка|noun|160acd8efb9fb63d	canonical:"мѫка" || page:"мѫка"
мѫтити	мѫтити|verb|f94e830f1c81c689	canonical:"мѫтити" || page:"мѫтити"
мѫченикъ	мѫченикъ|noun|051e306bb255b7a3	canonical:"мѫченикъ" || page:"мѫченикъ"
мѫчитель	мѫчител҄ь|noun|a734773c5972d0ea	page:"мѫчитель"
мѫчител҄ь	мѫчител҄ь|noun|a734773c5972d0ea	canonical:"мѫчител҄ь" || source-canonical:"мѫчител҄ь"
мѫчити	мѫчити|verb|6897cfae01064495	canonical:"мѫчити" || page:"мѫчити"
мѵрото́чецъ	мѵрото́чецъ|noun|05c5bc8007819924	canonical:"мѵрото́чецъ" || source-canonical:"мѵрото́чецъ"
мѵроточецъ	мѵрото́чецъ|noun|05c5bc8007819924	page:"мѵроточецъ"
мꙑ	мꙑ|pron|477adfa9ab01af87	canonical:"мꙑ" || page:"мꙑ"
мꙑслити	мꙑслити|verb|ad74dd3f3cacc4fa	canonical:"мꙑслити" || page:"мꙑслити"
мꙑсль	мꙑсль|noun|928bcc588cc1ec2b	canonical:"мꙑсль" || page:"мꙑсль"
мꙑтарь	мꙑтарь|noun|9178875f461b00a6	canonical:"мꙑтарь" || page:"мꙑтарь"
мꙑти	мꙑти|verb|8ba738069053f738	canonical:"мꙑти" || page:"мꙑти"
мꙑто	мꙑто|noun|ec6f9233387e07ed	canonical:"мꙑто" || page:"мꙑто"
мꙑтоимьць	мꙑтоимьць|noun|5f61d3adc9d4e095	canonical:"мꙑтоимьць" || page:"мꙑтоимьць"
мꙑшь	мꙑшь|noun|54a4a041756a0027	canonical:"мꙑшь" || page:"мꙑшь"
мꙑшьца	мꙑшьца|noun|488697f0ceb44d5a	canonical:"мꙑшьца" || page:"мꙑшьца"
навадити	навадити|verb|fabf32e9a0dad0fe	canonical:"навадити" || page:"навадити"
наваждениѥ	наваждениѥ|noun|62d38622bde6d4a3	canonical:"наваждениѥ" || page:"наваждениѥ"
навидѣти	навидѣти|verb|acbcb952709992e1	canonical:"навидѣти" || page:"навидѣти"
нагость	нагость|noun|6170fedb27a37209	canonical:"нагость" || page:"нагость"
нагота	нагота|noun|25406057ded47bfa	canonical:"нагота" || page:"нагота"
нагъ	нагъ|adj|a41aa54910545681	canonical:"нагъ" || page:"нагъ"
надежда	надежда|noun|768ec8fd62d1868c	canonical:"надежда" || page:"надежда"
надꙑмати	надꙑмати|verb|ccce0f2da7f5fcb9	canonical:"надꙑмати" || page:"надꙑмати"
наимьникъ	наимьникъ|noun|bf87824f97fcdc40	canonical:"наимьникъ" || page:"наимьникъ"
наити	наити|verb|270a33db98dd5a39	canonical:"наити" || page:"наити"
наковало	наковало|noun|bef70cbbee9fb7b6	canonical:"наковало" || page:"наковало"
наложити	наложити|verb|88a96dca6ad94268	canonical:"наложити" || page:"наложити"
намѣстьникъ	намѣстьникъ|noun|13f6c4eb607e0bb8	canonical:"намѣстьникъ" || page:"намѣстьникъ"
нанѣмь	нанѣмь|adj|9b635a13d4045bde	canonical:"нанѣмь" || page:"нанѣмь"
напасти	напасти|verb|6f4d300655f1825b	canonical:"напасти" || page:"напасти"
напасть	напасть|noun|2e5f48a98dbf864f	canonical:"напасть" || page:"напасть"
написати	написати|verb|c9ad593cffcbade6	canonical:"написати" || page:"написати"
нарещи	нарещи|verb|78fdaf4055330690	canonical:"нарещи" || page:"нарещи"
народъ	народъ|noun|4f608d4963c90d40	canonical:"народъ" || page:"народъ"
нарокъ	нарокъ|noun|793d718bda2dac8a	canonical:"нарокъ" || page:"нарокъ"
нарѧдъ	нарѧдъ|noun|cf520565a967e9dd	canonical:"нарѧдъ" || page:"нарѧдъ"
насельникъ	насельникъ|noun|cf7d34a607e8e177	canonical:"насельникъ" || page:"насельникъ"
наслѣдити	наслѣдити|verb|f66fc896cdbaac8e	canonical:"наслѣдити" || page:"наслѣдити"
наслѣдьникъ	наслѣдьникъ|noun|cebdc0a72dfb509c	canonical:"наслѣдьникъ" || page:"наслѣдьникъ"
наставьникъ	наставьникъ|noun|0242a3187b5a9e09	canonical:"наставьникъ" || page:"наставьникъ"
настати	настати|verb|f8c8385a28475e98	canonical:"настати" || page:"настати"
насѫштьнъ	насѫщьнъ|adj|90a100fa11037f1d	alternative:"насѫштьнъ"
насѫщьнъ	насѫщьнъ|adj|90a100fa11037f1d	canonical:"насѫщьнъ" || page:"насѫщьнъ"
насꙋщный	насѫщьнъ|adj|90a100fa11037f1d	alternative:"насꙋщный"
натроути	натроути|verb|e9664915af0d2255	canonical:"натроути" || page:"натроути"
начети	начѧти|verb|d4f833f86145cbe6	alternative:"начети"
начинати	начинати|verb|ff747c0c91f38954	canonical:"начинати" || page:"начинати"
начѧло	начѧло|noun|9a5631cc6eb2d28d	canonical:"начѧло" || page:"начѧло"
начѧти	начѧти|verb|d4f833f86145cbe6	canonical:"начѧти" || page:"начѧти"
начѧтъкъ	начѧтъкъ|noun|ad954b73e471cc7c	canonical:"начѧтъкъ" || page:"начѧтъкъ"
нашь	нашь|pron|32fb0e4756f472f4	canonical:"нашь" || page:"нашь"
наю	наю|pron|3730d61c7c2a1723	canonical:"наю" || page:"наю"
небесьнъ	небесьнъ|adj|3574fb16e1f97e31	canonical:"небесьнъ" || page:"небесьнъ"
небесьскъ	небесьскъ|adj|9791000ef7d45a1b	canonical:"небесьскъ" || page:"небесьскъ"
небо	небо|noun|9a99b0503dad1b44	canonical:"небо" || page:"небо"
небогъ	небогъ|adj|b3e6144e81768f83	canonical:"небогъ" || page:"небогъ"
небрѣшти	небрѣщи|verb|61a40ba7692a52c7	alternative:"небрѣшти"
небрѣщи	небрѣщи|verb|61a40ba7692a52c7	canonical:"небрѣщи" || page:"небрѣщи"
неводъ	неводъ|noun|302266c0d9b60c37	canonical:"неводъ" || page:"неводъ"
невѣдьство	невѣдьство|noun|65590f30e450927a	canonical:"невѣдьство" || page:"невѣдьство"
невѣжда	невѣжда|noun|8793bc972da5b3ea	canonical:"невѣжда" || page:"невѣжда"
невѣждьство	невѣждьство|noun|e7f7cdaac1a5f437	canonical:"невѣждьство" || page:"невѣждьство"
невѣста	невѣста|noun|dd705df12f0c7810	canonical:"невѣста" || page:"невѣста"
невѣсть	невѣсть|noun|95de2b529087b24f	canonical:"невѣсть" || page:"невѣсть"
невѣстьникъ	невѣстьникъ|noun|6d5531f22ccf50da	canonical:"невѣстьникъ" || page:"невѣстьникъ"
недостатъкъ	недостатъкъ|noun|7fe31e6a63f9502f	canonical:"недостатъкъ" || page:"недостатъкъ"
недѣлꙗ	недѣлꙗ|noun|301183e1cba1ee85	canonical:"недѣлꙗ" || page:"недѣлꙗ"
недѫгъ	недѫгъ|noun|c79e25ce115d1e29	canonical:"недѫгъ" || page:"недѫгъ"
недѫжьникъ	недѫжьникъ|noun|990302541a69f85c	canonical:"недѫжьникъ" || page:"недѫжьникъ"
неиздреченьникъ	неиздреченьникъ|noun|e2a4a531b11f0622	canonical:"неиздреченьникъ" || page:"неиздреченьникъ"
неистлѣньнъ	неистлѣньнъ|adj|465a979cc061ac5b	canonical:"неистлѣньнъ" || page:"неистлѣньнъ"
некънижьникъ	некън҄ижьникъ|noun|121375952db91e6c	page:"некънижьникъ"
некън҄ижьникъ	некън҄ижьникъ|noun|121375952db91e6c	canonical:"некън҄ижьникъ" || source-canonical:"некън҄ижьникъ"
нелѫчьнъ	нелѫчьнъ|adj|baa85190e8538a43	canonical:"нелѫчьнъ" || page:"нелѫчьнъ"
немощь	немощь|noun|5e9cbd1a35d37949	canonical:"немощь" || page:"немощь"
ненавидѣти	ненавидѣти|verb|cd44074c52f98a3b	canonical:"ненавидѣти" || page:"ненавидѣти"
ненависть	ненависть|noun|5e0705fc046b7cbd	canonical:"ненависть" || page:"ненависть"
неподобьникъ	неподобьникъ|noun|33088e7d5073dee7	canonical:"неподобьникъ" || page:"неподобьникъ"
неправьдьникъ	неправьдьникъ|noun|0f4d6c2952d0ecf8	canonical:"неправьдьникъ" || page:"неправьдьникъ"
непричѧстьникъ	непричѧстьникъ|noun|f64e2654407456de	canonical:"непричѧстьникъ" || page:"непричѧстьникъ"
неприꙗзнь	неприꙗзнь|noun|b36f1a0cdbaecc71	canonical:"неприꙗзнь" || page:"неприꙗзнь"
неразлѫчьнъ	неразлѫчьнъ|adj|efbf9b2f56725137	canonical:"неразлѫчьнъ" || page:"неразлѫчьнъ"
несвѣтьлъ	несвѣтьлъ|adj|6928cafc110122c5	canonical:"несвѣтьлъ" || page:"несвѣтьлъ"
нести	нести|verb|bffa25b09776f3e5	canonical:"нести" || page:"нести"
несъдравъ	несъдравъ|adj|75bcfa93b0534c79	canonical:"несъдравъ" || page:"несъдравъ"
несꙑтьство	несꙑтьство|noun|6195b750568b28f0	canonical:"несꙑтьство" || page:"несꙑтьство"
нетьлѣньнъ	нетьлѣньнъ|adj|38335b86ad3dc779	canonical:"нетьлѣньнъ" || page:"нетьлѣньнъ"
нечловѣкъ	нечловѣкъ|noun|b64a700871f80e8c	canonical:"нечловѣкъ" || page:"нечловѣкъ"
нечьсть	нечьсть|noun|076a9bdfc7b77e95	canonical:"нечьсть" || page:"нечьсть"
неѩсꙑть	неѩсꙑть|noun|addd938d38c46ac3	canonical:"неѩсꙑть" || page:"неѩсꙑть"
неѫсꙑтъ	неѩсꙑть|noun|addd938d38c46ac3	alternative:"неѫсꙑтъ"
неꙗсꙑтъ	неѩсꙑть|noun|addd938d38c46ac3	alternative:"неꙗсꙑтъ"
нива	нива|noun|719df356ecd25258	canonical:"нива" || page:"нива"
низъвисѣти	низъвисѣти|verb|a3aec9da0647bcb8	canonical:"низъвисѣти" || page:"низъвисѣти"
низъвѣсити	низъвѣсити|verb|d8d6d114f05a116b	canonical:"низъвѣсити" || page:"низъвѣсити"
низъкъ	низъкъ|adj|b49e42e04151c981	canonical:"низъкъ" || page:"низъкъ"
низъринѫти	низъринѫти|verb|9983fdfe5ea0115f	canonical:"низъринѫти" || page:"низъринѫти"
никнѫти	никнѫти|verb|e571cee5f5851d2f	canonical:"никнѫти" || page:"никнѫти"
никола	никола|noun|d35c669e1636ad68	canonical:"Никола" || page:"Никола"
николаи	никола|noun|d35c669e1636ad68	alternative:"Николаи"
никто	никъто|pron|1314171a83781313	alternative:"никто"
никъто	никъто|pron|1314171a83781313	canonical:"никъто" || page:"никъто"
нить	нить|noun|b0049aa3d340741d	canonical:"нить" || page:"нить"
ниць	ниць|adj|65c034bf0d5fa2c0	canonical:"ниць" || page:"ниць"
ништь	нищь|adj|78f9710e07c14576	alternative:"ништь"
нищета	нищета|noun|ab6fba853624990f	canonical:"нищета" || page:"нищета"
нищь	нищь|adj|78f9710e07c14576	canonical:"нищь" || page:"нищь"
новъ	новъ|adj|e42e61a72d57093b	canonical:"новъ" || page:"новъ"
нога	нога|noun|b33731cff2c0f930	canonical:"нога" || page:"нога"
ногъть	ногъть|noun|882676d25b45e9e7	canonical:"ногъть"
ногъть	ногъть|noun|bb3ff16c33cf4411	canonical:"ногъть" || page:"ногъть"
ногьть	ногъть|noun|882676d25b45e9e7	page:"ногьть"
ножь	ножь|noun|6882eada9702c53a	canonical:"ножь" || page:"ножь"
ноздри	ноздри|noun|3e1e48f53aa38aaf	canonical:"ноздри" || page:"ноздри"
носила	носила|noun|16d7d92d620c64ad	canonical:"носила" || page:"носила"
носити	носити|verb|8b46bc8e644d0dbe	canonical:"носити" || page:"носити"
носъ	носъ|noun|a0d6d2eedbb5252c	canonical:"носъ" || page:"носъ"
ноудити	ноудити|verb|586a65d62e8cfd5d	canonical:"ноудити" || page:"ноудити"
ноужда	ноужда|noun|913845e84ae157e2	canonical:"ноужда" || page:"ноужда"
ношть	нощь|noun|f18f9b65aaee9e47	alternative:"ношть"
нощь	нощь|noun|f18f9b65aaee9e47	canonical:"нощь" || page:"нощь"
ноѩбрь	ноѩбр҄ь|noun|58dd3943a346edd4	page:"ноѩбрь"
ноѩбр҄ь	ноѩбр҄ь|noun|58dd3943a346edd4	canonical:"ноѩбр҄ь" || source-canonical:"ноѩбр҄ь"
нравъ	нъравъ|noun|6794d1e08acebb87	alternative:"нравъ"
нъравъ	нъравъ|noun|6794d1e08acebb87	canonical:"нъравъ" || page:"нъравъ"
нѣдра	ꙗдра|noun|ee4f6113360b72fa	alternative:"нѣдра"
нѣмовати	нѣмовати|verb|92bace609588ac1d	canonical:"нѣмовати" || page:"нѣмовати"
нѣмость	нѣмость|noun|bbb1b5ce9ba5e2ad	canonical:"нѣмость" || page:"нѣмость"
нѣмъ	нѣмъ|adj|9506298526f4d991	canonical:"нѣмъ" || page:"нѣмъ"
нѣмьчьскъ	нѣмьчьскъ|adj|e377ef47af4a8e7b	canonical:"нѣмьчьскъ" || page:"нѣмьчьскъ"
нѫдити	ноудити|verb|586a65d62e8cfd5d	alternative:"нѫдити"
нѫжда	ноужда|noun|913845e84ae157e2	alternative:"нѫжда"
нѫждьникъ	нѫждьникъ|noun|3f1b69b2cd3a2223	canonical:"нѫждьникъ" || page:"нѫждьникъ"
нꙑрище	нꙑрище|noun|ae63101037e157ee	canonical:"нꙑрище" || page:"нꙑрище"
обавьникъ	обавьникъ|noun|f463b631d9b0bb0d	canonical:"обавьникъ" || page:"обавьникъ"
обида	обида|noun|2a1cd5eec2859c23	canonical:"обида" || page:"обида"
обильѥ	обильѥ|noun|420a8c73accf2deb	canonical:"обильѥ" || page:"обильѥ"
обитѣль	обитѣль|noun|0de6e83270e57d63	canonical:"обитѣль" || page:"обитѣль"
обладати	обладати|verb|7bee2f39d6ff24bd	canonical:"обладати" || page:"обладати"
облаженикъ	облаженикъ|noun|48a744647de1545f	canonical:"облаженикъ" || page:"облаженикъ"
облазнити	облазнити|verb|265214f6b8416a3e	canonical:"облазнити" || page:"облазнити"
облакъ	облакъ|noun|e9900d91b14fa891	canonical:"облакъ" || page:"облакъ"
область	область|noun|5e8fb4e47ac03997	canonical:"область" || page:"область"
облачьць	облачьць|noun|e200760259b17380	canonical:"облачьць" || page:"облачьць"
обличати	обличати|verb|76c86e6eade3108e	canonical:"обличати" || page:"обличати"
обличитель	обличител҄ь|noun|89d362671394fc4b	page:"обличитель"
обличител҄ь	обличител҄ь|noun|89d362671394fc4b	canonical:"обличител҄ь" || source-canonical:"обличител҄ь"
обличити	обличити|verb|6613c1fb3726aede	canonical:"обличити" || page:"обличити"
обличьникъ	обличьникъ|noun|b9545a0c697fe3fc	canonical:"обличьникъ" || page:"обличьникъ"
облиꙗти	облиꙗти|verb|3ca627ed65b07cd5	canonical:"облиꙗти" || page:"облиꙗти"
обльꙗти	облиꙗти|verb|3ca627ed65b07cd5	alternative:"обльꙗти"
облѣщи	облѣщи|verb|40c102363254a160	canonical:"облѣщи" || page:"облѣщи"
обнищавати	обнищавати|verb|6187edeb673d883e	canonical:"обнищавати" || page:"обнищавати"
обнищати	обнищати|verb|50a8ab4430b177f5	canonical:"обнищати" || page:"обнищати"
обоуꙗти	обоуꙗти|verb|b1503ed329bd43d8	canonical:"обоуꙗти" || page:"обоуꙗти"
образъ	образъ|noun|223ee533911620dc	canonical:"образъ" || page:"образъ"
обратити	обратити|verb|49a4351bd9fe10be	canonical:"обратити" || page:"обратити"
обращати	обращати|verb|7737ee2fb9a29e93	canonical:"обращати" || page:"обращати"
оброкъ	оброкъ|noun|e693aedf7e1a42b8	canonical:"оброкъ" || page:"оброкъ"
обрѣсти	обрѣсти|verb|d8d19014c3e6ed27	canonical:"обрѣсти" || page:"обрѣсти"
обрѣтатель	обрѣтател҄ь|noun|c55850fc4d56821f	page:"обрѣтатель"
обрѣтател҄ь	обрѣтател҄ь|noun|c55850fc4d56821f	canonical:"обрѣтател҄ь" || source-canonical:"обрѣтател҄ь"
обрѣтати	обрѣтати|verb|77acb956787e675e	canonical:"обрѣтати" || page:"обрѣтати"
обрѣтельникъ	обрѣтельникъ|noun|0c2a88e5642069c4	canonical:"обрѣтельникъ" || page:"обрѣтельникъ"
обрѣтѣль	обрѣтѣль|noun|af6b664e7904aacd	canonical:"обрѣтѣль" || page:"обрѣтѣль"
обрѣщи	обрѣсти|verb|d8d19014c3e6ed27	alternative:"обрѣщи"
обьдо	обьдо|noun|9c78619275368d3a	canonical:"обьдо" || page:"обьдо"
обьщениѥ	обьщениѥ|noun|82bc785f3c2c8c2d	canonical:"обьщениѥ" || page:"обьщениѥ"
обьщина	обьщина|noun|541e46a38b1c6f12	canonical:"обьщина" || page:"обьщина"
обьщь	обьщь|adj|82ef0e6e7c6230b0	canonical:"обьщь" || page:"обьщь"
обьщьникъ	обьщьникъ|noun|d813462316a64c37	canonical:"обьщьникъ" || page:"обьщьникъ"
обьщьство	обьщьство|noun|6a96e8260f617834	canonical:"обьщьство" || page:"обьщьство"
обѣдъ	обѣдъ|noun|04601c00de5315ce	canonical:"обѣдъ" || page:"обѣдъ"
обѣтованиѥ	обѣтованиѥ|noun|5a81af2a33d5a10d	canonical:"обѣтованиѥ" || page:"обѣтованиѥ"
обѣтъ	обѣтъ|noun|8886dbe8b04ca2af	canonical:"обѣтъ" || page:"обѣтъ"
обѫзъ	обѫзъ|noun|03eb6e6815eab4c2	canonical:"обѫзъ" || page:"обѫзъ"
обꙑчаи	обꙑчаи|noun|54df9dd9dff56961	canonical:"обꙑчаи" || page:"обꙑчаи"
овоще	овоще|noun|d5c7df3541f1860e	canonical:"овоще" || page:"овоще"
овъца	овъца|noun|3ff406c2323cb69a	canonical:"овъца" || page:"овъца"
овьца	овьца|noun|335542c00c66f441	canonical:"овьца" || page:"овьца"
овьчѧ	овьчѧ|noun|cdbb64c3d1e2d6e7	canonical:"овьчѧ" || page:"овьчѧ"
огнь	огн҄ь|noun|32c426c306072598	page:"огнь"
огнѥзрачьнъ	огнѥзрачьнъ|adj|a36cf43ccffd90d3	canonical:"огнѥзрачьнъ" || page:"огнѥзрачьнъ"
огн҄ь	огн҄ь|noun|32c426c306072598	canonical:"огн҄ь" || source-canonical:"огн҄ь"
ограда	ограда|noun|5d37c67e9cb183c7	canonical:"ограда" || page:"ограда"
оградити	оградити|verb|dd4d837224fb8b2a	canonical:"оградити" || page:"оградити"
оградъ	оградъ|noun|0343f3967ee490f2	canonical:"оградъ" || page:"оградъ"
ограждениѥ	орѣграждениѥ|noun|5639b7a7823551aa	page:"ограждениѥ"
одежда	одежда|noun|ba12473b264cb75b	canonical:"одежда" || page:"одежда"
одръ	одръ|noun|ad5dcd71154c38d7	canonical:"одръ" || page:"одръ"
одрьць	одрьць|noun|19841b6d43b637ff	canonical:"одрьць" || page:"одрьць"
одѣвати	одѣвати|verb|451f105f25894267	canonical:"одѣвати" || page:"одѣвати"
одѣꙗло	одѣꙗло|noun|1471c53a37dd212c	canonical:"одѣꙗло" || page:"одѣꙗло"
одѣꙗти	одѣꙗти|verb|f11bc23885bdc827	canonical:"одѣꙗти" || page:"одѣꙗти"
ожестити	ожестити|verb|b769832347a35ad3	canonical:"ожестити" || page:"ожестити"
ожесточити	ожесточити|verb|8ded14c12adc04b3	canonical:"ожесточити" || page:"ожесточити"
ожидати	ожидати|verb|db1d2214398466a2	canonical:"ожидати" || page:"ожидати"
оимъ	оимъ|noun|4160f069b6a181b0	canonical:"оимъ" || page:"оимъ"
оимьство	оимьство|noun|2e5f2b6946f8bc91	canonical:"оимьство" || page:"оимьство"
оклоснити	оклоснити|verb|e5023bdc3f3b8747	canonical:"оклоснити" || page:"оклоснити"
око	око|noun|3c865b640ba360ee	canonical:"око" || page:"око"
окови	окови|noun|8150987926acfe99	canonical:"окови" || page:"окови"
окрꙑти	отъкрꙑти|verb|5f00b224c5ed90fe	alternative:"окрꙑти"
окъньце	окъньце|noun|3ab202ee5b4275b2	canonical:"окъньце" || page:"окъньце"
олово	олово|noun|3715f34714e8801d	canonical:"олово" || page:"олово"
олъмъ	хлъмъ|noun|04c39614e25d7618	alternative:"олъмъ"
олътарь	олътарь|noun|49ee2dcd2ba61a29	canonical:"олътарь" || page:"олътарь"
оманъ	оманъ|noun|a372d5d821e28fc3	canonical:"оманъ" || page:"оманъ"
омета	омета|noun|144228025fe54859	canonical:"омета" || page:"омета"
она	она|pron|ac110180a5ee43a2	canonical:"она" || page:"она"
онагръ	онагръ|noun|de4ac62cdb9fb7df	canonical:"онагръ" || page:"онагръ"
оно	оно|pron|8da665624173994e	canonical:"оно" || page:"оно"
оноуща	оноуща|noun|2f9b30d2383774d9	canonical:"оноуща" || page:"оноуща"
онъ	онъ|pron|9d623727676064e0	canonical:"онъ" || page:"онъ"
опасивъ	опасивъ|adj|a13f296717acdd91	canonical:"опасивъ" || page:"опасивъ"
опасъ	опасъ|noun|0e42cbca8a4c4f6f	canonical:"опасъ" || page:"опасъ"
опашъ	опашь|noun|14f0924fbb34d33f	page:"опашъ"
опашь	опашь|noun|14f0924fbb34d33f	canonical:"опашь"
опашь	опашь|noun|4e306c4a8663a8b5	canonical:"опашь" || page:"опашь"
оплотъ	оплотъ|noun|908d1932da03d7de	canonical:"оплотъ" || page:"оплотъ"
опона	опона|noun|2b8791030a29a748	canonical:"опона" || page:"опона"
опрѣснъкъ	опрѣснъкъ|noun|0e46164279f7921d	canonical:"опрѣснъкъ" || page:"опрѣснъкъ"
опрѣти	опрѣти|verb|c00f3e789c477cd2	canonical:"опрѣти" || page:"опрѣти"
орало	орало|noun|8d9c0242a7360270	canonical:"орало" || page:"орало"
орати	орати|verb|aabc80d258826513	canonical:"орати" || page:"орати"
орелъ	орьлъ|noun|e3ccf626ae20941e	alternative:"орелъ"
орити	орити|verb|cba4f715e5da8023	canonical:"орити" || page:"орити"
орьлъ	орьлъ|noun|e3ccf626ae20941e	canonical:"орьлъ" || page:"орьлъ"
орьль	орьлъ|noun|e3ccf626ae20941e	alternative:"орьль"
орѣграждениѥ	орѣграждениѥ|noun|5639b7a7823551aa	canonical:"орѣграждениѥ"
орѫдиѥ	орѫдиѥ|noun|326ec2a3f7527352	canonical:"орѫдиѥ" || page:"орѫдиѥ"
орѫжиѥ	орѫжиѥ|noun|e40ea0b37b0ccdc3	canonical:"орѫжиѥ" || page:"орѫжиѥ"
орѫжьникъ	орѫжьникъ|noun|0338a6345f687754	canonical:"орѫжьникъ" || page:"орѫжьникъ"
освѣщати	освѣщати|verb|95d65c610e40b3de	canonical:"освѣщати" || page:"освѣщати"
освѧтити	освѧтити|verb|eb98b4380579d025	canonical:"освѧтити" || page:"освѧтити"
осило	осило|noun|730bf5a8e714c70a	canonical:"осило" || page:"осило"
оскврънити	оскврьнити|verb|84c00c3953c4eacc	alternative:"оскврънити"
оскврьнити	оскврьнити|verb|84c00c3953c4eacc	canonical:"оскврьнити" || page:"оскврьнити"
осклаблѥниѥ	осклаблѥниѥ|noun|4bb5b3a7501da105	canonical:"осклаблѥниѥ" || page:"осклаблѥниѥ"
оскръбити	оскръбити|verb|a346798919919765	canonical:"оскръбити" || page:"оскръбити"
осла	осла|noun|aa6d135f02ce0341	canonical:"осла" || page:"осла"
ослаба	ослаба|noun|07d8c02a337dca5b	canonical:"ослаба" || page:"ослаба"
осльнѫти	осльпнѫти|verb|0c1f6bb90b9745b0	alternative:"осльнѫти"
осльпнѫти	осльпнѫти|verb|0c1f6bb90b9745b0	canonical:"осльпнѫти" || page:"осльпнѫти"
ослѧ	осьлъ|noun|ef09974480b49e86	alternative:"ослѧ"
осмь	осмь|num|341cbd1d2057f828	canonical:"осмь" || page:"осмь"
осолити	осолити|verb|352cb7310d73c2ce	canonical:"осолити" || page:"осолити"
оставити	оставити|verb|56c2b5a93a164378	canonical:"оставити" || page:"оставити"
останъкъ	останъкъ|noun|b9557cb7907145e2	canonical:"останъкъ" || page:"останъкъ"
остати	остати|verb|d09e9dfcc06edb79	canonical:"остати" || page:"остати"
остатъкъ	остатъкъ|noun|70f3c61d6f41bb44	canonical:"остатъкъ" || page:"остатъкъ"
острищи	острищи|verb|aba74cbc064dc2c8	canonical:"острищи" || page:"острищи"
островъ	островъ|noun|b0b55c43000face2	canonical:"островъ" || page:"островъ"
острогъ	острогъ|noun|7f8327009103e80d	canonical:"острогъ" || page:"острогъ"
острость	острость|noun|bf1b411cf461a68b	canonical:"острость" || page:"острость"
остръ	остръ|adj|cf57ebe448a1187d	canonical:"остръ" || page:"остръ"
острьѥ	острьѥ|noun|652e98f87213a17d	canonical:"острьѥ" || page:"острьѥ"
остьнъ	остьнъ|noun|ccb97434a0485791	canonical:"остьнъ" || page:"остьнъ"
осъпꙑ	осъпꙑ|noun|42a0bc9feeabad68	canonical:"осъпꙑ" || page:"осъпꙑ"
осьлъ	осьлъ|noun|ef09974480b49e86	canonical:"осьлъ" || page:"осьлъ"
осьлѧ	осьлѧ|noun|b83db40a791e0840	canonical:"осьлѧ" || page:"осьлѧ"
осѣсти	осѣсти|verb|fb9251870286a0c6	canonical:"осѣсти" || page:"осѣсти"
отвръзати	отъвьрзати|verb|dac74a11bd1b88da	alternative:"отвръзати"
отврьзати	отврьзати|verb|cd37b9282264dbd3	canonical:"отврьзати" || page:"отврьзати"
отврѣсти	отъврѣсти|verb|0e00736c4ea10706	alternative:"отврѣсти"
отвѣщати	отъвѣщати|verb|ab268524314dd6d7	alternative:"отвѣщати"
отокъ	отокъ|noun|13f1b38e94fa9e41	canonical:"отокъ" || page:"отокъ"
отравити	отравити|verb|2f308237d2378b41	canonical:"отравити" || page:"отравити"
отрокъ	отрокъ|noun|4f256646bd1a9aa9	canonical:"отрокъ" || page:"отрокъ"
отрочина	отрочина|noun|a7e45636210f55f7	canonical:"отрочина" || page:"отрочина"
отрочищь	отрочищь|noun|78b52c6ebf91715f	canonical:"отрочищь" || page:"отрочищь"
отрочьникъ	отрочьникъ|noun|0185aa3d5a3efabd	canonical:"отрочьникъ" || page:"отрочьникъ"
отрочѧ	отрочѧ|noun|7d72260938c45402	canonical:"отрочѧ" || page:"отрочѧ"
отрьти	отрьти|verb|61e19723476b8407	canonical:"отрьти" || page:"отрьти"
отрѣти	отрьти|verb|61e19723476b8407	alternative:"отрѣти"
отъвратити	отъвратити|verb|4e44c404251b7f71	canonical:"отъвратити" || page:"отъвратити"
отъвръзати	отъвьрзати|verb|dac74a11bd1b88da	alternative:"отъвръзати"
отъврьзати	отврьзати|verb|cd37b9282264dbd3	alternative:"отъврьзати"
отъврьꙃати	отъвьрзати|verb|dac74a11bd1b88da	alternative:"отъврьꙃати"
отъврѣсти	отъврѣсти|verb|0e00736c4ea10706	canonical:"отъврѣсти" || page:"отъврѣсти"
отъврѣшти	отъврѣщи|verb|0b02f720d987e432	alternative:"отъврѣшти"
отъврѣщи	отъврѣщи|verb|0b02f720d987e432	canonical:"отъврѣщи" || page:"отъврѣщи"
отъвьрзати	отъвьрзати|verb|dac74a11bd1b88da	canonical:"отъвьрзати" || page:"отъвьрзати"
отъвѣтъ	отъвѣтъ|noun|4a37baeed92a5f0e	canonical:"отъвѣтъ" || page:"отъвѣтъ"
отъвѣщавати	отъвѣщавати|verb|eecf30b90dcd34a6	canonical:"отъвѣщавати" || page:"отъвѣщавати"
отъвѣщати	отъвѣщати|verb|ab268524314dd6d7	canonical:"отъвѣщати" || page:"отъвѣщати"
отъкрꙑти	отъкрꙑти|verb|5f00b224c5ed90fe	canonical:"отъкрꙑти" || page:"отъкрꙑти"
отълѣкъ	отълѣкъ|noun|e1673823eb8244d3	canonical:"отълѣкъ" || page:"отълѣкъ"
отълѫчити	отълѫчити|verb|048670dc09be1184	canonical:"отълѫчити" || page:"отълѫчити"
отъметати	отъметати|verb|e2ac13c029253d1a	canonical:"отъметати" || page:"отъметати"
отъпоустити	отъпоустити|verb|7d18124bc03348de	canonical:"отъпоустити" || page:"отъпоустити"
отърада	отърада|noun|6113c8f050783355	canonical:"отърада" || page:"отърада"
отърешти	отърещи|verb|3000d3d5983d7a9a	alternative:"отърешти"
отърещи	отърещи|verb|3000d3d5983d7a9a	canonical:"отърещи" || page:"отърещи"
отъринѫти	отъринѫти|verb|b44b2ede49b42606	canonical:"отъринѫти" || page:"отъринѫти"
отъскочити	отъскочити|verb|36ccb2435c3b8646	canonical:"отъскочити" || page:"отъскочити"
отъсѣкнѫти	отъсѣкнѫти|verb|6b69c6c8ea4a9bc6	canonical:"отъсѣкнѫти" || page:"отъсѣкнѫти"
отъчоуждити	отъчоуждити|verb|3870cda7edce3347	canonical:"отъчоуждити" || page:"отъчоуждити"
отъщетити	отъщетити|verb|8d479bba3aa0d1ff	canonical:"отъщетити" || page:"отъщетити"
отъѧти	отѧти|verb|4a4764f3eed8461a	alternative:"отъѧти"
отъѩти	отѧти|verb|4a4764f3eed8461a	alternative:"отъѩти"
отьць	отьць|noun|b5bfdea175497289	canonical:"отьць" || page:"отьць"
отьчина	отьчина|noun|ff823f26da105c9d	canonical:"отьчина" || page:"отьчина"
отьчьство	отьчьство|noun|83aff532b7b01a11	canonical:"отьчьство" || page:"отьчьство"
отѧти	отѧти|verb|4a4764f3eed8461a	canonical:"отѧти" || page:"отѧти"
оубииство	оубииство|noun|3a3a83c37a4784ae	canonical:"оубииство" || page:"оубииство"
оубити	оубити|verb|10a14ce3379cd187	canonical:"оубити" || page:"оубити"
оубогъ	оубогъ|adj|678ca5f8ab8113b5	canonical:"оубогъ" || page:"оубогъ"
оубои	оубои|noun|556d1a92f3745321	canonical:"оубои" || page:"оубои"
оубоиство	оубоиство|noun|1008a57d45316e0a	canonical:"оубоиство" || page:"оубоиство"
оуброусъ	оуброусъ|noun|72b9464acd8d7da2	canonical:"оуброусъ" || page:"оуброусъ"
оубѣжище	оубѣжище|noun|c0533303a5d35fb3	canonical:"оубѣжище" || page:"оубѣжище"
оувѣтъ	оувѣтъ|noun|cecc1cd3dd68b506	canonical:"оувѣтъ" || page:"оувѣтъ"
оувѣтьникъ	оувѣтьникъ|noun|d93686f48f9b6fc3	canonical:"оувѣтьникъ" || page:"оувѣтьникъ"
оугасити	оугасити|verb|d6416730f9380f4c	canonical:"оугасити" || page:"оугасити"
оугаснѫти	оугаснѫти|verb|774c947d67fdf0e3	canonical:"оугаснѫти" || page:"оугаснѫти"
оуглаголати	оуглаголати|verb|c9dbeb925f77e396	canonical:"оуглаголати" || page:"оуглаголати"
оугобьзити	оугобьзити|verb|50893524840e07f1	canonical:"оугобьзити" || page:"оугобьзити"
оугобьѕити	оугобьзити|verb|50893524840e07f1	alternative:"оугобьѕити"
оугодьникъ	оугодьникъ|noun|daaeeb76089211ad	canonical:"оугодьникъ" || page:"оугодьникъ"
оугодьнъ	оугодьнъ|adj|11ae805cadca213b	canonical:"оугодьнъ" || page:"оугодьнъ"
оудавити	оудавити|verb|8e55deafc50fb985	canonical:"оудавити" || page:"оудавити"
оудавлѥнина	оудавлѥнина|noun|dcc0469e5bd2c3ed	canonical:"оудавлѥнина" || page:"оудавлѥнина"
оударити	оударити|verb|f0882dc8db45cb2c	canonical:"оударити" || page:"оударити"
оудворьникъ	оудворьникъ|noun|05a2bb22a7b20a55	canonical:"оудворьникъ" || page:"оудворьникъ"
оудобь	оудобь|adj|67c20f8a9bb83598	canonical:"оудобь" || page:"оудобь"
оудъ	оудъ|noun|02c4c837ad796566	canonical:"оудъ" || page:"оудъ"
оужаснѫти	оужаснѫти|verb|0f6905b3e59a48a4	canonical:"оужаснѫти" || page:"оужаснѫти"
оужасть	оужасть|noun|4690d693b7c2cb19	canonical:"оужасть" || page:"оужасть"
оужасъ	оужасъ|noun|5cd500d4c3e5d5a7	canonical:"оужасъ" || page:"оужасъ"
оузда	оузда|noun|2e4409559067e33a	canonical:"оузда" || page:"оузда"
оузрѣти	оузьрѣти|verb|d61778b30b64abfa	alternative:"оузрѣти"
оузьрѣти	оузьрѣти|verb|d61778b30b64abfa	canonical:"оузьрѣти" || page:"оузьрѣти"
оуказъ	оуказъ|noun|d15048f3fde67187	canonical:"оуказъ" || page:"оуказъ"
оукоръ	оукоръ|noun|7cacbbc668b53e47	canonical:"оукоръ" || page:"оукоръ"
оукрасти	оукрасти|verb|789335a65a4d0d23	canonical:"оукрасти" || page:"оукрасти"
оукрои	оукрои|noun|9f72636dc636f6f0	canonical:"оукрои" || page:"оукрои"
оукропъ	оукропъ|noun|99c11fd2ca38eb5a	canonical:"оукропъ" || page:"оукропъ"
оукротити	оукротити|verb|380d8bf048ebb3e4	canonical:"оукротити" || page:"оукротити"
оукроухъ	оукроухъ|noun|21008c2cd0557968	canonical:"оукроухъ" || page:"оукроухъ"
оулица	оулица|noun|c116908515a981a6	canonical:"оулица" || page:"оулица"
оулоучити	оулоучити|verb|5695869497e95539	canonical:"оулоучити" || page:"оулоучити"
оумирати	оумирати|verb|07981339bab9c2f3	canonical:"оумирати" || page:"оумирати"
оумрѣти	оумрѣти|verb|1be01726f86a4bca	alternative:"оумрѣти" || canonical:"оумрѣти"
оумъ	оумъ|noun|36c30b67f61bf6f1	canonical:"оумъ" || page:"оумъ"
оумьнъ	оумьнъ|noun|4bc869ee278abd87	canonical:"оумьнъ" || page:"оумьнъ"
оумьрѣти	оумрѣти|verb|1be01726f86a4bca	page:"оумьрѣти"
оумѣти	оумѣти|verb|4e2cd2785998e065	canonical:"оумѣти" || page:"оумѣти"
оумѧкнѫти	оумѧкнѫти|verb|06feda98670782b4	canonical:"оумѧкнѫти" || page:"оумѧкнѫти"
оумꙑслити	оумꙑслити|verb|f4d22da8e0ecadf1	canonical:"оумꙑслити" || page:"оумꙑслити"
оуность	юность|noun|6e2a2719afbdbd93	alternative:"оуность"
оунъ	юнъ|adj|a4b4c8d389632625	alternative:"оунъ"
оуньшиина	оун҄ьшиина|noun|50b8239e7cbe94a0	page:"оуньшиина"
оун҄ьшиина	оун҄ьшиина|noun|50b8239e7cbe94a0	canonical:"оун҄ьшиина" || source-canonical:"оун҄ьшиина"
оунꙑньѥ	оунꙑньѥ|noun|719b2212e25a7f2f	canonical:"оунꙑньѥ" || page:"оунꙑньѥ"
оунꙑти	оунꙑти|verb|dd435438cb6f67cb	canonical:"оунꙑти" || page:"оунꙑти"
оупити	оупити|verb|a112f4dddc07ef0b	canonical:"оупити" || page:"оупити"
оупъвати	оупъвати|verb|5a71316038c036a8	canonical:"оупъвати" || page:"оупъвати"
оурокъ	оурокъ|noun|677d6fb98aa10387	canonical:"оурокъ" || page:"оурокъ"
оусирити	оусирити|verb|72f1ecd105101e33	canonical:"оусирити" || page:"оусирити"
оуспѣхъ	оуспѣхъ|noun|200026c9247041e5	canonical:"оуспѣхъ" || page:"оуспѣхъ"
оуста	оуста|noun|ea87629518c1e243	canonical:"оуста" || page:"оуста"
оуставъ	оуставъ|noun|af7503cea9226b3d	canonical:"оуставъ" || page:"оуставъ"
оустити	оустити|verb|29854d12563d73de	canonical:"оустити" || page:"оустити"
оустроити	оустроити|verb|aa7e22cc1ef88902	canonical:"оустроити" || page:"оустроити"
оустроѥниѥ	оустроѥниѥ|noun|fa56337e1140ed07	canonical:"оустроѥниѥ" || page:"оустроѥниѥ"
оустрьмити	оустрьмити|verb|52780e829f64a142	canonical:"оустрьмити" || page:"оустрьмити"
оусть	оусть|noun|8e956cd5c45526db	canonical:"оусть" || page:"оусть"
оусꙑрити	оусꙑрити|verb|c87ac4c47d19111d	canonical:"оусꙑрити" || page:"оусꙑрити"
оутварь	оутварь|noun|72020033ea85fcc5	canonical:"оутварь" || page:"оутварь"
оутврьдити	оутврьдити|verb|897380a37d508830	canonical:"оутврьдити" || page:"оутврьдити"
оутомити	оутомити|verb|2dc758df8d11b8c3	canonical:"оутомити" || page:"оутомити"
оутро	оутро|noun|1ef8b58230b61909	canonical:"оутро" || page:"оутро"
оутръпати	оутръпати|verb|5709ce2466999198	canonical:"оутръпати" || page:"оутръпати"
оутѣха	оутѣха|noun|a03832791e9567c6	canonical:"оутѣха" || page:"оутѣха"
оутѣшити	оутѣшити|verb|4f222b5e937d17d9	canonical:"оутѣшити" || page:"оутѣшити"
оутѧжити	оутѧжити|verb|2241909c11ba917b	canonical:"оутѧжити" || page:"оутѧжити"
оутѧти	оутѧти|verb|143ced1d162973c9	canonical:"оутѧти" || page:"оутѧти"
оухо	оухо|noun|ad13ef1e3063c31a	canonical:"оухо" || page:"оухо"
оучение	оученьѥ|noun|75c299433f7d2302	alternative:"оучение"
оученикъ	оученикъ|noun|3c87df78e3aff663	canonical:"оученикъ" || page:"оученикъ"
оученьѥ	оученьѥ|noun|75c299433f7d2302	canonical:"оученьѥ" || page:"оученьѥ"
оучитель	оучител҄ь|noun|a77c4f6fedd32729	page:"оучитель"
оучительнъ	оучительнъ|adj|8f9517e8bf912a7b	canonical:"оучительнъ" || page:"оучительнъ"
оучительство	оучительство|noun|7c596dde0c8a2b3b	canonical:"оучительство" || page:"оучительство"
оучител҄ь	оучител҄ь|noun|a77c4f6fedd32729	canonical:"оучител҄ь" || source-canonical:"оучител҄ь"
оучити	оучити|verb|be2fc00fd86d052d	canonical:"оучити" || page:"оучити"
оушидь	оушидь|noun|fa578ca9b395ee9f	canonical:"оушидь" || page:"оушидь"
оуѥдинити	оуѥдинити|verb|b9c6c2487d0ca9cb	canonical:"оуѥдинити" || page:"оуѥдинити"
охлѧданиѥ	охлѧданьѥ|noun|01b3c06306e5b599	page:"охлѧданиѥ"
охлѧданьѥ	охлѧданьѥ|noun|01b3c06306e5b599	canonical:"охлѧданьѥ"
оходьникъ	оходьникъ|noun|2f095c7fa7b6ea0e	canonical:"оходьникъ" || page:"оходьникъ"
охѫпити	охѫпити|verb|edc309fd0e0daf59	canonical:"охѫпити" || page:"охѫпити"
оцьтъ	оцьтъ|noun|98825a69a6e12cff	canonical:"оцьтъ" || page:"оцьтъ"
оцѣждати	оцѣждати|verb|bbefe4be5251d656	canonical:"оцѣждати" || page:"оцѣждати"
очесъ	очесъ|noun|a9dc1f5df4f4f4aa	canonical:"очесъ" || page:"очесъ"
очрьще	очрьщѥ|noun|c1319705f09c110d	page:"очрьще"
очрьщѥ	очрьщѥ|noun|c1319705f09c110d	canonical:"очрьщѥ"
ошибь	ошибь|noun|203fb59f63ece63d	canonical:"ошибь" || page:"ошибь"
ошьльць	ошьльць|noun|91f09ef4ad2d66be	canonical:"ошьльць" || page:"ошьльць"
павьлъ	павьлъ|noun|80c0e51805a7e42e	canonical:"Павьлъ" || page:"Павьлъ"
пагоуба	пагоуба|noun|d9fab670883427b2	canonical:"пагоуба" || page:"пагоуба"
пагоубьникъ	пагоубьникъ|noun|d874197c53c931d1	canonical:"пагоубьникъ" || page:"пагоубьникъ"
падати	падати|verb|4c872c2309b5dcdb	canonical:"падати" || page:"падати"
пазоуха	пазоуха|noun|5103a1c999215498	canonical:"пазоуха" || page:"пазоуха"
пакостьникъ	пакостьникъ|noun|3c94c2158cfa9526	canonical:"пакостьникъ" || page:"пакостьникъ"
палити	палити|verb|8b10e0e5378dc6fc	canonical:"палити" || page:"палити"
палица	палица|noun|fe6176109252a8b1	canonical:"палица" || page:"палица"
пальць	пальць|noun|f1d98c47eb091fb4	canonical:"пальць" || page:"пальць"
памѧть	памѧть|noun|19424d7a99292387	canonical:"памѧть" || page:"памѧть"
панта	панта|noun|7698394a18e21724	canonical:"панта" || page:"панта"
паоулъ	павьлъ|noun|80c0e51805a7e42e	alternative:"Паоулъ"
папа	папа|noun|edd09a5e1fe20b22	canonical:"папа" || page:"папа"
параклитъ	параклитъ|noun|02c2638869e13515	canonical:"параклитъ" || page:"параклитъ"
параскевьгии	параскевьгии|noun|3c4f5ccac9488ad4	canonical:"параскевьгии" || page:"параскевьгии"
парити	парити|verb|0f96e8a39818779e	canonical:"парити" || page:"парити"
паства	паства|noun|5c37ecce68a3450a	canonical:"паства" || page:"паства"
паствина	паствина|noun|6909c5a6f07b1538	canonical:"паствина" || page:"паствина"
пасти	пасти|verb|536822dca5ec6efb	canonical:"пасти" || page:"пасти"
пасти	пасти|verb|822a3686652f770f	canonical:"пасти" || page:"пасти"
патриархъ	патріархъ|noun|ed797eb14fbef9e4	alternative:"патриархъ"
патріархъ	патріархъ|noun|ed797eb14fbef9e4	canonical:"патріархъ" || page:"патріархъ"
паѫчина	паѫчина|noun|c9e59fb82067d419	canonical:"паѫчина" || page:"паѫчина"
паѫчина	паѭчина|noun|b8f0e092deddaa91	alternative:"паѫчина"
паѭчина	паѫчина|noun|c9e59fb82067d419	alternative:"паѭчина"
паѭчина	паѭчина|noun|b8f0e092deddaa91	canonical:"паѭчина" || page:"паѭчина"
пелена	пелена|noun|0c2fef7150155983	canonical:"пелена" || page:"пелена"
перьнатъ	перьнатъ|adj|ba57ba7faee50bab	canonical:"перьнатъ" || page:"перьнатъ"
печаль	печаль|noun|16a366e459ac1f0b	canonical:"печаль" || page:"печаль"
пешти	пещи|verb|f90ad0d6df28db54	alternative:"пешти"
пешть	пещь|noun|8e5eb0c117237941	alternative:"пешть"
пещера	пещера|noun|4327663167902214	canonical:"пещера" || page:"пещера"
пещи	пещи|verb|f90ad0d6df28db54	canonical:"пещи" || page:"пещи"
пещь	пещь|noun|8e5eb0c117237941	canonical:"пещь" || page:"пещь"
пиво	пиво|noun|fcc1bd5784298b14	canonical:"пиво" || page:"пиво"
пила	пила|noun|b825376e2a1df655	canonical:"пила" || page:"пила"
пилипъ	филипъ|noun|2b6c67205c94cd89	alternative:"Пилипъ"
пира	пира|noun|7f277990ca7303e3	canonical:"пира" || page:"пира"
пиръ	пиръ|noun|57a459472683bb6a	canonical:"пиръ" || page:"пиръ"
писати	писати|verb|d01e1e329757a826	canonical:"писати" || page:"писати"
писати	пьсати|verb|1cec0cd8a26d65bd	alternative:"писати"
писмѧ	писмѧ|noun|f578b46920eaeb67	canonical:"писмѧ" || page:"писмѧ"
пити	пити|verb|e389a21d82181990	canonical:"пити" || page:"пити"
питомъ	питомъ|adj|4e2126b40ba838d1	canonical:"питомъ" || page:"питомъ"
пища	пищꙗ|noun|802a723586d06fe6	page:"пища"
пищꙗ	пищꙗ|noun|802a723586d06fe6	canonical:"пищꙗ"
пиꙗница	пиꙗница|noun|64eb1ca98f8ad2b7	canonical:"пиꙗница" || page:"пиꙗница"
пиꙗнъ	пиꙗнъ|adj|7c856bf73c00ebf7	canonical:"пиꙗнъ" || page:"пиꙗнъ"
пиꙗньствиѥ	пиꙗньствиѥ|noun|61ec87652dc582b1	canonical:"пиꙗньствиѥ"
пиꙗньство	пиꙗньство|noun|25746a28a5cbbc36	canonical:"пиꙗньство" || page:"пиꙗньство"
пиꙗньствьѥ	пиꙗньствиѥ|noun|61ec87652dc582b1	page:"пиꙗньствьѥ"
плавати	плавати|verb|9ee53b7c2dd5cc9a	canonical:"плавати" || page:"плавати"
плавъ	плавъ|adj|0aaca9062c25005b	canonical:"плавъ" || page:"плавъ"
пладьниѥ	пладьниѥ|noun|506389ccbc03603c	canonical:"пладьниѥ" || page:"пладьниѥ"
плаканиѥ	плаканиѥ|noun|ed81002c0d64fad6	canonical:"плаканиѥ" || page:"плаканиѥ"
плакати	плакати|verb|057ee05e181648fd	canonical:"плакати" || page:"плакати"
пламень	пламꙑ|noun|a8bd0d64e5b79b29	page:"пламень"
пламѣнъ	пламѣнъ|adj|c34137ec519db215	canonical:"пламѣнъ" || page:"пламѣнъ"
пламꙑ	пламꙑ|noun|a8bd0d64e5b79b29	canonical:"пламꙑ"
пламꙑ	пламꙑ|noun|d7a6b77ef84e06da	canonical:"пламꙑ" || page:"пламꙑ"
планита	планита|noun|13673eb56f145a5e	canonical:"планита" || page:"планита"
планита	планитъ|noun|0103838c3bb40663	alternative:"планита"
планитъ	планита|noun|13673eb56f145a5e	alternative:"планитъ"
планитъ	планитъ|noun|0103838c3bb40663	canonical:"планитъ" || page:"планитъ"
планѫти	планѫти|verb|3d0fe3878ac1b99b	canonical:"планѫти" || page:"планѫти"
платъ	платъ|noun|e932af09a2bd2b77	canonical:"платъ" || page:"платъ"
плачь	плачь|noun|15a7119a73c4faed	canonical:"плачь" || page:"плачь"
плащъ	плащъ|noun|4ea66e3c29ebec02	canonical:"плащъ"
плащь	плащъ|noun|4ea66e3c29ebec02	page:"плащь"
племѧ	племѧ|noun|532fd2adefbd42b6	canonical:"племѧ" || page:"племѧ"
пленица	пленица|noun|fe48fc69ad27e4bb	canonical:"пленица" || page:"пленица"
плесно	плесно|noun|c71071709d98dea4	canonical:"плесно" || page:"плесно"
плесньце	плесньце|noun|e61f5db0226afe18	canonical:"плесньце" || page:"плесньце"
плести	плести|verb|0351d630afebff7c	canonical:"плести" || page:"плести"
плеще	плеще|noun|04a09cbe0bcea73c	canonical:"плеще" || page:"плеще"
плинѫти	плинѫти|verb|73bff4341c56e2db	canonical:"плинѫти" || page:"плинѫти"
плодъ	плодъ|noun|a704db150a5e7d38	canonical:"плодъ" || page:"плодъ"
плотъ	плотъ|noun|afafc988b859eb8b	canonical:"плотъ" || page:"плотъ"
плоускъ	плоускъ|noun|a5278c4a323ab7c8	canonical:"плоускъ" || page:"плоускъ"
плоути	плоути|verb|32f6a872f8191894	canonical:"плоути" || page:"плоути"
плъкъ	плъкъ|noun|609841fc356a8279	canonical:"плъкъ" || page:"плъкъ"
плътъ	плътъ|noun|6797b23358d04d73	canonical:"плътъ"
плъть	плъть|noun|fc494d3764382d3d	canonical:"плъть" || page:"плъть"
пльваниѥ	пльваниѥ|noun|5d3c7a4b31810d5a	canonical:"пльваниѥ" || page:"пльваниѥ"
пльвати	пльвати|verb|5be373b544be7687	canonical:"пльвати" || page:"пльвати"
пльзъкъ	пльзъкъ|adj|7de341f634427ce1	canonical:"пльзъкъ" || page:"пльзъкъ"
пльнъ	пльнъ|adj|db3fd9f5c87552a9	canonical:"пльнъ" || page:"пльнъ"
плѣва	плѣва|noun|c68754b978bd756f	canonical:"плѣва" || page:"плѣва"
плѣнъ	плѣнъ|noun|86cc49c26f989e8d	canonical:"плѣнъ" || page:"плѣнъ"
плѣньникъ	плѣньникъ|noun|c4d40422fcb636f4	canonical:"плѣньникъ" || page:"плѣньникъ"
плѣти	плѣти|verb|0a901904085acf75	canonical:"плѣти" || page:"плѣти"
плѧсаниѥ	плѧсаниѥ|noun|850bd524b795f80a	canonical:"плѧсаниѥ" || page:"плѧсаниѥ"
плѧсати	плѧсати|verb|a38b74b611311e51	canonical:"плѧсати" || page:"плѧсати"
плѧсьць	плѧсьць|noun|30b047c081b20a23	canonical:"плѧсьць" || page:"плѧсьць"
побити	побити|verb|56219b0c2c092a54	canonical:"побити" || page:"побити"
побѣда	побѣда|noun|99268c354e7052c4	canonical:"побѣда" || page:"побѣда"
побѣдитель	побѣдитель|noun|87d255832cb7b8c6	canonical:"побѣдитель" || page:"побѣдитель"
побѣдити	побѣдити|verb|76902c0e272528f9	canonical:"побѣдити" || page:"побѣдити"
побѣдотворьць	побѣдотворьць|noun|7b3ca1ddd29ab90f	canonical:"побѣдотворьць" || page:"побѣдотворьць"
побѣдьливъ	побѣдьливъ|adj|c283d4d2088e962f	canonical:"побѣдьливъ" || page:"побѣдьливъ"
побѣдьникъ	побѣдьникъ|noun|d533fa3560dfeabf	canonical:"побѣдьникъ" || page:"побѣдьникъ"
побꙑть	побꙑть|noun|4d787cd6f5b68429	canonical:"побꙑть" || page:"побꙑть"
повапьнити	повапьнити|verb|d065094e4f95ffee	canonical:"повапьнити" || page:"повапьнити"
поварь	повар҄ь|noun|b2319ad98d2ce832	page:"поварь"
поварьница	поварьница|noun|6e6a2e1147d1835b	canonical:"поварьница" || page:"поварьница"
повар҄ь	повар҄ь|noun|b2319ad98d2ce832	canonical:"повар҄ь" || source-canonical:"повар҄ь"
повелѣти	повелѣти|verb|9dd2a1fde624172a	canonical:"повелѣти" || page:"повелѣти"
повѣдь	повѣдь|noun|9d0e0c18963f2329	canonical:"повѣдь" || page:"повѣдь"
повѣсть	повѣсть|noun|3309a3bc87a87371	canonical:"повѣсть" || page:"повѣсть"
поганинъ	поганинъ|noun|6afc81c21760fb7c	canonical:"поганинъ" || page:"поганинъ"
поганъ	поганъ|adj|a2ce748ac9aeeed5	canonical:"поганъ" || page:"поганъ"
поганьство	поганьство|noun|9d0aa1b5dc5c1326	canonical:"поганьство" || page:"поганьство"
поганꙑни	поганꙑн҄и|noun|72827cb048916aa9	page:"поганꙑни"
поганꙑн҄и	поганꙑн҄и|noun|72827cb048916aa9	canonical:"поганꙑн҄и" || source-canonical:"поганꙑн҄и"
погоуба	пагоуба|noun|d9fab670883427b2	alternative:"погоуба"
погоубити	погоубити|verb|707170d9867c93f9	canonical:"погоубити" || page:"погоубити"
погребениѥ	погребеньѥ|noun|2d59ed581037d990	alternative:"погребениѥ"
погребеньѥ	погребеньѥ|noun|2d59ed581037d990	canonical:"погребеньѥ" || page:"погребеньѥ"
погребитель	погрєбител҄ь|noun|dde5008c7d5044c0	page:"погребитель"
погребити	погребити|verb|4b1cabd948dd6445	canonical:"погребити" || page:"погребити"
погрети	погрети|verb|78ddba7c0c972437	canonical:"погрети" || page:"погрети"
погрєбител҄ь	погрєбител҄ь|noun|dde5008c7d5044c0	canonical:"погрєбител҄ь" || source-canonical:"погрєбител҄ь"
погрѣбати	погрѣбати|verb|a25f5ae567be4a38	canonical:"погрѣбати" || page:"погрѣбати"
погрѣшити	погрѣшити|verb|ba1b93ee693f6446	canonical:"погрѣшити" || page:"погрѣшити"
погꙑбѣль	погꙑбѣль|noun|e465abc88668e1ef	canonical:"погꙑбѣль" || page:"погꙑбѣль"
подадитель	подадитель|noun|99a83062bd80672d	canonical:"подадитель" || page:"подадитель"
подвигнѫти	подвигнѫти|verb|8ed9b19147277a7f	canonical:"подвигнѫти" || page:"подвигнѫти"
подвигъ	подвигъ|noun|388f457ed2cce08d	canonical:"подвигъ" || page:"подвигъ"
подвижениѥ	подвижениѥ|noun|ec1649d00b052c57	canonical:"подвижениѥ" || page:"подвижениѥ"
подвижьникъ	подвижьникъ|noun|ddd49813ce4c3de5	canonical:"подвижьникъ" || page:"подвижьникъ"
подвижьнъ	подвижьнъ|adj|ae526034bce93bc5	canonical:"подвижьнъ" || page:"подвижьнъ"
подвизати	подвизати|verb|2f7ca6114723a7cf	canonical:"подвизати" || page:"подвизати"
подвиѕаниѥ	подвиѕаниѥ|noun|86dad17f563432c3	canonical:"подвиѕаниѥ" || page:"подвиѕаниѥ"
подвиѕати	подвизати|verb|2f7ca6114723a7cf	alternative:"подвиѕати"
подоба	подоба|noun|8b9df75a86026cca	canonical:"подоба" || page:"подоба"
подобати	подобати|verb|7c0801ea540a5d0b	canonical:"подобати" || page:"подобати"
подобити	подобити|verb|4417a25b676e63db	canonical:"подобити" || page:"подобити"
подобьнъ	подобьнъ|adj|68bc6846e82dd6db	canonical:"подобьнъ" || page:"подобьнъ"
подражьникъ	подражьникъ|noun|5eb7ccd6bb2dc801	canonical:"подражьникъ" || page:"подражьникъ"
подъметъ	подъметъ|noun|300bb474a753f95c	canonical:"подъметъ" || page:"подъметъ"
подъѩтель	подъѩтель|noun|f1f0272b374d61c5	canonical:"подъѩтель" || page:"подъѩтель"
подъѩти	подъѩти|verb|ccfc9da53f1fa5dd	canonical:"подъѩти" || page:"подъѩти"
пожити	пожити|verb|3bb6aa0cfa277c31	canonical:"пожити" || page:"пожити"
пожрѣти	пожрѣти|verb|f65a63528f0ec750	canonical:"пожрѣти" || page:"пожрѣти"
пожѧти	пожѧти|verb|1244b0757a68dbac	canonical:"пожѧти" || page:"пожѧти"
познати	познати|verb|0a969d3a79ef6c31	canonical:"познати" || page:"познати"
позорище	позорище|noun|29c0b6350fc71a82	canonical:"позорище" || page:"позорище"
позоръ	позоръ|noun|4e09adafb810ed3e	canonical:"позоръ" || page:"позоръ"
позорьникъ	позорьникъ|noun|02842e15e70a066f	canonical:"позорьникъ" || page:"позорьникъ"
поимати	поимати|verb|c507e527965b0c99	canonical:"поимати" || page:"поимати"
поити	поити|verb|f4e4c177921ddbe9	canonical:"поити" || page:"поити"
показати	показати|verb|5ff228c39552ba74	canonical:"показати" || page:"показати"
покаꙗти	покаꙗти|verb|31923d930ef9a599	canonical:"покаꙗти" || page:"покаꙗти"
покланꙗти	покланꙗти|verb|755c9350695565b3	canonical:"покланꙗти" || page:"покланꙗти"
поклонити	поклонити|verb|90c6cebb9d2d7cbe	canonical:"поклонити" || page:"поклонити"
поклонъ	поклонъ|noun|ea2611e2a621807f	canonical:"поклонъ" || page:"поклонъ"
поклоньникъ	поклоньникъ|noun|b14366f68b8860b5	canonical:"поклоньникъ" || page:"поклоньникъ"
покои	покои|noun|6021c3d8009a9760	canonical:"покои" || page:"покои"
поконъ	поконъ|noun|03857dac28b1ecaa	canonical:"поконъ" || page:"поконъ"
поконь	поконь|noun|247b049bba9260d5	canonical:"поконь" || page:"поконь"
покровище	покровище|noun|15ffe602fdcfd14a	canonical:"покровище" || page:"покровище"
покровъ	покровъ|noun|8d7150e7bdc14d74	canonical:"покровъ" || page:"покровъ"
покрꙑти	покрꙑти|verb|af555dbc47646a9b	canonical:"покрꙑти" || page:"покрꙑти"
полата	полата|noun|9be278952504a0e5	canonical:"полата" || page:"полата"
полити	палити|verb|8b10e0e5378dc6fc	alternative:"полити"
полити	полити|verb|0ce51c1f156c7e14	canonical:"полити" || page:"полити"
полоучивъ	полоучивъ|adj|75646dd4dc2ac2e1	canonical:"полоучивъ" || page:"полоучивъ"
полоучити	полоучити|verb|81151c4c47557fba	canonical:"полоучити" || page:"полоучити"
полъ	полъ|noun|cdeb558cff9d99e4	canonical:"полъ" || page:"полъ"
польза	польѕа|noun|0ad7c5a792ff56f4	alternative:"польза"
польскъ	пол҄ьскъ|adj|1be1ead2de8e29cf	page:"польскъ"
польѕа	польѕа|noun|0ad7c5a792ff56f4	canonical:"польѕа" || page:"польѕа"
полѥ	полѥ|noun|c36aa317ee5f29bc	canonical:"полѥ" || page:"полѥ"
пол҄ьскъ	пол҄ьскъ|adj|1be1ead2de8e29cf	canonical:"пол҄ьскъ" || source-canonical:"пол҄ьскъ"
помазаньникъ	помазаньникъ|noun|e5d20077d6e892b3	canonical:"помазаньникъ" || page:"помазаньникъ"
помиловати	помиловати|verb|4e64a37d97ca3011	canonical:"помиловати" || page:"помиловати"
помошти	помощи|verb|2c78a689005511a2	alternative:"помошти"
помощи	помощи|verb|2c78a689005511a2	canonical:"помощи" || page:"помощи"
помощь	помощь|noun|5313f1597d3a3b37	canonical:"помощь" || page:"помощь"
помощьникъ	помощьникъ|noun|8e85081330df4b88	canonical:"помощьникъ" || page:"помощьникъ"
помръзнѫти	помръзнѫти|verb|878fd5dd50955870	canonical:"помръзнѫти" || page:"помръзнѫти"
помѣнѫти	помѣнѫти|verb|63bfb06435d6d060	canonical:"помѣнѫти" || page:"помѣнѫти"
помѣнѫти	помѧнѫти|verb|afb3be962bd7e7c2	alternative:"помѣнѫти"
помѧнѫти	помѣнѫти|verb|63bfb06435d6d060	alternative:"помѧнѫти"
помѧнѫти	помѧнѫти|verb|afb3be962bd7e7c2	canonical:"помѧнѫти" || page:"помѧнѫти"
понедѣлъкъ	понедѣлъкъ|noun|68d2b2d5aeb81507	canonical:"понедѣлъкъ" || page:"понедѣлъкъ"
понести	понести|verb|c41afca5ef383ada	canonical:"понести" || page:"понести"
поносъ	поносъ|noun|015d38f2fc4a2b4a	canonical:"поносъ" || page:"поносъ"
попирати	попирати|verb|c031e1d4e7b6be9a	canonical:"попирати" || page:"попирати"
поповьство	попьство|noun|efd9414d25943365	alternative:"поповьство"
попоустити	попоустити|verb|80f766c544bd6eb9	canonical:"попоустити" || page:"попоустити"
попъ	попъ|noun|843e1519ad50e258	canonical:"попъ" || page:"попъ"
попьрати	попьрати|verb|aca9fcbc8d39467b	canonical:"попьрати" || page:"попьрати"
попьрище	попьрище|noun|39c0246a2dd4ab89	canonical:"попьрище" || page:"попьрище"
попьство	попьство|noun|efd9414d25943365	canonical:"попьство" || page:"попьство"
порицати	порицати|verb|bcff5a65c6adfcbb	canonical:"порицати" || page:"порицати"
порокъ	порокъ|noun|e490abdfe1e90b82	canonical:"порокъ" || page:"порокъ"
порѫчьникъ	порѫчьникъ|noun|30444fcee5eb07f2	canonical:"порѫчьникъ" || page:"порѫчьникъ"
послати	посълати|verb|2dbb503ed0901eb2	alternative:"послати"
послоужити	послоужити|verb|4ade85616fc5a352	canonical:"послоужити" || page:"послоужити"
послоухъ	послоухъ|noun|c94a14dcf5d524fb	canonical:"послоухъ" || page:"послоухъ"
послоушати	послоушати|verb|b9664bd2de7d3b97	canonical:"послоушати" || page:"послоушати"
послоушьникъ	послоушьникъ|noun|5b12393451d56c72	canonical:"послоушьникъ" || page:"послоушьникъ"
послѣдъкъ	послѣдъкъ|noun|0a48772de204ce2a	canonical:"послѣдъкъ" || page:"послѣдъкъ"
посоха	посоха|noun|4d67a20a4066f120	canonical:"посоха" || page:"посоха"
поспѣхъ	поспѣхъ|noun|5c6ce6cb283e866e	canonical:"поспѣхъ" || page:"поспѣхъ"
поспѣшьникъ	поспѣшьникъ|noun|5643da516990c493	canonical:"поспѣшьникъ" || page:"поспѣшьникъ"
поставити	поставити|verb|da227e74a7e275ca	canonical:"поставити" || page:"поставити"
постелꙗ	постелꙗ|noun|13f234116041d3a3	canonical:"постелꙗ" || page:"постелꙗ"
постигнѫти	постигнѫти|verb|c16bb2307f380bb7	canonical:"постигнѫти" || page:"постигнѫти"
постити	постити|verb|843606d204a98377	canonical:"постити" || page:"постити"
постригати	постригати|verb|11a0912effd3316d	canonical:"постригати" || page:"постригати"
пострижениѥ	пострижениѥ|noun|4bd8d7f3b21707c5	canonical:"пострижениѥ"
постриженьѥ	пострижениѥ|noun|4bd8d7f3b21707c5	page:"постриженьѥ"
пострищи	пострищи|verb|f901aae03d03cb30	canonical:"пострищи" || page:"пострищи"
постъ	постъ|noun|ab48e6f431b7bb05	canonical:"постъ" || page:"постъ"
постьникъ	постьникъ|noun|894160d73375bde7	canonical:"постьникъ" || page:"постьникъ"
посълати	посълати|verb|2dbb503ed0901eb2	canonical:"посълати" || page:"посълати"
посьлати	посълати|verb|2dbb503ed0901eb2	alternative:"посьлати"
посꙑлати	посꙑлати|verb|40b42dd88bf09212	canonical:"посꙑлати" || page:"посꙑлати"
потворити	потворити|verb|2051b9bfeeec6ff6	canonical:"потворити" || page:"потворити"
потещи	потещи|verb|7e9b4cb110792eeb	canonical:"потещи" || page:"потещи"
потокъ	потокъ|noun|37964fa656d4894e	canonical:"потокъ" || page:"потокъ"
потопъ	потопъ|noun|91b7460126f983f0	canonical:"потопъ" || page:"потопъ"
потъ	потъ|noun|4959d47254077a0a	canonical:"потъ" || page:"потъ"
потъкнѫти	потъкнѫти|verb|e9718f54add19c09	canonical:"потъкнѫти" || page:"потъкнѫти"
потѣкати	потѣкати|verb|e1feee5a1aa14326	canonical:"потѣкати" || page:"потѣкати"
потѧгнѫти	потѧгнѫти|verb|0542f976c919d79a	canonical:"потѧгнѫти" || page:"потѧгнѫти"
поустиньникъ	поустиньникъ|noun|678f64bab39e4302	canonical:"поустиньникъ" || page:"поустиньникъ"
поустити	поустити|verb|c260b541c4905151	canonical:"поустити" || page:"поустити"
поустота	поустота|noun|75ee3d15410afc90	canonical:"поустота" || page:"поустота"
поустошь	поустошь|noun|8272518ae7581833	canonical:"поустошь" || page:"поустошь"
поустъ	поустъ|adj|6703d715482247a5	canonical:"поустъ" || page:"поустъ"
поустꙑни	поустꙑн҄и|noun|ee55a8f5e686162b	page:"поустꙑни"
поустꙑн҄и	поустꙑн҄и|noun|ee55a8f5e686162b	canonical:"поустꙑн҄и" || source-canonical:"поустꙑн҄и"
поущати	поущати|verb|e756e312dcdd62c9	canonical:"поущати" || page:"поущати"
похода	похода|noun|6bd7ea956c1d0f39	canonical:"похода" || page:"похода"
похоть	похоть|noun|926320ed3cb02fc9	canonical:"похоть" || page:"похоть"
почивати	почивати|verb|68ba4bb68e179465	canonical:"почивати" || page:"почивати"
почисти	почисти|verb|ca49d742190b7a9e	canonical:"почисти" || page:"почисти"
почити	почити|verb|3d839de843a81d60	canonical:"почити" || page:"почити"
почрьпало	почрьпало|noun|656daa7f560b5c13	canonical:"почрьпало" || page:"почрьпало"
почрьпальникъ	почрьпальникъ|noun|7625cb9ec7099c3b	canonical:"почрьпальникъ" || page:"почрьпальникъ"
почѧти	почѧти|verb|c14f35039d1dcff2	canonical:"почѧти" || page:"почѧти"
поѧти	поѩти|verb|841aad32b158fd2f	alternative:"поѧти"
поѩти	поѩти|verb|841aad32b158fd2f	canonical:"поѩти" || page:"поѩти"
поꙗсъ	поꙗсъ|noun|9608a16e3c958af1	canonical:"поꙗсъ" || page:"поꙗсъ"
праведенъ	правьдьнъ|adj|350cfb5e04fdc1b3	alternative:"праведенъ"
правило	правило|noun|33289645c2b8bae7	canonical:"правило" || page:"правило"
правитель	правител҄ь|noun|83cbe842f5d47039	page:"правитель"
правител҄ь	правител҄ь|noun|83cbe842f5d47039	canonical:"правител҄ь" || source-canonical:"правител҄ь"
правити	правити|verb|fb0f5d8989413925	canonical:"правити" || page:"правити"
православьнъ	православьнъ|adj|362beecdd98c32b3	canonical:"православьнъ" || page:"православьнъ"
правословьць	правословьць|noun|0d27ea026bb6d154	canonical:"правословьць" || page:"правословьць"
правость	правость|noun|161d28edab1fb083	canonical:"правость" || page:"правость"
правота	правота|noun|d310f1908769cdb3	canonical:"правота" || page:"правота"
правъ	правъ|adj|482378c4ac2d504f	canonical:"правъ" || page:"правъ"
правьда	правьда|noun|48d2841ddd959efb	canonical:"правьда" || page:"правьда"
правьдивъ	правьдивъ|adj|8062b98e6f577d11	canonical:"правьдивъ" || page:"правьдивъ"
правьдьникъ	правьдьникъ|noun|e293b3c2bceeb64a	canonical:"правьдьникъ" || page:"правьдьникъ"
правьдьнъ	правьдьнъ|adj|350cfb5e04fdc1b3	canonical:"правьдьнъ" || page:"правьдьнъ"
правꙑни	правꙑн҄и|noun|b30bd8fc2e917d14	page:"правꙑни"
правꙑн҄и	правꙑн҄и|noun|b30bd8fc2e917d14	canonical:"правꙑн҄и" || source-canonical:"правꙑн҄и"
прагъ	прагъ|noun|7c4b7047cba39bd9	canonical:"прагъ" || page:"прагъ"
праздьникъ	праздьникъ|noun|ab01474ba768d5e0	canonical:"праздьникъ" || page:"праздьникъ"
праздьнъ	праздьнъ|adj|44ce1a8344a8b4d9	canonical:"праздьнъ" || page:"праздьнъ"
праотьць	праотьць|noun|7285646503637df8	canonical:"праотьць" || page:"праотьць"
прапрѫда	прапрѫда|noun|fe28f57a393ada59	canonical:"прапрѫда" || page:"прапрѫда"
прапрѫдъ	прапрѫда|noun|fe28f57a393ada59	alternative:"прапрѫдъ"
прасѧ	прасѧ|noun|246b970c4e0ee6cd	canonical:"прасѧ" || page:"прасѧ"
прахъ	прахъ|noun|ca9d36788b879c5d	canonical:"прахъ" || page:"прахъ"
пращати	пращати|verb|b9bf1764caf001a4	canonical:"пращати" || page:"пращати"
пращьникъ	пращьникъ|noun|561230a3e8855247	canonical:"пращьникъ" || page:"пращьникъ"
преити	преити|verb|78b7d7f4fac8a6dd	canonical:"преити" || page:"преити"
прибѣжати	прибѣжати|verb|c1529b4c526c304b	canonical:"прибѣжати" || page:"прибѣжати"
прибѣжище	прибѣжище|noun|c9fca85612618fc3	canonical:"прибѣжище" || page:"прибѣжище"
прибꙑтъкъ	прибꙑтъкъ|noun|f3395390a1233685	canonical:"прибꙑтъкъ" || page:"прибꙑтъкъ"
привести	привести|verb|322c17e7156f7f5f	canonical:"привести" || page:"привести"
привести	привести|verb|f12709c3358dd489	canonical:"привести" || page:"привести"
привѣтъ	привѣтъ|noun|b209f498aec60c52	canonical:"привѣтъ" || page:"привѣтъ"
приити	прити|verb|6b6d6ee1ca90076b	alternative:"приити"
прикладъ	прикладъ|noun|e2e9ab44820e4acf	canonical:"прикладъ" || page:"прикладъ"
приключити	приключити|verb|1f6406030e072863	canonical:"приключити" || page:"приключити"
прилогъ	прилогъ|noun|43cd1d003743c63d	canonical:"прилогъ" || page:"прилогъ"
принести	принести|verb|dfc41f7a05a61ecb	canonical:"принести" || page:"принести"
приносъ	приносъ|noun|fbf917a3e626a125	canonical:"приносъ" || page:"приносъ"
приобрѣсти	приобрѣсти|verb|623d1bd3051a8392	canonical:"приобрѣсти" || page:"приобрѣсти"
приобрѣтельникъ	приобрѣтельникъ|noun|f8b7442220736b73	canonical:"приобрѣтельникъ" || page:"приобрѣтельникъ"
приобрѣтѣль	приобрѣтѣль|noun|68fbdb71ad63e421	canonical:"приобрѣтѣль" || page:"приобрѣтѣль"
припасти	припасти|verb|94cbb590cea96779	canonical:"припасти" || page:"припасти"
приплотъ	приплотъ|noun|029278fc86a0ab70	canonical:"приплотъ" || page:"приплотъ"
прирокъ	прирокъ|noun|a8984db962830e63	canonical:"прирокъ" || page:"прирокъ"
присность	присность|noun|0687e86a69c00df1	canonical:"присность" || page:"присность"
приснъ	приснъ|adj|6a3844cadb7370d7	canonical:"приснъ" || page:"приснъ"
приспѣти	приспѣти|verb|95fa01a0ade8f7ba	canonical:"приспѣти" || page:"приспѣти"
приставьникъ	приставьникъ|noun|eba50451e35f5d10	canonical:"приставьникъ" || page:"приставьникъ"
пристанище	пристанище|noun|ece5c7e473ec0c7e	canonical:"пристанище" || page:"пристанище"
пристати	пристати|verb|2a266c0fab3e7a3b	canonical:"пристати" || page:"пристати"
пристроити	пристроити|verb|b3dc5032abd5643e	canonical:"пристроити" || page:"пристроити"
присѧга	присѧга|noun|c018c38876e94d93	canonical:"присѧга" || page:"присѧга"
присѧщи	присѧщи|verb|c081462f0012b7ee	canonical:"присѧщи" || page:"присѧщи"
притворъ	притворъ|noun|6d9f20e9ab4c79a1	canonical:"притворъ" || page:"притворъ"
притещи	притещи|verb|85c9e71edb30e9f6	canonical:"притещи" || page:"притещи"
прити	прити|verb|6b6d6ee1ca90076b	canonical:"прити" || page:"прити"
притъкъ	притъкъ|noun|8f00d0e062222079	canonical:"притъкъ" || page:"притъкъ"
притъча	притъча|noun|6897e5943850b655	canonical:"притъча" || page:"притъча"
причьтьникъ	причьтьникъ|noun|8ee5d83c2743ab81	canonical:"причьтьникъ" || page:"причьтьникъ"
причѧстьникъ	причѧстьникъ|noun|22aa375c01ce4489	canonical:"причѧстьникъ" || page:"причѧстьникъ"
пришьльць	пришьльць|noun|bff3f04a923250e0	canonical:"пришьльць" || page:"пришьльць"
пришьствиѥ	пришьствиѥ|noun|429e7285704b1b30	canonical:"пришьствиѥ" || page:"пришьствиѥ"
приѧти	приѩти|verb|1709da89e22e248c	alternative:"приѧти"
приѩти	приѩти|verb|1709da89e22e248c	canonical:"приѩти" || page:"приѩти"
приꙗзнь	приꙗзнь|noun|171e69c3adb88deb	canonical:"приꙗзнь" || page:"приꙗзнь"
приꙗтель	приꙗтел҄ь|noun|ca56c7c7cec53bb7	page:"приꙗтель"
приꙗтел҄ь	приꙗтел҄ь|noun|ca56c7c7cec53bb7	canonical:"приꙗтел҄ь" || source-canonical:"приꙗтел҄ь"
приꙗти	приꙗти|verb|acf1f5cbaa42f236	canonical:"приꙗти" || page:"приꙗти"
пробождати	пробождати|verb|abeafff634a45a25	canonical:"пробождати" || page:"пробождати"
пробрѣзгъ	пробрѣзгъ|noun|8df352d4b3a60b55	canonical:"пробрѣзгъ" || page:"пробрѣзгъ"
провидѣти	провидѣти|verb|e624ebf996310501	canonical:"провидѣти" || page:"провидѣти"
прогласъ	прогласъ|noun|6ca07f72e0340f59	canonical:"прогласъ" || page:"прогласъ"
прогонѥниѥ	прогонѥниѥ|noun|9dbe791fc8639e6b	canonical:"прогонѥниѥ" || page:"прогонѥниѥ"
продьлити	продьлити|verb|b780f69ff7db0693	canonical:"продьлити" || page:"продьлити"
прозьрѣти	прозьрѣти|verb|6280572f7978915e	canonical:"прозьрѣти" || page:"прозьрѣти"
прозѧбнѫти	прозѧбнѫти|verb|c5142e2300bfbe3c	canonical:"прозѧбнѫти" || page:"прозѧбнѫти"
произнести	произнести|verb|9b824a37e9f92c7f	canonical:"произнести" || page:"произнести"
проити	проити|verb|089ad0a57b53040e	canonical:"проити" || page:"проити"
проказа	проказа|noun|c3a21d813822a12e	canonical:"проказа" || page:"проказа"
проказьство	проказьство|noun|936fc5e09ebcfe3c	canonical:"проказьство" || page:"проказьство"
проклѧти	проклѧти|verb|07bcd609d82ddb18	canonical:"проклѧти" || page:"проклѧти"
проклѧтъ	проклѧтъ|adj|448de9804a06e61b	canonical:"проклѧтъ" || page:"проклѧтъ"
прокоуда	прокоуда|noun|d26236453c97f60d	canonical:"прокоуда" || page:"прокоуда"
прокоудьникъ	прокоудьникъ|noun|9cabe217077eaadb	canonical:"прокоудьникъ" || page:"прокоудьникъ"
прокъ	прокъ|noun|4b602c496b0355b1	canonical:"прокъ" || page:"прокъ"
промꙑсльникъ	промꙑсльникъ|noun|6fe28f8133894f5b	canonical:"промꙑсльникъ" || page:"промꙑсльникъ"
пронꙑрити	пронꙑрити|verb|4db95e0effec1719	canonical:"пронꙑрити" || page:"пронꙑрити"
пронꙑръ	пронꙑръ|noun|9bb8cca57452e413	canonical:"пронꙑръ" || page:"пронꙑръ"
пропадь	пропадь|noun|5e924148ec678e4d	canonical:"пропадь" || page:"пропадь"
пропасть	пропасть|noun|4cb14137e9276a4d	canonical:"пропасть" || page:"пропасть"
проповѣдь	проповѣдь|noun|2c48f19f67da1bab	canonical:"проповѣдь" || page:"проповѣдь"
проповѣдьникъ	проповѣдьникъ|noun|7a6ef97a750701f3	canonical:"проповѣдьникъ" || page:"проповѣдьникъ"
прорещи	прорещи|verb|86e96a2ece5bf486	canonical:"прорещи" || page:"прорещи"
пророкъ	пророкъ|noun|3080ecccdc5c1006	canonical:"пророкъ" || page:"пророкъ"
пророчьство	пророчьство|noun|31760c4a78dcbd20	canonical:"пророчьство" || page:"пророчьство"
просвѣтити	просвѣтити|verb|7ad7487b67c049c1	canonical:"просвѣтити" || page:"просвѣтити"
просвѣщати	просвѣщати|verb|36fe58266d652530	canonical:"просвѣщати" || page:"просвѣщати"
проситель	просител҄ь|noun|6125bde717310b58	page:"проситель"
просител҄ь	просител҄ь|noun|6125bde717310b58	canonical:"просител҄ь" || source-canonical:"просител҄ь"
просити	просити|verb|d1f40a4e414dfb5b	canonical:"просити" || page:"просити"
прослоутиѥ	прослоутиѥ|noun|e37879166324bf15	canonical:"прослоутиѥ" || page:"прослоутиѥ"
просмраждати	просмраждати|verb|7875ed2eaa9d071d	canonical:"просмраждати" || page:"просмраждати"
простити	простити|verb|e8f2326da2e5021a	canonical:"простити" || page:"простити"
простость	простость|noun|c6bebc59b1752a89	canonical:"простость" || page:"простость"
пространити	пространити|verb|6389661f11186159	canonical:"пространити" || page:"пространити"
пространъ	пространъ|adj|da57b21b7b22084f	canonical:"пространъ" || page:"пространъ"
пространьство	пространьство|noun|5f5ff52b001c9f1a	canonical:"пространьство" || page:"пространьство"
пространꙗти	пространꙗти|verb|df252db4327c03c9	canonical:"пространꙗти" || page:"пространꙗти"
простъ	простъ|adj|f705b0f6da9982c7	canonical:"простъ" || page:"простъ"
простꙑни	простꙑн҄и|noun|a2f2887d07470059	page:"простꙑни"
простꙑн҄и	простꙑн҄и|noun|a2f2887d07470059	canonical:"простꙑн҄и" || source-canonical:"простꙑн҄и"
противьникъ	противьникъ|noun|47b4aa6d1db2549c	canonical:"противьникъ" || page:"противьникъ"
противьство	противьство|noun|7d3ab4fd746a3c79	canonical:"противьство" || page:"противьство"
прохладити	прохладити|verb|7c2f7fb95c1e809e	canonical:"прохладити" || page:"прохладити"
прочисти	прочисти|verb|a71db9921fdff43b	canonical:"прочисти" || page:"прочисти"
пръстень	прьстꙑ|noun|487b6b6144843b31	alternative:"пръстень"
пръсть	пръсть|noun|3505d01dc75c74d3	canonical:"пръсть" || page:"пръсть"
прътищи	прътищи|noun|a5087a75ba4246d9	canonical:"прътищи" || page:"прътищи"
прътъ	плътъ|noun|6797b23358d04d73	page:"прътъ"
прьвородьць	прьвородьць|noun|cfdfe08cf5f30388	canonical:"прьвородьць" || page:"прьвородьць"
прьвословесьнъ	прьвословесьнъ|adj|3acbb5315bc86485	canonical:"прьвословесьнъ" || page:"прьвословесьнъ"
прьвъ	прьвъ|num|ec4aa4e48ad26d84	canonical:"прьвъ" || page:"прьвъ"
прьвѣньць	прьвѣньць|noun|1b250c89681a726b	canonical:"прьвѣньць" || page:"прьвѣньць"
прьси	прьси|noun|b1630d27bd6c647c	canonical:"прьси" || page:"прьси"
прьстень	прьстꙑ|noun|487b6b6144843b31	page:"прьстень"
прьстъ	прьстъ|noun|f841fe28a5e75ce3	canonical:"прьстъ" || page:"прьстъ"
прьсть	прьсть|noun|d6ab956098960e4d	canonical:"прьсть" || page:"прьсть"
прьстꙑ	прьстꙑ|noun|487b6b6144843b31	canonical:"прьстꙑ"
пріити	прити|verb|6b6d6ee1ca90076b	alternative:"пріити"
прѣбивати	прѣбивати|verb|af1bb99a2737de44	canonical:"прѣбивати" || page:"прѣбивати"
прѣбꙑвати	прѣбꙑвати|verb|5f0e3ab164926f2e	canonical:"прѣбꙑвати" || page:"прѣбꙑвати"
прѣбꙑти	прѣбꙑти|verb|40378d9b34caf0b0	canonical:"прѣбꙑти" || page:"прѣбꙑти"
прѣвозъ	прѣвозъ|noun|3a8806e04690ca88	canonical:"прѣвозъ" || page:"прѣвозъ"
прѣвѣса	прѣвѣса|noun|00161dd3e97777c1	canonical:"прѣвѣса" || page:"прѣвѣса"
прѣгражденьѥ	прѣгражденьѥ|noun|dec48f1bd3df3ffc	canonical:"прѣгражденьѥ" || page:"прѣгражденьѥ"
прѣгꙑни	прѣгꙑн҄и|noun|21cdc3859e776959	page:"прѣгꙑни"
прѣгꙑн҄и	прѣгꙑн҄и|noun|21cdc3859e776959	canonical:"прѣгꙑн҄и" || source-canonical:"прѣгꙑн҄и"
прѣдавьникъ	прѣдавьникъ|noun|93fc50fd5034922c	canonical:"прѣдавьникъ" || page:"прѣдавьникъ"
прѣданьникъ	прѣданьникъ|noun|583b204db0527477	canonical:"прѣданьникъ" || page:"прѣданьникъ"
прѣдъборьникъ	прѣдъборьникъ|noun|27716f1539e76995	canonical:"прѣдъборьникъ" || page:"прѣдъборьникъ"
прѣдъити	прѣдъити|verb|7045e99cc9c9814d	canonical:"прѣдъити" || page:"прѣдъити"
прѣдътеча	прѣдътеча|noun|35c401dbfb6385ee	canonical:"прѣдътеча" || page:"прѣдътеча"
прѣдътещи	прѣдътещи|verb|f6384c99dc60eab7	canonical:"прѣдътещи" || page:"прѣдътещи"
прѣждьникъ	прѣждьникъ|noun|5fea328f8b1ae0c6	canonical:"прѣждьникъ" || page:"прѣждьникъ"
прѣзорьство	прѣзорьство|noun|b2c181efec41ceca	canonical:"прѣзорьство" || page:"прѣзорьство"
прѣимьникъ	прѣимьникъ|noun|8aa1bbabb5ec87b5	canonical:"прѣимьникъ" || page:"прѣимьникъ"
прѣити	прѣити|verb|a06dbb985828d950	canonical:"прѣити" || page:"прѣити"
прѣльстити	прѣльстити|verb|9e8b308c0602df87	canonical:"прѣльстити" || page:"прѣльстити"
прѣльсть	прѣльсть|noun|69e9b7fc2931dbab	canonical:"прѣльсть" || page:"прѣльсть"
прѣльстьникъ	прѣльстьникъ|noun|ca519279d27eb4b7	canonical:"прѣльстьникъ" || page:"прѣльстьникъ"
прѣльстьнъ	прѣльстьнъ|adj|0fa6d351bb6ca48d	canonical:"прѣльстьнъ" || page:"прѣльстьнъ"
прѣлюбꙑ	прѣлюбꙑ|noun|4da44708fb0eff3c	canonical:"прѣлюбꙑ" || page:"прѣлюбꙑ"
прѣмѣньникъ	прѣмѣньникъ|noun|3841e870798ed140	canonical:"прѣмѣньникъ" || page:"прѣмѣньникъ"
прѣмѫдръ	прѣмѫдръ|adj|eafd9c7138f158c3	canonical:"прѣмѫдръ" || page:"прѣмѫдръ"
прѣмꙋдри	прѣмѫдръ|adj|eafd9c7138f158c3	alternative:"прѣмꙋдри"
прѣподобьнъ	прѣподобьнъ|adj|46c0d054ac62ebb9	canonical:"прѣподобьнъ" || page:"прѣподобьнъ"
прѣпрѣти	прѣпрѣти|verb|d88bf4bf8310c1c6	canonical:"прѣпрѣти" || page:"прѣпрѣти"
прѣровъ	прѣровъ|noun|de0b3a34145db034	canonical:"прѣровъ" || page:"прѣровъ"
прѣсвѣтьлъ	прѣсвѣтьлъ|adj|4ffd8d14a599c215	canonical:"прѣсвѣтьлъ" || page:"прѣсвѣтьлъ"
прѣсельникъ	прѣсельникъ|noun|6b41d1ee99c8ba7d	canonical:"прѣсельникъ" || page:"прѣсельникъ"
прѣставити	прѣставити|verb|22f895c8128ccc85	canonical:"прѣставити" || page:"прѣставити"
прѣстолъ	прѣстолъ|noun|e14932a0f6792e04	canonical:"прѣстолъ" || page:"прѣстолъ"
прѣстъ	пръсть|noun|3505d01dc75c74d3	alternative:"прѣстъ"
прѣстѫпьникъ	прѣстѫпьникъ|noun|87fe997c5d608543	canonical:"прѣстѫпьникъ" || page:"прѣстѫпьникъ"
прѣти	пьрѣти|verb|668d245601684fa1	alternative:"прѣти"
прѣтити	прѣтити|verb|8e11a554454db3bd	canonical:"прѣтити" || page:"прѣтити"
прѣтрѣбивъ	прѣтрѣбивъ|adj|deec3f91dfa51069	canonical:"прѣтрѣбивъ" || page:"прѣтрѣбивъ"
прѣтъкнѫти	прѣтъкнѫти|verb|6258afd5224d928a	canonical:"прѣтъкнѫти" || page:"прѣтъкнѫти"
прѣтѣкати	прѣтѣкати|verb|551e54465e0cb991	canonical:"прѣтѣкати" || page:"прѣтѣкати"
прѣтѧжа	прѣтѧжа|noun|e86140c6229d873c	canonical:"прѣтѧжа" || page:"прѣтѧжа"
прѣходьница	прѣходьница|noun|da224691eb36fd4b	canonical:"прѣходьница" || page:"Прѣходьница"
прѣчьсть	прѣчьсть|noun|fc8cd96afa0ab2d5	canonical:"прѣчьсть" || page:"прѣчьсть"
прѧсти	прѧсти|verb|d7a0500bcff8f131	canonical:"прѧсти" || page:"прѧсти"
прѫгъ	прѫгъ|noun|ecded2f5f8c8cd64	canonical:"прѫгъ" || page:"прѫгъ"
прѫтъ	прѫтъ|noun|13f71ef2205104cc	canonical:"прѫтъ" || page:"прѫтъ"
прѫтьѥ	прѫтьѥ|noun|1317b60944991806	canonical:"прѫтьѥ" || page:"прѫтьѥ"
псалмъ	псалъмъ|noun|74e3fe66a9f83628	alternative:"псалмъ"
псалтирь	псалътꙑр҄ь|noun|3c2ed64b23a4517a	alternative:"псалтирь"
псалтꙑръ	псалътꙑр҄ь|noun|3c2ed64b23a4517a	alternative:"псалтꙑръ"
псалъмъ	псалъмъ|noun|74e3fe66a9f83628	canonical:"псалъмъ" || page:"псалъмъ"
псалътꙑрь	псалътꙑр҄ь|noun|3c2ed64b23a4517a	page:"псалътꙑрь" || source-canonical:"псалътꙑрь"
псалътꙑр҄ь	псалътꙑр҄ь|noun|3c2ed64b23a4517a	canonical:"псалътꙑр҄ь" || source-canonical:"псалътꙑр҄ь"
псати	писати|verb|d01e1e329757a826	alternative:"псати"
псати	пьсати|verb|1cec0cd8a26d65bd	alternative:"псати"
псломъ	псалъмъ|noun|74e3fe66a9f83628	alternative:"псломъ"
псъ	пьсъ|noun|874334a4128e8700	alternative:"псъ"
путь	пѫть|noun|c1fd8056e1705bc3	alternative:"путь"
пъсалтꙑрь	псалътꙑр҄ь|noun|3c2ed64b23a4517a	alternative:"пъсалтꙑрь"
пъсалътꙑръ	псалътꙑр҄ь|noun|3c2ed64b23a4517a	alternative:"пъсалътꙑръ"
пътеньць	пътеньць|noun|d1dcd7692c2089d9	canonical:"пътеньць" || page:"пътеньць"
пътеньць	пътѣньць|noun|ab445aaa88d7b580	alternative:"пътеньць"
пътица	пътица|noun|dc6619d027f1ed7f	canonical:"пътица" || page:"пътица"
пътищь	пътищь|noun|9f8fd09ad35ae019	canonical:"пътищь" || page:"пътищь"
пътѣньць	пътеньць|noun|d1dcd7692c2089d9	alternative:"пътѣньць"
пътѣньць	пътѣньць|noun|ab445aaa88d7b580	canonical:"пътѣньць" || page:"пътѣньць"
пьрати	пьрати|verb|712ad55edbde769f	canonical:"пьрати" || page:"пьрати"
пьрѣти	пьрѣти|verb|668d245601684fa1	canonical:"пьрѣти" || page:"пьрѣти"
пьрꙗ	пьрꙗ|noun|feaa37382f73219c	canonical:"пьрꙗ" || page:"пьрꙗ"
пьсаломъ	псалъмъ|noun|74e3fe66a9f83628	alternative:"пьсаломъ"
пьсалътꙑръ	псалътꙑр҄ь|noun|3c2ed64b23a4517a	alternative:"пьсалътꙑръ"
пьсальтꙑръ	псалътꙑр҄ь|noun|3c2ed64b23a4517a	alternative:"пьсальтꙑръ"
пьсати	писати|verb|d01e1e329757a826	alternative:"пьсати"
пьсати	пьсати|verb|1cec0cd8a26d65bd	canonical:"пьсати" || page:"пьсати"
пьсъ	пьсъ|noun|874334a4128e8700	canonical:"пьсъ" || page:"пьсъ"
пьтица	пътица|noun|dc6619d027f1ed7f	alternative:"пьтица"
пьхати	пьхати|verb|782225d166813b64	canonical:"пьхати" || page:"пьхати"
пьцьлъ	пьцьлъ|noun|b2067697ce8a44d5	canonical:"пьцьлъ" || page:"пьцьлъ"
пьшеница	пьшеница|noun|efe723d0e88fc5bd	canonical:"пьшеница" || page:"пьшеница"
пьшено	пьшено|noun|7711d66b67a686b7	canonical:"пьшено" || page:"пьшено"
пьѣꙗньство	пиꙗньство|noun|25746a28a5cbbc36	alternative:"пьѣꙗньство"
пѣготивъ	пѣготивъ|adj|18f80718e0cc3d55	canonical:"пѣготивъ" || page:"пѣготивъ"
пѣготꙑ	пѣготꙑ|noun|12aa7a558527c99b	canonical:"пѣготꙑ" || page:"пѣготꙑ"
пѣна	пѣна|noun|4c8338d2b31f0765	canonical:"пѣна" || page:"пѣна"
пѣнити	пѣнити|verb|ee591144c1282bcc	canonical:"пѣнити" || page:"пѣнити"
пѣнѧжьникъ	пѣнѧжьникъ|noun|49beee161b6bfe8d	canonical:"пѣнѧжьникъ" || page:"пѣнѧжьникъ"
пѣнѧѕь	пѣнѧѕь|noun|53fbacc2bcd3e90f	canonical:"пѣнѧѕь" || page:"пѣнѧѕь"
пѣснь	пѣснь|noun|d3fe05550c5995d1	canonical:"пѣснь" || page:"пѣснь"
пѣсъкъ	пѣсъкъ|noun|4a0b3eee9ca9205e	canonical:"пѣсъкъ" || page:"пѣсъкъ"
пѣти	пѣти|verb|964156818edb044a	canonical:"пѣти" || page:"пѣти"
пѣтиѥ	пѣтиѥ|noun|8f59780533cbca87	canonical:"пѣтиѥ" || page:"пѣтиѥ"
пѣтьлъ	пѣтьлъ|noun|5f74c3270520bc73	canonical:"пѣтьлъ" || page:"пѣтьлъ"
пѣшь	пѣшь|adj|cd0e768796849712	canonical:"пѣшь" || page:"пѣшь"
пѧвъчѧти	пѧвъчѧти|verb|f2bfa29ae3db5dbc	canonical:"пѧвъчѧти" || page:"пѧвъчѧти"
пѧдь	пѧдь|noun|82ac9bc0f3dcfec7	canonical:"пѧдь" || page:"пѧдь"
пѧсть	пѧсть|noun|c3c7fe238eed2e15	canonical:"пѧсть" || page:"пѧсть"
пѧта	пѧта|noun|837a5f6856cc1b6d	canonical:"пѧта" || page:"пѧта"
пѧти	пѧти|verb|5890881fae169640	canonical:"пѧти" || page:"пѧти"
пѧтъкъ	пѧтъкъ|noun|bc4bca21ec314139	canonical:"пѧтъкъ" || page:"пѧтъкъ"
пѧть	пѧть|num|b0b9d87e8bc32d06	canonical:"пѧть" || page:"пѧть"
пѫто	пѫто|noun|d2cc89e3e27ff196	canonical:"пѫто" || page:"пѫто"
пѫть	пѫть|noun|c1fd8056e1705bc3	canonical:"пѫть" || page:"пѫть"
пѫтьникъ	пѫтьникъ|noun|9acda46a34b55057	canonical:"пѫтьникъ" || page:"пѫтьникъ"
пѫчина	пѫчина|noun|42feca6c36b6ce0e	canonical:"пѫчина" || page:"пѫчина"
пꙋстити	поустити|verb|c260b541c4905151	alternative:"пꙋстити"
раба	раба|noun|54a24170823027af	canonical:"раба" || page:"раба"
рабичищь	рабичищь|noun|dc7a21cae3a1dfcb	canonical:"рабичищь" || page:"рабичищь"
работа	работа|noun|e76eef24f44517b7	canonical:"работа" || page:"работа"
работати	работати|verb|dd1f243602f9aa60	canonical:"работати" || page:"работати"
работьникъ	работьникъ|noun|329eb2fdd91c8892	canonical:"работьникъ" || page:"работьникъ"
рабъ	рабъ|noun|0ed64c2efc7fcfbf	canonical:"рабъ" || page:"рабъ"
рабꙑни	рабꙑн҄и|noun|49506cfd0db20f16	page:"рабꙑни"
рабꙑн҄и	рабꙑн҄и|noun|49506cfd0db20f16	canonical:"рабꙑн҄и" || source-canonical:"рабꙑн҄и"
равьнати	равьнати|verb|9a10efadc9fd3d08	canonical:"равьнати" || page:"равьнати"
равьнъ	равьнъ|adj|05cff033b00f7fd5	canonical:"равьнъ" || page:"равьнъ"
равьньство	равьньство|noun|fa0b65cf70eee009	canonical:"равьньство" || page:"равьньство"
радовати	радовати|verb|85aa8588e94acd3e	canonical:"радовати" || page:"радовати"
радость	радость|noun|ae15ef1e9166f7ab	canonical:"радость" || page:"радость"
радъ	радъ|adj|83e567db96940c3d	canonical:"радъ" || page:"радъ"
раждати	раждати|verb|f9e49763adc6cc20	canonical:"раждати" || page:"раждати"
раждиѥ	раждиѥ|noun|47a43cf8506808eb	canonical:"раждиѥ" || page:"раждиѥ"
разбои	разбои|noun|20bbfbd837f83785	canonical:"разбои" || page:"разбои"
разбоиникъ	разбоиникъ|noun|a30b1970677e42fd	canonical:"разбоиникъ" || page:"разбоиникъ"
разбоиство	разбоиство|noun|5a77c5f223817776	canonical:"разбоиство" || page:"разбоиство"
развратити	развратити|verb|65c182079072880f	canonical:"развратити" || page:"развратити"
развѣщавати	развѣщавати|verb|0be9fba894d09d56	canonical:"развѣщавати" || page:"развѣщавати"
раздавьникъ	раздавьникъ|noun|7028ae73ba565672	canonical:"раздавьникъ" || page:"раздавьникъ"
раздаꙗти	раздаꙗти|verb|9d1a2b34ef4b63f9	canonical:"раздаꙗти" || page:"раздаꙗти"
раздоръ	раздоръ|noun|aa13699811976a10	canonical:"раздоръ" || page:"раздоръ"
раздѣлити	раздѣлити|verb|0e26da206fcdd297	canonical:"раздѣлити" || page:"раздѣлити"
различь	различь|adj|b6bfc953316b47c2	canonical:"различь" || page:"различь"
разлѫчити	разлѫчити|verb|6c9c2632400331f2	canonical:"разлѫчити" || page:"разлѫчити"
разлѫчьнъ	разлѫчьнъ|adj|9adb5a9e50997085	canonical:"разлѫчьнъ" || page:"разлѫчьнъ"
размꙑслити	размꙑслити|verb|8d829b3f4e6db591	canonical:"размꙑслити" || page:"размꙑслити"
разорити	разорити|verb|7a1ec7541ad3277a	canonical:"разорити" || page:"разорити"
разоумъ	разоумъ|noun|b4b2cf41a0f48b00	canonical:"разоумъ" || page:"разоумъ"
разоумѣти	разоумѣти|verb|11d67a4179cd0d62	canonical:"разоумѣти" || page:"разоумѣти"
раи	раи|noun|5a47e0d36637659c	canonical:"раи" || page:"раи"
рака	рака|noun|07f2f96d2ef07e44	canonical:"рака" || page:"рака"
рало	рало|noun|cb32007292701243	canonical:"рало" || page:"рало"
рамо	рамо|noun|73819f1c62bcead5	canonical:"рамо" || page:"рамо"
рана	рана|noun|abc0656624653d17	canonical:"рана" || page:"рана"
распалина	распалина|noun|1f739162d32ebb0c	canonical:"распалина" || page:"распалина"
распалѥниѥ	распалѥниѥ|noun|6e10eecfae37d258	canonical:"распалѥниѥ" || page:"распалѥниѥ"
распонъ	распонъ|noun|1749d7272b5f20c1	canonical:"распонъ" || page:"распонъ"
распространити	распространити|verb|f21a7c90a9a0bb80	canonical:"распространити" || page:"распространити"
распространꙗти	распространꙗти|verb|28a8b0cea8716a96	canonical:"распространꙗти" || page:"распространꙗти"
распѧти	распѧти|verb|b6549b202599c033	canonical:"распѧти" || page:"распѧти"
растити	растити|verb|591fa6b30010598d	canonical:"растити" || page:"растити"
растъ	растъ|noun|7fc310b7843c287b	canonical:"растъ" || page:"растъ"
рать	рать|noun|f93c21f69c770cd5	canonical:"рать" || page:"рать"
ратьникъ	ратьникъ|noun|89a9319b88cd4748	canonical:"ратьникъ" || page:"ратьникъ"
ребро	ребро|noun|ee70a77f121e139f	canonical:"ребро" || page:"ребро"
ремень	ремꙑ|noun|6903577ed2ee4393	page:"ремень"
ремꙑ	ремꙑ|noun|6903577ed2ee4393	canonical:"ремꙑ"
реть	реть|noun|b9047bacfe596087	canonical:"реть" || page:"реть"
реть	рьть|noun|4eed0421cae6b03b	alternative:"реть"
речениѥ	речениѥ|noun|4a62166fb4dc529e	canonical:"речениѥ"
реченьѥ	речениѥ|noun|4a62166fb4dc529e	page:"реченьѥ"
решти	рещи|verb|92dabbd965760ac8	alternative:"решти"
рещи	рещи|verb|92dabbd965760ac8	canonical:"рещи" || page:"рещи"
риза	риза|noun|08f2a9e19527bf6d	canonical:"риза" || page:"риза"
ризьно	ризьно|noun|9dc2a50e3e635488	canonical:"ризьно" || page:"ризьно"
римъ	римъ|noun|e9eec079af6e21d7	canonical:"Римъ" || page:"Римъ"
римьскъ	римьскъ|adj|bd2fcc31969c0721	canonical:"римьскъ" || page:"римьскъ"
ринѫти	ринѫти|verb|9d7476f90b3120c1	canonical:"ринѫти" || page:"ринѫти"
ристати	ристати|verb|f3db36cfbdb29bfd	canonical:"ристати" || page:"ристати"
риторьство	риторьство|noun|fcafa1891ed5487f	canonical:"риторьство" || page:"риторьство"
ровании	рованиѥ|noun|1fdd057ff8bf8234	alternative:"ровании"
рованиѥ	рованиѥ|noun|1fdd057ff8bf8234	canonical:"рованиѥ" || page:"рованиѥ"
рованиѩ	рованиѥ|noun|1fdd057ff8bf8234	alternative:"рованиѩ"
ровъ	ровъ|noun|b379cc0b64a5341d	canonical:"ровъ" || page:"ровъ"
ровьникъ	ровьникъ|noun|381c14c1eb5e5594	canonical:"ровьникъ" || page:"ровьникъ"
рогозина	рогозина|noun|e9c541c844e72832	canonical:"рогозина" || page:"рогозина"
рогъ	рогъ|noun|d9c363c34814114c	canonical:"рогъ" || page:"рогъ"
родитель	родител҄ь|noun|184a8ee2f03a834e	page:"родитель"
родительство	родительство|noun|84aca55b56a7bbd3	canonical:"родительство" || page:"родительство"
родител҄ь	родител҄ь|noun|184a8ee2f03a834e	canonical:"родител҄ь" || source-canonical:"родител҄ь"
родити	родити|verb|26b245029db0ea37	canonical:"родити" || page:"родити"
родотворьць	родотворьць|noun|211aaf3e9174971b	canonical:"родотворьць" || page:"родотворьць"
родъ	родъ|noun|41ff02d045451c91	canonical:"родъ" || page:"родъ"
родьство	родьство|noun|da4ca95646359468	canonical:"родьство" || page:"родьство"
рожа	рожа|noun|6772d97da5294d43	canonical:"рожа" || page:"рожа"
рожденьѥ	рожденьѥ|noun|607fa15c6f7317f3	canonical:"рожденьѥ" || page:"рожденьѥ"
рождьство	рождьство|noun|66428c61878f7d39	canonical:"рождьство" || page:"рождьство"
рожьць	рожьць|noun|245021fdcccf7324	canonical:"рожьць" || page:"рожьць"
розвьнъ	розвьнъ|noun|226987e737a7e535	canonical:"розвьнъ" || page:"розвьнъ"
розга	розга|noun|d9ec3be42d25803f	canonical:"розга" || page:"розга"
розмꙑслити	размꙑслити|verb|8d829b3f4e6db591	alternative:"розмꙑслити"
розмꙑслити	розмꙑслити|verb|e2df3ed0a3f3415d	canonical:"розмꙑслити" || page:"розмꙑслити"
рокъ	рокъ|noun|b82f671f71ea72b0	canonical:"рокъ" || page:"рокъ"
роуда	роуда|noun|cd34f6980aba2ab4	canonical:"роуда" || page:"роуда"
роуно	роуно|noun|df01b2fb8c86f005	canonical:"роуно" || page:"роуно"
роути	роути|verb|7312a7ac7da83c9e	canonical:"роути" || page:"роути"
ръватва	ръватва|noun|d7f593ec493126d6	canonical:"ръватва" || page:"ръватва"
ръвати	ръвати|verb|0246a1bdc4962fed	canonical:"ръвати" || page:"ръвати"
ръвеникъ	ръвеникъ|noun|ec6884be6fb770f4	canonical:"ръвеникъ" || page:"ръвеникъ"
ръзати	ръзати|verb|3cee8c3ebc8c0286	canonical:"ръзати" || page:"ръзати"
ръпътати	ръпътати|verb|5b85f858ee984ea8	canonical:"ръпътати" || page:"ръпътати"
рьвьность	рьвьность|noun|b55566685cc9fa45	canonical:"рьвьность" || page:"рьвьность"
рьжда	рьжда|noun|d3b60f4d436a99f3	canonical:"рьжда" || page:"рьжда"
рьть	рьть|noun|4eed0421cae6b03b	canonical:"рьть" || page:"рьть"
рѣзати	рѣзати|verb|b9dc93328a93623c	canonical:"рѣзати" || page:"рѣзати"
рѣка	рѣка|noun|8844639f343cfc58	canonical:"рѣка" || page:"рѣка"
рѣпа	рѣпа|noun|9958396adc1ad86f	canonical:"рѣпа" || page:"рѣпа"
рѣпиѥ	рѣпиѥ|noun|cd444fcc836dce13	canonical:"рѣпиѥ" || page:"рѣпиѥ"
рѣснота	рѣснота|noun|ceb83bfdcd53e1ec	canonical:"рѣснота" || page:"рѣснота"
рѣчивъ	рѣчивъ|adj|50bf3532caf721e9	canonical:"рѣчивъ" || page:"рѣчивъ"
рѣчь	рѣчь|noun|508c01fef7403c83	canonical:"рѣчь" || page:"рѣчь"
рѣчьнъ	рѣчьнъ|adj|2be883cb0c5b62bf	canonical:"рѣчьнъ" || page:"рѣчьнъ"
рѧдъ	рѧдъ|noun|814d1ae204be3543	canonical:"рѧдъ" || page:"рѧдъ"
рѫгъ	рѫгъ|noun|45cfe52bec44910b	canonical:"рѫгъ" || page:"рѫгъ"
рѫка	рѫка|noun|0b7e247640c8e027	canonical:"рѫка" || page:"рѫка"
рѫковѧть	рѫковѧть|noun|a6401e38303e5ea5	canonical:"рѫковѧть" || page:"рѫковѧть"
рꙑба	рꙑба|noun|441aa653506924a1	canonical:"рꙑба" || page:"рꙑба"
рꙑбарь	рꙑбарь|noun|0e8ccb6183546220	canonical:"рꙑбарь" || page:"рꙑбарь"
рꙑбитвъ	рꙑбитвъ|noun|688071e591f73b28	canonical:"рꙑбитвъ" || page:"рꙑбитвъ"
рꙑло	рꙑло|noun|ce8a3c2bb7aa8fbf	canonical:"рꙑло" || page:"рꙑло"
рꙑти	рꙑти|verb|6693af81716fddb8	canonical:"рꙑти" || page:"рꙑти"
садити	садити|verb|9836df7621fd3399	canonical:"садити" || page:"садити"
садъ	садъ|noun|787c48b22f06ed88	canonical:"садъ" || page:"садъ"
самарѣнинъ	самарѣнинъ|noun|95a1bc4820b159fb	canonical:"самарѣнинъ" || page:"самарѣнинъ"
самарѣнꙑни	самарѣнꙑн҄и|noun|8d9833f14b9bedeb	page:"самарѣнꙑни"
самарѣнꙑн҄и	самарѣнꙑн҄и|noun|8d9833f14b9bedeb	canonical:"самарѣнꙑн҄и" || source-canonical:"самарѣнꙑн҄и"
самовидьць	самовидьць|noun|5aa1cebaa3a9aee0	canonical:"самовидьць" || page:"самовидьць"
самовладастьць	самовладастьць|noun|708c0695c68e26da	canonical:"самовладастьць" || page:"самовладастьць"
самовластьць	самовластьць|noun|3f90e22eed946a59	canonical:"самовластьць" || page:"самовластьць"
самодрьжьць	самодрьжьць|noun|045bee20ceb6aab9	canonical:"самодрьжьць" || page:"самодрьжьць"
саможитъ	саможитъ|noun|ccecda4a7cdcb712	canonical:"саможитъ" || page:"саможитъ"
самоправьнъ	самоправьнъ|adj|f1438c479a8ad3e7	canonical:"самоправьнъ" || page:"самоправьнъ"
самъ	самъ|adj|6400f0aa48290029	canonical:"самъ" || page:"самъ"
самъчии	самъчии|noun|e831ec26ba003b83	canonical:"самъчии" || page:"самъчии"
самъчии	самъчьи|noun|dfbec2428404f0fc	alternative:"самъчии"
самъчии	самьчии|noun|9546b88573522604	alternative:"самъчии"
самъчии	самьчьи|noun|f9b61dd21294e70d	alternative:"самъчии"
самъчьи	самъчии|noun|e831ec26ba003b83	alternative:"самъчьи"
самъчьи	самъчьи|noun|dfbec2428404f0fc	canonical:"самъчьи" || page:"самъчьи"
самъчьи	самьчии|noun|9546b88573522604	alternative:"самъчьи"
самъчьи	самьчьи|noun|f9b61dd21294e70d	alternative:"самъчьи"
самьчии	самъчии|noun|e831ec26ba003b83	alternative:"самьчии"
самьчии	самъчьи|noun|dfbec2428404f0fc	alternative:"самьчии"
самьчии	самьчии|noun|9546b88573522604	canonical:"самьчии" || page:"самьчии"
самьчии	самьчьи|noun|f9b61dd21294e70d	alternative:"самьчии"
самьчьи	самъчии|noun|e831ec26ba003b83	alternative:"самьчьи"
самьчьи	самъчьи|noun|dfbec2428404f0fc	alternative:"самьчьи"
самьчьи	самьчии|noun|9546b88573522604	alternative:"самьчьи"
самьчьи	самьчьи|noun|f9b61dd21294e70d	canonical:"самьчьи" || page:"самьчьи"
санъ	санъ|noun|d6acab858cf874cb	canonical:"санъ" || page:"санъ"
санъдалиꙗ	санъдалиꙗ|noun|d51b0c2c797713d3	canonical:"санъдалиꙗ" || page:"санъдалиꙗ"
сапогъ	сапогъ|noun|bf55b06a2ecc22a8	canonical:"сапогъ" || page:"сапогъ"
сваръ	сваръ|noun|e757a3cf3937705e	canonical:"сваръ" || page:"сваръ"
сварьникъ	сварьникъ|noun|6a2e7c948a601646	canonical:"сварьникъ" || page:"сварьникъ"
сватьба	сватьба|noun|fe3b4481dc14dc62	canonical:"сватьба" || page:"сватьба"
свекръ	свекръ|noun|9ec5ce29f8b1245c	canonical:"свекръ" || page:"свекръ"
свекрꙑ	свекрꙑ|noun|eba11b70f5c2d51e	canonical:"свекрꙑ" || page:"свекрꙑ"
сверѣпъ	сверѣпъ|adj|7a48cb2de8af691d	canonical:"сверѣпъ" || page:"сверѣпъ"
сверѣпьво	сверѣпьво|noun|59851aa8df297cb3	canonical:"сверѣпьво"
сверѣпьство	сверѣпьво|noun|59851aa8df297cb3	page:"сверѣпьство"
свинъ	свинъ|adj|d80f2ff9b35f0121	canonical:"свинъ" || page:"свинъ"
свирати	свирати|verb|758e1d9aa6315772	canonical:"свирати" || page:"свирати"
свирьць	свирьць|noun|04bb1961e9facf46	canonical:"свирьць" || page:"свирьць"
свирѣль	свирѣль|noun|bfdf09e066aa6951	canonical:"свирѣль" || page:"свирѣль"
свобода	свобода|noun|4f70436022bff920	canonical:"свобода" || page:"свобода"
свободитель	свободител҄ь|noun|d8186c39bc273d86	page:"свободитель"
свободител҄ь	свободител҄ь|noun|d8186c39bc273d86	canonical:"свободител҄ь" || source-canonical:"свободител҄ь"
свободити	свободити|verb|ad21c42b663bc28d	canonical:"свободити" || page:"свободити"
свои	свои|pron|d6e585cf1091dee3	canonical:"свои" || page:"свои"
своѥплеменьникъ	своѥплеменьникъ|noun|2fc9c933caa96aaf	canonical:"своѥплеменьникъ" || page:"своѥплеменьникъ"
свьтѣти	свьтѣти|verb|cac19770dfa547b5	canonical:"свьтѣти" || page:"свьтѣти"
свѣтило	свѣтило|noun|ae4f85f814586bff	canonical:"свѣтило" || page:"свѣтило"
свѣтильникъ	свѣтильникъ|noun|118c11250379589b	canonical:"свѣтильникъ" || page:"свѣтильникъ"
свѣтитель	свѣтител҄ь|noun|f83419fe94e581a3	page:"свѣтитель"
свѣтител҄ь	свѣтител҄ь|noun|f83419fe94e581a3	canonical:"свѣтител҄ь" || source-canonical:"свѣтител҄ь"
свѣтити	свѣтити|verb|2f767705b3fdce0e	canonical:"свѣтити" || page:"свѣтити"
свѣтъ	свѣтъ|noun|5874e99455421b98	canonical:"свѣтъ" || page:"свѣтъ"
свѣтьлость	свѣтьлость|noun|5362a65c086482ed	canonical:"свѣтьлость" || page:"свѣтьлость"
свѣтьлота	свѣтьлота|noun|f7347aee84482b12	canonical:"свѣтьлота" || page:"свѣтьлота"
свѣтьлъ	свѣтьлъ|adj|84a45a775eda209b	canonical:"свѣтьлъ" || page:"свѣтьлъ"
свѣтьльство	свѣтьльство|noun|1bc5e183f54981d0	canonical:"свѣтьльство" || page:"свѣтьльство"
свѣшта	свѣщꙗ|noun|25f1b397e7f26a5e	alternative:"свѣшта"
свѣща	свѣщꙗ|noun|25f1b397e7f26a5e	page:"свѣща"
свѣщило	свѣщило|noun|96edbad5f64f3fcc	canonical:"свѣщило" || page:"свѣщило"
свѣщьникъ	свѣщьникъ|noun|bbd6d87706ad493c	canonical:"свѣщьникъ" || page:"свѣщьникъ"
свѣщꙗ	свѣщꙗ|noun|25f1b397e7f26a5e	canonical:"свѣщꙗ"
свѧтилище	свѧтилище|noun|5765eab313580eac	canonical:"свѧтилище" || page:"свѧтилище"
свѧтило	свѧтило|noun|7fdf603095f46c19	canonical:"свѧтило" || page:"свѧтило"
свѧтитель	свѧтитель|noun|19007d58784bf6d3	canonical:"свѧтитель" || page:"свѧтитель"
свѧтити	свѧтити|verb|93afc31416c071c0	canonical:"свѧтити" || page:"свѧтити"
свѧтость	свѧтость|noun|e82ed78d3daae989	canonical:"свѧтость" || page:"свѧтость"
свѧтъ	свѧтъ|adj|4795f77aeade62af	canonical:"свѧтъ" || page:"свѧтъ"
свѧтьба	свѧтьба|noun|5d6870f851857b9c	canonical:"свѧтьба" || page:"свѧтьба"
свѧтьць	свѧтьць|noun|4784eb782fa10662	canonical:"свѧтьць" || page:"свѧтьць"
свѧтꙑни	свѧтꙑн҄и|noun|fee1f0349d386e5a	page:"свѧтꙑни"
свѧтꙑн҄и	свѧтꙑн҄и|noun|fee1f0349d386e5a	canonical:"свѧтꙑн҄и" || source-canonical:"свѧтꙑн҄и"
свѧщати	свѧщати|verb|4a30ab39f1083659	canonical:"свѧщати" || page:"свѧщати"
свѧщеникъ	свѧщеникъ|noun|144b6cf1fa83cd27	canonical:"свѧщеникъ" || page:"свѧщеникъ"
седина	седина|noun|7cb9341a8a5d1034	canonical:"седина"
седмь	седмь|num|da373f68c1abeb0b	canonical:"седмь" || page:"седмь"
секꙑра	сѣкꙑра|noun|0cfbdab6f6533a23	alternative:"секꙑра"
селити	селити|verb|878c676053adac73	canonical:"селити" || page:"селити"
селище	селище|noun|e0937700d7a36fa7	canonical:"селище" || page:"селище"
село	село|noun|ef504171c5bece48	canonical:"село" || page:"село"
септѧбрь	септѧбр҄ь|noun|d4819c5334c81827	page:"септѧбрь"
септѧбр҄ь	септѧбр҄ь|noun|d4819c5334c81827	canonical:"септѧбр҄ь" || source-canonical:"септѧбр҄ь"
серафимъ	серафимъ|noun|1446c465e7c22e0d	canonical:"серафимъ" || page:"серафимъ"
сестра	сестра|noun|5136f3aae04fbbaa	canonical:"сестра" || page:"сестра"
сила	сила|noun|5c88dcfa9db13c21	canonical:"сила" || page:"сила"
синь	син҄ь|adj|9c1b59d214c82766	page:"синь"
син҄ь	син҄ь|adj|9c1b59d214c82766	canonical:"син҄ь" || source-canonical:"син҄ь"
сионовъ	сионовъ|adj|bfd9e67083dddda1	canonical:"сионовъ" || page:"сионовъ"
сионъ	сионъ|noun|9706d9283ca84fa8	canonical:"Сионъ" || page:"Сионъ"
сирота	сирота|noun|93bc3426515fdde7	canonical:"сирота" || page:"сирота"
сиротьство	сиротьство|noun|961cde94e904f73f	canonical:"сиротьство" || page:"сиротьство"
сиръ	сиръ|adj|2dbec4308c592e9b	canonical:"сиръ" || page:"сиръ"
сиѡнъ	сионъ|noun|9706d9283ca84fa8	alternative:"Сиѡнъ"
скаканьѥ	скаканьѥ|noun|e59b64ccf88d8caf	canonical:"скаканьѥ" || page:"скаканьѥ"
сквара	сквара|noun|2682bb4d982ab010	canonical:"сквара" || page:"сквара"
сквръна	скврьна|noun|ba14365eab792850	alternative:"сквръна"
скврънити	скврьнити|verb|961e47d9ce6a9ad3	alternative:"скврънити"
скврънъ	скврьнъ|adj|37e8c9d37b04a5fd	alternative:"скврънъ"
сквръньникъ	скврьньникъ|noun|4030a201971f306f	alternative:"сквръньникъ"
скврьна	скврьна|noun|ba14365eab792850	canonical:"скврьна" || page:"скврьна"
скврьнавъ	скврьнавъ|adj|4df6d181a1f4aafb	canonical:"скврьнавъ" || page:"скврьнавъ"
скврьнити	скврьнити|verb|961e47d9ce6a9ad3	canonical:"скврьнити" || page:"скврьнити"
скврьность	скврьность|noun|9d9886e82dc4827b	canonical:"скврьность" || page:"скврьность"
скврьнъ	скврьнъ|adj|37e8c9d37b04a5fd	canonical:"скврьнъ" || page:"скврьнъ"
скврьньникъ	скврьньникъ|noun|4030a201971f306f	canonical:"скврьньникъ" || page:"скврьньникъ"
скинии	скинии|noun|abf5b5486168dee2	canonical:"скинии" || page:"скинии"
сковрада	сковрада|noun|366770290f1a042d	canonical:"сковрада" || page:"сковрада"
сковрадьникъ	сковрадьникъ|noun|628a03471d03c68d	canonical:"сковрадьникъ" || page:"сковрадьникъ"
скопити	скопити|verb|82d995d68b5e799f	canonical:"скопити" || page:"скопити"
скопьць	скопьць|noun|c20b2215a192cba3	canonical:"скопьць" || page:"скопьць"
скорость	скорость|noun|a7ea5f169c76fa5d	canonical:"скорость" || page:"скорость"
скорота	скорота|noun|e9af021649f15dca	canonical:"скорота" || page:"скорота"
скоръ	скоръ|adj|deb9aac01c2e8447	canonical:"скоръ" || page:"скоръ"
скотъ	скотъ|noun|ffae0c3116514a0d	canonical:"скотъ" || page:"скотъ"
скрижаль	скрижаль|noun|5d8700bf70dc2847	canonical:"скрижаль" || page:"скрижаль"
скръбь	скръбь|noun|9452642af70bad29	canonical:"скръбь" || page:"скръбь"
скръбьнъ	скръбьнъ|adj|67edb77e08fd9da1	canonical:"скръбьнъ" || page:"скръбьнъ"
скръбѣти	скръбѣти|verb|0abe8793184ca452	canonical:"скръбѣти" || page:"скръбѣти"
скрьжьтъ	скрьжьтъ|noun|c1f52e721244367c	canonical:"скрьжьтъ" || page:"скрьжьтъ"
скълѧѕь	скълѧѕь|noun|c2abd38a3c50bec8	canonical:"скълѧѕь" || page:"скълѧѕь"
скѫдость	скѫдость|noun|8cf784d9c48c97c5	canonical:"скѫдость" || page:"скѫдость"
скѫдъ	скѫдъ|adj|df40e7a650afe333	canonical:"скѫдъ" || page:"скѫдъ"
скѫдьльникъ	скѫдьльникъ|noun|fc1975781972595d	canonical:"скѫдьльникъ" || page:"скѫдьльникъ"
скѫпость	скѫпость|noun|89608751c567a9f1	canonical:"скѫпость" || page:"скѫпость"
слабость	слабость|noun|4c87d279f7606247	canonical:"слабость" || page:"слабость"
слабъ	слабъ|adj|ce7fd47f780a1f71	canonical:"слабъ" || page:"слабъ"
слава	слава|noun|cb0a8dcacd093437	canonical:"слава" || page:"слава"
славити	славити|verb|74e9517c93e57738	canonical:"славити" || page:"славити"
славьнъ	славьнъ|adj|9587449f58e415b5	canonical:"славьнъ" || page:"славьнъ"
сладость	сладость|noun|eeecb0236718c8dd	canonical:"сладость" || page:"сладость"
сладъкъ	сладъкъ|adj|d47be2517dd31dc4	canonical:"сладъкъ" || page:"сладъкъ"
слана	слана|noun|b12d80b5516aecd4	canonical:"слана" || page:"слана"
сланоутъксланоутъцъ	сланоутъксланоутъцъ|noun|9e1c5f924f54e72d	canonical:"сланоутъксланоутъцъ"
сланоутъкъ	сланоутъксланоутъцъ|noun|9e1c5f924f54e72d	page:"сланоутъкъ"
сланъ	сланъ|adj|c7bdc5716a6080a9	canonical:"сланъ" || page:"сланъ"
сласть	сласть|noun|1f42e88e4667c6a1	canonical:"сласть" || page:"сласть"
слатина	слатина|noun|0d875b5f43e1f132	canonical:"слатина" || page:"слатина"
слива	слива|noun|35e100e153525637	canonical:"слива" || page:"слива"
слина	слина|noun|6e1f0ededfb053b4	canonical:"слина" || page:"слина"
слово	слово|noun|ed8e5a29f53f0e75	canonical:"слово" || page:"слово"
словолюбьць	словолюбьць|noun|aaa90ff283cab3e5	canonical:"словолюбьць" || page:"словолюбьць"
словѣньскъ	словѣньскъ|adj|14841e26c04ad27b	canonical:"словѣньскъ" || page:"словѣньскъ"
слонь	слонь|noun|e305ee00d388f9a7	canonical:"слонь" || page:"слонь"
слоуга	слоуга|noun|eacee129e91838dc	canonical:"слоуга" || page:"слоуга"
слоугꙑни	слоугꙑн҄и|noun|de6cb8342e21bbc0	page:"слоугꙑни"
слоугꙑн҄и	слоугꙑн҄и|noun|de6cb8342e21bbc0	canonical:"слоугꙑн҄и" || source-canonical:"слоугꙑн҄и"
слоужитель	слоужител҄ь|noun|1d01aa7f7a68a252	page:"слоужитель"
слоужител҄ь	слоужител҄ь|noun|1d01aa7f7a68a252	canonical:"слоужител҄ь" || source-canonical:"слоужител҄ь"
слоужити	слоужити|verb|b57a267f9f92c3dd	canonical:"слоужити" || page:"слоужити"
слоужьба	слоужьба|noun|86da56b8643ec85f	canonical:"слоужьба" || page:"слоужьба"
слоути	слоути|verb|f029b592a3cfea9f	canonical:"слоути" || page:"слоути"
слоухъ	слоухъ|noun|3b23cbbd9ea83b89	canonical:"слоухъ" || page:"слоухъ"
слоушати	слоушати|verb|c18b87821a13c84b	canonical:"слоушати" || page:"слоушати"
слъньце	слъньце|noun|b168537ca928d1a0	canonical:"слъньце" || page:"слъньце"
сльза	сльза|noun|85bc08c44b67393b	canonical:"сльза" || page:"сльза"
сльзоточьникъ	сльзоточьникъ|noun|6a631d0eef391f05	canonical:"сльзоточьникъ" || page:"сльзоточьникъ"
слѣдъ	слѣдъ|noun|b26ec661efd69692	canonical:"слѣдъ" || page:"слѣдъ"
слѣпота	слѣпота|noun|0ed13e65d478d4be	canonical:"слѣпота" || page:"слѣпота"
слѣпъ	слѣпъ|adj|4cd23c95ddef433f	canonical:"слѣпъ" || page:"слѣпъ"
слѣпьць	слѣпьць|noun|3b949d1e7668c61d	canonical:"слѣпьць" || page:"слѣпьць"
слꙋхъ	слоухъ|noun|3b23cbbd9ea83b89	alternative:"слꙋхъ"
слꙑшатель	слꙑшател҄ь|noun|4c9b837d8c61ef4c	page:"слꙑшатель"
слꙑшател҄ь	слꙑшател҄ь|noun|4c9b837d8c61ef4c	canonical:"слꙑшател҄ь" || source-canonical:"слꙑшател҄ь"
слꙑшати	слꙑшати|verb|090901c076245f79	canonical:"слꙑшати" || page:"слꙑшати"
смиꙗти	смиꙗти|verb|e081d2c97368e184	canonical:"смиꙗти" || page:"смиꙗти"
смокꙑ	смокꙑ|noun|5a57a77bc956c92c	canonical:"смокꙑ" || page:"смокꙑ"
смрадъ	смрадъ|noun|3e2d5fe29589f513	canonical:"смрадъ" || page:"смрадъ"
смръдъ	смръдъ|noun|97eef88dd72689d9	canonical:"смръдъ" || page:"смръдъ"
смрьдъ	смрьдъ|noun|35d4ccd0015254d0	canonical:"смрьдъ" || page:"смрьдъ"
смрьдѣти	смрьдѣти|verb|0a43f4901b7ea970	canonical:"смрьдѣти" || page:"смрьдѣти"
смѣдъ	смѣдъ|adj|c478e5d4e63a78c5	canonical:"смѣдъ" || page:"смѣдъ"
смѣхъ	смѣхъ|noun|6cdcd5c4c7de1f25	canonical:"смѣхъ" || page:"смѣхъ"
снити	сънити|verb|ecfe9eaba51d5212	alternative:"снити"
снопъ	снопъ|noun|421e909521856d65	canonical:"снопъ" || page:"снопъ"
снѣгъ	снѣгъ|noun|8611f25c4256c521	canonical:"снѣгъ" || page:"снѣгъ"
сн҃ъ	сꙑнъ|noun|af17ea7290a7dcd8	alternative:"сн҃ъ"
сокачии	сокачии|noun|722d7144720847e5	canonical:"сокачии" || page:"сокачии"
сокачии	сокачьи|noun|d47be2932860a5a8	alternative:"сокачии"
сокачьи	сокачии|noun|722d7144720847e5	alternative:"сокачьи"
сокачьи	сокачьи|noun|d47be2932860a5a8	canonical:"сокачьи" || page:"сокачьи"
сокъ	сокъ|noun|de95194ba05e0446	canonical:"сокъ" || page:"сокъ"
солило	солило|noun|664d5c254c2f9197	canonical:"солило" || page:"солило"
солоунѣнинъ	солоун҄ѣнинъ|noun|edbcdc282e6698cc	page:"солоунѣнинъ"
солоун҄ѣнинъ	солоун҄ѣнинъ|noun|edbcdc282e6698cc	canonical:"солоун҄ѣнинъ" || source-canonical:"солоун҄ѣнинъ"
соль	соль|noun|6ec7e46006dc557f	canonical:"соль" || page:"соль"
сопьць	сопьць|noun|f1921732fc06dd88	canonical:"сопьць" || page:"сопьць"
соти	соти|verb|0122258ff9d92f7a	canonical:"соти" || page:"соти"
сотонинъ	сотонинъ|adj|5b38ebad290c7557	canonical:"сотонинъ" || page:"сотонинъ"
соугоубина	соугоубина|noun|25732b0738a08806	canonical:"соугоубина" || page:"соугоубина"
соугоубъ	соугоубъ|adj|e9551b87df9d0033	canonical:"соугоубъ" || page:"соугоубъ"
соугоубь	соугоубъ|adj|e9551b87df9d0033	alternative:"соугоубь"
соугꙋб	соугоубъ|adj|e9551b87df9d0033	alternative:"соугꙋб"
соуета	соуета|noun|417f9784cbd76113	canonical:"соуета" || page:"соуета"
соуета	соуѥта|noun|3b95771c356ab47a	alternative:"соуета"
соуи	соуи|adj|315fd570b180e22a	canonical:"соуи" || page:"соуи"
соукъно	соукъно|noun|1eacc0d4100a14e3	canonical:"соукъно" || page:"соукъно"
соумьнѣти	сѫмьнѣти|verb|b0a35c1f2d535cfa	alternative:"соумьнѣти"
соупостатъ	сѫпостатъ|noun|0594c24bff54aab4	alternative:"соупостатъ"
соупроугъ	сѫпрѫгъ|noun|ecf17c17747688dd	alternative:"соупроугъ"
соупъ	сѫпъ|noun|774a54e5301cc0a3	alternative:"соупъ"
соухота	соухота|noun|5c646e54d682a47c	canonical:"соухота" || page:"соухота"
соухоꙗдьць	соухоꙗдьць|noun|de68f0390f144a65	canonical:"соухоꙗдьць" || page:"соухоꙗдьць"
соухъ	соухъ|adj|53093d598325874f	canonical:"соухъ" || page:"соухъ"
соухъ	соухъ|noun|8ea51062bb50f8be	canonical:"соухъ" || page:"соухъ"
соушило	соушило|noun|738e0a5cef645b91	canonical:"соушило" || page:"соушило"
соушити	соушити|verb|53ae88898a7fdf82	canonical:"соушити" || page:"соушити"
соуѥта	соуета|noun|417f9784cbd76113	alternative:"соуѥта"
соуѥта	соуѥта|noun|3b95771c356ab47a	canonical:"соуѥта" || page:"соуѥта"
сподъ	сподъ|noun|183f47ecdfe2eebc	canonical:"сподъ" || page:"сподъ"
спѣти	спѣти|verb|4e85bc73625eddcf	canonical:"спѣти" || page:"спѣти"
спѣхъ	спѣхъ|noun|f6c200f1fb450b6b	canonical:"спѣхъ" || page:"спѣхъ"
спѫдъ	спѫдъ|noun|b7c3c5642fb5b297	canonical:"спѫдъ" || page:"спѫдъ"
спꙑтавъгнѣвъ	спꙑтавъгнѣвъ|noun|9426bcfceb455fca	canonical:"Спꙑтавъгнѣвъ" || page:"Спꙑтавъгнѣвъ"
срамота	срамота|noun|ac79800549060432	canonical:"срамота" || page:"срамота"
срамъ	срамъ|noun|8845bb1d018ee205	canonical:"срамъ" || page:"срамъ"
срацинъ	срацинъ|noun|019ed0b242f6fb90	canonical:"срацинъ" || page:"срацинъ"
сръдоболꙗ	срьдоболꙗ|noun|a7719978d9e8c7e3	alternative:"сръдоболꙗ"
сръдьце	срьдьце|noun|eeafa0868957d23c	alternative:"сръдьце"
срьдоболꙗ	срьдоболꙗ|noun|a7719978d9e8c7e3	canonical:"срьдоболꙗ" || page:"срьдоболꙗ"
срьдь	срьдь|noun|732aff083fe27835	canonical:"срьдь" || page:"срьдь"
срьдьце	срьдьце|noun|eeafa0868957d23c	canonical:"срьдьце" || page:"срьдьце"
срьдьцевѣдьць	срьдьцевѣдьць|noun|4e7858330deb2efe	canonical:"срьдьцевѣдьць" || page:"срьдьцевѣдьць"
срьпъ	срьпъ|noun|e2f577d261b6e03a	canonical:"срьпъ" || page:"срьпъ"
срѣда	срѣда|noun|13b9f244456093c1	canonical:"срѣда" || page:"срѣда"
ставило	ставило|noun|8a897590c4d5d3ed	canonical:"ставило" || page:"ставило"
ставити	ставити|verb|70ad86c0cdcb2672	canonical:"ставити" || page:"ставити"
ставъ	ставъ|noun|5236fda90af69a92	canonical:"ставъ" || page:"ставъ"
стадо	стадо|noun|d7f5128ca3ae37f3	canonical:"стадо" || page:"стадо"
станъ	станъ|noun|5b0b86275c84ff2b	canonical:"станъ" || page:"станъ"
старость	старость|noun|0b4a58dd211944d7	canonical:"старость" || page:"старость"
старъ	старъ|adj|51e3fc3bb7663f94	canonical:"старъ" || page:"старъ"
старьць	старьць|noun|6b7114c533e0b6f3	canonical:"старьць" || page:"старьць"
старѣишина	старѣишина|noun|9f755dd670cb67d4	canonical:"старѣишина" || page:"старѣишина"
старѣишиньство	старѣишиньство|noun|7bc0e9bd694eb1af	canonical:"старѣишиньство" || page:"старѣишиньство"
стати	стати|verb|00aceb67eb2b60f0	canonical:"стати" || page:"стати"
стаꙗти	стаꙗти|verb|6481c3e42fd9d4d0	canonical:"стаꙗти" || page:"стаꙗти"
стегно	стегно|noun|6d23d99b4e3dbe1f	canonical:"стегно" || page:"стегно"
стежеръ	стежеръ|noun|4242f4ca01723c2d	canonical:"стежеръ" || page:"стежеръ"
стенати	стенати|verb|8aa5efd222a87b54	canonical:"стенати" || page:"стенати"
степень	степенꙑ|noun|ec2f88bc463073e3	page:"степень"
степенꙑ	степенꙑ|noun|ec2f88bc463073e3	canonical:"степенꙑ"
стихъ	стихъ|noun|d7959276222bbf45	canonical:"стихъ" || page:"стихъ"
стклѧ́ница	стклѧница|noun|125bed5f4b148be2	alternative:"стклѧ́ница"
стклѧница	стклѧница|noun|125bed5f4b148be2	canonical:"стклѧница" || page:"стклѧница"
стлъба	стлъпъ|noun|ae23e4b1a63c4ec2	alternative:"стлъба"
стлъбъ	стлъпъ|noun|ae23e4b1a63c4ec2	alternative:"стлъбъ"
стлъпотворѥниѥ	стлъпотворѥниѥ|noun|4aab738aa9a64ae3	canonical:"стлъпотворѥниѥ" || page:"стлъпотворѥниѥ"
стлъпъ	стлъпъ|noun|ae23e4b1a63c4ec2	canonical:"стлъпъ" || page:"стлъпъ"
стлъпьникъ	стлъпьникъ|noun|e391ac0648c58cb7	canonical:"стлъпьникъ" || page:"стлъпьникъ"
стоборъ	стоборъ|noun|d15033d97aa48f89	canonical:"стоборъ" || page:"стоборъ"
столъ	столъ|noun|58b9714b35d1f7db	canonical:"столъ" || page:"столъ"
стопа	стопа|noun|1c9280924aca0e5a	canonical:"стопа" || page:"стопа"
стоуденъ	стоуденъ|adj|12ff92479f14c70f	canonical:"стоуденъ" || page:"стоуденъ"
стоуденъ	стоуденъ|noun|80ab91946dbca01b	canonical:"стоуденъ" || page:"стоуденъ"
стоудень	стоудень|noun|6855a2f19017a613	canonical:"стоудень" || page:"стоудень"
стоуденьць	стоуденьць|noun|69918d98d74fd42b	canonical:"стоуденьць" || page:"стоуденьць"
стоудъ	стоудъ|noun|8ea6190e66e09418	canonical:"стоудъ" || page:"стоудъ"
стоуждь	щоуждь|adj|e439b57440241df0	alternative:"стоуждь"
стоꙗти	стоꙗти|verb|942e2c246755f586	canonical:"стоꙗти" || page:"стоꙗти"
страдати	страдати|verb|444e9c1cc0b825d5	canonical:"страдати" || page:"страдати"
страдьба	страдьба|noun|2cc2508a88bee365	canonical:"страдьба" || page:"страдьба"
стража	стража|noun|19e1bcb82fb5f888	canonical:"стража" || page:"стража"
стражь	стражь|noun|792aca358ca5f264	canonical:"стражь" || page:"стражь"
стражьба	стражьба|noun|693e9230f9f5a162	canonical:"стражьба" || page:"стражьба"
стражьда	стражьда|noun|4e86841c5d83ee07	canonical:"стражьда" || page:"стражьда"
страна	страна|noun|3fdcdf49530d20a9	canonical:"страна" || page:"страна"
страньникъ	страньникъ|noun|4e79651761c5e6fc	canonical:"страньникъ" || page:"страньникъ"
страньноприимьць	страньноприимьць|noun|56f7030dffbdd7c9	canonical:"страньноприимьць" || page:"страньноприимьць"
страньнъ	страньнъ|adj|3d7c60bda0e4a8f7	canonical:"страньнъ" || page:"страньнъ"
страстоносьць	страстоносьць|noun|9bdf1032f668d483	canonical:"страстоносьць" || page:"страстоносьць"
страстотрьпьць	страстотрьпьць|noun|dbd1a10eac7d9135	canonical:"страстотрьпьць" || page:"страстотрьпьць"
страсть	страсть|noun|65cab22d09f8457b	canonical:"страсть" || page:"страсть"
страстьникъ	страстьникъ|noun|71e8186c934a5fa3	canonical:"страстьникъ" || page:"страстьникъ"
страхъ	страхъ|noun|f20c13b265745984	canonical:"страхъ" || page:"страхъ"
страшити	страшити|verb|2b7515409d541e48	canonical:"страшити" || page:"страшити"
страѳокамиль	страѳокамиль|noun|f316eb9b7180ba9b	canonical:"страѳокамиль" || page:"страѳокамиль"
стрещи	стрѣщи|verb|4fdc4c88fb7c3403	alternative:"стрещи"
стрижьникъ	стрижьникъ|noun|a30aead9d546d762	canonical:"стрижьникъ" || page:"стрижьникъ"
стрищи	стрищи|verb|0d22cfbba7e1a914	canonical:"стрищи" || page:"стрищи"
строитель	строител҄ь|noun|4750969638a11a42	page:"строитель"
строительство	строительство|noun|8d517e0f1f38deef	canonical:"строительство" || page:"строительство"
строител҄ь	строител҄ь|noun|4750969638a11a42	canonical:"строител҄ь" || source-canonical:"строител҄ь"
строити	строити|verb|0c540ee94d0b5de1	canonical:"строити" || page:"строити"
стропъ	стропъ|noun|e22b624c554673fc	canonical:"стропъ" || page:"стропъ"
строуна	строуна|noun|d2e7c91514f088ff	canonical:"строуна" || page:"строуна"
строупъ	строупъ|noun|d609561a005f0c52	canonical:"строупъ" || page:"строупъ"
строуꙗ	строуꙗ|noun|fd94411e916cc8ec	canonical:"строуꙗ" || page:"строуꙗ"
стръгати	стръгати|verb|9d12a36cf233b667	canonical:"стръгати" || page:"стръгати"
стръкъ	стрькъ|noun|ad3e8586cd03851f	alternative:"стръкъ"
стрькокамиль	страѳокамиль|noun|f316eb9b7180ba9b	alternative:"стрькокамиль"
стрькъ	стрькъ|noun|ad3e8586cd03851f	canonical:"стрькъ" || page:"стрькъ"
стрькь	стрькъ|noun|ad3e8586cd03851f	alternative:"стрькь"
стрѣкало	стрѣкало|noun|6781c32415576969	canonical:"стрѣкало" || page:"стрѣкало"
стрѣла	стрѣла|noun|397d1a7db5815d9d	canonical:"стрѣла" || page:"стрѣла"
стрѣха	стрѣха|noun|c49ba8f6e7f4287f	canonical:"стрѣха" || page:"стрѣха"
стрѣщи	стрѣщи|verb|4fdc4c88fb7c3403	canonical:"стрѣщи" || page:"стрѣщи"
студеньць	студеньць|noun|8f834817542d861d	canonical:"студеньць" || page:"студеньць"
стьгна	стьгна|noun|8aa964ce843f1a29	canonical:"стьгна" || page:"стьгна"
стьза	стьѕа|noun|5f08675dfab27197	alternative:"стьза"
стькльница	стклѧница|noun|125bed5f4b148be2	alternative:"стькльница"
стьклѣница	стклѧница|noun|125bed5f4b148be2	alternative:"стьклѣница"
стьлати	стьлати|verb|d0fa1f19fce28b64	canonical:"стьлати" || page:"стьлати"
стьлѧѕь	скълѧѕь|noun|c2abd38a3c50bec8	alternative:"стьлѧѕь"
стьѕа	стьѕа|noun|5f08675dfab27197	canonical:"стьѕа" || page:"стьѕа"
стьѕꙗ	стьѕа|noun|5f08675dfab27197	alternative:"стьѕꙗ"
стѣна	стѣна|noun|93b0364c4f6caad8	canonical:"стѣна" || page:"стѣна"
стꙑдость	стꙑдость|noun|c5760b0d4b991d4b	canonical:"стꙑдость" || page:"стꙑдость"
стꙑдъкъ	стꙑдъкъ|adj|2835ef2afd80fb5d	canonical:"стꙑдъкъ" || page:"стꙑдъкъ"
супостатъ	сѫпостатъ|noun|0594c24bff54aab4	alternative:"супостатъ"
схранити	съхранити|verb|485f1b0907ca361e	alternative:"схранити"
съблазнити	съблазнити|verb|bf95f8f21992890d	canonical:"съблазнити" || page:"съблазнити"
съблазнъ	съблазнь|noun|18d35ec2904f5c3d	alternative:"съблазнъ"
съблазнь	съблазнь|noun|18d35ec2904f5c3d	canonical:"съблазнь" || page:"съблазнь"
съборъ	съборъ|noun|d6a9b9b33906e94e	canonical:"съборъ" || page:"съборъ"
събрати	събрати|verb|560bbe19ad660b33	canonical:"събрати" || page:"събрати"
събꙑти	събꙑти|verb|81b732d73855c017	canonical:"събꙑти" || page:"събꙑти"
съвада	съвада|noun|6bc4ad20ae898db3	canonical:"съвада" || page:"съвада"
съвадьникъ	съвадьникъ|noun|3afb5a6b2573c73d	canonical:"съвадьникъ" || page:"съвадьникъ"
съвитъкъ	съвитъкъ|noun|7b26d70b4d78ce33	canonical:"съвитъкъ" || page:"съвитъкъ"
съвъздрьжьникъ	съвъздрьжьникъ|noun|6a5e6480246c9de6	canonical:"съвъздрьжьникъ" || page:"съвъздрьжьникъ"
съвѣдь	съвѣдь|noun|b8764ccb5bc6858f	canonical:"съвѣдь" || page:"съвѣдь"
съвѣдѣниѥ	съвѣдѣниѥ|noun|5b72eca6a73968a9	canonical:"съвѣдѣниѥ" || page:"съвѣдѣниѥ"
съвѣдѣтельство	съвѣдѣтельство|noun|0054afb1a0ea91ea	canonical:"съвѣдѣтельство" || page:"съвѣдѣтельство"
съвѣсть	съвѣсть|noun|34490ea7cdd27b83	canonical:"съвѣсть" || page:"съвѣсть"
съвѣтъ	съвѣтъ|noun|7e12ad3a6dd541a7	canonical:"съвѣтъ" || page:"съвѣтъ"
съвѣтьникъ	съвѣтьникъ|noun|8da6855d699cdd9b	canonical:"съвѣтьникъ" || page:"съвѣтьникъ"
съвѫзъ	съвѫзъ|noun|271e8bec44961e02	canonical:"съвѫзъ" || page:"съвѫзъ"
съвѫзъ	съѭзъ|noun|f6bf1177547fbd60	alternative:"съвѫзъ"
съгънѫти	съгънѫти|verb|8caad8d6f2b06fdf	canonical:"съгънѫти" || page:"съгънѫти"
съдравити	съдравити|verb|7f0ff7657798f73b	canonical:"съдравити" || page:"съдравити"
съдравъ	съдравъ|adj|420886a6288b5f6f	canonical:"съдравъ" || page:"съдравъ"
съдравьѥ	съдравьѥ|noun|e7f1e9627b27a29f	canonical:"съдравьѥ" || page:"съдравьѥ"
съдръгнѫти	съдръгнѫти|verb|3dcc49a8c8792bc2	canonical:"съдръгнѫти" || page:"съдръгнѫти"
съдѣиствьникъ	съдѣиствьникъ|noun|cb8fc7169448ba1c	canonical:"съдѣиствьникъ" || page:"съдѣиствьникъ"
съжещи	съжещи|verb|ac0b321d6f501d12	canonical:"съжещи" || page:"съжещи"
съжѧти	съжѧти|verb|e90db9a581de1d18	canonical:"съжѧти" || page:"съжѧти"
съзидати	съзидати|verb|11eafb60efc86241	canonical:"съзидати" || page:"съзидати"
съзорити	съзорити|verb|cb9da0708aaa4e58	canonical:"съзорити" || page:"съзорити"
съзьданьѥ	съзьданьѥ|noun|8684df4449bdc51a	canonical:"съзьданьѥ" || page:"съзьданьѥ"
съзьдати	съзьдати|verb|a4a79f01cdf43ba8	canonical:"съзьдати" || page:"съзьдати"
съкровище	съкровище|noun|b9d20e46c630e078	canonical:"съкровище" || page:"съкровище"
съкровъ	съкровъ|noun|014b70333a82a480	canonical:"съкровъ" || page:"съкровъ"
съкроушити	съкроушити|verb|ceca8b13a9ac6a8b	canonical:"съкроушити" || page:"съкроушити"
сълати	сълати|verb|6a98891a14945792	canonical:"сълати" || page:"сълати"
сълогъ	сълогъ|noun|356433fb5defbd5c	canonical:"сълогъ" || page:"сълогъ"
сълоучаи	сълоучаи|noun|12af13a00dd18814	canonical:"сълоучаи" || page:"сълоучаи"
сълъ	сълъ|noun|33e3d2fa1e12b7f8	canonical:"сълъ" || page:"сълъ"
сълѧщи	сълѧщи|verb|24ae0967e5946253	canonical:"сълѧщи" || page:"сълѧщи"
съметати	съметати|verb|4803898683ff2f17	canonical:"съметати" || page:"съметати"
съмилити	съмилити|verb|158c605ea788a8a4	canonical:"съмилити" || page:"съмилити"
съмотрити	съмотрити|verb|440a837f4ab56787	canonical:"съмотрити" || page:"съмотрити"
съмръкнѫти	съмръкнѫти|verb|d69216a8f5a83600	canonical:"съмръкнѫти" || page:"съмръкнѫти"
съмрьть	съмрьть|noun|5019a5ae46894dc3	canonical:"съмрьть" || page:"съмрьть"
съмьжити	съмѣжити|verb|3a364b591bb6c562	alternative:"съмьжити"
съмѣжити	съмѣжити|verb|3a364b591bb6c562	canonical:"съмѣжити" || page:"съмѣжити"
съмѣреньѥ	съмѣреньѥ|noun|e56c704204dc90b7	canonical:"съмѣреньѥ" || page:"съмѣреньѥ"
съмѣрити	съмѣрити|verb|092b0886518ab90a	canonical:"съмѣрити" || page:"съмѣрити"
съмѣти	съмѣти|verb|84eaff5b15d4cd24	canonical:"съмѣти" || page:"съмѣти"
съмѧсти	съмѧсти|verb|dfddaff0ecb2946a	canonical:"съмѧсти" || page:"съмѧсти"
съмꙑслъ	съмꙑслъ|noun|b499fd6c89d78727	canonical:"съмꙑслъ" || page:"съмꙑслъ"
сънабъдѣти	сънабъдѣти|verb|f2511e58a6beec3d	canonical:"сънабъдѣти" || page:"сънабъдѣти"
сънити	сънити|verb|ecfe9eaba51d5212	canonical:"сънити" || page:"сънити"
съниѥ	съниѥ|noun|360ff3cbde10748b	canonical:"съниѥ" || page:"съниѥ"
сънъ	сънъ|noun|55e71a8a8670d78c	canonical:"сънъ" || page:"сънъ"
съньмиште	съньмище|noun|5082c9bd4ee0fe89	alternative:"съньмиште"
съньмище	съньмище|noun|5082c9bd4ee0fe89	canonical:"съньмище" || page:"съньмище"
съньмъ	съньмъ|noun|51311b77ce782e83	canonical:"съньмъ" || page:"съньмъ"
сънѣдати	сънѣдати|verb|b0ae3a781be1e9f3	canonical:"сънѣдати" || page:"сънѣдати"
сънѣдь	сънѣдь|noun|1d12a139b9d2442d	canonical:"сънѣдь" || page:"сънѣдь"
сънѧти	сънѧти|verb|6cca04cd77af3709	canonical:"сънѧти" || page:"сънѧти"
сънѧтиѥ	сънѧтиѥ|noun|d03cab1ab3e39e87	canonical:"сънѧтиѥ" || page:"сънѧтиѥ"
съпасениѥ	съпасениѥ|noun|e2d4bfff0dcba0f4	canonical:"съпасениѥ" || page:"съпасениѥ"
съпаситель	съпасител҄ь|noun|35ebc21707fd97c9	page:"съпаситель"
съпасител҄ь	съпасител҄ь|noun|35ebc21707fd97c9	canonical:"съпасител҄ь" || source-canonical:"съпасител҄ь"
съпасти	съпасти|verb|671c09ba7c75196b	canonical:"съпасти" || page:"съпасти"
съпасти	съпасти|verb|aff5cfd9031e6f3f	canonical:"съпасти" || page:"съпасти"
съпасъ	съпасъ|noun|5dfeb9a7880019da	canonical:"съпасъ" || page:"съпасъ"
съпати	съпати|verb|a9b1038dca546381	canonical:"съпати" || page:"съпати"
съплеменьникъ	съплеменьникъ|noun|a28039ab07f22e95	canonical:"съплеменьникъ" || page:"съплеменьникъ"
съплести	съплести|verb|fd941d36a4e1043a	canonical:"съплести" || page:"съплести"
съплетъкъ	съплетъкъ|noun|3b2e217371d4cb26	canonical:"съплетъкъ" || page:"съплетъкъ"
съподобити	съподобити|verb|6298e75b90e6d501	canonical:"съподобити" || page:"съподобити"
съпоспѣшьникъ	съпоспѣшьникъ|noun|8c62968950bf64d2	canonical:"съпоспѣшьникъ" || page:"съпоспѣшьникъ"
съпостатъ	сѫпостатъ|noun|0594c24bff54aab4	alternative:"съпостатъ"
съприимьникъ	съприимьникъ|noun|f52dd6d5047df61b	canonical:"съприимьникъ" || page:"съприимьникъ"
съпричѧстьникъ	съпричѧстьникъ|noun|24f5e8cf301680bf	canonical:"съпричѧстьникъ" || page:"съпричѧстьникъ"
съпрѧщи	съпрѧщи|verb|b48f24d536b4bb8c	canonical:"съпрѧщи" || page:"съпрѧщи"
сърѣсти	сърѣсти|verb|9d5b931593069203	canonical:"сърѣсти" || page:"сърѣсти"
сърѧща	сърѧщꙗ|noun|2ab40864d9bc8da6	page:"сърѧща"
сърѧщꙗ	сърѧщꙗ|noun|2ab40864d9bc8da6	canonical:"сърѧщꙗ"
съсати	съсати|verb|1091577f13621f6a	canonical:"съсати" || page:"съсати"
съставьникъ	съставьникъ|noun|610b8be80c2ccd5d	canonical:"съставьникъ" || page:"съставьникъ"
състольникъ	състольникъ|noun|57c4a7ff725af98a	canonical:"състольникъ" || page:"състольникъ"
съсъ	съсъ|noun|c2e2c4860f91273e	canonical:"съсъ" || page:"съсъ"
съсьць	съсьць|noun|d84329721d45f09e	canonical:"съсьць" || page:"съсьць"
съсѫдъ	съсѫдъ|noun|7acfc8297e7f9dee	canonical:"съсѫдъ" || page:"съсѫдъ"
сътворити	сътворити|verb|88cbbdebe81ada83	canonical:"сътворити" || page:"сътворити"
съто	съто|noun|43433f244c60dc95	canonical:"съто" || page:"съто"
сътрьти	сътрьти|verb|e8fa188e567c5e68	canonical:"сътрьти" || page:"сътрьти"
сътрѣбити	сътрѣбити|verb|838f4603723c4c51	canonical:"сътрѣбити" || page:"сътрѣбити"
сътрѣти	сътрьти|verb|e8fa188e567c5e68	alternative:"сътрѣти"
сътьникъ	сътьникъ|noun|96a7abbad92f6da2	canonical:"сътьникъ" || page:"сътьникъ"
съхнѫти	съхнѫти|verb|f57648d01b8b3b6c	canonical:"съхнѫти" || page:"съхнѫти"
съхранити	съхранити|verb|485f1b0907ca361e	canonical:"съхранити" || page:"съхранити"
съѫзъ	съвѫзъ|noun|271e8bec44961e02	alternative:"съѫзъ"
съѭзъ	съвѫзъ|noun|271e8bec44961e02	alternative:"съѭзъ"
съѭзъ	съѭзъ|noun|f6bf1177547fbd60	canonical:"съѭзъ" || page:"съѭзъ"
сь	сь|pron|5b3bb58f40dbe033	canonical:"сь" || page:"сь"
сьребро	сьребро|noun|76881c0808689c94	canonical:"сьребро" || page:"сьребро"
сьребролюбьць	сьребролюбьць|noun|4f00c91c9cffe9e8	canonical:"сьребролюбьць" || page:"сьребролюбьць"
сьребрьникъ	сьребрьникъ|noun|c6cc9c1c69f4e87e	canonical:"сьребрьникъ" || page:"сьребрьникъ"
сіонъ	сионъ|noun|9706d9283ca84fa8	alternative:"Сіонъ"
сіѡнъ	сионъ|noun|9706d9283ca84fa8	alternative:"Сіѡнъ"
сѣверъ	сѣверъ|noun|3ec569dbee21bf98	canonical:"сѣверъ" || page:"сѣверъ"
сѣдалище	сѣдалище|noun|1138fd4a4969272b	canonical:"сѣдалище" || page:"сѣдалище"
сѣдало	сѣдало|noun|d9fdffbcfadf5d62	canonical:"сѣдало" || page:"сѣдало"
сѣдинавъ	сѣдинавъ|adj|abd35b97471e758d	canonical:"сѣдинавъ" || page:"сѣдинавъ"
сѣдинꙑ	седина|noun|7cb9341a8a5d1034	page:"сѣдинꙑ"
сѣдъ	сѣдъ|adj|d8a474542075dae9	canonical:"сѣдъ" || page:"сѣдъ"
сѣдѣти	сѣдѣти|verb|e66b0744e7779b85	canonical:"сѣдѣти" || page:"сѣдѣти"
сѣкꙑра	сѣкꙑра|noun|0cfbdab6f6533a23	canonical:"сѣкꙑра" || page:"сѣкꙑра"
сѣмьꙗ	сѣмьꙗ|noun|b10c7aa4eae61331	canonical:"сѣмьꙗ" || page:"сѣмьꙗ"
сѣмѧ	сѣмѧ|noun|f3c7c1845ec2d65c	canonical:"сѣмѧ" || page:"сѣмѧ"
сѣно	сѣно|noun|69ffe6b751a0dabf	canonical:"сѣно" || page:"сѣно"
сѣнь	сѣнь|noun|a645fa7dc068da61	canonical:"сѣнь" || page:"сѣнь"
сѣра	сѣраа|noun|d4ff7585cc39bef6	page:"сѣра"
сѣраа	сѣраа|noun|d4ff7585cc39bef6	canonical:"сѣраа"
сѣръ	сѣръ|adj|d544956027d544a5	canonical:"сѣръ" || page:"сѣръ"
сѣсти	сѣсти|verb|40310a8c25b8fd0f	canonical:"сѣсти" || page:"сѣсти"
сѣти	сѣти|verb|1d427696508a3d30	canonical:"сѣти" || page:"сѣти"
сѣтованьѥ	сѣтованьѥ|noun|906792eae0be92c3	canonical:"сѣтованьѥ" || page:"сѣтованьѥ"
сѣтовати	сѣтовати|verb|ede37cbd691465a1	canonical:"сѣтовати" || page:"сѣтовати"
сѣть	сѣть|noun|aba31e9b52ca0401	canonical:"сѣть" || page:"сѣть"
сѣчиво	сѣчиво|noun|bdc7fa96d1fd2e1c	canonical:"сѣчиво" || page:"сѣчиво"
сѣчьць	сѣчьць|noun|eb9328e18544ba2c	canonical:"сѣчьць" || page:"сѣчьць"
сѣшти	сѣщи|verb|b83365ba0ddc604c	alternative:"сѣшти"
сѣщи	сѣщи|verb|b83365ba0ddc604c	canonical:"сѣщи" || page:"сѣщи"
сѧ	сѧ|pron|a123046076182d51	canonical:"сѧ" || page:"сѧ"
сѧшти	сѧщи|verb|cf02491a3aad33a6	alternative:"сѧшти"
сѧщи	сѧщи|verb|cf02491a3aad33a6	canonical:"сѧщи" || page:"сѧщи"
сѫбота	сѫбота|noun|a53269629f6eebac	canonical:"сѫбота" || page:"сѫбота"
сѫдии	сѫдии|noun|b3447bdd6bd83f4d	canonical:"сѫдии" || page:"сѫдии"
сѫдилище	сѫдилищь|noun|c1e8b0c7f262dde5	page:"сѫдилище"
сѫдилищь	сѫдилищь|noun|c1e8b0c7f262dde5	canonical:"сѫдилищь"
сѫдитель	сѫдител҄ь|noun|01e1ad7a2bb410a5	page:"сѫдитель"
сѫдител҄ь	сѫдител҄ь|noun|01e1ad7a2bb410a5	canonical:"сѫдител҄ь" || source-canonical:"сѫдител҄ь"
сѫдити	сѫдити|verb|7e70860fb6ab34e8	canonical:"сѫдити" || page:"сѫдити"
сѫдище	сѫдище|noun|7d2a7dd2503acf94	canonical:"сѫдище" || page:"сѫдище"
сѫдъ	сѫдъ|noun|259d7202777ef1d2	canonical:"сѫдъ" || page:"сѫдъ"
сѫдьба	сѫдьба|noun|78822572c960c50e	canonical:"сѫдьба" || page:"сѫдьба"
сѫдьи	сѫдии|noun|b3447bdd6bd83f4d	alternative:"сѫдьи"
сѫдьи	сѫдьи|noun|487a71e05f32b650	canonical:"сѫдьи" || page:"сѫдьи"
сѫкъ	сѫкъ|noun|099abd2388e38361	canonical:"сѫкъ" || page:"сѫкъ"
сѫмьнѣниѥ	сѫмьнѣниѥ|noun|afe17b1c0787d8c7	canonical:"сѫмьнѣниѥ" || page:"сѫмьнѣниѥ"
сѫмьнѣти	сѫмьнѣти|verb|b0a35c1f2d535cfa	canonical:"сѫмьнѣти" || page:"сѫмьнѣти"
сѫпостатъ	сѫпостатъ|noun|0594c24bff54aab4	canonical:"сѫпостатъ" || page:"сѫпостатъ"
сѫпротивьникъ	сѫпротивьникъ|noun|5c2ed689d294aa46	canonical:"сѫпротивьникъ" || page:"сѫпротивьникъ"
сѫпрѫгъ	сѫпрѫгъ|noun|ecf17c17747688dd	canonical:"сѫпрѫгъ" || page:"сѫпрѫгъ"
сѫпъ	сѫпъ|noun|774a54e5301cc0a3	canonical:"сѫпъ" || page:"сѫпъ"
сѫпьрь	сѫпьр҄ь|noun|7b7a65214e063f5d	page:"сѫпьрь"
сѫпьрьникъ	сѫпьрьникъ|noun|7a270467d29464d0	canonical:"сѫпьрьникъ" || page:"сѫпьрьникъ"
сѫпьр҄ь	сѫпьр҄ь|noun|7b7a65214e063f5d	canonical:"сѫпьр҄ь" || source-canonical:"сѫпьр҄ь"
сѫсѣдъ	сѫсѣдъ|noun|f0b5537d7679bc3e	canonical:"сѫсѣдъ" || page:"сѫсѣдъ"
сѫсѣдꙑни	сѫсѣдꙑн҄и|noun|cccfa67b625bc68a	page:"сѫсѣдꙑни"
сѫсѣдꙑн҄и	сѫсѣдꙑн҄и|noun|cccfa67b625bc68a	canonical:"сѫсѣдꙑн҄и" || source-canonical:"сѫсѣдꙑн҄и"
сѫчьць	сѫчьць|noun|4db29d46f11488eb	canonical:"сѫчьць" || page:"сѫчьць"
сѫщьство	сѫщьство|noun|91bb137327030871	canonical:"сѫщьство" || page:"сѫщьство"
сѵрофоникиссанꙑни	сѵрофоник҄иссанꙑн҄и|noun|9c395debedd045dc	page:"сѵрофоникиссанꙑни"
сѵрофоник҄иссанꙑн҄и	сѵрофоник҄иссанꙑн҄и|noun|9c395debedd045dc	canonical:"сѵрофоник҄иссанꙑн҄и" || source-canonical:"сѵрофоник҄иссанꙑн҄и"
сѷріꙗ	сѷріꙗ|noun|474db09bb63c50db	canonical:"Сѷріꙗ" || page:"Сѷріꙗ"
сꙑнъ	сꙑнъ|noun|af17ea7290a7dcd8	canonical:"сꙑнъ" || page:"сꙑнъ"
сꙑнъ	сꙑнъ|noun|ed1bda065808c56b	canonical:"сꙑнъ" || page:"сꙑнъ"
сꙑньнъ	сꙑньнъ|adj|136f7d44e45b39e5	canonical:"сꙑньнъ" || page:"сꙑньнъ"
сꙑпати	сꙑпати|verb|785df529206565c6	canonical:"сꙑпати" || page:"сꙑпати"
сꙑръ	сꙑръ|adj|1192debfff67cbe1	canonical:"сꙑръ" || page:"сꙑръ"
сꙑръ	сꙑръ|noun|abffe9f19f73aa20	canonical:"сꙑръ" || page:"сꙑръ"
сꙑтость	сꙑтость|noun|ad6da9629d7cb8db	canonical:"сꙑтость" || page:"сꙑтость"
сꙑтъ	сꙑтъ|adj|4bcfce2bab0413a1	canonical:"сꙑтъ" || page:"сꙑтъ"
сꙑть	сꙑть|noun|c3dc417b87761ab1	canonical:"сꙑть" || page:"сꙑть"
таибьникъ	таибьникъ|noun|123e46722e5855e7	canonical:"таибьникъ" || page:"таибьникъ"
таилище	таилище|noun|b2bb586706354069	canonical:"таилище" || page:"таилище"
таити	таити|verb|b233fdf2313f633a	canonical:"таити" || page:"таити"
тать	тать|noun|0d3bf9f60a7e4335	canonical:"тать" || page:"тать"
татьба	татьба|noun|b3daec5e99e30456	canonical:"татьба" || page:"татьба"
татьбина	татьбина|noun|5c80d03b9b00dc06	canonical:"татьбина" || page:"татьбина"
таінъ	таінъ|adj|3a3baf278c0fc439	canonical:"таінъ" || page:"таінъ"
таꙗти	таꙗти|verb|7a4cc9abad177191	canonical:"таꙗти" || page:"таꙗти"
тварь	тварь|noun|309c63b0ab12e4c3	canonical:"тварь" || page:"тварь"
твои	твои|pron|ef9db007d7b81022	canonical:"твои" || page:"твои"
творити	творити|verb|954a30f1e8d6595b	canonical:"творити" || page:"творити"
творъ	творъ|noun|f5dfec18d0407c70	canonical:"творъ" || page:"творъ"
творьць	творьць|noun|8af3a9ff20a21418	canonical:"творьць" || page:"творьць"
тврьдити	тврьдити|verb|76f857634da61b8d	canonical:"тврьдити" || page:"тврьдити"
тврьдость	тврьдость|noun|ea9589d7666375ed	canonical:"тврьдость" || page:"тврьдость"
тврьдъ	тврьдъ|adj|79c22b20082f7007	canonical:"тврьдъ" || page:"тврьдъ"
тврьдь	тврьдь|noun|e2f1c5fa247fcc4f	canonical:"тврьдь" || page:"тврьдь"
тельць	тельць|noun|ed9848f21b091f03	canonical:"тельць" || page:"тельць"
теодоръ	ѳеодоръ|noun|5dd91e9862b93c85	alternative:"Теодоръ"
теплоста	теплоста|noun|68a7cc0c742a9f8b	canonical:"теплоста"
теплость	теплоста|noun|68a7cc0c742a9f8b	page:"теплость"
теплота	теплота|noun|acda38e694e52783	canonical:"теплота" || page:"теплота"
теплъ	теплъ|adj|721f9f3006fbbd9f	canonical:"теплъ" || page:"теплъ"
тесати	тесати|verb|73540f59307c3675	canonical:"тесати" || page:"тесати"
тети	тети|verb|964043f9d19695aa	canonical:"тети" || page:"тети"
тетъка	тетъка|noun|a35d0bec22975296	canonical:"тетъка" || page:"тетъка"
тешти	тещи|verb|f5a328803254d05b	alternative:"тешти"
тещи	тещи|verb|f5a328803254d05b	canonical:"тещи" || page:"тещи"
тикъ	тикъ|noun|24c6557017535377	canonical:"тикъ" || page:"тикъ"
тимѣно	тимѣно|noun|6f42aa199600bced	canonical:"тимѣно" || page:"тимѣно"
тина	тина|noun|4915d2da858ecfbb	canonical:"тина" || page:"тина"
тинавъ	тинавъ|adj|5c2ce7c324372103	canonical:"тинавъ" || page:"тинавъ"
тинь	тинь|noun|8f05846e8b248825	canonical:"тинь" || page:"тинь"
тиса	тиса|noun|61b7bd0ff371c277	canonical:"тиса" || page:"тиса"
тискати	тискати|verb|54da3d29b4dafd7f	canonical:"тискати" || page:"тискати"
тихость	тихость|noun|a24250f49ac05fe3	canonical:"тихость" || page:"тихость"
тихота	тихота|noun|f54ffaebccd6a21c	canonical:"тихота" || page:"тихота"
тихъ	тихъ|adj|62a8088351d82411	canonical:"тихъ" || page:"тихъ"
тишина	тишина|noun|f9a52c68f30adeb1	canonical:"тишина" || page:"тишина"
тлъкнѫти	тлъкнѫти|verb|409022979be93dae	canonical:"тлъкнѫти" || page:"тлъкнѫти"
тлъкъ	тлъкъ|noun|0ba1470bee976b23	canonical:"тлъкъ" || page:"тлъкъ"
тлъпа	тлъпа|noun|52fc78caa2ddd3cc	canonical:"тлъпа" || page:"тлъпа"
тлѣшти	тлѣщи|verb|76e792deec1d259d	alternative:"тлѣшти"
тлѣщи	тлѣщи|verb|76e792deec1d259d	canonical:"тлѣщи" || page:"тлѣщи"
тождеплеменьникъ	тождеплеменьникъ|noun|ef51c83d19567a47	canonical:"тождеплеменьникъ" || page:"тождеплеменьникъ"
токъ	токъ|noun|c9769538694aa29c	canonical:"токъ" || page:"токъ"
томитель	томител҄ь|noun|793456e3adc84853	page:"томитель"
томител҄ь	томител҄ь|noun|793456e3adc84853	canonical:"томител҄ь" || source-canonical:"томител҄ь"
томити	томити|verb|7c005874a52c1a80	canonical:"томити" || page:"томити"
тонѫти	тонѫти|verb|2947a6e69e942a1a	canonical:"тонѫти" || page:"тонѫти"
топлота	топлота|noun|aa64edc95a501262	canonical:"топлота" || page:"топлота"
топлъ	топлъ|adj|56b1fad3c9123d1b	canonical:"топлъ" || page:"топлъ"
тоуждь	щоуждь|adj|e439b57440241df0	alternative:"тоуждь"
тоукъ	тоукъ|noun|91889f32ec84fc82	canonical:"тоукъ" || page:"тоукъ"
тоуръ	тоуръ|noun|080ccb021d3ea06a	canonical:"тоуръ" || page:"тоуръ"
точило	точило|noun|bb14ad36caddb8b9	canonical:"точило" || page:"точило"
точити	точити|verb|c4da83441d4c7a80	canonical:"точити" || page:"точити"
трава	трава|noun|11790fac57d47567	canonical:"трава" || page:"трава"
трепетаньѥ	трепетаньѥ|noun|9656020c7c473491	canonical:"трепетаньѥ" || page:"трепетаньѥ"
трепетати	трепетати|verb|3e6c534cd6391809	canonical:"трепетати" || page:"трепетати"
трепетъ	трепетъ|noun|3176bcb811154cb3	canonical:"трепетъ" || page:"трепетъ"
тресавица	трѧсавица|noun|c42cb64c3ffbdaab	alternative:"тресавица"
тризна	тризна|noun|f4878aa295202015	canonical:"тризна" || page:"тризна"
троудъ	троудъ|noun|e83300becd56cf2e	canonical:"троудъ" || page:"троудъ"
троудьниктроудьницъ	троудьниктроудьницъ|noun|963d074fcee0643a	canonical:"троудьниктроудьницъ"
троудьникъ	троудьниктроудьницъ|noun|963d074fcee0643a	page:"троудьникъ"
троудьнъ	троудьнъ|adj|65bdb43f06065d4f	canonical:"троудьнъ" || page:"троудьнъ"
троупъ	троупъ|noun|62b4f2d3030bfd6f	canonical:"троупъ" || page:"троупъ"
троупьѥ	троупьѥ|noun|e406229be1065fb1	canonical:"троупьѥ" || page:"троупьѥ"
тръгнѫти	тръгнѫти|verb|81de0680ccab1fa5	canonical:"тръгнѫти" || page:"тръгнѫти"
тръгъ	тръгъ|noun|9a0d808cac5e2305	canonical:"тръгъ" || page:"тръгъ"
тръжище	тръжище|noun|387c1e20cbf30ff1	canonical:"тръжище" || page:"тръжище"
тръжьникъ	тръжьникъ|noun|71569ebcf1b027a3	canonical:"тръжьникъ" || page:"тръжьникъ"
тръжьство	тръжьство|noun|119756fe56461162	canonical:"тръжьство" || page:"тръжьство"
трънъ	трънъ|noun|d721b8b74938dfe5	canonical:"трънъ" || page:"трънъ"
трънъ	трьнъ|noun|1046d4167da34284	alternative:"трънъ"
тръсть	тръсть|noun|da66e7f2d277d53b	canonical:"тръсть" || page:"тръсть"
тръторъ	тръторъ|noun|01e5b41b02396409	canonical:"тръторъ" || page:"тръторъ"
трътъ	тръть|noun|e2034c1cecefda81	alternative:"трътъ"
тръть	тръть|noun|e2034c1cecefda81	canonical:"тръть" || page:"тръть"
тръхъть	тръхъть|noun|cd040ae507d138fc	canonical:"тръхъть" || page:"тръхъть"
тръѕати	тръѕати|verb|db43f233923692b4	canonical:"тръѕати" || page:"тръѕати"
трьзѫбьце	трьзѫбьце|noun|147773ed68eb286c	canonical:"трьзѫбьце"
трьзѫбьць	трьзѫбьце|noun|147773ed68eb286c	page:"трьзѫбьць"
трьклѧтъ	трьклѧтъ|adj|de1c7684f8ca5575	canonical:"трьклѧтъ" || page:"трьклѧтъ"
трьнъ	трьнъ|noun|1046d4167da34284	canonical:"трьнъ" || page:"трьнъ"
трьньѥ	трьньѥ|noun|36310c6bd495d17a	canonical:"трьньѥ" || page:"трьньѥ"
трьпѣливъ	трьпѣливъ|adj|776e54067ee8313f	canonical:"трьпѣливъ" || page:"трьпѣливъ"
трьпѣти	трьпѣти|verb|e9badb41ca1f8f76	canonical:"трьпѣти" || page:"трьпѣти"
трьстьѥ	трьстьѥ|noun|95ce984baf5faf47	canonical:"трьстьѥ" || page:"трьстьѥ"
трьти	трьти|verb|34fc798570e32910	canonical:"трьти" || page:"трьти"
трѣба	трѣба|noun|2befb4313da92472	canonical:"трѣба" || page:"трѣба"
трѣбити	трѣбити|verb|d2f823bf723f66c9	canonical:"трѣбити" || page:"трѣбити"
трѣбище	трѣбище|noun|4579a6b7d8666acf	canonical:"трѣбище" || page:"трѣбище"
трѣбник	трѣбьникъ|noun|7d82fe166effda40	alternative:"трѣбник"
трѣбьникъ	трѣбьникъ|noun|7d82fe166effda40	canonical:"трѣбьникъ" || page:"трѣбьникъ"
трѣва	трава|noun|11790fac57d47567	alternative:"трѣва"
трѣва	трѣва|noun|9e6f697d26d4ea2b	canonical:"трѣва" || page:"трѣва"
трѣвьнъ	трѣвьнъ|noun|c12b9707b64de55d	canonical:"трѣвьнъ" || page:"трѣвьнъ"
трѣзвъ	трѣзвъ|adj|26e84a47f0dd671f	canonical:"трѣзвъ" || page:"трѣзвъ"
трѣмъ	трѣмъ|noun|f727730aeee247ed	canonical:"трѣмъ" || page:"трѣмъ"
трѣти	трьти|verb|34fc798570e32910	alternative:"трѣти"
трѧсавица	трѧсавица|noun|c42cb64c3ffbdaab	canonical:"трѧсавица" || page:"трѧсавица"
трѧсти	трѧсти|verb|ebad04e9c42eb39d	canonical:"трѧсти" || page:"трѧсти"
трѫдъ	трѫдъ|noun|511c20f0ba29a65f	canonical:"трѫдъ" || page:"трѫдъ"
трѫсъ	трѫсъ|noun|f2ba00ac9a4318e0	canonical:"трѫсъ" || page:"трѫсъ"
трѫтъ	трѫтъ|noun|b9ebeabf656ecc66	canonical:"трѫтъ" || page:"трѫтъ"
трꙑклетꙑ	трьклѧтъ|adj|de1c7684f8ca5575	alternative:"трꙑклетꙑ"
тъ	тъ|pron|94cb50435cde61aa	canonical:"тъ" || page:"тъ"
тъкати	тъкати|verb|1514aa9312e0ff7c	canonical:"тъкати" || page:"тъкати"
тъкнѫти	тъкнѫти|verb|b94cf58817b82fe1	canonical:"тъкнѫти" || page:"тъкнѫти"
тълкнути	тлъкнѫти|verb|409022979be93dae	alternative:"тълкнути"
тълкъ	тлъкъ|noun|0ba1470bee976b23	alternative:"тълкъ"
тъпати	тъпати|verb|5ab36aac355031ae	canonical:"тъпати" || page:"тъпати"
търговище	търговище|noun|6cc11cfa58d1ff1c	canonical:"Търговище" || page:"Търговище"
тъчьникъ	тъчьникъ|noun|0fa0f2ac8a4326a1	canonical:"тъчьникъ" || page:"тъчьникъ"
тъштета	тъщета|noun|a2734b86778e423d	alternative:"тъштета"
тъшть	тъщь|adj|30aa97f9fce09c8c	alternative:"тъшть"
тъщеславие	тъщеславьѥ|noun|4bf8cb8b8962ce0c	alternative:"тъщеславие"
тъщеславиѥ	тъщеславьѥ|noun|4bf8cb8b8962ce0c	alternative:"тъщеславиѥ"
тъщеславьѥ	тъщеславьѥ|noun|4bf8cb8b8962ce0c	canonical:"тъщеславьѥ" || page:"тъщеславьѥ"
тъщета	тъщета|noun|a2734b86778e423d	canonical:"тъщета" || page:"тъщета"
тъщивъ	тъщивъ|adj|d7607eed5e2b1acf	canonical:"тъщивъ" || page:"тъщивъ"
тъщь	тъщь|adj|30aa97f9fce09c8c	canonical:"тъщь" || page:"тъщь"
тьлитель	тьлител҄ь|noun|1f66cb3aaea0e134	page:"тьлитель"
тьлител҄ь	тьлител҄ь|noun|1f66cb3aaea0e134	canonical:"тьлител҄ь" || source-canonical:"тьлител҄ь"
тьлити	тьлити|verb|e9cb5c0904f8cc93	canonical:"тьлити" || page:"тьлити"
тьло	тьло|noun|f99d89c5a946ebce	canonical:"тьло" || page:"тьло"
тьльнъ	тьльнъ|adj|782be696919990c3	canonical:"тьльнъ" || page:"тьльнъ"
тьлѣньнъ	тьлѣньнъ|adj|2816b73669ec3e3f	canonical:"тьлѣньнъ" || page:"тьлѣньнъ"
тьлѣти	тьлѣти|verb|9457aa50e861ad65	canonical:"тьлѣти" || page:"тьлѣти"
тьлꙗ	тьлꙗ|noun|8ed77005c82188d8	canonical:"тьлꙗ" || page:"тьлꙗ"
тьма	тьма|noun|b2e1939eab161700	canonical:"тьма" || page:"тьма"
тьмиꙗнъ	тьмиꙗнъ|noun|272ec95401a68816	canonical:"тьмиꙗнъ" || page:"тьмиꙗнъ"
тьмьница	тьмьница|noun|8c2edebb02558e4d	canonical:"тьмьница" || page:"тьмьница"
тьмьничьникъ	тьмьничьникъ|noun|64083207b9307422	canonical:"тьмьничьникъ" || page:"тьмьничьникъ"
тьмьнъ	тьмьнъ|adj|0c94cc481cd02e65	canonical:"тьмьнъ" || page:"тьмьнъ"
тьнъкъ	тьнъкъ|adj|a5da758851684750	canonical:"тьнъкъ" || page:"тьнъкъ"
тьсть	тьсть|noun|523a3961460ae90f	canonical:"тьсть" || page:"тьсть"
тьщити	тьщити|verb|9c7616f7c5dbee3c	canonical:"тьщити" || page:"тьщити"
тѣжькъ	тѧжькъ|adj|1f44ec6df314cec5	alternative:"тѣжькъ"
тѣло	тѣло|noun|56ae46f2d48df563	canonical:"тѣло" || page:"тѣло"
тѧгость	тѧгость|noun|0acb10798b99d9e3	canonical:"тѧгость" || page:"тѧгость"
тѧгота	тѧгота|noun|60efd68465857e10	canonical:"тѧгота" || page:"тѧгота"
тѧжесть	тѧжесть|noun|a28c0aaca2b9949d	canonical:"тѧжесть" || page:"тѧжесть"
тѧжъкъ	тѧжькъ|adj|1f44ec6df314cec5	alternative:"тѧжъкъ"
тѧжькъ	тѧжькъ|adj|1f44ec6df314cec5	canonical:"тѧжькъ" || page:"тѧжькъ"
тѧтива	тѧтива|noun|9a451181677fac8c	canonical:"тѧтива" || page:"тѧтива"
тѫга	тѫга|noun|d3cedccdc2d530c7	canonical:"тѫга" || page:"тѫга"
тѫтьнъ	тѫтьнъ|noun|e36989d138925ae2	canonical:"тѫтьнъ" || page:"тѫтьнъ"
тѫча	тѫчꙗ|noun|a9b7252b784d8538	page:"тѫча"
тѫчꙗ	тѫчꙗ|noun|a9b7252b784d8538	canonical:"тѫчꙗ"
тѵхѡнъ	тѵхѡнъ|noun|7d82bf69ab30042a	canonical:"Тѵхѡнъ" || page:"Тѵхѡнъ"
тꙑ	тꙑ|pron|a8fe6ade58018a8b	canonical:"тꙑ" || page:"тꙑ"
тꙑсѧща	тꙑсѫщи|noun|9df162054572d825	alternative:"тꙑсѧща"
тꙑсѧщи	тꙑсѧщи|noun|6145ef2ac2239316	canonical:"тꙑсѧщи" || page:"тꙑсѧщи"
тꙑсѧщи	тꙑсѫщи|noun|9df162054572d825	alternative:"тꙑсѧщи"
тꙑсѧщьникъ	тꙑсѫщьникъ|noun|f54ffd3c38a2452a	alternative:"тꙑсѧщьникъ"
тꙑсѫща	тꙑсѫщи|noun|9df162054572d825	alternative:"тꙑсѫща"
тꙑсѫщи	тꙑсѫщи|noun|9df162054572d825	canonical:"тꙑсѫщи" || page:"тꙑсѫщи"
тꙑсѫщьникъ	тꙑсѫщьникъ|noun|f54ffd3c38a2452a	canonical:"тꙑсѫщьникъ" || page:"тꙑсѫщьникъ"
тꙑти	тꙑти|verb|de3417d3df7a26cc	canonical:"тꙑти" || page:"тꙑти"
угасити	оугасити|verb|d6416730f9380f4c	alternative:"угасити"
угаснути	оугаснѫти|verb|774c947d67fdf0e3	alternative:"угаснути"
урокъ	оурокъ|noun|677d6fb98aa10387	alternative:"урокъ"
фараосъ	фараосъ|adj|4180988effd49309	canonical:"фараосъ" || page:"фараосъ"
фараошь	фараошь|adj|1c7afe6be1eb6e22	canonical:"фараошь" || page:"фараошь"
фараѡнъ	фараѡнъ|noun|b2d9a7eec3b10115	canonical:"фараѡнъ" || page:"фараѡнъ"
февроуари	февроуари|noun|a133b580970bd90b	canonical:"февроуари" || page:"февроуари"
фелонь	фелонь|noun|1aacd9d0adb07771	canonical:"фелонь" || page:"фелонь"
филипъ	филипъ|noun|2b6c67205c94cd89	canonical:"Филипъ" || page:"Филипъ"
философъ	философъ|noun|e9b5e5c71c54a118	canonical:"философъ" || page:"философъ"
франьчьскъ	франьчьскъ|adj|3159fbd02f3cf985	canonical:"франьчьскъ" || page:"франьчьскъ"
франьчьскъ	фрачьскъ|adj|463289e36adf9c5d	alternative:"франьчьскъ"
франьчьскъ	фрѧжьскъ|adj|89b2ace6d25a0dff	alternative:"франьчьскъ"
франьчьскъ	фрѧѕьскъ|adj|8c5935ffa59e04dd	alternative:"франьчьскъ"
фрачьскъ	франьчьскъ|adj|3159fbd02f3cf985	alternative:"фрачьскъ"
фрачьскъ	фрачьскъ|adj|463289e36adf9c5d	canonical:"фрачьскъ" || page:"фрачьскъ"
фрачьскъ	фрѧжьскъ|adj|89b2ace6d25a0dff	alternative:"фрачьскъ"
фрачьскъ	фрѧѕьскъ|adj|8c5935ffa59e04dd	alternative:"фрачьскъ"
фрѧжьскъ	франьчьскъ|adj|3159fbd02f3cf985	alternative:"фрѧжьскъ"
фрѧжьскъ	фрачьскъ|adj|463289e36adf9c5d	alternative:"фрѧжьскъ"
фрѧжьскъ	фрѧжьскъ|adj|89b2ace6d25a0dff	canonical:"фрѧжьскъ" || page:"фрѧжьскъ"
фрѧжьскъ	фрѧѕьскъ|adj|8c5935ffa59e04dd	alternative:"фрѧжьскъ"
фрѧѕьскъ	франьчьскъ|adj|3159fbd02f3cf985	alternative:"фрѧѕьскъ"
фрѧѕьскъ	фрачьскъ|adj|463289e36adf9c5d	alternative:"фрѧѕьскъ"
фрѧѕьскъ	фрѧжьскъ|adj|89b2ace6d25a0dff	alternative:"фрѧѕьскъ"
фрѧѕьскъ	фрѧѕьскъ|adj|8c5935ffa59e04dd	canonical:"фрѧѕьскъ" || page:"фрѧѕьскъ"
халѫга	халѫга|noun|1dbb5dba7963dd3a	canonical:"халѫга" || page:"халѫга"
хапати	хапати|verb|b8b396b963c5ca49	canonical:"хапати" || page:"хапати"
хвала	хвала|noun|021eb7a718866ca6	canonical:"хвала" || page:"хвала"
хвалити	хвалити|verb|4255d363021dda32	canonical:"хвалити" || page:"хвалити"
хвостъ	хвостъ|noun|027d0fc9bed82cb0	canonical:"хвостъ" || page:"хвостъ"
херовимъ	херовимъ|noun|caed00ed5161e7a7	canonical:"херовимъ" || page:"херовимъ"
хладъ	хладъ|noun|e689b3489096f36b	canonical:"хладъ" || page:"хладъ"
хладьнъ	хладьнъ|adj|cf5a7e54d582a71f	canonical:"хладьнъ" || page:"хладьнъ"
хлакъ	хлакъ|adj|080bb89b8e404ba9	canonical:"хлакъ" || page:"хлакъ"
хлапъ	хлапъ|noun|ba4bbb1fa570ed3d	canonical:"хлапъ" || page:"хлапъ"
хластити	хластити|verb|0f52b692e4ad7db9	canonical:"хластити" || page:"хластити"
хлъмъ	хлъмъ|noun|04c39614e25d7618	canonical:"хлъмъ" || page:"хлъмъ"
хлѣбъ	хлѣбъ|noun|f28e859b85f188b0	canonical:"хлѣбъ" || page:"хлѣбъ"
хлѣвина	хлѣвина|noun|8d8383d8a950373e	canonical:"хлѣвина" || page:"хлѣвина"
хлѣвъ	хлѣвъ|noun|76ca23f9830d32e7	canonical:"хлѣвъ" || page:"хлѣвъ"
хлѧбь	хлѧбь|noun|02b835cb00594fcd	canonical:"хлѧбь" || page:"хлѧбь"
хоботъ	хоботъ|noun|61fce07cb8742869	canonical:"хоботъ" || page:"хоботъ"
ходатаи	ходатаи|noun|0d87916b3f0d0bea	canonical:"ходатаи" || page:"ходатаи"
ходатаити	ходатаити|verb|88a85a61e60b37f7	canonical:"ходатаити" || page:"ходатаити"
ходатиство	ходатиство|noun|3f72e6b9169abe2c	canonical:"ходатиство" || page:"ходатиство"
ходити	ходити|verb|6d45362b381d8643	canonical:"ходити" || page:"ходити"
ходъ	ходъ|noun|bd7ae92d75f24892	canonical:"ходъ" || page:"ходъ"
хорѫгꙑ	хорѫгꙑ|noun|8288d641c97683fc	canonical:"хорѫгꙑ" || page:"хорѫгꙑ"
хоть	хоть|noun|5d456d521d4d09cf	canonical:"хоть" || page:"хоть"
хотѣти	хотѣти|verb|0931321e0437abeb	canonical:"хотѣти" || page:"хотѣти"
хоудость	хоудость|noun|5da9609ad4969adf	canonical:"хоудость" || page:"хоудость"
хоудъ	хоудъ|adj|60e1be84a2625872	canonical:"хоудъ" || page:"хоудъ"
хоула	хоула|noun|9a478574b17f1718	canonical:"хоула" || page:"хоула"
хоулити	хоулити|verb|c583722cf33d3947	canonical:"хоулити" || page:"хоулити"
хоульникъ	хоульникъ|noun|3c29e9f70ea975eb	canonical:"хоульникъ" || page:"хоульникъ"
храбръ	храбръ|adj|b2209a06244536b5	canonical:"храбръ" || page:"храбръ"
храмати	храмати|verb|545573b8ce5004fa	canonical:"храмати" || page:"храмати"
храмина	храмина|noun|646c269e55107fc5	canonical:"храмина" || page:"храмина"
храмъ	храмъ|noun|54a11a60c37cdcd6	canonical:"храмъ" || page:"храмъ"
хранилиште	хранилище|noun|3324759f210c720e	alternative:"хранилиште"
хранилище	хранилище|noun|3324759f210c720e	canonical:"хранилище" || page:"хранилище"
хранило	хранило|noun|d45c04da8e1310f1	canonical:"хранило" || page:"хранило"
хранитель	хранител҄ь|noun|ccb84cc3a6476267	page:"хранитель"
хранител҄ь	хранител҄ь|noun|ccb84cc3a6476267	canonical:"хранител҄ь" || source-canonical:"хранител҄ь"
хранити	хранити|verb|2486c4ff4d506346	canonical:"хранити" || page:"хранити"
хромъ	хромъ|adj|0d50c31cb2bb075d	canonical:"хромъ" || page:"хромъ"
хромьць	хромьць|noun|dd93825170c6b40a	canonical:"хромьць" || page:"хромьць"
хръзанъ	хръзанъ|noun|cb1bde9690aa7ece	canonical:"хръзанъ" || page:"хръзанъ"
хръмнѫти	хръмнѫти|verb|3a0bac96e7b432b7	canonical:"хръмнѫти" || page:"хръмнѫти"
хрьбьтъ	хрьбьтъ|noun|d3bd2cc5e79aadf8	canonical:"хрьбьтъ" || page:"хрьбьтъ"
хрьстоборьць	хрьстоборьць|noun|78e4104b3ad07096	canonical:"хрьстоборьць" || page:"хрьстоборьць"
хрьстолюбьць	хрьстолюбьць|noun|f477be00c9011b6f	canonical:"хрьстолюбьць" || page:"хрьстолюбьць"
хрѫщь	хрѫщь|noun|1b909d7a736c594a	canonical:"хрѫщь" || page:"хрѫщь"
хътѣти	хотѣти|verb|0931321e0437abeb	alternative:"хътѣти"
хѣръ	сѣръ|adj|d544956027d544a5	alternative:"хѣръ"
хѣръ	хѣръ|noun|4d86d25ca7b256ef	canonical:"хѣръ" || page:"хѣръ"
хѫдожьникъ	хѫдожьникъ|noun|67adf136501cedd3	canonical:"хѫдожьникъ" || page:"хѫдожьникъ"
хѫдожьствиѥ	хѫдожьствиѥ|noun|916f72ecbc87951e	canonical:"хѫдожьствиѥ" || page:"хѫдожьствиѥ"
хѫдожьство	хѫдожьство|noun|dbed574739bd8d88	canonical:"хѫдожьство" || page:"хѫдожьство"
хꙑжа	хꙑжа|noun|1bc149b0359b1fb3	canonical:"хꙑжа" || page:"хꙑжа"
хꙑзина	хꙑзина|noun|02c2621187d60046	canonical:"хꙑзина" || page:"хꙑзина"
хꙑзъ	хꙑзъ|noun|241a9f12673e47d1	canonical:"хꙑзъ" || page:"хꙑзъ"
хꙑтрость	хꙑтрость|noun|4b7cbeb7cd296e3b	canonical:"хꙑтрость" || page:"хꙑтрость"
хꙑтръ	хꙑтръ|adj|701a15c0fa7681cf	canonical:"хꙑтръ" || page:"хꙑтръ"
хꙑтрьць	хꙑтрьць|noun|a5b56f34e70af076	canonical:"хꙑтрьць" || page:"хꙑтрьць"
хꙑщьникъ	хꙑщьникъ|noun|8ef7d40b043cba3a	canonical:"хꙑщьникъ" || page:"хꙑщьникъ"
царь	цар҄ь|noun|b543d93c6be49924	page:"царь"
цар҄ь	цар҄ь|noun|b543d93c6be49924	canonical:"цар҄ь" || source-canonical:"цар҄ь"
цар҄ь	цѣсар҄ь|noun|e6f56d1dc24544ec	alternative:"цар҄ь"
цвисти	цвисти|verb|cabdf56bddb93b48	canonical:"цвисти" || page:"цвисти"
цвѣтило	цвѣтило|noun|4003fb343f8590ca	canonical:"цвѣтило" || page:"цвѣтило"
цвѣтъ	цвѣтъ|noun|db252a076c29fbe3	canonical:"цвѣтъ" || page:"цвѣтъ"
цвѣтьце	цвѣтьце|noun|fc27e9e352a9205a	canonical:"цвѣтьце"
цвѣтьць	цвѣтьце|noun|fc27e9e352a9205a	page:"цвѣтьць"
цръкъвище	црькъвище|noun|0aa3a881440e33be	alternative:"цръкъвище"
црьковьнъ	црькъвьнъ|adj|270e35f441393f6f	alternative:"црьковьнъ"
црькъве	црькꙑ|noun|582d3e1860c3f1d4	alternative:"црькъве"
црькъвище	црькъвище|noun|0aa3a881440e33be	canonical:"црькъвище" || page:"црькъвище"
црькъвьнъ	црькъвьнъ|adj|270e35f441393f6f	canonical:"црькъвьнъ" || page:"црькъвьнъ"
црькꙑ	црькꙑ|noun|582d3e1860c3f1d4	canonical:"црькꙑ" || page:"црькꙑ"
цѣвьница	цѣвьница|noun|45b293be7b841f4c	canonical:"цѣвьница" || page:"цѣвьница"
цѣлитель	цѣлител҄ь|noun|7a97cce5749901ea	page:"цѣлитель"
цѣлител҄ь	цѣлител҄ь|noun|7a97cce5749901ea	canonical:"цѣлител҄ь" || source-canonical:"цѣлител҄ь"
цѣлити	цѣлити|verb|1481b9a319590b2c	canonical:"цѣлити" || page:"цѣлити"
цѣломоудрїе	цѣломѫдрьѥ|noun|3ffb4750be1d3826	alternative:"цѣломоудрїе"
цѣломѫдрьѥ	цѣломѫдрьѥ|noun|3ffb4750be1d3826	canonical:"цѣломѫдрьѥ" || page:"цѣломѫдрьѥ"
цѣлъ	цѣлъ|adj|e4066392eb9b5399	canonical:"цѣлъ" || page:"цѣлъ"
цѣльба	цѣльба|noun|1c808a506482778f	canonical:"цѣльба" || page:"цѣльба"
цѣлѣти	цѣлѣти|verb|2d3044afc0816ed7	canonical:"цѣлѣти" || page:"цѣлѣти"
цѣлꙑ	цѣлꙑ|noun|1cb28f265556b3d0	canonical:"цѣлꙑ" || page:"цѣлꙑ"
цѣна	цѣна|noun|c5bd7817284b528e	canonical:"цѣна" || page:"цѣна"
цѣпити	цѣпити|verb|c0bb00523a4cc031	canonical:"цѣпити" || page:"цѣпити"
цѣсарити	цѣсарити|verb|d954f2961e72b365	canonical:"цѣсарити" || page:"цѣсарити"
цѣсарство	цѣсарство|noun|9a5df664cf941016	canonical:"цѣсарство" || page:"цѣсарство"
цѣсарь	цѣсар҄ь|noun|e6f56d1dc24544ec	page:"цѣсарь"
цѣсарьствие	цѣсарьствьѥ|noun|f836f85d04599abd	alternative:"цѣсарьствие"
цѣсарьство	цѣсарство|noun|9a5df664cf941016	alternative:"цѣсарьство"
цѣсарьство	цѣсарьство|noun|82bac8b63ada6382	canonical:"цѣсарьство" || page:"цѣсарьство"
цѣсарьствьѥ	цѣсарьствьѥ|noun|f836f85d04599abd	canonical:"цѣсарьствьѥ" || page:"цѣсарьствьѥ"
цѣсар҄ство	цѣсарьство|noun|82bac8b63ada6382	alternative:"цѣсар҄ство"
цѣсар҄ь	цѣсар҄ь|noun|e6f56d1dc24544ec	canonical:"цѣсар҄ь" || source-canonical:"цѣсар҄ь"
цѣста	цѣста|noun|ae8effc278093a95	canonical:"цѣста" || page:"цѣста"
цѧта	цѧта|noun|67eee20ecc965cfa	canonical:"цѧта" || page:"цѧта"
цѧтоимьство	цѧтоимьство|noun|6eeb2be552ec5394	canonical:"цѧтоимьство" || page:"цѧтоимьство"
чаати	чаꙗти|verb|93182067a681c41d	alternative:"чаати"
чародѣи	чародѣи|noun|96a2bcc50c4ab79b	canonical:"чародѣи" || page:"чародѣи"
чарꙑ	чарꙑ|noun|7de12b77f6efe8e5	canonical:"чарꙑ" || page:"чарꙑ"
часъ	часъ|noun|663288b0895c9130	canonical:"часъ" || page:"часъ"
чаша	чаша|noun|285d91c5fa1b68b6	canonical:"чаша" || page:"чаша"
чаꙗньѥ	чаꙗньѥ|noun|72d1928193bff4b7	canonical:"чаꙗньѥ" || page:"чаꙗньѥ"
чаꙗти	чаꙗти|verb|93182067a681c41d	canonical:"чаꙗти" || page:"чаꙗти"
чезнѫти	чезнѫти|verb|314d30bdfb96428a	canonical:"чезнѫти" || page:"чезнѫти"
чело	чело|noun|8b24bf96c09572c2	canonical:"чело" || page:"чело"
чесати	чесати|verb|0736eccefde7b213	canonical:"чесати" || page:"чесати"
чесъскъ	чешьскъ|adj|7d463fcf2ffbd63d	alternative:"чесъскъ"
четврьтовластьць	четврьтовластьць|noun|9bf597c1a780f064	canonical:"четврьтовластьць" || page:"четврьтовластьць"
четврьтъ	четврьтъ|adj|3e946dde949aa271	canonical:"четврьтъ" || page:"четврьтъ"
четврьтъкъ	четврьтъкъ|noun|7cd899ca9450fa90	canonical:"четврьтъкъ" || page:"четврьтъкъ"
чехъ	чехъ|noun|a5b04755d5615fb7	canonical:"чехъ" || page:"чехъ"
чешоуꙗ	чешоуꙗ|noun|953615b4a1e5e563	canonical:"чешоуꙗ" || page:"чешоуꙗ"
чешьскъ	чешьскъ|adj|7d463fcf2ffbd63d	canonical:"чешьскъ" || page:"чешьскъ"
чинъ	чинъ|noun|f0c024223d8fc5a6	canonical:"чинъ" || page:"чинъ"
число	число|noun|4a960bc59e1ad286	canonical:"число" || page:"число"
чисмѧ	чисмѧ|noun|3f2b69676913ee93	canonical:"чисмѧ" || page:"чисмѧ"
чисти	чьсти|verb|40260f9b630ac6f1	alternative:"чисти"
чистина	чистина|noun|26637f25a38a0f92	canonical:"чистина" || page:"чистина"
чиститель	чистител҄ь|noun|94bd3e526781c8d4	page:"чиститель"
чистител҄ь	чистител҄ь|noun|94bd3e526781c8d4	canonical:"чистител҄ь" || source-canonical:"чистител҄ь"
чистити	чистити|verb|dba617e203adb3bb	canonical:"чистити" || page:"чистити"
чистолюбьць	чистолюбьць|noun|11a4cc3c7e05f488	canonical:"чистолюбьць" || page:"чистолюбьць"
чистость	чистость|noun|54ea5a1d4253dc9f	canonical:"чистость" || page:"чистость"
чистота	чистота|noun|ea2689b0471f907c	canonical:"чистота" || page:"чистота"
чистъ	чистъ|adj|66c905d521504a79	canonical:"чистъ" || page:"чистъ"
читати	чьтати|verb|c71bffb314a52e0d	alternative:"читати"
чловѣкооубиица	чловѣкооубиица|noun|20c305b2eb56c769	canonical:"чловѣкооубиица" || page:"чловѣкооубиица"
чловѣкооубоица	чловѣкооубоица|noun|fcc937c7489ba23d	canonical:"чловѣкооубоица" || page:"чловѣкооубоица"
чловѣкъ	чловѣкъ|noun|fad56650c7f7152f	canonical:"чловѣкъ" || page:"чловѣкъ"
чловѣчинъ	чловѣчинъ|noun|3702083bec1ce80e	canonical:"чловѣчинъ" || page:"чловѣчинъ"
чловѣчьскъ	чловѣчьскъ|adj|ec4c3d0e4039a7dd	canonical:"чловѣчьскъ" || page:"чловѣчьскъ"
чловѣчьство	чловѣчьство|noun|704ee2e48dfc2daf	canonical:"чловѣчьство" || page:"чловѣчьство"
чоувьствиѥ	чоувьствиѥ|noun|19fb6e6b08b5abe6	canonical:"чоувьствиѥ" || page:"чоувьствиѥ"
чоувьство	чоувьство|noun|01c8df09b4f960f4	canonical:"чоувьство" || page:"чоувьство"
чоудо	чоудо|noun|e608c84986835fe2	canonical:"чоудо" || page:"чоудо"
чоудо	чюдо|noun|8281c7a35b32a1e3	alternative:"чоудо"
чоудотворьць	чоудотворьць|noun|27abcb1fc5ba86ef	canonical:"чоудотворьць" || page:"чоудотворьць"
чоудьнъ	чоудьнъ|adj|ef9d9377f327fd5d	canonical:"чоудьнъ" || page:"чоудьнъ"
чоуждь	щоуждь|adj|e439b57440241df0	alternative:"чоуждь"
чоуиство	чоуиство|noun|d8e9739d2da04969	canonical:"чоуиство" || page:"чоуиство"
чръвь	чрьвь|noun|6cb8be5072b215bb	alternative:"чръвь"
чрънъ	чрьнъ|adj|005e95df9fc20c2d	alternative:"чрънъ"
чрътогъ	чрътогъ|noun|27880d9a47c60409	canonical:"чрътогъ" || page:"чрътогъ"
чрьвенъ	чрьвл҄енъ|adj|0146d477def6f307	alternative:"чрьвенъ"
чрьвленъ	чрьвл҄енъ|adj|0146d477def6f307	page:"чрьвленъ"
чрьвлѥнъ	чрьвл҄енъ|adj|0146d477def6f307	alternative:"чрьвлѥнъ"
чрьвл҄енъ	чрьвл҄енъ|adj|0146d477def6f307	canonical:"чрьвл҄енъ" || source-canonical:"чрьвл҄енъ"
чрьвь	чрьвь|noun|6cb8be5072b215bb	canonical:"чрьвь" || page:"чрьвь"
чрьвьенъ	чрьвл҄енъ|adj|0146d477def6f307	alternative:"чрьвьенъ"
чрьвьнъ	чрьвл҄енъ|adj|0146d477def6f307	alternative:"чрьвьнъ"
чрьвьць	чрьвьць|noun|20b4c26ebc665995	canonical:"чрьвьць" || page:"чрьвьць"
чрьнило	чрьнило|noun|b731b7b7219879cb	canonical:"чрьнило" || page:"чрьнило"
чрьноризьць	чрьноризьць|noun|c56b47f5dd5a16e4	canonical:"чрьноризьць" || page:"чрьноризьць"
чрьнъ	чрьнъ|adj|005e95df9fc20c2d	canonical:"чрьнъ" || page:"чрьнъ"
чрьньць	чрьньць|noun|327e8aac7ad65120	canonical:"чрьньць" || page:"чрьньць"
чрьта	чрьта|noun|9fcd4e1b893f73a1	canonical:"чрьта" || page:"чрьта"
чрьтати	чрьтати|verb|d8be652190473eea	canonical:"чрьтати" || page:"чрьтати"
чрѣво	чрѣво|noun|c5dae0efa23c0593	canonical:"чрѣво" || page:"чрѣво"
чрѣда	чрѣда|noun|dd6c8ef0e49ded61	canonical:"чрѣда" || page:"чрѣда"
чрѣшьнꙗ	чрѣшьнꙗ|noun|45f1b40afb33daf9	canonical:"чрѣшьнꙗ" || page:"чрѣшьнꙗ"
чьванъ	чьванъ|noun|8ab92450580a3980	canonical:"чьванъ" || page:"чьванъ"
чьпьрь	чьпьрь|noun|57bb82bf0bf021ef	canonical:"чьпьрь" || page:"чьпьрь"
чьсти	чьсти|verb|40260f9b630ac6f1	canonical:"чьсти" || page:"чьсти"
чьсть	чьсть|noun|2b69d2b4a1960d4b	canonical:"чьсть" || page:"чьсть"
чьстьнъ	чьстьнъ|adj|12684ee62b7aef1b	canonical:"чьстьнъ" || page:"чьстьнъ"
чьтати	чьтати|verb|c71bffb314a52e0d	canonical:"чьтати" || page:"чьтати"
чьтениѥ	чьтениѥ|noun|99d26917815d352d	canonical:"чьтениѥ" || page:"чьтениѥ"
чьтити	чьтити|verb|c72960bdbaa0a9fd	canonical:"чьтити" || page:"чьтити"
чьто	чьто|pron|9b450a0506e176f5	canonical:"чьто" || page:"чьто"
чьтьць	чьтьць|noun|75017627872f00ff	canonical:"чьтьць" || page:"чьтьць"
чюдо	чюдо|noun|8281c7a35b32a1e3	canonical:"чюдо" || page:"чюдо"
чюждь	щоуждь|adj|e439b57440241df0	alternative:"чюждь"
чѣсарь	цѣсар҄ь|noun|e6f56d1dc24544ec	alternative:"чѣсарь"
чѧдо	чѧдо|noun|6abb18aa075f1f68	canonical:"чѧдо" || page:"чѧдо"
чѧдьце	чѧдьце|noun|8a3067003db153e8	canonical:"чѧдьце" || page:"чѧдьце"
чѧстъ	чѧстъ|adj|63a57f2cf2b38cb7	canonical:"чѧстъ" || page:"чѧстъ"
чѧсть	чѧсть|noun|7b601f6f2cf8f747	canonical:"чѧсть" || page:"чѧсть"
шарописатель	шарописател҄ь|noun|392d499dd9541e8b	page:"шарописатель"
шарописател҄ь	шарописател҄ь|noun|392d499dd9541e8b	canonical:"шарописател҄ь" || source-canonical:"шарописател҄ь"
шаръ	шаръ|noun|f7c27cd041dd6fb0	canonical:"шаръ" || page:"шаръ"
шаръчии	шаръчии|noun|c25f9bd82a699f0f	canonical:"шаръчии" || page:"шаръчии"
шаръчии	шаръчьи|noun|38af9d12c8210622	alternative:"шаръчии"
шаръчьи	шаръчии|noun|c25f9bd82a699f0f	alternative:"шаръчьи"
шаръчьи	шаръчьи|noun|38af9d12c8210622	canonical:"шаръчьи" || page:"шаръчьи"
шестокрилатьць	шестокрилатьць|noun|bde79cf6498477f7	canonical:"шестокрилатьць" || page:"шестокрилатьць"
шесть	шесть|num|f721518fc457ebca	canonical:"шесть" || page:"шесть"
шибати	шибати|verb|8e0a252c0971d4bc	canonical:"шибати" || page:"шибати"
шипъкъ	шипъкъ|noun|dcaaa24c5fe42c76	canonical:"шипъкъ" || page:"шипъкъ"
широкъ	широкъ|adj|adaa9f4dff5a5d2f	canonical:"широкъ" || page:"широкъ"
широта	широта|noun|58df79f86f70fc09	canonical:"широта" || page:"широта"
шити	шити|verb|9146173b4aac186a	canonical:"шити" || page:"шити"
шиꙗ	шиꙗ|noun|5450ff11912453f3	canonical:"шиꙗ" || page:"шиꙗ"
шлѣмъ	шлѣмъ|noun|7e50a8ce077423fb	canonical:"шлѣмъ" || page:"шлѣмъ"
шоуи	шоуи|adj|232f481528416000	canonical:"шоуи" || page:"шоуи"
штоуждь	щоуждь|adj|e439b57440241df0	alternative:"штоуждь"
шъствиѥ	шьствиѥ|noun|0db9d62d8b849fb9	alternative:"шъствиѥ"
шьствиѥ	шьствиѥ|noun|0db9d62d8b849fb9	canonical:"шьствиѥ" || page:"шьствиѥ"
шѧтати	шѧтати|verb|4f0e402e49bd0b98	canonical:"шѧтати" || page:"шѧтати"
щавъ	щавъ|noun|bf1bd6c5ae19c468	canonical:"щавъ" || page:"щавъ"
щедрота	щедрота|noun|2ecaf20ca4369f9b	canonical:"щедрота" || page:"щедрота"
щедръ	щедръ|adj|b5cf3f1fab146257	canonical:"щедръ" || page:"щедръ"
щитъ	щитъ|noun|fbd84b7907487dad	canonical:"щитъ" || page:"щитъ"
щоудь	щоудь|noun|e99099740f217f59	canonical:"щоудь" || page:"щоудь"
щоуждекръмьница	щоуждекръмьница|noun|3b3ee02f184ea943	canonical:"щоуждекръмьница" || page:"щоуждекръмьница"
щоуждь	щоуждь|adj|e439b57440241df0	canonical:"щоуждь" || page:"щоуждь"
щръкокамилъ	страѳокамиль|noun|f316eb9b7180ba9b	alternative:"щръкокамилъ"
щръкь	стрькъ|noun|ad3e8586cd03851f	alternative:"щръкь"
щѧдѣти	щѧдѣти|verb|0575432b887452f0	canonical:"щѧдѣти" || page:"щѧдѣти"
югъ	югъ|noun|713d9a689b333711	canonical:"югъ" || page:"югъ"
юница	юницꙗ|noun|c59f20b13440f774	page:"юница"
юницꙗ	юницꙗ|noun|c59f20b13440f774	canonical:"юницꙗ"
юность	юность|noun|6e2a2719afbdbd93	canonical:"юность" || page:"юность"
юнота	юнота|noun|360bb7ccaf2776c6	canonical:"юнота" || page:"юнота"
юнотьство	юнотьство|noun|2c76fdca16d56a0b	canonical:"юнотьство" || page:"юнотьство"
юноша	юноша|noun|4bccb38d28cf6bb3	canonical:"юноша" || page:"юноша"
юношица	юношица|noun|06773fb93e8e118c	canonical:"юношица" || page:"юношица"
юнъ	юнъ|adj|a4b4c8d389632625	canonical:"юнъ" || page:"юнъ"
юньць	юньць|noun|fdcde24b61919df0	canonical:"юньць" || page:"юньць"
єгѷптъ	єгѷптъ|noun|874d82a3097a8711	canonical:"Єгѷптъ" || page:"Єгѷптъ"
єѵрѡпа	єѵрѡпа|num|111014bd4c397165	canonical:"Єѵрѡпа" || page:"Єѵрѡпа"
ѕвѣзда	ѕвѣзда|noun|ef5ae547cab9dce6	canonical:"ѕвѣзда" || page:"ѕвѣзда"
ѕвѣздозьрьць	ѕвѣздозьрьць|noun|e76ac4e75f3b56da	canonical:"ѕвѣздозьрьць" || page:"ѕвѣздозьрьць"
іакѡвъ	иꙗковъ|noun|494398982075d7bf	alternative:"Іакѡвъ"
їѡаннъ	иоанъ|noun|7b2edbfa4061b7ff	alternative:"Їѡаннъ"
їѡанъ	иоанъ|noun|7b2edbfa4061b7ff	alternative:"Їѡанъ"
ѣдра	ꙗдра|noun|ee4f6113360b72fa	alternative:"ѣдра"
ѥ	ѥ|pron|a176362e1fa7be66	canonical:"ѥ" || page:"ѥ"
ѥдинакъ	единакъ|adj|798c7355ee72df7d	alternative:"ѥдинакъ"
ѥдинакъ	единакъ|noun|3e35a6a2e70d5ad9	alternative:"ѥдинакъ"
ѥдиначьнъ	ѥдиначьнъ|adj|e13fd2db759b9029	canonical:"ѥдиначьнъ" || page:"ѥдиначьнъ"
ѥдинъ	единъ|adj|e2ef3e8d59657c51	alternative:"ѥдинъ"
ѥдиньство	ѥдиньство|noun|7e991f79b0705069	canonical:"ѥдиньство" || page:"ѥдиньство"
ѥдинѥниѥ	ѥдинѥниѥ|noun|991b6522875d807f	canonical:"ѥдинѥниѥ" || page:"ѥдинѥниѥ"
ѥдьнакъ	единакъ|adj|798c7355ee72df7d	alternative:"ѥдьнакъ"
ѥдьнакъ	единакъ|noun|3e35a6a2e70d5ad9	alternative:"ѥдьнакъ"
ѥдьнъ	единъ|adj|e2ef3e8d59657c51	alternative:"ѥдьнъ"
ѥзеро	ѥзеро|noun|fab5c7f52b9ab507	canonical:"ѥзеро" || page:"ѥзеро"
ѥзеро	ѥзеръ|noun|1b3f38c72b5f0c74	alternative:"ѥзеро"
ѥзеръ	ѥзеро|noun|fab5c7f52b9ab507	alternative:"ѥзеръ"
ѥзеръ	ѥзеръ|noun|1b3f38c72b5f0c74	canonical:"ѥзеръ" || page:"ѥзеръ"
ѥлень	ѥлꙑ|noun|e6ea724007add9fd	page:"ѥлень"
ѥлꙑ	ѥлꙑ|noun|e6ea724007add9fd	canonical:"ѥлꙑ"
ѥресь	ересь|noun|6bb2ca695ff5babf	alternative:"ѥресь"
ѥсень	ѥсень|noun|6dfddc7b5142ec99	canonical:"ѥсень" || page:"ѥсень"
ѥстьство	естьство|noun|23e3f81d9b6562fc	alternative:"ѥстьство"
ѥтеръ	етеръ|pron|5edd419ba79bf351	alternative:"ѥтеръ"
ѧза	ѧꙃа|noun|9ef4460cacf1cfc4	alternative:"ѧза"
ѧти	ѩти|verb|8d0d7e93dd7bf143	alternative:"ѧти"
ѧѕа	ѧꙃа|noun|9ef4460cacf1cfc4	alternative:"ѧѕа"
ѧꙁа	ѧꙃа|noun|9ef4460cacf1cfc4	alternative:"ѧꙁа"
ѧꙁꙑкъ	ѩзꙑкъ|noun|ffdd0325895673b8	alternative:"ѧꙁꙑкъ"
ѧꙃа	ѧꙃа|noun|9ef4460cacf1cfc4	canonical:"ѧꙃа" || page:"ѧꙃа"
ѩдропишьць	ѩдропишьць|noun|303d68f5b8aacd7d	canonical:"ѩдропишьць" || page:"ѩдропишьць"
ѩза	ѧꙃа|noun|9ef4460cacf1cfc4	alternative:"ѩза"
ѩзꙑкъ	ѩзꙑкъ|noun|ffdd0325895673b8	canonical:"ѩзꙑкъ" || page:"ѩзꙑкъ"
ѩзꙑчьникъ	ѩзꙑчьникъ|noun|bd1765e1e4449d59	canonical:"ѩзꙑчьникъ" || page:"ѩзꙑчьникъ"
ѩти	ѩти|verb|8d0d7e93dd7bf143	canonical:"ѩти" || page:"ѩти"
ѩтрꙑ	ѩтрꙑ|noun|712fecf929d8894e	canonical:"ѩтрꙑ" || page:"ѩтрꙑ"
ѩчьнъ	ѩчьнъ|adj|7fecbcc511a76743	canonical:"ѩчьнъ" || page:"ѩчьнъ"
ѩѕа	ѧꙃа|noun|9ef4460cacf1cfc4	alternative:"ѩѕа"
ѩꙁа	ѧꙃа|noun|9ef4460cacf1cfc4	alternative:"ѩꙁа"
ѫгль	ѫгль|noun|e8819cf1d9314094	canonical:"ѫгль" || page:"ѫгль"
ѫгринъ	ѫгринъ|noun|90f5d7e5c5264429	canonical:"ѫгринъ" || page:"ѫгринъ"
ѫгълъ	ѫгълъ|noun|bf3c9afc1e8e435d	canonical:"ѫгълъ" || page:"ѫгълъ"
ѫдолиѥ	ѫдолиѥ|noun|8010c6e3c3a7657e	canonical:"ѫдолиѥ" || page:"ѫдолиѥ"
ѫдоль	ѫдоль|noun|2cb170e59368d3a3	canonical:"ѫдоль" || page:"ѫдоль"
ѫже	ѫже|noun|79d37ed02503087f	canonical:"ѫже" || page:"ѫже"
ѫжика	ѫжика|noun|ebe1c344a4441b37	canonical:"ѫжика" || page:"ѫжика"
ѫжичьство	ѫжичьство|noun|94ed986be6ab809d	canonical:"ѫжичьство" || page:"ѫжичьство"
ѫжь	ѫже|noun|79d37ed02503087f	alternative:"ѫжь"
ѫжьникъ	ѫжьникъ|noun|7236d95fd570c503	canonical:"ѫжьникъ" || page:"ѫжьникъ"
ѫза	ѫза|noun|a31996bc20eeebb3	canonical:"ѫза" || page:"ѫза"
ѫзилище	ѫзилище|noun|ae208aca2c1cb9e0	canonical:"ѫзилище" || page:"ѫзилище"
ѫзъкъ	ѫзъкъ|adj|0c0fb5b328da5523	canonical:"ѫзъкъ" || page:"ѫзъкъ"
ѫзьникъ	ѫзьникъ|noun|19a99010281790b2	canonical:"ѫзьникъ" || page:"ѫзьникъ"
ѫродивъ	ѫродивъ|adj|13dc8394d0ec5bf7	canonical:"ѫродивъ" || page:"ѫродивъ"
ѫродъ	ѫродъ|adj|d38c2fd4c1befc49	canonical:"ѫродъ" || page:"ѫродъ"
ѫродьство	ѫродьство|noun|1ffe832d88cfebfa	canonical:"ѫродьство" || page:"ѫродьство"
ѫтроба	ѫтроба|noun|4bfb1224fe37c2ae	canonical:"ѫтроба" || page:"ѫтроба"
ѫтрьнь	ѫтрьнь|adj|808108e42f6e12c2	canonical:"ѫтрьнь" || page:"ѫтрьнь"
ѭ	ѭ|pron|7be3e9836d6e23ee	canonical:"ѭ" || page:"ѭ"
ѯеніѧ	ѯеніꙗ|noun|a65ba0369c4ed170	page:"Ѯеніѧ"
ѯеніꙗ	ѯеніꙗ|noun|a65ba0369c4ed170	canonical:"Ѯеніꙗ"
ѱалмъ	псалъмъ|noun|74e3fe66a9f83628	alternative:"ѱалмъ"
ѱати	писати|verb|d01e1e329757a826	alternative:"ѱати"
ѱати	пьсати|verb|1cec0cd8a26d65bd	alternative:"ѱати"
ѱъ	пьсъ|noun|874334a4128e8700	alternative:"ѱъ"
ѳеодоръ	ѳеодоръ|noun|5dd91e9862b93c85	canonical:"Ѳеодоръ" || page:"Ѳеодоръ"
ѳѡма	ѳѡма|noun|8afd143d99646810	canonical:"Ѳѡма" || page:"Ѳѡма"
ѻгнь	огн҄ь|noun|32c426c306072598	alternative:"ѻгнь"
ѿити	ѿити|verb|4641c01233e000bc	canonical:"ѿити" || page:"ѿити"
ѿпасти	ѿпасти|verb|c607f470270e8209	canonical:"ѿпасти" || page:"ѿпасти"
ѿрокъ	отрокъ|noun|4f256646bd1a9aa9	alternative:"ѿрокъ"
ѿходити	ѿходити|verb|6f9c49956712fc73	canonical:"ѿходити" || page:"ѿходити"
ѿчаꙗньѥ	ѿчаꙗньѥ|noun|cd4bac5bcc574b46	canonical:"ѿчаꙗньѥ" || page:"ѿчаꙗньѥ"
ⰰⰱⰾⱏⰽⱁ	аблъко|noun|157d0b4cd6a712f2	alternative:"ⰰⰱⰾⱏⰽⱁ"
ⰰⰳⱀⱐⱌⱐ	агньць|noun|2c37c8984ac3639b	alternative:"ⰰⰳⱀⱐⱌⱐ"
ⰰⰳⱀⱔ	агнѧ|noun|758e6c369b09c405	alternative:"ⰰⰳⱀⱔ"
ⰰⰸⱏ	азъ|pron|96517b185cf1678f	alternative:"ⰰⰸⱏ"
ⰰⰹⱌⰵ	аице|noun|7c4a31fa29afe7ae	alternative:"ⰰⰹⱌⰵ"
ⰰⰾⱏⱍⱐⱀⱏ	алъчьнъ|adj|d3ccb2249c37b0d5	alternative:"ⰰⰾⱏⱍⱐⱀⱏ"
ⰱⰰⰱⰰ	баба|noun|0aad973e33a40639	alternative:"ⰱⰰⰱⰰ"
ⰱⰰⰾⰻⰻ	балии|noun|caab430f9dab4cd1	alternative:"ⰱⰰⰾⰻⰻ"
ⰱⰰⰾⱁⰲⰰⱅⰻ	баловати|verb|787d7296dd851d1b	alternative:"ⰱⰰⰾⱁⰲⰰⱅⰻ"
ⰱⰰⰾⱏⰺ	бальи|noun|f8a4be70fb410f6a	alternative:"ⰱⰰⰾⱏⰺ"
ⰱⰰⱀⱑ	банꙗ|noun|af21ac729b7a1f3d	alternative:"ⰱⰰⱀⱑ"
ⰱⰰⱑⱅⰻ	баꙗти|verb|bdd8d483472158ef	alternative:"ⰱⰰⱑⱅⰻ"
ⰱⰵⱄⱑⰴⱁⰲⰰⱅⰻ	бесѣдовати|verb|fd6fd07d93f54141	alternative:"ⰱⰵⱄⱑⰴⱁⰲⰰⱅⰻ"
ⰱⰻⱅⰻ	бити|verb|e7ab9d294e7bdbc4	alternative:"ⰱⰻⱅⰻ"
ⰱⰻⱍⱐ	бичь|noun|5f169c375a7c2ee8	alternative:"ⰱⰻⱍⱐ"
ⰱⰾⰰⰳⱁⰴⱑⱅⱐ	благодѣть|noun|d9e0bfecf37daa9d	alternative:"ⰱⰾⰰⰳⱁⰴⱑⱅⱐ"
ⰱⰾⰰⰳⱁⱄⰾⱁⰲⰻⱅⰻ	благословити|verb|62db93e6a3770a91	alternative:"ⰱⰾⰰⰳⱁⱄⰾⱁⰲⰻⱅⰻ"
ⰱⰾⰰⰶⰵⱀⱏ	блаженъ|adj|35918ee8acfd8424	alternative:"ⰱⰾⰰⰶⰵⱀⱏ"
ⰱⰾⰰⰶⰻⱅⰻ	блажити|verb|4cf52a032983ed8f	alternative:"ⰱⰾⰰⰶⰻⱅⰻ"
ⰱⰾⰰⱅⱁ	блато|noun|4486cee168490c8a	alternative:"ⰱⰾⰰⱅⱁ"
ⰱⰾⱏⰳⰰⱃⰻⱀⱏ	блъгаринъ|noun|94c9dbd0dee474c5	alternative:"ⰱⰾⱏⰳⰰⱃⰻⱀⱏ"
ⰱⰾⱘⰴⱏ	блѫдъ|noun|9faa600ffd86cfd7	alternative:"ⰱⰾⱘⰴⱏ"
ⰱⱁⰳⱏ	богъ|noun|546877f9dff800e2	alternative:"ⰱⱁⰳⱏ"
ⰱⱁⰳⱏⰹⱀⰻ	богꙑн҄и|noun|fc536e8a351eb89b	alternative:"ⰱⱁⰳⱏⰹⱀⰻ"
ⰱⱁⰳⱏⰻⱀⰻ	богꙑн҄и|noun|fc536e8a351eb89b	alternative:"ⰱⱁⰳⱏⰻⱀⰻ"
ⰱⱃⰰⰴⰰ	брада|noun|5d879cb5d057f85d	alternative:"ⰱⱃⰰⰴⰰ"
ⰱⱃⰰⰸⰴⰰ	бразда|noun|363ac4f2a339f7c6	alternative:"ⰱⱃⰰⰸⰴⰰ"
ⰱⱃⰰⱅⱃⱐⱑ	братрьꙗ|noun|21602371cf34c3e3	alternative:"ⰱⱃⰰⱅⱃⱐⱑ"
ⰱⱃⰰⱅⱐⱑ	братрьꙗ|noun|21602371cf34c3e3	alternative:"ⰱⱃⰰⱅⱐⱑ"
ⰱⱃⰰⱎⱐⱀⱁ	брашьно|noun|62f6a1340e00f8a9	alternative:"ⰱⱃⰰⱎⱐⱀⱁ"
ⰱⱃⱑⰳⱏ	брѣгъ|noun|a1939a0059ca7b2f	alternative:"ⰱⱃⱑⰳⱏ"
ⰱⱏⰹⱅⰻ	бꙑти|verb|c739d1df73baf00b	alternative:"ⰱⱏⰹⱅⰻ"
ⰱⱏⱍⰵⰾⰰ	бъчела|noun|ffabd68297945892	alternative:"ⰱⱏⱍⰵⰾⰰ"
ⰱⱐⱍⰵⰾⰰ	бьчела|noun|d80772b1e40661df	alternative:"ⰱⱐⱍⰵⰾⰰ"
ⰱⱑⰳⰰⱅⰹ	бѣгати|verb|915034dc9ee006e5	alternative:"ⰱⱑⰳⰰⱅⰹ"
ⰱⱑⰴⰻⱅⰻ	бѣдити|verb|dee6e9424fb7b445	alternative:"ⰱⱑⰴⰻⱅⰻ"
ⰱⱑⰾⱏ	бѣлъ|adj|057a9797a5393857	alternative:"ⰱⱑⰾⱏ"
ⰱⱑⰾⱐⱌⱐ	бѣльць|noun|30d7c4468de935e6	alternative:"ⰱⱑⰾⱐⱌⱐ"
ⰲⰰⰴⰻⱅⰻ	вадити|verb|0277d32c8decf9ca	alternative:"ⰲⰰⰴⰻⱅⰻ"
ⰲⰵⱄⱀⰰ	весна|noun|0a8d590d67296090	alternative:"ⰲⰵⱄⱀⰰ"
ⰲⰵⱅⱏⱈⱏ	ветъхъ|adj|c92d33416a5015ab	alternative:"ⰲⰵⱅⱏⱈⱏ"
ⰲⰵⱍⰵⱃⱏ	вечеръ|noun|4355416b5f7abe0f	alternative:"ⰲⰵⱍⰵⱃⱏ"
ⰲⰻⱀⱁⰳⱃⰰⰴⱏ	виноградъ|noun|e7c4f804f9d09c20	alternative:"ⰲⰻⱀⱁⰳⱃⰰⰴⱏ"
ⰲⰻⱄⱑⱅⰻ	висѣти|verb|334fd275e3615320	alternative:"ⰲⰻⱄⱑⱅⰻ"
ⰲⰾⰰⱄⱅⱐ	власть|noun|46e5e8607f2d22bd	alternative:"ⰲⰾⰰⱄⱅⱐ"
ⰲⰾⰰⱄⱏ	власъ|noun|effad8669f50ede2	alternative:"ⰲⰾⰰⱄⱏ"
ⰲⰾⱐⰽⱏ	влькъ|noun|e03019cf3c009766	alternative:"ⰲⰾⱐⰽⱏ"
ⰲⱁⰴⰰ	вода|noun|f5dab839ac7f4661	alternative:"ⰲⱁⰴⰰ"
ⰲⱁⰵⰲⱁⰴⱐⱄⱅⰲⱁ	воѥводьство|noun|51650ead6d1494f9	alternative:"ⰲⱁⰵⰲⱁⰴⱐⱄⱅⰲⱁ"
ⰲⱁⱀⱑⱅⰻ	вонꙗти|verb|32c768739793d44f	alternative:"ⰲⱁⱀⱑⱅⰻ"
ⰲⱁⱄⰽⱏ	воскъ|noun|8a1d20145278486c	alternative:"ⰲⱁⱄⰽⱏ"
ⰲⱃⰰⰳⱏ	врагъ|noun|8eb04918f509af0b	alternative:"ⰲⱃⰰⰳⱏ"
ⰲⱃⱐⰲⱐ	врьвь|noun|3e35a0ea89b4d9a1	alternative:"ⰲⱃⱐⰲⱐ"
ⰲⱏⰹⱄⱁⰽⱏ	вꙑсокъ|adj|25c5f14b60b34b31	alternative:"ⰲⱏⰹⱄⱁⰽⱏ"
ⰲⱏⰺ	вꙑ|pron|c6978a2655d73e93	alternative:"ⰲⱏⰺ"
ⰲⱏⱄⰽⱃⱐⱄⱀⱘⱅⰻ	въскрьснѫти|verb|b1da56eb7057aa47	alternative:"ⰲⱏⱄⰽⱃⱐⱄⱀⱘⱅⰻ"
ⰲⱑ	вѣ|pron|16a04855731f2427	alternative:"ⰲⱑ"
ⰲⱑⱀⱐⱌⱐ	вѣньць|noun|a6f8d43bdcb8f179	alternative:"ⰲⱑⱀⱐⱌⱐ"
ⰲⱑⱅⱃⱏ	вѣтръ|noun|8f17e4e981bd1408	alternative:"ⰲⱑⱅⱃⱏ"
ⰳⰾⰰⰲⰰ	глава|noun|bed8484008b699a2	alternative:"ⰳⰾⰰⰲⰰ"
ⰳⰾⰰⰳⱁⰾⰰⱅⰻ	глаголати|verb|65605a9112fd3b01	alternative:"ⰳⰾⰰⰳⱁⰾⰰⱅⰻ"
ⰳⰾⰰⰳⱁⰾⱏ	глаголъ|noun|59a46c87d1ef1e83	alternative:"ⰳⰾⰰⰳⱁⰾⱏ"
ⰳⰾⰰⱄⱏ	гласъ|noun|4d5779053dc1ffd8	alternative:"ⰳⰾⰰⱄⱏ"
ⰳⱁⰾⱘⰱⱐ	голѫбь|noun|140d100bdf126f8b	alternative:"ⰳⱁⰾⱘⰱⱐ"
ⰳⱁⱄⱂⱁⰴⱏⰹⱀⰻ	господꙑн҄и|noun|cdaec5c55ce665d1	alternative:"ⰳⱁⱄⱂⱁⰴⱏⰹⱀⰻ"
ⰳⱁⱄⱂⱁⰴⱏⰻⱀⰻ	господꙑн҄и|noun|cdaec5c55ce665d1	alternative:"ⰳⱁⱄⱂⱁⰴⱏⰻⱀⰻ"
ⰳⱁⱄⱂⱁⰴⱐ	господь|noun|ffd0d4841bcc7712	alternative:"ⰳⱁⱄⱂⱁⰴⱐ"
ⰳⱁⱄⱅⱐ	гость|noun|7a2e262706908381	alternative:"ⰳⱁⱄⱅⱐ"
ⰳⱃⰰⰴⱏ	градъ|noun|4f1561a778311499	alternative:"ⰳⱃⰰⰴⱏ"
ⰳⱃⱁⰱⱏ	гробъ|noun|a1df22dac00dfd18	alternative:"ⰳⱃⱁⰱⱏ"
ⰳⱃⱁⰸⰴⱏ	гроздъ|noun|b2a579f6d4f904f4	alternative:"ⰳⱃⱁⰸⰴⱏ"
ⰳⱃⱏⱅⰰⱀⱐ	грътань|noun|86e00804e4675383	alternative:"ⰳⱃⱏⱅⰰⱀⱐ"
ⰳⱃⱑⱈⱁⰲⱐⱀⱏ	грѣховьнъ|adj|9481a9df86293a3d	alternative:"ⰳⱃⱑⱈⱁⰲⱐⱀⱏ"
ⰳⱃⱑⱈⱏ	грѣхъ|noun|e80eba484bc2c476	alternative:"ⰳⱃⱑⱈⱏ"
ⰴⰰⱃⱏ	даръ|noun|fd3e2602d30f9eb1	alternative:"ⰴⰰⱃⱏ"
ⰴⰲⱁⱃⱏ	дворъ|noun|903e37e0bd6392e3	alternative:"ⰴⰲⱁⱃⱏ"
ⰴⱁⰱⱃⱁⱅⰰ	доброта|noun|f08ab69ad82129b1	alternative:"ⰴⱁⰱⱃⱁⱅⰰ"
ⰴⱁⰱⱃⱏ	добръ|adj|821d3f1b237b1478	alternative:"ⰴⱁⰱⱃⱏ"
ⰴⱁⰹⱅⰹ	доити|verb|3061bbd5ea9cc0f4	alternative:"ⰴⱁⰹⱅⰹ"
ⰴⱁⰿⱏ	домъ|noun|967efa9b23a19730	alternative:"ⰴⱁⰿⱏ"
ⰴⱃⱏⰲⰰ	дръва|noun|278e6fcb39e6d576	alternative:"ⰴⱃⱏⰲⰰ"
ⰴⱃⱏⰶⰰⱅⰹ	дръжати|verb|ca14a5c575d8b476	alternative:"ⰴⱃⱏⰶⰰⱅⰹ"
ⰴⱃⱑⰲⱁ	дрѣво|noun|be8fdab97a78898a	alternative:"ⰴⱃⱑⰲⱁ"
ⰴⱆⱈⱏ	доухъ|noun|40855f6850dcb338	alternative:"ⰴⱆⱈⱏ"
ⰴⱏⱋⰻ	дъщи|noun|304dd19d8da3403d	alternative:"ⰴⱏⱋⰻ"
ⰴⱑⰲⰰ	дѣва|noun|ba4d99002c5bc4d5	alternative:"ⰴⱑⰲⰰ"
ⰴⱑⰲⰹⱌⰰ	дѣвица|noun|185eb65a6a3b8a1b	alternative:"ⰴⱑⰲⰹⱌⰰ"
ⰴⱑⰴⱏ	дѣдъ|noun|aefab0a03dca8c91	alternative:"ⰴⱑⰴⱏ"
ⰴⱑⱅⱔ	дѣтѧ|noun|814b8b449098d937	alternative:"ⰴⱑⱅⱔ"
ⰵⰳⱛⱂⱐⱅⱑⱀⱏⰹⱀⰻ	ег҄ѵпьтѣнꙑн҄и|noun|3672cc923ac2129b	alternative:"ⰵⰳⱛⱂⱐⱅⱑⱀⱏⰹⱀⰻ"
ⰵⰳⱛⱂⱐⱅⱑⱀⱏⰻⱀⰻ	ег҄ѵпьтѣнꙑн҄и|noun|3672cc923ac2129b	alternative:"ⰵⰳⱛⱂⱐⱅⱑⱀⱏⰻⱀⰻ"
ⰵⰾⰻⱀⱏⰹⱀⰻ	елинꙑн҄и|noun|31367bea0f56a958	alternative:"ⰵⰾⰻⱀⱏⰹⱀⰻ"
ⰵⰾⰻⱀⱏⰻⱀⰻ	елинꙑн҄и|noun|31367bea0f56a958	alternative:"ⰵⰾⰻⱀⱏⰻⱀⰻ"
ⰶⰰⰱⰰ	жаба|noun|869e8cbe1a0bb7bb	alternative:"ⰶⰰⰱⰰ"
ⰶⰵⰾⱑⰸⱁ	желѣзо|noun|b7f020b7e5a50d6e	alternative:"ⰶⰵⰾⱑⰸⱁ"
ⰶⰵⱀⰰ	жена|noun|15ba2a7c763823a6	alternative:"ⰶⰵⱀⰰ"
ⰶⱃⱐⱀⱏⰹ	жрьнꙑ|noun|880ff0ecf0119af8	alternative:"ⰶⱃⱐⱀⱏⰹ"
ⰷⰲⱑⰸⰴⰰ	ѕвѣзда|noun|ef5ae547cab9dce6	alternative:"ⰷⰲⱑⰸⰴⰰ"
ⰸⰰⰲⰻⰴⱑⱅⰻ	завидѣти|verb|15957a97d0f656c6	alternative:"ⰸⰰⰲⰻⰴⱑⱅⰻ"
ⰸⰰⰽⱁⱀⱏ	законъ|noun|3e2021b4a6732300	alternative:"ⰸⰰⰽⱁⱀⱏ"
ⰸⰰⱃⰵⰲⱏ	заревъ|noun|81ad3051b5ce3040	alternative:"ⰸⰰⱃⰵⰲⱏ"
ⰸⰲⱑⰸⰴⰰ	звѣзда|noun|75c1d79d338f4483	alternative:"ⰸⰲⱑⰸⰴⰰ"
ⰸⰲⱑⱃⱐ	звѣрь|noun|05384d3a54014dd9	alternative:"ⰸⰲⱑⱃⱐ"
ⰸⰵⰾⰵⱀⱏ	зеленъ|adj|866d8f36275b3d33	alternative:"ⰸⰵⰾⰵⱀⱏ"
ⰸⰵⰿⰾⱑ	земл҄ꙗ|noun|60e9a3198ea41ad8	alternative:"ⰸⰵⰿⰾⱑ"
ⰸⰹⰿⰰ	зима|noun|a98743ef2fd82fbf	alternative:"ⰸⰹⰿⰰ"
ⰸⱔⰱⱀⱘⱅⰻ	зѧбнѫти|verb|c95dcfd58ac30a57	alternative:"ⰸⱔⰱⱀⱘⱅⰻ"
ⰸⱘⰱⱏ	зѫбъ|noun|bf42aecbd3f0ecf1	alternative:"ⰸⱘⰱⱏ"
ⰹⰳⱁ	иго|noun|42a2b5961eb52765	alternative:"ⰹⰳⱁ"
ⰹⰿⱔ	имѧ|noun|753b97464d9e34f7	alternative:"ⰹⰿⱔ"
ⰹⱅⰹ	ити|verb|f210f28911d602ed	alternative:"ⰹⱅⰹ"
ⰻⰸⰱⰰⰲⰻⱅⰻ	избавити|verb|fc1ef862e3e13068	alternative:"ⰻⰸⰱⰰⰲⰻⱅⰻ"
ⰽⰰⰸⰰⱅⰻ	казати|verb|f311df69f0da2b54	alternative:"ⰽⰰⰸⰰⱅⰻ"
ⰽⰰⰸⱀⱐ	казнь|noun|0f96038296fa97d5	alternative:"ⰽⰰⰸⱀⱐ"
ⰽⰾⱁⱂⱁⱅⰻⰲⱏ	клопотивъ|adj|7cd370f1b11ed805	alternative:"ⰽⰾⱁⱂⱁⱅⰻⰲⱏ"
ⰽⰾⱁⱂⱁⱅⱏ	клопотъ|noun|bb9b8c4ba1750c43	alternative:"ⰽⰾⱁⱂⱁⱅⱏ"
ⰽⱁⰸⰰ	коза|noun|8f941f7baff385c7	alternative:"ⰽⱁⰸⰰ"
ⰽⱁⰾⱑⱀⱁ	колѣно|noun|ef69504aba111acb	alternative:"ⰽⱁⰾⱑⱀⱁ"
ⰽⱁⰾⱔⰴⰰ	колѧда|noun|e46e95271d0c0c72	alternative:"ⰽⱁⰾⱔⰴⰰ"
ⰽⱁⱄⱅⱐ	кость|noun|79039f3bc1a3d8cf	alternative:"ⰽⱁⱄⱅⱐ"
ⰽⱁⱅⰹⰾⱏ	котьлъ|noun|81ba0dbeefacebdd	alternative:"ⰽⱁⱅⰹⰾⱏ"
ⰽⱃⰰⰳⱆⰹ	крагуи|noun|9e30968adcd75e7b	alternative:"ⰽⱃⰰⰳⱆⰹ"
ⰽⱃⱏⰺ	крꙑ|noun|9d8ea29fd5711df0	alternative:"ⰽⱃⱏⰺ"
ⰽⱃⱏⱍⱐⰿⰰ	кръчьма|noun|9ce50baae25981dd	alternative:"ⰽⱃⱏⱍⱐⰿⰰ"
ⰽⱃⱏⱍⱐⰿⰰⱃ҄ⱐ	кръчьмар҄|noun|7d8d66d74ed3fc2c	alternative:"ⰽⱃⱏⱍⱐⰿⰰⱃ҄ⱐ"
ⰽⱃⱏⱍⱐⰿⰰⱃⰻⱌⰰ	кръчьмарица|noun|59ec5ac24be79ae8	alternative:"ⰽⱃⱏⱍⱐⰿⰰⱃⰻⱌⰰ"
ⰽⱃⱐⱄⱅⰻⱑⱀⱏⰹⱀⰻ	крьстиꙗнꙑн҄и|noun|6e148bdf96a12bbe	alternative:"ⰽⱃⱐⱄⱅⰻⱑⱀⱏⰹⱀⰻ"
ⰽⱃⱐⱄⱅⰻⱑⱀⱏⰻⱀⰻ	крьстиꙗнꙑн҄и|noun|6e148bdf96a12bbe	alternative:"ⰽⱃⱐⱄⱅⰻⱑⱀⱏⰻⱀⰻ"
ⰽⱏⰹⰾⰰ	кꙑла|noun|238366050f7ebc3f	alternative:"ⰽⱏⰹⰾⰰ"
ⰽⱏⱅⱁ	къто|pron|9812741981052327	alternative:"ⰽⱏⱅⱁ"
ⰽⱘⱂⰻⱀⰰ	кѫпина|noun|f9a148e815abbdae	alternative:"ⰽⱘⱂⰻⱀⰰ"
ⰽⱘⱄⰰⱅⰻ	кѫсати|verb|75e5704571ed1dcb	alternative:"ⰽⱘⱄⰰⱅⰻ"
ⰾⰹⱄⱅⱏ	листъ|noun|49b7c9bf67cac069	alternative:"ⰾⰹⱄⱅⱏ"
ⰾⰻⱄⱔ	лисѧ|noun|70a06d7b1691db28	alternative:"ⰾⰻⱄⱔ"
ⰾⰻⱈⱀⱁⰲⱐⱌⱐ	лихновьць|noun|638a56eccc76b627	alternative:"ⰾⰻⱈⱀⱁⰲⱐⱌⱐ"
ⰾⱁⰲⰻⱅⰻ	ловити|verb|1ff4dd472ae6c074	alternative:"ⰾⱁⰲⰻⱅⰻ"
ⰾⱁⰲⱏ	ловъ|noun|4c2418b88f84bf23	alternative:"ⰾⱁⰲⱏ"
ⰾⱁⰲⱐⱌⱐ	ловьць|noun|6c1f7eb570c0da15	alternative:"ⰾⱁⰲⱐⱌⱐ"
ⰾⱁⰲⱐⱍⱐ	ловьчь|adj|bbbb5562d2c6673e	alternative:"ⰾⱁⰲⱐⱍⱐ"
ⰾⱁⱂⰰⱅⰰ	лопата|noun|1415223f5aecbb7d	alternative:"ⰾⱁⱂⰰⱅⰰ"
ⰾⱐⰲⱏ	львъ|noun|ffb2386632f31638	alternative:"ⰾⱐⰲⱏ"
ⰾⱐⰳⱏⰽⱏ	льгъкъ|adj|3fa9c9808d598e8d	alternative:"ⰾⱐⰳⱏⰽⱏ"
ⰾⱑⱅⱐ	лѣть|noun|219b4aeda67664d7	alternative:"ⰾⱑⱅⱐ"
ⰾⱓⰱⰻⱅⰻ	любити|verb|4d3e47c0437ec5c2	alternative:"ⰾⱓⰱⰻⱅⰻ"
ⰾⱔⰴⰻⱀⰰ	лѧдина|noun|355f339aba035994	alternative:"ⰾⱔⰴⰻⱀⰰ"
ⰾⱘⰽⱏ	лѫкъ|noun|ab74abd6684d3d11	alternative:"ⰾⱘⰽⱏ"
ⰿⰰⱅⰻ	мати|noun|aed832bbd913b8cb	alternative:"ⰿⰰⱅⰻ"
ⰿⰵⱍⱐ	мечь|noun|b0cecf35965e05cf	alternative:"ⰿⰵⱍⱐ"
ⰿⰹⱃⱏ	миръ|noun|e866ca4714c273b1	alternative:"ⰿⰹⱃⱏ"
ⰿⰻⰾⱁⱄⱅⱏⰹⱀⰻ	милостꙑн҄и|noun|e7a83f08e265d473	alternative:"ⰿⰻⰾⱁⱄⱅⱏⰹⱀⰻ"
ⰿⰻⰾⱁⱄⱅⱏⰻⱀⰻ	милостꙑн҄и|noun|e7a83f08e265d473	alternative:"ⰿⰻⰾⱁⱄⱅⱏⰻⱀⰻ"
ⰿⰾⰰⰴⱏ	младъ|adj|a81ed663ec334dd9	alternative:"ⰿⰾⰰⰴⱏ"
ⰿⰾⱏⰲⰰ	млъва|noun|9fd985a3bf3c59f7	alternative:"ⰿⰾⱏⰲⰰ"
ⰿⰾⱑⰽⱁ	млѣко|noun|f1795fd2fade7c6d	alternative:"ⰿⰾⱑⰽⱁ"
ⰿⰾⱑⱅⰻ	млѣти|verb|3b4f146070b7c4bb	alternative:"ⰿⰾⱑⱅⰻ"
ⰿⱁⰾⰻⱅⰲⰰ	молитва|noun|12cc0ee5ea9c1761	alternative:"ⰿⱁⰾⰻⱅⰲⰰ"
ⰿⱁⱀⰻⱄⱅⱁ	монисто|noun|77633bd8f3509ee8	alternative:"ⰿⱁⱀⰻⱄⱅⱁ"
ⰿⱃⰰⰸⱏ	мразъ|noun|afbd623d42607de5	alternative:"ⰿⱃⰰⰸⱏ"
ⰿⱃⰰⰽⱏ	мракъ|noun|820b9e8d501eb751	alternative:"ⰿⱃⰰⰽⱏ"
ⰿⱆⱈⰰ	моуха|noun|8d3befd50a13c74b	alternative:"ⰿⱆⱈⰰ"
ⰿⱏⰽⱀⱘⱅⰻ	мъкнѫти|verb|3fb9243ada47b02d	alternative:"ⰿⱏⰽⱀⱘⱅⰻ"
ⰿⱏⱀⰻⱈⱏ	мънихъ|noun|0a4125ca88532624	alternative:"ⰿⱏⱀⰻⱈⱏ"
ⰿⱏⱀⰻⱎⱐⱄⰽⱏ	мънишьскъ|adj|926d5a7948b50be1	alternative:"ⰿⱏⱀⰻⱎⱐⱄⰽⱏ"
ⰿⱐⱄⱅⰻⱅⰻ	мьстити|verb|d7b12e78b3cadada	alternative:"ⰿⱐⱄⱅⰻⱅⰻ"
ⰿⱔⰽⱏⰽⱏ	мѧкъкъ|adj|af8e7a4aed35f6bb	alternative:"ⰿⱔⰽⱏⰽⱏ"
ⰿⱔⱅⰵⰶⱐ	мѧтежь|noun|5c3ba6d9acc74223	alternative:"ⰿⱔⱅⰵⰶⱐ"
ⰿⱘⰴⱃⱏ	мѫдръ|adj|19360e56dd6e089d	alternative:"ⰿⱘⰴⱃⱏ"
ⰿⱘⰶⱐ	мѫжь|noun|a0158a85717ba40f	alternative:"ⰿⱘⰶⱐ"
ⰿⱘⰽⰰ	мѫка|noun|160acd8efb9fb63d	alternative:"ⰿⱘⰽⰰ"
ⱀⰰⰲⰰⰴⰻⱅⰻ	навадити|verb|fabf32e9a0dad0fe	alternative:"ⱀⰰⰲⰰⰴⰻⱅⰻ"
ⱀⰰⱎⱐ	нашь|pron|32fb0e4756f472f4	alternative:"ⱀⰰⱎⱐ"
ⱀⰵⰱⰵⱄⱐⱄⰽⱏ	небесьскъ|adj|9791000ef7d45a1b	alternative:"ⱀⰵⰱⰵⱄⱐⱄⰽⱏ"
ⱀⰵⰱⱁ	небо|noun|9a99b0503dad1b44	alternative:"ⱀⰵⰱⱁ"
ⱀⰵⰱⱁⰳⱏ	небогъ|adj|b3e6144e81768f83	alternative:"ⱀⰵⰱⱁⰳⱏ"
ⱀⰵⰱⱃⱑⱋⰺ	небрѣщи|verb|61a40ba7692a52c7	alternative:"ⱀⰵⰱⱃⱑⱋⰺ"
ⱀⰵⱀⰰⰲⰻⰴⱑⱅⰻ	ненавидѣти|verb|cd44074c52f98a3b	alternative:"ⱀⰵⱀⰰⰲⰻⰴⱑⱅⰻ"
ⱀⰻⰸⱏⰲⱑⱄⰻⱅⰻ	низъвѣсити|verb|d8d6d114f05a116b	alternative:"ⱀⰻⰸⱏⰲⱑⱄⰻⱅⰻ"
ⱀⰻⰸⱏⰽⱏ	низъкъ|adj|b49e42e04151c981	alternative:"ⱀⰻⰸⱏⰽⱏ"
ⱀⰻⱅⱐ	нить|noun|b0049aa3d340741d	alternative:"ⱀⰻⱅⱐ"
ⱀⱁⰲⱏ	новъ|adj|e42e61a72d57093b	alternative:"ⱀⱁⰲⱏ"
ⱀⱁⰳⰰ	нога|noun|b33731cff2c0f930	alternative:"ⱀⱁⰳⰰ"
ⱀⱁⱄⱏ	носъ|noun|a0d6d2eedbb5252c	alternative:"ⱀⱁⱄⱏ"
ⱀⱁⱋⱐ	нощь|noun|f18f9b65aaee9e47	alternative:"ⱀⱁⱋⱐ"
ⱀⱑⰿⱐⱍⱐⱄⰽⱏ	нѣмьчьскъ|adj|e377ef47af4a8e7b	alternative:"ⱀⱑⰿⱐⱍⱐⱄⰽⱏ"
ⱁⰱⱃⱁⰽⱏ	оброкъ|noun|e693aedf7e1a42b8	alternative:"ⱁⰱⱃⱁⰽⱏ"
ⱁⰲⱁⱋⰵ	овоще|noun|d5c7df3541f1860e	alternative:"ⱁⰲⱁⱋⰵ"
ⱁⰲⱐⱌⰰ	овьца|noun|335542c00c66f441	alternative:"ⱁⰲⱐⱌⰰ"
ⱁⰳⱀⱐ	огн҄ь|noun|32c426c306072598	alternative:"ⱁⰳⱀⱐ"
ⱁⰴⱃⱏ	одръ|noun|ad5dcd71154c38d7	alternative:"ⱁⰴⱃⱏ"
ⱁⰽⱁ	око|noun|3c865b640ba360ee	alternative:"ⱁⰽⱁ"
ⱁⰽⱁ	ⱁⰽⱁ|noun|7cb69f05a86161ca	canonical:"ⱁⰽⱁ" || page:"ⱁⰽⱁ"
ⱁⱃⱐⰾⱏ	орьлъ|noun|e3ccf626ae20941e	alternative:"ⱁⱃⱐⰾⱏ"
ⱁⱅⱐⱌⱐ	отьць|noun|b5bfdea175497289	alternative:"ⱁⱅⱐⱌⱐ"
ⱁⱈⱘⱂⰻⱅⰻ	охѫпити|verb|edc309fd0e0daf59	alternative:"ⱁⱈⱘⱂⰻⱅⰻ"
ⱂⰵⰾⰵⱀⰰ	пелена|noun|0c2fef7150155983	alternative:"ⱂⰵⰾⰵⱀⰰ"
ⱂⰻⰲⱁ	пиво|noun|fcc1bd5784298b14	alternative:"ⱂⰻⰲⱁ"
ⱂⰾⱔⱄⰰⱅⰻ	плѧсати|verb|a38b74b611311e51	alternative:"ⱂⰾⱔⱄⰰⱅⰻ"
ⱂⱁⰱⱑⰴⰻⱅⰻ	побѣдити|verb|76902c0e272528f9	alternative:"ⱂⱁⰱⱑⰴⰻⱅⰻ"
ⱂⱁⰲⰰⱃ҄ⱐ	повар҄ь|noun|b2319ad98d2ce832	alternative:"ⱂⱁⰲⰰⱃ҄ⱐ"
ⱂⱁⰲⰰⱃⱐⱀⰻⱌⰰ	поварьница|noun|6e6a2e1147d1835b	alternative:"ⱂⱁⰲⰰⱃⱐⱀⰻⱌⰰ"
ⱂⱁⰳⰰⱀⱏⰹⱀⰻ	поганꙑн҄и|noun|72827cb048916aa9	alternative:"ⱂⱁⰳⰰⱀⱏⰹⱀⰻ"
ⱂⱁⰳⰰⱀⱏⰻⱀⰻ	поганꙑн҄и|noun|72827cb048916aa9	alternative:"ⱂⱁⰳⰰⱀⱏⰻⱀⰻ"
ⱂⱁⱑⱄⱏ	поꙗсъ|noun|9608a16e3c958af1	alternative:"ⱂⱁⱑⱄⱏ"
ⱂⱃⰰⰲⱏ	правъ|adj|482378c4ac2d504f	alternative:"ⱂⱃⰰⰲⱏ"
ⱂⱃⰰⰳⱏ	прагъ|noun|7c4b7047cba39bd9	alternative:"ⱂⱃⰰⰳⱏ"
ⱂⱃⰰⱄⱔ	прасѧ|noun|246b970c4e0ee6cd	alternative:"ⱂⱃⰰⱄⱔ"
ⱂⱃⰹⱅⱏⱍⰰ	притъча|noun|6897e5943850b655	alternative:"ⱂⱃⰹⱅⱏⱍⰰ"
ⱂⱃⰹⱑⱅⰵⰾⱐ	приꙗтел҄ь|noun|ca56c7c7cec53bb7	alternative:"ⱂⱃⰹⱑⱅⰵⰾⱐ"
ⱂⱃⰹⱑⱅⰹ	приꙗти|verb|acf1f5cbaa42f236	alternative:"ⱂⱃⰹⱑⱅⰹ"
ⱂⱃⱁⰳⰾⰰⱄⱏ	прогласъ|noun|6ca07f72e0340f59	alternative:"ⱂⱃⱁⰳⰾⰰⱄⱏ"
ⱂⱃⱁⰸⱔⰱⱀⱘⱅⰻ	прозѧбнѫти|verb|c5142e2300bfbe3c	alternative:"ⱂⱃⱁⰸⱔⰱⱀⱘⱅⰻ"
ⱂⱃⱁⱃⱁⰽⱏ	пророкъ|noun|3080ecccdc5c1006	alternative:"ⱂⱃⱁⱃⱁⰽⱏ"
ⱂⱃⱐⰲⱏ	прьвъ|num|ec4aa4e48ad26d84	alternative:"ⱂⱃⱐⰲⱏ"
ⱂⱃⱐⱄⱅⱏ	прьстъ|noun|f841fe28a5e75ce3	alternative:"ⱂⱃⱐⱄⱅⱏ"
ⱂⱃⱘⱅⱏ	прѫтъ|noun|13f71ef2205104cc	alternative:"ⱂⱃⱘⱅⱏ"
ⱂⱆⱄⱅⱏⰹⱀⰻ	поустꙑн҄и|noun|ee55a8f5e686162b	alternative:"ⱂⱆⱄⱅⱏⰹⱀⰻ"
ⱂⱆⱄⱅⱏⰻⱀⰻ	поустꙑн҄и|noun|ee55a8f5e686162b	alternative:"ⱂⱆⱄⱅⱏⰻⱀⰻ"
ⱂⱐⱄⱏ	пьсъ|noun|874334a4128e8700	alternative:"ⱂⱐⱄⱏ"
ⱂⱐⱎⰵⱀⰻⱌⰰ	пьшеница|noun|efe723d0e88fc5bd	alternative:"ⱂⱐⱎⰵⱀⰻⱌⰰ"
ⱂⱐⱎⰵⱀⱁ	пьшено|noun|7711d66b67a686b7	alternative:"ⱂⱐⱎⰵⱀⱁ"
ⱂⱑⱀⱔⰷⱐ	пѣнѧѕь|noun|53fbacc2bcd3e90f	alternative:"ⱂⱑⱀⱔⰷⱐ"
ⱂⱔⱅⱐ	пѧть|num|b0b9d87e8bc32d06	alternative:"ⱂⱔⱅⱐ"
ⱂⱘⱅⱐ	пѫть|noun|c1fd8056e1705bc3	alternative:"ⱂⱘⱅⱐ"
ⱃⰰⰱⱏ	рабъ|noun|0ed64c2efc7fcfbf	alternative:"ⱃⰰⰱⱏ"
ⱃⰰⰾⱁ	рало|noun|cb32007292701243	alternative:"ⱃⰰⰾⱁ"
ⱃⱁⰳⱏ	рогъ|noun|d9c363c34814114c	alternative:"ⱃⱁⰳⱏ"
ⱃⱏⰺⰱⰰ	рꙑба|noun|441aa653506924a1	alternative:"ⱃⱏⰺⰱⰰ"
ⱃⱑⰸⰰⱅⰻ	рѣзати|verb|b9dc93328a93623c	alternative:"ⱃⱑⰸⰰⱅⰻ"
ⱃⱑⰽⰰ	рѣка|noun|8844639f343cfc58	alternative:"ⱃⱑⰽⰰ"
ⱃⱑⱄⱀⱁⱅⰰ	рѣснота|noun|ceb83bfdcd53e1ec	alternative:"ⱃⱑⱄⱀⱁⱅⰰ"
ⱃⱑⱍⱐ	рѣчь|noun|508c01fef7403c83	alternative:"ⱃⱑⱍⱐ"
ⱃⱘⰽⰰ	рѫка|noun|0b7e247640c8e027	alternative:"ⱃⱘⰽⰰ"
ⱄⰰⱂⱁⰳⱏ	сапогъ|noun|bf55b06a2ecc22a8	alternative:"ⱄⰰⱂⱁⰳⱏ"
ⱄⰲⰰⱅⱐⰱⰰ	сватьба|noun|fe3b4481dc14dc62	alternative:"ⱄⰲⰰⱅⱐⰱⰰ"
ⱄⰵⰾⱁ	село|noun|ef504171c5bece48	alternative:"ⱄⰵⰾⱁ"
ⱄⰵⱄⱅⱃⰰ	сестра|noun|5136f3aae04fbbaa	alternative:"ⱄⰵⱄⱅⱃⰰ"
ⱄⰻⱀⱐ	син҄ь|adj|9c1b59d214c82766	alternative:"ⱄⰻⱀⱐ"
ⱄⰻⱁⱀⱏ	сионъ|noun|9706d9283ca84fa8	alternative:"Ⱄⰻⱁⱀⱏ"
ⱄⰻⱃⱏ	сиръ|adj|2dbec4308c592e9b	alternative:"ⱄⰻⱃⱏ"
ⱄⰽⱁⰲⱃⰰⰴⰰ	сковрада|noun|366770290f1a042d	alternative:"ⱄⰽⱁⰲⱃⰰⰴⰰ"
ⱄⰽⱁⰲⱃⰰⰴⱐⱀⰻⰽⱏ	сковрадьникъ|noun|628a03471d03c68d	alternative:"ⱄⰽⱁⰲⱃⰰⰴⱐⱀⰻⰽⱏ"
ⱄⰾⰰⰱⱏ	слабъ|adj|ce7fd47f780a1f71	alternative:"ⱄⰾⰰⰱⱏ"
ⱄⰾⰰⰲⰰ	слава|noun|cb0a8dcacd093437	alternative:"ⱄⰾⰰⰲⰰ"
ⱄⰾⰰⱀⱆⱅⱏⰽⱏ	сланоутъксланоутъцъ|noun|9e1c5f924f54e72d	alternative:"ⱄⰾⰰⱀⱆⱅⱏⰽⱏ"
ⱄⰾⰻⰲⰰ	слива|noun|35e100e153525637	alternative:"ⱄⰾⰻⰲⰰ"
ⱄⰾⱁⰲⱁ	слово|noun|ed8e5a29f53f0e75	alternative:"ⱄⰾⱁⰲⱁ"
ⱄⰾⱁⰲⱁⰾⱓⰱⱐⱌⱐ	словолюбьць|noun|aaa90ff283cab3e5	alternative:"ⱄⰾⱁⰲⱁⰾⱓⰱⱐⱌⱐ"
ⱄⰾⱁⱀⱐ	слонь|noun|e305ee00d388f9a7	alternative:"ⱄⰾⱁⱀⱐ"
ⱄⰾⱏⱀⱐⱌⰵ	слъньце|noun|b168537ca928d1a0	alternative:"ⱄⰾⱏⱀⱐⱌⰵ"
ⱄⰾⱐⰸⰰ	сльза|noun|85bc08c44b67393b	alternative:"ⱄⰾⱐⰸⰰ"
ⱄⱃⰰⰿⱏ	срамъ|noun|8845bb1d018ee205	alternative:"ⱄⱃⰰⰿⱏ"
ⱄⱃⱐⰴⱐⱌⰵ	срьдьце|noun|eeafa0868957d23c	alternative:"ⱄⱃⱐⰴⱐⱌⰵ"
ⱄⱅⰰⰴⱁ	стадо|noun|d7f5128ca3ae37f3	alternative:"ⱄⱅⰰⰴⱁ"
ⱄⱅⰰⱀⱏ	станъ|noun|5b0b86275c84ff2b	alternative:"ⱄⱅⰰⱀⱏ"
ⱄⱅⰰⱃⱏ	старъ|adj|51e3fc3bb7663f94	alternative:"ⱄⱅⰰⱃⱏ"
ⱄⱅⰰⱃⱐⱌⱐ	старьць|noun|6b7114c533e0b6f3	alternative:"ⱄⱅⰰⱃⱐⱌⱐ"
ⱄⱅⱁⰾⱏ	столъ|noun|58b9714b35d1f7db	alternative:"ⱄⱅⱁⰾⱏ"
ⱄⱅⱁⱂⰰ	стопа|noun|1c9280924aca0e5a	alternative:"ⱄⱅⱁⱂⰰ"
ⱄⱅⱃⰰⱈⱏ	страхъ|noun|f20c13b265745984	alternative:"ⱄⱅⱃⰰⱈⱏ"
ⱄⱅⱃⱑⰾⰰ	стрѣла|noun|397d1a7db5815d9d	alternative:"ⱄⱅⱃⱑⰾⰰ"
ⱄⱅⱑⱀⰰ	стѣна|noun|93b0364c4f6caad8	alternative:"ⱄⱅⱑⱀⰰ"
ⱄⱆⱈⱁⱅⰰ	соухота|noun|5c646e54d682a47c	alternative:"ⱄⱆⱈⱁⱅⰰ"
ⱄⱏⰴⱃⰰⰲⱏ	съдравъ|adj|420886a6288b5f6f	alternative:"ⱄⱏⰴⱃⰰⰲⱏ"
ⱄⱏⰹⱅⱏ	сꙑтъ|adj|4bcfce2bab0413a1	alternative:"ⱄⱏⰹⱅⱏ"
ⱄⱏⰺⱀⱏ	сꙑнъ|noun|af17ea7290a7dcd8	alternative:"ⱄⱏⰺⱀⱏ"
ⱄⱏⰽⱃⱁⰲⰻⱋⰵ	съкровище|noun|b9d20e46c630e078	alternative:"ⱄⱏⰽⱃⱁⰲⰻⱋⰵ"
ⱄⱏⰽⱃⱁⰲⱏ	съкровъ|noun|014b70333a82a480	alternative:"ⱄⱏⰽⱃⱁⰲⱏ"
ⱄⱏⰿⱏⰹⱄⰾⱏ	съмꙑслъ|noun|b499fd6c89d78727	alternative:"ⱄⱏⰿⱏⰹⱄⰾⱏ"
ⱄⱏⱂⰰⱅⰻ	съпати|verb|a9b1038dca546381	alternative:"ⱄⱏⱂⰰⱅⰻ"
ⱄⱏⱅⱁ	съто|noun|43433f244c60dc95	alternative:"ⱄⱏⱅⱁ"
ⱄⱐ	сь|pron|5b3bb58f40dbe033	alternative:"ⱄⱐ"
ⱄⱑⰴⰻⱀⱏⰹ	седина|noun|7cb9341a8a5d1034	alternative:"ⱄⱑⰴⰻⱀⱏⰹ"
ⱄⱑⰿⱔ	сѣмѧ|noun|f3c7c1845ec2d65c	alternative:"ⱄⱑⰿⱔ"
ⱄⱑⱋⰹ	сѣщи|verb|b83365ba0ddc604c	alternative:"ⱄⱑⱋⰹ"
ⱄⱔ	сѧ|pron|a123046076182d51	alternative:"ⱄⱔ"
ⱄⱘⰴⱏ	сѫдъ|noun|259d7202777ef1d2	alternative:"ⱄⱘⰴⱏ"
ⱄⱘⱄⱑⰴⱏⰹⱀⰻ	сѫсѣдꙑн҄и|noun|cccfa67b625bc68a	alternative:"ⱄⱘⱄⱑⰴⱏⰹⱀⰻ"
ⱄⱘⱄⱑⰴⱏⰻⱀⰻ	сѫсѣдꙑн҄и|noun|cccfa67b625bc68a	alternative:"ⱄⱘⱄⱑⰴⱏⰻⱀⰻ"
ⱅⰰⰹⱀⱏ	таінъ|adj|3a3baf278c0fc439	alternative:"ⱅⰰⰹⱀⱏ"
ⱅⰲⱃⱐⰴⰻⱅⰻ	тврьдити|verb|76f857634da61b8d	alternative:"ⱅⰲⱃⱐⰴⰻⱅⰻ"
ⱅⱁⰽⱏ	токъ|noun|c9769538694aa29c	alternative:"ⱅⱁⰽⱏ"
ⱅⱃⱆⰴⱏ	троудъ|noun|e83300becd56cf2e	alternative:"ⱅⱃⱆⰴⱏ"
ⱅⱏ	тъ|pron|94cb50435cde61aa	alternative:"ⱅⱏ"
ⱅⱏⰺ	тꙑ|pron|a8fe6ade58018a8b	alternative:"ⱅⱏⰺ"
ⱅⱐⰿⰰ	тьма|noun|b2e1939eab161700	alternative:"ⱅⱐⰿⰰ"
ⱅⱑⰾⱁ	тѣло|noun|56ae46f2d48df563	alternative:"ⱅⱑⰾⱁ"
ⱅⱔⰶⱐⰽⱏ	тѧжькъ|adj|1f44ec6df314cec5	alternative:"ⱅⱔⰶⱐⰽⱏ"
ⱆⰴⰰⰲⰾⰵⱀⰻⱀⰰ	оудавлѥнина|noun|dcc0469e5bd2c3ed	alternative:"ⱆⰴⰰⰲⰾⰵⱀⰻⱀⰰ"
ⱆⰿⱏ	оумъ|noun|36c30b67f61bf6f1	alternative:"ⱆⰿⱏ"
ⱈⰲⰰⰾⰻⱅⰻ	хвалити|verb|4255d363021dda32	alternative:"ⱈⰲⰰⰾⰻⱅⰻ"
ⱈⱁⰴⰻⱅⰻ	ходити|verb|6d45362b381d8643	alternative:"ⱈⱁⰴⰻⱅⰻ"
ⱈⱁⱃⱘⰳⱏⰹ	хорѫгꙑ|noun|8288d641c97683fc	alternative:"ⱈⱁⱃⱘⰳⱏⰹ"
ⱈⱁⱃⱘⰳⱏⰺ	хорѫгꙑ|noun|8288d641c97683fc	alternative:"ⱈⱁⱃⱘⰳⱏⰺ"
ⱈⱁⱃⱘⰳⱏⰻ	хорѫгꙑ|noun|8288d641c97683fc	alternative:"ⱈⱁⱃⱘⰳⱏⰻ"
ⱈⱁⱅⱑⱅⰻ	хотѣти|verb|0931321e0437abeb	alternative:"ⱈⱁⱅⱑⱅⰻ"
ⱌⱑⱀⰰ	цѣна|noun|c5bd7817284b528e	alternative:"ⱌⱑⱀⰰ"
ⱌⱑⱄⰰⱃⱐ	цѣсар҄ь|noun|e6f56d1dc24544ec	alternative:"ⱌⱑⱄⰰⱃⱐ"
ⱍⰰⱄⱏ	часъ|noun|663288b0895c9130	alternative:"ⱍⰰⱄⱏ"
ⱍⰰⱎⰰ	чаша|noun|285d91c5fa1b68b6	alternative:"ⱍⰰⱎⰰ"
ⱍⰵⰾⱁ	чело|noun|8b24bf96c09572c2	alternative:"ⱍⰵⰾⱁ"
ⱍⰵⱅⰲⱃⱐⱅⱏ	четврьтъ|adj|3e946dde949aa271	alternative:"ⱍⰵⱅⰲⱃⱐⱅⱏ"
ⱍⰺⱄⱅⱁⱄⱅⱐ	чистость|noun|54ea5a1d4253dc9f	alternative:"ⱍⰺⱄⱅⱁⱄⱅⱐ"
ⱍⱃⱐⰲⰾ҄ⰵⱀⱏ	чрьвл҄енъ|adj|0146d477def6f307	alternative:"ⱍⱃⱐⰲⰾ҄ⰵⱀⱏ"
ⱍⱃⱐⰲⱐ	чрьвь|noun|6cb8be5072b215bb	alternative:"ⱍⱃⱐⰲⱐ"
ⱍⱃⱐⰲⱐⱌⱐ	чрьвьць|noun|20b4c26ebc665995	alternative:"ⱍⱃⱐⰲⱐⱌⱐ"
ⱍⱐⱂⱐⱃⱐ	чьпьрь|noun|57bb82bf0bf021ef	alternative:"ⱍⱐⱂⱐⱃⱐ"
ⱍⱔⰴⱁ	чѧдо|noun|6abb18aa075f1f68	alternative:"ⱍⱔⰴⱁ"
ⱑⰳⱁⰴⰰ	агода|noun|80d81badb8567770	alternative:"ⱑⰳⱁⰴⰰ"
ⱒⰾⱏⰿⱏ	хлъмъ|noun|04c39614e25d7618	alternative:"ⱒⰾⱏⰿⱏ"
ⱔⰷⰰ	ѧꙃа|noun|9ef4460cacf1cfc4	alternative:"ⱔⰷⰰ"
ⱔⰸⰰ	ѧꙃа|noun|9ef4460cacf1cfc4	alternative:"ⱔⰸⰰ"
ⱗⰷⰰ	ѧꙃа|noun|9ef4460cacf1cfc4	alternative:"ⱗⰷⰰ"
ⱗⰸⰰ	ѧꙃа|noun|9ef4460cacf1cfc4	alternative:"ⱗⰸⰰ"
ⱗⰸⱏⰹⰽⱏ	ѩзꙑкъ|noun|ffdd0325895673b8	alternative:"ⱗⰸⱏⰹⰽⱏ"
ⱘⰸⱏⰽⱏ	ѫзъкъ|adj|0c0fb5b328da5523	alternative:"ⱘⰸⱏⰽⱏ"
ꙁеѵсъ	ꙁеѵсъ|noun|46bd62a3392e1ee7	canonical:"Ꙁеѵсъ" || page:"Ꙁеѵсъ"
ꙁмїа	змиꙗ|noun|2000fb2513dd1d66	alternative:"ꙁмїа"
ꙁємл҄ѣ	земл҄ꙗ|noun|60e9a3198ea41ad8	alternative:"ꙁємл҄ѣ"
ꙁємлꙗ	земл҄ꙗ|noun|60e9a3198ea41ad8	alternative:"ꙁємлꙗ"
ꙉазофилакиꙗ	газофилакиꙗ|noun|e75d5c92e37512ee	alternative:"ꙉазофилакиꙗ"
ꙗблань	аблань|noun|c6041ad73a304b13	alternative:"ꙗблань"
ꙗвити	авити|verb|8003baa455c6b112	alternative:"ꙗвити"
ꙗгньць	агньць|noun|2c37c8984ac3639b	alternative:"ꙗгньць"
ꙗдениѥ	ꙗдениѥ|noun|2d3fd2b5e1df6906	canonical:"ꙗдениѥ" || page:"ꙗдениѥ"
ꙗдра	ꙗдра|noun|ee4f6113360b72fa	canonical:"ꙗдра" || page:"ꙗдра"
ꙗдъ	ꙗдъ|noun|e4e773fb4ed5c824	canonical:"ꙗдъ" || page:"ꙗдъ"
ꙗдь	ꙗдь|noun|e69f22fdfe983295	canonical:"ꙗдь" || page:"ꙗдь"
ꙗдьца	ꙗдьцꙗ|noun|e9eac66981cbe06b	page:"ꙗдьца"
ꙗдьцꙗ	ꙗдьцꙗ|noun|e9eac66981cbe06b	canonical:"ꙗдьцꙗ"
ꙗзва	ꙗзва|noun|526bac319ed86af6	canonical:"ꙗзва" || page:"ꙗзва"
ꙗзвина	ꙗзвина|noun|f82deb87da74a03c	canonical:"ꙗзвина" || page:"ꙗзвина"
ꙗздити	ꙗздити|verb|05ee59e55e69c423	canonical:"ꙗздити" || page:"ꙗздити"
ꙗзꙑкъ	ѩзꙑкъ|noun|ffdd0325895673b8	alternative:"ꙗзꙑкъ"
ꙗма	ꙗма|noun|6e0dad2824d07278	canonical:"ꙗма" || page:"ꙗма"
ꙗребица	ерѧбица|noun|9802919987746a01	alternative:"ꙗребица"
ꙗрость	ꙗрость|noun|bdbbc3f53582c3c3	canonical:"ꙗрость" || page:"ꙗрость"
ꙗръ	ꙗръ|adj|fb9943caf7e35d8f	canonical:"ꙗръ" || page:"ꙗръ"
ꙗрьмъ	ꙗрьмъ|noun|f4811d752c238d1a	canonical:"ꙗрьмъ" || page:"ꙗрьмъ"
ꙗрьмьникъ	ꙗрьмьникъ|noun|f65b9472e40fd50e	canonical:"ꙗрьмьникъ" || page:"ꙗрьмьникъ"
ꙗсли	ꙗсли|noun|8a5291f457b1bcbf	canonical:"ꙗсли" || page:"ꙗсли"
ꙗснъ	ꙗснъ|adj|461db94e9ecb3665	canonical:"ꙗснъ" || page:"ꙗснъ"
ꙗти	ѩти|verb|8d0d7e93dd7bf143	alternative:"ꙗти"
ꙗто	ꙗто|noun|73d64df870cf55ca	canonical:"ꙗто" || page:"ꙗто"
ꙗхати	ꙗхати|verb|364758dc05847738	canonical:"ꙗхати" || page:"ꙗхати"
ꙙза	ѧꙃа|noun|9ef4460cacf1cfc4	alternative:"ꙙза"
ꙙѕа	ѧꙃа|noun|9ef4460cacf1cfc4	alternative:"ꙙѕа"
ꙙꙁа	ѧꙃа|noun|9ef4460cacf1cfc4	alternative:"ꙙꙁа"
ꙙꙁꙑкъ	ѩзꙑкъ|noun|ffdd0325895673b8	alternative:"ꙙꙁꙑкъ"
ꙝза	ѧꙃа|noun|9ef4460cacf1cfc4	alternative:"ꙝза"
ꙝѕа	ѧꙃа|noun|9ef4460cacf1cfc4	alternative:"ꙝѕа"
ꙝꙁа	ѧꙃа|noun|9ef4460cacf1cfc4	alternative:"ꙝꙁа"
ꙩко	око|noun|3c865b640ba360ee	alternative:"ꙩко"
ꙫчи	око|noun|3c865b640ba360ee	alternative:"ꙫчи"
ꙭчи	око|noun|3c865b640ba360ee	alternative:"ꙭчи"
