rank	packet_id	family_id	member_candidate_ids	lemmas	parts_of_speech	surfaces	raw_tokens	unique_tokens	overlap_adjusted_tokens	document_frequency	lexeme_ids	proposed_cells	evidence_roles	missing_evidence	contradictions	false_grouping_risks	predicted_top_1	predicted_top_k	predicted_ambiguity	predicted_abstention_reduction	evaluation_exclusions	readiness	effort	decision	reviewer_reason
1	synodal:recovery-batch:lexeme:synodal:noun:wikt-63ff1354644b	family:synodal:noun:wikt-63ff1354644b	synodal:family-candidate:6d834edc78c1dd7e96ba3850,synodal:family-candidate:88c340c97d1648eafaa5c40f	кровъ,кровь	noun,unknown	кровь:445,крове:289,крови:94	828	828	828	705	synodal:noun:wikt-63ff1354644b	nominative+plural+vocative,possible-nominative-plural,possible-vocative-or-finite-verb,singular+vocative,ud:NOUN:Case=Acc+Gender=Fem+Number=Sing,ud:NOUN:Case=Loc+Gender=Masc+Number=Sing,ud:NOUN:Case=Nom+Gender=Masc+Number=Plur,untyped	lexical-semantic-candidate,target-surface,typed-cell-candidate	source-partition-exact-cell-evidence; evaluation candidates cannot license runtime facts,target-lexeme-identity,target-morphological-cell	OCS dictionary morphology is candidate evidence, not a Synodal paradigm | an OCS treebank cell requires an independent exact Synodal surface witness | more than one source-partition treebank lemma or cell matches the target surface	candidate members cross parts of speech | consolidated packet still requires identity agreement for every member	828	828	0	828		partial	medium	deferred	Deferred after v0.5 review: OCS dictionary membership supplies candidate evidence only; target-recension identity, semantics, exact typed cells, accents, and any productive metadata remain independently unsupported. | Deferred after v0.5 review: repeated target surfaces do not establish lemma identity, semantics, exact morphological cells, principal parts, accent class, or a productive Synodal rule.
2	synodal:family-candidate:1fee7bfc919b448e826f92d8	candidate-family:synodal:family-candidate:1fee7bfc919b448e826f92d8	synodal:family-candidate:1fee7bfc919b448e826f92d8	заⷱ҇	unknown	заⷱ҇:585	585	585	585	585		untyped	target-surface	target-lexeme-identity,target-morphological-cell			585	585	0	585		partial	medium	deferred	Deferred after review: the target corpus establishes a recurring titlo or superscript surface, but semantic expansion, exact grammatical cells, required marks, and reversibility are not yet independently specified.
3	synodal:family-candidate:0905f0505956190603380027	family:synodal:preposition:wikt-888f1052c6db	synodal:family-candidate:0905f0505956190603380027	оу / Ꙋ / ꙋ	ambiguous	ᲂу:544	544	544	544	516	synodal:preposition:wikt-888f1052c6db	alternative,lemma+lowercase,lemma+uppercase	lexical-semantic-candidate,target-surface	source-partition-exact-cell-evidence; evaluation candidates cannot license runtime facts,target-lexeme-identity,target-morphological-cell	OCS dictionary morphology is candidate evidence, not a Synodal paradigm | more than one lexical identity is compatible with at least one surface	candidate evidence preserves lexical or cell ambiguity	0	544	544	544	ponomar-elizabeth-bible-2026-08-09:II_Kings.9.10	partial	medium	deferred	Deferred after review: multiple lexical identities or grammatical cells remain compatible. Corpus frequency and OCS dictionary candidates cannot resolve the target-recension ambiguity; all candidates must remain visible.
4	synodal:family-candidate:8805aca56dc85be598d8d6ee	family:synodal:noun:v06-b656255241f904d4	synodal:family-candidate:8805aca56dc85be598d8d6ee	вина / вино	ambiguous	вїна:242,вїно:225	467	467	467	431	synodal:noun:v06-b656255241f904d4	accusative+genitive+nominative+plural+singular+vocative,accusative+lemma+nominative+singular+vocative,lemma+nominative+singular,possible-nominative-feminine-or-genitive-accusative,singular+vocative,ud:NOUN:Case=Acc+Gender=Neut+Number=Sing,ud:NOUN:Case=Gen+Gender=Neut+Number=Sing,ud:NOUN:Case=Nom+Gender=Fem+Number=Sing,ud:NOUN:Case=Nom+Gender=Neut+Number=Sing	lexical-semantic-candidate,target-surface,typed-cell-candidate	identity-or-spelling-variant-decision,source-partition-exact-cell-evidence; evaluation candidates cannot license runtime facts,target-lexeme-identity,target-morphological-cell	OCS dictionary morphology is candidate evidence, not a Synodal paradigm | an OCS treebank cell requires an independent exact Synodal surface witness | more than one lexical identity is compatible with at least one surface | more than one source-partition treebank lemma or cell matches the target surface	candidate evidence preserves lexical or cell ambiguity	0	467	467	467	ponomar-elizabeth-bible-2026-08-09:Acts.10.29,ponomar-elizabeth-bible-2026-08-09:Acts.28.18	partial	medium	deferred	Deferred after review: multiple lexical identities or grammatical cells remain compatible. Corpus frequency and OCS dictionary candidates cannot resolve the target-recension ambiguity; all candidates must remain visible.
5	synodal:family-candidate:149e6b45ae1f4092f680fb2d	candidate-family:synodal:family-candidate:149e6b45ae1f4092f680fb2d	synodal:family-candidate:149e6b45ae1f4092f680fb2d	мцⷭ҇-	unknown	мцⷭ҇а:375,мцⷭ҇ы:56	431	431	431	389		possible-nominative-feminine-or-genitive-accusative,possible-nominative-plural	target-surface	target-lexeme-identity,target-morphological-cell			431	431	0	431		partial	medium	deferred	Deferred after v0.5 review: the target corpus establishes the exact marked surface, but the semantic expansion, every compatible typed cell, mark order, positional restrictions, and reverse-registry behavior are not jointly established by independent target-recension evidence.
6	synodal:family-candidate:29d633540f4b10cbe6ff470f	family:synodal:pronoun:v06-7cb9fbdd604c5a70	synodal:family-candidate:29d633540f4b10cbe6ff470f	нею	unknown	нею:148	148	148	148	142	synodal:pronoun:v06-7cb9fbdd604c5a70	ud:PRON:Case=Gen+Gender=Fem+Number=Dual+Person=3+PronType=Prs,ud:PRON:Case=Gen+Gender=Masc+Number=Dual+Person=3+PronType=Prs,ud:PRON:Case=Loc+Gender=Fem+Number=Sing+Person=3+PronType=Prs,ud:PRON:Case=Loc+Gender=Fem,Masc+Number=Dual+Person=3+PronType=Prs,ud:PRON:Case=Loc+Gender=Masc+Number=Dual+Person=3+PronType=Prs,untyped	target-surface,typed-cell-candidate	accent-or-printed-orthography,accentclass	an OCS treebank cell requires an independent exact Synodal surface witness | more than one source-partition treebank lemma or cell matches the target surface		148	148	0	148	ponomar-elizabeth-bible-2026-08-09:Acts.3.5,ponomar-elizabeth-bible-2026-08-09:Acts.3.5,ponomar-elizabeth-bible-2026-08-09:Composite.1.2,ponomar-elizabeth-bible-2026-08-09:Composite.7.2,ponomar-elizabeth-bible-2026-08-09:Acts.14.27,ponomar-elizabeth-bible-2026-08-09:Acts.3.5,ponomar-elizabeth-bible-2026-08-09:Acts.14.27,ponomar-elizabeth-bible-2026-08-09:Acts.14.27,ponomar-elizabeth-bible-2026-08-09:Acts.3.5,ponomar-elizabeth-bible-2026-08-09:Acts.3.5,ponomar-elizabeth-bible-2026-08-09:Acts.13.3,ponomar-elizabeth-bible-2026-08-09:Acts.13.3	ready	small	candidate-unreviewed	surface grouping is diagnostic only; target identity and complete morphology require review
7	synodal:family-candidate:2d79ea08c6c2b33acd455518	family:synodal:noun:yazyk	synodal:family-candidate:2d79ea08c6c2b33acd455518	ꙗзыкъ	unknown	ꙗзыкъ:186,ѧзыкъ:156	342	342	342	338	synodal:noun:yazyk	untyped	target-surface	accent-or-printed-orthography,accentclass,identity-or-spelling-variant-decision			342	342	0	342	ponomar-elizabeth-bible-2026-08-09:Acts.17.26	partial	medium	deferred	Deferred after v0.5 review: a reviewed runtime lexeme is compatible, but the exact printed variant, accent or positional behavior, and typed cell are not independently cited together. Accentless similarity is not an admission.
8	synodal:family-candidate:4b5d1b78a60160742144c55e	family:synodal:pronoun:izhe	synodal:family-candidate:4b5d1b78a60160742144c55e	неже	pronoun	неже:340	340	340	340	313	synodal:pronoun:izhe	lemma,possible-vocative-or-finite-verb,ud:PRON:Case=Acc+Gender=Neut+Number=Sing+PronType=Rel	lexical-semantic-candidate,target-surface,typed-cell-candidate	target-lexeme-identity,target-morphological-cell	OCS dictionary morphology is candidate evidence, not a Synodal paradigm | an OCS treebank cell requires an independent exact Synodal surface witness		340	340	0	340	ponomar-elizabeth-bible-2026-08-09:Acts.4.25,ponomar-elizabeth-bible-2026-08-09:Acts.1.2,ponomar-elizabeth-bible-2026-08-09:Apoc.2.13,ponomar-elizabeth-bible-2026-08-09:Deut.4.5,ponomar-elizabeth-bible-2026-08-09:Acts.3.15,ponomar-elizabeth-bible-2026-08-09:Acts.3.15,ponomar-elizabeth-bible-2026-08-09:Acts.13.39,ponomar-elizabeth-bible-2026-08-09:Acts.23.28,ponomar-elizabeth-bible-2026-08-09:Col.1.9,ponomar-elizabeth-bible-2026-08-09:Epistle.1.2,ponomar-elizabeth-bible-2026-08-09:Apoc.18.6,ponomar-elizabeth-bible-2026-08-09:Acts.6.10,ponomar-elizabeth-bible-2026-08-09:Gen.24.7,ponomar-elizabeth-bible-2026-08-09:Acts.20.28,ponomar-elizabeth-bible-2026-08-09:Acts.6.9	partial	medium	deferred	Deferred after v0.5 review: OCS dictionary membership supplies candidate evidence only; target-recension identity, semantics, exact typed cells, accents, and any productive metadata remain independently unsupported.
9	synodal:family-candidate:30170756785627a9b47f3b4e	family:synodal:pronoun:toi	synodal:family-candidate:30170756785627a9b47f3b4e	тыѧ	unknown	тыѧ:126	126	126	126	118	synodal:pronoun:toi	possible-nominative-feminine-or-genitive-accusative	target-surface	accent-or-printed-orthography,accentclass			126	126	0	126	ponomar-elizabeth-bible-2026-08-09:Matthew 3:11	ready	small	deferred	Deferred after v0.5 structured-route review: a spelling relationship is diagnostic only; exact target identity, printed accent or positional behavior, and every compatible typed cell are not independently cited together.
10	synodal:recovery-batch:lexeme:synodal:verb:wikt-332544509d0c	family:synodal:verb:wikt-332544509d0c	synodal:family-candidate:9517d1d0cdeebe8c962dde10,synodal:family-candidate:c534a936c237661247878212	принес-,принесет-	unknown	принесетъ:157,принесете:64,принесꙋтъ:64,принеси:40	325	325	325	295	synodal:verb:wikt-332544509d0c	possible-finite-verb,possible-nominative-plural,possible-vocative-or-finite-verb,ud:VERB:Mood=Imp+Number=Sing+Person=2+Tense=Pres+VerbForm=Fin+Voice=Act,ud:VERB:Mood=Ind+Number=Sing+Person=2+Tense=Pres+VerbForm=Fin+Voice=Act,ud:VERB:Mood=Ind+Number=Sing+Person=3+Tense=Pres+VerbForm=Fin+Voice=Act	target-surface,typed-cell-candidate	target-lexeme-identity,target-morphological-cell	an OCS treebank cell requires an independent exact Synodal surface witness	consolidated packet still requires identity agreement for every member	325	325	0	325	ponomar-elizabeth-bible-2026-08-09:II_Macc.12.43,ponomar-elizabeth-bible-2026-08-09:Ex.32.6,ponomar-elizabeth-bible-2026-08-09:Ex.32.6	partial	medium	split:candidate-unreviewed+deferred	Deferred after v0.5 review: repeated target surfaces do not establish lemma identity, semantics, exact morphological cells, principal parts, accent class, or a productive Synodal rule. | surface grouping is diagnostic only; target identity and complete morphology require review
11	synodal:family-candidate:66062fdfd38a7cbe1c0ed3ea	family:synodal:noun:narod	synodal:family-candidate:66062fdfd38a7cbe1c0ed3ea	народы	unknown	народы:57,народꙋ:57	114	114	114	109	synodal:noun:narod	possible-nominative-plural,untyped	target-surface	accent-or-printed-orthography,accentclass			114	114	0	114		ready	small	deferred	Deferred after v0.5 structured-route review: a spelling relationship is diagnostic only; exact target identity, printed accent or positional behavior, and every compatible typed cell are not independently cited together.
12	synodal:family-candidate:c1385be095299313d9455887	family:synodal:noun:volya	synodal:family-candidate:c1385be095299313d9455887	волꙗ	noun	воли:72,волѧ:42	114	114	114	111	synodal:noun:volya	accusative+dative+dual+locative+nominative+singular+vocative,accusative+genitive+nominative+plural+singular+vocative,possible-nominative-feminine-or-genitive-accusative,possible-nominative-plural,ud:NOUN:Case=Dat+Gender=Fem+Number=Sing,ud:NOUN:Case=Gen+Gender=Fem+Number=Sing,ud:NOUN:Case=Loc+Gender=Fem+Number=Sing	lexical-semantic-candidate,target-surface,typed-cell-candidate	accent-or-printed-orthography,accentclass	OCS dictionary morphology is candidate evidence, not a Synodal paradigm | an OCS treebank cell requires an independent exact Synodal surface witness | more than one source-partition treebank lemma or cell matches the target surface		114	114	0	114		ready	small	candidate-unreviewed	surface grouping is diagnostic only; target identity and complete morphology require review
13	synodal:family-candidate:c3ea05a94ae4630e4353e727	candidate-family:synodal:family-candidate:c3ea05a94ae4630e4353e727	synodal:family-candidate:c3ea05a94ae4630e4353e727	доуша / душа	ambiguous	дꙋша:530	530	530	530	500		alternative,lemma,possible-nominative-feminine-or-genitive-accusative	lexical-semantic-candidate,target-surface	target-lexeme-identity,target-morphological-cell	OCS dictionary morphology is candidate evidence, not a Synodal paradigm | more than one lexical identity is compatible with at least one surface	candidate evidence preserves lexical or cell ambiguity	0	530	530	530		partial	large	deferred	Deferred after review: multiple lexical identities or grammatical cells remain compatible. Corpus frequency and OCS dictionary candidates cannot resolve the target-recension ambiguity; all candidates must remain visible.
14	synodal:family-candidate:a276c29fbb55b9fd45ff6553	family:synodal:pronoun:sei	synodal:family-candidate:a276c29fbb55b9fd45ff6553	сь	pronoun	симъ:98	98	98	98	98	synodal:pronoun:sei	dative+feminine+masculine+neuter+plural,ud:DET:Case=Dat+Gender=Masc+Number=Plur,ud:DET:Case=Dat+Gender=Neut+Number=Plur,ud:DET:Case=Ins+Gender=Masc+Number=Sing,ud:DET:Case=Ins+Gender=Neut+Number=Sing,ud:PRON:Case=Dat+Gender=Masc+Number=Plur,ud:PRON:Case=Dat+Gender=Neut+Number=Plur,ud:PRON:Case=Ins+Gender=Neut+Number=Sing	lexical-semantic-candidate,target-surface,typed-cell-candidate	accent-or-printed-orthography,accentclass	OCS dictionary morphology is candidate evidence, not a Synodal paradigm | an OCS treebank cell requires an independent exact Synodal surface witness | more than one source-partition treebank lemma or cell matches the target surface		98	98	0	98	ponomar-elizabeth-bible-2026-08-09:Acts.1.18,ponomar-elizabeth-bible-2026-08-09:Acts.23.22,ponomar-elizabeth-bible-2026-08-09:Acts.3.16,ponomar-elizabeth-bible-2026-08-09:Acts.3.16,ponomar-elizabeth-bible-2026-08-09:Dan.10.15,ponomar-elizabeth-bible-2026-08-09:Acts.1.16,ponomar-elizabeth-bible-2026-08-09:Acts.2.22,ponomar-elizabeth-bible-2026-08-09:Acts.28.20,ponomar-elizabeth-bible-2026-08-09:Acts.2.40,ponomar-elizabeth-bible-2026-08-09:Acts.28.20,ponomar-elizabeth-bible-2026-08-09:Acts.7.7,ponomar-elizabeth-bible-2026-08-09:Acts.17.6	ready	small	deferred	Deferred after review: the OCS Kaikki entry supplies candidate identity or form evidence only. No independently cited Synodal class, exact cell mapping, accent behavior, and target semantic continuity jointly support admission.
15	synodal:family-candidate:760a006c9c8dab6d6794a02a	family:synodal:verb:v06-55cc70e240bb7ee2	synodal:family-candidate:760a006c9c8dab6d6794a02a	посла	unknown	посла:95	95	95	95	95	synodal:verb:v06-55cc70e240bb7ee2	possible-nominative-feminine-or-genitive-accusative	target-surface	accent-or-printed-orthography,accentclass			95	95	0	95	ponomar-elizabeth-bible-2026-08-09:III_Esdra.5.31,ponomar-elizabeth-bible-2026-08-09:III_Esdra.5.31,ponomar-elizabeth-bible-2026-08-09:Acts.10.8	ready	small	candidate-unreviewed	surface grouping is diagnostic only; target identity and complete morphology require review
16	synodal:family-candidate:3d59cec5118837d618793453	candidate-family:synodal:family-candidate:3d59cec5118837d618793453	synodal:family-candidate:3d59cec5118837d618793453	вниде	verb	вниде:495	495	495	495	486		lemma,possible-vocative-or-finite-verb	lexical-semantic-candidate,target-surface	target-lexeme-identity,target-morphological-cell	OCS dictionary morphology is candidate evidence, not a Synodal paradigm		495	495	0	495		partial	large	deferred	Deferred after review: the OCS Kaikki entry supplies candidate identity or form evidence only. No independently cited Synodal class, exact cell mapping, accent behavior, and target semantic continuity jointly support admission.
17	synodal:family-candidate:1893aac040f4d101c7995197	candidate-family:synodal:family-candidate:1893aac040f4d101c7995197	synodal:family-candidate:1893aac040f4d101c7995197	спⷭ҇ни-	unknown	спⷭ҇нїе:168,спⷭ҇нїѧ:77	245	245	245	239		possible-nominative-feminine-or-genitive-accusative,possible-vocative-or-finite-verb	target-surface	target-lexeme-identity,target-morphological-cell			245	245	0	245		partial	medium	deferred	Deferred after v0.5 structured-route review: the target corpus establishes the marked surface, but semantic expansion, all compatible typed cells, exact combining-mark order, positional restrictions, and reverse-registry behavior are not jointly supported by independent target-recension evidence.
18	synodal:family-candidate:d7fd21bf8bb6fa0535cd6ce8	family:synodal:noun:bog	synodal:family-candidate:d7fd21bf8bb6fa0535cd6ce8	боги	unknown	боги:91	91	91	91	90	synodal:noun:bog	possible-nominative-plural	target-surface	accent-or-printed-orthography,accentclass			91	91	0	91	ponomar-elizabeth-bible-2026-08-09:Acts.4.24,ponomar-elizabeth-bible-2026-08-09:Acts.16.25,ponomar-elizabeth-bible-2026-08-09:Acts.5.29,ponomar-elizabeth-bible-2026-08-09:Acts.4.24,ponomar-elizabeth-bible-2026-08-09:Acts.2.22,ponomar-elizabeth-bible-2026-08-09:Acts.8.21,ponomar-elizabeth-bible-2026-08-09:Col.3.3,ponomar-elizabeth-bible-2026-08-09:Dan.6.7,ponomar-elizabeth-bible-2026-08-09:Epistle.1.22,ponomar-elizabeth-bible-2026-08-09:Deut.12.2,ponomar-elizabeth-bible-2026-08-09:Deut.4.7,ponomar-elizabeth-bible-2026-08-09:Deut.4.7,ponomar-elizabeth-bible-2026-08-09:Deut.12.2,ponomar-elizabeth-bible-2026-08-09:Deut.4.7	ready	small	deferred	Deferred after v0.5 structured-route review: a spelling relationship is diagnostic only; exact target identity, printed accent or positional behavior, and every compatible typed cell are not independently cited together.
19	synodal:family-candidate:58b2a3eb31783cf4c73e000a	family:synodal:verb:sotvoriti	synodal:family-candidate:58b2a3eb31783cf4c73e000a	сотвори	unknown	сотвори:90	90	90	90	90	synodal:verb:sotvoriti	possible-nominative-plural	target-surface	accent-or-printed-orthography,accentclass			90	90	0	90	ponomar-elizabeth-bible-2026-08-09:Acts.7.41,ponomar-elizabeth-bible-2026-08-09:Acts.2.22,ponomar-elizabeth-bible-2026-08-09:Acts.13.22	ready	small	deferred	Deferred after v0.5 structured-route review: a spelling relationship is diagnostic only; exact target identity, printed accent or positional behavior, and every compatible typed cell are not independently cited together.
20	synodal:family-candidate:a3bc9091ec3358aede726873	family:synodal:adverb:wikt-4f4b6240f36e	synodal:family-candidate:a3bc9091ec3358aede726873	горе	unknown	горе:238	238	238	238	198	synodal:adverb:wikt-4f4b6240f36e	possible-vocative-or-finite-verb,ud:ADJ:Case=Acc+Degree=Cmp+Gender=Neut+Number=Sing+Variant=Short,ud:ADJ:Case=Nom+Degree=Cmp+Gender=Neut+Number=Sing+Variant=Short,ud:ADJ:Case=Nom+Degree=Pos+Gender=Neut+Number=Sing+Variant=Short	target-surface,typed-cell-candidate	identity-or-spelling-variant-decision	an OCS treebank cell requires an independent exact Synodal surface witness | more than one source-partition treebank lemma or cell matches the target surface		238	238	0	238	ponomar-elizabeth-bible-2026-08-09:Amos.4.1	partial	medium	deferred	Deferred after v0.6 top-200 review: inspected diagnostic surfaces го́ре. Target frequency and grouping do not establish identity-or-spelling-variant-decision; no runtime fact is enabled.
21	synodal:family-candidate:d980f60ad89212d807bffe53	family:synodal:noun:day	synodal:family-candidate:d980f60ad89212d807bffe53	дни	unknown	дни:87	87	87	87	84	synodal:noun:day	possible-nominative-plural,ud:NOUN:Case=Acc+Gender=Masc+Number=Plur,ud:NOUN:Case=Loc+Gender=Masc+Number=Sing	target-surface,typed-cell-candidate	accent-or-printed-orthography,accentclass	an OCS treebank cell requires an independent exact Synodal surface witness | more than one source-partition treebank lemma or cell matches the target surface		87	87	0	87		ready	small	deferred	Deferred after v0.5 structured-route review: a spelling relationship is diagnostic only; exact target identity, printed accent or positional behavior, and every compatible typed cell are not independently cited together.
22	synodal:family-candidate:32d274c72a1dd5e090941881	candidate-family:synodal:family-candidate:32d274c72a1dd5e090941881	synodal:family-candidate:32d274c72a1dd5e090941881	камꙑ	noun	камень:257,камени:107,камене:95	459	459	459	398		accusative+dative+dual+nominative+plural+singular+vocative,accusative+singular,genitive+locative+nominative+plural+singular+vocative,possible-nominative-plural,possible-vocative-or-finite-verb,ud:NOUN:Case=Acc+Gender=Masc+Number=Sing,ud:NOUN:Case=Dat+Gender=Masc+Number=Sing,ud:NOUN:Case=Gen+Gender=Masc+Number=Sing,ud:NOUN:Case=Gen+Gender=Neut+Number=Sing,ud:NOUN:Case=Loc+Gender=Masc+Number=Sing,ud:NOUN:Case=Loc+Gender=Neut+Number=Sing,ud:NOUN:Case=Nom+Gender=Masc+Number=Sing	lexical-semantic-candidate,target-surface,typed-cell-candidate	source-partition-exact-cell-evidence; evaluation candidates cannot license runtime facts,target-lexeme-identity,target-morphological-cell	OCS dictionary morphology is candidate evidence, not a Synodal paradigm | an OCS treebank cell requires an independent exact Synodal surface witness | more than one source-partition treebank lemma or cell matches the target surface		459	459	0	459		partial	large	deferred	Deferred after review: the OCS Kaikki entry supplies candidate identity or form evidence only. No independently cited Synodal class, exact cell mapping, accent behavior, and target semantic continuity jointly support admission.
23	synodal:family-candidate:ad2cffd56c45c583d184f4e0	candidate-family:synodal:family-candidate:ad2cffd56c45c583d184f4e0	synodal:family-candidate:ad2cffd56c45c583d184f4e0	злато	noun	злата:268,златомъ:144,златъ:40	452	452	452	389		accusative+genitive+nominative+plural+singular+vocative,dative+instrumental+plural+singular,genitive+plural,possible-dative-plural-or-instrumental-singular,possible-finite-verb,possible-nominative-feminine-or-genitive-accusative,ud:NOUN:Case=Gen+Gender=Neut+Number=Sing,ud:NOUN:Case=Ins+Gender=Neut+Number=Sing	lexical-semantic-candidate,target-surface,typed-cell-candidate	source-partition-exact-cell-evidence; evaluation candidates cannot license runtime facts,target-lexeme-identity,target-morphological-cell	OCS dictionary morphology is candidate evidence, not a Synodal paradigm | an OCS treebank cell requires an independent exact Synodal surface witness		452	452	0	452		partial	large	deferred	Deferred after v0.5 review: OCS dictionary membership supplies candidate evidence only; target-recension identity, semantics, exact typed cells, accents, and any productive metadata remain independently unsupported.
24	synodal:family-candidate:6a834fb46144f8884aff5b5b	family:synodal:verb:wikt-ffe65f68245a	synodal:family-candidate:6a834fb46144f8884aff5b5b	написати	verb	написа:120,напиши:55,написана:50	225	225	225	217	synodal:verb:wikt-ffe65f68245a	accusative+dual+feminine+genitive+masculine+neuter+nominative+plural+short-form+singular,aorist+error-unrecognized-form+singular,error-unrecognized-form+imperative+singular,possible-finite-verb,possible-nominative-feminine-or-genitive-accusative,possible-nominative-plural,ud:VERB:Aspect=Perf+Mood=Ind+Number=Sing+Person=3+Tense=Past+VerbForm=Fin+Voice=Act,ud:VERB:Case=Acc+Gender=Neut+Number=Plur+Tense=Past+Variant=Short+VerbForm=Part+Voice=Pass,ud:VERB:Case=Nom+Gender=Neut+Number=Plur+Tense=Past+Variant=Short+VerbForm=Part+Voice=Pass,ud:VERB:Mood=Imp+Number=Sing+Person=2+Tense=Pres+VerbForm=Fin+Voice=Act	lexical-semantic-candidate,target-surface,typed-cell-candidate	target-lexeme-identity,target-morphological-cell	OCS dictionary morphology is candidate evidence, not a Synodal paradigm | an OCS treebank cell requires an independent exact Synodal surface witness | more than one source-partition treebank lemma or cell matches the target surface		225	225	0	225	ponomar-elizabeth-bible-2026-08-09:III_Macc.4.10	partial	medium	deferred	Deferred after v0.6 top-200 review: inspected diagnostic surfaces Написа́, напишѝ, напи̑сана. Target frequency and grouping do not establish target-lexeme-identity, target-morphological-cell; no runtime fact is enabled.
25	synodal:family-candidate:e1f48fe7b3d835b0fb312493	family:synodal:noun:lyubov	synodal:family-candidate:e1f48fe7b3d835b0fb312493	любовь	unknown	любовь:83	83	83	83	81	synodal:noun:lyubov	untyped	target-surface	accent-or-printed-orthography,accentclass			83	83	0	83		ready	small	deferred	Deferred after v0.5 structured-route review: a spelling relationship is diagnostic only; exact target identity, printed accent or positional behavior, and every compatible typed cell are not independently cited together.
26	synodal:family-candidate:6f811dd4b17d263e8c136d9b	family:synodal:verb:wikt-78da2d05497d	synodal:family-candidate:6f811dd4b17d263e8c136d9b	вид-	unknown	видитъ:84,видиши:70,видѧтъ:58	212	212	212	210	synodal:verb:wikt-78da2d05497d	possible-finite-verb,possible-nominative-plural,ud:VERB:Case=Acc+VerbForm=Sup,ud:VERB:Mood=Ind+Number=Plur+Person=3+Tense=Pres+VerbForm=Fin+Voice=Act,ud:VERB:Mood=Ind+Number=Sing+Person=2+Tense=Pres+VerbForm=Fin+Voice=Act,ud:VERB:Mood=Ind+Number=Sing+Person=3+Tense=Pres+VerbForm=Fin+Voice=Act,ud:VERB:Tense=Pres+VerbForm=Inf+Voice=Act	target-surface,typed-cell-candidate	target-lexeme-identity,target-morphological-cell	an OCS treebank cell requires an independent exact Synodal surface witness | more than one source-partition treebank lemma or cell matches the target surface		212	212	0	212	ponomar-elizabeth-bible-2026-08-09:Dan.13.26,ponomar-elizabeth-bible-2026-08-09:Apoc.1.20,ponomar-elizabeth-bible-2026-08-09:Acts.3.16,ponomar-elizabeth-bible-2026-08-09:Acts.7.34,ponomar-elizabeth-bible-2026-08-09:Deut.29.2,ponomar-elizabeth-bible-2026-08-09:Acts.13.12,ponomar-elizabeth-bible-2026-08-09:Acts.10.3,ponomar-elizabeth-bible-2026-08-09:Mt.25.38,ponomar-elizabeth-bible-2026-08-09:Job.29.8,ponomar-elizabeth-bible-2026-08-09:Acts.10.3,ponomar-elizabeth-bible-2026-08-09:Deut.29.2,ponomar-elizabeth-bible-2026-08-09:Baruch.4.36	partial	medium	deferred	Deferred after v0.6 top-200 review: inspected diagnostic surfaces ви́дитъ, ви́диши, ви́дѧтъ. Target frequency and grouping do not establish target-lexeme-identity, target-morphological-cell; no runtime fact is enabled.
27	synodal:family-candidate:aee59c5b05f3a7c58c05dce2	candidate-family:synodal:family-candidate:aee59c5b05f3a7c58c05dce2	synodal:family-candidate:aee59c5b05f3a7c58c05dce2	мцⷭ҇ъ	unknown	мцⷭ҇ъ:209	209	209	209	203		untyped	target-surface	target-lexeme-identity,target-morphological-cell			209	209	0	209		partial	medium	deferred	Deferred after v0.5 structured-route review: the target corpus establishes the marked surface, but semantic expansion, all compatible typed cells, exact combining-mark order, positional restrictions, and reverse-registry behavior are not jointly supported by independent target-recension evidence.
28	synodal:family-candidate:5a84d6956f50f3e6de2826e2	candidate-family:synodal:family-candidate:5a84d6956f50f3e6de2826e2	synodal:family-candidate:5a84d6956f50f3e6de2826e2	нань	pronoun	нань:410	410	410	410	387		lemma	lexical-semantic-candidate,target-surface	target-lexeme-identity,target-morphological-cell	OCS dictionary morphology is candidate evidence, not a Synodal paradigm		410	410	0	410		partial	large	deferred	Deferred after v0.5 review: OCS dictionary membership supplies candidate evidence only; target-recension identity, semantics, exact typed cells, accents, and any productive metadata remain independently unsupported.
29	synodal:family-candidate:f85ca5458d69dd6387a90fe3	family:synodal:preposition:wikt-3ed58a49777e	synodal:family-candidate:f85ca5458d69dd6387a90fe3	ѽ	unknown	ѽ:205	205	205	205	199	synodal:preposition:wikt-3ed58a49777e	untyped	target-surface	identity-or-spelling-variant-decision			205	205	0	205	ponomar-elizabeth-bible-2026-08-09:Acts.1.1	partial	medium	deferred	Deferred after v0.6 top-200 review: inspected diagnostic surfaces ѽ. Target frequency and grouping do not establish identity-or-spelling-variant-decision; no runtime fact is enabled.
30	synodal:family-candidate:c65f3c90ce0fc79987f0c494	candidate-family:synodal:family-candidate:c65f3c90ce0fc79987f0c494	synodal:family-candidate:c65f3c90ce0fc79987f0c494	блгⷣть	unknown	блгⷣть:204	204	204	204	192		untyped	target-surface	target-lexeme-identity,target-morphological-cell			204	204	0	204		partial	medium	deferred	Deferred after v0.5 structured-route review: the target corpus establishes the marked surface, but semantic expansion, all compatible typed cells, exact combining-mark order, positional restrictions, and reverse-registry behavior are not jointly supported by independent target-recension evidence.
31	synodal:recovery-batch:lexeme:synodal:verb:wikt-77c5af0d1191	family:synodal:verb:wikt-77c5af0d1191	synodal:family-candidate:4f77057677be846ca93ede7d,synodal:family-candidate:9234e7a242d54138af86ac2a	идемъ,идетъ	unknown	идетъ:146,идемъ:58	204	204	204	198	synodal:verb:wikt-77c5af0d1191	possible-finite-verb,ud:VERB:Mood=Ind+Number=Plur+Person=1+Tense=Pres+VerbForm=Fin+Voice=Act,ud:VERB:Mood=Ind+Number=Sing+Person=3+Tense=Pres+VerbForm=Fin+Voice=Act,untyped	target-surface,typed-cell-candidate	target-lexeme-identity,target-morphological-cell	an OCS treebank cell requires an independent exact Synodal surface witness | more than one source-partition treebank lemma or cell matches the target surface	consolidated packet still requires identity agreement for every member	204	204	0	204	ponomar-elizabeth-bible-2026-08-09:Eccles.1.7,ponomar-elizabeth-bible-2026-08-09:I_Kings.17.43,ponomar-elizabeth-bible-2026-08-09:Deut.4.3,ponomar-elizabeth-bible-2026-08-09:Acts.8.26,ponomar-elizabeth-bible-2026-08-09:Acts.8.26,ponomar-elizabeth-bible-2026-08-09:Composite.8.5	partial	medium	candidate-unreviewed	surface grouping is diagnostic only; target identity and complete morphology require review
32	synodal:recovery-batch:lexeme:synodal:verb:wikt-833c90610c4d	family:synodal:verb:wikt-833c90610c4d	synodal:family-candidate:00776f98da1caaf158e395d9,synodal:family-candidate:a7ced1da9e1a53c4bc40e9d2	глаголати,гл҃-	unknown,verb	гл҃а:80,глаголите:63,глаголалъ:53	196	196	196	188	synodal:verb:wikt-833c90610c4d	error-unrecognized-form+imperative+plural,l-participle+masculine+singular,possible-nominative-feminine-or-genitive-accusative,possible-vocative-or-finite-verb,ud:VERB:Aspect=Perf+Mood=Ind+Number=Sing+Person=3+Tense=Past+VerbForm=Fin+Voice=Act	lexical-semantic-candidate,target-surface,typed-cell-candidate	target-lexeme-identity,target-morphological-cell	OCS dictionary morphology is candidate evidence, not a Synodal paradigm | an OCS treebank cell requires an independent exact Synodal surface witness	candidate members cross parts of speech | consolidated packet still requires identity agreement for every member	196	196	0	196	ponomar-elizabeth-bible-2026-08-09:Acts.5.40,ponomar-elizabeth-bible-2026-08-09:Ex.23.13,ponomar-elizabeth-bible-2026-08-09:Acts.3.21,ponomar-elizabeth-bible-2026-08-09:Ex.23.13,ponomar-elizabeth-bible-2026-08-09:III_Esdra.9.4,ponomar-elizabeth-bible-2026-08-09:Baruch.2.24,ponomar-elizabeth-bible-2026-08-09:Acts.1.3,ponomar-elizabeth-bible-2026-08-09:Ex.6.29,ponomar-elizabeth-bible-2026-08-09:Amos.1.9,ponomar-elizabeth-bible-2026-08-09:Acts.18.9,ponomar-elizabeth-bible-2026-08-09:Dan.10.16,ponomar-elizabeth-bible-2026-08-09:Ex.12.31,ponomar-elizabeth-bible-2026-08-09:III_Kings.12.10	partial	medium	split:candidate-unreviewed+deferred	Deferred after review: the target corpus establishes a recurring titlo or superscript surface, but semantic expansion, exact grammatical cells, required marks, and reversibility are not yet independently specified. | surface grouping is diagnostic only; target identity and complete morphology require review
33	synodal:family-candidate:5574254473da5ee285a5b15e	family:synodal:proper-noun:wikt-246df9e425fa	synodal:family-candidate:5574254473da5ee285a5b15e	Аарѡнъ	proper-noun	аарѡна:130,аарѡни:59	189	189	189	179	synodal:proper-noun:wikt-246df9e425fa	accusative+dual+genitive+nominative+singular+vocative,nominative+plural+vocative,possible-nominative-feminine-or-genitive-accusative,possible-nominative-plural,ud:PROPN:Case=Gen+Gender=Masc+Number=Sing	lexical-semantic-candidate,target-surface,typed-cell-candidate	target-lexeme-identity,target-morphological-cell	OCS dictionary morphology is candidate evidence, not a Synodal paradigm | an OCS treebank cell requires an independent exact Synodal surface witness		189	189	0	189	ponomar-elizabeth-bible-2026-08-09:Ex.18.12	partial	medium	candidate-unreviewed	surface grouping is diagnostic only; target identity and complete morphology require review
34	synodal:family-candidate:0388820c1d80d02c21b3b3d4	family:synodal:noun:wikt-4269288a7756	synodal:family-candidate:0388820c1d80d02c21b3b3d4	нощь	noun	нощїю:187	187	187	187	183	synodal:noun:wikt-4269288a7756	dual+genitive+locative	lexical-semantic-candidate,target-surface	source-partition-exact-cell-evidence; evaluation candidates cannot license runtime facts,target-lexeme-identity,target-morphological-cell	OCS dictionary morphology is candidate evidence, not a Synodal paradigm		187	187	0	187	ponomar-elizabeth-bible-2026-08-09:Acts.27.27,ponomar-elizabeth-bible-2026-08-09:Apoc.21.25,ponomar-elizabeth-bible-2026-08-09:Eccles.8.16	partial	medium	deferred	Deferred after v0.5 review: OCS dictionary membership supplies candidate evidence only; target-recension identity, semantics, exact typed cells, accents, and any productive metadata remain independently unsupported.
35	synodal:family-candidate:542bbbf427220954e3ee6496	candidate-family:synodal:family-candidate:542bbbf427220954e3ee6496	synodal:family-candidate:542bbbf427220954e3ee6496	плотъ	noun	плоти:269,плѡти:80	349	349	349	307		nominative+plural+vocative,possible-nominative-plural	lexical-semantic-candidate,target-surface	target-lexeme-identity,target-morphological-cell	OCS dictionary morphology is candidate evidence, not a Synodal paradigm		349	349	0	349		partial	large	deferred	Deferred after v0.5 review: OCS dictionary membership supplies candidate evidence only; target-recension identity, semantics, exact typed cells, accents, and any productive metadata remain independently unsupported.
36	synodal:family-candidate:212f938c838b2a35f1e43bde	candidate-family:synodal:family-candidate:212f938c838b2a35f1e43bde	synodal:family-candidate:212f938c838b2a35f1e43bde	дроугъ	ambiguous	дрꙋгъ:342	342	342	342	322		alternative	lexical-semantic-candidate,target-surface	target-lexeme-identity,target-morphological-cell	OCS dictionary morphology is candidate evidence, not a Synodal paradigm | more than one lexical identity is compatible with at least one surface	candidate evidence preserves lexical or cell ambiguity	0	342	342	342		partial	large	deferred	Deferred after v0.5 review: multiple lexical identities or grammatical cells remain compatible. Independent target-recension identity and cell evidence is required before any alternative may enter Strict top-k.
37	synodal:family-candidate:3a0543afe2f821a6ea83ced8	candidate-family:synodal:family-candidate:3a0543afe2f821a6ea83ced8	synodal:family-candidate:3a0543afe2f821a6ea83ced8	сп҃с-	unknown	сп҃се:63,сп҃си:57,сп҃сетъ:44	164	164	164	162		possible-finite-verb,possible-nominative-plural,possible-vocative-or-finite-verb,ud:VERB:Mood=Imp+Number=Sing+Person=2+Tense=Pres+VerbForm=Fin+Voice=Act,ud:VERB:Mood=Ind+Number=Sing+Person=3+Tense=Pres+VerbForm=Fin+Voice=Act	target-surface,typed-cell-candidate	target-lexeme-identity,target-morphological-cell	an OCS treebank cell requires an independent exact Synodal surface witness		164	164	0	164		partial	medium	deferred	Deferred after v0.5 structured-route review: the target corpus establishes the marked surface, but semantic expansion, all compatible typed cells, exact combining-mark order, positional restrictions, and reverse-registry behavior are not jointly supported by independent target-recension evidence.
38	synodal:family-candidate:1cd583283c72b2e1677dea09	family:synodal:proper-noun:v06-1fc14fc46faec861	synodal:family-candidate:1cd583283c72b2e1677dea09	Илиꙗ	proper-noun	илїа:163	163	163	163	155	synodal:proper-noun:v06-1fc14fc46faec861	alternative,possible-nominative-feminine-or-genitive-accusative	lexical-semantic-candidate,target-surface	target-lexeme-identity,target-morphological-cell	OCS dictionary morphology is candidate evidence, not a Synodal paradigm		163	163	0	163	ponomar-elizabeth-bible-2026-08-09:III_Kings.18.1,ponomar-elizabeth-bible-2026-08-09:III_Kings.18.1	partial	medium	candidate-unreviewed	surface grouping is diagnostic only; target identity and complete morphology require review
39	synodal:family-candidate:03655b2b74746444e8947f40	candidate-family:synodal:family-candidate:03655b2b74746444e8947f40	synodal:family-candidate:03655b2b74746444e8947f40	блгⷭ҇венъ	unknown	блгⷭ҇венъ:156	156	156	156	155		untyped	target-surface	target-lexeme-identity,target-morphological-cell			156	156	0	156		partial	medium	deferred	Deferred after v0.5 structured-route review: the target corpus establishes the marked surface, but semantic expansion, all compatible typed cells, exact combining-mark order, positional restrictions, and reverse-registry behavior are not jointly supported by independent target-recension evidence.
40	synodal:family-candidate:1778552787a4db2f24c6cb83	family:synodal:verb:dati	synodal:family-candidate:1778552787a4db2f24c6cb83	даде	unknown	даде:58	58	58	58	58	synodal:verb:dati	possible-vocative-or-finite-verb	target-surface	accent-or-printed-orthography,accentclass			58	58	0	58	ponomar-elizabeth-bible-2026-08-09:Acts.3.16,ponomar-elizabeth-bible-2026-08-09:Apoc.13.16,ponomar-elizabeth-bible-2026-08-09:Dan.3.43,ponomar-elizabeth-bible-2026-08-09:Deut.6.10,ponomar-elizabeth-bible-2026-08-09:Acts.3.14,ponomar-elizabeth-bible-2026-08-09:Dan.10.15,ponomar-elizabeth-bible-2026-08-09:Deut.33.8,ponomar-elizabeth-bible-2026-08-09:Apoc.13.15,ponomar-elizabeth-bible-2026-08-09:Gen.14.14,ponomar-elizabeth-bible-2026-08-09:Gen.30.6,ponomar-elizabeth-bible-2026-08-09:Apoc.13.14,ponomar-elizabeth-bible-2026-08-09:Apoc.9.10	ready	small	candidate-unreviewed	surface grouping is diagnostic only; target identity and complete morphology require review
41	synodal:family-candidate:9c21ca2a1e07b681b09eea46	family:synodal:adverb:wikt-0f90480ac003	synodal:family-candidate:9c21ca2a1e07b681b09eea46	оуже	adverb	ᲂуже:154	154	154	154	145	synodal:adverb:wikt-0f90480ac003	alternative,possible-vocative-or-finite-verb	lexical-semantic-candidate,target-surface	target-lexeme-identity,target-morphological-cell	OCS dictionary morphology is candidate evidence, not a Synodal paradigm		154	154	0	154		partial	medium	candidate-unreviewed	surface grouping is diagnostic only; target identity and complete morphology require review
42	synodal:family-candidate:fb8c1d62a628f914220aa044	candidate-family:synodal:family-candidate:fb8c1d62a628f914220aa044	synodal:family-candidate:fb8c1d62a628f914220aa044	ꙗзык-	unknown	ꙗзыки:375,ꙗзыкѡвъ:268,ꙗзыкѡмъ:193,ꙗзыка:86	922	922	922	882		possible-dative-plural-or-instrumental-singular,possible-genitive-or-locative-plural,possible-nominative-feminine-or-genitive-accusative,possible-nominative-plural	target-surface	target-lexeme-identity,target-morphological-cell			922	922	0	922		weak	large	deferred	Deferred after review: repeated corpus surfaces and diagnostic stem, prefix, or ending features do not by themselves establish a lemma, part of speech, morphological cell, principal parts, accent class, or productive rule.
43	synodal:family-candidate:8c85d113a55bcbc2544923c6	family:synodal:noun:wikt-7467d1a550ea	synodal:family-candidate:8c85d113a55bcbc2544923c6	скинии	noun	скинїю:152	152	152	152	146	synodal:noun:wikt-7467d1a550ea	dual+genitive+locative	lexical-semantic-candidate,target-surface	target-lexeme-identity,target-morphological-cell	OCS dictionary morphology is candidate evidence, not a Synodal paradigm		152	152	0	152	ponomar-elizabeth-bible-2026-08-09:Ex.26.17	partial	medium	candidate-unreviewed	surface grouping is diagnostic only; target identity and complete morphology require review
44	synodal:family-candidate:51afd72aeb66f4bc6bb7898b	candidate-family:synodal:family-candidate:51afd72aeb66f4bc6bb7898b	synodal:family-candidate:51afd72aeb66f4bc6bb7898b	Иꙗковъ	proper-noun	іакѡвъ:297	297	297	297	279		alternative,possible-genitive-or-locative-plural	lexical-semantic-candidate,target-surface	target-lexeme-identity,target-morphological-cell	OCS dictionary morphology is candidate evidence, not a Synodal paradigm		297	297	0	297		partial	large	deferred	Deferred after v0.5 review: OCS dictionary membership supplies candidate evidence only; target-recension identity, semantics, exact typed cells, accents, and any productive metadata remain independently unsupported.
45	synodal:family-candidate:8ef3d19dfff65cb6bd173ea1	candidate-family:synodal:family-candidate:8ef3d19dfff65cb6bd173ea1	synodal:family-candidate:8ef3d19dfff65cb6bd173ea1	блгⷭ҇в-	unknown	блгⷭ҇ви:99,блгⷭ҇витъ:45	144	144	144	142		possible-finite-verb,possible-nominative-plural	target-surface	target-lexeme-identity,target-morphological-cell			144	144	0	144		partial	medium	deferred	Deferred after v0.5 structured-route review: the target corpus establishes the marked surface, but semantic expansion, all compatible typed cells, exact combining-mark order, positional restrictions, and reverse-registry behavior are not jointly supported by independent target-recension evidence.
46	synodal:family-candidate:117b83b4a83ba5776b3f8dcb	candidate-family:synodal:family-candidate:117b83b4a83ba5776b3f8dcb	synodal:family-candidate:117b83b4a83ba5776b3f8dcb	злато / ⰸⰾⰰⱅⱁ	ambiguous	злато:273	273	273	273	262		Cyrillic+alternative,accusative+lemma+nominative+singular+vocative,ud:NOUN:Case=Acc+Gender=Neut+Number=Sing,ud:NOUN:Case=Nom+Gender=Neut+Number=Sing	lexical-semantic-candidate,target-surface,typed-cell-candidate	source-partition-exact-cell-evidence; evaluation candidates cannot license runtime facts,target-lexeme-identity,target-morphological-cell	OCS dictionary morphology is candidate evidence, not a Synodal paradigm | an OCS treebank cell requires an independent exact Synodal surface witness | more than one lexical identity is compatible with at least one surface | more than one source-partition treebank lemma or cell matches the target surface	candidate evidence preserves lexical or cell ambiguity	0	273	273	273		partial	large	deferred	Deferred after v0.5 review: multiple lexical identities or grammatical cells remain compatible. Independent target-recension identity and cell evidence is required before any alternative may enter Strict top-k.
47	synodal:family-candidate:bbffd2649c34d4fa99be9c1b	family:synodal:noun:wikt-4994eaa7f539	synodal:family-candidate:bbffd2649c34d4fa99be9c1b	крѣпость	noun	крѣпостїю:136	136	136	136	131	synodal:noun:wikt-4994eaa7f539	dual+genitive+locative	lexical-semantic-candidate,target-surface	target-lexeme-identity,target-morphological-cell	OCS dictionary morphology is candidate evidence, not a Synodal paradigm		136	136	0	136	ponomar-elizabeth-bible-2026-08-09:Amos.3.11,ponomar-elizabeth-bible-2026-08-09:Amos.2.14	partial	medium	deferred	Deferred after v0.5 review: OCS dictionary membership supplies candidate evidence only; target-recension identity, semantics, exact typed cells, accents, and any productive metadata remain independently unsupported.
48	synodal:family-candidate:f23aa921e0e260b7714a78ea	candidate-family:synodal:family-candidate:f23aa921e0e260b7714a78ea	synodal:family-candidate:f23aa921e0e260b7714a78ea	цр҃кв-	unknown	цр҃кви:92,цр҃кве:43	135	135	135	133		possible-nominative-plural,possible-vocative-or-finite-verb,ud:NOUN:Case=Dat+Gender=Fem+Number=Sing,ud:NOUN:Case=Loc+Gender=Fem+Number=Sing	target-surface,typed-cell-candidate	target-lexeme-identity,target-morphological-cell	an OCS treebank cell requires an independent exact Synodal surface witness | more than one source-partition treebank lemma or cell matches the target surface		135	135	0	135		partial	medium	deferred	Deferred after v0.5 structured-route review: the target corpus establishes the marked surface, but semantic expansion, all compatible typed cells, exact combining-mark order, positional restrictions, and reverse-registry behavior are not jointly supported by independent target-recension evidence.
49	synodal:family-candidate:da0faa95f7d10ad75d9d1e79	candidate-family:synodal:family-candidate:da0faa95f7d10ad75d9d1e79	synodal:family-candidate:da0faa95f7d10ad75d9d1e79	изыдоша	verb	изыдоша:269	269	269	269	259		lemma,possible-nominative-feminine-or-genitive-accusative	lexical-semantic-candidate,target-surface	target-lexeme-identity,target-morphological-cell	OCS dictionary morphology is candidate evidence, not a Synodal paradigm		269	269	0	269		partial	large	deferred	Deferred after v0.5 review: OCS dictionary membership supplies candidate evidence only; target-recension identity, semantics, exact typed cells, accents, and any productive metadata remain independently unsupported.
50	synodal:family-candidate:9e90b6e73c3d5d5c4a742f2e	family:synodal:noun:wikt-0e8f360a6d3d	synodal:family-candidate:9e90b6e73c3d5d5c4a742f2e	мѧсо	noun	мѧса:132	132	132	132	112	synodal:noun:wikt-0e8f360a6d3d	accusative+genitive+nominative+plural+singular+vocative,possible-nominative-feminine-or-genitive-accusative	lexical-semantic-candidate,target-surface	target-lexeme-identity,target-morphological-cell	OCS dictionary morphology is candidate evidence, not a Synodal paradigm		132	132	0	132	ponomar-elizabeth-bible-2026-08-09:Dan.10.3	partial	medium	candidate-unreviewed	surface grouping is diagnostic only; target identity and complete morphology require review
51	synodal:family-candidate:73a0f36e3ec1d3505667a24a	family:synodal:noun:v06-tysyashcha	synodal:family-candidate:73a0f36e3ec1d3505667a24a	тысѧща	unknown	тысѧща:129	129	129	129	119	synodal:noun:v06-tysyashcha	possible-nominative-feminine-or-genitive-accusative	target-surface	declension-or-conjugation-class			129	129	0	129	ponomar-elizabeth-bible-2026-08-09:Apoc.7.6,ponomar-elizabeth-bible-2026-08-09:Apoc.14.3	partial	medium	candidate-unreviewed	surface grouping is diagnostic only; target identity and complete morphology require review
52	synodal:family-candidate:790375969e4162efe39ea476	candidate-family:synodal:family-candidate:790375969e4162efe39ea476	synodal:family-candidate:790375969e4162efe39ea476	цр҃ь	noun	цр҃ь:128	128	128	128	117		lemma,ud:NOUN:Case=Gen+Gender=Masc+Number=Plur,ud:NOUN:Case=Nom+Gender=Masc+Number=Sing	lexical-semantic-candidate,target-surface,typed-cell-candidate	source-partition-exact-cell-evidence; evaluation candidates cannot license runtime facts,target-lexeme-identity,target-morphological-cell	OCS dictionary morphology is candidate evidence, not a Synodal paradigm | an OCS treebank cell requires an independent exact Synodal surface witness | more than one source-partition treebank lemma or cell matches the target surface		128	128	0	128		partial	medium	deferred	Deferred after v0.5 structured-route review: the target corpus establishes the marked surface, but semantic expansion, all compatible typed cells, exact combining-mark order, positional restrictions, and reverse-registry behavior are not jointly supported by independent target-recension evidence.
53	synodal:family-candidate:abcc69705e63cf28bd7f9a56	family:synodal:noun:wikt-5cc903a5e412	synodal:family-candidate:abcc69705e63cf28bd7f9a56	ꙗрость	noun	ꙗростїю:128	128	128	128	122	synodal:noun:wikt-5cc903a5e412	dual+genitive+locative	lexical-semantic-candidate,target-surface	target-lexeme-identity,target-morphological-cell	OCS dictionary morphology is candidate evidence, not a Synodal paradigm		128	128	0	128	ponomar-elizabeth-bible-2026-08-09:Deut.32.33,ponomar-elizabeth-bible-2026-08-09:Apoc.16.19	partial	medium	deferred	Deferred after v0.5 review: OCS dictionary membership supplies candidate evidence only; target-recension identity, semantics, exact typed cells, accents, and any productive metadata remain independently unsupported.
54	synodal:family-candidate:9ef3d85e6a1cd55a3ad597b5	candidate-family:synodal:family-candidate:9ef3d85e6a1cd55a3ad597b5	synodal:family-candidate:9ef3d85e6a1cd55a3ad597b5	давати / данъ / дань / даꙗти	ambiguous	дани:48	48	48	48	48	synodal:noun:wikt-0cf369042ac9,synodal:verb:dati,synodal:verb:v06-18c9a96e1e8b816e	accusative+dative+dual+genitive+locative+nominative+plural+singular+vocative,masculine+nominative+plural+short-form,masculine+nominative+plural+vocative,possible-nominative-plural	lexical-semantic-candidate,target-surface	accent-or-printed-orthography,accentclass	OCS dictionary morphology is candidate evidence, not a Synodal paradigm | more than one lexical identity is compatible with at least one surface	candidate evidence preserves lexical or cell ambiguity | multiple compatible runtime lexemes must not be forced into one family	0	48	48	48	ponomar-elizabeth-bible-2026-08-09:Acts.3.16,ponomar-elizabeth-bible-2026-08-09:Apoc.13.16,ponomar-elizabeth-bible-2026-08-09:Dan.3.43,ponomar-elizabeth-bible-2026-08-09:Deut.6.10,ponomar-elizabeth-bible-2026-08-09:Acts.3.14,ponomar-elizabeth-bible-2026-08-09:Dan.10.15,ponomar-elizabeth-bible-2026-08-09:Deut.33.8,ponomar-elizabeth-bible-2026-08-09:III_Kings.9.21,ponomar-elizabeth-bible-2026-08-09:Apoc.13.15,ponomar-elizabeth-bible-2026-08-09:Gen.14.14,ponomar-elizabeth-bible-2026-08-09:Gen.30.6,ponomar-elizabeth-bible-2026-08-09:Apoc.13.14,ponomar-elizabeth-bible-2026-08-09:Apoc.9.10,ponomar-elizabeth-bible-2026-08-09:Deut.12.9,ponomar-elizabeth-bible-2026-08-09:Deut.12.9	ready	small	candidate-unreviewed	surface grouping is diagnostic only; target identity and complete morphology require review
55	synodal:family-candidate:05068633552a4cbc855135fd	family:synodal:pronoun:sei	synodal:family-candidate:05068633552a4cbc855135fd	сїѧ	unknown	сїѧ:46	46	46	46	46	synodal:pronoun:sei	possible-nominative-feminine-or-genitive-accusative,ud:DET:Case=Acc+Gender=Masc+Number=Plur,ud:DET:Case=Nom+Gender=Fem+Number=Plur,ud:PRON:Case=Acc+Gender=Masc+Number=Plur,ud:PRON:Case=Nom+Gender=Fem+Number=Plur	target-surface,typed-cell-candidate	accent-or-printed-orthography,accentclass	an OCS treebank cell requires an independent exact Synodal surface witness | more than one source-partition treebank lemma or cell matches the target surface		46	46	0	46	ponomar-elizabeth-bible-2026-08-09:Acts.1.18,ponomar-elizabeth-bible-2026-08-09:Acts.23.22,ponomar-elizabeth-bible-2026-08-09:Acts.3.16,ponomar-elizabeth-bible-2026-08-09:Acts.3.16,ponomar-elizabeth-bible-2026-08-09:Dan.10.15,ponomar-elizabeth-bible-2026-08-09:Acts.1.16,ponomar-elizabeth-bible-2026-08-09:Acts.2.22,ponomar-elizabeth-bible-2026-08-09:Acts.28.20,ponomar-elizabeth-bible-2026-08-09:Acts.2.40,ponomar-elizabeth-bible-2026-08-09:Acts.28.20,ponomar-elizabeth-bible-2026-08-09:Acts.7.7,ponomar-elizabeth-bible-2026-08-09:Acts.17.6	ready	small	partial-admission	Admitted as a reviewed exact-cell expansion of the existing demonstrative identity; differing genitive and accusative spellings and accents remain distinct.
56	synodal:family-candidate:12902bae3cca6766152e8e5e	family:synodal:noun:tsar	synodal:family-candidate:12902bae3cca6766152e8e5e	царь	noun	цареви:67,цари:54	121	121	121	119	synodal:noun:tsar	dative+singular,instrumental+locative+nominative+plural+singular+vocative,possible-nominative-plural	lexical-semantic-candidate,target-surface	accent-or-printed-orthography,accentclass,target-lexeme-identity,target-morphological-cell	OCS dictionary morphology is candidate evidence, not a Synodal paradigm		121	121	0	121	ponomar-elizabeth-bible-2026-08-09:Dan.2.3	partial	medium	deferred	Deferred after review: one reviewed runtime lexeme is compatible, but the unresolved surfaces still lack independently typed target cells, exact accent or positional evidence, or a complete cited Synodal class.
57	synodal:family-candidate:563ab36d66d9a055a558ce8a	family:synodal:adjective:nebesn	synodal:family-candidate:563ab36d66d9a055a558ce8a	небесныхъ	unknown	небесныхъ:45	45	45	45	45	synodal:adjective:nebesn	untyped	target-surface	accent-or-printed-orthography,accentclass			45	45	0	45		ready	small	candidate-unreviewed	surface grouping is diagnostic only; target identity and complete morphology require review
58	synodal:family-candidate:7a35771e712e82eaf485b7b1	family:synodal:noun:dom	synodal:family-candidate:7a35771e712e82eaf485b7b1	домъ	noun	домѣ:44	44	44	44	44	synodal:noun:dom	locative+singular	lexical-semantic-candidate,target-surface	accent-or-printed-orthography,accentclass	OCS dictionary morphology is candidate evidence, not a Synodal paradigm		44	44	0	44	ponomar-elizabeth-bible-2026-08-09:Acts.10.22,ponomar-elizabeth-bible-2026-08-09:Isa.22.9,ponomar-elizabeth-bible-2026-08-09:II_Paral.17.14	ready	small	candidate-unreviewed	surface grouping is diagnostic only; target identity and complete morphology require review
59	synodal:family-candidate:9bde138dec3cb867b7c9573c	family:synodal:noun:v06-8469d334b5dc4483	synodal:family-candidate:9bde138dec3cb867b7c9573c	брашна	unknown	брашна:44	44	44	44	44	synodal:noun:v06-8469d334b5dc4483	possible-nominative-feminine-or-genitive-accusative,ud:NOUN:Case=Gen+Gender=Neut+Number=Sing	target-surface,typed-cell-candidate	accent-or-printed-orthography,accentclass	an OCS treebank cell requires an independent exact Synodal surface witness		44	44	0	44	ponomar-elizabeth-bible-2026-08-09:Hagg.2.13,ponomar-elizabeth-bible-2026-08-09:Gen.25.28,ponomar-elizabeth-bible-2026-08-09:Gen.25.28	ready	small	candidate-unreviewed	surface grouping is diagnostic only; target identity and complete morphology require review
60	synodal:family-candidate:3e57301726dd86cc78bf7edb	family:synodal:noun:syn	synodal:family-candidate:3e57301726dd86cc78bf7edb	сынъ	noun	сынѣ:43	43	43	43	43	synodal:noun:syn	untyped	target-surface	accent-or-printed-orthography,accentclass			43	43	0	43	ponomar-elizabeth-bible-2026-08-09:Acts.4.36,ponomar-elizabeth-bible-2026-08-09:Acts.7.16,ponomar-elizabeth-bible-2026-08-09:Acts.2.17,ponomar-elizabeth-bible-2026-08-09:Composite.3.10,ponomar-elizabeth-bible-2026-08-09:Dan.7.13	ready	small	deferred	Deferred after review: one reviewed runtime lexeme is compatible, but the unresolved surfaces still lack independently typed target cells, exact accent or positional evidence, or a complete cited Synodal class.
61	synodal:family-candidate:55fc9ed1ebba466691b2a3b9	family:synodal:noun:man	synodal:family-candidate:55fc9ed1ebba466691b2a3b9	мꙋжи	unknown	мꙋжи:43	43	43	43	41	synodal:noun:man	possible-nominative-plural	target-surface	accent-or-printed-orthography,accentclass			43	43	0	43		ready	small	candidate-unreviewed	surface grouping is diagnostic only; target identity and complete morphology require review
62	synodal:family-candidate:040495181581dcac0aead97b	candidate-family:synodal:family-candidate:040495181581dcac0aead97b	synodal:family-candidate:040495181581dcac0aead97b	дщи	noun	дщи:225	225	225	225	208		lemma,possible-nominative-plural	lexical-semantic-candidate,target-surface	target-lexeme-identity,target-morphological-cell	OCS dictionary morphology is candidate evidence, not a Synodal paradigm		225	225	0	225		partial	large	deferred	Deferred after v0.6 top-200 review: inspected diagnostic surfaces дщѝ. Target frequency and grouping do not establish target-lexeme-identity, target-morphological-cell; no runtime fact is enabled.
63	synodal:recovery-batch:lexeme:synodal:verb:wikt-06af096688df	family:synodal:verb:wikt-06af096688df	synodal:family-candidate:163cc6e615c62bc2bd20be8c,synodal:family-candidate:3f1d710137b99383abf2dfe2	речемъ,речет-	unknown,verb	речемъ:56,речете:56	112	112	112	106	synodal:verb:wikt-06af096688df	lemma,possible-vocative-or-finite-verb,ud:VERB:Mood=Ind+Number=Plur+Person=1+Tense=Pres+VerbForm=Fin+Voice=Act,ud:VERB:Mood=Ind+Number=Plur+Person=2+Tense=Pres+VerbForm=Fin+Voice=Act	lexical-semantic-candidate,target-surface,typed-cell-candidate	target-lexeme-identity,target-morphological-cell	OCS dictionary morphology is candidate evidence, not a Synodal paradigm | an OCS treebank cell requires an independent exact Synodal surface witness	candidate members cross parts of speech | consolidated packet still requires identity agreement for every member	112	112	0	112	ponomar-elizabeth-bible-2026-08-09:Dan.2.9,ponomar-elizabeth-bible-2026-08-09:Acts.3.6,ponomar-elizabeth-bible-2026-08-09:Acts.4.8,ponomar-elizabeth-bible-2026-08-09:Dan.3.96,ponomar-elizabeth-bible-2026-08-09:I_Kings.10.19,ponomar-elizabeth-bible-2026-08-09:Acts.7.26,ponomar-elizabeth-bible-2026-08-09:I_Kings.10.19,ponomar-elizabeth-bible-2026-08-09:Dan.13.29,ponomar-elizabeth-bible-2026-08-09:Acts.11.8,ponomar-elizabeth-bible-2026-08-09:Acts.4.24,ponomar-elizabeth-bible-2026-08-09:Acts.5.29,ponomar-elizabeth-bible-2026-08-09:Eccles.5.5,ponomar-elizabeth-bible-2026-08-09:Acts.4.25	partial	medium	candidate-unreviewed	surface grouping is diagnostic only; target identity and complete morphology require review
64	synodal:family-candidate:0e86c2473f16065877ac72c5	family:synodal:adjective:mudr	synodal:family-candidate:0e86c2473f16065877ac72c5	мꙋдръ	unknown	мꙋдръ:42	42	42	42	42	synodal:adjective:mudr	untyped	target-surface	accent-or-printed-orthography,accentclass			42	42	0	42	ponomar-elizabeth-bible-2026-08-09:Prov.21.11	ready	small	candidate-unreviewed	surface grouping is diagnostic only; target identity and complete morphology require review
65	synodal:family-candidate:d78ec4cbee56c6996f62e93c	family:synodal:noun:wikt-d65c6ae81047	synodal:family-candidate:d78ec4cbee56c6996f62e93c	радость	noun	радостїю:110	110	110	110	108	synodal:noun:wikt-d65c6ae81047	dual+genitive+locative	lexical-semantic-candidate,target-surface	target-lexeme-identity,target-morphological-cell	OCS dictionary morphology is candidate evidence, not a Synodal paradigm		110	110	0	110	ponomar-elizabeth-bible-2026-08-09:Esther.9.22,ponomar-elizabeth-bible-2026-08-09:Acts.12.14,ponomar-elizabeth-bible-2026-08-09:Acts.12.14,ponomar-elizabeth-bible-2026-08-09:Acts.12.14	partial	medium	candidate-unreviewed	surface grouping is diagnostic only; target identity and complete morphology require review
66	synodal:family-candidate:49c93319711d33d534b5f72e	family:synodal:adjective:vechn	synodal:family-candidate:49c93319711d33d534b5f72e	вѣчнꙋю	unknown	вѣчнꙋю:41	41	41	41	41	synodal:adjective:vechn	untyped	target-surface	accent-or-printed-orthography,accentclass			41	41	0	41		ready	small	candidate-unreviewed	surface grouping is diagnostic only; target identity and complete morphology require review
67	synodal:family-candidate:738147db4f13a41b6734a698	family:synodal:noun:rab	synodal:family-candidate:738147db4f13a41b6734a698	рабы	unknown	рабы:41	41	41	41	41	synodal:noun:rab	possible-nominative-plural,ud:NOUN:Case=Gen+Gender=Fem+Number=Sing	target-surface,typed-cell-candidate	accent-or-printed-orthography,accentclass	an OCS treebank cell requires an independent exact Synodal surface witness		41	41	0	41	ponomar-elizabeth-bible-2026-08-09:Deut.16.14,ponomar-elizabeth-bible-2026-08-09:Ezek.46.17,ponomar-elizabeth-bible-2026-08-09:Col.4.1,ponomar-elizabeth-bible-2026-08-09:Ezek.46.17,ponomar-elizabeth-bible-2026-08-09:Deut.16.14,ponomar-elizabeth-bible-2026-08-09:Deut.16.14,ponomar-elizabeth-bible-2026-08-09:Ezek.46.17,ponomar-elizabeth-bible-2026-08-09:Col.4.1	ready	small	candidate-unreviewed	surface grouping is diagnostic only; target identity and complete morphology require review
68	synodal:family-candidate:206c3815c6218cac1c0b94a1	candidate-family:synodal:family-candidate:206c3815c6218cac1c0b94a1	synodal:family-candidate:206c3815c6218cac1c0b94a1	кнѧзь / кънѧѕь	ambiguous	кнѧзь:216	216	216	216	200		alternative,lemma	lexical-semantic-candidate,target-surface	source-partition-exact-cell-evidence; evaluation candidates cannot license runtime facts,target-lexeme-identity,target-morphological-cell	OCS dictionary morphology is candidate evidence, not a Synodal paradigm | more than one lexical identity is compatible with at least one surface	candidate evidence preserves lexical or cell ambiguity	0	216	216	216		partial	large	deferred	Deferred after v0.6 top-200 review: inspected diagnostic surfaces кнѧ́зь. Target frequency and grouping do not establish source-partition-exact-cell-evidence; evaluation candidates cannot license runtime facts, target-lexeme-identity, target-morphological-cell; no runtime fact is enabled.
69	synodal:family-candidate:07b04470477b4e57c039bd1d	family:synodal:noun:human	synodal:family-candidate:07b04470477b4e57c039bd1d	человѣки	unknown	человѣки:40	40	40	40	40	synodal:noun:human	possible-nominative-plural	target-surface	accent-or-printed-orthography,accentclass			40	40	0	40		ready	small	candidate-unreviewed	surface grouping is diagnostic only; target identity and complete morphology require review
70	synodal:family-candidate:a5d3154c57b17d948a23c71c	family:synodal:noun:delo	synodal:family-candidate:a5d3154c57b17d948a23c71c	дѣломъ	unknown	дѣломъ:40	40	40	40	38	synodal:noun:delo	possible-dative-plural-or-instrumental-singular,ud:NOUN:Case=Dat+Gender=Neut+Number=Plur,ud:NOUN:Case=Ins+Gender=Neut+Number=Sing	target-surface,typed-cell-candidate	accent-or-printed-orthography,accentclass	an OCS treebank cell requires an independent exact Synodal surface witness | more than one source-partition treebank lemma or cell matches the target surface		40	40	0	40	ponomar-elizabeth-bible-2026-08-09:Ex.12.16,ponomar-elizabeth-bible-2026-08-09:Ex.12.16,ponomar-elizabeth-bible-2026-08-09:Apoc.18.6,ponomar-elizabeth-bible-2026-08-09:Deut.16.15,ponomar-elizabeth-bible-2026-08-09:Apoc.18.6,ponomar-elizabeth-bible-2026-08-09:Ex.12.16	ready	small	candidate-unreviewed	surface grouping is diagnostic only; target identity and complete morphology require review
71	synodal:family-candidate:ea375f29f2b2410357af637d	family:synodal:noun:zhena	synodal:family-candidate:ea375f29f2b2410357af637d	жена	noun	женами:40	40	40	40	40	synodal:noun:zhena	instrumental+plural,possible-nominative-plural,ud:NOUN:Case=Ins+Gender=Fem+Number=Plur	lexical-semantic-candidate,target-surface,typed-cell-candidate	accent-or-printed-orthography,accentclass	OCS dictionary morphology is candidate evidence, not a Synodal paradigm | an OCS treebank cell requires an independent exact Synodal surface witness		40	40	0	40	ponomar-elizabeth-bible-2026-08-09:Matthew 1:20,ponomar-elizabeth-bible-2026-08-09:I_Tim.2.10	ready	small	deferred	Deferred after review: one reviewed runtime lexeme is compatible, but the unresolved surfaces still lack independently typed target cells, exact accent or positional evidence, or a complete cited Synodal class.
72	synodal:family-candidate:6f2940a6f8d89352ff315542	candidate-family:synodal:family-candidate:6f2940a6f8d89352ff315542	synodal:family-candidate:6f2940a6f8d89352ff315542	грѧсти	verb	грѧди:110,грѧдетъ:101	211	211	211	201		error-unrecognized-form+imperative+singular,error-unrecognized-form+present+singular,possible-finite-verb,possible-nominative-plural,ud:VERB:Mood=Imp+Number=Sing+Person=2+Tense=Pres+VerbForm=Fin+Voice=Act,ud:VERB:Mood=Ind+Number=Sing+Person=3+Tense=Pres+VerbForm=Fin+Voice=Act	lexical-semantic-candidate,target-surface,typed-cell-candidate	source-partition-exact-cell-evidence; evaluation candidates cannot license runtime facts,target-lexeme-identity,target-morphological-cell	OCS dictionary morphology is candidate evidence, not a Synodal paradigm | an OCS treebank cell requires an independent exact Synodal surface witness		211	211	0	211		partial	large	deferred	Deferred after v0.6 top-200 review: inspected diagnostic surfaces грѧдѝ, грѧде́тъ. Target frequency and grouping do not establish source-partition-exact-cell-evidence; evaluation candidates cannot license runtime facts, target-lexeme-identity, target-morphological-cell; no runtime fact is enabled.
73	synodal:family-candidate:626df44ef1832558a950f3fb	family:synodal:adverb:nynye	synodal:family-candidate:626df44ef1832558a950f3fb	нн҃ѣ	unknown	нн҃ѣ:105	105	105	105	105	synodal:adverb:nynye	untyped	target-surface	target-lexeme-identity,target-morphological-cell			105	105	0	105	ponomar-elizabeth-bible-2026-08-09:Acts.7.34	partial	medium	partial-admission	Admitted as one exact typed adverb contraction. Missing titlo, reordered marks, substrings, and unrelated abbreviation patterns remain unresolved.
74	synodal:family-candidate:6781aa122838bb1f075cc06d	candidate-family:synodal:family-candidate:6781aa122838bb1f075cc06d	synodal:family-candidate:6781aa122838bb1f075cc06d	првⷣн-	unknown	првⷣнагѡ:59,првⷣнаго:46	105	105	105	105		untyped	target-surface	target-lexeme-identity,target-morphological-cell			105	105	0	105		partial	medium	deferred	Deferred after v0.5 structured-route review: the target corpus establishes the marked surface, but semantic expansion, all compatible typed cells, exact combining-mark order, positional restrictions, and reverse-registry behavior are not jointly supported by independent target-recension evidence.
75	synodal:family-candidate:034de9ad24cad6477fe23a3b	candidate-family:synodal:family-candidate:034de9ad24cad6477fe23a3b	synodal:family-candidate:034de9ad24cad6477fe23a3b	ꙗзыц-	unknown	ꙗзыцы:384,ꙗзыцѣхъ:243	627	627	627	613		possible-genitive-or-locative-plural,possible-nominative-plural	target-surface	target-lexeme-identity,target-morphological-cell			627	627	0	627		weak	large	deferred	Deferred after review: repeated corpus surfaces and diagnostic stem, prefix, or ending features do not by themselves establish a lemma, part of speech, morphological cell, principal parts, accent class, or productive rule.
76	synodal:family-candidate:2b4c52fc8782c7d5693b64a5	candidate-family:synodal:family-candidate:2b4c52fc8782c7d5693b64a5	synodal:family-candidate:2b4c52fc8782c7d5693b64a5	внидоша	verb	внидоша:208	208	208	208	196		lemma,possible-nominative-feminine-or-genitive-accusative	lexical-semantic-candidate,target-surface	target-lexeme-identity,target-morphological-cell	OCS dictionary morphology is candidate evidence, not a Synodal paradigm		208	208	0	208		partial	large	deferred	Deferred after v0.6 top-200 review: inspected diagnostic surfaces внидо́ша. Target frequency and grouping do not establish target-lexeme-identity, target-morphological-cell; no runtime fact is enabled.
77	synodal:family-candidate:c8da6ab79d289eaf8f196b6c	candidate-family:synodal:family-candidate:c8da6ab79d289eaf8f196b6c	synodal:family-candidate:c8da6ab79d289eaf8f196b6c	душ-	unknown	дꙋши:448,дꙋшы:160	608	608	608	592		possible-finite-verb,possible-nominative-plural	target-surface	target-lexeme-identity,target-morphological-cell			608	608	0	608		weak	large	deferred	Deferred after review: repeated corpus surfaces and diagnostic stem, prefix, or ending features do not by themselves establish a lemma, part of speech, morphological cell, principal parts, accent class, or productive rule.
78	synodal:family-candidate:2f0838ec7c697eee28251a15	candidate-family:synodal:family-candidate:2f0838ec7c697eee28251a15	synodal:family-candidate:2f0838ec7c697eee28251a15	падоша	verb	падоша:200	200	200	200	196		lemma,possible-nominative-feminine-or-genitive-accusative	lexical-semantic-candidate,target-surface	target-lexeme-identity,target-morphological-cell	OCS dictionary morphology is candidate evidence, not a Synodal paradigm		200	200	0	200		partial	large	deferred	Deferred after v0.6 top-200 review: inspected diagnostic surfaces падо́ша. Target frequency and grouping do not establish target-lexeme-identity, target-morphological-cell; no runtime fact is enabled.
79	synodal:family-candidate:fa89609e01c59e4c14678bd6	candidate-family:synodal:family-candidate:fa89609e01c59e4c14678bd6	synodal:family-candidate:fa89609e01c59e4c14678bd6	првⷣныхъ	unknown	првⷣныхъ:99	99	99	99	95		untyped	target-surface	target-lexeme-identity,target-morphological-cell			99	99	0	99		partial	medium	deferred	Deferred after v0.5 structured-route review: the target corpus establishes the marked surface, but semantic expansion, all compatible typed cells, exact combining-mark order, positional restrictions, and reverse-registry behavior are not jointly supported by independent target-recension evidence.
80	synodal:family-candidate:ea4f1380578b2ee07ca73aaa	candidate-family:synodal:family-candidate:ea4f1380578b2ee07ca73aaa	synodal:family-candidate:ea4f1380578b2ee07ca73aaa	бг҃ъ	unknown	бг҃ъ:98	98	98	98	98		untyped	target-surface	target-lexeme-identity,target-morphological-cell			98	98	0	98		partial	medium	deferred	Deferred after v0.5 structured-route review: the target corpus establishes the marked surface, but semantic expansion, all compatible typed cells, exact combining-mark order, positional restrictions, and reverse-registry behavior are not jointly supported by independent target-recension evidence.
81	synodal:family-candidate:f4f74d133ec6a9950f92705b	candidate-family:synodal:family-candidate:f4f74d133ec6a9950f92705b	synodal:family-candidate:f4f74d133ec6a9950f92705b	првⷣнъ	unknown	првⷣнъ:98	98	98	98	96		untyped	target-surface	target-lexeme-identity,target-morphological-cell			98	98	0	98		partial	medium	deferred	Deferred after v0.5 structured-route review: the target corpus establishes the marked surface, but semantic expansion, all compatible typed cells, exact combining-mark order, positional restrictions, and reverse-registry behavior are not jointly supported by independent target-recension evidence.
82	synodal:family-candidate:af36d3312751316f7f3672c1	candidate-family:synodal:family-candidate:af36d3312751316f7f3672c1	synodal:family-candidate:af36d3312751316f7f3672c1	идоша	verb	идоша:194	194	194	194	189		lemma,possible-nominative-feminine-or-genitive-accusative	lexical-semantic-candidate,target-surface	target-lexeme-identity,target-morphological-cell	OCS dictionary morphology is candidate evidence, not a Synodal paradigm		194	194	0	194		partial	large	candidate-unreviewed	surface grouping is diagnostic only; target identity and complete morphology require review
83	synodal:family-candidate:7cbcec2c8f7f26db7ab94cc9	candidate-family:synodal:family-candidate:7cbcec2c8f7f26db7ab94cc9	synodal:family-candidate:7cbcec2c8f7f26db7ab94cc9	цр҃-	unknown	цр҃ю:53,цр҃ѧ:44	97	97	97	92		possible-nominative-feminine-or-genitive-accusative,ud:NOUN:Case=Dat+Gender=Masc+Number=Sing,ud:NOUN:Case=Voc+Gender=Masc+Number=Sing,untyped	target-surface,typed-cell-candidate	target-lexeme-identity,target-morphological-cell	an OCS treebank cell requires an independent exact Synodal surface witness | more than one source-partition treebank lemma or cell matches the target surface		97	97	0	97		partial	medium	candidate-unreviewed	surface grouping is diagnostic only; target identity and complete morphology require review
84	synodal:family-candidate:e20a49bdb7afdd1e58d29ff6	candidate-family:synodal:family-candidate:e20a49bdb7afdd1e58d29ff6	synodal:family-candidate:e20a49bdb7afdd1e58d29ff6	учн҃ц-	unknown	ᲂучн҃цы:96	96	96	96	95		possible-nominative-plural	target-surface	target-lexeme-identity,target-morphological-cell			96	96	0	96		partial	medium	deferred	Deferred after v0.5 structured-route review: the target corpus establishes the marked surface, but semantic expansion, all compatible typed cells, exact combining-mark order, positional restrictions, and reverse-registry behavior are not jointly supported by independent target-recension evidence.
85	synodal:family-candidate:e69966eac690bc5f6a33824c	family:synodal:noun:wikt-929f4ea98ebd	synodal:family-candidate:e69966eac690bc5f6a33824c	стѣна	noun	стѣнѣ:96	96	96	96	94	synodal:noun:wikt-929f4ea98ebd	accusative+dative+dual+locative+nominative+singular+vocative	lexical-semantic-candidate,target-surface	target-lexeme-identity,target-morphological-cell	OCS dictionary morphology is candidate evidence, not a Synodal paradigm		96	96	0	96	ponomar-elizabeth-bible-2026-08-09:Ex.15.8	partial	medium	candidate-unreviewed	surface grouping is diagnostic only; target identity and complete morphology require review
86	synodal:family-candidate:0f1d58e12508f999ee30c7fa	candidate-family:synodal:family-candidate:0f1d58e12508f999ee30c7fa	synodal:family-candidate:0f1d58e12508f999ee30c7fa	в̾слѣдъ	unknown	в̾слѣдъ:571	571	571	571	528		untyped	target-surface	target-lexeme-identity,target-morphological-cell			571	571	0	571		weak	large	deferred	Deferred after review: repeated corpus surfaces and diagnostic stem, prefix, or ending features do not by themselves establish a lemma, part of speech, morphological cell, principal parts, accent class, or productive rule.
87	synodal:family-candidate:97235ae16beeea701f78636a	family:synodal:adjective:v06-e3bdc69bb0fe41f0	synodal:family-candidate:97235ae16beeea701f78636a	много	unknown	много:94	94	94	94	94	synodal:adjective:v06-e3bdc69bb0fe41f0	ud:ADJ:Case=Acc+Degree=Pos+Gender=Neut+Number=Sing+Variant=Short,ud:ADJ:Case=Nom+Degree=Pos+Gender=Neut+Number=Sing+Variant=Short,ud:ADV:Degree=Pos,untyped	target-surface,typed-cell-candidate	target-lexeme-identity,target-morphological-cell	an OCS treebank cell requires an independent exact Synodal surface witness | more than one source-partition treebank lemma or cell matches the target surface		94	94	0	94	ponomar-elizabeth-bible-2026-08-09:Acts.20.9,ponomar-elizabeth-bible-2026-08-09:Apoc.19.1,ponomar-elizabeth-bible-2026-08-09:Acts.1.3,ponomar-elizabeth-bible-2026-08-09:Apoc.19.1,ponomar-elizabeth-bible-2026-08-09:Acts.1.3,ponomar-elizabeth-bible-2026-08-09:Apoc.19.1,ponomar-elizabeth-bible-2026-08-09:Acts.1.3,ponomar-elizabeth-bible-2026-08-09:Acts.18.27,ponomar-elizabeth-bible-2026-08-09:Apoc.19.1,ponomar-elizabeth-bible-2026-08-09:Apoc.19.1,ponomar-elizabeth-bible-2026-08-09:Acts.18.27,ponomar-elizabeth-bible-2026-08-09:Acts.18.27	partial	medium	deferred	Deferred after v0.5 review: repeated target surfaces do not establish lemma identity, semantics, exact morphological cells, principal parts, accent class, or a productive Synodal rule.
88	synodal:family-candidate:92398b6b05b9dd8e2e49acb8	candidate-family:synodal:family-candidate:92398b6b05b9dd8e2e49acb8	synodal:family-candidate:92398b6b05b9dd8e2e49acb8	кнѧз-	unknown	кнѧзи:475,кнѧзѧ:84	559	559	559	519		possible-nominative-feminine-or-genitive-accusative,possible-nominative-plural	target-surface	target-lexeme-identity,target-morphological-cell			559	559	0	559		weak	large	deferred	Deferred after review: repeated corpus surfaces and diagnostic stem, prefix, or ending features do not by themselves establish a lemma, part of speech, morphological cell, principal parts, accent class, or productive rule.
89	synodal:family-candidate:c1e099cdc3bf8930562fd73e	candidate-family:synodal:family-candidate:c1e099cdc3bf8930562fd73e	synodal:family-candidate:c1e099cdc3bf8930562fd73e	камение / каменьѥ	ambiguous	каменїе:185	185	185	185	170		alternative,lemma,possible-vocative-or-finite-verb,ud:NOUN:Case=Acc+Gender=Neut+Number=Sing,ud:NOUN:Case=Nom+Gender=Neut+Number=Sing	lexical-semantic-candidate,target-surface,typed-cell-candidate	target-lexeme-identity,target-morphological-cell	OCS dictionary morphology is candidate evidence, not a Synodal paradigm | an OCS treebank cell requires an independent exact Synodal surface witness | more than one lexical identity is compatible with at least one surface | more than one source-partition treebank lemma or cell matches the target surface	candidate evidence preserves lexical or cell ambiguity	0	185	185	185		partial	large	candidate-unreviewed	surface grouping is diagnostic only; target identity and complete morphology require review
90	synodal:family-candidate:3115168b45219d9e876a6245	candidate-family:synodal:family-candidate:3115168b45219d9e876a6245	synodal:family-candidate:3115168b45219d9e876a6245	сꙋдъ	unknown	сꙋдъ:550	550	550	550	540		untyped	target-surface	target-lexeme-identity,target-morphological-cell			550	550	0	550		weak	large	deferred	Deferred after review: repeated corpus surfaces and diagnostic stem, prefix, or ending features do not by themselves establish a lemma, part of speech, morphological cell, principal parts, accent class, or productive rule.
91	synodal:family-candidate:02afbfcde2541c1b31cc09e0	candidate-family:synodal:family-candidate:02afbfcde2541c1b31cc09e0	synodal:family-candidate:02afbfcde2541c1b31cc09e0	дꙋшꙋ	unknown	дꙋшꙋ:545	545	545	545	509		untyped	target-surface	target-lexeme-identity,target-morphological-cell			545	545	0	545		weak	large	deferred	Deferred after review: repeated corpus surfaces and diagnostic stem, prefix, or ending features do not by themselves establish a lemma, part of speech, morphological cell, principal parts, accent class, or productive rule.
92	synodal:family-candidate:0763e06fa2ec4701b3865b79	candidate-family:synodal:family-candidate:0763e06fa2ec4701b3865b79	synodal:family-candidate:0763e06fa2ec4701b3865b79	заповѣд-	unknown	заповѣда:545	545	545	545	530		possible-nominative-feminine-or-genitive-accusative,ud:VERB:Aspect=Perf+Mood=Ind+Number=Sing+Person=3+Tense=Past+VerbForm=Fin+Voice=Act	target-surface,typed-cell-candidate	target-lexeme-identity,target-morphological-cell	an OCS treebank cell requires an independent exact Synodal surface witness		545	545	0	545		weak	large	deferred	Deferred after review: repeated corpus surfaces and diagnostic stem, prefix, or ending features do not by themselves establish a lemma, part of speech, morphological cell, principal parts, accent class, or productive rule.
93	synodal:family-candidate:13a33668db522ef921709619	family:synodal:verb:v06-2e0573086fb92642	synodal:family-candidate:13a33668db522ef921709619	нѣсмь	verb	нѣсмь:91	91	91	91	83	synodal:verb:v06-2e0573086fb92642	lemma,ud:AUX:Mood=Ind+Number=Sing+Person=1+Polarity=Neg+Tense=Pres+VerbForm=Fin+Voice=Act,ud:VERB:Mood=Ind+Number=Sing+Person=1+Polarity=Neg+Tense=Pres+VerbForm=Fin+Voice=Act	lexical-semantic-candidate,target-surface,typed-cell-candidate	target-lexeme-identity,target-morphological-cell	OCS dictionary morphology is candidate evidence, not a Synodal paradigm | an OCS treebank cell requires an independent exact Synodal surface witness | more than one source-partition treebank lemma or cell matches the target surface		91	91	0	91	ponomar-elizabeth-bible-2026-08-09:Deut.24.20,ponomar-elizabeth-bible-2026-08-09:Deut.24.20	partial	medium	candidate-unreviewed	surface grouping is diagnostic only; target identity and complete morphology require review
94	synodal:family-candidate:aeb2f7e463d9588e572c5035	candidate-family:synodal:family-candidate:aeb2f7e463d9588e572c5035	synodal:family-candidate:aeb2f7e463d9588e572c5035	млⷭ҇тивъ	unknown	млⷭ҇тивъ:91	91	91	91	91		untyped	target-surface	target-lexeme-identity,target-morphological-cell			91	91	0	91		partial	medium	deferred	Deferred after v0.5 structured-route review: the target corpus establishes the marked surface, but semantic expansion, all compatible typed cells, exact combining-mark order, positional restrictions, and reverse-registry behavior are not jointly supported by independent target-recension evidence.
95	synodal:family-candidate:892b36acba55f18810149e30	candidate-family:synodal:family-candidate:892b36acba55f18810149e30	synodal:family-candidate:892b36acba55f18810149e30	бл҃гъ	unknown	бл҃гъ:90	90	90	90	90		untyped	target-surface	target-lexeme-identity,target-morphological-cell			90	90	0	90		partial	medium	deferred	Deferred after v0.5 structured-route review: the target corpus establishes the marked surface, but semantic expansion, all compatible typed cells, exact combining-mark order, positional restrictions, and reverse-registry behavior are not jointly supported by independent target-recension evidence.
96	synodal:family-candidate:7f20a12b512f1ff4a7b16d3d	candidate-family:synodal:family-candidate:7f20a12b512f1ff4a7b16d3d	synodal:family-candidate:7f20a12b512f1ff4a7b16d3d	ѹ	unknown	ѹ:537	537	537	537	505		ud:NOUN:Case=Dat+Gender=Masc+Number=Sing,untyped	target-surface,typed-cell-candidate	target-lexeme-identity,target-morphological-cell	an OCS treebank cell requires an independent exact Synodal surface witness		537	537	0	537		weak	large	deferred	Deferred after review: repeated corpus surfaces and diagnostic stem, prefix, or ending features do not by themselves establish a lemma, part of speech, morphological cell, principal parts, accent class, or productive rule.
97	synodal:family-candidate:386e5f8683a2484910ede64f	candidate-family:synodal:family-candidate:386e5f8683a2484910ede64f	synodal:family-candidate:386e5f8683a2484910ede64f	суд-	unknown	сꙋда:142,сꙋди:96,сꙋдити:96,сꙋдитъ:76,сꙋды:66,сꙋдомъ:57	533	533	533	509		possible-dative-plural-or-instrumental-singular,possible-finite-verb,possible-nominative-feminine-or-genitive-accusative,possible-nominative-plural	target-surface	target-lexeme-identity,target-morphological-cell			533	533	0	533		weak	large	deferred	Deferred after review: repeated corpus surfaces and diagnostic stem, prefix, or ending features do not by themselves establish a lemma, part of speech, morphological cell, principal parts, accent class, or productive rule.
98	synodal:family-candidate:83809e3ab328ab16c979fa38	candidate-family:synodal:family-candidate:83809e3ab328ab16c979fa38	synodal:family-candidate:83809e3ab328ab16c979fa38	ст҃ын-	unknown	ст҃ыни:89	89	89	89	88		possible-nominative-plural	target-surface	target-lexeme-identity,target-morphological-cell			89	89	0	89		partial	medium	deferred	Deferred after v0.5 structured-route review: the target corpus establishes the marked surface, but semantic expansion, all compatible typed cells, exact combining-mark order, positional restrictions, and reverse-registry behavior are not jointly supported by independent target-recension evidence.
99	synodal:family-candidate:6458f1f298fdb8f4f06d1601	candidate-family:synodal:family-candidate:6458f1f298fdb8f4f06d1601	synodal:family-candidate:6458f1f298fdb8f4f06d1601	принесоша	verb	принесоша:174	174	174	174	162		lemma,possible-nominative-feminine-or-genitive-accusative	lexical-semantic-candidate,target-surface	target-lexeme-identity,target-morphological-cell	OCS dictionary morphology is candidate evidence, not a Synodal paradigm		174	174	0	174		partial	large	candidate-unreviewed	surface grouping is diagnostic only; target identity and complete morphology require review
100	synodal:family-candidate:0615a2dcb1e545c3005cf670	candidate-family:synodal:family-candidate:0615a2dcb1e545c3005cf670	synodal:family-candidate:0615a2dcb1e545c3005cf670	чл҃вѣческїй	unknown	чл҃вѣческїй:86	86	86	86	80		untyped	target-surface	target-lexeme-identity,target-morphological-cell			86	86	0	86		partial	medium	deferred	Deferred after v0.5 structured-route review: the target corpus establishes the marked surface, but semantic expansion, all compatible typed cells, exact combining-mark order, positional restrictions, and reverse-registry behavior are not jointly supported by independent target-recension evidence.
101	synodal:family-candidate:55afcdc9e3d64ee19c190005	candidate-family:synodal:family-candidate:55afcdc9e3d64ee19c190005	synodal:family-candidate:55afcdc9e3d64ee19c190005	полож-	unknown	положи:303,положитъ:58,положихъ:52,положити:48,положиши:45	506	506	506	496		possible-finite-verb,possible-genitive-or-locative-plural,possible-nominative-plural,ud:VERB:Aspect=Perf+Mood=Ind+Number=Sing+Person=1+Tense=Past+VerbForm=Fin+Voice=Act,ud:VERB:Aspect=Perf+Mood=Ind+Number=Sing+Person=2+Tense=Past+VerbForm=Fin+Voice=Act,ud:VERB:Aspect=Perf+Mood=Ind+Number=Sing+Person=3+Tense=Past+VerbForm=Fin+Voice=Act,ud:VERB:Mood=Imp+Number=Sing+Person=2+Tense=Pres+VerbForm=Fin+Voice=Act,ud:VERB:Mood=Ind+Number=Sing+Person=2+Tense=Pres+VerbForm=Fin+Voice=Act,ud:VERB:Mood=Ind+Number=Sing+Person=3+Tense=Pres+VerbForm=Fin+Voice=Act,ud:VERB:Tense=Pres+VerbForm=Inf+Voice=Act	target-surface,typed-cell-candidate	target-lexeme-identity,target-morphological-cell	an OCS treebank cell requires an independent exact Synodal surface witness | more than one source-partition treebank lemma or cell matches the target surface		506	506	0	506		weak	large	deferred	Deferred after v0.5 review: repeated target surfaces do not establish lemma identity, semantics, exact morphological cells, principal parts, accent class, or a productive Synodal rule.
102	synodal:family-candidate:ba98c6a6bbb12731ee2e2f0c	candidate-family:synodal:family-candidate:ba98c6a6bbb12731ee2e2f0c	synodal:family-candidate:ba98c6a6bbb12731ee2e2f0c	блгⷣ-	unknown	блгⷣти:83	83	83	83	83		possible-nominative-plural	target-surface	target-lexeme-identity,target-morphological-cell			83	83	0	83		partial	medium	deferred	Deferred after v0.5 structured-route review: the target corpus establishes the marked surface, but semantic expansion, all compatible typed cells, exact combining-mark order, positional restrictions, and reverse-registry behavior are not jointly supported by independent target-recension evidence.
103	synodal:family-candidate:cd55c50168aa43b6a4945865	family:synodal:conjunction:wikt-b8c98d0a9447	synodal:family-candidate:cd55c50168aa43b6a4945865	бо	conjunction	бо:82	82	82	82	82	synodal:conjunction:wikt-b8c98d0a9447	lemma	lexical-semantic-candidate,target-surface	accent-or-printed-orthography,accentclass,source-partition-exact-cell-evidence; evaluation candidates cannot license runtime facts	OCS dictionary morphology is candidate evidence, not a Synodal paradigm		82	82	0	82	ponomar-elizabeth-bible-2026-08-09:Acts.13.27	partial	medium	deferred	Deferred after v0.5 structured-route review: a spelling relationship is diagnostic only; exact target identity, printed accent or positional behavior, and every compatible typed cell are not independently cited together.
104	synodal:family-candidate:5505a1abd405f5693ab11b49	candidate-family:synodal:family-candidate:5505a1abd405f5693ab11b49	synodal:family-candidate:5505a1abd405f5693ab11b49	иудин-	unknown	іꙋдина:270,іꙋдины:220	490	490	490	474		possible-nominative-feminine-or-genitive-accusative,possible-nominative-plural	target-surface	target-lexeme-identity,target-morphological-cell			490	490	0	490		weak	large	deferred	Deferred after review: repeated corpus surfaces and diagnostic stem, prefix, or ending features do not by themselves establish a lemma, part of speech, morphological cell, principal parts, accent class, or productive rule.
105	synodal:family-candidate:5afecb5831829a394da0bea0	candidate-family:synodal:family-candidate:5afecb5831829a394da0bea0	synodal:family-candidate:5afecb5831829a394da0bea0	возлож-	unknown	возложи:182,возложитъ:125,возложиша:95,возложиши:87	489	489	489	463		possible-finite-verb,possible-nominative-feminine-or-genitive-accusative,possible-nominative-plural	target-surface	target-lexeme-identity,target-morphological-cell			489	489	0	489		weak	large	deferred	Deferred after review: repeated corpus surfaces and diagnostic stem, prefix, or ending features do not by themselves establish a lemma, part of speech, morphological cell, principal parts, accent class, or productive rule.
106	synodal:family-candidate:64f21c5ef4cd0bece4d960c6	candidate-family:synodal:family-candidate:64f21c5ef4cd0bece4d960c6	synodal:family-candidate:64f21c5ef4cd0bece4d960c6	жрецъ	unknown	жрецъ:480	480	480	480	394		untyped	target-surface	target-lexeme-identity,target-morphological-cell			480	480	0	480		weak	large	deferred	Deferred after review: repeated corpus surfaces and diagnostic stem, prefix, or ending features do not by themselves establish a lemma, part of speech, morphological cell, principal parts, accent class, or productive rule.
107	synodal:family-candidate:97b1e1ab6c186502927efc0d	family:synodal:noun:v06-6f6cb44e5f184035	synodal:family-candidate:97b1e1ab6c186502927efc0d	помощи / помощь	ambiguous	помощи:80	80	80	80	78	synodal:noun:v06-6f6cb44e5f184035	accusative+dative+dual+genitive+locative+nominative+plural+singular+vocative,infinitive+lemma,possible-nominative-plural	lexical-semantic-candidate,target-surface	source-partition-exact-cell-evidence; evaluation candidates cannot license runtime facts,target-lexeme-identity,target-morphological-cell	OCS dictionary morphology is candidate evidence, not a Synodal paradigm | more than one lexical identity is compatible with at least one surface	candidate evidence preserves lexical or cell ambiguity	0	80	80	80	ponomar-elizabeth-bible-2026-08-09:Psalm.120.2,ponomar-elizabeth-bible-2026-08-09:Psalm.120.2,ponomar-elizabeth-bible-2026-08-09:Psalm.120.2	partial	medium	candidate-unreviewed	surface grouping is diagnostic only; target identity and complete morphology require review
108	synodal:family-candidate:c1ee88bce2fa7371343b8a57	family:synodal:noun:wikt-1348cff35032	synodal:family-candidate:c1ee88bce2fa7371343b8a57	кожа	noun	кожи:80	80	80	80	65	synodal:noun:wikt-1348cff35032	accusative+dative+dual+locative+nominative+singular+vocative,possible-nominative-plural	lexical-semantic-candidate,target-surface	source-partition-exact-cell-evidence; evaluation candidates cannot license runtime facts,target-lexeme-identity,target-morphological-cell	OCS dictionary morphology is candidate evidence, not a Synodal paradigm		80	80	0	80	ponomar-elizabeth-bible-2026-08-09:Ezek.37.8	partial	medium	candidate-unreviewed	surface grouping is diagnostic only; target identity and complete morphology require review
109	synodal:family-candidate:d4ac6fbf18901487d2e5638a	candidate-family:synodal:family-candidate:d4ac6fbf18901487d2e5638a	synodal:family-candidate:d4ac6fbf18901487d2e5638a	внид-	unknown	внидетъ:199,внидꙋтъ:117,вниди:82,внидеши:80	478	478	478	466		possible-finite-verb,possible-nominative-plural	target-surface	target-lexeme-identity,target-morphological-cell			478	478	0	478		weak	large	deferred	Deferred after review: repeated corpus surfaces and diagnostic stem, prefix, or ending features do not by themselves establish a lemma, part of speech, morphological cell, principal parts, accent class, or productive rule.
110	synodal:family-candidate:52453d689bc655e242e22c87	candidate-family:synodal:family-candidate:52453d689bc655e242e22c87	synodal:family-candidate:52453d689bc655e242e22c87	прⷭ҇нѡ	unknown	прⷭ҇нѡ:79	79	79	79	79		untyped	target-surface	target-lexeme-identity,target-morphological-cell			79	79	0	79		partial	medium	deferred	Deferred after v0.5 structured-route review: the target corpus establishes the marked surface, but semantic expansion, all compatible typed cells, exact combining-mark order, positional restrictions, and reverse-registry behavior are not jointly supported by independent target-recension evidence.
111	synodal:family-candidate:8aa748db32b82b8c54fc9859	candidate-family:synodal:family-candidate:8aa748db32b82b8c54fc9859	synodal:family-candidate:8aa748db32b82b8c54fc9859	дв҃дꙋ	unknown	дв҃дꙋ:79	79	79	79	79		untyped	target-surface	target-lexeme-identity,target-morphological-cell			79	79	0	79		partial	medium	deferred	Deferred after v0.5 structured-route review: the target corpus establishes the marked surface, but semantic expansion, all compatible typed cells, exact combining-mark order, positional restrictions, and reverse-registry behavior are not jointly supported by independent target-recension evidence.
112	synodal:family-candidate:1b367a79fe5c121837d5458d	family:synodal:noun:wikt-3379a6fab3cf	synodal:family-candidate:1b367a79fe5c121837d5458d	фараѡнъ	noun	фараѡна:78	78	78	78	76	synodal:noun:wikt-3379a6fab3cf	accusative+dual+genitive+nominative+singular+vocative,possible-nominative-feminine-or-genitive-accusative	lexical-semantic-candidate,target-surface	target-lexeme-identity,target-morphological-cell	OCS dictionary morphology is candidate evidence, not a Synodal paradigm		78	78	0	78	ponomar-elizabeth-bible-2026-08-09:Ex.5.2	partial	medium	candidate-unreviewed	surface grouping is diagnostic only; target identity and complete morphology require review
113	synodal:family-candidate:5f10897e032318508b09b933	family:synodal:noun:wikt-5c652bfd3f26	synodal:family-candidate:5f10897e032318508b09b933	господине / господинъ	ambiguous	господине:78	78	78	78	76	synodal:noun:wikt-5c652bfd3f26	lemma,possible-vocative-or-finite-verb,singular+vocative	lexical-semantic-candidate,target-surface	target-lexeme-identity,target-morphological-cell	OCS dictionary morphology is candidate evidence, not a Synodal paradigm | more than one lexical identity is compatible with at least one surface	candidate evidence preserves lexical or cell ambiguity	0	78	78	78	ponomar-elizabeth-bible-2026-08-09:Ex.21.34,ponomar-elizabeth-bible-2026-08-09:Deut.23.15	partial	medium	candidate-unreviewed	surface grouping is diagnostic only; target identity and complete morphology require review
114	synodal:family-candidate:b70ab4efc02a968c0ee1eef8	candidate-family:synodal:family-candidate:b70ab4efc02a968c0ee1eef8	synodal:family-candidate:b70ab4efc02a968c0ee1eef8	беззакони-	unknown	беззаконїе:206,беззакѡнїѧ:162,беззаконїѧ:98	466	466	466	445		possible-nominative-feminine-or-genitive-accusative,possible-vocative-or-finite-verb	target-surface	target-lexeme-identity,target-morphological-cell			466	466	0	466		weak	large	deferred	Deferred after review: repeated corpus surfaces and diagnostic stem, prefix, or ending features do not by themselves establish a lemma, part of speech, morphological cell, principal parts, accent class, or productive rule.
115	synodal:family-candidate:264db068871746de9e69a0b1	candidate-family:synodal:family-candidate:264db068871746de9e69a0b1	synodal:family-candidate:264db068871746de9e69a0b1	иуд-	unknown	іꙋда:382,іꙋды:76	458	458	458	451		possible-nominative-feminine-or-genitive-accusative,possible-nominative-plural	target-surface	target-lexeme-identity,target-morphological-cell			458	458	0	458		weak	large	deferred	Deferred after review: repeated corpus surfaces and diagnostic stem, prefix, or ending features do not by themselves establish a lemma, part of speech, morphological cell, principal parts, accent class, or productive rule.
116	synodal:family-candidate:0756acb6c0ff84d2fbbc6b1a	family:synodal:noun:wikt-f0839864e6c2	synodal:family-candidate:0756acb6c0ff84d2fbbc6b1a	рана	noun	ранѡ:76	76	76	76	68	synodal:noun:wikt-f0839864e6c2	singular+vocative,ud:ADV:Degree=Pos	lexical-semantic-candidate,target-surface,typed-cell-candidate	target-lexeme-identity,target-morphological-cell	OCS dictionary morphology is candidate evidence, not a Synodal paradigm | an OCS treebank cell requires an independent exact Synodal surface witness		76	76	0	76	ponomar-elizabeth-bible-2026-08-09:Jerem.8.22,ponomar-elizabeth-bible-2026-08-09:Prov.19.29	partial	medium	candidate-unreviewed	surface grouping is diagnostic only; target identity and complete morphology require review
117	synodal:family-candidate:5dddb4618d59828c1f186388	candidate-family:synodal:family-candidate:5dddb4618d59828c1f186388	synodal:family-candidate:5dddb4618d59828c1f186388	ст҃ымъ	unknown	ст҃ымъ:76	76	76	76	72		untyped	target-surface	target-lexeme-identity,target-morphological-cell			76	76	0	76		partial	medium	deferred	Deferred after v0.5 structured-route review: the target corpus establishes the marked surface, but semantic expansion, all compatible typed cells, exact combining-mark order, positional restrictions, and reverse-registry behavior are not jointly supported by independent target-recension evidence.
118	synodal:family-candidate:52d3cd840ee56e7511bfaf93	candidate-family:synodal:family-candidate:52d3cd840ee56e7511bfaf93	synodal:family-candidate:52d3cd840ee56e7511bfaf93	обрѣтохъ	verb	ѡбрѣтохъ:151	151	151	151	145		lemma	lexical-semantic-candidate,target-surface	target-lexeme-identity,target-morphological-cell	OCS dictionary morphology is candidate evidence, not a Synodal paradigm		151	151	0	151		partial	large	candidate-unreviewed	surface grouping is diagnostic only; target identity and complete morphology require review
119	synodal:family-candidate:542e92a026a61200d04db2fc	candidate-family:synodal:family-candidate:542e92a026a61200d04db2fc	synodal:family-candidate:542e92a026a61200d04db2fc	свидѣни-	unknown	свидѣнїѧ:449	449	449	449	413		possible-nominative-feminine-or-genitive-accusative	target-surface	target-lexeme-identity,target-morphological-cell			449	449	0	449		weak	large	deferred	Deferred after review: repeated corpus surfaces and diagnostic stem, prefix, or ending features do not by themselves establish a lemma, part of speech, morphological cell, principal parts, accent class, or productive rule.
120	synodal:family-candidate:86c64b850e27466bd8bc964f	candidate-family:synodal:family-candidate:86c64b850e27466bd8bc964f	synodal:family-candidate:86c64b850e27466bd8bc964f	чад-	unknown	чада:383,чадѡмъ:63	446	446	446	415		possible-dative-plural-or-instrumental-singular,possible-nominative-feminine-or-genitive-accusative	target-surface	target-lexeme-identity,target-morphological-cell			446	446	0	446		weak	large	deferred	Deferred after v0.5 review: repeated target surfaces do not establish lemma identity, semantics, exact morphological cells, principal parts, accent class, or a productive Synodal rule.
121	synodal:family-candidate:a4ea7a0ed7616b668a674677	family:synodal:noun:wikt-4a310e2fb5be	synodal:family-candidate:a4ea7a0ed7616b668a674677	гладъ	noun	гладомъ:74	74	74	74	74	synodal:noun:wikt-4a310e2fb5be	instrumental+singular,possible-dative-plural-or-instrumental-singular	lexical-semantic-candidate,target-surface	target-lexeme-identity,target-morphological-cell	OCS dictionary morphology is candidate evidence, not a Synodal paradigm		74	74	0	74	ponomar-elizabeth-bible-2026-08-09:Acts.7.11,ponomar-elizabeth-bible-2026-08-09:Ezek.5.16	partial	medium	candidate-unreviewed	surface grouping is diagnostic only; target identity and complete morphology require review
122	synodal:family-candidate:eff61065f32ca530b2450f60	candidate-family:synodal:family-candidate:eff61065f32ca530b2450f60	synodal:family-candidate:eff61065f32ca530b2450f60	возм-	unknown	возметъ:211,возмꙋтъ:132,возмеши:98	441	441	441	424		possible-finite-verb,possible-nominative-plural	target-surface	target-lexeme-identity,target-morphological-cell			441	441	0	441		weak	large	deferred	Deferred after v0.5 review: repeated target surfaces do not establish lemma identity, semantics, exact morphological cells, principal parts, accent class, or a productive Synodal rule.
123	synodal:family-candidate:0b9ffcd36fd4126038e1924a	candidate-family:synodal:family-candidate:0b9ffcd36fd4126038e1924a	synodal:family-candidate:0b9ffcd36fd4126038e1924a	ѹмр-	unknown	ѹмре:253,ѹмретъ:186	439	439	439	404		possible-finite-verb,possible-vocative-or-finite-verb	target-surface	target-lexeme-identity,target-morphological-cell			439	439	0	439		weak	large	deferred	Deferred after v0.5 review: repeated target surfaces do not establish lemma identity, semantics, exact morphological cells, principal parts, accent class, or a productive Synodal rule.
124	synodal:family-candidate:c00ad7de23cdb66b1c7b650d	candidate-family:synodal:family-candidate:c00ad7de23cdb66b1c7b650d	synodal:family-candidate:c00ad7de23cdb66b1c7b650d	гор-	unknown	горы:438	438	438	438	414		possible-nominative-plural	target-surface	target-lexeme-identity,target-morphological-cell			438	438	0	438		weak	large	deferred	Deferred after v0.5 review: repeated target surfaces do not establish lemma identity, semantics, exact morphological cells, principal parts, accent class, or a productive Synodal rule.
125	synodal:family-candidate:b77129c5df411c2c34843129	candidate-family:synodal:family-candidate:b77129c5df411c2c34843129	synodal:family-candidate:b77129c5df411c2c34843129	црⷭ҇тво	unknown	црⷭ҇тво:73	73	73	73	60		untyped	target-surface	target-lexeme-identity,target-morphological-cell			73	73	0	73		partial	medium	candidate-unreviewed	surface grouping is diagnostic only; target identity and complete morphology require review
126	synodal:family-candidate:38a8c9975373752c6dfe0773	candidate-family:synodal:family-candidate:38a8c9975373752c6dfe0773	synodal:family-candidate:38a8c9975373752c6dfe0773	отвѣщ-	unknown	ѿвѣща:432	432	432	432	427		possible-nominative-feminine-or-genitive-accusative	target-surface	target-lexeme-identity,target-morphological-cell			432	432	0	432		weak	large	deferred	Deferred after v0.5 review: repeated target surfaces do not establish lemma identity, semantics, exact morphological cells, principal parts, accent class, or a productive Synodal rule.
127	synodal:family-candidate:4c7ce144c90989a0166ef202	candidate-family:synodal:family-candidate:4c7ce144c90989a0166ef202	synodal:family-candidate:4c7ce144c90989a0166ef202	взыдоша	verb	взыдоша:144	144	144	144	144		lemma,possible-nominative-feminine-or-genitive-accusative	lexical-semantic-candidate,target-surface	target-lexeme-identity,target-morphological-cell	OCS dictionary morphology is candidate evidence, not a Synodal paradigm		144	144	0	144		partial	large	candidate-unreviewed	surface grouping is diagnostic only; target identity and complete morphology require review
128	synodal:family-candidate:35361ffcd9ec6d7165f19cd6	candidate-family:synodal:family-candidate:35361ffcd9ec6d7165f19cd6	synodal:family-candidate:35361ffcd9ec6d7165f19cd6	вост-	unknown	воста:431	431	431	431	428		possible-nominative-feminine-or-genitive-accusative	target-surface	target-lexeme-identity,target-morphological-cell			431	431	0	431		weak	large	deferred	Deferred after v0.5 review: repeated target surfaces do not establish lemma identity, semantics, exact morphological cells, principal parts, accent class, or a productive Synodal rule.
129	synodal:family-candidate:e4dac5c791492ed53610da5d	candidate-family:synodal:family-candidate:e4dac5c791492ed53610da5d	synodal:family-candidate:e4dac5c791492ed53610da5d	друг-	unknown	дрꙋга:221,дрꙋгѡвъ:72,дрꙋги:57,дрꙋгаго:41,дрꙋгѡмъ:40	431	431	431	417		possible-dative-plural-or-instrumental-singular,possible-genitive-or-locative-plural,possible-nominative-feminine-or-genitive-accusative,possible-nominative-plural,untyped	target-surface	target-lexeme-identity,target-morphological-cell			431	431	0	431		weak	large	deferred	Deferred after v0.5 review: repeated target surfaces do not establish lemma identity, semantics, exact morphological cells, principal parts, accent class, or a productive Synodal rule.
130	synodal:family-candidate:fa61ad9f13d34c6e350702f6	candidate-family:synodal:family-candidate:fa61ad9f13d34c6e350702f6	synodal:family-candidate:fa61ad9f13d34c6e350702f6	вѣк-	unknown	вѣки:364,вѣкѡвъ:66	430	430	430	376		possible-genitive-or-locative-plural,possible-nominative-plural	target-surface	target-lexeme-identity,target-morphological-cell			430	430	0	430		weak	large	deferred	Deferred after v0.5 review: repeated target surfaces do not establish lemma identity, semantics, exact morphological cells, principal parts, accent class, or a productive Synodal rule.
131	synodal:family-candidate:ff0393b977ea0fd3e030ee0e	candidate-family:synodal:family-candidate:ff0393b977ea0fd3e030ee0e	synodal:family-candidate:ff0393b977ea0fd3e030ee0e	саꙋлъ	unknown	саꙋлъ:429	429	429	429	385		untyped	target-surface	target-lexeme-identity,target-morphological-cell			429	429	0	429		weak	large	deferred	Deferred after v0.5 review: repeated target surfaces do not establish lemma identity, semantics, exact morphological cells, principal parts, accent class, or a productive Synodal rule.
132	synodal:family-candidate:f899d3817c6d9a6789187715	candidate-family:synodal:family-candidate:f899d3817c6d9a6789187715	synodal:family-candidate:f899d3817c6d9a6789187715	часть	unknown	часть:428	428	428	428	371		untyped	target-surface	target-lexeme-identity,target-morphological-cell			428	428	0	428		weak	large	deferred	Deferred after v0.5 review: repeated target surfaces do not establish lemma identity, semantics, exact morphological cells, principal parts, accent class, or a productive Synodal rule.
133	synodal:family-candidate:0445d2538eab4d2478e96c6f	candidate-family:synodal:family-candidate:0445d2538eab4d2478e96c6f	synodal:family-candidate:0445d2538eab4d2478e96c6f	старѣйшин-	unknown	старѣйшины:252,старѣйшина:122,старѣйшинамъ:53	427	427	427	355		possible-nominative-feminine-or-genitive-accusative,possible-nominative-plural,untyped	target-surface	target-lexeme-identity,target-morphological-cell			427	427	0	427		weak	large	deferred	Deferred after v0.5 review: repeated target surfaces do not establish lemma identity, semantics, exact morphological cells, principal parts, accent class, or a productive Synodal rule.
134	synodal:family-candidate:1271cb150101e0728778c897	candidate-family:synodal:family-candidate:1271cb150101e0728778c897	synodal:family-candidate:1271cb150101e0728778c897	изыд-	unknown	изыдетъ:214,изыдꙋтъ:82,изыди:75,изыдеши:56	427	427	427	417		possible-finite-verb,possible-nominative-plural	target-surface	target-lexeme-identity,target-morphological-cell			427	427	0	427		weak	large	deferred	Deferred after review: repeated corpus surfaces and diagnostic stem, prefix, or ending features do not by themselves establish a lemma, part of speech, morphological cell, principal parts, accent class, or productive rule.
135	synodal:family-candidate:a66dfc8032ee30d755b1acfd	candidate-family:synodal:family-candidate:a66dfc8032ee30d755b1acfd	synodal:family-candidate:a66dfc8032ee30d755b1acfd	умр-	unknown	ᲂумре:239,ᲂумретъ:186	425	425	425	393		possible-finite-verb,possible-vocative-or-finite-verb	target-surface	target-lexeme-identity,target-morphological-cell			425	425	0	425		weak	large	deferred	Deferred after v0.5 review: repeated target surfaces do not establish lemma identity, semantics, exact morphological cells, principal parts, accent class, or a productive Synodal rule.
136	synodal:family-candidate:334748a6cc6ab9cebc4cbbca	candidate-family:synodal:family-candidate:334748a6cc6ab9cebc4cbbca	synodal:family-candidate:334748a6cc6ab9cebc4cbbca	слыш-	unknown	слыша:162,слышати:121,слыши:71,слышитъ:68	422	422	422	387		possible-finite-verb,possible-nominative-feminine-or-genitive-accusative,possible-nominative-plural,ud:VERB:Aspect=Perf+Mood=Ind+Number=Sing+Person=3+Tense=Past+VerbForm=Fin+Voice=Act,ud:VERB:Tense=Pres+VerbForm=Inf+Voice=Act	target-surface,typed-cell-candidate	target-lexeme-identity,target-morphological-cell	an OCS treebank cell requires an independent exact Synodal surface witness		422	422	0	422		weak	large	deferred	Deferred after v0.5 review: repeated target surfaces do not establish lemma identity, semantics, exact morphological cells, principal parts, accent class, or a productive Synodal rule.
137	synodal:family-candidate:d089e68e79b6ea720c8f801c	candidate-family:synodal:family-candidate:d089e68e79b6ea720c8f801c	synodal:family-candidate:d089e68e79b6ea720c8f801c	сосуд-	unknown	сосꙋды:376,сосꙋдѡвъ:46	422	422	422	371		possible-genitive-or-locative-plural,possible-nominative-plural	target-surface	target-lexeme-identity,target-morphological-cell			422	422	0	422		weak	large	deferred	Deferred after v0.5 review: repeated target surfaces do not establish lemma identity, semantics, exact morphological cells, principal parts, accent class, or a productive Synodal rule.
138	synodal:family-candidate:6a0455dd987463d2226428ec	candidate-family:synodal:family-candidate:6a0455dd987463d2226428ec	synodal:family-candidate:6a0455dd987463d2226428ec	помѧнѫти	verb	помѧни:141	141	141	141	135		error-unrecognized-form+imperative+singular,possible-nominative-plural	lexical-semantic-candidate,target-surface	target-lexeme-identity,target-morphological-cell	OCS dictionary morphology is candidate evidence, not a Synodal paradigm		141	141	0	141		partial	large	candidate-unreviewed	surface grouping is diagnostic only; target identity and complete morphology require review
139	synodal:family-candidate:32cf02d7243b05d62b29e58f	candidate-family:synodal:family-candidate:32cf02d7243b05d62b29e58f	synodal:family-candidate:32cf02d7243b05d62b29e58f	іи҃левѣ	unknown	іи҃левѣ:70	70	70	70	70		untyped	target-surface	target-lexeme-identity,target-morphological-cell			70	70	0	70		partial	medium	candidate-unreviewed	surface grouping is diagnostic only; target identity and complete morphology require review
140	synodal:family-candidate:7c5ebc03642936d812b58ce7	family:synodal:noun:wikt-88143c1bc503	synodal:family-candidate:7c5ebc03642936d812b58ce7	ꙗдъ	noun	ꙗде:70	70	70	70	68	synodal:noun:wikt-88143c1bc503	possible-vocative-or-finite-verb,singular+vocative	lexical-semantic-candidate,target-surface	target-lexeme-identity,target-morphological-cell	OCS dictionary morphology is candidate evidence, not a Synodal paradigm		70	70	0	70	ponomar-elizabeth-bible-2026-08-09:Ezek.24.6	partial	medium	candidate-unreviewed	surface grouping is diagnostic only; target identity and complete morphology require review
141	synodal:family-candidate:b7a6a093f4810e4132cac055	family:synodal:verb:v06-18c9a96e1e8b816e	synodal:family-candidate:b7a6a093f4810e4132cac055	даѧти	unknown	даѧти:70	70	70	70	66	synodal:verb:v06-18c9a96e1e8b816e	possible-nominative-plural	target-surface	identity-or-spelling-variant-decision			70	70	0	70	ponomar-elizabeth-bible-2026-08-09:Deut.12.9,ponomar-elizabeth-bible-2026-08-09:Deut.12.9	partial	medium	candidate-unreviewed	surface grouping is diagnostic only; target identity and complete morphology require review
142	synodal:family-candidate:bb2f91e26f0332676c685326	family:synodal:verb:wikt-eb542a45226b	synodal:family-candidate:bb2f91e26f0332676c685326	обрѣсти	verb	ѡбрѧщеши:70	70	70	70	68	synodal:verb:wikt-eb542a45226b	error-unrecognized-form+present+singular,possible-finite-verb,possible-nominative-plural	lexical-semantic-candidate,target-surface	target-lexeme-identity,target-morphological-cell	OCS dictionary morphology is candidate evidence, not a Synodal paradigm		70	70	0	70	ponomar-elizabeth-bible-2026-08-09:Eccles.7.28,ponomar-elizabeth-bible-2026-08-09:Ex.5.11,ponomar-elizabeth-bible-2026-08-09:Acts.10.27,ponomar-elizabeth-bible-2026-08-09:Ex.5.11,ponomar-elizabeth-bible-2026-08-09:Eccles.7.15,ponomar-elizabeth-bible-2026-08-09:Acts.10.27	partial	medium	candidate-unreviewed	surface grouping is diagnostic only; target identity and complete morphology require review
143	synodal:family-candidate:104c0f27836670d09087c7bc	candidate-family:synodal:family-candidate:104c0f27836670d09087c7bc	synodal:family-candidate:104c0f27836670d09087c7bc	ѕла-	unknown	ѕлаѧ:414	414	414	414	409		possible-nominative-feminine-or-genitive-accusative	target-surface	target-lexeme-identity,target-morphological-cell			414	414	0	414		weak	large	deferred	Deferred after v0.5 review: repeated target surfaces do not establish lemma identity, semantics, exact morphological cells, principal parts, accent class, or a productive Synodal rule.
144	synodal:family-candidate:220d53a86ba00ebdded74763	candidate-family:synodal:family-candidate:220d53a86ba00ebdded74763	synodal:family-candidate:220d53a86ba00ebdded74763	блгⷭ҇вени-	unknown	блгⷭ҇венїе:69	69	69	69	67		possible-vocative-or-finite-verb	target-surface	target-lexeme-identity,target-morphological-cell			69	69	0	69		partial	medium	candidate-unreviewed	surface grouping is diagnostic only; target identity and complete morphology require review
145	synodal:family-candidate:128cc854195a3b714160ec23	candidate-family:synodal:family-candidate:128cc854195a3b714160ec23	synodal:family-candidate:128cc854195a3b714160ec23	жєн-	unknown	жєны:409	409	409	409	393		possible-nominative-plural	target-surface	target-lexeme-identity,target-morphological-cell			409	409	0	409		weak	large	deferred	Deferred after v0.5 review: repeated target surfaces do not establish lemma identity, semantics, exact morphological cells, principal parts, accent class, or a productive Synodal rule.
146	synodal:family-candidate:9ee76a4bc7d8a39f9243a17b	candidate-family:synodal:family-candidate:9ee76a4bc7d8a39f9243a17b	synodal:family-candidate:9ee76a4bc7d8a39f9243a17b	пойд-	unknown	пойдꙋтъ:106,пойде:95,пойдемъ:76,пойдетъ:72,пойдеши:60	409	409	409	393		possible-finite-verb,possible-nominative-plural,possible-vocative-or-finite-verb,untyped	target-surface	target-lexeme-identity,target-morphological-cell			409	409	0	409		weak	large	deferred	Deferred after v0.5 review: repeated target surfaces do not establish lemma identity, semantics, exact morphological cells, principal parts, accent class, or a productive Synodal rule.
147	synodal:family-candidate:7285b6dd31cd6067e0a10a75	candidate-family:synodal:family-candidate:7285b6dd31cd6067e0a10a75	synodal:family-candidate:7285b6dd31cd6067e0a10a75	ѿидоша	verb	ѿидоша:136	136	136	136	132		lemma,possible-nominative-feminine-or-genitive-accusative	lexical-semantic-candidate,target-surface	target-lexeme-identity,target-morphological-cell	OCS dictionary morphology is candidate evidence, not a Synodal paradigm		136	136	0	136		partial	large	candidate-unreviewed	surface grouping is diagnostic only; target identity and complete morphology require review
148	synodal:family-candidate:f2d7e74c94e1a663daa230ad	candidate-family:synodal:family-candidate:f2d7e74c94e1a663daa230ad	synodal:family-candidate:f2d7e74c94e1a663daa230ad	сташа	verb	сташа:136	136	136	136	134		lemma,possible-nominative-feminine-or-genitive-accusative	lexical-semantic-candidate,target-surface	target-lexeme-identity,target-morphological-cell	OCS dictionary morphology is candidate evidence, not a Synodal paradigm		136	136	0	136		partial	large	candidate-unreviewed	surface grouping is diagnostic only; target identity and complete morphology require review
149	synodal:family-candidate:281104277d9823c6e8b852ac	candidate-family:synodal:family-candidate:281104277d9823c6e8b852ac	synodal:family-candidate:281104277d9823c6e8b852ac	цр҃ковь	unknown	цр҃ковь:68	68	68	68	68		untyped	target-surface	target-lexeme-identity,target-morphological-cell			68	68	0	68		partial	medium	candidate-unreviewed	surface grouping is diagnostic only; target identity and complete morphology require review
150	synodal:family-candidate:53aef02c0f3dcc240c1dace5	candidate-family:synodal:family-candidate:53aef02c0f3dcc240c1dace5	synodal:family-candidate:53aef02c0f3dcc240c1dace5	сребро	unknown	сребро:407	407	407	407	374		untyped	target-surface	target-lexeme-identity,target-morphological-cell			407	407	0	407		weak	large	deferred	Deferred after v0.5 review: repeated target surfaces do not establish lemma identity, semantics, exact morphological cells, principal parts, accent class, or a productive Synodal rule.
151	synodal:family-candidate:1cdc2f28dc23ac649da8e99e	candidate-family:synodal:family-candidate:1cdc2f28dc23ac649da8e99e	synodal:family-candidate:1cdc2f28dc23ac649da8e99e	востан-	unknown	востани:204,востанетъ:114,востанꙋтъ:88	406	406	406	375		possible-finite-verb,possible-nominative-plural	target-surface	target-lexeme-identity,target-morphological-cell			406	406	0	406		weak	large	deferred	Deferred after v0.5 review: repeated target surfaces do not establish lemma identity, semantics, exact morphological cells, principal parts, accent class, or a productive Synodal rule.
152	synodal:family-candidate:6dfc72e3a562db2c2e72b300	candidate-family:synodal:family-candidate:6dfc72e3a562db2c2e72b300	synodal:family-candidate:6dfc72e3a562db2c2e72b300	сотворит-	unknown	сотворите:399	399	399	399	373		possible-vocative-or-finite-verb	target-surface	target-lexeme-identity,target-morphological-cell			399	399	0	399		weak	large	deferred	Deferred after v0.5 review: repeated target surfaces do not establish lemma identity, semantics, exact morphological cells, principal parts, accent class, or a productive Synodal rule.
153	synodal:family-candidate:00dfe66ece2b9254e8dc0cf2	candidate-family:synodal:family-candidate:00dfe66ece2b9254e8dc0cf2	synodal:family-candidate:00dfe66ece2b9254e8dc0cf2	бл҃жен-	unknown	бл҃жени:66	66	66	66	63		possible-nominative-plural	target-surface	target-lexeme-identity,target-morphological-cell			66	66	0	66		partial	medium	candidate-unreviewed	surface grouping is diagnostic only; target identity and complete morphology require review
154	synodal:family-candidate:f07698d9e017ee5b44eb491b	candidate-family:synodal:family-candidate:f07698d9e017ee5b44eb491b	synodal:family-candidate:f07698d9e017ee5b44eb491b	ѹчн҃ц-	unknown	ѹчн҃цы:66	66	66	66	58		possible-nominative-plural	target-surface	target-lexeme-identity,target-morphological-cell			66	66	0	66		partial	medium	candidate-unreviewed	surface grouping is diagnostic only; target identity and complete morphology require review
155	synodal:family-candidate:24baa88380bbaa1a8159a6fd	candidate-family:synodal:family-candidate:24baa88380bbaa1a8159a6fd	synodal:family-candidate:24baa88380bbaa1a8159a6fd	правд-	unknown	правды:234,правда:159	393	393	393	385		possible-nominative-feminine-or-genitive-accusative,possible-nominative-plural,ud:NOUN:Case=Nom+Gender=Fem+Number=Sing	target-surface,typed-cell-candidate	target-lexeme-identity,target-morphological-cell	an OCS treebank cell requires an independent exact Synodal surface witness		393	393	0	393		weak	large	deferred	Deferred after v0.5 review: repeated target surfaces do not establish lemma identity, semantics, exact morphological cells, principal parts, accent class, or a productive Synodal rule.
156	synodal:family-candidate:ed384f2e65572e8656151b4f	candidate-family:synodal:family-candidate:ed384f2e65572e8656151b4f	synodal:family-candidate:ed384f2e65572e8656151b4f	послаша	verb	послаша:131	131	131	131	130		lemma,possible-nominative-feminine-or-genitive-accusative	lexical-semantic-candidate,target-surface	target-lexeme-identity,target-morphological-cell	OCS dictionary morphology is candidate evidence, not a Synodal paradigm		131	131	0	131		partial	large	candidate-unreviewed	surface grouping is diagnostic only; target identity and complete morphology require review
157	synodal:family-candidate:b8f39255d16d629027767203	candidate-family:synodal:family-candidate:b8f39255d16d629027767203	synodal:family-candidate:b8f39255d16d629027767203	адона-	unknown	адѡнаі:389	389	389	389	383		possible-nominative-plural	target-surface	target-lexeme-identity,target-morphological-cell			389	389	0	389		weak	large	deferred	Deferred after v0.5 review: repeated target surfaces do not establish lemma identity, semantics, exact morphological cells, principal parts, accent class, or a productive Synodal rule.
158	synodal:family-candidate:93f9bd7f5494e9e105f6b7f3	family:synodal:verb:wikt-54184498f8d6	synodal:family-candidate:93f9bd7f5494e9e105f6b7f3	разорити	verb	разори:64	64	64	64	64	synodal:verb:wikt-54184498f8d6	aorist+error-unrecognized-form+imperative+singular,possible-nominative-plural	lexical-semantic-candidate,target-surface	source-partition-exact-cell-evidence; evaluation candidates cannot license runtime facts,target-lexeme-identity,target-morphological-cell	OCS dictionary morphology is candidate evidence, not a Synodal paradigm		64	64	0	64	ponomar-elizabeth-bible-2026-08-09:I_Esdra.9.14	partial	medium	candidate-unreviewed	surface grouping is diagnostic only; target identity and complete morphology require review
159	synodal:family-candidate:c84fe7b8c1df0c005e15b81a	candidate-family:synodal:family-candidate:c84fe7b8c1df0c005e15b81a	synodal:family-candidate:c84fe7b8c1df0c005e15b81a	бл҃женъ	unknown	бл҃женъ:64	64	64	64	64		untyped	target-surface	target-lexeme-identity,target-morphological-cell			64	64	0	64		partial	medium	candidate-unreviewed	surface grouping is diagnostic only; target identity and complete morphology require review
160	synodal:family-candidate:efa5ef462a81b00688d9f959	candidate-family:synodal:family-candidate:efa5ef462a81b00688d9f959	synodal:family-candidate:efa5ef462a81b00688d9f959	првⷣный	unknown	првⷣный:64	64	64	64	64		untyped	target-surface	target-lexeme-identity,target-morphological-cell			64	64	0	64		partial	medium	candidate-unreviewed	surface grouping is diagnostic only; target identity and complete morphology require review
161	synodal:family-candidate:116df844dcc9a42a1823cf4b	candidate-family:synodal:family-candidate:116df844dcc9a42a1823cf4b	synodal:family-candidate:116df844dcc9a42a1823cf4b	сущ-	unknown	сꙋщихъ:251,сꙋще:75,сꙋща:57	383	383	383	377		possible-genitive-or-locative-plural,possible-nominative-feminine-or-genitive-accusative,possible-vocative-or-finite-verb	target-surface	target-lexeme-identity,target-morphological-cell			383	383	0	383		weak	large	deferred	Deferred after v0.5 review: repeated target surfaces do not establish lemma identity, semantics, exact morphological cells, principal parts, accent class, or a productive Synodal rule.
162	synodal:family-candidate:86520e9d3c81e6223e5f79cd	candidate-family:synodal:family-candidate:86520e9d3c81e6223e5f79cd	synodal:family-candidate:86520e9d3c81e6223e5f79cd	посл-	unknown	послю:149,послы:102,посли:70,послетъ:60	381	381	381	368		possible-finite-verb,possible-nominative-plural,untyped	target-surface	target-lexeme-identity,target-morphological-cell			381	381	0	381		weak	large	deferred	Deferred after review: repeated corpus surfaces and diagnostic stem, prefix, or ending features do not by themselves establish a lemma, part of speech, morphological cell, principal parts, accent class, or productive rule.
163	synodal:family-candidate:ac17cae6f9163408ef615f88	candidate-family:synodal:family-candidate:ac17cae6f9163408ef615f88	synodal:family-candidate:ac17cae6f9163408ef615f88	возвѣст-	unknown	возвѣстиша:154,возвѣститъ:97,возвѣстити:66,возвѣстѧтъ:64	381	381	381	372		possible-finite-verb,possible-nominative-feminine-or-genitive-accusative,possible-nominative-plural	target-surface	target-lexeme-identity,target-morphological-cell			381	381	0	381		weak	large	deferred	Deferred after v0.5 review: repeated target surfaces do not establish lemma identity, semantics, exact morphological cells, principal parts, accent class, or a productive Synodal rule.
164	synodal:family-candidate:3a2c8e03154ebe65a70b8f0e	candidate-family:synodal:family-candidate:3a2c8e03154ebe65a70b8f0e	synodal:family-candidate:3a2c8e03154ebe65a70b8f0e	давид-	unknown	давіда:302,давідовъ:74	376	376	376	363		possible-genitive-or-locative-plural,possible-nominative-feminine-or-genitive-accusative	target-surface	target-lexeme-identity,target-morphological-cell			376	376	0	376		weak	large	deferred	Deferred after v0.5 review: repeated target surfaces do not establish lemma identity, semantics, exact morphological cells, principal parts, accent class, or a productive Synodal rule.
165	synodal:family-candidate:b8156a6c7883de3768a38db2	candidate-family:synodal:family-candidate:b8156a6c7883de3768a38db2	synodal:family-candidate:b8156a6c7883de3768a38db2	предѣл-	unknown	предѣлы:296,предѣлѣхъ:77	373	373	373	338		possible-genitive-or-locative-plural,possible-nominative-plural	target-surface	target-lexeme-identity,target-morphological-cell			373	373	0	373		weak	large	deferred	Deferred after v0.5 review: repeated target surfaces do not establish lemma identity, semantics, exact morphological cells, principal parts, accent class, or a productive Synodal rule.
166	synodal:family-candidate:df374166e5afeecf518894a0	candidate-family:synodal:family-candidate:df374166e5afeecf518894a0	synodal:family-candidate:df374166e5afeecf518894a0	олтар-	unknown	ѻлтарѧ:169,ѻлтари:86,ѻлтарю:64,ѻлтаремъ:54	373	373	373	310		possible-nominative-feminine-or-genitive-accusative,possible-nominative-plural,untyped	target-surface	target-lexeme-identity,target-morphological-cell			373	373	0	373		weak	large	deferred	Deferred after v0.5 review: repeated target surfaces do not establish lemma identity, semantics, exact morphological cells, principal parts, accent class, or a productive Synodal rule.
167	synodal:family-candidate:6e861bf24976990a6c182453	candidate-family:synodal:family-candidate:6e861bf24976990a6c182453	synodal:family-candidate:6e861bf24976990a6c182453	потъ	noun	потомъ:125	125	125	125	125		dative+instrumental+plural+singular,possible-dative-plural-or-instrumental-singular	lexical-semantic-candidate,target-surface	target-lexeme-identity,target-morphological-cell	OCS dictionary morphology is candidate evidence, not a Synodal paradigm		125	125	0	125		partial	large	candidate-unreviewed	surface grouping is diagnostic only; target identity and complete morphology require review
168	synodal:family-candidate:ee886d048afa62c3509f7ef1	candidate-family:synodal:family-candidate:ee886d048afa62c3509f7ef1	synodal:family-candidate:ee886d048afa62c3509f7ef1	царствов-	unknown	царствова:224,царствовати:146	370	370	370	276		possible-nominative-feminine-or-genitive-accusative,possible-nominative-plural	target-surface	target-lexeme-identity,target-morphological-cell			370	370	0	370		weak	large	deferred	Deferred after v0.5 review: repeated target surfaces do not establish lemma identity, semantics, exact morphological cells, principal parts, accent class, or a productive Synodal rule.
169	synodal:family-candidate:6779bc1d2ed94cdead5c0ea8	candidate-family:synodal:family-candidate:6779bc1d2ed94cdead5c0ea8	synodal:family-candidate:6779bc1d2ed94cdead5c0ea8	солнц-	unknown	солнце:192,солнца:108,солнцемъ:68	368	368	368	352		possible-nominative-feminine-or-genitive-accusative,possible-vocative-or-finite-verb,untyped	target-surface	target-lexeme-identity,target-morphological-cell			368	368	0	368		weak	large	deferred	Deferred after v0.5 review: repeated target surfaces do not establish lemma identity, semantics, exact morphological cells, principal parts, accent class, or a productive Synodal rule.
170	synodal:family-candidate:bbe309e937bf33ebfa661014	candidate-family:synodal:family-candidate:bbe309e937bf33ebfa661014	synodal:family-candidate:bbe309e937bf33ebfa661014	созд-	unknown	созда:304,создати:62	366	366	366	347		possible-nominative-feminine-or-genitive-accusative,possible-nominative-plural	target-surface	target-lexeme-identity,target-morphological-cell			366	366	0	366		weak	large	deferred	Deferred after v0.5 review: repeated target surfaces do not establish lemma identity, semantics, exact morphological cells, principal parts, accent class, or a productive Synodal rule.
171	synodal:family-candidate:676e46fddbe98463a3a26703	candidate-family:synodal:family-candidate:676e46fddbe98463a3a26703	synodal:family-candidate:676e46fddbe98463a3a26703	жертвꙋ	unknown	жертвꙋ:365	365	365	365	345		untyped	target-surface	target-lexeme-identity,target-morphological-cell			365	365	0	365		weak	large	deferred	Deferred after v0.5 review: repeated target surfaces do not establish lemma identity, semantics, exact morphological cells, principal parts, accent class, or a productive Synodal rule.
172	synodal:family-candidate:8153390addafb2a3518f2a43	candidate-family:synodal:family-candidate:8153390addafb2a3518f2a43	synodal:family-candidate:8153390addafb2a3518f2a43	наслѣди-	unknown	наслѣдїе:280,наслѣдїѧ:84	364	364	364	330		possible-nominative-feminine-or-genitive-accusative,possible-vocative-or-finite-verb	target-surface	target-lexeme-identity,target-morphological-cell			364	364	0	364		weak	large	deferred	Deferred after v0.5 review: repeated target surfaces do not establish lemma identity, semantics, exact morphological cells, principal parts, accent class, or a productive Synodal rule.
173	synodal:family-candidate:1e78beacc6df6951933c91e4	candidate-family:synodal:family-candidate:1e78beacc6df6951933c91e4	synodal:family-candidate:1e78beacc6df6951933c91e4	првⷣникъ	unknown	првⷣникъ:61	61	61	61	61		untyped	target-surface	target-lexeme-identity,target-morphological-cell			61	61	0	61		partial	medium	candidate-unreviewed	surface grouping is diagnostic only; target identity and complete morphology require review
174	synodal:family-candidate:0fc7306fa276b795d5c26584	candidate-family:synodal:family-candidate:0fc7306fa276b795d5c26584	synodal:family-candidate:0fc7306fa276b795d5c26584	сребр-	unknown	сребра:289,сребромъ:74	363	363	363	350		possible-dative-plural-or-instrumental-singular,possible-nominative-feminine-or-genitive-accusative	target-surface	target-lexeme-identity,target-morphological-cell			363	363	0	363		weak	large	deferred	Deferred after v0.5 review: repeated target surfaces do not establish lemma identity, semantics, exact morphological cells, principal parts, accent class, or a productive Synodal rule.
175	synodal:family-candidate:2aa94a7420286d2f9585d86c	candidate-family:synodal:family-candidate:2aa94a7420286d2f9585d86c	synodal:family-candidate:2aa94a7420286d2f9585d86c	иуде-	unknown	іꙋдеи:190,іꙋдеѡмъ:87,іꙋдею:86	363	363	363	349		possible-dative-plural-or-instrumental-singular,possible-nominative-plural,untyped	target-surface	target-lexeme-identity,target-morphological-cell			363	363	0	363		weak	large	deferred	Deferred after v0.5 review: repeated target surfaces do not establish lemma identity, semantics, exact morphological cells, principal parts, accent class, or a productive Synodal rule.
176	synodal:family-candidate:f465a58427d1ddbd40d8f067	candidate-family:synodal:family-candidate:f465a58427d1ddbd40d8f067	synodal:family-candidate:f465a58427d1ddbd40d8f067	каѧ	pronoun	каѧ:121	121	121	121	117		lemma,possible-nominative-feminine-or-genitive-accusative	lexical-semantic-candidate,target-surface	target-lexeme-identity,target-morphological-cell	OCS dictionary morphology is candidate evidence, not a Synodal paradigm		121	121	0	121		partial	large	candidate-unreviewed	surface grouping is diagnostic only; target identity and complete morphology require review
177	synodal:family-candidate:bde496fdf825f759b3b93486	family:synodal:verb:wikt-076d1c8a0add	synodal:family-candidate:bde496fdf825f759b3b93486	поставити	verb	поставихъ:60	60	60	60	58	synodal:verb:wikt-076d1c8a0add	aorist+error-unrecognized-form+singular,possible-genitive-or-locative-plural	lexical-semantic-candidate,target-surface	target-lexeme-identity,target-morphological-cell	OCS dictionary morphology is candidate evidence, not a Synodal paradigm		60	60	0	60	ponomar-elizabeth-bible-2026-08-09:III_Macc.3.15,ponomar-elizabeth-bible-2026-08-09:I_Kings.8.12,ponomar-elizabeth-bible-2026-08-09:Ex.25.37,ponomar-elizabeth-bible-2026-08-09:Acts.1.3,ponomar-elizabeth-bible-2026-08-09:Acts.1.3	partial	medium	deferred	Deferred after review: the OCS Kaikki entry supplies candidate identity or form evidence only. No independently cited Synodal class, exact cell mapping, accent behavior, and target semantic continuity jointly support admission.
178	synodal:family-candidate:41b36de09a6f6a10b77b71a7	candidate-family:synodal:family-candidate:41b36de09a6f6a10b77b71a7	synodal:family-candidate:41b36de09a6f6a10b77b71a7	смер-	unknown	смерти:355	355	355	355	338		possible-nominative-plural	target-surface	target-lexeme-identity,target-morphological-cell			355	355	0	355		weak	large	deferred	Deferred after v0.5 review: repeated target surfaces do not establish lemma identity, semantics, exact morphological cells, principal parts, accent class, or a productive Synodal rule.
179	synodal:family-candidate:187d6c153947627fc3eef15a	candidate-family:synodal:family-candidate:187d6c153947627fc3eef15a	synodal:family-candidate:187d6c153947627fc3eef15a	оружи-	unknown	ѻрꙋжїе:150,ѻрꙋжїемъ:104,ѻрꙋжїѧ:98	352	352	352	329		possible-nominative-feminine-or-genitive-accusative,possible-vocative-or-finite-verb,untyped	target-surface	target-lexeme-identity,target-morphological-cell			352	352	0	352		weak	large	deferred	Deferred after v0.5 review: repeated target surfaces do not establish lemma identity, semantics, exact morphological cells, principal parts, accent class, or a productive Synodal rule.
180	synodal:family-candidate:26fc37741ec91ec118df4e6e	candidate-family:synodal:family-candidate:26fc37741ec91ec118df4e6e	synodal:family-candidate:26fc37741ec91ec118df4e6e	бж҃їей	unknown	бж҃їей:59	59	59	59	59		untyped	target-surface	target-lexeme-identity,target-morphological-cell			59	59	0	59		partial	medium	candidate-unreviewed	surface grouping is diagnostic only; target identity and complete morphology require review
181	synodal:family-candidate:7d20e3e2c2e1aea12060e9e1	candidate-family:synodal:family-candidate:7d20e3e2c2e1aea12060e9e1	synodal:family-candidate:7d20e3e2c2e1aea12060e9e1	іерⷭ҇лимꙋ	unknown	іерⷭ҇лимꙋ:59	59	59	59	59		untyped	target-surface	target-lexeme-identity,target-morphological-cell			59	59	0	59		partial	medium	candidate-unreviewed	surface grouping is diagnostic only; target identity and complete morphology require review
182	synodal:family-candidate:83e8703326f0732797592a69	candidate-family:synodal:family-candidate:83e8703326f0732797592a69	synodal:family-candidate:83e8703326f0732797592a69	учн҃к-	unknown	ᲂучн҃кѡмъ:59	59	59	59	59		possible-dative-plural-or-instrumental-singular	target-surface	target-lexeme-identity,target-morphological-cell			59	59	0	59		partial	medium	candidate-unreviewed	surface grouping is diagnostic only; target identity and complete morphology require review
183	synodal:family-candidate:e7fb71e46d1e750ce1f149ae	candidate-family:synodal:family-candidate:e7fb71e46d1e750ce1f149ae	synodal:family-candidate:e7fb71e46d1e750ce1f149ae	дщєр-	unknown	дщєри:350	350	350	350	320		possible-nominative-plural	target-surface	target-lexeme-identity,target-morphological-cell			350	350	0	350		weak	large	deferred	Deferred after v0.5 review: repeated target surfaces do not establish lemma identity, semantics, exact morphological cells, principal parts, accent class, or a productive Synodal rule.
184	synodal:family-candidate:3751c1925788a8a73c7f344a	candidate-family:synodal:family-candidate:3751c1925788a8a73c7f344a	synodal:family-candidate:3751c1925788a8a73c7f344a	возвратис-	unknown	возвратисѧ:348	348	348	348	338		possible-nominative-feminine-or-genitive-accusative	target-surface	target-lexeme-identity,target-morphological-cell			348	348	0	348		weak	large	deferred	Deferred after v0.5 review: repeated target surfaces do not establish lemma identity, semantics, exact morphological cells, principal parts, accent class, or a productive Synodal rule.
185	synodal:family-candidate:a2c91ddcff57919cd12f8eb6	candidate-family:synodal:family-candidate:a2c91ddcff57919cd12f8eb6	synodal:family-candidate:a2c91ddcff57919cd12f8eb6	коза	noun	козъ:116	116	116	116	116		genitive+plural	lexical-semantic-candidate,target-surface	target-lexeme-identity,target-morphological-cell	OCS dictionary morphology is candidate evidence, not a Synodal paradigm		116	116	0	116		partial	large	candidate-unreviewed	surface grouping is diagnostic only; target identity and complete morphology require review
186	synodal:family-candidate:2d4cdb7da5830c3a400c1251	family:synodal:noun:wikt-63d3fffebc66	synodal:family-candidate:2d4cdb7da5830c3a400c1251	крило	noun	крила:58	58	58	58	52	synodal:noun:wikt-63d3fffebc66	accusative+genitive+nominative+plural+singular+vocative,possible-nominative-feminine-or-genitive-accusative	lexical-semantic-candidate,target-surface	target-lexeme-identity,target-morphological-cell	OCS dictionary morphology is candidate evidence, not a Synodal paradigm		58	58	0	58	ponomar-elizabeth-bible-2026-08-09:Deut.32.11,ponomar-elizabeth-bible-2026-08-09:Deut.32.11	partial	medium	candidate-unreviewed	surface grouping is diagnostic only; target identity and complete morphology require review
187	synodal:family-candidate:a37efcd6ff7a17e75d4baff8	candidate-family:synodal:family-candidate:a37efcd6ff7a17e75d4baff8	synodal:family-candidate:a37efcd6ff7a17e75d4baff8	господень	adjective	гдⷭ҇нима:58	58	58	58	58		possible-nominative-feminine-or-genitive-accusative	target-surface	target-lexeme-identity,target-morphological-cell			58	58	0	58		partial	medium	deferred	Deferred after review: the target corpus establishes a recurring titlo or superscript surface, but semantic expansion, exact grammatical cells, required marks, and reversibility are not yet independently specified.
188	synodal:family-candidate:efdef7af78d327f67cada8d6	candidate-family:synodal:family-candidate:efdef7af78d327f67cada8d6	synodal:family-candidate:efdef7af78d327f67cada8d6	оч҃-	unknown	ѻч҃е:58	58	58	58	56		possible-vocative-or-finite-verb	target-surface	target-lexeme-identity,target-morphological-cell			58	58	0	58		partial	medium	candidate-unreviewed	surface grouping is diagnostic only; target identity and complete morphology require review
189	synodal:family-candidate:fffa0c9c4dc289e7948c4089	family:synodal:verb:wikt-5429d2b94873	synodal:family-candidate:fffa0c9c4dc289e7948c4089	изгнати	verb	изгна:58	58	58	58	57	synodal:verb:wikt-5429d2b94873	aorist+error-unrecognized-form+singular,possible-nominative-feminine-or-genitive-accusative	lexical-semantic-candidate,target-surface	source-partition-exact-cell-evidence; evaluation candidates cannot license runtime facts,target-lexeme-identity,target-morphological-cell	OCS dictionary morphology is candidate evidence, not a Synodal paradigm		58	58	0	58	ponomar-elizabeth-bible-2026-08-09:Num.22.11	partial	medium	candidate-unreviewed	surface grouping is diagnostic only; target identity and complete morphology require review
190	synodal:family-candidate:493382c8e21e7e8ae31839e8	candidate-family:synodal:family-candidate:493382c8e21e7e8ae31839e8	synodal:family-candidate:493382c8e21e7e8ae31839e8	множество	unknown	множество:347	347	347	347	347		untyped	target-surface	target-lexeme-identity,target-morphological-cell			347	347	0	347		weak	large	deferred	Deferred after v0.5 review: repeated target surfaces do not establish lemma identity, semantics, exact morphological cells, principal parts, accent class, or a productive Synodal rule.
191	synodal:family-candidate:65ee5a3e4e0d5968b9e81cb8	candidate-family:synodal:family-candidate:65ee5a3e4e0d5968b9e81cb8	synodal:family-candidate:65ee5a3e4e0d5968b9e81cb8	погуб-	unknown	погꙋбити:152,погꙋбитъ:104,погꙋби:91	347	347	347	328		possible-finite-verb,possible-nominative-plural	target-surface	target-lexeme-identity,target-morphological-cell			347	347	0	347		weak	large	deferred	Deferred after v0.5 review: repeated target surfaces do not establish lemma identity, semantics, exact morphological cells, principal parts, accent class, or a productive Synodal rule.
192	synodal:family-candidate:51b9e07c53f5f0c452993a30	candidate-family:synodal:family-candidate:51b9e07c53f5f0c452993a30	synodal:family-candidate:51b9e07c53f5f0c452993a30	сонмъ	unknown	сонмъ:344	344	344	344	250		untyped	target-surface	target-lexeme-identity,target-morphological-cell			344	344	0	344		weak	large	deferred	Deferred after v0.5 review: repeated target surfaces do not establish lemma identity, semantics, exact morphological cells, principal parts, accent class, or a productive Synodal rule.
193	synodal:family-candidate:ea7809d818b169a1c5171970	candidate-family:synodal:family-candidate:ea7809d818b169a1c5171970	synodal:family-candidate:ea7809d818b169a1c5171970	тельць	noun	тельца:115	115	115	115	104		accusative+dual+genitive+nominative+singular+vocative,possible-nominative-feminine-or-genitive-accusative	lexical-semantic-candidate,target-surface	target-lexeme-identity,target-morphological-cell	OCS dictionary morphology is candidate evidence, not a Synodal paradigm		115	115	0	115		partial	large	candidate-unreviewed	surface grouping is diagnostic only; target identity and complete morphology require review
194	synodal:family-candidate:f551845305729d1cdf660920	candidate-family:synodal:family-candidate:f551845305729d1cdf660920	synodal:family-candidate:f551845305729d1cdf660920	сотворилъ	unknown	сотворилъ:343	343	343	343	322		untyped	target-surface	target-lexeme-identity,target-morphological-cell			343	343	0	343		weak	large	deferred	Deferred after v0.5 review: repeated target surfaces do not establish lemma identity, semantics, exact morphological cells, principal parts, accent class, or a productive Synodal rule.
195	synodal:family-candidate:4e7a23aea3fc6b79a9955ac1	candidate-family:synodal:family-candidate:4e7a23aea3fc6b79a9955ac1	synodal:family-candidate:4e7a23aea3fc6b79a9955ac1	соломѡнъ	unknown	соломѡнъ:342	342	342	342	317		ud:PROPN:Case=Nom+Gender=Masc+Number=Sing,untyped	target-surface,typed-cell-candidate	target-lexeme-identity,target-morphological-cell	an OCS treebank cell requires an independent exact Synodal surface witness		342	342	0	342		weak	large	deferred	Deferred after v0.5 review: repeated target surfaces do not establish lemma identity, semantics, exact morphological cells, principal parts, accent class, or a productive Synodal rule.
196	synodal:family-candidate:95464787855fbcba211e18cc	candidate-family:synodal:family-candidate:95464787855fbcba211e18cc	synodal:family-candidate:95464787855fbcba211e18cc	ѻлтарь	unknown	ѻлтарь:342	342	342	342	311		untyped	target-surface	target-lexeme-identity,target-morphological-cell			342	342	0	342		weak	large	deferred	Deferred after v0.5 review: repeated target surfaces do not establish lemma identity, semantics, exact morphological cells, principal parts, accent class, or a productive Synodal rule.
197	synodal:family-candidate:734ab95813ae7091302f1278	family:synodal:noun:wikt-66c1248b9c23	synodal:family-candidate:734ab95813ae7091302f1278	вещь	noun	вещи:57	57	57	57	57	synodal:noun:wikt-66c1248b9c23	accusative+dative+dual+genitive+locative+nominative+plural+singular+vocative,possible-nominative-plural	lexical-semantic-candidate,target-surface	target-lexeme-identity,target-morphological-cell	OCS dictionary morphology is candidate evidence, not a Synodal paradigm		57	57	0	57	ponomar-elizabeth-bible-2026-08-09:Dan.13.63	partial	medium	candidate-unreviewed	surface grouping is diagnostic only; target identity and complete morphology require review
198	synodal:family-candidate:eadc30f7470f9809745a6e09	candidate-family:synodal:family-candidate:eadc30f7470f9809745a6e09	synodal:family-candidate:eadc30f7470f9809745a6e09	ии҃левы-	unknown	іи҃левыми:57	57	57	57	57		possible-nominative-plural	target-surface	target-lexeme-identity,target-morphological-cell			57	57	0	57		partial	medium	candidate-unreviewed	surface grouping is diagnostic only; target identity and complete morphology require review
199	synodal:family-candidate:66f7c9ae22f1b591b2460694	candidate-family:synodal:family-candidate:66f7c9ae22f1b591b2460694	synodal:family-candidate:66f7c9ae22f1b591b2460694	странꙋ	unknown	странꙋ:337	337	337	337	311		untyped	target-surface	target-lexeme-identity,target-morphological-cell			337	337	0	337		weak	large	deferred	Deferred after v0.5 review: repeated target surfaces do not establish lemma identity, semantics, exact morphological cells, principal parts, accent class, or a productive Synodal rule.
200	synodal:family-candidate:2504db6b9cac601ede1f87ab	candidate-family:synodal:family-candidate:2504db6b9cac601ede1f87ab	synodal:family-candidate:2504db6b9cac601ede1f87ab	положиша	verb	положиша:113	113	113	113	111		lemma,possible-nominative-feminine-or-genitive-accusative	lexical-semantic-candidate,target-surface	target-lexeme-identity,target-morphological-cell	OCS dictionary morphology is candidate evidence, not a Synodal paradigm		113	113	0	113		partial	large	candidate-unreviewed	surface grouping is diagnostic only; target identity and complete morphology require review
201	synodal:recovery-batch:lexeme:synodal:verb:v06-55cc70e240bb7ee2	family:synodal:verb:v06-55cc70e240bb7ee2	synodal:family-candidate:760a006c9c8dab6d6794a02a,synodal:family-candidate:de9ddb2ed75ba880c60213ec	посла,посълати	unknown,verb	посла:95,послати:56	151	151	56	151	synodal:verb:v06-55cc70e240bb7ee2	alternative,possible-nominative-feminine-or-genitive-accusative,possible-nominative-plural	lexical-semantic-candidate,target-surface	accent-or-printed-orthography,accentclass,target-lexeme-identity,target-morphological-cell	OCS dictionary morphology is candidate evidence, not a Synodal paradigm	candidate members cross parts of speech | consolidated packet still requires identity agreement for every member	56	56	0	56	ponomar-elizabeth-bible-2026-08-09:III_Esdra.5.31,ponomar-elizabeth-bible-2026-08-09:III_Esdra.5.31,ponomar-elizabeth-bible-2026-08-09:Acts.10.8	partial	medium	candidate-unreviewed	surface grouping is diagnostic only; target identity and complete morphology require review
202	synodal:family-candidate:63d3d2371bc485ab73c288b9	family:synodal:noun:wikt-9d806d6820a3	synodal:family-candidate:63d3d2371bc485ab73c288b9	юноша	noun	юнѡши:56	56	56	56	56	synodal:noun:wikt-9d806d6820a3	accusative+dative+dual+locative+nominative+singular+vocative,possible-finite-verb,possible-nominative-plural	lexical-semantic-candidate,target-surface	source-partition-exact-cell-evidence; evaluation candidates cannot license runtime facts,target-lexeme-identity,target-morphological-cell	OCS dictionary morphology is candidate evidence, not a Synodal paradigm		56	56	0	56	ponomar-elizabeth-bible-2026-08-09:Acts.20.9	partial	medium	candidate-unreviewed	surface grouping is diagnostic only; target identity and complete morphology require review
203	synodal:family-candidate:916f41f63a62178a36e1a70a	candidate-family:synodal:family-candidate:916f41f63a62178a36e1a70a	synodal:family-candidate:916f41f63a62178a36e1a70a	ст҃ы-	unknown	ст҃ыѧ:56	56	56	56	56		possible-nominative-feminine-or-genitive-accusative	target-surface	target-lexeme-identity,target-morphological-cell			56	56	0	56		partial	medium	candidate-unreviewed	surface grouping is diagnostic only; target identity and complete morphology require review
204	synodal:family-candidate:f230d4ecd0a670220066427d	candidate-family:synodal:family-candidate:f230d4ecd0a670220066427d	synodal:family-candidate:f230d4ecd0a670220066427d	влⷣко	unknown	влⷣко:56	56	56	56	56		untyped	target-surface	target-lexeme-identity,target-morphological-cell			56	56	0	56		partial	medium	candidate-unreviewed	surface grouping is diagnostic only; target identity and complete morphology require review
205	synodal:family-candidate:a9e3e264f18c119945917846	candidate-family:synodal:family-candidate:a9e3e264f18c119945917846	synodal:family-candidate:a9e3e264f18c119945917846	тридесѧть	unknown	тридесѧть:333	333	333	333	310		untyped	target-surface	target-lexeme-identity,target-morphological-cell			333	333	0	333		weak	large	deferred	Deferred after v0.5 review: repeated target surfaces do not establish lemma identity, semantics, exact morphological cells, principal parts, accent class, or a productive Synodal rule.
206	synodal:family-candidate:b6329c72da91d7072a6d3478	candidate-family:synodal:family-candidate:b6329c72da91d7072a6d3478	synodal:family-candidate:b6329c72da91d7072a6d3478	ѿтꙋдꙋ	unknown	ѿтꙋдꙋ:333	333	333	333	315		untyped	target-surface	target-lexeme-identity,target-morphological-cell			333	333	0	333		weak	large	deferred	Deferred after v0.5 review: repeated target surfaces do not establish lemma identity, semantics, exact morphological cells, principal parts, accent class, or a productive Synodal rule.
207	synodal:family-candidate:ec27221de167e4a94c99a86d	candidate-family:synodal:family-candidate:ec27221de167e4a94c99a86d	synodal:family-candidate:ec27221de167e4a94c99a86d	без̾	unknown	без̾:333	333	333	333	308		untyped	target-surface	target-lexeme-identity,target-morphological-cell			333	333	0	333		weak	large	deferred	Deferred after v0.5 review: repeated target surfaces do not establish lemma identity, semantics, exact morphological cells, principal parts, accent class, or a productive Synodal rule.
208	synodal:family-candidate:d5e173e47a089ea4d070683e	candidate-family:synodal:family-candidate:d5e173e47a089ea4d070683e	synodal:family-candidate:d5e173e47a089ea4d070683e	глаголаш-	unknown	глаголаша:192,глаголаше:139	331	331	331	317		possible-nominative-feminine-or-genitive-accusative,possible-vocative-or-finite-verb	target-surface	target-lexeme-identity,target-morphological-cell			331	331	0	331		weak	large	deferred	Deferred after v0.5 review: repeated target surfaces do not establish lemma identity, semantics, exact morphological cells, principal parts, accent class, or a productive Synodal rule.
209	synodal:family-candidate:ee55310d98844a9dfc25eb5c	candidate-family:synodal:family-candidate:ee55310d98844a9dfc25eb5c	synodal:family-candidate:ee55310d98844a9dfc25eb5c	повелѣни-	unknown	повелѣнїѧ:107,повелѣнїе:82,повелѣнїемъ:72,повелѣнїю:68	329	329	329	315		possible-nominative-feminine-or-genitive-accusative,possible-vocative-or-finite-verb,ud:NOUN:Case=Acc+Gender=Neut+Number=Sing,ud:NOUN:Case=Dat+Gender=Neut+Number=Sing,ud:NOUN:Case=Nom+Gender=Neut+Number=Sing,untyped	target-surface,typed-cell-candidate	target-lexeme-identity,target-morphological-cell	an OCS treebank cell requires an independent exact Synodal surface witness | more than one source-partition treebank lemma or cell matches the target surface		329	329	0	329		weak	large	deferred	Deferred after v0.5 review: repeated target surfaces do not establish lemma identity, semantics, exact morphological cells, principal parts, accent class, or a productive Synodal rule.
210	synodal:family-candidate:d36afbed075ee0a8863d5f6d	candidate-family:synodal:family-candidate:d36afbed075ee0a8863d5f6d	synodal:family-candidate:d36afbed075ee0a8863d5f6d	четыредесѧть	unknown	четыредесѧть:326	326	326	326	294		untyped	target-surface	target-lexeme-identity,target-morphological-cell			326	326	0	326		weak	large	deferred	Deferred after v0.5 review: repeated target surfaces do not establish lemma identity, semantics, exact morphological cells, principal parts, accent class, or a productive Synodal rule.
211	synodal:family-candidate:671224873defe9e44bfc6a78	candidate-family:synodal:family-candidate:671224873defe9e44bfc6a78	synodal:family-candidate:671224873defe9e44bfc6a78	овц-	unknown	ѻвцы:325	325	325	325	297		possible-nominative-plural	target-surface	target-lexeme-identity,target-morphological-cell			325	325	0	325		weak	large	deferred	Deferred after v0.5 review: repeated target surfaces do not establish lemma identity, semantics, exact morphological cells, principal parts, accent class, or a productive Synodal rule.
212	synodal:family-candidate:453cf40fa33e0daffcb65b08	candidate-family:synodal:family-candidate:453cf40fa33e0daffcb65b08	synodal:family-candidate:453cf40fa33e0daffcb65b08	враг-	unknown	враги:180,врагѡвъ:144	324	324	324	314		possible-genitive-or-locative-plural,possible-nominative-plural	target-surface	target-lexeme-identity,target-morphological-cell			324	324	0	324		weak	large	deferred	Deferred after v0.5 review: repeated target surfaces do not establish lemma identity, semantics, exact morphological cells, principal parts, accent class, or a productive Synodal rule.
213	synodal:family-candidate:0e58da7514bb707ea1e5a571	candidate-family:synodal:family-candidate:0e58da7514bb707ea1e5a571	synodal:family-candidate:0e58da7514bb707ea1e5a571	одръ	noun	ѻдрѣ:58,ѻдръ:50	108	108	108	103		accusative+genitive+lemma+nominative+plural+singular,locative+singular,ud:NOUN:Case=Acc+Gender=Masc+Number=Sing,ud:NOUN:Case=Loc+Gender=Masc+Number=Sing	lexical-semantic-candidate,target-surface,typed-cell-candidate	source-partition-exact-cell-evidence; evaluation candidates cannot license runtime facts,target-lexeme-identity,target-morphological-cell	OCS dictionary morphology is candidate evidence, not a Synodal paradigm | an OCS treebank cell requires an independent exact Synodal surface witness		108	108	0	108		partial	large	candidate-unreviewed	surface grouping is diagnostic only; target identity and complete morphology require review
214	synodal:family-candidate:183988781cd92402a7816bd9	candidate-family:synodal:family-candidate:183988781cd92402a7816bd9	synodal:family-candidate:183988781cd92402a7816bd9	ст҃о	unknown	ст҃о:54	54	54	54	52		untyped	target-surface	target-lexeme-identity,target-morphological-cell			54	54	0	54		partial	medium	candidate-unreviewed	surface grouping is diagnostic only; target identity and complete morphology require review
215	synodal:family-candidate:195cf089f6597b2b664f73b3	family:synodal:adjective:svyat	synodal:family-candidate:195cf089f6597b2b664f73b3	ст҃ѣмъ	unknown	ст҃ѣмъ:54	54	54	54	54	synodal:adjective:svyat	ud:ADJ:Case=Loc+Degree=Pos+Gender=Masc+Number=Sing,ud:ADJ:Case=Loc+Degree=Pos+Gender=Neut+Number=Sing,ud:ADJ:Case=Loc+Degree=Pos+Gender=Neut+Number=Sing+Variant=Short,untyped	target-surface,typed-cell-candidate	target-lexeme-identity,target-morphological-cell	an OCS treebank cell requires an independent exact Synodal surface witness | more than one source-partition treebank lemma or cell matches the target surface		54	54	0	54	ponomar-elizabeth-bible-2026-08-09:Acts.15.8	partial	medium	candidate-unreviewed	surface grouping is diagnostic only; target identity and complete morphology require review
216	synodal:family-candidate:34d53c6f6ecb93ec7d93d8d1	candidate-family:synodal:family-candidate:34d53c6f6ecb93ec7d93d8d1	synodal:family-candidate:34d53c6f6ecb93ec7d93d8d1	сп҃сени-	unknown	сп҃сенїе:54	54	54	54	54		possible-vocative-or-finite-verb	target-surface	target-lexeme-identity,target-morphological-cell			54	54	0	54		partial	medium	candidate-unreviewed	surface grouping is diagnostic only; target identity and complete morphology require review
217	synodal:family-candidate:893c8d4b68c96e09ad50e124	family:synodal:adjective:wikt-fb14e06aa83a	synodal:family-candidate:893c8d4b68c96e09ad50e124	лютъ	adjective	лютѣ:54	54	54	54	48	synodal:adjective:wikt-fb14e06aa83a	accusative+dative+dual+feminine+locative+masculine+neuter+nominative+singular+vocative,ud:ADV:Degree=Pos	lexical-semantic-candidate,target-surface,typed-cell-candidate	target-lexeme-identity,target-morphological-cell	OCS dictionary morphology is candidate evidence, not a Synodal paradigm | an OCS treebank cell requires an independent exact Synodal surface witness		54	54	0	54	ponomar-elizabeth-bible-2026-08-09:Eph.6.13	partial	medium	candidate-unreviewed	surface grouping is diagnostic only; target identity and complete morphology require review
218	synodal:family-candidate:d7e62492841896500f447fa9	candidate-family:synodal:family-candidate:d7e62492841896500f447fa9	synodal:family-candidate:d7e62492841896500f447fa9	всесожжени-	unknown	всесожженїе:244,всесожженїѧ:79	323	323	323	303		possible-nominative-feminine-or-genitive-accusative,possible-vocative-or-finite-verb	target-surface	target-lexeme-identity,target-morphological-cell			323	323	0	323		weak	large	deferred	Deferred after v0.5 review: repeated target surfaces do not establish lemma identity, semantics, exact morphological cells, principal parts, accent class, or a productive Synodal rule.
219	synodal:family-candidate:3d85c8cb7d85cc7915d485db	candidate-family:synodal:family-candidate:3d85c8cb7d85cc7915d485db	synodal:family-candidate:3d85c8cb7d85cc7915d485db	начаша	verb	начаша:106	106	106	106	99		lemma,possible-nominative-feminine-or-genitive-accusative	lexical-semantic-candidate,target-surface	target-lexeme-identity,target-morphological-cell	OCS dictionary morphology is candidate evidence, not a Synodal paradigm		106	106	0	106		partial	large	candidate-unreviewed	surface grouping is diagnostic only; target identity and complete morphology require review
220	synodal:family-candidate:fcfc812dcd49e5faacb7776b	candidate-family:synodal:family-candidate:fcfc812dcd49e5faacb7776b	synodal:family-candidate:fcfc812dcd49e5faacb7776b	познаша	verb	познаша:106	106	106	106	103		lemma,possible-nominative-feminine-or-genitive-accusative	lexical-semantic-candidate,target-surface	target-lexeme-identity,target-morphological-cell	OCS dictionary morphology is candidate evidence, not a Synodal paradigm		106	106	0	106		partial	large	candidate-unreviewed	surface grouping is diagnostic only; target identity and complete morphology require review
221	synodal:family-candidate:8869ecf0a563bcac3905e162	family:synodal:noun:wikt-c4f076285d6c	synodal:family-candidate:8869ecf0a563bcac3905e162	ѕвѣзда	noun	ѕвѣздъ:53	53	53	53	51	synodal:noun:wikt-c4f076285d6c	genitive+plural	lexical-semantic-candidate,target-surface	source-partition-exact-cell-evidence; evaluation candidates cannot license runtime facts,target-lexeme-identity,target-morphological-cell	OCS dictionary morphology is candidate evidence, not a Synodal paradigm		53	53	0	53	ponomar-elizabeth-bible-2026-08-09:Apoc.8.10	partial	medium	candidate-unreviewed	surface grouping is diagnostic only; target identity and complete morphology require review
222	synodal:family-candidate:6a044036772c56e6ed79ea93	candidate-family:synodal:family-candidate:6a044036772c56e6ed79ea93	synodal:family-candidate:6a044036772c56e6ed79ea93	ѿвѣщавъ	unknown	ѿвѣщавъ:314	314	314	314	299		untyped	target-surface	target-lexeme-identity,target-morphological-cell			314	314	0	314		weak	large	deferred	Deferred after v0.5 review: repeated target surfaces do not establish lemma identity, semantics, exact morphological cells, principal parts, accent class, or a productive Synodal rule.
223	synodal:family-candidate:53dc8cdd4ce3d65d122db47e	candidate-family:synodal:family-candidate:53dc8cdd4ce3d65d122db47e	synodal:family-candidate:53dc8cdd4ce3d65d122db47e	тѣмж-	unknown	тѣмже:313	313	313	313	311		possible-vocative-or-finite-verb	target-surface	target-lexeme-identity,target-morphological-cell			313	313	0	313		weak	large	deferred	Deferred after v0.5 review: repeated target surfaces do not establish lemma identity, semantics, exact morphological cells, principal parts, accent class, or a productive Synodal rule.
224	synodal:family-candidate:bc82f226c34a6c3aeef72cbe	candidate-family:synodal:family-candidate:bc82f226c34a6c3aeef72cbe	synodal:family-candidate:bc82f226c34a6c3aeef72cbe	вседержитель	unknown	вседержитель:313	313	313	313	299		untyped	target-surface	target-lexeme-identity,target-morphological-cell			313	313	0	313		weak	large	deferred	Deferred after v0.5 review: repeated target surfaces do not establish lemma identity, semantics, exact morphological cells, principal parts, accent class, or a productive Synodal rule.
225	synodal:family-candidate:1e9555728202a0dac37984c5	candidate-family:synodal:family-candidate:1e9555728202a0dac37984c5	synodal:family-candidate:1e9555728202a0dac37984c5	чистъ / чьсти	ambiguous	чистъ:104	104	104	104	100		accusative+feminine+genitive+lemma+masculine+neuter+nominative+plural+singular+vocative,possible-finite-verb,supine,ud:ADJ:Case=Acc+Degree=Pos+Gender=Masc+Number=Sing+Variant=Short,ud:ADJ:Case=Nom+Degree=Pos+Gender=Masc+Number=Sing+Variant=Short	lexical-semantic-candidate,target-surface,typed-cell-candidate	source-partition-exact-cell-evidence; evaluation candidates cannot license runtime facts,target-lexeme-identity,target-morphological-cell	OCS dictionary morphology is candidate evidence, not a Synodal paradigm | an OCS treebank cell requires an independent exact Synodal surface witness | more than one lexical identity is compatible with at least one surface | more than one source-partition treebank lemma or cell matches the target surface	candidate evidence preserves lexical or cell ambiguity	0	104	104	104		partial	large	candidate-unreviewed	surface grouping is diagnostic only; target identity and complete morphology require review
226	synodal:family-candidate:1b8f3ea3f54b292390ee51f9	family:synodal:verb:wikt-d5e8b80c64e6	synodal:family-candidate:1b8f3ea3f54b292390ee51f9	исцѣлити	verb	исцѣли:52	52	52	52	52	synodal:verb:wikt-d5e8b80c64e6	aorist+error-unrecognized-form+imperative+singular,possible-nominative-plural,ud:VERB:Aspect=Perf+Mood=Ind+Number=Sing+Person=3+Tense=Past+VerbForm=Fin+Voice=Act,ud:VERB:Mood=Imp+Number=Sing+Person=2+Tense=Pres+VerbForm=Fin+Voice=Act	lexical-semantic-candidate,target-surface,typed-cell-candidate	target-lexeme-identity,target-morphological-cell	OCS dictionary morphology is candidate evidence, not a Synodal paradigm | an OCS treebank cell requires an independent exact Synodal surface witness | more than one source-partition treebank lemma or cell matches the target surface		52	52	0	52	ponomar-elizabeth-bible-2026-08-09:Lk.9.2	partial	medium	candidate-unreviewed	surface grouping is diagnostic only; target identity and complete morphology require review
227	synodal:family-candidate:2024f23944061cf9410bce78	family:synodal:noun:wikt-d49b358ae9fa	synodal:family-candidate:2024f23944061cf9410bce78	пещи / пещь	ambiguous	пещи:52	52	52	52	50	synodal:noun:wikt-d49b358ae9fa	accusative+dative+dual+genitive+locative+nominative+plural+singular+vocative,lemma,possible-nominative-plural	lexical-semantic-candidate,target-surface	target-lexeme-identity,target-morphological-cell	OCS dictionary morphology is candidate evidence, not a Synodal paradigm | more than one lexical identity is compatible with at least one surface	candidate evidence preserves lexical or cell ambiguity	0	52	52	52	ponomar-elizabeth-bible-2026-08-09:Hos.7.4	partial	medium	candidate-unreviewed	surface grouping is diagnostic only; target identity and complete morphology require review
228	synodal:family-candidate:3aff902bead6ab9fe7823958	candidate-family:synodal:family-candidate:3aff902bead6ab9fe7823958	synodal:family-candidate:3aff902bead6ab9fe7823958	нбⷭ҇но-	unknown	нбⷭ҇ное:52	52	52	52	52		possible-vocative-or-finite-verb	target-surface	target-lexeme-identity,target-morphological-cell			52	52	0	52		partial	medium	candidate-unreviewed	surface grouping is diagnostic only; target identity and complete morphology require review
229	synodal:family-candidate:444d9d8e30f5464a0b0027a3	candidate-family:synodal:family-candidate:444d9d8e30f5464a0b0027a3	synodal:family-candidate:444d9d8e30f5464a0b0027a3	іи҃левымъ	unknown	іи҃левымъ:52	52	52	52	52		untyped	target-surface	target-lexeme-identity,target-morphological-cell			52	52	0	52		partial	medium	candidate-unreviewed	surface grouping is diagnostic only; target identity and complete morphology require review
230	synodal:family-candidate:5a7067ce4041b417d2468fa1	candidate-family:synodal:family-candidate:5a7067ce4041b417d2468fa1	synodal:family-candidate:5a7067ce4041b417d2468fa1	прⷪ҇рѡкъ	unknown	прⷪ҇рѡкъ:52	52	52	52	52		untyped	target-surface	target-lexeme-identity,target-morphological-cell			52	52	0	52		partial	medium	candidate-unreviewed	surface grouping is diagnostic only; target identity and complete morphology require review
231	synodal:family-candidate:911ba804f6c976e83d35563b	family:synodal:verb:wikt-f641099e2194	synodal:family-candidate:911ba804f6c976e83d35563b	познати	verb	познанъ:52	52	52	52	50	synodal:verb:wikt-f641099e2194	accusative+feminine+genitive+masculine+neuter+nominative+plural+short-form+singular	lexical-semantic-candidate,target-surface	target-lexeme-identity,target-morphological-cell	OCS dictionary morphology is candidate evidence, not a Synodal paradigm		52	52	0	52	ponomar-elizabeth-bible-2026-08-09:III_Esdra.9.12,ponomar-elizabeth-bible-2026-08-09:Amos.3.2,ponomar-elizabeth-bible-2026-08-09:Gen.31.32,ponomar-elizabeth-bible-2026-08-09:Gen.31.32	partial	medium	candidate-unreviewed	surface grouping is diagnostic only; target identity and complete morphology require review
232	synodal:family-candidate:cb531574206b380b011d58a8	candidate-family:synodal:family-candidate:cb531574206b380b011d58a8	synodal:family-candidate:cb531574206b380b011d58a8	бл҃га-	unknown	бл҃гаѧ:52	52	52	52	52		possible-nominative-feminine-or-genitive-accusative	target-surface	target-lexeme-identity,target-morphological-cell			52	52	0	52		partial	medium	candidate-unreviewed	surface grouping is diagnostic only; target identity and complete morphology require review
233	synodal:family-candidate:d0bd5c7d53de6a2522adc59b	candidate-family:synodal:family-candidate:d0bd5c7d53de6a2522adc59b	synodal:family-candidate:d0bd5c7d53de6a2522adc59b	апⷭ҇лъ	unknown	апⷭ҇лъ:52	52	52	52	52		untyped	target-surface	target-lexeme-identity,target-morphological-cell			52	52	0	52		partial	medium	candidate-unreviewed	surface grouping is diagnostic only; target identity and complete morphology require review
234	synodal:family-candidate:e0390f4240f3f8dd278ccc9d	candidate-family:synodal:family-candidate:e0390f4240f3f8dd278ccc9d	synodal:family-candidate:e0390f4240f3f8dd278ccc9d	агг҃лꙋ	unknown	агг҃лꙋ:52	52	52	52	52		untyped	target-surface	target-lexeme-identity,target-morphological-cell			52	52	0	52		partial	medium	candidate-unreviewed	surface grouping is diagnostic only; target identity and complete morphology require review
235	synodal:family-candidate:63d0849fca38ecba0afd5151	candidate-family:synodal:family-candidate:63d0849fca38ecba0afd5151	synodal:family-candidate:63d0849fca38ecba0afd5151	пораз-	unknown	порази:265,поразитъ:46	311	311	311	301		possible-finite-verb,possible-nominative-plural,ud:VERB:Aspect=Perf+Mood=Ind+Number=Sing+Person=2+Tense=Past+VerbForm=Fin+Voice=Act,ud:VERB:Aspect=Perf+Mood=Ind+Number=Sing+Person=3+Tense=Past+VerbForm=Fin+Voice=Act	target-surface,typed-cell-candidate	target-lexeme-identity,target-morphological-cell	an OCS treebank cell requires an independent exact Synodal surface witness | more than one source-partition treebank lemma or cell matches the target surface		311	311	0	311		weak	large	deferred	Deferred after v0.5 review: repeated target surfaces do not establish lemma identity, semantics, exact morphological cells, principal parts, accent class, or a productive Synodal rule.
236	synodal:family-candidate:9bef179ca8e8cc642c748668	candidate-family:synodal:family-candidate:9bef179ca8e8cc642c748668	synodal:family-candidate:9bef179ca8e8cc642c748668	ѹст-	unknown	ѹста:202,ѹстѣхъ:58,ѹсты:48	308	308	308	297		possible-genitive-or-locative-plural,possible-nominative-feminine-or-genitive-accusative,possible-nominative-plural	target-surface	target-lexeme-identity,target-morphological-cell			308	308	0	308		weak	large	deferred	Deferred after v0.5 review: repeated target surfaces do not establish lemma identity, semantics, exact morphological cells, principal parts, accent class, or a productive Synodal rule.
237	synodal:family-candidate:aeece19a16cb0db34f8f89a6	candidate-family:synodal:family-candidate:aeece19a16cb0db34f8f89a6	synodal:family-candidate:aeece19a16cb0db34f8f89a6	жерц-	unknown	жерцы:213,жерца:94	307	307	307	289		possible-nominative-feminine-or-genitive-accusative,possible-nominative-plural	target-surface	target-lexeme-identity,target-morphological-cell			307	307	0	307		weak	large	deferred	Deferred after v0.5 review: repeated target surfaces do not establish lemma identity, semantics, exact morphological cells, principal parts, accent class, or a productive Synodal rule.
238	synodal:family-candidate:b0cf2099b5b402ba398772a6	candidate-family:synodal:family-candidate:b0cf2099b5b402ba398772a6	synodal:family-candidate:b0cf2099b5b402ba398772a6	ии҃сов-	unknown	іи҃сови:51	51	51	51	50		possible-nominative-plural	target-surface	target-lexeme-identity,target-morphological-cell			51	51	0	51		partial	medium	candidate-unreviewed	surface grouping is diagnostic only; target identity and complete morphology require review
239	synodal:family-candidate:00f030951dc1e582f8459b8a	candidate-family:synodal:family-candidate:00f030951dc1e582f8459b8a	synodal:family-candidate:00f030951dc1e582f8459b8a	дванадесѧть	unknown	дванадесѧть:303	303	303	303	255		untyped	target-surface	target-lexeme-identity,target-morphological-cell			303	303	0	303		weak	large	deferred	Deferred after v0.5 review: repeated target surfaces do not establish lemma identity, semantics, exact morphological cells, principal parts, accent class, or a productive Synodal rule.
240	synodal:family-candidate:d66b8332cd750efceb8d8093	candidate-family:synodal:family-candidate:d66b8332cd750efceb8d8093	synodal:family-candidate:d66b8332cd750efceb8d8093	уст-	unknown	ᲂуста:194,ᲂустѣхъ:58,ᲂусты:50	302	302	302	289		possible-genitive-or-locative-plural,possible-nominative-feminine-or-genitive-accusative,possible-nominative-plural	target-surface	target-lexeme-identity,target-morphological-cell			302	302	0	302		weak	large	deferred	Deferred after v0.5 review: repeated target surfaces do not establish lemma identity, semantics, exact morphological cells, principal parts, accent class, or a productive Synodal rule.
241	synodal:family-candidate:44c40ea2386ed759ba2f8333	candidate-family:synodal:family-candidate:44c40ea2386ed759ba2f8333	synodal:family-candidate:44c40ea2386ed759ba2f8333	иерⷭ҇лим-	unknown	іерⷭ҇лиме:50	50	50	50	49		possible-vocative-or-finite-verb	target-surface	target-lexeme-identity,target-morphological-cell			50	50	0	50		partial	medium	candidate-unreviewed	surface grouping is diagnostic only; target identity and complete morphology require review
242	synodal:family-candidate:ada0ef55af62ef2b57602223	candidate-family:synodal:family-candidate:ada0ef55af62ef2b57602223	synodal:family-candidate:ada0ef55af62ef2b57602223	спⷭ҇-	unknown	спⷭ҇ти:50	50	50	50	50		possible-nominative-plural	target-surface	target-lexeme-identity,target-morphological-cell			50	50	0	50		partial	medium	candidate-unreviewed	surface grouping is diagnostic only; target identity and complete morphology require review
243	synodal:family-candidate:c3aeaf06e32b2eed973f9086	candidate-family:synodal:family-candidate:c3aeaf06e32b2eed973f9086	synodal:family-candidate:c3aeaf06e32b2eed973f9086	царство	unknown	царство:297	297	297	297	272		untyped	target-surface	target-lexeme-identity,target-morphological-cell			297	297	0	297		weak	large	deferred	Deferred after v0.5 review: repeated target surfaces do not establish lemma identity, semantics, exact morphological cells, principal parts, accent class, or a productive Synodal rule.
244	synodal:family-candidate:e0473ff1a662454dffb61933	candidate-family:synodal:family-candidate:e0473ff1a662454dffb61933	synodal:family-candidate:e0473ff1a662454dffb61933	неправд-	unknown	неправды:225,неправда:70	295	295	295	283		possible-nominative-feminine-or-genitive-accusative,possible-nominative-plural	target-surface	target-lexeme-identity,target-morphological-cell			295	295	0	295		weak	large	deferred	Deferred after v0.5 review: repeated target surfaces do not establish lemma identity, semantics, exact morphological cells, principal parts, accent class, or a productive Synodal rule.
245	synodal:family-candidate:6fb65fea7c010ae20321ded8	candidate-family:synodal:family-candidate:6fb65fea7c010ae20321ded8	synodal:family-candidate:6fb65fea7c010ae20321ded8	грѣх-	unknown	грѣхи:293	293	293	293	270		possible-nominative-plural	target-surface	target-lexeme-identity,target-morphological-cell			293	293	0	293		weak	large	deferred	Deferred after v0.5 review: repeated target surfaces do not establish lemma identity, semantics, exact morphological cells, principal parts, accent class, or a productive Synodal rule.
246	synodal:family-candidate:9882016d8e1fb043d042e63f	candidate-family:synodal:family-candidate:9882016d8e1fb043d042e63f	synodal:family-candidate:9882016d8e1fb043d042e63f	призв-	unknown	призва:253,призвати:40	293	293	293	291		possible-nominative-feminine-or-genitive-accusative,possible-nominative-plural	target-surface	target-lexeme-identity,target-morphological-cell			293	293	0	293		weak	large	deferred	Deferred after v0.6 top-200 review: inspected diagnostic surfaces призва̀, призва́ти. Target frequency and grouping do not establish target-lexeme-identity, target-morphological-cell; no runtime fact is enabled.
247	synodal:family-candidate:826078d8f539a692c3858f26	candidate-family:synodal:family-candidate:826078d8f539a692c3858f26	synodal:family-candidate:826078d8f539a692c3858f26	леѵ-	unknown	леѵіти:240,леѵітъ:52	292	292	292	284		possible-finite-verb,possible-nominative-plural	target-surface	target-lexeme-identity,target-morphological-cell			292	292	0	292		weak	large	deferred	Deferred after v0.5 review: repeated target surfaces do not establish lemma identity, semantics, exact morphological cells, principal parts, accent class, or a productive Synodal rule.
248	synodal:family-candidate:d8aad826dcf5c2a750fe8e9e	candidate-family:synodal:family-candidate:d8aad826dcf5c2a750fe8e9e	synodal:family-candidate:d8aad826dcf5c2a750fe8e9e	согрѣш-	unknown	согрѣши:80,согрѣшитъ:72,согрѣшиша:72,согрѣшихъ:68	292	292	292	270		possible-finite-verb,possible-genitive-or-locative-plural,possible-nominative-feminine-or-genitive-accusative,possible-nominative-plural	target-surface	target-lexeme-identity,target-morphological-cell			292	292	0	292		weak	large	deferred	Deferred after v0.5 review: repeated target surfaces do not establish lemma identity, semantics, exact morphological cells, principal parts, accent class, or a productive Synodal rule.
249	synodal:family-candidate:9c9c2a4907718d270ba031c6	candidate-family:synodal:family-candidate:9c9c2a4907718d270ba031c6	synodal:family-candidate:9c9c2a4907718d270ba031c6	хрⷭ҇т-	unknown	хрⷭ҇товъ:49	49	49	49	49		possible-genitive-or-locative-plural	target-surface	target-lexeme-identity,target-morphological-cell			49	49	0	49		partial	medium	candidate-unreviewed	surface grouping is diagnostic only; target identity and complete morphology require review
250	synodal:family-candidate:abc1fadebe1dc6c6c67464dd	candidate-family:synodal:family-candidate:abc1fadebe1dc6c6c67464dd	synodal:family-candidate:abc1fadebe1dc6c6c67464dd	прⷪ҇роц-	unknown	прⷪ҇роцы:49	49	49	49	49		possible-nominative-plural	target-surface	target-lexeme-identity,target-morphological-cell			49	49	0	49		partial	medium	candidate-unreviewed	surface grouping is diagnostic only; target identity and complete morphology require review
251	synodal:family-candidate:e7ae52627d9fa49550a6499c	candidate-family:synodal:family-candidate:e7ae52627d9fa49550a6499c	synodal:family-candidate:e7ae52627d9fa49550a6499c	возоп-	unknown	возопи:163,возопиша:126	289	289	289	285		possible-nominative-feminine-or-genitive-accusative,possible-nominative-plural	target-surface	target-lexeme-identity,target-morphological-cell			289	289	0	289		weak	large	deferred	Deferred after v0.5 review: repeated target surfaces do not establish lemma identity, semantics, exact morphological cells, principal parts, accent class, or a productive Synodal rule.
252	synodal:family-candidate:066eff1aed0906a6dfd2e8a5	candidate-family:synodal:family-candidate:066eff1aed0906a6dfd2e8a5	synodal:family-candidate:066eff1aed0906a6dfd2e8a5	приведоша	verb	приведоша:97	97	97	97	93		lemma,possible-nominative-feminine-or-genitive-accusative	lexical-semantic-candidate,target-surface	target-lexeme-identity,target-morphological-cell	OCS dictionary morphology is candidate evidence, not a Synodal paradigm		97	97	0	97		partial	large	candidate-unreviewed	surface grouping is diagnostic only; target identity and complete morphology require review
253	synodal:family-candidate:708ddce62e3ce2521f06c2e3	candidate-family:synodal:family-candidate:708ddce62e3ce2521f06c2e3	synodal:family-candidate:708ddce62e3ce2521f06c2e3	ѻц҃ꙋ	unknown	ѻц҃ꙋ:48	48	48	48	44		untyped	target-surface	target-lexeme-identity,target-morphological-cell			48	48	0	48		partial	medium	candidate-unreviewed	surface grouping is diagnostic only; target identity and complete morphology require review
254	synodal:family-candidate:7face206718bb730f251efb5	family:synodal:verb:wikt-1b5ae19347da	synodal:family-candidate:7face206718bb730f251efb5	водити / вождь	ambiguous	вождь:48	48	48	48	46	synodal:verb:wikt-1b5ae19347da	accusative+genitive+lemma+nominative+plural+singular,masculine+neuter+nominative+short-form+singular	lexical-semantic-candidate,target-surface	target-lexeme-identity,target-morphological-cell	OCS dictionary morphology is candidate evidence, not a Synodal paradigm | more than one lexical identity is compatible with at least one surface	candidate evidence preserves lexical or cell ambiguity	0	48	48	48		partial	medium	candidate-unreviewed	surface grouping is diagnostic only; target identity and complete morphology require review
255	synodal:family-candidate:a6fabcecf6adfb4553eb21e4	candidate-family:synodal:family-candidate:a6fabcecf6adfb4553eb21e4	synodal:family-candidate:a6fabcecf6adfb4553eb21e4	мт҃-	unknown	мт҃и:48	48	48	48	44		possible-nominative-plural	target-surface	target-lexeme-identity,target-morphological-cell			48	48	0	48		partial	medium	candidate-unreviewed	surface grouping is diagnostic only; target identity and complete morphology require review
256	synodal:family-candidate:0694f3fab3714f117eee68e7	candidate-family:synodal:family-candidate:0694f3fab3714f117eee68e7	synodal:family-candidate:0694f3fab3714f117eee68e7	хлѣб-	unknown	хлѣбы:231,хлѣбѡвъ:56	287	287	287	265		possible-genitive-or-locative-plural,possible-nominative-plural	target-surface	target-lexeme-identity,target-morphological-cell			287	287	0	287		weak	large	deferred	Deferred after v0.5 review: repeated target surfaces do not establish lemma identity, semantics, exact morphological cells, principal parts, accent class, or a productive Synodal rule.
257	synodal:family-candidate:243150d585924f3b8c0bf303	candidate-family:synodal:family-candidate:243150d585924f3b8c0bf303	synodal:family-candidate:243150d585924f3b8c0bf303	видѣни-	unknown	видѣнїе:166,видѣнїѧ:64,видѣнїи:55	285	285	285	267		possible-nominative-feminine-or-genitive-accusative,possible-nominative-plural,possible-vocative-or-finite-verb,ud:NOUN:Case=Acc+Gender=Neut+Number=Sing,ud:NOUN:Case=Nom+Gender=Neut+Number=Sing	target-surface,typed-cell-candidate	target-lexeme-identity,target-morphological-cell	an OCS treebank cell requires an independent exact Synodal surface witness | more than one source-partition treebank lemma or cell matches the target surface		285	285	0	285		weak	large	deferred	Deferred after v0.5 review: repeated target surfaces do not establish lemma identity, semantics, exact morphological cells, principal parts, accent class, or a productive Synodal rule.
258	synodal:family-candidate:b6447da8fa67bf3c649e37fd	candidate-family:synodal:family-candidate:b6447da8fa67bf3c649e37fd	synodal:family-candidate:b6447da8fa67bf3c649e37fd	пѧтьдес-	unknown	пѧтьдесѧтъ:282	282	282	282	260		possible-finite-verb	target-surface	target-lexeme-identity,target-morphological-cell			282	282	0	282		weak	large	deferred	Deferred after v0.5 review: repeated target surfaces do not establish lemma identity, semantics, exact morphological cells, principal parts, accent class, or a productive Synodal rule.
259	synodal:family-candidate:5bd2229ed5bb74fa010ea3be	candidate-family:synodal:family-candidate:5bd2229ed5bb74fa010ea3be	synodal:family-candidate:5bd2229ed5bb74fa010ea3be	всѧко	unknown	всѧко:280	280	280	280	268		untyped	target-surface	target-lexeme-identity,target-morphological-cell			280	280	0	280		weak	large	deferred	Deferred after v0.5 review: repeated target surfaces do not establish lemma identity, semantics, exact morphological cells, principal parts, accent class, or a productive Synodal rule.
260	synodal:family-candidate:5be231f1ac7111f509f80de6	candidate-family:synodal:family-candidate:5be231f1ac7111f509f80de6	synodal:family-candidate:5be231f1ac7111f509f80de6	ꙗто	noun	ꙗтъ:94	94	94	94	94		genitive+plural,possible-finite-verb	lexical-semantic-candidate,target-surface	target-lexeme-identity,target-morphological-cell	OCS dictionary morphology is candidate evidence, not a Synodal paradigm		94	94	0	94		partial	large	candidate-unreviewed	surface grouping is diagnostic only; target identity and complete morphology require review
261	synodal:family-candidate:964d6498e2e6b2a13e1141ab	candidate-family:synodal:family-candidate:964d6498e2e6b2a13e1141ab	synodal:family-candidate:964d6498e2e6b2a13e1141ab	прⷭ҇толѣ	unknown	прⷭ҇толѣ:47	47	47	47	45		untyped	target-surface	target-lexeme-identity,target-morphological-cell			47	47	0	47		partial	medium	candidate-unreviewed	surface grouping is diagnostic only; target identity and complete morphology require review
262	synodal:family-candidate:5e440f9a6513693da2dfae5f	candidate-family:synodal:family-candidate:5e440f9a6513693da2dfae5f	synodal:family-candidate:5e440f9a6513693da2dfae5f	весели-	unknown	веселїе:140,веселїемъ:82,веселїѧ:54	276	276	276	269		possible-nominative-feminine-or-genitive-accusative,possible-vocative-or-finite-verb,ud:NOUN:Case=Nom+Gender=Neut+Number=Sing,untyped	target-surface,typed-cell-candidate	target-lexeme-identity,target-morphological-cell	an OCS treebank cell requires an independent exact Synodal surface witness		276	276	0	276		weak	large	deferred	Deferred after v0.5 review: repeated target surfaces do not establish lemma identity, semantics, exact morphological cells, principal parts, accent class, or a productive Synodal rule.
263	synodal:family-candidate:b40228917d8039943c4cf9e7	candidate-family:synodal:family-candidate:b40228917d8039943c4cf9e7	synodal:family-candidate:b40228917d8039943c4cf9e7	горꙋ	unknown	горꙋ:276	276	276	276	265		untyped	target-surface	target-lexeme-identity,target-morphological-cell			276	276	0	276		weak	large	deferred	Deferred after v0.5 review: repeated target surfaces do not establish lemma identity, semantics, exact morphological cells, principal parts, accent class, or a productive Synodal rule.
264	synodal:family-candidate:a989fa0813fa0f7e7c04e355	family:synodal:noun:wikt-776662ef739b	synodal:family-candidate:a989fa0813fa0f7e7c04e355	ложе	noun	ложа:46	46	46	46	46	synodal:noun:wikt-776662ef739b	accusative+genitive+nominative+plural+singular+vocative,possible-nominative-feminine-or-genitive-accusative	lexical-semantic-candidate,target-surface	target-lexeme-identity,target-morphological-cell	OCS dictionary morphology is candidate evidence, not a Synodal paradigm		46	46	0	46	ponomar-elizabeth-bible-2026-08-09:I_Macc.1.5,ponomar-elizabeth-bible-2026-08-09:Lev.15.18	partial	medium	candidate-unreviewed	surface grouping is diagnostic only; target identity and complete morphology require review
265	synodal:family-candidate:4257c6b32aa2b061b00607f9	candidate-family:synodal:family-candidate:4257c6b32aa2b061b00607f9	synodal:family-candidate:4257c6b32aa2b061b00607f9	дух-	unknown	дꙋхомъ:145,дꙋха:129	274	274	274	264		possible-dative-plural-or-instrumental-singular,possible-nominative-feminine-or-genitive-accusative	target-surface	target-lexeme-identity,target-morphological-cell			274	274	0	274		weak	large	deferred	Deferred after v0.5 review: repeated target surfaces do not establish lemma identity, semantics, exact morphological cells, principal parts, accent class, or a productive Synodal rule.
266	synodal:family-candidate:7e5294705d97e06abc8084d4	candidate-family:synodal:family-candidate:7e5294705d97e06abc8084d4	synodal:family-candidate:7e5294705d97e06abc8084d4	кївѡтъ	unknown	кївѡтъ:274	274	274	274	248		possible-finite-verb,ud:NOUN:Case=Acc+Gender=Masc+Number=Sing,ud:NOUN:Case=Nom+Gender=Masc+Number=Sing	target-surface,typed-cell-candidate	target-lexeme-identity,target-morphological-cell	an OCS treebank cell requires an independent exact Synodal surface witness | more than one source-partition treebank lemma or cell matches the target surface		274	274	0	274		weak	large	deferred	Deferred after v0.5 review: repeated target surfaces do not establish lemma identity, semantics, exact morphological cells, principal parts, accent class, or a productive Synodal rule.
267	synodal:family-candidate:30e0814223007156380e4211	candidate-family:synodal:family-candidate:30e0814223007156380e4211	synodal:family-candidate:30e0814223007156380e4211	смерть	unknown	смерть:273	273	273	273	259		untyped	target-surface	target-lexeme-identity,target-morphological-cell			273	273	0	273		weak	large	deferred	Deferred after v0.5 review: repeated target surfaces do not establish lemma identity, semantics, exact morphological cells, principal parts, accent class, or a productive Synodal rule.
268	synodal:family-candidate:a3d2faad48e666ce165578df	candidate-family:synodal:family-candidate:a3d2faad48e666ce165578df	synodal:family-candidate:a3d2faad48e666ce165578df	совѣтъ	unknown	совѣтъ:273	273	273	273	261		possible-finite-verb	target-surface	target-lexeme-identity,target-morphological-cell			273	273	0	273		weak	large	deferred	Deferred after v0.5 review: repeated target surfaces do not establish lemma identity, semantics, exact morphological cells, principal parts, accent class, or a productive Synodal rule.
269	synodal:family-candidate:f2c6279ea6468c2f30b71f0f	candidate-family:synodal:family-candidate:f2c6279ea6468c2f30b71f0f	synodal:family-candidate:f2c6279ea6468c2f30b71f0f	видѣш-	unknown	видѣша:271	271	271	271	258		possible-nominative-feminine-or-genitive-accusative	target-surface	target-lexeme-identity,target-morphological-cell			271	271	0	271		weak	large	deferred	Deferred after v0.5 review: repeated target surfaces do not establish lemma identity, semantics, exact morphological cells, principal parts, accent class, or a productive Synodal rule.
270	synodal:family-candidate:e3d6285cbf0a627df77c169e	candidate-family:synodal:family-candidate:e3d6285cbf0a627df77c169e	synodal:family-candidate:e3d6285cbf0a627df77c169e	іѡнаѳанъ	unknown	іѡнаѳанъ:270	270	270	270	264		untyped	target-surface	target-lexeme-identity,target-morphological-cell			270	270	0	270		weak	large	deferred	Deferred after v0.5 review: repeated target surfaces do not establish lemma identity, semantics, exact morphological cells, principal parts, accent class, or a productive Synodal rule.
271	synodal:family-candidate:b4b81c5b500b3baf9e9473a6	candidate-family:synodal:family-candidate:b4b81c5b500b3baf9e9473a6	synodal:family-candidate:b4b81c5b500b3baf9e9473a6	ѕло	unknown	ѕло:269	269	269	269	261		untyped	target-surface	target-lexeme-identity,target-morphological-cell			269	269	0	269		weak	large	deferred	Deferred after v0.5 review: repeated target surfaces do not establish lemma identity, semantics, exact morphological cells, principal parts, accent class, or a productive Synodal rule.
272	synodal:family-candidate:d5c56496d309074ca4b9be26	candidate-family:synodal:family-candidate:d5c56496d309074ca4b9be26	synodal:family-candidate:d5c56496d309074ca4b9be26	проклѧти / проклѧтъ	ambiguous	проклѧтъ:90	90	90	90	82		accusative+feminine+genitive+lemma+masculine+neuter+nominative+plural+singular+vocative,possible-finite-verb,supine,ud:VERB:Aspect=Perf+Mood=Ind+Number=Sing+Person=2+Tense=Past+VerbForm=Fin+Voice=Act,ud:VERB:Aspect=Perf+Mood=Ind+Number=Sing+Person=3+Tense=Past+VerbForm=Fin+Voice=Act	lexical-semantic-candidate,target-surface,typed-cell-candidate	target-lexeme-identity,target-morphological-cell	OCS dictionary morphology is candidate evidence, not a Synodal paradigm | an OCS treebank cell requires an independent exact Synodal surface witness | more than one lexical identity is compatible with at least one surface | more than one source-partition treebank lemma or cell matches the target surface	candidate evidence preserves lexical or cell ambiguity	0	90	90	90		partial	large	candidate-unreviewed	surface grouping is diagnostic only; target identity and complete morphology require review
273	synodal:family-candidate:20b0fb457d997b80be5178b8	candidate-family:synodal:family-candidate:20b0fb457d997b80be5178b8	synodal:family-candidate:20b0fb457d997b80be5178b8	ст҃омꙋ	unknown	ст҃омꙋ:45	45	45	45	45		untyped	target-surface	target-lexeme-identity,target-morphological-cell			45	45	0	45		partial	medium	candidate-unreviewed	surface grouping is diagnostic only; target identity and complete morphology require review
274	synodal:family-candidate:29cfaae138ba10e641cf2b04	candidate-family:synodal:family-candidate:29cfaae138ba10e641cf2b04	synodal:family-candidate:29cfaae138ba10e641cf2b04	ѿнн҃ѣ	unknown	ѿнн҃ѣ:45	45	45	45	45		untyped	target-surface	target-lexeme-identity,target-morphological-cell			45	45	0	45		partial	medium	candidate-unreviewed	surface grouping is diagnostic only; target identity and complete morphology require review
275	synodal:family-candidate:2623c1abca8412af8a8f8bae	candidate-family:synodal:family-candidate:2623c1abca8412af8a8f8bae	synodal:family-candidate:2623c1abca8412af8a8f8bae	правдꙋ	unknown	правдꙋ:266	266	266	266	259		untyped	target-surface	target-lexeme-identity,target-morphological-cell			266	266	0	266		weak	large	deferred	Deferred after v0.5 review: repeated target surfaces do not establish lemma identity, semantics, exact morphological cells, principal parts, accent class, or a productive Synodal rule.
276	synodal:family-candidate:ce15d5de735b0d47ca7c5101	candidate-family:synodal:family-candidate:ce15d5de735b0d47ca7c5101	synodal:family-candidate:ce15d5de735b0d47ca7c5101	ѹслыш-	unknown	ѹслыша:149,ѹслышитъ:60,ѹслыши:57	266	266	266	258		possible-finite-verb,possible-nominative-feminine-or-genitive-accusative,possible-nominative-plural	target-surface	target-lexeme-identity,target-morphological-cell			266	266	0	266		weak	large	deferred	Deferred after v0.5 review: repeated target surfaces do not establish lemma identity, semantics, exact morphological cells, principal parts, accent class, or a productive Synodal rule.
277	synodal:family-candidate:0bcf837bb6e7e5f064d44679	candidate-family:synodal:family-candidate:0bcf837bb6e7e5f064d44679	synodal:family-candidate:0bcf837bb6e7e5f064d44679	єгѵпетски-	unknown	єгѵпетскїѧ:264	264	264	264	264		possible-nominative-feminine-or-genitive-accusative	target-surface	target-lexeme-identity,target-morphological-cell			264	264	0	264		weak	large	deferred	Deferred after v0.5 review: repeated target surfaces do not establish lemma identity, semantics, exact morphological cells, principal parts, accent class, or a productive Synodal rule.
278	synodal:family-candidate:a7871d8d1fb92d2df3df044b	candidate-family:synodal:family-candidate:a7871d8d1fb92d2df3df044b	synodal:family-candidate:a7871d8d1fb92d2df3df044b	средѣ	unknown	средѣ:264	264	264	264	240		untyped	target-surface	target-lexeme-identity,target-morphological-cell			264	264	0	264		weak	large	deferred	Deferred after v0.5 review: repeated target surfaces do not establish lemma identity, semantics, exact morphological cells, principal parts, accent class, or a productive Synodal rule.
279	synodal:family-candidate:1fcb6c0a8405d52b9fa62e0f	candidate-family:synodal:family-candidate:1fcb6c0a8405d52b9fa62e0f	synodal:family-candidate:1fcb6c0a8405d52b9fa62e0f	чистъ	adjective	чиста:88	88	88	88	86		accusative+dual+feminine+genitive+masculine+neuter+nominative+plural+singular+vocative,possible-nominative-feminine-or-genitive-accusative,ud:ADJ:Case=Nom+Degree=Pos+Gender=Fem+Number=Sing+Variant=Short,ud:ADJ:Case=Nom+Degree=Pos+Gender=Masc+Number=Dual+Variant=Short,ud:ADJ:Case=Nom+Degree=Pos+Gender=Neut+Number=Plur+Variant=Short,ud:ADJ:Case=Voc+Degree=Pos+Gender=Fem+Number=Sing+Variant=Short	lexical-semantic-candidate,target-surface,typed-cell-candidate	source-partition-exact-cell-evidence; evaluation candidates cannot license runtime facts,target-lexeme-identity,target-morphological-cell	OCS dictionary morphology is candidate evidence, not a Synodal paradigm | an OCS treebank cell requires an independent exact Synodal surface witness | more than one source-partition treebank lemma or cell matches the target surface		88	88	0	88		partial	large	candidate-unreviewed	surface grouping is diagnostic only; target identity and complete morphology require review
280	synodal:family-candidate:29aaf26a48812a22c139d207	candidate-family:synodal:family-candidate:29aaf26a48812a22c139d207	synodal:family-candidate:29aaf26a48812a22c139d207	прⷭ҇тол-	unknown	прⷭ҇тола:44	44	44	44	40		possible-nominative-feminine-or-genitive-accusative	target-surface	target-lexeme-identity,target-morphological-cell			44	44	0	44		partial	medium	candidate-unreviewed	surface grouping is diagnostic only; target identity and complete morphology require review
281	synodal:family-candidate:2eec863aaf4167bd89820e7b	candidate-family:synodal:family-candidate:2eec863aaf4167bd89820e7b	synodal:family-candidate:2eec863aaf4167bd89820e7b	іи҃лево	unknown	іи҃лево:44	44	44	44	40		ud:ADJ:Case=Nom+Degree=Pos+Gender=Neut+Number=Sing+Variant=Short,untyped	target-surface,typed-cell-candidate	target-lexeme-identity,target-morphological-cell	an OCS treebank cell requires an independent exact Synodal surface witness		44	44	0	44		partial	medium	candidate-unreviewed	surface grouping is diagnostic only; target identity and complete morphology require review
282	synodal:family-candidate:46263e79c49ff5526b9e88a7	candidate-family:synodal:family-candidate:46263e79c49ff5526b9e88a7	synodal:family-candidate:46263e79c49ff5526b9e88a7	всѧко-	unknown	всѧкое:201,всѧкою:60	261	261	261	249		possible-vocative-or-finite-verb,untyped	target-surface	target-lexeme-identity,target-morphological-cell			261	261	0	261		weak	large	deferred	Deferred after v0.5 structured-route review: всѧ́кое and всѧ́кою are frequent target surfaces, but corpus grouping does not independently establish the lexeme identity, adjectival paradigm, exact cells, accent behavior, or every reverse-registry analysis needed for a safe admission.
283	synodal:family-candidate:9b8fd1d48560bb498f4e2daa	candidate-family:synodal:family-candidate:9b8fd1d48560bb498f4e2daa	synodal:family-candidate:9b8fd1d48560bb498f4e2daa	погибн-	unknown	погибнетъ:143,погибнꙋтъ:117	260	260	260	256		possible-finite-verb	target-surface	target-lexeme-identity,target-morphological-cell			260	260	0	260		weak	large	deferred	Deferred after v0.6 top-200 review: inspected diagnostic surfaces поги́бнетъ, поги́бнꙋтъ. Target frequency and grouping do not establish target-lexeme-identity, target-morphological-cell; no runtime fact is enabled.
284	synodal:family-candidate:11220f4dafd7dd97b97a4461	candidate-family:synodal:family-candidate:11220f4dafd7dd97b97a4461	synodal:family-candidate:11220f4dafd7dd97b97a4461	дщерь	unknown	дщерь:258	258	258	258	250		untyped	target-surface	target-lexeme-identity,target-morphological-cell			258	258	0	258		weak	large	deferred	Deferred after v0.6 top-200 review: inspected diagnostic surfaces дще́рь. Target frequency and grouping do not establish target-lexeme-identity, target-morphological-cell; no runtime fact is enabled.
285	synodal:family-candidate:8e47024ccfcf6075d650be58	candidate-family:synodal:family-candidate:8e47024ccfcf6075d650be58	synodal:family-candidate:8e47024ccfcf6075d650be58	живущи-	unknown	живꙋщїи:257	257	257	257	249		possible-nominative-plural	target-surface	target-lexeme-identity,target-morphological-cell			257	257	0	257		weak	large	deferred	Deferred after v0.6 top-200 review: inspected diagnostic surfaces живꙋ́щїи. Target frequency and grouping do not establish target-lexeme-identity, target-morphological-cell; no runtime fact is enabled.
286	synodal:family-candidate:c98f947b745b5bf3de8c03c8	candidate-family:synodal:family-candidate:c98f947b745b5bf3de8c03c8	synodal:family-candidate:c98f947b745b5bf3de8c03c8	єзеки-	unknown	єзекіа:170,єзекіи:86	256	256	256	238		possible-nominative-feminine-or-genitive-accusative,possible-nominative-plural	target-surface	target-lexeme-identity,target-morphological-cell			256	256	0	256		weak	large	deferred	Deferred after v0.6 top-200 review: inspected diagnostic surfaces є҆зекі́а, є҆зекі́и. Target frequency and grouping do not establish target-lexeme-identity, target-morphological-cell; no runtime fact is enabled.
287	synodal:family-candidate:fed04ced335d5bb505fc6f65	candidate-family:synodal:family-candidate:fed04ced335d5bb505fc6f65	synodal:family-candidate:fed04ced335d5bb505fc6f65	полкъ	unknown	полкъ:256	256	256	256	246		untyped	target-surface	target-lexeme-identity,target-morphological-cell			256	256	0	256		weak	large	deferred	Deferred after v0.6 top-200 review: inspected diagnostic surfaces по́лкъ. Target frequency and grouping do not establish target-lexeme-identity, target-morphological-cell; no runtime fact is enabled.
288	synodal:family-candidate:0b49b93412eacb9772ba9e36	candidate-family:synodal:family-candidate:0b49b93412eacb9772ba9e36	synodal:family-candidate:0b49b93412eacb9772ba9e36	бл҃го-	unknown	бл҃гое:43	43	43	43	43		possible-vocative-or-finite-verb	target-surface	target-lexeme-identity,target-morphological-cell			43	43	0	43		partial	medium	candidate-unreviewed	surface grouping is diagnostic only; target identity and complete morphology require review
289	synodal:family-candidate:17eee1c740b3104850ed7155	candidate-family:synodal:family-candidate:17eee1c740b3104850ed7155	synodal:family-candidate:17eee1c740b3104850ed7155	прⷪ҇рокꙋ	unknown	прⷪ҇рокꙋ:43	43	43	43	43		untyped	target-surface	target-lexeme-identity,target-morphological-cell			43	43	0	43		partial	medium	candidate-unreviewed	surface grouping is diagnostic only; target identity and complete morphology require review
290	synodal:family-candidate:b6225d77cd17d90a56a833d1	candidate-family:synodal:family-candidate:b6225d77cd17d90a56a833d1	synodal:family-candidate:b6225d77cd17d90a56a833d1	гл҃гол-	unknown	гл҃голы:43	43	43	43	43		possible-nominative-plural	target-surface	target-lexeme-identity,target-morphological-cell			43	43	0	43		partial	medium	candidate-unreviewed	surface grouping is diagnostic only; target identity and complete morphology require review
291	synodal:family-candidate:4137b69cb3277601fc32270c	candidate-family:synodal:family-candidate:4137b69cb3277601fc32270c	synodal:family-candidate:4137b69cb3277601fc32270c	услыш-	unknown	ᲂуслыша:146,ᲂуслышитъ:60,ᲂуслыши:49	255	255	255	247		possible-finite-verb,possible-nominative-feminine-or-genitive-accusative,possible-nominative-plural	target-surface	target-lexeme-identity,target-morphological-cell			255	255	0	255		weak	large	deferred	Deferred after v0.6 top-200 review: inspected diagnostic surfaces ᲂу҆слы́ша, ᲂу҆слы́шитъ, ᲂу҆слы́ши. Target frequency and grouping do not establish target-lexeme-identity, target-morphological-cell; no runtime fact is enabled.
292	synodal:family-candidate:b7a24f1eb24c25dc0d1e5021	candidate-family:synodal:family-candidate:b7a24f1eb24c25dc0d1e5021	synodal:family-candidate:b7a24f1eb24c25dc0d1e5021	столп-	unknown	столпы:138,столпа:62,столпѡвъ:52	252	252	252	214		possible-genitive-or-locative-plural,possible-nominative-feminine-or-genitive-accusative,possible-nominative-plural	target-surface	target-lexeme-identity,target-morphological-cell			252	252	0	252		weak	large	deferred	Deferred after v0.6 top-200 review: inspected diagnostic surfaces столпы̀, столпа̀, столпѡ́въ. Target frequency and grouping do not establish target-lexeme-identity, target-morphological-cell; no runtime fact is enabled.
293	synodal:family-candidate:04582cb1eeb1fa1b9e79ec53	family:synodal:verb:v06-vzyti	synodal:family-candidate:04582cb1eeb1fa1b9e79ec53	взыти / възити	ambiguous	взыти:42	42	42	42	42	synodal:verb:v06-vzyti	alternative,lemma,possible-nominative-plural	lexical-semantic-candidate,target-surface	imperativestem,imperfectstem,independent-principal-part,lparticiplestem,participlestem,presentfirstsingular,presentstem,presentthirdplural,supinestem,verbalnounstem	OCS dictionary morphology is candidate evidence, not a Synodal paradigm | more than one lexical identity is compatible with at least one surface	candidate evidence preserves lexical or cell ambiguity	0	42	42	42	ponomar-elizabeth-bible-2026-08-09:Dan.8.9	partial	medium	candidate-unreviewed	surface grouping is diagnostic only; target identity and complete morphology require review
294	synodal:family-candidate:1b1fc5c9498edc7840a7c011	family:synodal:noun:wikt-ba9b83ba4187	synodal:family-candidate:1b1fc5c9498edc7840a7c011	коло	noun	колеса:42	42	42	42	32	synodal:noun:wikt-ba9b83ba4187	accusative+nominative+plural+vocative,possible-nominative-feminine-or-genitive-accusative	lexical-semantic-candidate,target-surface	source-partition-exact-cell-evidence; evaluation candidates cannot license runtime facts,target-lexeme-identity,target-morphological-cell	OCS dictionary morphology is candidate evidence, not a Synodal paradigm		42	42	0	42	ponomar-elizabeth-bible-2026-08-09:Ezek.1.15	partial	medium	candidate-unreviewed	surface grouping is diagnostic only; target identity and complete morphology require review
295	synodal:family-candidate:63b1c918b2082bb828033868	family:synodal:noun:wikt-a3753d32f6e6	synodal:family-candidate:63b1c918b2082bb828033868	жилище	noun	жилища:42	42	42	42	40	synodal:noun:wikt-a3753d32f6e6	accusative+genitive+nominative+plural+singular+vocative,possible-nominative-feminine-or-genitive-accusative	lexical-semantic-candidate,target-surface	target-lexeme-identity,target-morphological-cell	OCS dictionary morphology is candidate evidence, not a Synodal paradigm		42	42	0	42	ponomar-elizabeth-bible-2026-08-09:II_Cor.5.2	partial	medium	candidate-unreviewed	surface grouping is diagnostic only; target identity and complete morphology require review
296	synodal:family-candidate:67959d675294038aad14674c	candidate-family:synodal:family-candidate:67959d675294038aad14674c	synodal:family-candidate:67959d675294038aad14674c	прⷭ҇толъ	unknown	прⷭ҇толъ:42	42	42	42	42		untyped	target-surface	target-lexeme-identity,target-morphological-cell			42	42	0	42		partial	medium	candidate-unreviewed	surface grouping is diagnostic only; target identity and complete morphology require review
297	synodal:family-candidate:6ee5cc36bd57b0989ac61154	candidate-family:synodal:family-candidate:6ee5cc36bd57b0989ac61154	synodal:family-candidate:6ee5cc36bd57b0989ac61154	ᲂучн҃къ	unknown	ᲂучн҃къ:42	42	42	42	41		untyped	target-surface	target-lexeme-identity,target-morphological-cell			42	42	0	42		partial	medium	candidate-unreviewed	surface grouping is diagnostic only; target identity and complete morphology require review
298	synodal:family-candidate:746cbe92458f0b48ab6ddfe1	candidate-family:synodal:family-candidate:746cbe92458f0b48ab6ddfe1	synodal:family-candidate:746cbe92458f0b48ab6ddfe1	ии҃лєв-	unknown	іи҃лєва:42	42	42	42	42		possible-nominative-feminine-or-genitive-accusative	target-surface	target-lexeme-identity,target-morphological-cell			42	42	0	42		partial	medium	deferred	Deferred after review: the target corpus establishes a recurring titlo or superscript surface, but semantic expansion, exact grammatical cells, required marks, and reversibility are not yet independently specified.
299	synodal:family-candidate:80af0f0d00353d62c7983e4c	candidate-family:synodal:family-candidate:80af0f0d00353d62c7983e4c	synodal:family-candidate:80af0f0d00353d62c7983e4c	ст҃ѣй	unknown	ст҃ѣй:42	42	42	42	42		untyped	target-surface	target-lexeme-identity,target-morphological-cell			42	42	0	42		partial	medium	candidate-unreviewed	surface grouping is diagnostic only; target identity and complete morphology require review
300	synodal:family-candidate:ba52fb12e9739ae23126296e	candidate-family:synodal:family-candidate:ba52fb12e9739ae23126296e	synodal:family-candidate:ba52fb12e9739ae23126296e	хрⷭ҇тꙋ	unknown	хрⷭ҇тꙋ:42	42	42	42	42		untyped	target-surface	target-lexeme-identity,target-morphological-cell			42	42	0	42		partial	medium	candidate-unreviewed	surface grouping is diagnostic only; target identity and complete morphology require review
301	synodal:family-candidate:e09df4f39e042dfe8302f1b7	candidate-family:synodal:family-candidate:e09df4f39e042dfe8302f1b7	synodal:family-candidate:e09df4f39e042dfe8302f1b7	взыд-	unknown	взыдетъ:124,взыди:78,взыдꙋтъ:49	251	251	251	241		possible-finite-verb,possible-nominative-plural	target-surface	target-lexeme-identity,target-morphological-cell			251	251	0	251		weak	large	deferred	Deferred after review: repeated corpus surfaces and diagnostic stem, prefix, or ending features do not by themselves establish a lemma, part of speech, morphological cell, principal parts, accent class, or productive rule.
302	synodal:family-candidate:06f3c9aeb90c1aba3e399f38	candidate-family:synodal:family-candidate:06f3c9aeb90c1aba3e399f38	synodal:family-candidate:06f3c9aeb90c1aba3e399f38	леѵит-	unknown	леѵітѡмъ:107,леѵіты:72,леѵітѡвъ:70	249	249	249	235		possible-dative-plural-or-instrumental-singular,possible-genitive-or-locative-plural,possible-nominative-plural	target-surface	target-lexeme-identity,target-morphological-cell			249	249	0	249		weak	large	deferred	Deferred after v0.6 top-200 review: inspected diagnostic surfaces леѵі́тѡмъ, леѵі́ты, леѵі́тѡвъ. Target frequency and grouping do not establish target-lexeme-identity, target-morphological-cell; no runtime fact is enabled.
303	synodal:family-candidate:6128ca79e1188985cfb06d6a	candidate-family:synodal:family-candidate:6128ca79e1188985cfb06d6a	synodal:family-candidate:6128ca79e1188985cfb06d6a	іꙋдиныхъ	unknown	іꙋдиныхъ:249	249	249	249	243		untyped	target-surface	target-lexeme-identity,target-morphological-cell			249	249	0	249		weak	large	deferred	Deferred after v0.6 top-200 review: inspected diagnostic surfaces і҆ꙋ́диныхъ. Target frequency and grouping do not establish target-lexeme-identity, target-morphological-cell; no runtime fact is enabled.
304	synodal:family-candidate:4d7a68d0820160ec07a91663	candidate-family:synodal:family-candidate:4d7a68d0820160ec07a91663	synodal:family-candidate:4d7a68d0820160ec07a91663	премꙋдрость	unknown	премꙋдрость:247	247	247	247	243		untyped	target-surface	target-lexeme-identity,target-morphological-cell			247	247	0	247		weak	large	deferred	Deferred after v0.6 top-200 review: inspected diagnostic surfaces премꙋ́дрость. Target frequency and grouping do not establish target-lexeme-identity, target-morphological-cell; no runtime fact is enabled.
305	synodal:family-candidate:e54338bf650d255567051b86	candidate-family:synodal:family-candidate:e54338bf650d255567051b86	synodal:family-candidate:e54338bf650d255567051b86	царств-	unknown	царства:246	246	246	246	240		possible-nominative-feminine-or-genitive-accusative	target-surface	target-lexeme-identity,target-morphological-cell			246	246	0	246		weak	large	deferred	Deferred after v0.6 top-200 review: inspected diagnostic surfaces ца́рства. Target frequency and grouping do not establish target-lexeme-identity, target-morphological-cell; no runtime fact is enabled.
306	synodal:family-candidate:a129dd7dfbda494dd5457437	candidate-family:synodal:family-candidate:a129dd7dfbda494dd5457437	synodal:family-candidate:a129dd7dfbda494dd5457437	преидоша	verb	преидоша:82	82	82	82	82		lemma,possible-nominative-feminine-or-genitive-accusative	lexical-semantic-candidate,target-surface	target-lexeme-identity,target-morphological-cell	OCS dictionary morphology is candidate evidence, not a Synodal paradigm		82	82	0	82		partial	large	candidate-unreviewed	surface grouping is diagnostic only; target identity and complete morphology require review
307	synodal:family-candidate:3ae54415f135ff15d1a6dc30	candidate-family:synodal:family-candidate:3ae54415f135ff15d1a6dc30	synodal:family-candidate:3ae54415f135ff15d1a6dc30	іѡсифъ	unknown	іѡсифъ:242	242	242	242	230		ud:PROPN:Case=Nom+Gender=Masc+Number=Sing,untyped	target-surface,typed-cell-candidate	target-lexeme-identity,target-morphological-cell	an OCS treebank cell requires an independent exact Synodal surface witness		242	242	0	242		weak	large	deferred	Deferred after v0.6 top-200 review: inspected diagnostic surfaces і҆ѡ́сифъ. Target frequency and grouping do not establish target-lexeme-identity, target-morphological-cell; no runtime fact is enabled.
308	synodal:family-candidate:24242a82702ffe95ec056311	candidate-family:synodal:family-candidate:24242a82702ffe95ec056311	synodal:family-candidate:24242a82702ffe95ec056311	точи-	unknown	точїю:240	240	240	240	238		untyped	target-surface	target-lexeme-identity,target-morphological-cell			240	240	0	240		weak	large	deferred	Deferred after v0.6 top-200 review: inspected diagnostic surfaces то́чїю. Target frequency and grouping do not establish target-lexeme-identity, target-morphological-cell; no runtime fact is enabled.
309	synodal:family-candidate:66ef7bb4f91b23f0412a5cfd	candidate-family:synodal:family-candidate:66ef7bb4f91b23f0412a5cfd	synodal:family-candidate:66ef7bb4f91b23f0412a5cfd	ѻтечествъ	unknown	ѻтечествъ:240	240	240	240	232		untyped	target-surface	target-lexeme-identity,target-morphological-cell			240	240	0	240		weak	large	deferred	Deferred after v0.6 top-200 review: inspected diagnostic surfaces ѻ҆те́чествъ. Target frequency and grouping do not establish target-lexeme-identity, target-morphological-cell; no runtime fact is enabled.
310	synodal:family-candidate:8ff803cb93f425f40fcea77e	candidate-family:synodal:family-candidate:8ff803cb93f425f40fcea77e	synodal:family-candidate:8ff803cb93f425f40fcea77e	час-	unknown	части:240	240	240	240	230		possible-nominative-plural	target-surface	target-lexeme-identity,target-morphological-cell			240	240	0	240		weak	large	deferred	Deferred after v0.6 top-200 review: inspected diagnostic surfaces ча́сти. Target frequency and grouping do not establish target-lexeme-identity, target-morphological-cell; no runtime fact is enabled.
311	synodal:family-candidate:036adc9f4130d78b45b71b3e	candidate-family:synodal:family-candidate:036adc9f4130d78b45b71b3e	synodal:family-candidate:036adc9f4130d78b45b71b3e	бѣжаша	verb	бѣжаша:80	80	80	80	74		lemma,possible-nominative-feminine-or-genitive-accusative	lexical-semantic-candidate,target-surface	target-lexeme-identity,target-morphological-cell	OCS dictionary morphology is candidate evidence, not a Synodal paradigm		80	80	0	80		partial	large	candidate-unreviewed	surface grouping is diagnostic only; target identity and complete morphology require review
312	synodal:family-candidate:a1b86f3bdc3bb5ce71bb5d71	candidate-family:synodal:family-candidate:a1b86f3bdc3bb5ce71bb5d71	synodal:family-candidate:a1b86f3bdc3bb5ce71bb5d71	поѧ	unknown	поѧ:80	80	80	80	78	synodal:verb:v06-9eafebde7d74bfcb,synodal:verb:wikt-ccef5ed46ad3	possible-nominative-feminine-or-genitive-accusative,ud:VERB:Aspect=Perf+Mood=Ind+Number=Sing+Person=3+Tense=Past+VerbForm=Fin+Voice=Act,ud:VERB:Case=Nom+Gender=Masc+Number=Sing+Tense=Pres+Variant=Short+VerbForm=Part+Voice=Act	target-surface,typed-cell-candidate	target-lexeme-identity,target-morphological-cell	an OCS treebank cell requires an independent exact Synodal surface witness | more than one source-partition treebank lemma or cell matches the target surface	multiple compatible runtime lexemes must not be forced into one family	0	80	80	80	ponomar-elizabeth-bible-2026-08-09:II_Paral.29.27,ponomar-elizabeth-bible-2026-08-09:Gen.27.9,ponomar-elizabeth-bible-2026-08-09:Gen.27.9	partial	large	candidate-unreviewed	surface grouping is diagnostic only; target identity and complete morphology require review
313	synodal:family-candidate:2c3a08952f966ece0b5f124b	candidate-family:synodal:family-candidate:2c3a08952f966ece0b5f124b	synodal:family-candidate:2c3a08952f966ece0b5f124b	хрⷭ҇тово	unknown	хрⷭ҇тово:40	40	40	40	40		untyped	target-surface	target-lexeme-identity,target-morphological-cell			40	40	0	40		partial	medium	candidate-unreviewed	surface grouping is diagnostic only; target identity and complete morphology require review
314	synodal:family-candidate:440914a8e415608858105d45	candidate-family:synodal:family-candidate:440914a8e415608858105d45	synodal:family-candidate:440914a8e415608858105d45	бж҃ие-	unknown	бж҃їею:40	40	40	40	40		untyped	target-surface	target-lexeme-identity,target-morphological-cell			40	40	0	40		partial	medium	candidate-unreviewed	surface grouping is diagnostic only; target identity and complete morphology require review
315	synodal:family-candidate:558f2060babbd8fdf4cbcaf0	candidate-family:synodal:family-candidate:558f2060babbd8fdf4cbcaf0	synodal:family-candidate:558f2060babbd8fdf4cbcaf0	ии҃л-	unknown	іи҃леви:40	40	40	40	40		possible-nominative-plural	target-surface	target-lexeme-identity,target-morphological-cell			40	40	0	40		partial	medium	deferred	Deferred after review: the target corpus establishes a recurring titlo or superscript surface, but semantic expansion, exact grammatical cells, required marks, and reversibility are not yet independently specified.
316	synodal:family-candidate:c10f80d07893bf79cdd52120	family:synodal:verb:wikt-4ddd824b8609	synodal:family-candidate:c10f80d07893bf79cdd52120	показати	verb	покажетъ:40	40	40	40	36	synodal:verb:wikt-4ddd824b8609	error-unrecognized-form+present+singular,possible-finite-verb,ud:VERB:Mood=Ind+Number=Sing+Person=3+Tense=Pres+VerbForm=Fin+Voice=Act	lexical-semantic-candidate,target-surface,typed-cell-candidate	target-lexeme-identity,target-morphological-cell	OCS dictionary morphology is candidate evidence, not a Synodal paradigm | an OCS treebank cell requires an independent exact Synodal surface witness		40	40	0	40	ponomar-elizabeth-bible-2026-08-09:Esther.1.11,ponomar-elizabeth-bible-2026-08-09:Gen.41.28	partial	medium	candidate-unreviewed	surface grouping is diagnostic only; target identity and complete morphology require review
317	synodal:family-candidate:c3b67d6abe955c4448f80bc0	family:synodal:noun:wikt-512a2b47758d	synodal:family-candidate:c3b67d6abe955c4448f80bc0	колѣно	noun	колѣнъ:40	40	40	40	40	synodal:noun:wikt-512a2b47758d	genitive+plural	lexical-semantic-candidate,target-surface	target-lexeme-identity,target-morphological-cell	OCS dictionary morphology is candidate evidence, not a Synodal paradigm		40	40	0	40	ponomar-elizabeth-bible-2026-08-09:III_Macc.4.10,ponomar-elizabeth-bible-2026-08-09:Apoc.1.7,ponomar-elizabeth-bible-2026-08-09:Apoc.1.7,ponomar-elizabeth-bible-2026-08-09:Heb.12.12	partial	medium	candidate-unreviewed	surface grouping is diagnostic only; target identity and complete morphology require review
318	synodal:family-candidate:e2df9775c4cb8e7ca9e4bfc3	family:synodal:noun:wikt-f7edd7b689ae	synodal:family-candidate:e2df9775c4cb8e7ca9e4bfc3	грѣхъ	noun	грѣхѡмъ:40	40	40	40	38	synodal:noun:wikt-f7edd7b689ae	dative+instrumental+plural+singular,possible-dative-plural-or-instrumental-singular,ud:NOUN:Case=Dat+Gender=Masc+Number=Plur,ud:NOUN:Case=Ins+Gender=Masc+Number=Sing	lexical-semantic-candidate,target-surface,typed-cell-candidate	target-lexeme-identity,target-morphological-cell	OCS dictionary morphology is candidate evidence, not a Synodal paradigm | an OCS treebank cell requires an independent exact Synodal surface witness | more than one source-partition treebank lemma or cell matches the target surface		40	40	0	40	ponomar-elizabeth-bible-2026-08-09:Baruch.1.10,ponomar-elizabeth-bible-2026-08-09:Ezek.33.14,ponomar-elizabeth-bible-2026-08-09:Acts.5.31	partial	medium	deferred	Deferred after review: one reviewed runtime lexeme is compatible, but the unresolved surfaces still lack independently typed target cells, exact accent or positional evidence, or a complete cited Synodal class.
319	synodal:family-candidate:ea155f1bef72bb94d9e05346	candidate-family:synodal:family-candidate:ea155f1bef72bb94d9e05346	synodal:family-candidate:ea155f1bef72bb94d9e05346	ѹчн҃к-	unknown	ѹчн҃кѡмъ:40	40	40	40	38		possible-dative-plural-or-instrumental-singular	target-surface	target-lexeme-identity,target-morphological-cell			40	40	0	40		partial	medium	candidate-unreviewed	surface grouping is diagnostic only; target identity and complete morphology require review
320	synodal:family-candidate:e777721e35de175752771fa0	candidate-family:synodal:family-candidate:e777721e35de175752771fa0	synodal:family-candidate:e777721e35de175752771fa0	всемъ	unknown	всемъ:239	239	239	239	235		ud:DET:Case=Loc+Gender=Neut+Number=Sing,ud:PRON:Case=Loc+Gender=Neut+Number=Sing,untyped	target-surface,typed-cell-candidate	target-lexeme-identity,target-morphological-cell	an OCS treebank cell requires an independent exact Synodal surface witness | more than one source-partition treebank lemma or cell matches the target surface		239	239	0	239		weak	large	deferred	Deferred after v0.6 top-200 review: inspected diagnostic surfaces все́мъ. Target frequency and grouping do not establish target-lexeme-identity, target-morphological-cell; no runtime fact is enabled.
321	synodal:family-candidate:f4468ccc7e59b72ead02f3ab	candidate-family:synodal:family-candidate:f4468ccc7e59b72ead02f3ab	synodal:family-candidate:f4468ccc7e59b72ead02f3ab	прѧмѡ	unknown	прѧмѡ:239	239	239	239	225		untyped	target-surface	target-lexeme-identity,target-morphological-cell			239	239	0	239		weak	large	deferred	Deferred after v0.6 top-200 review: inspected diagnostic surfaces прѧ́мѡ. Target frequency and grouping do not establish target-lexeme-identity, target-morphological-cell; no runtime fact is enabled.
322	synodal:family-candidate:a0640eb20ebe933044597a19	candidate-family:synodal:family-candidate:a0640eb20ebe933044597a19	synodal:family-candidate:a0640eb20ebe933044597a19	собрашас-	unknown	собрашасѧ:238	238	238	238	234		possible-nominative-feminine-or-genitive-accusative	target-surface	target-lexeme-identity,target-morphological-cell			238	238	0	238		weak	large	deferred	Deferred after v0.6 top-200 review: inspected diagnostic surfaces собра́шасѧ. Target frequency and grouping do not establish target-lexeme-identity, target-morphological-cell; no runtime fact is enabled.
323	synodal:family-candidate:e0d824f85a5ffea1a2236106	candidate-family:synodal:family-candidate:e0d824f85a5ffea1a2236106	synodal:family-candidate:e0d824f85a5ffea1a2236106	єгѵпт-	unknown	єгѵпта:237	237	237	237	233		possible-nominative-feminine-or-genitive-accusative	target-surface	target-lexeme-identity,target-morphological-cell			237	237	0	237		weak	large	deferred	Deferred after v0.6 top-200 review: inspected diagnostic surfaces є҆гѵ́пта. Target frequency and grouping do not establish target-lexeme-identity, target-morphological-cell; no runtime fact is enabled.
324	synodal:family-candidate:7b60dd306edf95451ab1e6e7	candidate-family:synodal:family-candidate:7b60dd306edf95451ab1e6e7	synodal:family-candidate:7b60dd306edf95451ab1e6e7	срѣтени-	unknown	срѣтенїе:235	235	235	235	227		possible-vocative-or-finite-verb	target-surface	target-lexeme-identity,target-morphological-cell			235	235	0	235		weak	large	deferred	Deferred after v0.6 top-200 review: inspected diagnostic surfaces срѣ́тенїе. Target frequency and grouping do not establish target-lexeme-identity, target-morphological-cell; no runtime fact is enabled.
325	synodal:family-candidate:94558da8b8115cdfb0e304c6	candidate-family:synodal:family-candidate:94558da8b8115cdfb0e304c6	synodal:family-candidate:94558da8b8115cdfb0e304c6	спасени-	unknown	спасенїѧ:153,спасенїе:80	233	233	233	227		possible-nominative-feminine-or-genitive-accusative,possible-vocative-or-finite-verb	target-surface	target-lexeme-identity,target-morphological-cell			233	233	0	233		weak	large	deferred	Deferred after v0.6 top-200 review: inspected diagnostic surfaces спасе́нїѧ, спасе́нїе. Target frequency and grouping do not establish target-lexeme-identity, target-morphological-cell; no runtime fact is enabled.
326	synodal:family-candidate:8e9b7fb41bef63006665ced5	candidate-family:synodal:family-candidate:8e9b7fb41bef63006665ced5	synodal:family-candidate:8e9b7fb41bef63006665ced5	человѣчь	unknown	человѣчь:232	232	232	232	232		untyped	target-surface	target-lexeme-identity,target-morphological-cell			232	232	0	232		weak	large	deferred	Deferred after v0.6 top-200 review: inspected diagnostic surfaces человѣ́чь. Target frequency and grouping do not establish target-lexeme-identity, target-morphological-cell; no runtime fact is enabled.
327	synodal:family-candidate:64e185084feb629035565bf4	candidate-family:synodal:family-candidate:64e185084feb629035565bf4	synodal:family-candidate:64e185084feb629035565bf4	бл҃го	unknown	бл҃го:39	39	39	39	39		untyped	target-surface	target-lexeme-identity,target-morphological-cell			39	39	0	39		partial	medium	candidate-unreviewed	surface grouping is diagnostic only; target identity and complete morphology require review
328	synodal:family-candidate:e3f9beda140b07d38e739175	candidate-family:synodal:family-candidate:e3f9beda140b07d38e739175	synodal:family-candidate:e3f9beda140b07d38e739175	прейд-	unknown	прейде:127,прейдетъ:63,прейдꙋтъ:41	231	231	231	211		possible-finite-verb,possible-vocative-or-finite-verb	target-surface	target-lexeme-identity,target-morphological-cell			231	231	0	231		weak	large	deferred	Deferred after v0.6 top-200 review: inspected diagnostic surfaces пре́йде, пре́йдетъ, пре́йдꙋтъ. Target frequency and grouping do not establish target-lexeme-identity, target-morphological-cell; no runtime fact is enabled.
329	synodal:family-candidate:b39d3b1c45ec932c52975d77	candidate-family:synodal:family-candidate:b39d3b1c45ec932c52975d77	synodal:family-candidate:b39d3b1c45ec932c52975d77	прилож-	unknown	приложи:116,приложитъ:114	230	230	230	228		possible-finite-verb,possible-nominative-plural,ud:VERB:Aspect=Perf+Mood=Ind+Number=Sing+Person=3+Tense=Past+VerbForm=Fin+Voice=Act,ud:VERB:Mood=Imp+Number=Sing+Person=2+Tense=Pres+VerbForm=Fin+Voice=Act,ud:VERB:Mood=Ind+Number=Sing+Person=3+Tense=Pres+VerbForm=Fin+Voice=Act	target-surface,typed-cell-candidate	target-lexeme-identity,target-morphological-cell	an OCS treebank cell requires an independent exact Synodal surface witness | more than one source-partition treebank lemma or cell matches the target surface		230	230	0	230		weak	large	deferred	Deferred after v0.6 top-200 review: inspected diagnostic surfaces приложѝ, приложи́тъ. Target frequency and grouping do not establish target-lexeme-identity, target-morphological-cell; no runtime fact is enabled.
330	synodal:family-candidate:d16377350f264f506f0199b5	candidate-family:synodal:family-candidate:d16377350f264f506f0199b5	synodal:family-candidate:d16377350f264f506f0199b5	вску-	unknown	вскꙋю:229	229	229	229	217		untyped	target-surface	target-lexeme-identity,target-morphological-cell			229	229	0	229		weak	large	deferred	Deferred after v0.6 top-200 review: inspected diagnostic surfaces вскꙋ́ю. Target frequency and grouping do not establish target-lexeme-identity, target-morphological-cell; no runtime fact is enabled.
331	synodal:family-candidate:a2c5bbd487a2f46611c8fb31	candidate-family:synodal:family-candidate:a2c5bbd487a2f46611c8fb31	synodal:family-candidate:a2c5bbd487a2f46611c8fb31	внѣ	unknown	внѣ:228	228	228	228	223		untyped	target-surface	target-lexeme-identity,target-morphological-cell			228	228	0	228		weak	large	deferred	Deferred after v0.6 top-200 review: inspected diagnostic surfaces внѣ̀. Target frequency and grouping do not establish target-lexeme-identity, target-morphological-cell; no runtime fact is enabled.
332	synodal:family-candidate:c0305d5181d7de90f9a3f3e2	candidate-family:synodal:family-candidate:c0305d5181d7de90f9a3f3e2	synodal:family-candidate:c0305d5181d7de90f9a3f3e2	отступ-	unknown	ѿстꙋпи:130,ѿстꙋпиша:56,ѿстꙋпитъ:42	228	228	228	222		possible-finite-verb,possible-nominative-feminine-or-genitive-accusative,possible-nominative-plural	target-surface	target-lexeme-identity,target-morphological-cell			228	228	0	228		weak	large	deferred	Deferred after v0.6 top-200 review: inspected diagnostic surfaces ѿстꙋпѝ, ѿстꙋпи́ша, ѿстꙋ́питъ. Target frequency and grouping do not establish target-lexeme-identity, target-morphological-cell; no runtime fact is enabled.
333	synodal:family-candidate:cdcdd48073d6087c35df18ba	candidate-family:synodal:family-candidate:cdcdd48073d6087c35df18ba	synodal:family-candidate:cdcdd48073d6087c35df18ba	овн-	unknown	ѻвна:154,ѻвнѡвъ:74	228	228	228	222		possible-genitive-or-locative-plural,possible-nominative-feminine-or-genitive-accusative	target-surface	target-lexeme-identity,target-morphological-cell			228	228	0	228		weak	large	deferred	Deferred after v0.6 top-200 review: inspected diagnostic surfaces ѻ҆вна̀, ѻ҆внѡ́въ. Target frequency and grouping do not establish target-lexeme-identity, target-morphological-cell; no runtime fact is enabled.
334	synodal:family-candidate:7a052edbf166a8238dbbecb1	candidate-family:synodal:family-candidate:7a052edbf166a8238dbbecb1	synodal:family-candidate:7a052edbf166a8238dbbecb1	избиша	verb	избиша:76	76	76	76	76		lemma,possible-nominative-feminine-or-genitive-accusative	lexical-semantic-candidate,target-surface	target-lexeme-identity,target-morphological-cell	OCS dictionary morphology is candidate evidence, not a Synodal paradigm		76	76	0	76		partial	large	candidate-unreviewed	surface grouping is diagnostic only; target identity and complete morphology require review
335	synodal:family-candidate:f1a8f5e034bc983628617606	candidate-family:synodal:family-candidate:f1a8f5e034bc983628617606	synodal:family-candidate:f1a8f5e034bc983628617606	очесъ	noun	ѻчесъ:76	76	76	76	76		accusative+genitive+lemma+nominative+plural+singular	lexical-semantic-candidate,target-surface	target-lexeme-identity,target-morphological-cell	OCS dictionary morphology is candidate evidence, not a Synodal paradigm		76	76	0	76		partial	large	candidate-unreviewed	surface grouping is diagnostic only; target identity and complete morphology require review
336	synodal:family-candidate:a067673f88e347dc8bd38e99	candidate-family:synodal:family-candidate:a067673f88e347dc8bd38e99	synodal:family-candidate:a067673f88e347dc8bd38e99	цари-	unknown	царїе:227	227	227	227	221		possible-vocative-or-finite-verb	target-surface	target-lexeme-identity,target-morphological-cell			227	227	0	227		weak	large	deferred	Deferred after v0.6 top-200 review: inspected diagnostic surfaces ца́рїе. Target frequency and grouping do not establish target-lexeme-identity, target-morphological-cell; no runtime fact is enabled.
337	synodal:family-candidate:f78b9424421788bbea73a5cf	candidate-family:synodal:family-candidate:f78b9424421788bbea73a5cf	synodal:family-candidate:f78b9424421788bbea73a5cf	иереми-	unknown	іереміа:121,іереміи:106	227	227	227	225		possible-nominative-feminine-or-genitive-accusative,possible-nominative-plural	target-surface	target-lexeme-identity,target-morphological-cell			227	227	0	227		weak	large	deferred	Deferred after v0.6 top-200 review: inspected diagnostic surfaces і҆еремі́а, і҆еремі́и. Target frequency and grouping do not establish target-lexeme-identity, target-morphological-cell; no runtime fact is enabled.
338	synodal:family-candidate:a86edebeea4e219834f80dad	candidate-family:synodal:family-candidate:a86edebeea4e219834f80dad	synodal:family-candidate:a86edebeea4e219834f80dad	єле-	unknown	єлеа:122,єлеемъ:104	226	226	226	214		possible-nominative-feminine-or-genitive-accusative,untyped	target-surface	target-lexeme-identity,target-morphological-cell			226	226	0	226		weak	large	deferred	Deferred after v0.6 top-200 review: inspected diagnostic surfaces є҆ле́а, є҆ле́емъ. Target frequency and grouping do not establish target-lexeme-identity, target-morphological-cell; no runtime fact is enabled.
339	synodal:family-candidate:11254a7516055c113d485764	candidate-family:synodal:family-candidate:11254a7516055c113d485764	synodal:family-candidate:11254a7516055c113d485764	сохран-	unknown	сохрани:88,сохранѧтъ:48,сохраниши:46,сохранитъ:43	225	225	225	217		possible-finite-verb,possible-nominative-plural	target-surface	target-lexeme-identity,target-morphological-cell			225	225	0	225		weak	large	deferred	Deferred after v0.6 top-200 review: inspected diagnostic surfaces сохранѝ, сохранѧ́тъ, сохрани́ши, сохрани́тъ. Target frequency and grouping do not establish target-lexeme-identity, target-morphological-cell; no runtime fact is enabled.
340	synodal:family-candidate:6d518d1649452cfe1d52f35e	candidate-family:synodal:family-candidate:6d518d1649452cfe1d52f35e	synodal:family-candidate:6d518d1649452cfe1d52f35e	вопрос-	unknown	вопроси:129,вопросиша:53,вопросити:42	224	224	224	215		possible-nominative-feminine-or-genitive-accusative,possible-nominative-plural	target-surface	target-lexeme-identity,target-morphological-cell			224	224	0	224		weak	large	deferred	Deferred after v0.6 top-200 review: inspected diagnostic surfaces вопросѝ, Вопроси́ша, вопроси́ти. Target frequency and grouping do not establish target-lexeme-identity, target-morphological-cell; no runtime fact is enabled.
341	synodal:family-candidate:e147831bf0d7950f6e4dc87a	candidate-family:synodal:family-candidate:e147831bf0d7950f6e4dc87a	synodal:family-candidate:e147831bf0d7950f6e4dc87a	сꙋщымъ	unknown	сꙋщымъ:224	224	224	224	216		untyped	target-surface	target-lexeme-identity,target-morphological-cell			224	224	0	224		weak	large	deferred	Deferred after v0.6 top-200 review: inspected diagnostic surfaces сꙋ́щымъ. Target frequency and grouping do not establish target-lexeme-identity, target-morphological-cell; no runtime fact is enabled.
342	synodal:family-candidate:f1b41e75b926724e3e96ca7f	candidate-family:synodal:family-candidate:f1b41e75b926724e3e96ca7f	synodal:family-candidate:f1b41e75b926724e3e96ca7f	древ-	unknown	древа:176,древомъ:46	222	222	222	216		possible-dative-plural-or-instrumental-singular,possible-nominative-feminine-or-genitive-accusative	target-surface	target-lexeme-identity,target-morphological-cell			222	222	0	222		weak	large	deferred	Deferred after v0.6 top-200 review: inspected diagnostic surfaces дре́ва, дре́вомъ. Target frequency and grouping do not establish target-lexeme-identity, target-morphological-cell; no runtime fact is enabled.
343	synodal:family-candidate:43b2eba3e88f0ca19fb434f1	candidate-family:synodal:family-candidate:43b2eba3e88f0ca19fb434f1	synodal:family-candidate:43b2eba3e88f0ca19fb434f1	древо	unknown	древо:221	221	221	221	193		untyped	target-surface	target-lexeme-identity,target-morphological-cell			221	221	0	221		weak	large	deferred	Deferred after v0.6 top-200 review: inspected diagnostic surfaces дре́во. Target frequency and grouping do not establish target-lexeme-identity, target-morphological-cell; no runtime fact is enabled.
344	synodal:family-candidate:6bbb6d06904d25bde84248f3	candidate-family:synodal:family-candidate:6bbb6d06904d25bde84248f3	synodal:family-candidate:6bbb6d06904d25bde84248f3	рѣк-	unknown	рѣки:221	221	221	221	205		possible-nominative-plural	target-surface	target-lexeme-identity,target-morphological-cell			221	221	0	221		weak	large	deferred	Deferred after v0.6 top-200 review: inspected diagnostic surfaces рѣ́ки. Target frequency and grouping do not establish target-lexeme-identity, target-morphological-cell; no runtime fact is enabled.
345	synodal:family-candidate:89aa76e9a44acc892029a869	candidate-family:synodal:family-candidate:89aa76e9a44acc892029a869	synodal:family-candidate:89aa76e9a44acc892029a869	предѣлъ	unknown	предѣлъ:221	221	221	221	195		untyped	target-surface	target-lexeme-identity,target-morphological-cell			221	221	0	221		weak	large	deferred	Deferred after v0.6 top-200 review: inspected diagnostic surfaces предѣ̑лъ. Target frequency and grouping do not establish target-lexeme-identity, target-morphological-cell; no runtime fact is enabled.
346	synodal:family-candidate:08fd7693a716ebf31393f454	candidate-family:synodal:family-candidate:08fd7693a716ebf31393f454	synodal:family-candidate:08fd7693a716ebf31393f454	извед-	unknown	изведе:178,изведоша:42	220	220	220	220		possible-nominative-feminine-or-genitive-accusative,possible-vocative-or-finite-verb,ud:VERB:Aspect=Perf+Mood=Ind+Number=Sing+Person=3+Tense=Past+VerbForm=Fin+Voice=Act	target-surface,typed-cell-candidate	target-lexeme-identity,target-morphological-cell	an OCS treebank cell requires an independent exact Synodal surface witness		220	220	0	220		weak	large	deferred	Deferred after v0.6 top-200 review: inspected diagnostic surfaces и҆зведѐ, и҆зведо́ша. Target frequency and grouping do not establish target-lexeme-identity, target-morphological-cell; no runtime fact is enabled.
347	synodal:family-candidate:adb7a7dca63596de56b4b2ef	candidate-family:synodal:family-candidate:adb7a7dca63596de56b4b2ef	synodal:family-candidate:adb7a7dca63596de56b4b2ef	двєр-	unknown	двєри:218	218	218	218	208		possible-nominative-plural	target-surface	target-lexeme-identity,target-morphological-cell			218	218	0	218		weak	large	deferred	Deferred after v0.6 top-200 review: inspected diagnostic surfaces двє́ри. Target frequency and grouping do not establish target-lexeme-identity, target-morphological-cell; no runtime fact is enabled.
348	synodal:family-candidate:60bf5ad467aa78c33610d774	candidate-family:synodal:family-candidate:60bf5ad467aa78c33610d774	synodal:family-candidate:60bf5ad467aa78c33610d774	иордан-	unknown	іѻрдана:215	215	215	215	211		possible-nominative-feminine-or-genitive-accusative	target-surface	target-lexeme-identity,target-morphological-cell			215	215	0	215		weak	large	deferred	Deferred after v0.6 top-200 review: inspected diagnostic surfaces і҆ѻрда́на. Target frequency and grouping do not establish target-lexeme-identity, target-morphological-cell; no runtime fact is enabled.
349	synodal:family-candidate:802a750f44ced51dce810e26	candidate-family:synodal:family-candidate:802a750f44ced51dce810e26	synodal:family-candidate:802a750f44ced51dce810e26	седмьдес-	unknown	седмьдесѧтъ:214	214	214	214	210		possible-finite-verb	target-surface	target-lexeme-identity,target-morphological-cell			214	214	0	214		weak	large	deferred	Deferred after v0.6 top-200 review: inspected diagnostic surfaces се́дмьдесѧтъ. Target frequency and grouping do not establish target-lexeme-identity, target-morphological-cell; no runtime fact is enabled.
350	synodal:family-candidate:940eb2fb8a6daaf17b21240d	candidate-family:synodal:family-candidate:940eb2fb8a6daaf17b21240d	synodal:family-candidate:940eb2fb8a6daaf17b21240d	самꙋилъ	unknown	самꙋилъ:214	214	214	214	196		untyped	target-surface	target-lexeme-identity,target-morphological-cell			214	214	0	214		weak	large	deferred	Deferred after v0.6 top-200 review: inspected diagnostic surfaces самꙋи́лъ. Target frequency and grouping do not establish target-lexeme-identity, target-morphological-cell; no runtime fact is enabled.
351	synodal:family-candidate:0369adb50e041c236eeb5cb2	candidate-family:synodal:family-candidate:0369adb50e041c236eeb5cb2	synodal:family-candidate:0369adb50e041c236eeb5cb2	ꙗвис-	unknown	ꙗвисѧ:213	213	213	213	205		possible-nominative-feminine-or-genitive-accusative	target-surface	target-lexeme-identity,target-morphological-cell			213	213	0	213		weak	large	deferred	Deferred after v0.6 top-200 review: inspected diagnostic surfaces ꙗ҆ви́сѧ. Target frequency and grouping do not establish target-lexeme-identity, target-morphological-cell; no runtime fact is enabled.
352	synodal:family-candidate:216fefaba3d4359a52afa148	candidate-family:synodal:family-candidate:216fefaba3d4359a52afa148	synodal:family-candidate:216fefaba3d4359a52afa148	жертв-	unknown	жертва:114,жертвы:99	213	213	213	211		possible-nominative-feminine-or-genitive-accusative,possible-nominative-plural	target-surface	target-lexeme-identity,target-morphological-cell			213	213	0	213		weak	large	deferred	Deferred after v0.6 top-200 review: inspected diagnostic surfaces же́ртва, же́ртвы. Target frequency and grouping do not establish target-lexeme-identity, target-morphological-cell; no runtime fact is enabled.
353	synodal:family-candidate:462166965af39ba5dacb2ca1	candidate-family:synodal:family-candidate:462166965af39ba5dacb2ca1	synodal:family-candidate:462166965af39ba5dacb2ca1	свѧщенниц-	unknown	свѧщенницы:213	213	213	213	209		possible-nominative-plural	target-surface	target-lexeme-identity,target-morphological-cell			213	213	0	213		weak	large	deferred	Deferred after v0.6 top-200 review: inspected diagnostic surfaces свѧще́нницы. Target frequency and grouping do not establish target-lexeme-identity, target-morphological-cell; no runtime fact is enabled.
354	synodal:family-candidate:7ba481411bb9a1ce184edea5	candidate-family:synodal:family-candidate:7ba481411bb9a1ce184edea5	synodal:family-candidate:7ba481411bb9a1ce184edea5	ополчишас-	unknown	ѡполчишасѧ:213	213	213	213	197		possible-nominative-feminine-or-genitive-accusative	target-surface	target-lexeme-identity,target-morphological-cell			213	213	0	213		weak	large	deferred	Deferred after v0.6 top-200 review: inspected diagnostic surfaces ѡ҆полчи́шасѧ. Target frequency and grouping do not establish target-lexeme-identity, target-morphological-cell; no runtime fact is enabled.
355	synodal:family-candidate:f4af2f6e19329caeaaccaad0	candidate-family:synodal:family-candidate:f4af2f6e19329caeaaccaad0	synodal:family-candidate:f4af2f6e19329caeaaccaad0	нѣцы-	unknown	нѣцыи:211	211	211	211	203		possible-nominative-plural	target-surface	target-lexeme-identity,target-morphological-cell			211	211	0	211		weak	large	deferred	Deferred after v0.6 top-200 review: inspected diagnostic surfaces нѣ́цыи. Target frequency and grouping do not establish target-lexeme-identity, target-morphological-cell; no runtime fact is enabled.
356	synodal:family-candidate:15245577607a1c19878eebd3	candidate-family:synodal:family-candidate:15245577607a1c19878eebd3	synodal:family-candidate:15245577607a1c19878eebd3	єгѵп-	unknown	єгѵпетъ:210	210	210	210	208		possible-finite-verb	target-surface	target-lexeme-identity,target-morphological-cell			210	210	0	210		weak	large	deferred	Deferred after v0.6 top-200 review: inspected diagnostic surfaces є҆гѵ́петъ. Target frequency and grouping do not establish target-lexeme-identity, target-morphological-cell; no runtime fact is enabled.
357	synodal:family-candidate:bfb6eb35b6d16ff077d1888b	candidate-family:synodal:family-candidate:bfb6eb35b6d16ff077d1888b	synodal:family-candidate:bfb6eb35b6d16ff077d1888b	воставъ	unknown	воставъ:210	210	210	210	205		untyped	target-surface	target-lexeme-identity,target-morphological-cell			210	210	0	210		weak	large	deferred	Deferred after v0.6 top-200 review: inspected diagnostic surfaces воста́въ. Target frequency and grouping do not establish target-lexeme-identity, target-morphological-cell; no runtime fact is enabled.
358	synodal:family-candidate:c7a75439f885ec11e208a657	candidate-family:synodal:family-candidate:c7a75439f885ec11e208a657	synodal:family-candidate:c7a75439f885ec11e208a657	сред-	unknown	среды:210	210	210	210	204		possible-nominative-plural	target-surface	target-lexeme-identity,target-morphological-cell			210	210	0	210		weak	large	deferred	Deferred after v0.6 top-200 review: inspected diagnostic surfaces среды̀. Target frequency and grouping do not establish target-lexeme-identity, target-morphological-cell; no runtime fact is enabled.
359	synodal:family-candidate:409e614ca658d0a76ee9c3f8	candidate-family:synodal:family-candidate:409e614ca658d0a76ee9c3f8	synodal:family-candidate:409e614ca658d0a76ee9c3f8	всегд-	unknown	всегда:209	209	209	209	197		possible-nominative-feminine-or-genitive-accusative	target-surface	target-lexeme-identity,target-morphological-cell			209	209	0	209		weak	large	deferred	Deferred after v0.6 top-200 review: inspected diagnostic surfaces всегда̀. Target frequency and grouping do not establish target-lexeme-identity, target-morphological-cell; no runtime fact is enabled.
360	synodal:family-candidate:7e056eb8c1778ce84d7553f2	candidate-family:synodal:family-candidate:7e056eb8c1778ce84d7553f2	synodal:family-candidate:7e056eb8c1778ce84d7553f2	стѣн-	unknown	стѣны:208	208	208	208	194		possible-nominative-plural	target-surface	target-lexeme-identity,target-morphological-cell			208	208	0	208		weak	large	deferred	Deferred after v0.6 top-200 review: inspected diagnostic surfaces стѣ́ны. Target frequency and grouping do not establish target-lexeme-identity, target-morphological-cell; no runtime fact is enabled.
361	synodal:family-candidate:f9150909972411bffbe10440	candidate-family:synodal:family-candidate:f9150909972411bffbe10440	synodal:family-candidate:f9150909972411bffbe10440	предад-	unknown	предаде:207	207	207	207	203		possible-vocative-or-finite-verb	target-surface	target-lexeme-identity,target-morphological-cell			207	207	0	207		weak	large	deferred	Deferred after v0.6 top-200 review: inspected diagnostic surfaces предадѐ. Target frequency and grouping do not establish target-lexeme-identity, target-morphological-cell; no runtime fact is enabled.
362	synodal:family-candidate:5f1d558cfc87ee60cc22739f	candidate-family:synodal:family-candidate:5f1d558cfc87ee60cc22739f	synodal:family-candidate:5f1d558cfc87ee60cc22739f	всесожжєни-	unknown	всесожжєнїѧ:206	206	206	206	196		possible-nominative-feminine-or-genitive-accusative	target-surface	target-lexeme-identity,target-morphological-cell			206	206	0	206		weak	large	deferred	Deferred after v0.6 top-200 review: inspected diagnostic surfaces всесожжє́нїѧ. Target frequency and grouping do not establish target-lexeme-identity, target-morphological-cell; no runtime fact is enabled.
363	synodal:family-candidate:a2bd392bb0ba4f60c2134ef7	candidate-family:synodal:family-candidate:a2bd392bb0ba4f60c2134ef7	synodal:family-candidate:a2bd392bb0ba4f60c2134ef7	камени-	unknown	каменїемъ:154,каменїѧ:52	206	206	206	202		possible-nominative-feminine-or-genitive-accusative,untyped	target-surface	target-lexeme-identity,target-morphological-cell			206	206	0	206		weak	large	deferred	Deferred after v0.6 top-200 review: inspected diagnostic surfaces ка́менїемъ, ка́менїѧ. Target frequency and grouping do not establish target-lexeme-identity, target-morphological-cell; no runtime fact is enabled.
364	synodal:family-candidate:207fcc5dd64ef1f7e685a56e	candidate-family:synodal:family-candidate:207fcc5dd64ef1f7e685a56e	synodal:family-candidate:207fcc5dd64ef1f7e685a56e	оправдани-	unknown	ѡправданїѧ:164,ѡправданїе:40	204	204	204	198		possible-nominative-feminine-or-genitive-accusative,possible-vocative-or-finite-verb	target-surface	target-lexeme-identity,target-morphological-cell			204	204	0	204		weak	large	deferred	Deferred after v0.6 top-200 review: inspected diagnostic surfaces ѡ҆правда̑нїѧ, ѡ҆правда́нїе. Target frequency and grouping do not establish target-lexeme-identity, target-morphological-cell; no runtime fact is enabled.
365	synodal:family-candidate:44017a4b80dcd81b10262a27	candidate-family:synodal:family-candidate:44017a4b80dcd81b10262a27	synodal:family-candidate:44017a4b80dcd81b10262a27	глаголахꙋ	unknown	глаголахꙋ:204	204	204	204	185		untyped	target-surface	target-lexeme-identity,target-morphological-cell			204	204	0	204		weak	large	deferred	Deferred after v0.6 top-200 review: inspected diagnostic surfaces глаго́лахꙋ. Target frequency and grouping do not establish target-lexeme-identity, target-morphological-cell; no runtime fact is enabled.
366	synodal:family-candidate:444cdb66036480cd474abc63	candidate-family:synodal:family-candidate:444cdb66036480cd474abc63	synodal:family-candidate:444cdb66036480cd474abc63	воз-	unknown	возми:203	203	203	203	192		possible-nominative-plural	target-surface	target-lexeme-identity,target-morphological-cell			203	203	0	203		weak	large	deferred	Deferred after v0.6 top-200 review: inspected diagnostic surfaces возмѝ. Target frequency and grouping do not establish target-lexeme-identity, target-morphological-cell; no runtime fact is enabled.
367	synodal:family-candidate:16e6c418d31a1f71fc1824cd	candidate-family:synodal:family-candidate:16e6c418d31a1f71fc1824cd	synodal:family-candidate:16e6c418d31a1f71fc1824cd	ѕла	unknown	ѕла:202	202	202	202	200		possible-nominative-feminine-or-genitive-accusative	target-surface	target-lexeme-identity,target-morphological-cell			202	202	0	202		weak	large	deferred	Deferred after v0.6 top-200 review: inspected diagnostic surfaces ѕла̑. Target frequency and grouping do not establish target-lexeme-identity, target-morphological-cell; no runtime fact is enabled.
368	synodal:family-candidate:120c6dfff80ae80affc57b4b	candidate-family:synodal:family-candidate:120c6dfff80ae80affc57b4b	synodal:family-candidate:120c6dfff80ae80affc57b4b	ѡб̾	unknown	ѡб̾:200	200	200	200	192		untyped	target-surface	target-lexeme-identity,target-morphological-cell			200	200	0	200		weak	large	candidate-unreviewed	surface grouping is diagnostic only; target identity and complete morphology require review
369	synodal:family-candidate:3fd62d5099871072e61c8b8f	candidate-family:synodal:family-candidate:3fd62d5099871072e61c8b8f	synodal:family-candidate:3fd62d5099871072e61c8b8f	лактей	unknown	лактей:200	200	200	200	119		untyped	target-surface	target-lexeme-identity,target-morphological-cell			200	200	0	200		weak	large	candidate-unreviewed	surface grouping is diagnostic only; target identity and complete morphology require review
370	synodal:family-candidate:b9b340678700a9093109a13c	candidate-family:synodal:family-candidate:b9b340678700a9093109a13c	synodal:family-candidate:b9b340678700a9093109a13c	петръ	unknown	петръ:200	200	200	200	197		ud:PROPN:Case=Nom+Gender=Masc+Number=Sing,untyped	target-surface,typed-cell-candidate	target-lexeme-identity,target-morphological-cell	an OCS treebank cell requires an independent exact Synodal surface witness		200	200	0	200		weak	large	deferred	Deferred after v0.6 top-200 review: inspected diagnostic surfaces пе́тръ. Target frequency and grouping do not establish target-lexeme-identity, target-morphological-cell; no runtime fact is enabled.
371	synodal:family-candidate:37b97d6d7f126377ffe44dde	candidate-family:synodal:family-candidate:37b97d6d7f126377ffe44dde	synodal:family-candidate:37b97d6d7f126377ffe44dde	потреб-	unknown	потребитъ:84,потребити:69,потреби:46	199	199	199	189		possible-finite-verb,possible-nominative-plural	target-surface	target-lexeme-identity,target-morphological-cell			199	199	0	199		weak	large	candidate-unreviewed	surface grouping is diagnostic only; target identity and complete morphology require review
372	synodal:family-candidate:206f38d7afc7587c2aca4524	candidate-family:synodal:family-candidate:206f38d7afc7587c2aca4524	synodal:family-candidate:206f38d7afc7587c2aca4524	ѻба	unknown	ѻба:198	198	198	198	190		possible-nominative-feminine-or-genitive-accusative,ud:NUM:Case=Acc+Gender=Masc+Number=Dual,ud:NUM:Case=Nom+Gender=Masc+Number=Dual	target-surface,typed-cell-candidate	target-lexeme-identity,target-morphological-cell	an OCS treebank cell requires an independent exact Synodal surface witness | more than one source-partition treebank lemma or cell matches the target surface		198	198	0	198		weak	large	candidate-unreviewed	surface grouping is diagnostic only; target identity and complete morphology require review
373	synodal:family-candidate:431d9c4ea52d4b3a0fb85da2	candidate-family:synodal:family-candidate:431d9c4ea52d4b3a0fb85da2	synodal:family-candidate:431d9c4ea52d4b3a0fb85da2	сквозѣ	unknown	сквозѣ:198	198	198	198	184		untyped	target-surface	target-lexeme-identity,target-morphological-cell			198	198	0	198		weak	large	candidate-unreviewed	surface grouping is diagnostic only; target identity and complete morphology require review
374	synodal:family-candidate:b57d8e1794dbbe702309b6ff	candidate-family:synodal:family-candidate:b57d8e1794dbbe702309b6ff	synodal:family-candidate:b57d8e1794dbbe702309b6ff	воньж-	unknown	воньже:198	198	198	198	186		possible-vocative-or-finite-verb	target-surface	target-lexeme-identity,target-morphological-cell			198	198	0	198		weak	large	candidate-unreviewed	surface grouping is diagnostic only; target identity and complete morphology require review
375	synodal:family-candidate:f3eacc9397a2a3df06d8155b	candidate-family:synodal:family-candidate:f3eacc9397a2a3df06d8155b	synodal:family-candidate:f3eacc9397a2a3df06d8155b	авра-	unknown	авраамъ:198	198	198	198	192		ud:PROPN:Case=Nom+Gender=Masc+Number=Sing,untyped	target-surface,typed-cell-candidate	target-lexeme-identity,target-morphological-cell	an OCS treebank cell requires an independent exact Synodal surface witness		198	198	0	198		weak	large	candidate-unreviewed	surface grouping is diagnostic only; target identity and complete morphology require review
376	synodal:family-candidate:c3e04cca25a9799ee13648b9	candidate-family:synodal:family-candidate:c3e04cca25a9799ee13648b9	synodal:family-candidate:c3e04cca25a9799ee13648b9	скот-	unknown	скоты:128,скотѡвъ:69	197	197	197	185		possible-genitive-or-locative-plural,possible-nominative-plural	target-surface	target-lexeme-identity,target-morphological-cell			197	197	0	197		weak	large	candidate-unreviewed	surface grouping is diagnostic only; target identity and complete morphology require review
377	synodal:family-candidate:1b6c463c960edc58c9679826	candidate-family:synodal:family-candidate:1b6c463c960edc58c9679826	synodal:family-candidate:1b6c463c960edc58c9679826	полк-	unknown	полка:196	196	196	196	188		possible-nominative-feminine-or-genitive-accusative	target-surface	target-lexeme-identity,target-morphological-cell			196	196	0	196		weak	large	candidate-unreviewed	surface grouping is diagnostic only; target identity and complete morphology require review
378	synodal:family-candidate:5a9dedd5478200e8e1aecd34	candidate-family:synodal:family-candidate:5a9dedd5478200e8e1aecd34	synodal:family-candidate:5a9dedd5478200e8e1aecd34	плод-	unknown	плоды:106,плодѡвъ:90	196	196	196	182		possible-genitive-or-locative-plural,possible-nominative-plural	target-surface	target-lexeme-identity,target-morphological-cell			196	196	0	196		weak	large	candidate-unreviewed	surface grouping is diagnostic only; target identity and complete morphology require review
379	synodal:family-candidate:9f1b14c7ed1cf0b2a29c0c85	candidate-family:synodal:family-candidate:9f1b14c7ed1cf0b2a29c0c85	synodal:family-candidate:9f1b14c7ed1cf0b2a29c0c85	востокъ	unknown	востокъ:114,востѡкъ:82	196	196	196	184		untyped	target-surface	target-lexeme-identity,target-morphological-cell			196	196	0	196		weak	large	candidate-unreviewed	surface grouping is diagnostic only; target identity and complete morphology require review
380	synodal:family-candidate:cf06bc66b8f6a57bd2356fb6	candidate-family:synodal:family-candidate:cf06bc66b8f6a57bd2356fb6	synodal:family-candidate:cf06bc66b8f6a57bd2356fb6	третїй	unknown	третїй:195	195	195	195	187		untyped	target-surface	target-lexeme-identity,target-morphological-cell			195	195	0	195		weak	large	candidate-unreviewed	surface grouping is diagnostic only; target identity and complete morphology require review
381	synodal:family-candidate:8e8c37f8d9063922fe661e18	candidate-family:synodal:family-candidate:8e8c37f8d9063922fe661e18	synodal:family-candidate:8e8c37f8d9063922fe661e18	собр-	unknown	собра:194	194	194	194	194		possible-nominative-feminine-or-genitive-accusative	target-surface	target-lexeme-identity,target-morphological-cell			194	194	0	194		weak	large	candidate-unreviewed	surface grouping is diagnostic only; target identity and complete morphology require review
382	synodal:family-candidate:0331498ca17d9dfe13e0c29f	candidate-family:synodal:family-candidate:0331498ca17d9dfe13e0c29f	synodal:family-candidate:0331498ca17d9dfe13e0c29f	жєртв-	unknown	жєртвы:193	193	193	193	187		possible-nominative-plural	target-surface	target-lexeme-identity,target-morphological-cell			193	193	0	193		weak	large	candidate-unreviewed	surface grouping is diagnostic only; target identity and complete morphology require review
383	synodal:family-candidate:7a8494887a3ee770f4c38536	candidate-family:synodal:family-candidate:7a8494887a3ee770f4c38536	synodal:family-candidate:7a8494887a3ee770f4c38536	суббот-	unknown	сꙋббѡты:153,сꙋббѡта:40	193	193	193	170		possible-nominative-feminine-or-genitive-accusative,possible-nominative-plural	target-surface	target-lexeme-identity,target-morphological-cell			193	193	0	193		weak	large	candidate-unreviewed	surface grouping is diagnostic only; target identity and complete morphology require review
384	synodal:family-candidate:f68ba5c6c99bf6251076ee26	candidate-family:synodal:family-candidate:f68ba5c6c99bf6251076ee26	synodal:family-candidate:f68ba5c6c99bf6251076ee26	предо	unknown	предо:193	193	193	193	189		untyped	target-surface	target-lexeme-identity,target-morphological-cell			193	193	0	193		weak	large	candidate-unreviewed	surface grouping is diagnostic only; target identity and complete morphology require review
385	synodal:family-candidate:12f663e92b52505ae44c42c0	candidate-family:synodal:family-candidate:12f663e92b52505ae44c42c0	synodal:family-candidate:12f663e92b52505ae44c42c0	глаголющ-	unknown	глаголющи:89,глаголющихъ:62,глаголюща:41	192	192	192	192		possible-genitive-or-locative-plural,possible-nominative-feminine-or-genitive-accusative,possible-nominative-plural	target-surface	target-lexeme-identity,target-morphological-cell			192	192	0	192		weak	large	deferred	Deferred after review: repeated corpus surfaces and diagnostic stem, prefix, or ending features do not by themselves establish a lemma, part of speech, morphological cell, principal parts, accent class, or productive rule.
386	synodal:family-candidate:334a76576fddf35a53388e67	candidate-family:synodal:family-candidate:334a76576fddf35a53388e67	synodal:family-candidate:334a76576fddf35a53388e67	жребїй	unknown	жребїй:192	192	192	192	178		untyped	target-surface	target-lexeme-identity,target-morphological-cell			192	192	0	192		weak	large	candidate-unreviewed	surface grouping is diagnostic only; target identity and complete morphology require review
387	synodal:family-candidate:a3d5ebced3a7a2fe2f5a3319	candidate-family:synodal:family-candidate:a3d5ebced3a7a2fe2f5a3319	synodal:family-candidate:a3d5ebced3a7a2fe2f5a3319	книзѣ	unknown	книзѣ:192	192	192	192	188		untyped	target-surface	target-lexeme-identity,target-morphological-cell			192	192	0	192		weak	large	candidate-unreviewed	surface grouping is diagnostic only; target identity and complete morphology require review
388	synodal:family-candidate:c9e8d79cd365ee247a2c4d47	candidate-family:synodal:family-candidate:c9e8d79cd365ee247a2c4d47	synodal:family-candidate:c9e8d79cd365ee247a2c4d47	іꙋдеє	unknown	іꙋдеє:192	192	192	192	192		untyped	target-surface	target-lexeme-identity,target-morphological-cell			192	192	0	192		weak	large	candidate-unreviewed	surface grouping is diagnostic only; target identity and complete morphology require review
389	synodal:family-candidate:f21b5ea0732f247476710e68	candidate-family:synodal:family-candidate:f21b5ea0732f247476710e68	synodal:family-candidate:f21b5ea0732f247476710e68	пира / пиръ	ambiguous	пиръ:64	64	64	64	58		accusative+genitive+lemma+nominative+plural+singular,genitive+plural,ud:NOUN:Case=Acc+Gender=Masc+Number=Sing	lexical-semantic-candidate,target-surface,typed-cell-candidate	source-partition-exact-cell-evidence; evaluation candidates cannot license runtime facts,target-lexeme-identity,target-morphological-cell	OCS dictionary morphology is candidate evidence, not a Synodal paradigm | an OCS treebank cell requires an independent exact Synodal surface witness | more than one lexical identity is compatible with at least one surface	candidate evidence preserves lexical or cell ambiguity	0	64	64	64		partial	large	candidate-unreviewed	surface grouping is diagnostic only; target identity and complete morphology require review
390	synodal:family-candidate:ac3b8512cb01472689ef46fb	candidate-family:synodal:family-candidate:ac3b8512cb01472689ef46fb	synodal:family-candidate:ac3b8512cb01472689ef46fb	всѧцѣмъ	unknown	всѧцѣмъ:191	191	191	191	179		untyped	target-surface	target-lexeme-identity,target-morphological-cell			191	191	0	191		weak	large	candidate-unreviewed	surface grouping is diagnostic only; target identity and complete morphology require review
391	synodal:family-candidate:1e6d78b522b7805574f74047	candidate-family:synodal:family-candidate:1e6d78b522b7805574f74047	synodal:family-candidate:1e6d78b522b7805574f74047	множеств-	unknown	множества:136,множествомъ:54	190	190	190	177		possible-dative-plural-or-instrumental-singular,possible-nominative-feminine-or-genitive-accusative	target-surface	target-lexeme-identity,target-morphological-cell			190	190	0	190		weak	large	candidate-unreviewed	surface grouping is diagnostic only; target identity and complete morphology require review
392	synodal:family-candidate:6fbe6b7a09ba6cc5efbb1621	candidate-family:synodal:family-candidate:6fbe6b7a09ba6cc5efbb1621	synodal:family-candidate:6fbe6b7a09ba6cc5efbb1621	аммон-	unknown	аммѡнихъ:112,аммѡни:78	190	190	190	178		possible-genitive-or-locative-plural,possible-nominative-plural	target-surface	target-lexeme-identity,target-morphological-cell			190	190	0	190		weak	large	candidate-unreviewed	surface grouping is diagnostic only; target identity and complete morphology require review
393	synodal:family-candidate:b9475ac0905e49e86240f565	candidate-family:synodal:family-candidate:b9475ac0905e49e86240f565	synodal:family-candidate:b9475ac0905e49e86240f565	мертвыхъ	unknown	мертвыхъ:190	190	190	190	180		untyped	target-surface	target-lexeme-identity,target-morphological-cell			190	190	0	190		weak	large	candidate-unreviewed	surface grouping is diagnostic only; target identity and complete morphology require review
394	synodal:family-candidate:e5d8f5dc44e5d9e2386491ee	candidate-family:synodal:family-candidate:e5d8f5dc44e5d9e2386491ee	synodal:family-candidate:e5d8f5dc44e5d9e2386491ee	смерти-	unknown	смертїю:190	190	190	190	188		untyped	target-surface	target-lexeme-identity,target-morphological-cell			190	190	0	190		weak	large	candidate-unreviewed	surface grouping is diagnostic only; target identity and complete morphology require review
395	synodal:family-candidate:61af2a9939b9e16e705b7ce0	candidate-family:synodal:family-candidate:61af2a9939b9e16e705b7ce0	synodal:family-candidate:61af2a9939b9e16e705b7ce0	іѡавъ	unknown	іѡавъ:189	189	189	189	165		ud:PROPN:Case=Nom+Gender=Masc+Number=Sing,untyped	target-surface,typed-cell-candidate	target-lexeme-identity,target-morphological-cell	an OCS treebank cell requires an independent exact Synodal surface witness		189	189	0	189		weak	large	candidate-unreviewed	surface grouping is diagnostic only; target identity and complete morphology require review
396	synodal:family-candidate:c348820ac40425e7a68ec8a5	candidate-family:synodal:family-candidate:c348820ac40425e7a68ec8a5	synodal:family-candidate:c348820ac40425e7a68ec8a5	вавѷлѡнъ	unknown	вавѷлѡнъ:189	189	189	189	183		untyped	target-surface	target-lexeme-identity,target-morphological-cell			189	189	0	189		weak	large	candidate-unreviewed	surface grouping is diagnostic only; target identity and complete morphology require review
397	synodal:family-candidate:18c9f4c58cd401d6663b9920	candidate-family:synodal:family-candidate:18c9f4c58cd401d6663b9920	synodal:family-candidate:18c9f4c58cd401d6663b9920	дщер-	unknown	дщере:115,дщери:73	188	188	188	167		possible-nominative-plural,possible-vocative-or-finite-verb	target-surface	target-lexeme-identity,target-morphological-cell			188	188	0	188		weak	large	candidate-unreviewed	surface grouping is diagnostic only; target identity and complete morphology require review
398	synodal:family-candidate:264c21068538cb5ac2dde7f6	candidate-family:synodal:family-candidate:264c21068538cb5ac2dde7f6	synodal:family-candidate:264c21068538cb5ac2dde7f6	самари-	unknown	самаріи:128,самарію:60	188	188	188	174		possible-nominative-plural,untyped	target-surface	target-lexeme-identity,target-morphological-cell			188	188	0	188		weak	large	candidate-unreviewed	surface grouping is diagnostic only; target identity and complete morphology require review
399	synodal:family-candidate:9453f47ad157cf6bad7f0301	candidate-family:synodal:family-candidate:9453f47ad157cf6bad7f0301	synodal:family-candidate:9453f47ad157cf6bad7f0301	погиб-	unknown	погибе:122,погибоша:66	188	188	188	184		possible-nominative-feminine-or-genitive-accusative,possible-vocative-or-finite-verb	target-surface	target-lexeme-identity,target-morphological-cell			188	188	0	188		weak	large	candidate-unreviewed	surface grouping is diagnostic only; target identity and complete morphology require review
400	synodal:family-candidate:d588cfc2294d0b50f52d32aa	candidate-family:synodal:family-candidate:d588cfc2294d0b50f52d32aa	synodal:family-candidate:d588cfc2294d0b50f52d32aa	єгѵпетстѣй	unknown	єгѵпетстѣй:188	188	188	188	184		untyped	target-surface	target-lexeme-identity,target-morphological-cell			188	188	0	188		weak	large	candidate-unreviewed	surface grouping is diagnostic only; target identity and complete morphology require review
401	synodal:family-candidate:e8ecdea0ea11375bc700e5e4	candidate-family:synodal:family-candidate:e8ecdea0ea11375bc700e5e4	synodal:family-candidate:e8ecdea0ea11375bc700e5e4	вознес-	unknown	вознесе:122,вознесетъ:64	186	186	186	184		possible-finite-verb,possible-vocative-or-finite-verb	target-surface	target-lexeme-identity,target-morphological-cell			186	186	0	186		weak	large	candidate-unreviewed	surface grouping is diagnostic only; target identity and complete morphology require review
402	synodal:family-candidate:250e1cf5936124223e01a65b	candidate-family:synodal:family-candidate:250e1cf5936124223e01a65b	synodal:family-candidate:250e1cf5936124223e01a65b	єдинꙋ	unknown	єдинꙋ:185	185	185	185	173		untyped	target-surface	target-lexeme-identity,target-morphological-cell			185	185	0	185		weak	large	candidate-unreviewed	surface grouping is diagnostic only; target identity and complete morphology require review
403	synodal:family-candidate:718ad14d8309e4a117446acb	candidate-family:synodal:family-candidate:718ad14d8309e4a117446acb	synodal:family-candidate:718ad14d8309e4a117446acb	всѧкомꙋ	unknown	всѧкомꙋ:185	185	185	185	174		untyped	target-surface	target-lexeme-identity,target-morphological-cell			185	185	0	185		weak	large	candidate-unreviewed	surface grouping is diagnostic only; target identity and complete morphology require review
404	synodal:family-candidate:9cac0d0b554c02699f51b10a	candidate-family:synodal:family-candidate:9cac0d0b554c02699f51b10a	synodal:family-candidate:9cac0d0b554c02699f51b10a	лакѡтъ	unknown	лакѡтъ:185	185	185	185	116		possible-finite-verb	target-surface	target-lexeme-identity,target-morphological-cell			185	185	0	185		weak	large	candidate-unreviewed	surface grouping is diagnostic only; target identity and complete morphology require review
405	synodal:family-candidate:73592dce97c6c4f791c161e8	candidate-family:synodal:family-candidate:73592dce97c6c4f791c161e8	synodal:family-candidate:73592dce97c6c4f791c161e8	великимъ	unknown	великимъ:184	184	184	184	184		untyped	target-surface	target-lexeme-identity,target-morphological-cell			184	184	0	184		weak	large	candidate-unreviewed	surface grouping is diagnostic only; target identity and complete morphology require review
406	synodal:family-candidate:e643a42725e69e90469a1bb3	candidate-family:synodal:family-candidate:e643a42725e69e90469a1bb3	synodal:family-candidate:e643a42725e69e90469a1bb3	ѧзык-	unknown	ѧзыкомъ:92,ѧзыка:48,ѧзыки:44	184	184	184	178		possible-dative-plural-or-instrumental-singular,possible-nominative-feminine-or-genitive-accusative,possible-nominative-plural	target-surface	target-lexeme-identity,target-morphological-cell			184	184	0	184		weak	large	candidate-unreviewed	surface grouping is diagnostic only; target identity and complete morphology require review
407	synodal:family-candidate:f5adc6531fa5bb8139449762	candidate-family:synodal:family-candidate:f5adc6531fa5bb8139449762	synodal:family-candidate:f5adc6531fa5bb8139449762	нечестивыхъ	unknown	нечестивыхъ:184	184	184	184	182		untyped	target-surface	target-lexeme-identity,target-morphological-cell			184	184	0	184		weak	large	candidate-unreviewed	surface grouping is diagnostic only; target identity and complete morphology require review
408	synodal:family-candidate:563c7b84b02167aed687ca50	candidate-family:synodal:family-candidate:563c7b84b02167aed687ca50	synodal:family-candidate:563c7b84b02167aed687ca50	осьлъ	noun	ѻслѧ:62	62	62	62	58		alternative,possible-nominative-feminine-or-genitive-accusative	lexical-semantic-candidate,target-surface	source-partition-exact-cell-evidence; evaluation candidates cannot license runtime facts,target-lexeme-identity,target-morphological-cell	OCS dictionary morphology is candidate evidence, not a Synodal paradigm		62	62	0	62		partial	large	candidate-unreviewed	surface grouping is diagnostic only; target identity and complete morphology require review
409	synodal:family-candidate:b185c489750374359ebf7b77	candidate-family:synodal:family-candidate:b185c489750374359ebf7b77	synodal:family-candidate:b185c489750374359ebf7b77	избьрати	verb	изберетъ:62	62	62	62	62		error-unrecognized-form+present+singular,possible-finite-verb	lexical-semantic-candidate,target-surface	target-lexeme-identity,target-morphological-cell	OCS dictionary morphology is candidate evidence, not a Synodal paradigm		62	62	0	62		partial	large	candidate-unreviewed	surface grouping is diagnostic only; target identity and complete morphology require review
410	synodal:family-candidate:2056aef85cedeecc6666bb36	candidate-family:synodal:family-candidate:2056aef85cedeecc6666bb36	synodal:family-candidate:2056aef85cedeecc6666bb36	разум-	unknown	разꙋмѣти:129,разꙋмѣхъ:54	183	183	183	181		possible-genitive-or-locative-plural,possible-nominative-plural	target-surface	target-lexeme-identity,target-morphological-cell			183	183	0	183		weak	large	candidate-unreviewed	surface grouping is diagnostic only; target identity and complete morphology require review
411	synodal:family-candidate:d635074ab5cd1c1b94a117c9	candidate-family:synodal:family-candidate:d635074ab5cd1c1b94a117c9	synodal:family-candidate:d635074ab5cd1c1b94a117c9	жити-	unknown	житїе:102,житїѧ:81	183	183	183	176		possible-nominative-feminine-or-genitive-accusative,possible-vocative-or-finite-verb,ud:NOUN:Case=Acc+Gender=Neut+Number=Sing	target-surface,typed-cell-candidate	target-lexeme-identity,target-morphological-cell	an OCS treebank cell requires an independent exact Synodal surface witness		183	183	0	183		weak	large	candidate-unreviewed	surface grouping is diagnostic only; target identity and complete morphology require review
412	synodal:family-candidate:ba49fb0644a14e1f3f8ded57	candidate-family:synodal:family-candidate:ba49fb0644a14e1f3f8ded57	synodal:family-candidate:ba49fb0644a14e1f3f8ded57	возвѣс-	unknown	возвѣсти:182	182	182	182	174		possible-nominative-plural	target-surface	target-lexeme-identity,target-morphological-cell			182	182	0	182		weak	large	candidate-unreviewed	surface grouping is diagnostic only; target identity and complete morphology require review
413	synodal:family-candidate:741ef5204f54e2304582a287	candidate-family:synodal:family-candidate:741ef5204f54e2304582a287	synodal:family-candidate:741ef5204f54e2304582a287	иноплемєнниц-	unknown	иноплемєнницы:181	181	181	181	167		possible-nominative-plural	target-surface	target-lexeme-identity,target-morphological-cell			181	181	0	181		weak	large	candidate-unreviewed	surface grouping is diagnostic only; target identity and complete morphology require review
414	synodal:family-candidate:ad970715f78532d233c81f19	candidate-family:synodal:family-candidate:ad970715f78532d233c81f19	synodal:family-candidate:ad970715f78532d233c81f19	слышахъ	unknown	слышахъ:180	180	180	180	172		untyped	target-surface	target-lexeme-identity,target-morphological-cell			180	180	0	180		weak	large	candidate-unreviewed	surface grouping is diagnostic only; target identity and complete morphology require review
415	synodal:family-candidate:f80854f4c53cfcd15f47e402	candidate-family:synodal:family-candidate:f80854f4c53cfcd15f47e402	synodal:family-candidate:f80854f4c53cfcd15f47e402	отроц-	unknown	ѻтроцы:180	180	180	180	178		possible-nominative-plural	target-surface	target-lexeme-identity,target-morphological-cell			180	180	0	180		weak	large	candidate-unreviewed	surface grouping is diagnostic only; target identity and complete morphology require review
416	synodal:family-candidate:3ddb1d09136aa2aa50c31951	candidate-family:synodal:family-candidate:3ddb1d09136aa2aa50c31951	synodal:family-candidate:3ddb1d09136aa2aa50c31951	ровъ / роути	ambiguous	ровъ:61	61	61	61	57		accusative+genitive+lemma+nominative+plural+singular,masculine+neuter+nominative+short-form+singular,possible-genitive-or-locative-plural,ud:NOUN:Case=Acc+Gender=Masc+Number=Sing	lexical-semantic-candidate,target-surface,typed-cell-candidate	source-partition-exact-cell-evidence; evaluation candidates cannot license runtime facts,target-lexeme-identity,target-morphological-cell	OCS dictionary morphology is candidate evidence, not a Synodal paradigm | an OCS treebank cell requires an independent exact Synodal surface witness | more than one lexical identity is compatible with at least one surface	candidate evidence preserves lexical or cell ambiguity	0	61	61	61		partial	large	candidate-unreviewed	surface grouping is diagnostic only; target identity and complete morphology require review
417	synodal:family-candidate:07f889f0e142d90d451cee40	candidate-family:synodal:family-candidate:07f889f0e142d90d451cee40	synodal:family-candidate:07f889f0e142d90d451cee40	ѩти / ꙗти	ambiguous	ꙗти:60	60	60	60	60		alternative,lemma,possible-nominative-plural	lexical-semantic-candidate,target-surface	target-lexeme-identity,target-morphological-cell	OCS dictionary morphology is candidate evidence, not a Synodal paradigm | more than one lexical identity is compatible with at least one surface	candidate evidence preserves lexical or cell ambiguity	0	60	60	60		partial	large	candidate-unreviewed	surface grouping is diagnostic only; target identity and complete morphology require review
418	synodal:family-candidate:aa03cb718c4a8e6f163f855d	candidate-family:synodal:family-candidate:aa03cb718c4a8e6f163f855d	synodal:family-candidate:aa03cb718c4a8e6f163f855d	отрочищь	noun	ѻтрочищь:60	60	60	60	60		accusative+lemma+nominative+singular	lexical-semantic-candidate,target-surface	source-partition-exact-cell-evidence; evaluation candidates cannot license runtime facts,target-lexeme-identity,target-morphological-cell	OCS dictionary morphology is candidate evidence, not a Synodal paradigm		60	60	0	60		partial	large	candidate-unreviewed	surface grouping is diagnostic only; target identity and complete morphology require review
419	synodal:family-candidate:40691ca2110022c1a93b65e9	candidate-family:synodal:family-candidate:40691ca2110022c1a93b65e9	synodal:family-candidate:40691ca2110022c1a93b65e9	ѹзр-	unknown	ѹзрѧтъ:65,ѹзритъ:64,ѹзриши:50	179	179	179	174		possible-finite-verb,possible-nominative-plural	target-surface	target-lexeme-identity,target-morphological-cell			179	179	0	179		weak	large	candidate-unreviewed	surface grouping is diagnostic only; target identity and complete morphology require review
420	synodal:family-candidate:33132bf66db57bc53ada0d99	candidate-family:synodal:family-candidate:33132bf66db57bc53ada0d99	synodal:family-candidate:33132bf66db57bc53ada0d99	узр-	unknown	ᲂузритъ:64,ᲂузрѧтъ:60,ᲂузриши:54	178	178	178	172		possible-finite-verb,possible-nominative-plural	target-surface	target-lexeme-identity,target-morphological-cell			178	178	0	178		weak	large	candidate-unreviewed	surface grouping is diagnostic only; target identity and complete morphology require review
421	synodal:family-candidate:8e291f5b92888b49345eb6dd	candidate-family:synodal:family-candidate:8e291f5b92888b49345eb6dd	synodal:family-candidate:8e291f5b92888b49345eb6dd	ᲂустъ	unknown	ᲂустъ:177	177	177	177	166		possible-finite-verb	target-surface	target-lexeme-identity,target-morphological-cell			177	177	0	177		weak	large	candidate-unreviewed	surface grouping is diagnostic only; target identity and complete morphology require review
422	synodal:family-candidate:4b7e04b8d0456ab5bf7c4c36	candidate-family:synodal:family-candidate:4b7e04b8d0456ab5bf7c4c36	synodal:family-candidate:4b7e04b8d0456ab5bf7c4c36	нач-	unknown	нача:176	176	176	176	174		possible-nominative-feminine-or-genitive-accusative	target-surface	target-lexeme-identity,target-morphological-cell			176	176	0	176		weak	large	candidate-unreviewed	surface grouping is diagnostic only; target identity and complete morphology require review
423	synodal:family-candidate:242b942cfee5fea648791200	candidate-family:synodal:family-candidate:242b942cfee5fea648791200	synodal:family-candidate:242b942cfee5fea648791200	наказани-	unknown	наказанїе:115,наказанїѧ:60	175	175	175	172		possible-nominative-feminine-or-genitive-accusative,possible-vocative-or-finite-verb	target-surface	target-lexeme-identity,target-morphological-cell			175	175	0	175		weak	large	candidate-unreviewed	surface grouping is diagnostic only; target identity and complete morphology require review
424	synodal:family-candidate:e8814d38c174aaf85edf6ffe	candidate-family:synodal:family-candidate:e8814d38c174aaf85edf6ffe	synodal:family-candidate:e8814d38c174aaf85edf6ffe	писани-	unknown	писанїе:105,писанїѧ:70	175	175	175	170		possible-nominative-feminine-or-genitive-accusative,possible-vocative-or-finite-verb,ud:NOUN:Case=Nom+Gender=Neut+Number=Sing	target-surface,typed-cell-candidate	target-lexeme-identity,target-morphological-cell	an OCS treebank cell requires an independent exact Synodal surface witness		175	175	0	175		weak	large	candidate-unreviewed	surface grouping is diagnostic only; target identity and complete morphology require review
425	synodal:family-candidate:45f63c98e628bc8f355d143b	candidate-family:synodal:family-candidate:45f63c98e628bc8f355d143b	synodal:family-candidate:45f63c98e628bc8f355d143b	блага-	unknown	благаѧ:174	174	174	174	168		possible-nominative-feminine-or-genitive-accusative	target-surface	target-lexeme-identity,target-morphological-cell			174	174	0	174		weak	large	candidate-unreviewed	surface grouping is diagnostic only; target identity and complete morphology require review
426	synodal:family-candidate:17d69e230850fa2843412b0d	candidate-family:synodal:family-candidate:17d69e230850fa2843412b0d	synodal:family-candidate:17d69e230850fa2843412b0d	возлюб-	unknown	возлюби:113,возлюбихъ:60	173	173	173	169		possible-genitive-or-locative-plural,possible-nominative-plural	target-surface	target-lexeme-identity,target-morphological-cell			173	173	0	173		weak	large	candidate-unreviewed	surface grouping is diagnostic only; target identity and complete morphology require review
427	synodal:family-candidate:5faa8e36094e0e5c36800a89	candidate-family:synodal:family-candidate:5faa8e36094e0e5c36800a89	synodal:family-candidate:5faa8e36094e0e5c36800a89	ѻвецъ	unknown	ѻвецъ:173	173	173	173	163		ud:NOUN:Case=Gen+Gender=Fem+Number=Plur,untyped	target-surface,typed-cell-candidate	target-lexeme-identity,target-morphological-cell	an OCS treebank cell requires an independent exact Synodal surface witness		173	173	0	173		weak	large	candidate-unreviewed	surface grouping is diagnostic only; target identity and complete morphology require review
428	synodal:family-candidate:eca2c2795c83a3badcc51761	candidate-family:synodal:family-candidate:eca2c2795c83a3badcc51761	synodal:family-candidate:eca2c2795c83a3badcc51761	єлиц-	unknown	єлицы:173	173	173	173	165		possible-nominative-plural	target-surface	target-lexeme-identity,target-morphological-cell			173	173	0	173		weak	large	candidate-unreviewed	surface grouping is diagnostic only; target identity and complete morphology require review
429	synodal:family-candidate:55f02a730288715a1a5f5781	candidate-family:synodal:family-candidate:55f02a730288715a1a5f5781	synodal:family-candidate:55f02a730288715a1a5f5781	двадесѧ-	unknown	двадесѧти:172	172	172	172	166		possible-nominative-plural	target-surface	target-lexeme-identity,target-morphological-cell			172	172	0	172		weak	large	candidate-unreviewed	surface grouping is diagnostic only; target identity and complete morphology require review
430	synodal:family-candidate:5b08845ec9bd8e5016204293	candidate-family:synodal:family-candidate:5b08845ec9bd8e5016204293	synodal:family-candidate:5b08845ec9bd8e5016204293	слышит-	unknown	слышите:172	172	172	172	165		possible-vocative-or-finite-verb,ud:VERB:Mood=Imp+Number=Plur+Person=2+Tense=Pres+VerbForm=Fin+Voice=Act	target-surface,typed-cell-candidate	target-lexeme-identity,target-morphological-cell	an OCS treebank cell requires an independent exact Synodal surface witness		172	172	0	172		weak	large	candidate-unreviewed	surface grouping is diagnostic only; target identity and complete morphology require review
431	synodal:family-candidate:c4dc34bb771b94d35e3a9b18	candidate-family:synodal:family-candidate:c4dc34bb771b94d35e3a9b18	synodal:family-candidate:c4dc34bb771b94d35e3a9b18	далеч-	unknown	далече:171	171	171	171	169		possible-vocative-or-finite-verb,ud:ADV:Degree=Pos	target-surface,typed-cell-candidate	target-lexeme-identity,target-morphological-cell	an OCS treebank cell requires an independent exact Synodal surface witness		171	171	0	171		weak	large	candidate-unreviewed	surface grouping is diagnostic only; target identity and complete morphology require review
432	synodal:family-candidate:30e9487febc3e0849fa4cf74	candidate-family:synodal:family-candidate:30e9487febc3e0849fa4cf74	synodal:family-candidate:30e9487febc3e0849fa4cf74	премудрос-	unknown	премꙋдрости:170	170	170	170	169		possible-nominative-plural	target-surface	target-lexeme-identity,target-morphological-cell			170	170	0	170		weak	large	candidate-unreviewed	surface grouping is diagnostic only; target identity and complete morphology require review
433	synodal:family-candidate:48a3bfea1bd1119646b7bd1f	candidate-family:synodal:family-candidate:48a3bfea1bd1119646b7bd1f	synodal:family-candidate:48a3bfea1bd1119646b7bd1f	господинꙋ	unknown	господинꙋ:170	170	170	170	162		untyped	target-surface	target-lexeme-identity,target-morphological-cell			170	170	0	170		weak	large	candidate-unreviewed	surface grouping is diagnostic only; target identity and complete morphology require review
434	synodal:family-candidate:8ef9c99157651b7daf81fcf8	candidate-family:synodal:family-candidate:8ef9c99157651b7daf81fcf8	synodal:family-candidate:8ef9c99157651b7daf81fcf8	благодать	unknown	благодать:170	170	170	170	170		ud:NOUN:Case=Acc+Gender=Fem+Number=Sing,ud:NOUN:Case=Nom+Gender=Fem+Number=Sing,untyped	target-surface,typed-cell-candidate	target-lexeme-identity,target-morphological-cell	an OCS treebank cell requires an independent exact Synodal surface witness | more than one source-partition treebank lemma or cell matches the target surface		170	170	0	170		weak	large	candidate-unreviewed	surface grouping is diagnostic only; target identity and complete morphology require review
435	synodal:family-candidate:a51d02a5139460fcbdb67f4d	candidate-family:synodal:family-candidate:a51d02a5139460fcbdb67f4d	synodal:family-candidate:a51d02a5139460fcbdb67f4d	ѹстъ	unknown	ѹстъ:170	170	170	170	160		possible-finite-verb	target-surface	target-lexeme-identity,target-morphological-cell			170	170	0	170		weak	large	candidate-unreviewed	surface grouping is diagnostic only; target identity and complete morphology require review
436	synodal:family-candidate:0f28dab5c00695f00ecd0917	candidate-family:synodal:family-candidate:0f28dab5c00695f00ecd0917	synodal:family-candidate:0f28dab5c00695f00ecd0917	иаков-	unknown	іакѡва:169	169	169	169	166		possible-nominative-feminine-or-genitive-accusative	target-surface	target-lexeme-identity,target-morphological-cell			169	169	0	169		weak	large	candidate-unreviewed	surface grouping is diagnostic only; target identity and complete morphology require review
437	synodal:family-candidate:7ea0b22b3451907edbc5aaa6	candidate-family:synodal:family-candidate:7ea0b22b3451907edbc5aaa6	synodal:family-candidate:7ea0b22b3451907edbc5aaa6	великїй	unknown	великїй:168	168	168	168	168		untyped	target-surface	target-lexeme-identity,target-morphological-cell			168	168	0	168		weak	large	candidate-unreviewed	surface grouping is diagnostic only; target identity and complete morphology require review
438	synodal:family-candidate:bb525823414273e061d761b9	candidate-family:synodal:family-candidate:bb525823414273e061d761b9	synodal:family-candidate:bb525823414273e061d761b9	ѻнꙋ	unknown	ѻнꙋ:168	168	168	168	164		untyped	target-surface	target-lexeme-identity,target-morphological-cell			168	168	0	168		weak	large	candidate-unreviewed	surface grouping is diagnostic only; target identity and complete morphology require review
439	synodal:family-candidate:c9540c5f9ec5f00167909a2f	candidate-family:synodal:family-candidate:c9540c5f9ec5f00167909a2f	synodal:family-candidate:c9540c5f9ec5f00167909a2f	Иосиꙗ / Иосьꙗ	ambiguous	іѡсіи:57	57	57	57	49		accusative+alternative+dative+dual+genitive+locative+nominative+plural+singular+vocative,alternative,possible-nominative-plural	lexical-semantic-candidate,target-surface	target-lexeme-identity,target-morphological-cell	OCS dictionary morphology is candidate evidence, not a Synodal paradigm | more than one lexical identity is compatible with at least one surface	candidate evidence preserves lexical or cell ambiguity	0	57	57	57		partial	large	candidate-unreviewed	surface grouping is diagnostic only; target identity and complete morphology require review
440	synodal:family-candidate:e40df914d043af948ad3576a	candidate-family:synodal:family-candidate:e40df914d043af948ad3576a	synodal:family-candidate:e40df914d043af948ad3576a	вель	adjective	велїю:56	56	56	56	56		dative+dual+feminine+genitive+locative+masculine+neuter+singular,ud:ADJ:Case=Dat+Degree=Pos+Gender=Masc,Neut+Number=Sing+Variant=Short	lexical-semantic-candidate,target-surface,typed-cell-candidate	target-lexeme-identity,target-morphological-cell	OCS dictionary morphology is candidate evidence, not a Synodal paradigm | an OCS treebank cell requires an independent exact Synodal surface witness		56	56	0	56		partial	large	candidate-unreviewed	surface grouping is diagnostic only; target identity and complete morphology require review
441	synodal:family-candidate:e5b53e4e85f34e8c7dbef826	candidate-family:synodal:family-candidate:e5b53e4e85f34e8c7dbef826	synodal:family-candidate:e5b53e4e85f34e8c7dbef826	Арисъ / Ермисъ	ambiguous	лꙋна:56	56	56	56	56		error-unrecognized-form,possible-nominative-feminine-or-genitive-accusative	lexical-semantic-candidate,target-surface	target-lexeme-identity,target-morphological-cell	OCS dictionary morphology is candidate evidence, not a Synodal paradigm | more than one lexical identity is compatible with at least one surface	candidate evidence preserves lexical or cell ambiguity	0	56	56	56		partial	large	candidate-unreviewed	surface grouping is diagnostic only; target identity and complete morphology require review
442	synodal:family-candidate:f94b6786597d78583818b745	candidate-family:synodal:family-candidate:f94b6786597d78583818b745	synodal:family-candidate:f94b6786597d78583818b745	домове / домъ	ambiguous	домове:56	56	56	56	48		lemma,nominative+plural+vocative,possible-nominative-plural,possible-vocative-or-finite-verb	lexical-semantic-candidate,target-surface	target-lexeme-identity,target-morphological-cell	OCS dictionary morphology is candidate evidence, not a Synodal paradigm | more than one lexical identity is compatible with at least one surface	candidate evidence preserves lexical or cell ambiguity	0	56	56	56		partial	large	candidate-unreviewed	surface grouping is diagnostic only; target identity and complete morphology require review
443	synodal:family-candidate:a2a840eb841ca40a5e957bc0	candidate-family:synodal:family-candidate:a2a840eb841ca40a5e957bc0	synodal:family-candidate:a2a840eb841ca40a5e957bc0	аарѡнꙋ	unknown	аарѡнꙋ:167	167	167	167	166		untyped	target-surface	target-lexeme-identity,target-morphological-cell			167	167	0	167		weak	large	candidate-unreviewed	surface grouping is diagnostic only; target identity and complete morphology require review
444	synodal:family-candidate:f331fe77d26a83d86d7b4e52	candidate-family:synodal:family-candidate:f331fe77d26a83d86d7b4e52	synodal:family-candidate:f331fe77d26a83d86d7b4e52	снид-	unknown	снидетъ:71,сниди:51,снидꙋтъ:45	167	167	167	160		possible-finite-verb,possible-nominative-plural	target-surface	target-lexeme-identity,target-morphological-cell			167	167	0	167		weak	large	candidate-unreviewed	surface grouping is diagnostic only; target identity and complete morphology require review
445	synodal:family-candidate:56267ef8e381820d00a9acd3	candidate-family:synodal:family-candidate:56267ef8e381820d00a9acd3	synodal:family-candidate:56267ef8e381820d00a9acd3	творѧй	unknown	творѧй:166	166	166	166	162		untyped	target-surface	target-lexeme-identity,target-morphological-cell			166	166	0	166		weak	large	candidate-unreviewed	surface grouping is diagnostic only; target identity and complete morphology require review
446	synodal:family-candidate:60ed5da3c248ed1b4f9621cb	candidate-family:synodal:family-candidate:60ed5da3c248ed1b4f9621cb	synodal:family-candidate:60ed5da3c248ed1b4f9621cb	чадо	unknown	чадо:166	166	166	166	160		untyped	target-surface	target-lexeme-identity,target-morphological-cell			166	166	0	166		weak	large	candidate-unreviewed	surface grouping is diagnostic only; target identity and complete morphology require review
447	synodal:family-candidate:7c18e860012eabf1a7ecb86d	candidate-family:synodal:family-candidate:7c18e860012eabf1a7ecb86d	synodal:family-candidate:7c18e860012eabf1a7ecb86d	дщерей	unknown	дщерей:166	166	166	166	142		untyped	target-surface	target-lexeme-identity,target-morphological-cell			166	166	0	166		weak	large	candidate-unreviewed	surface grouping is diagnostic only; target identity and complete morphology require review
448	synodal:family-candidate:93d9f81c018f0d7ea72db5c1	candidate-family:synodal:family-candidate:93d9f81c018f0d7ea72db5c1	synodal:family-candidate:93d9f81c018f0d7ea72db5c1	паѵелъ	unknown	паѵелъ:166	166	166	166	166		untyped	target-surface	target-lexeme-identity,target-morphological-cell			166	166	0	166		weak	large	candidate-unreviewed	surface grouping is diagnostic only; target identity and complete morphology require review
449	synodal:family-candidate:b4dade0c4c1da08f9e61649c	candidate-family:synodal:family-candidate:b4dade0c4c1da08f9e61649c	synodal:family-candidate:b4dade0c4c1da08f9e61649c	седмый	unknown	седмый:165	165	165	165	157		untyped	target-surface	target-lexeme-identity,target-morphological-cell			165	165	0	165		weak	large	candidate-unreviewed	surface grouping is diagnostic only; target identity and complete morphology require review
450	synodal:family-candidate:d17b0b1602a8f3c03b34219a	candidate-family:synodal:family-candidate:d17b0b1602a8f3c03b34219a	synodal:family-candidate:d17b0b1602a8f3c03b34219a	шестьдес-	unknown	шестьдесѧтъ:165	165	165	165	152		possible-finite-verb	target-surface	target-lexeme-identity,target-morphological-cell			165	165	0	165		weak	large	candidate-unreviewed	surface grouping is diagnostic only; target identity and complete morphology require review
451	synodal:family-candidate:20332e54e9c0822573cfcb6c	candidate-family:synodal:family-candidate:20332e54e9c0822573cfcb6c	synodal:family-candidate:20332e54e9c0822573cfcb6c	ризꙋ	unknown	ризꙋ:164	164	164	164	156		untyped	target-surface	target-lexeme-identity,target-morphological-cell			164	164	0	164		weak	large	candidate-unreviewed	surface grouping is diagnostic only; target identity and complete morphology require review
452	synodal:family-candidate:54769ae0431ad1dfd6124667	candidate-family:synodal:family-candidate:54769ae0431ad1dfd6124667	synodal:family-candidate:54769ae0431ad1dfd6124667	иаковл-	unknown	іакѡвлѧ:65,іакѡвли:55,іакѡвлю:44	164	164	164	162		possible-nominative-feminine-or-genitive-accusative,possible-nominative-plural,untyped	target-surface	target-lexeme-identity,target-morphological-cell			164	164	0	164		weak	large	candidate-unreviewed	surface grouping is diagnostic only; target identity and complete morphology require review
453	synodal:family-candidate:d1bccdff5929804a02637175	candidate-family:synodal:family-candidate:d1bccdff5929804a02637175	synodal:family-candidate:d1bccdff5929804a02637175	сотворимъ	unknown	сотворимъ:164	164	164	164	160		untyped	target-surface	target-lexeme-identity,target-morphological-cell			164	164	0	164		weak	large	candidate-unreviewed	surface grouping is diagnostic only; target identity and complete morphology require review
454	synodal:family-candidate:e8dea258f08e94f84ff4196e	candidate-family:synodal:family-candidate:e8dea258f08e94f84ff4196e	synodal:family-candidate:e8dea258f08e94f84ff4196e	воцарис-	unknown	воцарисѧ:164	164	164	164	164		possible-nominative-feminine-or-genitive-accusative	target-surface	target-lexeme-identity,target-morphological-cell			164	164	0	164		weak	large	candidate-unreviewed	surface grouping is diagnostic only; target identity and complete morphology require review
455	synodal:family-candidate:5b021a4988374fef29bdf48e	candidate-family:synodal:family-candidate:5b021a4988374fef29bdf48e	synodal:family-candidate:5b021a4988374fef29bdf48e	диꙗволъ	verb	дїаволъ:55	55	55	55	55		alternative	lexical-semantic-candidate,target-surface	target-lexeme-identity,target-morphological-cell	OCS dictionary morphology is candidate evidence, not a Synodal paradigm		55	55	0	55		partial	large	candidate-unreviewed	surface grouping is diagnostic only; target identity and complete morphology require review
456	synodal:family-candidate:36795a6ab50db10826e24a7c	candidate-family:synodal:family-candidate:36795a6ab50db10826e24a7c	synodal:family-candidate:36795a6ab50db10826e24a7c	лучш-	unknown	лꙋчше:163	163	163	163	161		possible-vocative-or-finite-verb	target-surface	target-lexeme-identity,target-morphological-cell			163	163	0	163		weak	large	candidate-unreviewed	surface grouping is diagnostic only; target identity and complete morphology require review
457	synodal:family-candidate:4640373b9e93aa740e45acb5	candidate-family:synodal:family-candidate:4640373b9e93aa740e45acb5	synodal:family-candidate:4640373b9e93aa740e45acb5	плѣнени-	unknown	плѣненїе:86,плѣненїѧ:76	162	162	162	160		possible-nominative-feminine-or-genitive-accusative,possible-vocative-or-finite-verb,ud:NOUN:Case=Acc+Gender=Neut+Number=Sing	target-surface,typed-cell-candidate	target-lexeme-identity,target-morphological-cell	an OCS treebank cell requires an independent exact Synodal surface witness		162	162	0	162		weak	large	candidate-unreviewed	surface grouping is diagnostic only; target identity and complete morphology require review
458	synodal:family-candidate:5c84dc40254d5ecc5a36a362	candidate-family:synodal:family-candidate:5c84dc40254d5ecc5a36a362	synodal:family-candidate:5c84dc40254d5ecc5a36a362	вон-	unknown	воню:101,вонми:60	161	161	161	161		possible-nominative-plural,untyped	target-surface	target-lexeme-identity,target-morphological-cell			161	161	0	161		weak	large	candidate-unreviewed	surface grouping is diagnostic only; target identity and complete morphology require review
459	synodal:family-candidate:914ab409d4e27c24c8382259	candidate-family:synodal:family-candidate:914ab409d4e27c24c8382259	synodal:family-candidate:914ab409d4e27c24c8382259	велик-	unknown	великагѡ:112,великихъ:49	161	161	161	159		possible-genitive-or-locative-plural,untyped	target-surface	target-lexeme-identity,target-morphological-cell			161	161	0	161		weak	large	candidate-unreviewed	surface grouping is diagnostic only; target identity and complete morphology require review
460	synodal:family-candidate:1fddce653e47e98916827b9f	candidate-family:synodal:family-candidate:1fddce653e47e98916827b9f	synodal:family-candidate:1fddce653e47e98916827b9f	положꙋ	unknown	положꙋ:160	160	160	160	154		untyped	target-surface	target-lexeme-identity,target-morphological-cell			160	160	0	160		weak	large	candidate-unreviewed	surface grouping is diagnostic only; target identity and complete morphology require review
461	synodal:family-candidate:326688ff02669bbecc086960	candidate-family:synodal:family-candidate:326688ff02669bbecc086960	synodal:family-candidate:326688ff02669bbecc086960	ходиша	verb	ходиша:54	54	54	54	54		lemma,possible-nominative-feminine-or-genitive-accusative	lexical-semantic-candidate,target-surface	target-lexeme-identity,target-morphological-cell	OCS dictionary morphology is candidate evidence, not a Synodal paradigm		54	54	0	54		partial	large	candidate-unreviewed	surface grouping is diagnostic only; target identity and complete morphology require review
462	synodal:family-candidate:7dd0b1bfe5f8c86f83849dbd	candidate-family:synodal:family-candidate:7dd0b1bfe5f8c86f83849dbd	synodal:family-candidate:7dd0b1bfe5f8c86f83849dbd	пища	noun	пищи:54	54	54	54	54		accusative+dative+dual+locative+nominative+singular+vocative,possible-nominative-plural	lexical-semantic-candidate,target-surface	target-lexeme-identity,target-morphological-cell	OCS dictionary morphology is candidate evidence, not a Synodal paradigm		54	54	0	54		partial	large	candidate-unreviewed	surface grouping is diagnostic only; target identity and complete morphology require review
463	synodal:family-candidate:d3eef8b7582ab971394f95c5	candidate-family:synodal:family-candidate:d3eef8b7582ab971394f95c5	synodal:family-candidate:d3eef8b7582ab971394f95c5	плѣниша	verb	плѣниша:54	54	54	54	50		lemma,possible-nominative-feminine-or-genitive-accusative	lexical-semantic-candidate,target-surface	target-lexeme-identity,target-morphological-cell	OCS dictionary morphology is candidate evidence, not a Synodal paradigm		54	54	0	54		partial	large	candidate-unreviewed	surface grouping is diagnostic only; target identity and complete morphology require review
464	synodal:family-candidate:eef3bdfd41feaf9169ec3c44	candidate-family:synodal:family-candidate:eef3bdfd41feaf9169ec3c44	synodal:family-candidate:eef3bdfd41feaf9169ec3c44	веселъ	adjective	веселїи:54	54	54	54	54		masculine+nominative+plural+vocative,possible-nominative-plural,ud:NOUN:Case=Loc+Gender=Neut+Number=Sing	lexical-semantic-candidate,target-surface,typed-cell-candidate	target-lexeme-identity,target-morphological-cell	OCS dictionary morphology is candidate evidence, not a Synodal paradigm | an OCS treebank cell requires an independent exact Synodal surface witness		54	54	0	54		partial	large	candidate-unreviewed	surface grouping is diagnostic only; target identity and complete morphology require review
465	synodal:family-candidate:32a134f8e5d65f3d19028a05	candidate-family:synodal:family-candidate:32a134f8e5d65f3d19028a05	synodal:family-candidate:32a134f8e5d65f3d19028a05	єлїссей	unknown	єлїссей:158	158	158	158	136		untyped	target-surface	target-lexeme-identity,target-morphological-cell			158	158	0	158		weak	large	candidate-unreviewed	surface grouping is diagnostic only; target identity and complete morphology require review
466	synodal:family-candidate:34b72a2aeb58be2715f953ee	candidate-family:synodal:family-candidate:34b72a2aeb58be2715f953ee	synodal:family-candidate:34b72a2aeb58be2715f953ee	отпус-	unknown	ѿпꙋсти:158	158	158	158	158		possible-nominative-plural	target-surface	target-lexeme-identity,target-morphological-cell			158	158	0	158		weak	large	candidate-unreviewed	surface grouping is diagnostic only; target identity and complete morphology require review
467	synodal:family-candidate:6856a4c0f3320de7b1f86e5b	candidate-family:synodal:family-candidate:6856a4c0f3320de7b1f86e5b	synodal:family-candidate:6856a4c0f3320de7b1f86e5b	праздникъ	unknown	праздникъ:158	158	158	158	141		untyped	target-surface	target-lexeme-identity,target-morphological-cell			158	158	0	158		weak	large	candidate-unreviewed	surface grouping is diagnostic only; target identity and complete morphology require review
468	synodal:family-candidate:202308681cba4d3974ecaf87	candidate-family:synodal:family-candidate:202308681cba4d3974ecaf87	synodal:family-candidate:202308681cba4d3974ecaf87	богатство	unknown	богатство:157	157	157	157	154		untyped	target-surface	target-lexeme-identity,target-morphological-cell			157	157	0	157		weak	large	candidate-unreviewed	surface grouping is diagnostic only; target identity and complete morphology require review
469	synodal:family-candidate:e123150becb430c2a598998b	candidate-family:synodal:family-candidate:e123150becb430c2a598998b	synodal:family-candidate:e123150becb430c2a598998b	живущ-	unknown	живꙋщихъ:157	157	157	157	141		possible-genitive-or-locative-plural	target-surface	target-lexeme-identity,target-morphological-cell			157	157	0	157		weak	large	candidate-unreviewed	surface grouping is diagnostic only; target identity and complete morphology require review
470	synodal:family-candidate:7516269dbeec66561dfd8619	candidate-family:synodal:family-candidate:7516269dbeec66561dfd8619	synodal:family-candidate:7516269dbeec66561dfd8619	іакѡвꙋ	unknown	іакѡвꙋ:156	156	156	156	154		untyped	target-surface	target-lexeme-identity,target-morphological-cell			156	156	0	156		weak	large	candidate-unreviewed	surface grouping is diagnostic only; target identity and complete morphology require review
471	synodal:family-candidate:9e4f4a5ce68d1f207665d828	candidate-family:synodal:family-candidate:9e4f4a5ce68d1f207665d828	synodal:family-candidate:9e4f4a5ce68d1f207665d828	сосꙋдъ	unknown	сосꙋдъ:156	156	156	156	146		untyped	target-surface	target-lexeme-identity,target-morphological-cell			156	156	0	156		weak	large	candidate-unreviewed	surface grouping is diagnostic only; target identity and complete morphology require review
472	synodal:family-candidate:ef9269c976124b7c0e7c1bcd	candidate-family:synodal:family-candidate:ef9269c976124b7c0e7c1bcd	synodal:family-candidate:ef9269c976124b7c0e7c1bcd	пожив-	unknown	поживе:104,поживетъ:52	156	156	156	150		possible-finite-verb,possible-vocative-or-finite-verb,ud:VERB:Mood=Ind+Number=Sing+Person=3+Tense=Pres+VerbForm=Fin+Voice=Act	target-surface,typed-cell-candidate	target-lexeme-identity,target-morphological-cell	an OCS treebank cell requires an independent exact Synodal surface witness		156	156	0	156		weak	large	candidate-unreviewed	surface grouping is diagnostic only; target identity and complete morphology require review
473	synodal:family-candidate:01822f359a0d73009b2ef640	candidate-family:synodal:family-candidate:01822f359a0d73009b2ef640	synodal:family-candidate:01822f359a0d73009b2ef640	ꙗждь / ꙗздити	ambiguous	ꙗждь:52	52	52	52	52		lemma,masculine+neuter+nominative+short-form+singular	lexical-semantic-candidate,target-surface	target-lexeme-identity,target-morphological-cell	OCS dictionary morphology is candidate evidence, not a Synodal paradigm | more than one lexical identity is compatible with at least one surface	candidate evidence preserves lexical or cell ambiguity	0	52	52	52		partial	large	candidate-unreviewed	surface grouping is diagnostic only; target identity and complete morphology require review
474	synodal:family-candidate:0bb1de62099e67c761ba607e	candidate-family:synodal:family-candidate:0bb1de62099e67c761ba607e	synodal:family-candidate:0bb1de62099e67c761ba607e	гѫсли	noun	гꙋсли:52	52	52	52	50		alternative,possible-nominative-plural	lexical-semantic-candidate,target-surface	source-partition-exact-cell-evidence; evaluation candidates cannot license runtime facts,target-lexeme-identity,target-morphological-cell	OCS dictionary morphology is candidate evidence, not a Synodal paradigm		52	52	0	52		partial	large	candidate-unreviewed	surface grouping is diagnostic only; target identity and complete morphology require review
475	synodal:family-candidate:65bee49fa1823a26ac03d038	candidate-family:synodal:family-candidate:65bee49fa1823a26ac03d038	synodal:family-candidate:65bee49fa1823a26ac03d038	изгнаша	verb	изгнаша:52	52	52	52	52		lemma,possible-nominative-feminine-or-genitive-accusative	lexical-semantic-candidate,target-surface	source-partition-exact-cell-evidence; evaluation candidates cannot license runtime facts,target-lexeme-identity,target-morphological-cell	OCS dictionary morphology is candidate evidence, not a Synodal paradigm		52	52	0	52		partial	large	candidate-unreviewed	surface grouping is diagnostic only; target identity and complete morphology require review
476	synodal:family-candidate:c84d41efa99fa53f8b852287	candidate-family:synodal:family-candidate:c84d41efa99fa53f8b852287	synodal:family-candidate:c84d41efa99fa53f8b852287	снидоша	verb	снидоша:52	52	52	52	52		lemma,possible-nominative-feminine-or-genitive-accusative	lexical-semantic-candidate,target-surface	target-lexeme-identity,target-morphological-cell	OCS dictionary morphology is candidate evidence, not a Synodal paradigm		52	52	0	52		partial	large	candidate-unreviewed	surface grouping is diagnostic only; target identity and complete morphology require review
477	synodal:family-candidate:099eadd943de437f59bc0dff	candidate-family:synodal:family-candidate:099eadd943de437f59bc0dff	synodal:family-candidate:099eadd943de437f59bc0dff	вениамин-	unknown	венїаміни:60,венїамінихъ:48,венїаміна:47	155	155	155	151		possible-genitive-or-locative-plural,possible-nominative-feminine-or-genitive-accusative,possible-nominative-plural	target-surface	target-lexeme-identity,target-morphological-cell			155	155	0	155		weak	large	candidate-unreviewed	surface grouping is diagnostic only; target identity and complete morphology require review
478	synodal:family-candidate:245885c651740b249987cf1e	candidate-family:synodal:family-candidate:245885c651740b249987cf1e	synodal:family-candidate:245885c651740b249987cf1e	ѹже	unknown	ѹже:155	155	155	155	145		possible-vocative-or-finite-verb	target-surface	target-lexeme-identity,target-morphological-cell			155	155	0	155		weak	large	candidate-unreviewed	surface grouping is diagnostic only; target identity and complete morphology require review
479	synodal:family-candidate:354e944dcc7003df1372874c	candidate-family:synodal:family-candidate:354e944dcc7003df1372874c	synodal:family-candidate:354e944dcc7003df1372874c	начал-	unknown	начала:155	155	155	155	151		possible-nominative-feminine-or-genitive-accusative	target-surface	target-lexeme-identity,target-morphological-cell			155	155	0	155		weak	large	candidate-unreviewed	surface grouping is diagnostic only; target identity and complete morphology require review
480	synodal:family-candidate:990176010517499b75fa2aac	candidate-family:synodal:family-candidate:990176010517499b75fa2aac	synodal:family-candidate:990176010517499b75fa2aac	введ-	unknown	введе:155	155	155	155	153		possible-vocative-or-finite-verb	target-surface	target-lexeme-identity,target-morphological-cell			155	155	0	155		weak	large	candidate-unreviewed	surface grouping is diagnostic only; target identity and complete morphology require review
481	synodal:family-candidate:7e0a7ecfbdaef054e3cd4572	candidate-family:synodal:family-candidate:7e0a7ecfbdaef054e3cd4572	synodal:family-candidate:7e0a7ecfbdaef054e3cd4572	сонм-	unknown	сонмѡмъ:154	154	154	154	152		possible-dative-plural-or-instrumental-singular	target-surface	target-lexeme-identity,target-morphological-cell			154	154	0	154		weak	large	candidate-unreviewed	surface grouping is diagnostic only; target identity and complete morphology require review
482	synodal:family-candidate:b41e00ae1dfb31259d0dddf1	candidate-family:synodal:family-candidate:b41e00ae1dfb31259d0dddf1	synodal:family-candidate:b41e00ae1dfb31259d0dddf1	воевод-	unknown	воевѡды:96,воевода:58	154	154	154	150		possible-nominative-feminine-or-genitive-accusative,possible-nominative-plural	target-surface	target-lexeme-identity,target-morphological-cell			154	154	0	154		weak	large	candidate-unreviewed	surface grouping is diagnostic only; target identity and complete morphology require review
483	synodal:family-candidate:2054be8959a19a70e2a406a8	candidate-family:synodal:family-candidate:2054be8959a19a70e2a406a8	synodal:family-candidate:2054be8959a19a70e2a406a8	идит-	unknown	идите:153	153	153	153	147		possible-vocative-or-finite-verb	target-surface	target-lexeme-identity,target-morphological-cell			153	153	0	153		weak	large	candidate-unreviewed	surface grouping is diagnostic only; target identity and complete morphology require review
484	synodal:family-candidate:584367792f050b302705029c	candidate-family:synodal:family-candidate:584367792f050b302705029c	synodal:family-candidate:584367792f050b302705029c	служ-	unknown	слꙋжити:153	153	153	153	148		possible-nominative-plural	target-surface	target-lexeme-identity,target-morphological-cell			153	153	0	153		weak	large	candidate-unreviewed	surface grouping is diagnostic only; target identity and complete morphology require review
485	synodal:family-candidate:7684cda95c4da646ebebc22b	candidate-family:synodal:family-candidate:7684cda95c4da646ebebc22b	synodal:family-candidate:7684cda95c4da646ebebc22b	іꙋдинъ	unknown	іꙋдинъ:153	153	153	153	149		untyped	target-surface	target-lexeme-identity,target-morphological-cell			153	153	0	153		weak	large	candidate-unreviewed	surface grouping is diagnostic only; target identity and complete morphology require review
486	synodal:family-candidate:c67fc308b546522f238b39c8	candidate-family:synodal:family-candidate:c67fc308b546522f238b39c8	synodal:family-candidate:c67fc308b546522f238b39c8	всѧки-	unknown	всѧкїѧ:152	152	152	152	144		possible-nominative-feminine-or-genitive-accusative	target-surface	target-lexeme-identity,target-morphological-cell			152	152	0	152		weak	large	candidate-unreviewed	surface grouping is diagnostic only; target identity and complete morphology require review
487	synodal:family-candidate:591190cc9debd4644cb88a9e	candidate-family:synodal:family-candidate:591190cc9debd4644cb88a9e	synodal:family-candidate:591190cc9debd4644cb88a9e	поидоша	verb	поидоша:51	51	51	51	51		lemma,possible-nominative-feminine-or-genitive-accusative	lexical-semantic-candidate,target-surface	target-lexeme-identity,target-morphological-cell	OCS dictionary morphology is candidate evidence, not a Synodal paradigm		51	51	0	51		partial	large	candidate-unreviewed	surface grouping is diagnostic only; target identity and complete morphology require review
488	synodal:family-candidate:e410079e66292b06519cdb18	candidate-family:synodal:family-candidate:e410079e66292b06519cdb18	synodal:family-candidate:e410079e66292b06519cdb18	сокровищ-	unknown	сокрѡвища:91,сокровище:59	150	150	150	142		possible-nominative-feminine-or-genitive-accusative,possible-vocative-or-finite-verb	target-surface	target-lexeme-identity,target-morphological-cell			150	150	0	150		weak	large	candidate-unreviewed	surface grouping is diagnostic only; target identity and complete morphology require review
489	synodal:family-candidate:09b71e98c1366fac96583bd9	candidate-family:synodal:family-candidate:09b71e98c1366fac96583bd9	synodal:family-candidate:09b71e98c1366fac96583bd9	навꙋходоносоръ	unknown	навꙋходоносоръ:149	149	149	149	145		untyped	target-surface	target-lexeme-identity,target-morphological-cell			149	149	0	149		weak	large	candidate-unreviewed	surface grouping is diagnostic only; target identity and complete morphology require review
490	synodal:family-candidate:19b51b8e160450e71db8d989	candidate-family:synodal:family-candidate:19b51b8e160450e71db8d989	synodal:family-candidate:19b51b8e160450e71db8d989	сꙋщꙋ	unknown	сꙋщꙋ:149	149	149	149	144		untyped	target-surface	target-lexeme-identity,target-morphological-cell			149	149	0	149		weak	large	candidate-unreviewed	surface grouping is diagnostic only; target identity and complete morphology require review
491	synodal:family-candidate:4525edc94ab629c73d327d74	candidate-family:synodal:family-candidate:4525edc94ab629c73d327d74	synodal:family-candidate:4525edc94ab629c73d327d74	суди-	unknown	сꙋдїи:85,сꙋдїѧ:64	149	149	149	146		possible-nominative-feminine-or-genitive-accusative,possible-nominative-plural	target-surface	target-lexeme-identity,target-morphological-cell			149	149	0	149		weak	large	candidate-unreviewed	surface grouping is diagnostic only; target identity and complete morphology require review
492	synodal:family-candidate:32730ad746837deb92be2870	candidate-family:synodal:family-candidate:32730ad746837deb92be2870	synodal:family-candidate:32730ad746837deb92be2870	прїидохъ	unknown	прїидохъ:148	148	148	148	142		untyped	target-surface	target-lexeme-identity,target-morphological-cell			148	148	0	148		weak	large	candidate-unreviewed	surface grouping is diagnostic only; target identity and complete morphology require review
493	synodal:family-candidate:8b73c4df251ffffb34cbef75	candidate-family:synodal:family-candidate:8b73c4df251ffffb34cbef75	synodal:family-candidate:8b73c4df251ffffb34cbef75	царев-	unknown	царева:148	148	148	148	144		possible-nominative-feminine-or-genitive-accusative	target-surface	target-lexeme-identity,target-morphological-cell			148	148	0	148		weak	large	candidate-unreviewed	surface grouping is diagnostic only; target identity and complete morphology require review
494	synodal:family-candidate:aa788ce83a13beacf988cae5	candidate-family:synodal:family-candidate:aa788ce83a13beacf988cae5	synodal:family-candidate:aa788ce83a13beacf988cae5	двѣс-	unknown	двѣсти:148	148	148	148	142		possible-nominative-plural	target-surface	target-lexeme-identity,target-morphological-cell			148	148	0	148		weak	large	candidate-unreviewed	surface grouping is diagnostic only; target identity and complete morphology require review
495	synodal:family-candidate:3fd8d2f737ab5c78dfb1e1e4	candidate-family:synodal:family-candidate:3fd8d2f737ab5c78dfb1e1e4	synodal:family-candidate:3fd8d2f737ab5c78dfb1e1e4	тожде	adverb	тожде:50	50	50	50	48		lemma,possible-vocative-or-finite-verb,ud:DET:Case=Acc+Gender=Neut+Number=Sing,ud:PRON:Case=Acc+Gender=Neut+Number=Sing	lexical-semantic-candidate,target-surface,typed-cell-candidate	target-lexeme-identity,target-morphological-cell	OCS dictionary morphology is candidate evidence, not a Synodal paradigm | an OCS treebank cell requires an independent exact Synodal surface witness | more than one source-partition treebank lemma or cell matches the target surface		50	50	0	50		partial	large	candidate-unreviewed	surface grouping is diagnostic only; target identity and complete morphology require review
496	synodal:family-candidate:ab981f6966ef45d96c3b2f1f	candidate-family:synodal:family-candidate:ab981f6966ef45d96c3b2f1f	synodal:family-candidate:ab981f6966ef45d96c3b2f1f	освѧтити	verb	ѡсвѧти:50	50	50	50	42		aorist+error-unrecognized-form+imperative+singular,possible-nominative-plural	lexical-semantic-candidate,target-surface	source-partition-exact-cell-evidence; evaluation candidates cannot license runtime facts,target-lexeme-identity,target-morphological-cell	OCS dictionary morphology is candidate evidence, not a Synodal paradigm		50	50	0	50		partial	large	candidate-unreviewed	surface grouping is diagnostic only; target identity and complete morphology require review
497	synodal:family-candidate:053425bfe993f43eb650f903	candidate-family:synodal:family-candidate:053425bfe993f43eb650f903	synodal:family-candidate:053425bfe993f43eb650f903	оньж-	unknown	ѻньже:147	147	147	147	141		possible-vocative-or-finite-verb	target-surface	target-lexeme-identity,target-morphological-cell			147	147	0	147		weak	large	candidate-unreviewed	surface grouping is diagnostic only; target identity and complete morphology require review
498	synodal:family-candidate:1358b7909423f00809eed200	candidate-family:synodal:family-candidate:1358b7909423f00809eed200	synodal:family-candidate:1358b7909423f00809eed200	всѧкꙋ	unknown	всѧкꙋ:147	147	147	147	133		untyped	target-surface	target-lexeme-identity,target-morphological-cell			147	147	0	147		weak	large	candidate-unreviewed	surface grouping is diagnostic only; target identity and complete morphology require review
499	synodal:family-candidate:ab6675bef7851e9a32a7b291	candidate-family:synodal:family-candidate:ab6675bef7851e9a32a7b291	synodal:family-candidate:ab6675bef7851e9a32a7b291	єдинѣмъ	unknown	єдинѣмъ:147	147	147	147	141		untyped	target-surface	target-lexeme-identity,target-morphological-cell			147	147	0	147		weak	large	candidate-unreviewed	surface grouping is diagnostic only; target identity and complete morphology require review
500	synodal:family-candidate:1e980a7752941de2a7f7f9c9	candidate-family:synodal:family-candidate:1e980a7752941de2a7f7f9c9	synodal:family-candidate:1e980a7752941de2a7f7f9c9	обо-	unknown	ѻбоихъ:96,ѻбоѧ:50	146	146	146	139		possible-genitive-or-locative-plural,possible-nominative-feminine-or-genitive-accusative	target-surface	target-lexeme-identity,target-morphological-cell			146	146	0	146		weak	large	candidate-unreviewed	surface grouping is diagnostic only; target identity and complete morphology require review
501	synodal:family-candidate:eac87b3e3f72772f47430188	candidate-family:synodal:family-candidate:eac87b3e3f72772f47430188	synodal:family-candidate:eac87b3e3f72772f47430188	давидов-	unknown	давідова:82,давідѡвы:64	146	146	146	142		possible-nominative-feminine-or-genitive-accusative,possible-nominative-plural	target-surface	target-lexeme-identity,target-morphological-cell			146	146	0	146		weak	large	candidate-unreviewed	surface grouping is diagnostic only; target identity and complete morphology require review
502	synodal:family-candidate:f7bad49c9b7edbca42a4a634	candidate-family:synodal:family-candidate:f7bad49c9b7edbca42a4a634	synodal:family-candidate:f7bad49c9b7edbca42a4a634	вышнѧгѡ	unknown	вышнѧгѡ:146	146	146	146	146		untyped	target-surface	target-lexeme-identity,target-morphological-cell			146	146	0	146		weak	large	candidate-unreviewed	surface grouping is diagnostic only; target identity and complete morphology require review
503	synodal:family-candidate:21ab5fe25685d1e4136767be	candidate-family:synodal:family-candidate:21ab5fe25685d1e4136767be	synodal:family-candidate:21ab5fe25685d1e4136767be	книгꙋ	unknown	книгꙋ:145	145	145	145	133		untyped	target-surface	target-lexeme-identity,target-morphological-cell			145	145	0	145		weak	large	candidate-unreviewed	surface grouping is diagnostic only; target identity and complete morphology require review
504	synodal:family-candidate:33348d41117034b2ab1ec52d	candidate-family:synodal:family-candidate:33348d41117034b2ab1ec52d	synodal:family-candidate:33348d41117034b2ab1ec52d	пребуд-	unknown	пребꙋдетъ:105,пребꙋдꙋтъ:40	145	145	145	145		possible-finite-verb	target-surface	target-lexeme-identity,target-morphological-cell			145	145	0	145		weak	large	candidate-unreviewed	surface grouping is diagnostic only; target identity and complete morphology require review
505	synodal:family-candidate:351b583ee853764ebec75288	candidate-family:synodal:family-candidate:351b583ee853764ebec75288	synodal:family-candidate:351b583ee853764ebec75288	велїй	unknown	велїй:145	145	145	145	144		untyped	target-surface	target-lexeme-identity,target-morphological-cell			145	145	0	145		weak	large	candidate-unreviewed	surface grouping is diagnostic only; target identity and complete morphology require review
506	synodal:family-candidate:36f7ebe95c4778fe192e4f78	candidate-family:synodal:family-candidate:36f7ebe95c4778fe192e4f78	synodal:family-candidate:36f7ebe95c4778fe192e4f78	вели-	unknown	велїе:81,велїѧ:64	145	145	145	144		possible-nominative-feminine-or-genitive-accusative,possible-vocative-or-finite-verb,ud:ADJ:Case=Acc+Degree=Pos+Gender=Masc+Number=Plur,ud:ADJ:Case=Acc+Degree=Pos+Gender=Neut+Number=Sing+Variant=Short,ud:ADJ:Case=Nom+Degree=Pos+Gender=Neut+Number=Sing+Variant=Short	target-surface,typed-cell-candidate	target-lexeme-identity,target-morphological-cell	an OCS treebank cell requires an independent exact Synodal surface witness | more than one source-partition treebank lemma or cell matches the target surface		145	145	0	145		weak	large	candidate-unreviewed	surface grouping is diagnostic only; target identity and complete morphology require review
507	synodal:family-candidate:64fb579574aa176d4ad31927	candidate-family:synodal:family-candidate:64fb579574aa176d4ad31927	synodal:family-candidate:64fb579574aa176d4ad31927	бог-	unknown	богѡвъ:145	145	145	145	137		possible-genitive-or-locative-plural	target-surface	target-lexeme-identity,target-morphological-cell			145	145	0	145		weak	large	candidate-unreviewed	surface grouping is diagnostic only; target identity and complete morphology require review
508	synodal:family-candidate:21d3f7ea19c71cd4bb875418	candidate-family:synodal:family-candidate:21d3f7ea19c71cd4bb875418	synodal:family-candidate:21d3f7ea19c71cd4bb875418	глагол-	unknown	глаголы:144	144	144	144	142		possible-nominative-plural	target-surface	target-lexeme-identity,target-morphological-cell			144	144	0	144		weak	large	deferred	Deferred after review: repeated corpus surfaces and diagnostic stem, prefix, or ending features do not by themselves establish a lemma, part of speech, morphological cell, principal parts, accent class, or productive rule.
509	synodal:family-candidate:eafae628131902d63671f562	candidate-family:synodal:family-candidate:eafae628131902d63671f562	synodal:family-candidate:eafae628131902d63671f562	клѧтс-	unknown	клѧтсѧ:144	144	144	144	144		possible-nominative-feminine-or-genitive-accusative	target-surface	target-lexeme-identity,target-morphological-cell			144	144	0	144		weak	large	candidate-unreviewed	surface grouping is diagnostic only; target identity and complete morphology require review
510	synodal:family-candidate:1f47ff3641812d2285261bda	candidate-family:synodal:family-candidate:1f47ff3641812d2285261bda	synodal:family-candidate:1f47ff3641812d2285261bda	дьбрь	noun	дебрь:48	48	48	48	44		alternative	lexical-semantic-candidate,target-surface	target-lexeme-identity,target-morphological-cell	OCS dictionary morphology is candidate evidence, not a Synodal paradigm		48	48	0	48		partial	large	candidate-unreviewed	surface grouping is diagnostic only; target identity and complete morphology require review
511	synodal:family-candidate:2b5b8f65c63fa350ada6bf4e	candidate-family:synodal:family-candidate:2b5b8f65c63fa350ada6bf4e	synodal:family-candidate:2b5b8f65c63fa350ada6bf4e	деснъ	adjective	десно:48	48	48	48	46		accusative+neuter+nominative+singular+vocative	lexical-semantic-candidate,target-surface	target-lexeme-identity,target-morphological-cell	OCS dictionary morphology is candidate evidence, not a Synodal paradigm		48	48	0	48		partial	large	candidate-unreviewed	surface grouping is diagnostic only; target identity and complete morphology require review
512	synodal:family-candidate:438e6eed7c1c04e3eceac6aa	candidate-family:synodal:family-candidate:438e6eed7c1c04e3eceac6aa	synodal:family-candidate:438e6eed7c1c04e3eceac6aa	кладѧзь / кладѧѕь	ambiguous	кладѧзь:48	48	48	48	44		alternative,lemma	lexical-semantic-candidate,target-surface	source-partition-exact-cell-evidence; evaluation candidates cannot license runtime facts,target-lexeme-identity,target-morphological-cell	OCS dictionary morphology is candidate evidence, not a Synodal paradigm | more than one lexical identity is compatible with at least one surface	candidate evidence preserves lexical or cell ambiguity	0	48	48	48		partial	large	candidate-unreviewed	surface grouping is diagnostic only; target identity and complete morphology require review
513	synodal:family-candidate:6f38d230b8031558fc835de7	candidate-family:synodal:family-candidate:6f38d230b8031558fc835de7	synodal:family-candidate:6f38d230b8031558fc835de7	ⱁⱍⰻⱎⱅⰵⱀⰻⰵ	noun	ѡчищенїе:48	48	48	48	48		Cyrillic+alternative,possible-vocative-or-finite-verb	lexical-semantic-candidate,target-surface	target-lexeme-identity,target-morphological-cell	OCS dictionary morphology is candidate evidence, not a Synodal paradigm		48	48	0	48		partial	large	candidate-unreviewed	surface grouping is diagnostic only; target identity and complete morphology require review
514	synodal:family-candidate:9623e4880bf7cc9c098afda0	candidate-family:synodal:family-candidate:9623e4880bf7cc9c098afda0	synodal:family-candidate:9623e4880bf7cc9c098afda0	обиташа	verb	ѡбиташа:48	48	48	48	48		lemma,possible-nominative-feminine-or-genitive-accusative	lexical-semantic-candidate,target-surface	source-partition-exact-cell-evidence; evaluation candidates cannot license runtime facts,target-lexeme-identity,target-morphological-cell	OCS dictionary morphology is candidate evidence, not a Synodal paradigm		48	48	0	48		partial	large	candidate-unreviewed	surface grouping is diagnostic only; target identity and complete morphology require review
515	synodal:family-candidate:a9a49ed906bb232a42530b4f	candidate-family:synodal:family-candidate:a9a49ed906bb232a42530b4f	synodal:family-candidate:a9a49ed906bb232a42530b4f	проидоша	verb	проидоша:48	48	48	48	42		lemma,possible-nominative-feminine-or-genitive-accusative	lexical-semantic-candidate,target-surface	target-lexeme-identity,target-morphological-cell	OCS dictionary morphology is candidate evidence, not a Synodal paradigm		48	48	0	48		partial	large	candidate-unreviewed	surface grouping is diagnostic only; target identity and complete morphology require review
516	synodal:family-candidate:b2af8cd8b4034180375da294	candidate-family:synodal:family-candidate:b2af8cd8b4034180375da294	synodal:family-candidate:b2af8cd8b4034180375da294	вино	noun	вїномъ:48	48	48	48	46		dative+instrumental+plural+singular,possible-dative-plural-or-instrumental-singular,ud:NOUN:Case=Ins+Gender=Neut+Number=Sing	lexical-semantic-candidate,target-surface,typed-cell-candidate	source-partition-exact-cell-evidence; evaluation candidates cannot license runtime facts,target-lexeme-identity,target-morphological-cell	OCS dictionary morphology is candidate evidence, not a Synodal paradigm | an OCS treebank cell requires an independent exact Synodal surface witness		48	48	0	48		partial	large	candidate-unreviewed	surface grouping is diagnostic only; target identity and complete morphology require review
517	synodal:family-candidate:5e8e10d450920c36332be676	candidate-family:synodal:family-candidate:5e8e10d450920c36332be676	synodal:family-candidate:5e8e10d450920c36332be676	глаголютъ	unknown	глаголютъ:143	143	143	143	141		possible-finite-verb	target-surface	target-lexeme-identity,target-morphological-cell			143	143	0	143		weak	large	candidate-unreviewed	surface grouping is diagnostic only; target identity and complete morphology require review
518	synodal:family-candidate:949ca390f97388fac5b50226	candidate-family:synodal:family-candidate:949ca390f97388fac5b50226	synodal:family-candidate:949ca390f97388fac5b50226	рекꙋ	unknown	рекꙋ:143	143	143	143	139		untyped	target-surface	target-lexeme-identity,target-morphological-cell			143	143	0	143		weak	large	candidate-unreviewed	surface grouping is diagnostic only; target identity and complete morphology require review
519	synodal:family-candidate:b975dafca5735617ff20e7f2	candidate-family:synodal:family-candidate:b975dafca5735617ff20e7f2	synodal:family-candidate:b975dafca5735617ff20e7f2	одесну-	unknown	ѡдеснꙋю:143	143	143	143	141		untyped	target-surface	target-lexeme-identity,target-morphological-cell			143	143	0	143		weak	large	candidate-unreviewed	surface grouping is diagnostic only; target identity and complete morphology require review
520	synodal:family-candidate:c875b0d0276cf6b342525d33	candidate-family:synodal:family-candidate:c875b0d0276cf6b342525d33	synodal:family-candidate:c875b0d0276cf6b342525d33	остав-	unknown	ѡставиша:143	143	143	143	139		possible-nominative-feminine-or-genitive-accusative	target-surface	target-lexeme-identity,target-morphological-cell			143	143	0	143		weak	large	deferred	Deferred after review: repeated corpus surfaces and diagnostic stem, prefix, or ending features do not by themselves establish a lemma, part of speech, morphological cell, principal parts, accent class, or productive rule.
521	synodal:family-candidate:61b63133d1e1482d2e0e90d2	candidate-family:synodal:family-candidate:61b63133d1e1482d2e0e90d2	synodal:family-candidate:61b63133d1e1482d2e0e90d2	отверз-	unknown	ѿверзе:100,ѿверзетъ:42	142	142	142	142		possible-finite-verb,possible-vocative-or-finite-verb	target-surface	target-lexeme-identity,target-morphological-cell			142	142	0	142		weak	large	candidate-unreviewed	surface grouping is diagnostic only; target identity and complete morphology require review
522	synodal:family-candidate:bcb554d62ed53a97ca3d080f	candidate-family:synodal:family-candidate:bcb554d62ed53a97ca3d080f	synodal:family-candidate:bcb554d62ed53a97ca3d080f	возвратитс-	unknown	возвратитсѧ:142	142	142	142	134		possible-nominative-feminine-or-genitive-accusative	target-surface	target-lexeme-identity,target-morphological-cell			142	142	0	142		weak	large	candidate-unreviewed	surface grouping is diagnostic only; target identity and complete morphology require review
523	synodal:family-candidate:cc1816ee658caf3dc4ed5549	candidate-family:synodal:family-candidate:cc1816ee658caf3dc4ed5549	synodal:family-candidate:cc1816ee658caf3dc4ed5549	трист-	unknown	триста:142	142	142	142	132		possible-nominative-feminine-or-genitive-accusative	target-surface	target-lexeme-identity,target-morphological-cell			142	142	0	142		weak	large	candidate-unreviewed	surface grouping is diagnostic only; target identity and complete morphology require review
524	synodal:family-candidate:74ec2f9bee40ec8ebcde333c	candidate-family:synodal:family-candidate:74ec2f9bee40ec8ebcde333c	synodal:family-candidate:74ec2f9bee40ec8ebcde333c	іѻрданъ	unknown	іѻрданъ:141	141	141	141	137		ud:PROPN:Case=Acc+Gender=Masc+Number=Sing,untyped	target-surface,typed-cell-candidate	target-lexeme-identity,target-morphological-cell	an OCS treebank cell requires an independent exact Synodal surface witness		141	141	0	141		weak	large	candidate-unreviewed	surface grouping is diagnostic only; target identity and complete morphology require review
525	synodal:family-candidate:90c892f80ff8545588decce2	candidate-family:synodal:family-candidate:90c892f80ff8545588decce2	synodal:family-candidate:90c892f80ff8545588decce2	имущ-	unknown	имꙋще:101,имꙋща:40	141	141	141	135		possible-nominative-feminine-or-genitive-accusative,possible-vocative-or-finite-verb	target-surface	target-lexeme-identity,target-morphological-cell			141	141	0	141		weak	large	candidate-unreviewed	surface grouping is diagnostic only; target identity and complete morphology require review
526	synodal:family-candidate:378bda9d39f7b5e6c5d7178f	candidate-family:synodal:family-candidate:378bda9d39f7b5e6c5d7178f	synodal:family-candidate:378bda9d39f7b5e6c5d7178f	мзд-	unknown	мзда:76,мзды:64	140	140	140	134		possible-nominative-feminine-or-genitive-accusative,possible-nominative-plural	target-surface	target-lexeme-identity,target-morphological-cell			140	140	0	140		weak	large	candidate-unreviewed	surface grouping is diagnostic only; target identity and complete morphology require review
527	synodal:family-candidate:4f5a819e44fdc6ebc0ba0835	candidate-family:synodal:family-candidate:4f5a819e44fdc6ebc0ba0835	synodal:family-candidate:4f5a819e44fdc6ebc0ba0835	скорб-	unknown	скорби:140	140	140	140	136		possible-nominative-plural	target-surface	target-lexeme-identity,target-morphological-cell			140	140	0	140		weak	large	candidate-unreviewed	surface grouping is diagnostic only; target identity and complete morphology require review
528	synodal:family-candidate:75765f98ff806f8385d898cd	candidate-family:synodal:family-candidate:75765f98ff806f8385d898cd	synodal:family-candidate:75765f98ff806f8385d898cd	обратис-	unknown	ѡбратисѧ:140	140	140	140	130		possible-nominative-feminine-or-genitive-accusative	target-surface	target-lexeme-identity,target-morphological-cell			140	140	0	140		weak	large	candidate-unreviewed	surface grouping is diagnostic only; target identity and complete morphology require review
529	synodal:family-candidate:77f974f94957ccad1cc39f4f	candidate-family:synodal:family-candidate:77f974f94957ccad1cc39f4f	synodal:family-candidate:77f974f94957ccad1cc39f4f	фараѡнꙋ	unknown	фараѡнꙋ:140	140	140	140	124		untyped	target-surface	target-lexeme-identity,target-morphological-cell			140	140	0	140		weak	large	candidate-unreviewed	surface grouping is diagnostic only; target identity and complete morphology require review
530	synodal:family-candidate:9ac382689438c2bbeff7c727	candidate-family:synodal:family-candidate:9ac382689438c2bbeff7c727	synodal:family-candidate:9ac382689438c2bbeff7c727	дверїй	unknown	дверїй:140	140	140	140	127		untyped	target-surface	target-lexeme-identity,target-morphological-cell			140	140	0	140		weak	large	candidate-unreviewed	surface grouping is diagnostic only; target identity and complete morphology require review
531	synodal:family-candidate:e0987fa46f008afd2ddcc7a7	candidate-family:synodal:family-candidate:e0987fa46f008afd2ddcc7a7	synodal:family-candidate:e0987fa46f008afd2ddcc7a7	сімѡнъ	unknown	сімѡнъ:140	140	140	140	140		ud:PROPN:Case=Nom+Gender=Masc+Number=Sing,untyped	target-surface,typed-cell-candidate	target-lexeme-identity,target-morphological-cell	an OCS treebank cell requires an independent exact Synodal surface witness		140	140	0	140		weak	large	candidate-unreviewed	surface grouping is diagnostic only; target identity and complete morphology require review
532	synodal:family-candidate:e0db2dc9a930af2f08608395	candidate-family:synodal:family-candidate:e0db2dc9a930af2f08608395	synodal:family-candidate:e0db2dc9a930af2f08608395	лукаво-	unknown	лꙋкавое:140	140	140	140	136		possible-vocative-or-finite-verb	target-surface	target-lexeme-identity,target-morphological-cell			140	140	0	140		weak	large	candidate-unreviewed	surface grouping is diagnostic only; target identity and complete morphology require review
533	synodal:family-candidate:d69424c0dee6dcfa06000bc4	candidate-family:synodal:family-candidate:d69424c0dee6dcfa06000bc4	synodal:family-candidate:d69424c0dee6dcfa06000bc4	слоухъ	noun	слꙋхъ:47	47	47	47	45		alternative	lexical-semantic-candidate,target-surface	source-partition-exact-cell-evidence; evaluation candidates cannot license runtime facts,target-lexeme-identity,target-morphological-cell	OCS dictionary morphology is candidate evidence, not a Synodal paradigm		47	47	0	47		partial	large	candidate-unreviewed	surface grouping is diagnostic only; target identity and complete morphology require review
534	synodal:family-candidate:3c457989479f461e1e9bf8a8	candidate-family:synodal:family-candidate:3c457989479f461e1e9bf8a8	synodal:family-candidate:3c457989479f461e1e9bf8a8	старц-	unknown	старцы:139	139	139	139	139		possible-nominative-plural	target-surface	target-lexeme-identity,target-morphological-cell			139	139	0	139		weak	large	candidate-unreviewed	surface grouping is diagnostic only; target identity and complete morphology require review
535	synodal:family-candidate:13fc696c2ecd1685706f6c7f	candidate-family:synodal:family-candidate:13fc696c2ecd1685706f6c7f	synodal:family-candidate:13fc696c2ecd1685706f6c7f	нѣкїй	unknown	нѣкїй:138	138	138	138	138		untyped	target-surface	target-lexeme-identity,target-morphological-cell			138	138	0	138		weak	large	candidate-unreviewed	surface grouping is diagnostic only; target identity and complete morphology require review
536	synodal:family-candidate:30195b037c55d1471bb20940	candidate-family:synodal:family-candidate:30195b037c55d1471bb20940	synodal:family-candidate:30195b037c55d1471bb20940	вєс-	unknown	вєси:138	138	138	138	103		possible-nominative-plural	target-surface	target-lexeme-identity,target-morphological-cell			138	138	0	138		weak	large	candidate-unreviewed	surface grouping is diagnostic only; target identity and complete morphology require review
537	synodal:family-candidate:40a71f42dc7c41510fd82f4b	candidate-family:synodal:family-candidate:40a71f42dc7c41510fd82f4b	synodal:family-candidate:40a71f42dc7c41510fd82f4b	тꙋкъ	unknown	тꙋкъ:138	138	138	138	100		untyped	target-surface	target-lexeme-identity,target-morphological-cell			138	138	0	138		weak	large	candidate-unreviewed	surface grouping is diagnostic only; target identity and complete morphology require review
538	synodal:family-candidate:4dd869ea65daee6ad21af98f	candidate-family:synodal:family-candidate:4dd869ea65daee6ad21af98f	synodal:family-candidate:4dd869ea65daee6ad21af98f	избр-	unknown	избра:138	138	138	138	134		possible-nominative-feminine-or-genitive-accusative	target-surface	target-lexeme-identity,target-morphological-cell			138	138	0	138		weak	large	candidate-unreviewed	surface grouping is diagnostic only; target identity and complete morphology require review
539	synodal:family-candidate:6cd02ad0c62a6efc2e2ff857	candidate-family:synodal:family-candidate:6cd02ad0c62a6efc2e2ff857	synodal:family-candidate:6cd02ad0c62a6efc2e2ff857	агнц-	unknown	агнца:86,агнцы:52	138	138	138	134		possible-nominative-feminine-or-genitive-accusative,possible-nominative-plural	target-surface	target-lexeme-identity,target-morphological-cell			138	138	0	138		weak	large	candidate-unreviewed	surface grouping is diagnostic only; target identity and complete morphology require review
540	synodal:family-candidate:70821853831d35f4acee7eaf	candidate-family:synodal:family-candidate:70821853831d35f4acee7eaf	synodal:family-candidate:70821853831d35f4acee7eaf	отц-	unknown	ѻтцы:138	138	138	138	122		possible-nominative-plural	target-surface	target-lexeme-identity,target-morphological-cell			138	138	0	138		weak	large	deferred	Deferred after review: repeated corpus surfaces and diagnostic stem, prefix, or ending features do not by themselves establish a lemma, part of speech, morphological cell, principal parts, accent class, or productive rule.
541	synodal:family-candidate:82765ed12c2257d893402204	candidate-family:synodal:family-candidate:82765ed12c2257d893402204	synodal:family-candidate:82765ed12c2257d893402204	соломѡнꙋ	unknown	соломѡнꙋ:138	138	138	138	133		untyped	target-surface	target-lexeme-identity,target-morphological-cell			138	138	0	138		weak	large	candidate-unreviewed	surface grouping is diagnostic only; target identity and complete morphology require review
542	synodal:family-candidate:9bd1ea99bd243a4464ee606b	candidate-family:synodal:family-candidate:9bd1ea99bd243a4464ee606b	synodal:family-candidate:9bd1ea99bd243a4464ee606b	саул-	unknown	саꙋла:94,саꙋлѧ:44	138	138	138	132		possible-nominative-feminine-or-genitive-accusative	target-surface	target-lexeme-identity,target-morphological-cell			138	138	0	138		weak	large	candidate-unreviewed	surface grouping is diagnostic only; target identity and complete morphology require review
543	synodal:family-candidate:d8566bc127a08d1e27bf4b67	candidate-family:synodal:family-candidate:d8566bc127a08d1e27bf4b67	synodal:family-candidate:d8566bc127a08d1e27bf4b67	отроч-	unknown	ѻтроча:138	138	138	138	122		possible-nominative-feminine-or-genitive-accusative	target-surface	target-lexeme-identity,target-morphological-cell			138	138	0	138		weak	large	candidate-unreviewed	surface grouping is diagnostic only; target identity and complete morphology require review
544	synodal:family-candidate:db2df85b8d3dad788a463b75	candidate-family:synodal:family-candidate:db2df85b8d3dad788a463b75	synodal:family-candidate:db2df85b8d3dad788a463b75	сонъ	unknown	сонъ:138	138	138	138	122		ud:NOUN:Case=Acc+Gender=Masc+Number=Sing,untyped	target-surface,typed-cell-candidate	target-lexeme-identity,target-morphological-cell	an OCS treebank cell requires an independent exact Synodal surface witness		138	138	0	138		weak	large	candidate-unreviewed	surface grouping is diagnostic only; target identity and complete morphology require review
545	synodal:family-candidate:ff8ffd30cccdd3959622b1fa	candidate-family:synodal:family-candidate:ff8ffd30cccdd3959622b1fa	synodal:family-candidate:ff8ffd30cccdd3959622b1fa	словес-	unknown	словесѣхъ:138	138	138	138	129		possible-genitive-or-locative-plural	target-surface	target-lexeme-identity,target-morphological-cell			138	138	0	138		weak	large	candidate-unreviewed	surface grouping is diagnostic only; target identity and complete morphology require review
546	synodal:family-candidate:0b1e15ce90c6899483799121	candidate-family:synodal:family-candidate:0b1e15ce90c6899483799121	synodal:family-candidate:0b1e15ce90c6899483799121	разу-	unknown	разꙋма:137	137	137	137	133		possible-nominative-feminine-or-genitive-accusative	target-surface	target-lexeme-identity,target-morphological-cell			137	137	0	137		weak	large	candidate-unreviewed	surface grouping is diagnostic only; target identity and complete morphology require review
547	synodal:family-candidate:36948691dda574e8fba395a2	candidate-family:synodal:family-candidate:36948691dda574e8fba395a2	synodal:family-candidate:36948691dda574e8fba395a2	церкв-	unknown	церкви:87,церкве:50	137	137	137	131		possible-nominative-plural,possible-vocative-or-finite-verb	target-surface	target-lexeme-identity,target-morphological-cell			137	137	0	137		weak	large	candidate-unreviewed	surface grouping is diagnostic only; target identity and complete morphology require review
548	synodal:family-candidate:451afeb08386100a41ef3c0f	candidate-family:synodal:family-candidate:451afeb08386100a41ef3c0f	synodal:family-candidate:451afeb08386100a41ef3c0f	обрѣт-	unknown	ѡбрѣтоша:137	137	137	137	133		possible-nominative-feminine-or-genitive-accusative	target-surface	target-lexeme-identity,target-morphological-cell			137	137	0	137		weak	large	deferred	Deferred after v0.5 review: repeated target surfaces do not establish lemma identity, semantics, exact morphological cells, principal parts, accent class, or a productive Synodal rule.
549	synodal:family-candidate:2801d5c51d7b03457bc2cd5f	candidate-family:synodal:family-candidate:2801d5c51d7b03457bc2cd5f	synodal:family-candidate:2801d5c51d7b03457bc2cd5f	восташ-	unknown	восташа:136	136	136	136	134		possible-nominative-feminine-or-genitive-accusative	target-surface	target-lexeme-identity,target-morphological-cell			136	136	0	136		weak	large	candidate-unreviewed	surface grouping is diagnostic only; target identity and complete morphology require review
550	synodal:family-candidate:4b776d21553cc6cffa5281fa	candidate-family:synodal:family-candidate:4b776d21553cc6cffa5281fa	synodal:family-candidate:4b776d21553cc6cffa5281fa	дрꙋгꙋ	unknown	дрꙋгꙋ:136	136	136	136	134		untyped	target-surface	target-lexeme-identity,target-morphological-cell			136	136	0	136		weak	large	candidate-unreviewed	surface grouping is diagnostic only; target identity and complete morphology require review
551	synodal:family-candidate:627ab2f1e405a8213d1cca94	candidate-family:synodal:family-candidate:627ab2f1e405a8213d1cca94	synodal:family-candidate:627ab2f1e405a8213d1cca94	проча-	unknown	прѡчаѧ:136	136	136	136	136		possible-nominative-feminine-or-genitive-accusative	target-surface	target-lexeme-identity,target-morphological-cell			136	136	0	136		weak	large	candidate-unreviewed	surface grouping is diagnostic only; target identity and complete morphology require review
552	synodal:family-candidate:9185ac02341cbdae3ae27b70	candidate-family:synodal:family-candidate:9185ac02341cbdae3ae27b70	synodal:family-candidate:9185ac02341cbdae3ae27b70	возмож-	unknown	возможетъ:92,возможеши:44	136	136	136	136		possible-finite-verb,possible-nominative-plural	target-surface	target-lexeme-identity,target-morphological-cell			136	136	0	136		weak	large	candidate-unreviewed	surface grouping is diagnostic only; target identity and complete morphology require review
553	synodal:family-candidate:9d8bbb3d3053cd3cc32c7555	candidate-family:synodal:family-candidate:9d8bbb3d3053cd3cc32c7555	synodal:family-candidate:9d8bbb3d3053cd3cc32c7555	талантъ	unknown	талантъ:136	136	136	136	101		possible-finite-verb,ud:NOUN:Case=Acc+Gender=Masc+Number=Sing,ud:NOUN:Case=Gen+Gender=Masc+Number=Plur	target-surface,typed-cell-candidate	target-lexeme-identity,target-morphological-cell	an OCS treebank cell requires an independent exact Synodal surface witness | more than one source-partition treebank lemma or cell matches the target surface		136	136	0	136		weak	large	candidate-unreviewed	surface grouping is diagnostic only; target identity and complete morphology require review
554	synodal:family-candidate:baef5929f41912f72b95c7b2	candidate-family:synodal:family-candidate:baef5929f41912f72b95c7b2	synodal:family-candidate:baef5929f41912f72b95c7b2	знамєни-	unknown	знамєнїѧ:136	136	136	136	134		possible-nominative-feminine-or-genitive-accusative	target-surface	target-lexeme-identity,target-morphological-cell			136	136	0	136		weak	large	candidate-unreviewed	surface grouping is diagnostic only; target identity and complete morphology require review
555	synodal:family-candidate:9dc8a47da8baaeb11efa98b8	candidate-family:synodal:family-candidate:9dc8a47da8baaeb11efa98b8	synodal:family-candidate:9dc8a47da8baaeb11efa98b8	пріидоста	verb	прїидоста:46	46	46	46	46		lemma,possible-nominative-feminine-or-genitive-accusative	lexical-semantic-candidate,target-surface	target-lexeme-identity,target-morphological-cell	OCS dictionary morphology is candidate evidence, not a Synodal paradigm		46	46	0	46		partial	large	candidate-unreviewed	surface grouping is diagnostic only; target identity and complete morphology require review
556	synodal:family-candidate:c654a85de8c8ca9eb1ceaa6d	candidate-family:synodal:family-candidate:c654a85de8c8ca9eb1ceaa6d	synodal:family-candidate:c654a85de8c8ca9eb1ceaa6d	нападоша	verb	нападоша:46	46	46	46	46		lemma,possible-nominative-feminine-or-genitive-accusative	lexical-semantic-candidate,target-surface	target-lexeme-identity,target-morphological-cell	OCS dictionary morphology is candidate evidence, not a Synodal paradigm		46	46	0	46		partial	large	candidate-unreviewed	surface grouping is diagnostic only; target identity and complete morphology require review
557	synodal:family-candidate:df5fe766157e9e67f3f93840	candidate-family:synodal:family-candidate:df5fe766157e9e67f3f93840	synodal:family-candidate:df5fe766157e9e67f3f93840	вельможа	noun	вельмѡжи:46	46	46	46	46		accusative+dative+dual+locative+nominative+singular+vocative,possible-nominative-plural	lexical-semantic-candidate,target-surface	target-lexeme-identity,target-morphological-cell	OCS dictionary morphology is candidate evidence, not a Synodal paradigm		46	46	0	46		partial	large	candidate-unreviewed	surface grouping is diagnostic only; target identity and complete morphology require review
558	synodal:family-candidate:edd0eb6ddf8eec168c607e19	candidate-family:synodal:family-candidate:edd0eb6ddf8eec168c607e19	synodal:family-candidate:edd0eb6ddf8eec168c607e19	затворъ	noun	затвори:46	46	46	46	46		nominative+plural+vocative,possible-nominative-plural,ud:VERB:Aspect=Perf+Mood=Ind+Number=Sing+Person=3+Tense=Past+VerbForm=Fin+Voice=Act,ud:VERB:Mood=Imp+Number=Sing+Person=2+Tense=Pres+VerbForm=Fin+Voice=Act	lexical-semantic-candidate,target-surface,typed-cell-candidate	target-lexeme-identity,target-morphological-cell	OCS dictionary morphology is candidate evidence, not a Synodal paradigm | an OCS treebank cell requires an independent exact Synodal surface witness | more than one source-partition treebank lemma or cell matches the target surface		46	46	0	46		partial	large	candidate-unreviewed	surface grouping is diagnostic only; target identity and complete morphology require review
559	synodal:family-candidate:d136024e09a437e8415fb5b2	candidate-family:synodal:family-candidate:d136024e09a437e8415fb5b2	synodal:family-candidate:d136024e09a437e8415fb5b2	єгѵптѣ	unknown	єгѵптѣ:135	135	135	135	131		untyped	target-surface	target-lexeme-identity,target-morphological-cell			135	135	0	135		weak	large	candidate-unreviewed	surface grouping is diagnostic only; target identity and complete morphology require review
560	synodal:family-candidate:d016e48355af4b1ef957a5f8	candidate-family:synodal:family-candidate:d016e48355af4b1ef957a5f8	synodal:family-candidate:d016e48355af4b1ef957a5f8	вѣнецъ	unknown	вѣнецъ:134	134	134	134	134		ud:NOUN:Case=Acc+Gender=Masc+Number=Sing,untyped	target-surface,typed-cell-candidate	target-lexeme-identity,target-morphological-cell	an OCS treebank cell requires an independent exact Synodal surface witness		134	134	0	134		weak	large	candidate-unreviewed	surface grouping is diagnostic only; target identity and complete morphology require review
561	synodal:family-candidate:fe8b16d168c20f19fcc2cec0	candidate-family:synodal:family-candidate:fe8b16d168c20f19fcc2cec0	synodal:family-candidate:fe8b16d168c20f19fcc2cec0	пребыва-	unknown	пребываетъ:134	134	134	134	128		possible-finite-verb	target-surface	target-lexeme-identity,target-morphological-cell			134	134	0	134		weak	large	candidate-unreviewed	surface grouping is diagnostic only; target identity and complete morphology require review
562	synodal:family-candidate:754f8b18b0d884ebd741b3a9	candidate-family:synodal:family-candidate:754f8b18b0d884ebd741b3a9	synodal:family-candidate:754f8b18b0d884ebd741b3a9	возмог-	unknown	возмогꙋтъ:71,возмогоша:62	133	133	133	131		possible-finite-verb,possible-nominative-feminine-or-genitive-accusative	target-surface	target-lexeme-identity,target-morphological-cell			133	133	0	133		weak	large	candidate-unreviewed	surface grouping is diagnostic only; target identity and complete morphology require review
563	synodal:family-candidate:832a24415253cc9d57874235	candidate-family:synodal:family-candidate:832a24415253cc9d57874235	synodal:family-candidate:832a24415253cc9d57874235	разꙋмѣ	unknown	разꙋмѣ:133	133	133	133	130		untyped	target-surface	target-lexeme-identity,target-morphological-cell			133	133	0	133		weak	large	candidate-unreviewed	surface grouping is diagnostic only; target identity and complete morphology require review
564	synodal:family-candidate:ce31c2685806626059e1416c	candidate-family:synodal:family-candidate:ce31c2685806626059e1416c	synodal:family-candidate:ce31c2685806626059e1416c	корыс-	unknown	кѡрысти:89,корысти:44	133	133	133	121		possible-nominative-plural	target-surface	target-lexeme-identity,target-morphological-cell			133	133	0	133		weak	large	candidate-unreviewed	surface grouping is diagnostic only; target identity and complete morphology require review
565	synodal:family-candidate:79a4d3944cf6aee2a5c18309	candidate-family:synodal:family-candidate:79a4d3944cf6aee2a5c18309	synodal:family-candidate:79a4d3944cf6aee2a5c18309	пад-	unknown	падꙋтъ:132	132	132	132	126		possible-finite-verb	target-surface	target-lexeme-identity,target-morphological-cell			132	132	0	132		weak	large	deferred	Deferred after review: repeated corpus surfaces and diagnostic stem, prefix, or ending features do not by themselves establish a lemma, part of speech, morphological cell, principal parts, accent class, or productive rule.
566	synodal:family-candidate:c8a3b8cf7034f158fde021f9	candidate-family:synodal:family-candidate:c8a3b8cf7034f158fde021f9	synodal:family-candidate:c8a3b8cf7034f158fde021f9	сущи-	unknown	сꙋщїи:132	132	132	132	132		possible-nominative-plural	target-surface	target-lexeme-identity,target-morphological-cell			132	132	0	132		weak	large	candidate-unreviewed	surface grouping is diagnostic only; target identity and complete morphology require review
567	synodal:family-candidate:d1df59b15536e4cb8697eced	candidate-family:synodal:family-candidate:d1df59b15536e4cb8697eced	synodal:family-candidate:d1df59b15536e4cb8697eced	живꙋ	unknown	живꙋ:132	132	132	132	126		untyped	target-surface	target-lexeme-identity,target-morphological-cell			132	132	0	132		weak	large	candidate-unreviewed	surface grouping is diagnostic only; target identity and complete morphology require review
568	synodal:family-candidate:f58e6bc6b593bd949f0471ef	candidate-family:synodal:family-candidate:f58e6bc6b593bd949f0471ef	synodal:family-candidate:f58e6bc6b593bd949f0471ef	велїимъ	unknown	велїимъ:132	132	132	132	131		ud:ADJ:Case=Ins+Degree=Pos+Gender=Masc+Number=Plur,untyped	target-surface,typed-cell-candidate	target-lexeme-identity,target-morphological-cell	an OCS treebank cell requires an independent exact Synodal surface witness		132	132	0	132		weak	large	candidate-unreviewed	surface grouping is diagnostic only; target identity and complete morphology require review
569	synodal:family-candidate:7eed27673424768e16255698	candidate-family:synodal:family-candidate:7eed27673424768e16255698	synodal:family-candidate:7eed27673424768e16255698	ѕлыхъ	unknown	ѕлыхъ:131	131	131	131	129		untyped	target-surface	target-lexeme-identity,target-morphological-cell			131	131	0	131		weak	large	candidate-unreviewed	surface grouping is diagnostic only; target identity and complete morphology require review
570	synodal:family-candidate:b77645b2274b963256b3ca23	candidate-family:synodal:family-candidate:b77645b2274b963256b3ca23	synodal:family-candidate:b77645b2274b963256b3ca23	ѿкꙋдꙋ	unknown	ѿкꙋдꙋ:131	131	131	131	123		untyped	target-surface	target-lexeme-identity,target-morphological-cell			131	131	0	131		weak	large	candidate-unreviewed	surface grouping is diagnostic only; target identity and complete morphology require review
571	synodal:family-candidate:50d1f34fba97450be9e9829a	candidate-family:synodal:family-candidate:50d1f34fba97450be9e9829a	synodal:family-candidate:50d1f34fba97450be9e9829a	род-	unknown	роды:130	130	130	130	126		possible-nominative-plural	target-surface	target-lexeme-identity,target-morphological-cell			130	130	0	130		weak	large	deferred	Deferred after v0.5 review: repeated target surfaces do not establish lemma identity, semantics, exact morphological cells, principal parts, accent class, or a productive Synodal rule.
572	synodal:family-candidate:570cacf70c46c8a703f371e2	candidate-family:synodal:family-candidate:570cacf70c46c8a703f371e2	synodal:family-candidate:570cacf70c46c8a703f371e2	мꙋжескъ	unknown	мꙋжескъ:130	130	130	130	127		untyped	target-surface	target-lexeme-identity,target-morphological-cell			130	130	0	130		weak	large	candidate-unreviewed	surface grouping is diagnostic only; target identity and complete morphology require review
573	synodal:family-candidate:6592bfb562809cbfad35a609	candidate-family:synodal:family-candidate:6592bfb562809cbfad35a609	synodal:family-candidate:6592bfb562809cbfad35a609	воздвигошас-	unknown	воздвигошасѧ:130	130	130	130	128		possible-nominative-feminine-or-genitive-accusative	target-surface	target-lexeme-identity,target-morphological-cell			130	130	0	130		weak	large	candidate-unreviewed	surface grouping is diagnostic only; target identity and complete morphology require review
574	synodal:family-candidate:6a92b2fb388304b281a3136b	candidate-family:synodal:family-candidate:6a92b2fb388304b281a3136b	synodal:family-candidate:6a92b2fb388304b281a3136b	основани-	unknown	ѡснованїѧ:86,ѡснованїе:44	130	130	130	126		possible-nominative-feminine-or-genitive-accusative,possible-vocative-or-finite-verb,ud:NOUN:Case=Acc+Gender=Neut+Number=Sing	target-surface,typed-cell-candidate	target-lexeme-identity,target-morphological-cell	an OCS treebank cell requires an independent exact Synodal surface witness		130	130	0	130		weak	large	candidate-unreviewed	surface grouping is diagnostic only; target identity and complete morphology require review
575	synodal:family-candidate:740acbdb948fdd81b612543b	candidate-family:synodal:family-candidate:740acbdb948fdd81b612543b	synodal:family-candidate:740acbdb948fdd81b612543b	поношени-	unknown	поношенїе:130	130	130	130	130		possible-vocative-or-finite-verb,ud:NOUN:Case=Acc+Gender=Neut+Number=Sing,ud:NOUN:Case=Nom+Gender=Neut+Number=Sing	target-surface,typed-cell-candidate	target-lexeme-identity,target-morphological-cell	an OCS treebank cell requires an independent exact Synodal surface witness | more than one source-partition treebank lemma or cell matches the target surface		130	130	0	130		weak	large	candidate-unreviewed	surface grouping is diagnostic only; target identity and complete morphology require review
576	synodal:family-candidate:7925f5fb63a29ae10e73d7b6	candidate-family:synodal:family-candidate:7925f5fb63a29ae10e73d7b6	synodal:family-candidate:7925f5fb63a29ae10e73d7b6	вседержител-	unknown	вседержителѧ:78,вседержителю:52	130	130	130	126		possible-nominative-feminine-or-genitive-accusative,untyped	target-surface	target-lexeme-identity,target-morphological-cell			130	130	0	130		weak	large	candidate-unreviewed	surface grouping is diagnostic only; target identity and complete morphology require review
577	synodal:family-candidate:a41feaabafff3286e1f33ac2	candidate-family:synodal:family-candidate:a41feaabafff3286e1f33ac2	synodal:family-candidate:a41feaabafff3286e1f33ac2	нечистъ	unknown	нечистъ:130	130	130	130	118		possible-finite-verb,ud:ADJ:Case=Acc+Degree=Pos+Gender=Masc+Number=Sing+Variant=Short,ud:ADJ:Case=Gen+Degree=Pos+Number=Plur+Variant=Short	target-surface,typed-cell-candidate	target-lexeme-identity,target-morphological-cell	an OCS treebank cell requires an independent exact Synodal surface witness | more than one source-partition treebank lemma or cell matches the target surface		130	130	0	130		weak	large	candidate-unreviewed	surface grouping is diagnostic only; target identity and complete morphology require review
578	synodal:family-candidate:c572d9b8de6e639b6ee989f0	candidate-family:synodal:family-candidate:c572d9b8de6e639b6ee989f0	synodal:family-candidate:c572d9b8de6e639b6ee989f0	восхотѣ	unknown	восхотѣ:130	130	130	130	127		untyped	target-surface	target-lexeme-identity,target-morphological-cell			130	130	0	130		weak	large	candidate-unreviewed	surface grouping is diagnostic only; target identity and complete morphology require review
579	synodal:family-candidate:f2dbcd1256564bd3ae1128ff	candidate-family:synodal:family-candidate:f2dbcd1256564bd3ae1128ff	synodal:family-candidate:f2dbcd1256564bd3ae1128ff	начало	unknown	начало:130	130	130	130	119		untyped	target-surface	target-lexeme-identity,target-morphological-cell			130	130	0	130		weak	large	candidate-unreviewed	surface grouping is diagnostic only; target identity and complete morphology require review
580	synodal:family-candidate:caf6e71791764d73f1da5207	candidate-family:synodal:family-candidate:caf6e71791764d73f1da5207	synodal:family-candidate:caf6e71791764d73f1da5207	ѕлоб-	unknown	ѕлобы:71,ѕлоба:58	129	129	129	129		possible-nominative-feminine-or-genitive-accusative,possible-nominative-plural	target-surface	target-lexeme-identity,target-morphological-cell			129	129	0	129		weak	large	candidate-unreviewed	surface grouping is diagnostic only; target identity and complete morphology require review
581	synodal:family-candidate:eb6de8547704f939eb89122c	candidate-family:synodal:family-candidate:eb6de8547704f939eb89122c	synodal:family-candidate:eb6de8547704f939eb89122c	внезапꙋ	unknown	внезапꙋ:129	129	129	129	127		untyped	target-surface	target-lexeme-identity,target-morphological-cell			129	129	0	129		weak	large	candidate-unreviewed	surface grouping is diagnostic only; target identity and complete morphology require review
582	synodal:family-candidate:ef94e980b5a1fc4a5a6d0a10	candidate-family:synodal:family-candidate:ef94e980b5a1fc4a5a6d0a10	synodal:family-candidate:ef94e980b5a1fc4a5a6d0a10	мук-	unknown	мꙋки:129	129	129	129	125		possible-nominative-plural	target-surface	target-lexeme-identity,target-morphological-cell			129	129	0	129		weak	large	candidate-unreviewed	surface grouping is diagnostic only; target identity and complete morphology require review
583	synodal:family-candidate:174bd3a7fc72e12501132324	candidate-family:synodal:family-candidate:174bd3a7fc72e12501132324	synodal:family-candidate:174bd3a7fc72e12501132324	єгѵптѧн-	unknown	єгѵптѧне:86,єгѵптѧнѡмъ:42	128	128	128	116		possible-dative-plural-or-instrumental-singular,possible-vocative-or-finite-verb	target-surface	target-lexeme-identity,target-morphological-cell			128	128	0	128		weak	large	candidate-unreviewed	surface grouping is diagnostic only; target identity and complete morphology require review
584	synodal:family-candidate:2846f915d9328b4838651527	candidate-family:synodal:family-candidate:2846f915d9328b4838651527	synodal:family-candidate:2846f915d9328b4838651527	приѧш-	unknown	прїѧша:128	128	128	128	128		possible-nominative-feminine-or-genitive-accusative	target-surface	target-lexeme-identity,target-morphological-cell			128	128	0	128		weak	large	candidate-unreviewed	surface grouping is diagnostic only; target identity and complete morphology require review
585	synodal:family-candidate:2db8dc109e1a6dcc62e452fc	candidate-family:synodal:family-candidate:2db8dc109e1a6dcc62e452fc	synodal:family-candidate:2db8dc109e1a6dcc62e452fc	ꙗвитс-	unknown	ꙗвитсѧ:128	128	128	128	128		possible-nominative-feminine-or-genitive-accusative	target-surface	target-lexeme-identity,target-morphological-cell			128	128	0	128		weak	large	candidate-unreviewed	surface grouping is diagnostic only; target identity and complete morphology require review
586	synodal:family-candidate:3389a825bd85cf23f64f8472	candidate-family:synodal:family-candidate:3389a825bd85cf23f64f8472	synodal:family-candidate:3389a825bd85cf23f64f8472	отвѣщаш-	unknown	ѿвѣщаша:128	128	128	128	125		possible-nominative-feminine-or-genitive-accusative	target-surface	target-lexeme-identity,target-morphological-cell			128	128	0	128		weak	large	candidate-unreviewed	surface grouping is diagnostic only; target identity and complete morphology require review
587	synodal:family-candidate:48bae692acbf984c25abaccb	candidate-family:synodal:family-candidate:48bae692acbf984c25abaccb	synodal:family-candidate:48bae692acbf984c25abaccb	данїилъ	unknown	данїилъ:128	128	128	128	120		ud:PROPN:Case=Nom+Gender=Masc+Number=Sing,untyped	target-surface,typed-cell-candidate	target-lexeme-identity,target-morphological-cell	an OCS treebank cell requires an independent exact Synodal surface witness		128	128	0	128		weak	large	candidate-unreviewed	surface grouping is diagnostic only; target identity and complete morphology require review
588	synodal:family-candidate:713b0bca8bfe069775d334b3	candidate-family:synodal:family-candidate:713b0bca8bfe069775d334b3	synodal:family-candidate:713b0bca8bfe069775d334b3	имѣни-	unknown	имѣнїѧ:128	128	128	128	128		possible-nominative-feminine-or-genitive-accusative	target-surface	target-lexeme-identity,target-morphological-cell			128	128	0	128		weak	large	candidate-unreviewed	surface grouping is diagnostic only; target identity and complete morphology require review
589	synodal:family-candidate:7a6607224f644ef1a8384c34	candidate-family:synodal:family-candidate:7a6607224f644ef1a8384c34	synodal:family-candidate:7a6607224f644ef1a8384c34	трети-	unknown	третїе:86,третїѧ:42	128	128	128	110		possible-nominative-feminine-or-genitive-accusative,possible-vocative-or-finite-verb	target-surface	target-lexeme-identity,target-morphological-cell			128	128	0	128		weak	large	candidate-unreviewed	surface grouping is diagnostic only; target identity and complete morphology require review
590	synodal:family-candidate:d5be53bc474d3604d2ff5013	candidate-family:synodal:family-candidate:d5be53bc474d3604d2ff5013	synodal:family-candidate:d5be53bc474d3604d2ff5013	разгнѣвас-	unknown	разгнѣвасѧ:128	128	128	128	126		possible-nominative-feminine-or-genitive-accusative	target-surface	target-lexeme-identity,target-morphological-cell			128	128	0	128		weak	large	candidate-unreviewed	surface grouping is diagnostic only; target identity and complete morphology require review
591	synodal:family-candidate:f544a07ff6dfc25fe508fcea	candidate-family:synodal:family-candidate:f544a07ff6dfc25fe508fcea	synodal:family-candidate:f544a07ff6dfc25fe508fcea	правьдьнъ	adjective	праведенъ:43	43	43	43	43		alternative	lexical-semantic-candidate,target-surface	source-partition-exact-cell-evidence; evaluation candidates cannot license runtime facts,target-lexeme-identity,target-morphological-cell	OCS dictionary morphology is candidate evidence, not a Synodal paradigm		43	43	0	43		partial	large	candidate-unreviewed	surface grouping is diagnostic only; target identity and complete morphology require review
592	synodal:family-candidate:3e8ea4cebe435464011203f5	candidate-family:synodal:family-candidate:3e8ea4cebe435464011203f5	synodal:family-candidate:3e8ea4cebe435464011203f5	воздвиж-	unknown	воздвиже:127	127	127	127	127		possible-vocative-or-finite-verb	target-surface	target-lexeme-identity,target-morphological-cell			127	127	0	127		weak	large	candidate-unreviewed	surface grouping is diagnostic only; target identity and complete morphology require review
593	synodal:family-candidate:fd6d888fff8be1c880a8efab	candidate-family:synodal:family-candidate:fd6d888fff8be1c880a8efab	synodal:family-candidate:fd6d888fff8be1c880a8efab	столпъ	unknown	столпъ:127	127	127	127	109		untyped	target-surface	target-lexeme-identity,target-morphological-cell			127	127	0	127		weak	large	candidate-unreviewed	surface grouping is diagnostic only; target identity and complete morphology require review
594	synodal:family-candidate:02fc9e309f7415cff10cc115	candidate-family:synodal:family-candidate:02fc9e309f7415cff10cc115	synodal:family-candidate:02fc9e309f7415cff10cc115	іꙋдѣ	unknown	іꙋдѣ:126	126	126	126	126		untyped	target-surface	target-lexeme-identity,target-morphological-cell			126	126	0	126		weak	large	candidate-unreviewed	surface grouping is diagnostic only; target identity and complete morphology require review
595	synodal:family-candidate:db64affefbffa242438e92b7	candidate-family:synodal:family-candidate:db64affefbffa242438e92b7	synodal:family-candidate:db64affefbffa242438e92b7	поклонис-	unknown	поклонисѧ:126	126	126	126	126		possible-nominative-feminine-or-genitive-accusative	target-surface	target-lexeme-identity,target-morphological-cell			126	126	0	126		weak	large	candidate-unreviewed	surface grouping is diagnostic only; target identity and complete morphology require review
596	synodal:family-candidate:e90e50448d6a15834cbcee80	candidate-family:synodal:family-candidate:e90e50448d6a15834cbcee80	synodal:family-candidate:e90e50448d6a15834cbcee80	труб-	unknown	трꙋбами:68,трꙋбы:58	126	126	126	118		possible-nominative-plural	target-surface	target-lexeme-identity,target-morphological-cell			126	126	0	126		weak	large	candidate-unreviewed	surface grouping is diagnostic only; target identity and complete morphology require review
597	synodal:family-candidate:0096b4619a577bdd672eb5d9	candidate-family:synodal:family-candidate:0096b4619a577bdd672eb5d9	synodal:family-candidate:0096b4619a577bdd672eb5d9	єлей	unknown	єлей:125	125	125	125	116		untyped	target-surface	target-lexeme-identity,target-morphological-cell			125	125	0	125		weak	large	candidate-unreviewed	surface grouping is diagnostic only; target identity and complete morphology require review
598	synodal:family-candidate:2cd53c72bbc9c81c447abe58	candidate-family:synodal:family-candidate:2cd53c72bbc9c81c447abe58	synodal:family-candidate:2cd53c72bbc9c81c447abe58	кꙋпнѡ	unknown	кꙋпнѡ:125	125	125	125	123		untyped	target-surface	target-lexeme-identity,target-morphological-cell			125	125	0	125		weak	large	candidate-unreviewed	surface grouping is diagnostic only; target identity and complete morphology require review
599	synodal:family-candidate:36704eb22373a1049a544583	candidate-family:synodal:family-candidate:36704eb22373a1049a544583	synodal:family-candidate:36704eb22373a1049a544583	вонъ	unknown	вонъ:125	125	125	125	123		untyped	target-surface	target-lexeme-identity,target-morphological-cell			125	125	0	125		weak	large	candidate-unreviewed	surface grouping is diagnostic only; target identity and complete morphology require review
600	synodal:family-candidate:371fcb2f8313967fa736e979	candidate-family:synodal:family-candidate:371fcb2f8313967fa736e979	synodal:family-candidate:371fcb2f8313967fa736e979	дрꙋгій	unknown	дрꙋгій:125	125	125	125	123		untyped	target-surface	target-lexeme-identity,target-morphological-cell			125	125	0	125		weak	large	candidate-unreviewed	surface grouping is diagnostic only; target identity and complete morphology require review
601	synodal:family-candidate:1b9eef70d9697a17143e971c	candidate-family:synodal:family-candidate:1b9eef70d9697a17143e971c	synodal:family-candidate:1b9eef70d9697a17143e971c	іꙋдинꙋ	unknown	іꙋдинꙋ:124	124	124	124	120		untyped	target-surface	target-lexeme-identity,target-morphological-cell			124	124	0	124		weak	large	candidate-unreviewed	surface grouping is diagnostic only; target identity and complete morphology require review
602	synodal:family-candidate:2bb5a4a9bc39a72c6c8a08a4	candidate-family:synodal:family-candidate:2bb5a4a9bc39a72c6c8a08a4	synodal:family-candidate:2bb5a4a9bc39a72c6c8a08a4	іꙋдꙋ	unknown	іꙋдꙋ:124	124	124	124	122		untyped	target-surface	target-lexeme-identity,target-morphological-cell			124	124	0	124		weak	large	candidate-unreviewed	surface grouping is diagnostic only; target identity and complete morphology require review
603	synodal:family-candidate:31a4733a631d8d3d312de124	candidate-family:synodal:family-candidate:31a4733a631d8d3d312de124	synodal:family-candidate:31a4733a631d8d3d312de124	вышнїй	unknown	вышнїй:124	124	124	124	120		untyped	target-surface	target-lexeme-identity,target-morphological-cell			124	124	0	124		weak	large	candidate-unreviewed	surface grouping is diagnostic only; target identity and complete morphology require review
604	synodal:family-candidate:473984314e0e32a64ed11d4f	candidate-family:synodal:family-candidate:473984314e0e32a64ed11d4f	synodal:family-candidate:473984314e0e32a64ed11d4f	послушайт-	unknown	послꙋшайте:124	124	124	124	114		possible-vocative-or-finite-verb	target-surface	target-lexeme-identity,target-morphological-cell			124	124	0	124		weak	large	candidate-unreviewed	surface grouping is diagnostic only; target identity and complete morphology require review
605	synodal:family-candidate:6f3ab5bce6e5810425d92354	candidate-family:synodal:family-candidate:6f3ab5bce6e5810425d92354	synodal:family-candidate:6f3ab5bce6e5810425d92354	взѧ-	unknown	взѧти:124	124	124	124	121		possible-nominative-plural	target-surface	target-lexeme-identity,target-morphological-cell			124	124	0	124		weak	large	candidate-unreviewed	surface grouping is diagnostic only; target identity and complete morphology require review
606	synodal:family-candidate:b1b3870d6122bf4787c557a0	candidate-family:synodal:family-candidate:b1b3870d6122bf4787c557a0	synodal:family-candidate:b1b3870d6122bf4787c557a0	галиле-	unknown	галїлеи:82,галїлею:42	124	124	124	121		possible-nominative-plural,ud:PROPN:Case=Loc+Gender=Fem+Number=Sing,untyped	target-surface,typed-cell-candidate	target-lexeme-identity,target-morphological-cell	an OCS treebank cell requires an independent exact Synodal surface witness		124	124	0	124		weak	large	candidate-unreviewed	surface grouping is diagnostic only; target identity and complete morphology require review
607	synodal:family-candidate:e6c66d5784a790d3e4352f31	candidate-family:synodal:family-candidate:e6c66d5784a790d3e4352f31	synodal:family-candidate:e6c66d5784a790d3e4352f31	верхꙋ	unknown	верхꙋ:124	124	124	124	116		untyped	target-surface	target-lexeme-identity,target-morphological-cell			124	124	0	124		weak	large	candidate-unreviewed	surface grouping is diagnostic only; target identity and complete morphology require review
608	synodal:family-candidate:0bbcb9aeb3e33f2a247c6f3b	candidate-family:synodal:family-candidate:0bbcb9aeb3e33f2a247c6f3b	synodal:family-candidate:0bbcb9aeb3e33f2a247c6f3b	пиша	verb	пиша:42	42	42	42	42		lemma,possible-nominative-feminine-or-genitive-accusative	lexical-semantic-candidate,target-surface	source-partition-exact-cell-evidence; evaluation candidates cannot license runtime facts,target-lexeme-identity,target-morphological-cell	OCS dictionary morphology is candidate evidence, not a Synodal paradigm		42	42	0	42		partial	large	candidate-unreviewed	surface grouping is diagnostic only; target identity and complete morphology require review
609	synodal:family-candidate:5577d1e633606c68cd36b9a3	candidate-family:synodal:family-candidate:5577d1e633606c68cd36b9a3	synodal:family-candidate:5577d1e633606c68cd36b9a3	покой	unknown	покой:123	123	123	123	119		untyped	target-surface	target-lexeme-identity,target-morphological-cell			123	123	0	123		weak	large	candidate-unreviewed	surface grouping is diagnostic only; target identity and complete morphology require review
610	synodal:family-candidate:63c627da0d044a6d1934a846	candidate-family:synodal:family-candidate:63c627da0d044a6d1934a846	synodal:family-candidate:63c627da0d044a6d1934a846	постав-	unknown	поставиша:123	123	123	123	123		possible-nominative-feminine-or-genitive-accusative	target-surface	target-lexeme-identity,target-morphological-cell			123	123	0	123		weak	large	candidate-unreviewed	surface grouping is diagnostic only; target identity and complete morphology require review
611	synodal:family-candidate:951095a43f0552c5dc35f427	candidate-family:synodal:family-candidate:951095a43f0552c5dc35f427	synodal:family-candidate:951095a43f0552c5dc35f427	авраамꙋ	unknown	авраамꙋ:123	123	123	123	123		untyped	target-surface	target-lexeme-identity,target-morphological-cell			123	123	0	123		weak	large	candidate-unreviewed	surface grouping is diagnostic only; target identity and complete morphology require review
612	synodal:family-candidate:97e2f2874c396d8604f6eb88	candidate-family:synodal:family-candidate:97e2f2874c396d8604f6eb88	synodal:family-candidate:97e2f2874c396d8604f6eb88	возлиѧни-	unknown	возлїѧнїѧ:77,возлїѧнїе:46	123	123	123	117		possible-nominative-feminine-or-genitive-accusative,possible-vocative-or-finite-verb	target-surface	target-lexeme-identity,target-morphological-cell			123	123	0	123		weak	large	candidate-unreviewed	surface grouping is diagnostic only; target identity and complete morphology require review
613	synodal:family-candidate:da4d1185ed7ee94c447dd4bd	candidate-family:synodal:family-candidate:da4d1185ed7ee94c447dd4bd	synodal:family-candidate:da4d1185ed7ee94c447dd4bd	престолѣ	unknown	престолѣ:123	123	123	123	123		untyped	target-surface	target-lexeme-identity,target-morphological-cell			123	123	0	123		weak	large	candidate-unreviewed	surface grouping is diagnostic only; target identity and complete morphology require review
614	synodal:family-candidate:16dbc7b0123d0444cbb8bfce	candidate-family:synodal:family-candidate:16dbc7b0123d0444cbb8bfce	synodal:family-candidate:16dbc7b0123d0444cbb8bfce	градꙋ	unknown	градꙋ:122	122	122	122	118		untyped	target-surface	target-lexeme-identity,target-morphological-cell			122	122	0	122		weak	large	candidate-unreviewed	surface grouping is diagnostic only; target identity and complete morphology require review
615	synodal:family-candidate:56ca5edc341df887b49c635e	candidate-family:synodal:family-candidate:56ca5edc341df887b49c635e	synodal:family-candidate:56ca5edc341df887b49c635e	пройд-	unknown	пройде:64,пройдꙋтъ:58	122	122	122	112		possible-finite-verb,possible-vocative-or-finite-verb	target-surface	target-lexeme-identity,target-morphological-cell			122	122	0	122		weak	large	candidate-unreviewed	surface grouping is diagnostic only; target identity and complete morphology require review
616	synodal:family-candidate:5b2c143d95c94de2e096b917	candidate-family:synodal:family-candidate:5b2c143d95c94de2e096b917	synodal:family-candidate:5b2c143d95c94de2e096b917	видѣвш-	unknown	видѣвше:122	122	122	122	122		possible-vocative-or-finite-verb	target-surface	target-lexeme-identity,target-morphological-cell			122	122	0	122		weak	large	candidate-unreviewed	surface grouping is diagnostic only; target identity and complete morphology require review
617	synodal:family-candidate:6e1f33748be58588cf5acff7	candidate-family:synodal:family-candidate:6e1f33748be58588cf5acff7	synodal:family-candidate:6e1f33748be58588cf5acff7	душе-	unknown	дꙋшею:122	122	122	122	121		untyped	target-surface	target-lexeme-identity,target-morphological-cell			122	122	0	122		weak	large	candidate-unreviewed	surface grouping is diagnostic only; target identity and complete morphology require review
618	synodal:family-candidate:e29fee0ceebebfe28f06a5d4	candidate-family:synodal:family-candidate:e29fee0ceebebfe28f06a5d4	synodal:family-candidate:e29fee0ceebebfe28f06a5d4	ѡстанокъ	unknown	ѡстанокъ:122	122	122	122	110		untyped	target-surface	target-lexeme-identity,target-morphological-cell			122	122	0	122		weak	large	candidate-unreviewed	surface grouping is diagnostic only; target identity and complete morphology require review
619	synodal:family-candidate:1d50f5a94f8bfd84c046025c	candidate-family:synodal:family-candidate:1d50f5a94f8bfd84c046025c	synodal:family-candidate:1d50f5a94f8bfd84c046025c	вселис-	unknown	вселисѧ:121	121	121	121	113		possible-nominative-feminine-or-genitive-accusative	target-surface	target-lexeme-identity,target-morphological-cell			121	121	0	121		weak	large	candidate-unreviewed	surface grouping is diagnostic only; target identity and complete morphology require review
620	synodal:family-candidate:3b4ce8fc9ef1dd6887a631fb	candidate-family:synodal:family-candidate:3b4ce8fc9ef1dd6887a631fb	synodal:family-candidate:3b4ce8fc9ef1dd6887a631fb	созад-	unknown	созади:121	121	121	121	115		possible-nominative-plural	target-surface	target-lexeme-identity,target-morphological-cell			121	121	0	121		weak	large	candidate-unreviewed	surface grouping is diagnostic only; target identity and complete morphology require review
621	synodal:family-candidate:7df8eee52850e3baf94d5efd	candidate-family:synodal:family-candidate:7df8eee52850e3baf94d5efd	synodal:family-candidate:7df8eee52850e3baf94d5efd	чрев-	unknown	чрева:121	121	121	121	121		possible-nominative-feminine-or-genitive-accusative	target-surface	target-lexeme-identity,target-morphological-cell			121	121	0	121		weak	large	candidate-unreviewed	surface grouping is diagnostic only; target identity and complete morphology require review
622	synodal:family-candidate:a72586425af53e73369a07a9	candidate-family:synodal:family-candidate:a72586425af53e73369a07a9	synodal:family-candidate:a72586425af53e73369a07a9	прочи-	unknown	прочїи:121	121	121	121	121		possible-nominative-plural,ud:ADJ:Case=Acc+Degree=Pos+Gender=Masc+Number=Sing,ud:ADJ:Case=Nom+Degree=Pos+Gender=Masc+Number=Plur	target-surface,typed-cell-candidate	target-lexeme-identity,target-morphological-cell	an OCS treebank cell requires an independent exact Synodal surface witness | more than one source-partition treebank lemma or cell matches the target surface		121	121	0	121		weak	large	candidate-unreviewed	surface grouping is diagnostic only; target identity and complete morphology require review
623	synodal:family-candidate:b1df259a7c887ce564270d2b	candidate-family:synodal:family-candidate:b1df259a7c887ce564270d2b	synodal:family-candidate:b1df259a7c887ce564270d2b	быва-	unknown	бываетъ:121	121	121	121	120		possible-finite-verb	target-surface	target-lexeme-identity,target-morphological-cell			121	121	0	121		weak	large	candidate-unreviewed	surface grouping is diagnostic only; target identity and complete morphology require review
624	synodal:family-candidate:e4d9554f1b6681fb0e455f47	candidate-family:synodal:family-candidate:e4d9554f1b6681fb0e455f47	synodal:family-candidate:e4d9554f1b6681fb0e455f47	приступ-	unknown	пристꙋпиша:65,пристꙋпи:56	121	121	121	119		possible-nominative-feminine-or-genitive-accusative,possible-nominative-plural	target-surface	target-lexeme-identity,target-morphological-cell			121	121	0	121		weak	large	candidate-unreviewed	surface grouping is diagnostic only; target identity and complete morphology require review
625	synodal:family-candidate:14811f90ad69c86023105b7a	candidate-family:synodal:family-candidate:14811f90ad69c86023105b7a	synodal:family-candidate:14811f90ad69c86023105b7a	правдѣ	unknown	правдѣ:120	120	120	120	120		untyped	target-surface	target-lexeme-identity,target-morphological-cell			120	120	0	120		weak	large	candidate-unreviewed	surface grouping is diagnostic only; target identity and complete morphology require review
626	synodal:family-candidate:1ec626b682d4989744099a51	candidate-family:synodal:family-candidate:1ec626b682d4989744099a51	synodal:family-candidate:1ec626b682d4989744099a51	воздастъ	unknown	воздастъ:120	120	120	120	112		possible-finite-verb	target-surface	target-lexeme-identity,target-morphological-cell			120	120	0	120		weak	large	candidate-unreviewed	surface grouping is diagnostic only; target identity and complete morphology require review
627	synodal:family-candidate:3f0b5dc02d658239838381ad	candidate-family:synodal:family-candidate:3f0b5dc02d658239838381ad	synodal:family-candidate:3f0b5dc02d658239838381ad	наведꙋ	unknown	наведꙋ:120	120	120	120	118		untyped	target-surface	target-lexeme-identity,target-morphological-cell			120	120	0	120		weak	large	candidate-unreviewed	surface grouping is diagnostic only; target identity and complete morphology require review
628	synodal:family-candidate:529e19ae74cdaa0ceea5a09d	candidate-family:synodal:family-candidate:529e19ae74cdaa0ceea5a09d	synodal:family-candidate:529e19ae74cdaa0ceea5a09d	амож-	unknown	аможе:120	120	120	120	118		possible-vocative-or-finite-verb	target-surface	target-lexeme-identity,target-morphological-cell			120	120	0	120		weak	large	candidate-unreviewed	surface grouping is diagnostic only; target identity and complete morphology require review
629	synodal:family-candidate:52c115277383fa45d694b577	candidate-family:synodal:family-candidate:52c115277383fa45d694b577	synodal:family-candidate:52c115277383fa45d694b577	птиц-	unknown	птицы:120	120	120	120	120		possible-nominative-plural	target-surface	target-lexeme-identity,target-morphological-cell			120	120	0	120		weak	large	candidate-unreviewed	surface grouping is diagnostic only; target identity and complete morphology require review
630	synodal:family-candidate:b741f02296fe7ab470bb45d8	candidate-family:synodal:family-candidate:b741f02296fe7ab470bb45d8	synodal:family-candidate:b741f02296fe7ab470bb45d8	живущы-	unknown	живꙋщыѧ:120	120	120	120	112		possible-nominative-feminine-or-genitive-accusative	target-surface	target-lexeme-identity,target-morphological-cell			120	120	0	120		weak	large	candidate-unreviewed	surface grouping is diagnostic only; target identity and complete morphology require review
631	synodal:family-candidate:d5a943b40c25ce23d8013ab7	candidate-family:synodal:family-candidate:d5a943b40c25ce23d8013ab7	synodal:family-candidate:d5a943b40c25ce23d8013ab7	ближнѧгѡ	unknown	ближнѧгѡ:66,ближнѧго:54	120	120	120	107		untyped	target-surface	target-lexeme-identity,target-morphological-cell			120	120	0	120		weak	large	candidate-unreviewed	surface grouping is diagnostic only; target identity and complete morphology require review
632	synodal:family-candidate:ea06d34059b8ad2e1c9d470b	candidate-family:synodal:family-candidate:ea06d34059b8ad2e1c9d470b	synodal:family-candidate:ea06d34059b8ad2e1c9d470b	числꙋ	unknown	числꙋ:120	120	120	120	110		untyped	target-surface	target-lexeme-identity,target-morphological-cell			120	120	0	120		weak	large	candidate-unreviewed	surface grouping is diagnostic only; target identity and complete morphology require review
633	synodal:family-candidate:010bfce93bf0ed27c9f70203	candidate-family:synodal:family-candidate:010bfce93bf0ed27c9f70203	synodal:family-candidate:010bfce93bf0ed27c9f70203	николи / николиже	ambiguous	николиже:41	41	41	41	38		alternative,lemma,possible-vocative-or-finite-verb	lexical-semantic-candidate,target-surface	source-partition-exact-cell-evidence; evaluation candidates cannot license runtime facts,target-lexeme-identity,target-morphological-cell	OCS dictionary morphology is candidate evidence, not a Synodal paradigm | more than one lexical identity is compatible with at least one surface	candidate evidence preserves lexical or cell ambiguity	0	41	41	41		partial	large	candidate-unreviewed	surface grouping is diagnostic only; target identity and complete morphology require review
634	synodal:family-candidate:03adf57033e4159a989b9d6d	candidate-family:synodal:family-candidate:03adf57033e4159a989b9d6d	synodal:family-candidate:03adf57033e4159a989b9d6d	мъножицеѭ	adverb	множицею:40	40	40	40	38		Old-East-Church-Slavonic+alternative	lexical-semantic-candidate,target-surface	source-partition-exact-cell-evidence; evaluation candidates cannot license runtime facts,target-lexeme-identity,target-morphological-cell	OCS dictionary morphology is candidate evidence, not a Synodal paradigm		40	40	0	40		partial	large	candidate-unreviewed	surface grouping is diagnostic only; target identity and complete morphology require review
635	synodal:family-candidate:7cef0c52e50a4f2e8c58d922	candidate-family:synodal:family-candidate:7cef0c52e50a4f2e8c58d922	synodal:family-candidate:7cef0c52e50a4f2e8c58d922	Сѷріꙗ	proper-noun	сѷріи:40	40	40	40	38		dative+locative+singular,possible-nominative-plural	lexical-semantic-candidate,target-surface	target-lexeme-identity,target-morphological-cell	OCS dictionary morphology is candidate evidence, not a Synodal paradigm		40	40	0	40		partial	large	candidate-unreviewed	surface grouping is diagnostic only; target identity and complete morphology require review
636	synodal:family-candidate:10f76cf241bafc317cea123d	candidate-family:synodal:family-candidate:10f76cf241bafc317cea123d	synodal:family-candidate:10f76cf241bafc317cea123d	иноплеменник-	unknown	иноплеменникѡвъ:69,иноплеменники:49	118	118	118	112		possible-genitive-or-locative-plural,possible-nominative-plural	target-surface	target-lexeme-identity,target-morphological-cell			118	118	0	118		weak	large	candidate-unreviewed	surface grouping is diagnostic only; target identity and complete morphology require review
637	synodal:family-candidate:24a7edad66f6fc82617ca845	candidate-family:synodal:family-candidate:24a7edad66f6fc82617ca845	synodal:family-candidate:24a7edad66f6fc82617ca845	кнѧзей	unknown	кнѧзей:118	118	118	118	116		untyped	target-surface	target-lexeme-identity,target-morphological-cell			118	118	0	118		weak	large	candidate-unreviewed	surface grouping is diagnostic only; target identity and complete morphology require review
638	synodal:family-candidate:2f42e9d74e290dfd10f9fdca	candidate-family:synodal:family-candidate:2f42e9d74e290dfd10f9fdca	synodal:family-candidate:2f42e9d74e290dfd10f9fdca	возвратишас-	unknown	возвратишасѧ:118	118	118	118	118		possible-nominative-feminine-or-genitive-accusative	target-surface	target-lexeme-identity,target-morphological-cell			118	118	0	118		weak	large	candidate-unreviewed	surface grouping is diagnostic only; target identity and complete morphology require review
639	synodal:family-candidate:5e0d35239eedeb310536ea1a	candidate-family:synodal:family-candidate:5e0d35239eedeb310536ea1a	synodal:family-candidate:5e0d35239eedeb310536ea1a	чадъ	unknown	чадъ:118	118	118	118	114		untyped	target-surface	target-lexeme-identity,target-morphological-cell			118	118	0	118		weak	large	candidate-unreviewed	surface grouping is diagnostic only; target identity and complete morphology require review
640	synodal:family-candidate:ca2114ead4c6a8a628dea8e4	candidate-family:synodal:family-candidate:ca2114ead4c6a8a628dea8e4	synodal:family-candidate:ca2114ead4c6a8a628dea8e4	идѧш-	unknown	идѧше:118	118	118	118	114		possible-vocative-or-finite-verb	target-surface	target-lexeme-identity,target-morphological-cell			118	118	0	118		weak	large	candidate-unreviewed	surface grouping is diagnostic only; target identity and complete morphology require review
641	synodal:family-candidate:e7b70810f3d1ff0f3fa989c0	candidate-family:synodal:family-candidate:e7b70810f3d1ff0f3fa989c0	synodal:family-candidate:e7b70810f3d1ff0f3fa989c0	доколѣ	unknown	доколѣ:118	118	118	118	104		ud:ADV:PronType=Int,untyped	target-surface,typed-cell-candidate	target-lexeme-identity,target-morphological-cell	an OCS treebank cell requires an independent exact Synodal surface witness		118	118	0	118		weak	large	candidate-unreviewed	surface grouping is diagnostic only; target identity and complete morphology require review
642	synodal:family-candidate:49c3d53b3773cba34a0f7f6a	candidate-family:synodal:family-candidate:49c3d53b3773cba34a0f7f6a	synodal:family-candidate:49c3d53b3773cba34a0f7f6a	жерцꙋ	unknown	жерцꙋ:117	117	117	117	113		untyped	target-surface	target-lexeme-identity,target-morphological-cell			117	117	0	117		weak	large	candidate-unreviewed	surface grouping is diagnostic only; target identity and complete morphology require review
643	synodal:family-candidate:a929477269ee311fe5fec6d6	candidate-family:synodal:family-candidate:a929477269ee311fe5fec6d6	synodal:family-candidate:a929477269ee311fe5fec6d6	раб-	unknown	рабѡвъ:117	117	117	117	109		possible-genitive-or-locative-plural	target-surface	target-lexeme-identity,target-morphological-cell			117	117	0	117		weak	large	candidate-unreviewed	surface grouping is diagnostic only; target identity and complete morphology require review
644	synodal:family-candidate:f45dd1e0e93815e178c98805	candidate-family:synodal:family-candidate:f45dd1e0e93815e178c98805	synodal:family-candidate:f45dd1e0e93815e178c98805	сон-	unknown	сонма:117	117	117	117	117		possible-nominative-feminine-or-genitive-accusative	target-surface	target-lexeme-identity,target-morphological-cell			117	117	0	117		weak	large	candidate-unreviewed	surface grouping is diagnostic only; target identity and complete morphology require review
645	synodal:family-candidate:0bf055631b1c69dabc5eff90	candidate-family:synodal:family-candidate:0bf055631b1c69dabc5eff90	synodal:family-candidate:0bf055631b1c69dabc5eff90	приидит-	unknown	прїидите:116	116	116	116	114		possible-vocative-or-finite-verb	target-surface	target-lexeme-identity,target-morphological-cell			116	116	0	116		weak	large	candidate-unreviewed	surface grouping is diagnostic only; target identity and complete morphology require review
646	synodal:family-candidate:577589993c00d18838738d12	candidate-family:synodal:family-candidate:577589993c00d18838738d12	synodal:family-candidate:577589993c00d18838738d12	погреб-	unknown	погребоша:116	116	116	116	108		possible-nominative-feminine-or-genitive-accusative	target-surface	target-lexeme-identity,target-morphological-cell			116	116	0	116		weak	large	candidate-unreviewed	surface grouping is diagnostic only; target identity and complete morphology require review
647	synodal:family-candidate:6d8e25611d1ad3d51748735c	candidate-family:synodal:family-candidate:6d8e25611d1ad3d51748735c	synodal:family-candidate:6d8e25611d1ad3d51748735c	повѣд-	unknown	повѣда:116	116	116	116	110		possible-nominative-feminine-or-genitive-accusative,ud:VERB:Aspect=Perf+Mood=Ind+Number=Sing+Person=3+Tense=Past+VerbForm=Fin+Voice=Act	target-surface,typed-cell-candidate	target-lexeme-identity,target-morphological-cell	an OCS treebank cell requires an independent exact Synodal surface witness		116	116	0	116		weak	large	candidate-unreviewed	surface grouping is diagnostic only; target identity and complete morphology require review
648	synodal:family-candidate:6e87442445fa4d6f4b708ebc	candidate-family:synodal:family-candidate:6e87442445fa4d6f4b708ebc	synodal:family-candidate:6e87442445fa4d6f4b708ebc	свѧщенник-	unknown	свѧщенникѡвъ:62,свѧщенникѡмъ:54	116	116	116	112		possible-dative-plural-or-instrumental-singular,possible-genitive-or-locative-plural	target-surface	target-lexeme-identity,target-morphological-cell			116	116	0	116		weak	large	candidate-unreviewed	surface grouping is diagnostic only; target identity and complete morphology require review
649	synodal:family-candidate:b08d678bd62bea25801580bb	candidate-family:synodal:family-candidate:b08d678bd62bea25801580bb	synodal:family-candidate:b08d678bd62bea25801580bb	пасхꙋ	unknown	пасхꙋ:116	116	116	116	106		untyped	target-surface	target-lexeme-identity,target-morphological-cell			116	116	0	116		weak	large	candidate-unreviewed	surface grouping is diagnostic only; target identity and complete morphology require review
650	synodal:family-candidate:b346416c7f9088918a7320e0	candidate-family:synodal:family-candidate:b346416c7f9088918a7320e0	synodal:family-candidate:b346416c7f9088918a7320e0	церковь	unknown	церковь:115	115	115	115	113		untyped	target-surface	target-lexeme-identity,target-morphological-cell			115	115	0	115		weak	large	candidate-unreviewed	surface grouping is diagnostic only; target identity and complete morphology require review
651	synodal:family-candidate:4558bd018f04123300efdfb0	candidate-family:synodal:family-candidate:4558bd018f04123300efdfb0	synodal:family-candidate:4558bd018f04123300efdfb0	скончани-	unknown	скончанїе:62,скончанїѧ:52	114	114	114	106		possible-nominative-feminine-or-genitive-accusative,possible-vocative-or-finite-verb	target-surface	target-lexeme-identity,target-morphological-cell			114	114	0	114		weak	large	candidate-unreviewed	surface grouping is diagnostic only; target identity and complete morphology require review
652	synodal:family-candidate:65452184c21445caf16f7034	candidate-family:synodal:family-candidate:65452184c21445caf16f7034	synodal:family-candidate:65452184c21445caf16f7034	воистиннꙋ	unknown	воистиннꙋ:114	114	114	114	113		untyped	target-surface	target-lexeme-identity,target-morphological-cell			114	114	0	114		weak	large	candidate-unreviewed	surface grouping is diagnostic only; target identity and complete morphology require review
653	synodal:family-candidate:6f3b5143754541fd46c73951	candidate-family:synodal:family-candidate:6f3b5143754541fd46c73951	synodal:family-candidate:6f3b5143754541fd46c73951	бойс-	unknown	бойсѧ:114	114	114	114	114		possible-nominative-feminine-or-genitive-accusative	target-surface	target-lexeme-identity,target-morphological-cell			114	114	0	114		weak	large	candidate-unreviewed	surface grouping is diagnostic only; target identity and complete morphology require review
654	synodal:family-candidate:afbae35d645aab90d7a98f3a	candidate-family:synodal:family-candidate:afbae35d645aab90d7a98f3a	synodal:family-candidate:afbae35d645aab90d7a98f3a	кое	unknown	кое:114	114	114	114	101		possible-vocative-or-finite-verb,ud:PRON:Case=Acc+Gender=Neut+Number=Sing+PronType=Int,ud:PRON:Case=Nom+Gender=Neut+Number=Sing+PronType=Int	target-surface,typed-cell-candidate	target-lexeme-identity,target-morphological-cell	an OCS treebank cell requires an independent exact Synodal surface witness | more than one source-partition treebank lemma or cell matches the target surface		114	114	0	114		weak	large	candidate-unreviewed	surface grouping is diagnostic only; target identity and complete morphology require review
655	synodal:family-candidate:b44a4c09072e1c4738f484a3	candidate-family:synodal:family-candidate:b44a4c09072e1c4738f484a3	synodal:family-candidate:b44a4c09072e1c4738f484a3	пожр-	unknown	пожре:60,пожроша:54	114	114	114	112		possible-nominative-feminine-or-genitive-accusative,possible-vocative-or-finite-verb	target-surface	target-lexeme-identity,target-morphological-cell			114	114	0	114		weak	large	candidate-unreviewed	surface grouping is diagnostic only; target identity and complete morphology require review
656	synodal:family-candidate:f42a5b85b99886b2a99d323e	candidate-family:synodal:family-candidate:f42a5b85b99886b2a99d323e	synodal:family-candidate:f42a5b85b99886b2a99d323e	іисꙋсꙋ	unknown	іисꙋсꙋ:114	114	114	114	108		untyped	target-surface	target-lexeme-identity,target-morphological-cell			114	114	0	114		weak	large	candidate-unreviewed	surface grouping is diagnostic only; target identity and complete morphology require review
657	synodal:family-candidate:4335b8576f426b9419da57e9	candidate-family:synodal:family-candidate:4335b8576f426b9419da57e9	synodal:family-candidate:4335b8576f426b9419da57e9	послѣднѧ-	unknown	послѣднѧѧ:113	113	113	113	113		possible-nominative-feminine-or-genitive-accusative	target-surface	target-lexeme-identity,target-morphological-cell			113	113	0	113		weak	large	candidate-unreviewed	surface grouping is diagnostic only; target identity and complete morphology require review
658	synodal:family-candidate:238b74fbbe37a098caf10a2c	candidate-family:synodal:family-candidate:238b74fbbe37a098caf10a2c	synodal:family-candidate:238b74fbbe37a098caf10a2c	хощꙋ	unknown	хощꙋ:112	112	112	112	110		untyped	target-surface	target-lexeme-identity,target-morphological-cell			112	112	0	112		weak	large	candidate-unreviewed	surface grouping is diagnostic only; target identity and complete morphology require review
659	synodal:family-candidate:4b5cc3f8f6e43cc9e172e455	candidate-family:synodal:family-candidate:4b5cc3f8f6e43cc9e172e455	synodal:family-candidate:4b5cc3f8f6e43cc9e172e455	любв-	unknown	любве:71,любви:41	112	112	112	108		possible-nominative-plural,possible-vocative-or-finite-verb	target-surface	target-lexeme-identity,target-morphological-cell			112	112	0	112		weak	large	candidate-unreviewed	surface grouping is diagnostic only; target identity and complete morphology require review
660	synodal:family-candidate:a78815266ec11358eeb066e3	candidate-family:synodal:family-candidate:a78815266ec11358eeb066e3	synodal:family-candidate:a78815266ec11358eeb066e3	вавѷлѡнскїй	unknown	вавѷлѡнскїй:112	112	112	112	110		untyped	target-surface	target-lexeme-identity,target-morphological-cell			112	112	0	112		weak	large	candidate-unreviewed	surface grouping is diagnostic only; target identity and complete morphology require review
661	synodal:family-candidate:f5b6215f484a4bf065c341fb	candidate-family:synodal:family-candidate:f5b6215f484a4bf065c341fb	synodal:family-candidate:f5b6215f484a4bf065c341fb	бывш-	unknown	бывше:61,бывшихъ:51	112	112	112	110		possible-genitive-or-locative-plural,possible-vocative-or-finite-verb	target-surface	target-lexeme-identity,target-morphological-cell			112	112	0	112		weak	large	candidate-unreviewed	surface grouping is diagnostic only; target identity and complete morphology require review
662	synodal:family-candidate:034cac7e467dc5c17f2b9045	candidate-family:synodal:family-candidate:034cac7e467dc5c17f2b9045	synodal:family-candidate:034cac7e467dc5c17f2b9045	послꙋшай	unknown	послꙋшай:110	110	110	110	104		untyped	target-surface	target-lexeme-identity,target-morphological-cell			110	110	0	110		weak	large	candidate-unreviewed	surface grouping is diagnostic only; target identity and complete morphology require review
663	synodal:family-candidate:0a8ca6fafb5b8cf699468050	candidate-family:synodal:family-candidate:0a8ca6fafb5b8cf699468050	synodal:family-candidate:0a8ca6fafb5b8cf699468050	заповѣда-	unknown	заповѣдаю:110	110	110	110	108		untyped	target-surface	target-lexeme-identity,target-morphological-cell			110	110	0	110		weak	large	candidate-unreviewed	surface grouping is diagnostic only; target identity and complete morphology require review
664	synodal:family-candidate:14d11d133cae5c200289ead4	candidate-family:synodal:family-candidate:14d11d133cae5c200289ead4	synodal:family-candidate:14d11d133cae5c200289ead4	вышш-	unknown	вышше:110	110	110	110	108		possible-vocative-or-finite-verb	target-surface	target-lexeme-identity,target-morphological-cell			110	110	0	110		weak	large	candidate-unreviewed	surface grouping is diagnostic only; target identity and complete morphology require review
665	synodal:family-candidate:41b6e4a278885d62d1d24d5f	candidate-family:synodal:family-candidate:41b6e4a278885d62d1d24d5f	synodal:family-candidate:41b6e4a278885d62d1d24d5f	стѣнꙋ	unknown	стѣнꙋ:110	110	110	110	106		untyped	target-surface	target-lexeme-identity,target-morphological-cell			110	110	0	110		weak	large	candidate-unreviewed	surface grouping is diagnostic only; target identity and complete morphology require review
666	synodal:family-candidate:439f7795861ae4c9180a6c12	candidate-family:synodal:family-candidate:439f7795861ae4c9180a6c12	synodal:family-candidate:439f7795861ae4c9180a6c12	взыск-	unknown	взыскати:56,взыска:54	110	110	110	108		possible-nominative-feminine-or-genitive-accusative,possible-nominative-plural	target-surface	target-lexeme-identity,target-morphological-cell			110	110	0	110		weak	large	candidate-unreviewed	surface grouping is diagnostic only; target identity and complete morphology require review
667	synodal:family-candidate:ddc6b03caf11ec77d9d973ae	candidate-family:synodal:family-candidate:ddc6b03caf11ec77d9d973ae	synodal:family-candidate:ddc6b03caf11ec77d9d973ae	ног-	unknown	ноги:110	110	110	110	110		possible-nominative-plural	target-surface	target-lexeme-identity,target-morphological-cell			110	110	0	110		weak	large	candidate-unreviewed	surface grouping is diagnostic only; target identity and complete morphology require review
668	synodal:family-candidate:ed7467dd3d77d260a7ea07c5	candidate-family:synodal:family-candidate:ed7467dd3d77d260a7ea07c5	synodal:family-candidate:ed7467dd3d77d260a7ea07c5	мерзость	unknown	мерзость:110	110	110	110	106		untyped	target-surface	target-lexeme-identity,target-morphological-cell			110	110	0	110		weak	large	candidate-unreviewed	surface grouping is diagnostic only; target identity and complete morphology require review
669	synodal:family-candidate:13c5003b27bbe1846d60e969	candidate-family:synodal:family-candidate:13c5003b27bbe1846d60e969	synodal:family-candidate:13c5003b27bbe1846d60e969	пред-	unknown	предамъ:64,предати:45	109	109	109	109		possible-nominative-plural,untyped	target-surface	target-lexeme-identity,target-morphological-cell			109	109	0	109		weak	large	candidate-unreviewed	surface grouping is diagnostic only; target identity and complete morphology require review
670	synodal:family-candidate:44ba46361964f260936f482d	candidate-family:synodal:family-candidate:44ba46361964f260936f482d	synodal:family-candidate:44ba46361964f260936f482d	занеж-	unknown	занеже:109	109	109	109	109		possible-vocative-or-finite-verb	target-surface	target-lexeme-identity,target-morphological-cell			109	109	0	109		weak	large	candidate-unreviewed	surface grouping is diagnostic only; target identity and complete morphology require review
671	synodal:family-candidate:8b0d0bf5c37d2449b2c65b87	candidate-family:synodal:family-candidate:8b0d0bf5c37d2449b2c65b87	synodal:family-candidate:8b0d0bf5c37d2449b2c65b87	отпуст-	unknown	ѿпꙋститъ:56,ѿпꙋстити:53	109	109	109	104		possible-finite-verb,possible-nominative-plural	target-surface	target-lexeme-identity,target-morphological-cell			109	109	0	109		weak	large	candidate-unreviewed	surface grouping is diagnostic only; target identity and complete morphology require review
672	synodal:family-candidate:9547e803302bc201da2567ad	candidate-family:synodal:family-candidate:9547e803302bc201da2567ad	synodal:family-candidate:9547e803302bc201da2567ad	притчꙋ	unknown	притчꙋ:109	109	109	109	109		untyped	target-surface	target-lexeme-identity,target-morphological-cell			109	109	0	109		weak	large	candidate-unreviewed	surface grouping is diagnostic only; target identity and complete morphology require review
673	synodal:family-candidate:f3452a3fa70e258da5bb8289	candidate-family:synodal:family-candidate:f3452a3fa70e258da5bb8289	synodal:family-candidate:f3452a3fa70e258da5bb8289	саꙋлꙋ	unknown	саꙋлꙋ:109	109	109	109	109		untyped	target-surface	target-lexeme-identity,target-morphological-cell			109	109	0	109		weak	large	candidate-unreviewed	surface grouping is diagnostic only; target identity and complete morphology require review
674	synodal:family-candidate:15e44d0283b46b958770e0a7	candidate-family:synodal:family-candidate:15e44d0283b46b958770e0a7	synodal:family-candidate:15e44d0283b46b958770e0a7	приближис-	unknown	приближисѧ:108	108	108	108	108		possible-nominative-feminine-or-genitive-accusative	target-surface	target-lexeme-identity,target-morphological-cell			108	108	0	108		weak	large	candidate-unreviewed	surface grouping is diagnostic only; target identity and complete morphology require review
675	synodal:family-candidate:87f67e6e28ce4bbc409a3e08	candidate-family:synodal:family-candidate:87f67e6e28ce4bbc409a3e08	synodal:family-candidate:87f67e6e28ce4bbc409a3e08	вземъ	unknown	вземъ:108	108	108	108	108		untyped	target-surface	target-lexeme-identity,target-morphological-cell			108	108	0	108		weak	large	candidate-unreviewed	surface grouping is diagnostic only; target identity and complete morphology require review
676	synodal:family-candidate:953a86095255fa99ac86c606	candidate-family:synodal:family-candidate:953a86095255fa99ac86c606	synodal:family-candidate:953a86095255fa99ac86c606	высок-	unknown	высокихъ:108	108	108	108	94		possible-genitive-or-locative-plural	target-surface	target-lexeme-identity,target-morphological-cell			108	108	0	108		weak	large	candidate-unreviewed	surface grouping is diagnostic only; target identity and complete morphology require review
677	synodal:family-candidate:9c73440785e4f077655a5b26	candidate-family:synodal:family-candidate:9c73440785e4f077655a5b26	synodal:family-candidate:9c73440785e4f077655a5b26	послахъ	unknown	послахъ:108	108	108	108	108		untyped	target-surface	target-lexeme-identity,target-morphological-cell			108	108	0	108		weak	large	candidate-unreviewed	surface grouping is diagnostic only; target identity and complete morphology require review
678	synodal:family-candidate:ac397dab64e2c67e3396bec8	candidate-family:synodal:family-candidate:ac397dab64e2c67e3396bec8	synodal:family-candidate:ac397dab64e2c67e3396bec8	окрєстна-	unknown	ѡкрєстнаѧ:108	108	108	108	70		possible-nominative-feminine-or-genitive-accusative	target-surface	target-lexeme-identity,target-morphological-cell			108	108	0	108		weak	large	candidate-unreviewed	surface grouping is diagnostic only; target identity and complete morphology require review
679	synodal:family-candidate:fd053720a3661191f6c2d373	candidate-family:synodal:family-candidate:fd053720a3661191f6c2d373	synodal:family-candidate:fd053720a3661191f6c2d373	колєсниц-	unknown	колєсницы:108	108	108	108	108		possible-nominative-plural	target-surface	target-lexeme-identity,target-morphological-cell			108	108	0	108		weak	large	candidate-unreviewed	surface grouping is diagnostic only; target identity and complete morphology require review
680	synodal:family-candidate:074812ffd71c9fd9af2d5520	candidate-family:synodal:family-candidate:074812ffd71c9fd9af2d5520	synodal:family-candidate:074812ffd71c9fd9af2d5520	уби-	unknown	ᲂубити:66,ᲂубїетъ:41	107	107	107	105		possible-finite-verb,possible-nominative-plural	target-surface	target-lexeme-identity,target-morphological-cell			107	107	0	107		weak	large	candidate-unreviewed	surface grouping is diagnostic only; target identity and complete morphology require review
681	synodal:family-candidate:962b460c77ee5386bfe99f91	candidate-family:synodal:family-candidate:962b460c77ee5386bfe99f91	synodal:family-candidate:962b460c77ee5386bfe99f91	обрѣтес-	unknown	ѡбрѣтесѧ:107	107	107	107	107		possible-nominative-feminine-or-genitive-accusative	target-surface	target-lexeme-identity,target-morphological-cell			107	107	0	107		weak	large	candidate-unreviewed	surface grouping is diagnostic only; target identity and complete morphology require review
682	synodal:family-candidate:ca433d89176880c00d551dae	candidate-family:synodal:family-candidate:ca433d89176880c00d551dae	synodal:family-candidate:ca433d89176880c00d551dae	возд-	unknown	воздамъ:67,воздати:40	107	107	107	103		possible-nominative-plural,untyped	target-surface	target-lexeme-identity,target-morphological-cell			107	107	0	107		weak	large	candidate-unreviewed	surface grouping is diagnostic only; target identity and complete morphology require review
683	synodal:family-candidate:e96e19c3e812de387785102b	candidate-family:synodal:family-candidate:e96e19c3e812de387785102b	synodal:family-candidate:e96e19c3e812de387785102b	телц-	unknown	телца:107	107	107	107	96		possible-nominative-feminine-or-genitive-accusative	target-surface	target-lexeme-identity,target-morphological-cell			107	107	0	107		weak	large	candidate-unreviewed	surface grouping is diagnostic only; target identity and complete morphology require review
684	synodal:family-candidate:41f977f47451bfc88726023b	candidate-family:synodal:family-candidate:41f977f47451bfc88726023b	synodal:family-candidate:41f977f47451bfc88726023b	послушаш-	unknown	послꙋшаша:106	106	106	106	102		possible-nominative-feminine-or-genitive-accusative	target-surface	target-lexeme-identity,target-morphological-cell			106	106	0	106		weak	large	candidate-unreviewed	surface grouping is diagnostic only; target identity and complete morphology require review
685	synodal:family-candidate:7223d9e8e58eaed65fad3b4d	candidate-family:synodal:family-candidate:7223d9e8e58eaed65fad3b4d	synodal:family-candidate:7223d9e8e58eaed65fad3b4d	первѣ-	unknown	первѣе:106	106	106	106	106		possible-vocative-or-finite-verb	target-surface	target-lexeme-identity,target-morphological-cell			106	106	0	106		weak	large	candidate-unreviewed	surface grouping is diagnostic only; target identity and complete morphology require review
686	synodal:family-candidate:99cb55b08bf2a7988fe6e959	candidate-family:synodal:family-candidate:99cb55b08bf2a7988fe6e959	synodal:family-candidate:99cb55b08bf2a7988fe6e959	высотꙋ	unknown	высотꙋ:106	106	106	106	102		untyped	target-surface	target-lexeme-identity,target-morphological-cell			106	106	0	106		weak	large	candidate-unreviewed	surface grouping is diagnostic only; target identity and complete morphology require review
687	synodal:family-candidate:cd79b20891f28781df44822a	candidate-family:synodal:family-candidate:cd79b20891f28781df44822a	synodal:family-candidate:cd79b20891f28781df44822a	вѣм-	unknown	вѣмы:106	106	106	106	100		possible-nominative-plural	target-surface	target-lexeme-identity,target-morphological-cell			106	106	0	106		weak	large	candidate-unreviewed	surface grouping is diagnostic only; target identity and complete morphology require review
688	synodal:family-candidate:d000d86a16ff50dc9a1fccbf	candidate-family:synodal:family-candidate:d000d86a16ff50dc9a1fccbf	synodal:family-candidate:d000d86a16ff50dc9a1fccbf	пойт-	unknown	пойте:106	106	106	106	100		possible-vocative-or-finite-verb	target-surface	target-lexeme-identity,target-morphological-cell			106	106	0	106		weak	large	candidate-unreviewed	surface grouping is diagnostic only; target identity and complete morphology require review
689	synodal:family-candidate:d423080fe98b8f0449b1887d	candidate-family:synodal:family-candidate:d423080fe98b8f0449b1887d	synodal:family-candidate:d423080fe98b8f0449b1887d	ꙗстъ	unknown	ꙗстъ:106	106	106	106	98		possible-finite-verb	target-surface	target-lexeme-identity,target-morphological-cell			106	106	0	106		weak	large	candidate-unreviewed	surface grouping is diagnostic only; target identity and complete morphology require review
690	synodal:family-candidate:f3ff3779619cd64d1e72c4d2	candidate-family:synodal:family-candidate:f3ff3779619cd64d1e72c4d2	synodal:family-candidate:f3ff3779619cd64d1e72c4d2	пшениц-	unknown	пшеницы:106	106	106	106	106		possible-nominative-plural	target-surface	target-lexeme-identity,target-morphological-cell			106	106	0	106		weak	large	candidate-unreviewed	surface grouping is diagnostic only; target identity and complete morphology require review
691	synodal:family-candidate:275a15b9d4368ec457e74052	candidate-family:synodal:family-candidate:275a15b9d4368ec457e74052	synodal:family-candidate:275a15b9d4368ec457e74052	вавѷлонск-	unknown	вавѷлѡнска:105	105	105	105	103		possible-nominative-feminine-or-genitive-accusative	target-surface	target-lexeme-identity,target-morphological-cell			105	105	0	105		weak	large	candidate-unreviewed	surface grouping is diagnostic only; target identity and complete morphology require review
692	synodal:family-candidate:44c68d61d396eb07c3949b3f	candidate-family:synodal:family-candidate:44c68d61d396eb07c3949b3f	synodal:family-candidate:44c68d61d396eb07c3949b3f	чашꙋ	unknown	чашꙋ:105	105	105	105	97		untyped	target-surface	target-lexeme-identity,target-morphological-cell			105	105	0	105		weak	large	candidate-unreviewed	surface grouping is diagnostic only; target identity and complete morphology require review
693	synodal:family-candidate:73e2d982df1fff722e341266	candidate-family:synodal:family-candidate:73e2d982df1fff722e341266	synodal:family-candidate:73e2d982df1fff722e341266	дубрав-	unknown	дꙋбравы:105	105	105	105	105		possible-nominative-plural	target-surface	target-lexeme-identity,target-morphological-cell			105	105	0	105		weak	large	candidate-unreviewed	surface grouping is diagnostic only; target identity and complete morphology require review
694	synodal:family-candidate:9501a1dfb96f84cf28cfbf74	candidate-family:synodal:family-candidate:9501a1dfb96f84cf28cfbf74	synodal:family-candidate:9501a1dfb96f84cf28cfbf74	небєсны-	unknown	небєсныѧ:105	105	105	105	105		possible-nominative-feminine-or-genitive-accusative	target-surface	target-lexeme-identity,target-morphological-cell			105	105	0	105		weak	large	candidate-unreviewed	surface grouping is diagnostic only; target identity and complete morphology require review
695	synodal:family-candidate:b3f71efa89e3748c432c5a67	candidate-family:synodal:family-candidate:b3f71efa89e3748c432c5a67	synodal:family-candidate:b3f71efa89e3748c432c5a67	идꙋ	unknown	идꙋ:105	105	105	105	97		untyped	target-surface	target-lexeme-identity,target-morphological-cell			105	105	0	105		weak	large	candidate-unreviewed	surface grouping is diagnostic only; target identity and complete morphology require review
696	synodal:family-candidate:d2706ef49614040fdaeed614	candidate-family:synodal:family-candidate:d2706ef49614040fdaeed614	synodal:family-candidate:d2706ef49614040fdaeed614	внꙋтрь	unknown	внꙋтрь:105	105	105	105	103		untyped	target-surface	target-lexeme-identity,target-morphological-cell			105	105	0	105		weak	large	candidate-unreviewed	surface grouping is diagnostic only; target identity and complete morphology require review
697	synodal:family-candidate:21f3abb20f75ab5ed8125c44	candidate-family:synodal:family-candidate:21f3abb20f75ab5ed8125c44	synodal:family-candidate:21f3abb20f75ab5ed8125c44	помолис-	unknown	помолисѧ:104	104	104	104	98		possible-nominative-feminine-or-genitive-accusative	target-surface	target-lexeme-identity,target-morphological-cell			104	104	0	104		weak	large	candidate-unreviewed	surface grouping is diagnostic only; target identity and complete morphology require review
698	synodal:family-candidate:3a2bc9c11bd80cfadb82aefc	candidate-family:synodal:family-candidate:3a2bc9c11bd80cfadb82aefc	synodal:family-candidate:3a2bc9c11bd80cfadb82aefc	хотѧш-	unknown	хотѧше:104	104	104	104	97		possible-vocative-or-finite-verb	target-surface	target-lexeme-identity,target-morphological-cell			104	104	0	104		weak	large	candidate-unreviewed	surface grouping is diagnostic only; target identity and complete morphology require review
699	synodal:family-candidate:40eb2612f9b074b929056f8c	candidate-family:synodal:family-candidate:40eb2612f9b074b929056f8c	synodal:family-candidate:40eb2612f9b074b929056f8c	поклонишас-	unknown	поклонишасѧ:104	104	104	104	104		possible-nominative-feminine-or-genitive-accusative	target-surface	target-lexeme-identity,target-morphological-cell			104	104	0	104		weak	large	candidate-unreviewed	surface grouping is diagnostic only; target identity and complete morphology require review
700	synodal:family-candidate:5b92e90196ac0d0aaf90f980	candidate-family:synodal:family-candidate:5b92e90196ac0d0aaf90f980	synodal:family-candidate:5b92e90196ac0d0aaf90f980	ѹби-	unknown	ѹбити:64,ѹбїетъ:40	104	104	104	102		possible-finite-verb,possible-nominative-plural	target-surface	target-lexeme-identity,target-morphological-cell			104	104	0	104		weak	large	candidate-unreviewed	surface grouping is diagnostic only; target identity and complete morphology require review
701	synodal:family-candidate:6a34eba305ef69e83d92d5d9	candidate-family:synodal:family-candidate:6a34eba305ef69e83d92d5d9	synodal:family-candidate:6a34eba305ef69e83d92d5d9	крови-	unknown	кровїю:104	104	104	104	98		untyped	target-surface	target-lexeme-identity,target-morphological-cell			104	104	0	104		weak	large	candidate-unreviewed	surface grouping is diagnostic only; target identity and complete morphology require review
702	synodal:family-candidate:880601d6011e8efb82d4a17d	candidate-family:synodal:family-candidate:880601d6011e8efb82d4a17d	synodal:family-candidate:880601d6011e8efb82d4a17d	сильныхъ	unknown	сильныхъ:104	104	104	104	102		untyped	target-surface	target-lexeme-identity,target-morphological-cell			104	104	0	104		weak	large	candidate-unreviewed	surface grouping is diagnostic only; target identity and complete morphology require review
703	synodal:family-candidate:9330949993c14b12449bf9e6	candidate-family:synodal:family-candidate:9330949993c14b12449bf9e6	synodal:family-candidate:9330949993c14b12449bf9e6	сікль	unknown	сікль:104	104	104	104	68		untyped	target-surface	target-lexeme-identity,target-morphological-cell			104	104	0	104		weak	large	candidate-unreviewed	surface grouping is diagnostic only; target identity and complete morphology require review
704	synodal:family-candidate:aeea5e3f752035017d9394dc	candidate-family:synodal:family-candidate:aeea5e3f752035017d9394dc	synodal:family-candidate:aeea5e3f752035017d9394dc	пойдꙋ	unknown	пойдꙋ:104	104	104	104	102		untyped	target-surface	target-lexeme-identity,target-morphological-cell			104	104	0	104		weak	large	candidate-unreviewed	surface grouping is diagnostic only; target identity and complete morphology require review
705	synodal:family-candidate:bdfd3a87304b47ec5b788984	candidate-family:synodal:family-candidate:bdfd3a87304b47ec5b788984	synodal:family-candidate:bdfd3a87304b47ec5b788984	рабын-	unknown	рабыни:104	104	104	104	101		possible-nominative-plural	target-surface	target-lexeme-identity,target-morphological-cell			104	104	0	104		weak	large	candidate-unreviewed	surface grouping is diagnostic only; target identity and complete morphology require review
706	synodal:family-candidate:e9a82d12fa56165b53a4d4a5	candidate-family:synodal:family-candidate:e9a82d12fa56165b53a4d4a5	synodal:family-candidate:e9a82d12fa56165b53a4d4a5	манасси-	unknown	манассіа:58,манассіи:46	104	104	104	100		possible-nominative-feminine-or-genitive-accusative,possible-nominative-plural	target-surface	target-lexeme-identity,target-morphological-cell			104	104	0	104		weak	large	candidate-unreviewed	surface grouping is diagnostic only; target identity and complete morphology require review
707	synodal:family-candidate:f64dcb4c1dc2a0ee1b05d9fd	candidate-family:synodal:family-candidate:f64dcb4c1dc2a0ee1b05d9fd	synodal:family-candidate:f64dcb4c1dc2a0ee1b05d9fd	фарїсеє	unknown	фарїсеє:104	104	104	104	99		untyped	target-surface	target-lexeme-identity,target-morphological-cell			104	104	0	104		weak	large	candidate-unreviewed	surface grouping is diagnostic only; target identity and complete morphology require review
708	synodal:family-candidate:38f18ca7652c7654b0ebb17a	candidate-family:synodal:family-candidate:38f18ca7652c7654b0ebb17a	synodal:family-candidate:38f18ca7652c7654b0ebb17a	сѣдѧш-	unknown	сѣдѧше:103	103	103	103	103		possible-vocative-or-finite-verb	target-surface	target-lexeme-identity,target-morphological-cell			103	103	0	103		weak	large	candidate-unreviewed	surface grouping is diagnostic only; target identity and complete morphology require review
709	synodal:family-candidate:85b0c7821a34b964e455d90a	candidate-family:synodal:family-candidate:85b0c7821a34b964e455d90a	synodal:family-candidate:85b0c7821a34b964e455d90a	слышавш-	unknown	слышавше:103	103	103	103	102		possible-vocative-or-finite-verb	target-surface	target-lexeme-identity,target-morphological-cell			103	103	0	103		weak	large	candidate-unreviewed	surface grouping is diagnostic only; target identity and complete morphology require review
710	synodal:family-candidate:a2241775135dd1d8e8a4c0c8	candidate-family:synodal:family-candidate:a2241775135dd1d8e8a4c0c8	synodal:family-candidate:a2241775135dd1d8e8a4c0c8	лꙋкъ	unknown	лꙋкъ:102	102	102	102	96		untyped	target-surface	target-lexeme-identity,target-morphological-cell			102	102	0	102		weak	large	candidate-unreviewed	surface grouping is diagnostic only; target identity and complete morphology require review
711	synodal:family-candidate:b5f7174dcbf2ed6f5fd05d74	candidate-family:synodal:family-candidate:b5f7174dcbf2ed6f5fd05d74	synodal:family-candidate:b5f7174dcbf2ed6f5fd05d74	многи-	unknown	многими:102	102	102	102	102		possible-nominative-plural	target-surface	target-lexeme-identity,target-morphological-cell			102	102	0	102		weak	large	candidate-unreviewed	surface grouping is diagnostic only; target identity and complete morphology require review
712	synodal:family-candidate:22c6752a5dee15c85f21a717	candidate-family:synodal:family-candidate:22c6752a5dee15c85f21a717	synodal:family-candidate:22c6752a5dee15c85f21a717	иоанн-	unknown	іѡанна:101	101	101	101	97		possible-nominative-feminine-or-genitive-accusative,ud:PROPN:Case=Nom+Gender=Fem+Number=Sing	target-surface,typed-cell-candidate	target-lexeme-identity,target-morphological-cell	an OCS treebank cell requires an independent exact Synodal surface witness		101	101	0	101		weak	large	candidate-unreviewed	surface grouping is diagnostic only; target identity and complete morphology require review
713	synodal:family-candidate:2444ed30f5919760b37a9f9f	candidate-family:synodal:family-candidate:2444ed30f5919760b37a9f9f	synodal:family-candidate:2444ed30f5919760b37a9f9f	мол-	unknown	молю:101	101	101	101	95		untyped	target-surface	target-lexeme-identity,target-morphological-cell			101	101	0	101		weak	large	candidate-unreviewed	surface grouping is diagnostic only; target identity and complete morphology require review
714	synodal:family-candidate:9d49b9c1ade8a6f9907b77eb	candidate-family:synodal:family-candidate:9d49b9c1ade8a6f9907b77eb	synodal:family-candidate:9d49b9c1ade8a6f9907b77eb	авессал-	unknown	авессалѡмъ:101	101	101	101	89		possible-dative-plural-or-instrumental-singular	target-surface	target-lexeme-identity,target-morphological-cell			101	101	0	101		weak	large	candidate-unreviewed	surface grouping is diagnostic only; target identity and complete morphology require review
715	synodal:family-candidate:b574453d778ffe3958e709cb	candidate-family:synodal:family-candidate:b574453d778ffe3958e709cb	synodal:family-candidate:b574453d778ffe3958e709cb	царстви-	unknown	царствїѧ:55,царствїи:46	101	101	101	100		possible-nominative-feminine-or-genitive-accusative,possible-nominative-plural	target-surface	target-lexeme-identity,target-morphological-cell			101	101	0	101		weak	large	candidate-unreviewed	surface grouping is diagnostic only; target identity and complete morphology require review
716	synodal:family-candidate:d2a610591036be726d6b7cef	candidate-family:synodal:family-candidate:d2a610591036be726d6b7cef	synodal:family-candidate:d2a610591036be726d6b7cef	дꙋшъ	unknown	дꙋшъ:101	101	101	101	91		untyped	target-surface	target-lexeme-identity,target-morphological-cell			101	101	0	101		weak	large	candidate-unreviewed	surface grouping is diagnostic only; target identity and complete morphology require review
717	synodal:family-candidate:f12aa070e27ddb587e3fac28	candidate-family:synodal:family-candidate:f12aa070e27ddb587e3fac28	synodal:family-candidate:f12aa070e27ddb587e3fac28	вынꙋ	unknown	вынꙋ:101	101	101	101	101		untyped	target-surface	target-lexeme-identity,target-morphological-cell			101	101	0	101		weak	large	candidate-unreviewed	surface grouping is diagnostic only; target identity and complete morphology require review
718	synodal:family-candidate:09860ef16cfc86a949a406e8	candidate-family:synodal:family-candidate:09860ef16cfc86a949a406e8	synodal:family-candidate:09860ef16cfc86a949a406e8	собрани-	unknown	собранїе:52,собранїѧ:48	100	100	100	96		possible-nominative-feminine-or-genitive-accusative,possible-vocative-or-finite-verb	target-surface	target-lexeme-identity,target-morphological-cell			100	100	0	100		weak	large	candidate-unreviewed	surface grouping is diagnostic only; target identity and complete morphology require review
719	synodal:family-candidate:16795f6d51f07d9b78c0fdee	candidate-family:synodal:family-candidate:16795f6d51f07d9b78c0fdee	synodal:family-candidate:16795f6d51f07d9b78c0fdee	пищꙋ	unknown	пищꙋ:100	100	100	100	98		untyped	target-surface	target-lexeme-identity,target-morphological-cell			100	100	0	100		weak	large	candidate-unreviewed	surface grouping is diagnostic only; target identity and complete morphology require review
720	synodal:family-candidate:1a5c6daa8727f0321bff74d3	candidate-family:synodal:family-candidate:1a5c6daa8727f0321bff74d3	synodal:family-candidate:1a5c6daa8727f0321bff74d3	книг-	unknown	книги:100	100	100	100	95		possible-nominative-plural	target-surface	target-lexeme-identity,target-morphological-cell			100	100	0	100		weak	large	candidate-unreviewed	surface grouping is diagnostic only; target identity and complete morphology require review
721	synodal:family-candidate:2115cf0b32d4ea7988a10ff3	candidate-family:synodal:family-candidate:2115cf0b32d4ea7988a10ff3	synodal:family-candidate:2115cf0b32d4ea7988a10ff3	свыш-	unknown	свыше:100	100	100	100	99		possible-vocative-or-finite-verb	target-surface	target-lexeme-identity,target-morphological-cell			100	100	0	100		weak	large	candidate-unreviewed	surface grouping is diagnostic only; target identity and complete morphology require review
722	synodal:family-candidate:24b808eb5e6c89676473b8f5	candidate-family:synodal:family-candidate:24b808eb5e6c89676473b8f5	synodal:family-candidate:24b808eb5e6c89676473b8f5	широтꙋ	unknown	широтꙋ:100	100	100	100	95		untyped	target-surface	target-lexeme-identity,target-morphological-cell			100	100	0	100		weak	large	candidate-unreviewed	surface grouping is diagnostic only; target identity and complete morphology require review
723	synodal:family-candidate:3a14e8fa459be92999773f80	candidate-family:synodal:family-candidate:3a14e8fa459be92999773f80	synodal:family-candidate:3a14e8fa459be92999773f80	простр-	unknown	простре:100	100	100	100	98		possible-vocative-or-finite-verb	target-surface	target-lexeme-identity,target-morphological-cell			100	100	0	100		weak	large	candidate-unreviewed	surface grouping is diagnostic only; target identity and complete morphology require review
724	synodal:family-candidate:599e479249dae9c21e05c9c8	candidate-family:synodal:family-candidate:599e479249dae9c21e05c9c8	synodal:family-candidate:599e479249dae9c21e05c9c8	коегѡждо	unknown	коегѡждо:54,коегождо:46	100	100	100	100		untyped	target-surface	target-lexeme-identity,target-morphological-cell			100	100	0	100		weak	large	candidate-unreviewed	surface grouping is diagnostic only; target identity and complete morphology require review
725	synodal:family-candidate:6badc2ce9bb9d0d6150c3451	candidate-family:synodal:family-candidate:6badc2ce9bb9d0d6150c3451	synodal:family-candidate:6badc2ce9bb9d0d6150c3451	неправдꙋ	unknown	неправдꙋ:100	100	100	100	94		untyped	target-surface	target-lexeme-identity,target-morphological-cell			100	100	0	100		weak	large	candidate-unreviewed	surface grouping is diagnostic only; target identity and complete morphology require review
726	synodal:family-candidate:88f730fc36604a3011c3ab4e	candidate-family:synodal:family-candidate:88f730fc36604a3011c3ab4e	synodal:family-candidate:88f730fc36604a3011c3ab4e	первенц-	unknown	первенца:100	100	100	100	79		possible-nominative-feminine-or-genitive-accusative	target-surface	target-lexeme-identity,target-morphological-cell			100	100	0	100		weak	large	candidate-unreviewed	surface grouping is diagnostic only; target identity and complete morphology require review
727	synodal:family-candidate:98fb4784ca8a302635d36211	candidate-family:synodal:family-candidate:98fb4784ca8a302635d36211	synodal:family-candidate:98fb4784ca8a302635d36211	прест-	unknown	преста:100	100	100	100	99		possible-nominative-feminine-or-genitive-accusative	target-surface	target-lexeme-identity,target-morphological-cell			100	100	0	100		weak	large	candidate-unreviewed	surface grouping is diagnostic only; target identity and complete morphology require review
728	synodal:family-candidate:30b322856c96036758f5bc17	candidate-family:synodal:family-candidate:30b322856c96036758f5bc17	synodal:family-candidate:30b322856c96036758f5bc17	тысѧщꙋ	unknown	тысѧщꙋ:99	99	99	99	87		untyped	target-surface	target-lexeme-identity,target-morphological-cell			99	99	0	99		weak	large	candidate-unreviewed	surface grouping is diagnostic only; target identity and complete morphology require review
729	synodal:family-candidate:827171a70e29cd3e7898f7b1	candidate-family:synodal:family-candidate:827171a70e29cd3e7898f7b1	synodal:family-candidate:827171a70e29cd3e7898f7b1	бывшꙋ	unknown	бывшꙋ:99	99	99	99	95		untyped	target-surface	target-lexeme-identity,target-morphological-cell			99	99	0	99		weak	large	candidate-unreviewed	surface grouping is diagnostic only; target identity and complete morphology require review
730	synodal:family-candidate:d3215ef087dfc9f71e167d16	candidate-family:synodal:family-candidate:d3215ef087dfc9f71e167d16	synodal:family-candidate:d3215ef087dfc9f71e167d16	мнѡгимъ	unknown	мнѡгимъ:58,многимъ:41	99	99	99	99		untyped	target-surface	target-lexeme-identity,target-morphological-cell			99	99	0	99		weak	large	candidate-unreviewed	surface grouping is diagnostic only; target identity and complete morphology require review
731	synodal:family-candidate:e8a944f64f88aef1f87dd582	candidate-family:synodal:family-candidate:e8a944f64f88aef1f87dd582	synodal:family-candidate:e8a944f64f88aef1f87dd582	словесємъ	unknown	словесємъ:99	99	99	99	99		untyped	target-surface	target-lexeme-identity,target-morphological-cell			99	99	0	99		weak	large	candidate-unreviewed	surface grouping is diagnostic only; target identity and complete morphology require review
732	synodal:family-candidate:00f6de6f7ee18a163bc2a16c	candidate-family:synodal:family-candidate:00f6de6f7ee18a163bc2a16c	synodal:family-candidate:00f6de6f7ee18a163bc2a16c	истинно	unknown	истинно:50,истиннѡ:48	98	98	98	96		untyped	target-surface	target-lexeme-identity,target-morphological-cell			98	98	0	98		weak	large	candidate-unreviewed	surface grouping is diagnostic only; target identity and complete morphology require review
733	synodal:family-candidate:14cd92abc0b734c92c022a22	candidate-family:synodal:family-candidate:14cd92abc0b734c92c022a22	synodal:family-candidate:14cd92abc0b734c92c022a22	дастс-	unknown	дастсѧ:98	98	98	98	98		possible-nominative-feminine-or-genitive-accusative	target-surface	target-lexeme-identity,target-morphological-cell			98	98	0	98		weak	large	candidate-unreviewed	surface grouping is diagnostic only; target identity and complete morphology require review
734	synodal:family-candidate:1a77423856f678dc55cd5f35	candidate-family:synodal:family-candidate:1a77423856f678dc55cd5f35	synodal:family-candidate:1a77423856f678dc55cd5f35	сотворист-	unknown	сотвористе:98	98	98	98	86		possible-vocative-or-finite-verb	target-surface	target-lexeme-identity,target-morphological-cell			98	98	0	98		weak	large	candidate-unreviewed	surface grouping is diagnostic only; target identity and complete morphology require review
735	synodal:family-candidate:238093acf5bc7e348dbcbd25	candidate-family:synodal:family-candidate:238093acf5bc7e348dbcbd25	synodal:family-candidate:238093acf5bc7e348dbcbd25	возвр-	unknown	возврати:98	98	98	98	94		possible-nominative-plural	target-surface	target-lexeme-identity,target-morphological-cell			98	98	0	98		weak	large	candidate-unreviewed	surface grouping is diagnostic only; target identity and complete morphology require review
736	synodal:family-candidate:260c3bddd01a8d9085eaf94d	candidate-family:synodal:family-candidate:260c3bddd01a8d9085eaf94d	synodal:family-candidate:260c3bddd01a8d9085eaf94d	іѡсафатъ	unknown	іѡсафатъ:98	98	98	98	94		possible-finite-verb	target-surface	target-lexeme-identity,target-morphological-cell			98	98	0	98		weak	large	candidate-unreviewed	surface grouping is diagnostic only; target identity and complete morphology require review
737	synodal:family-candidate:4a2d650ae9caaa525f52f2cd	candidate-family:synodal:family-candidate:4a2d650ae9caaa525f52f2cd	synodal:family-candidate:4a2d650ae9caaa525f52f2cd	издалеч-	unknown	издалеча:98	98	98	98	98		possible-nominative-feminine-or-genitive-accusative	target-surface	target-lexeme-identity,target-morphological-cell			98	98	0	98		weak	large	candidate-unreviewed	surface grouping is diagnostic only; target identity and complete morphology require review
738	synodal:family-candidate:650db0fbe213816c6ab3d800	candidate-family:synodal:family-candidate:650db0fbe213816c6ab3d800	synodal:family-candidate:650db0fbe213816c6ab3d800	благ-	unknown	благихъ:98	98	98	98	98		possible-genitive-or-locative-plural	target-surface	target-lexeme-identity,target-morphological-cell			98	98	0	98		weak	large	candidate-unreviewed	surface grouping is diagnostic only; target identity and complete morphology require review
739	synodal:family-candidate:6ce86a292cfbfbd646a0a257	candidate-family:synodal:family-candidate:6ce86a292cfbfbd646a0a257	synodal:family-candidate:6ce86a292cfbfbd646a0a257	живꙋщымъ	unknown	живꙋщымъ:98	98	98	98	94		untyped	target-surface	target-lexeme-identity,target-morphological-cell			98	98	0	98		weak	large	candidate-unreviewed	surface grouping is diagnostic only; target identity and complete morphology require review
740	synodal:family-candidate:6f7f8478d39945f171809793	candidate-family:synodal:family-candidate:6f7f8478d39945f171809793	synodal:family-candidate:6f7f8478d39945f171809793	вспѧть	unknown	вспѧть:98	98	98	98	96		untyped	target-surface	target-lexeme-identity,target-morphological-cell			98	98	0	98		weak	large	candidate-unreviewed	surface grouping is diagnostic only; target identity and complete morphology require review
741	synodal:family-candidate:83672f18ff81c6ca91f16798	candidate-family:synodal:family-candidate:83672f18ff81c6ca91f16798	synodal:family-candidate:83672f18ff81c6ca91f16798	мышц-	unknown	мышцы:58,мышца:40	98	98	98	94		possible-nominative-feminine-or-genitive-accusative,possible-nominative-plural	target-surface	target-lexeme-identity,target-morphological-cell			98	98	0	98		weak	large	candidate-unreviewed	surface grouping is diagnostic only; target identity and complete morphology require review
742	synodal:family-candidate:98c4a86daf84c72a64c274a5	candidate-family:synodal:family-candidate:98c4a86daf84c72a64c274a5	synodal:family-candidate:98c4a86daf84c72a64c274a5	покр-	unknown	покры:98	98	98	98	98		possible-nominative-plural,ud:VERB:Aspect=Perf+Mood=Ind+Number=Sing+Person=3+Tense=Past+VerbForm=Fin+Voice=Act	target-surface,typed-cell-candidate	target-lexeme-identity,target-morphological-cell	an OCS treebank cell requires an independent exact Synodal surface witness		98	98	0	98		weak	large	candidate-unreviewed	surface grouping is diagnostic only; target identity and complete morphology require review
743	synodal:family-candidate:cb978737613751632f13473c	candidate-family:synodal:family-candidate:cb978737613751632f13473c	synodal:family-candidate:cb978737613751632f13473c	пойм-	unknown	пойметъ:50,поймеши:48	98	98	98	96		possible-finite-verb,possible-nominative-plural	target-surface	target-lexeme-identity,target-morphological-cell			98	98	0	98		weak	large	candidate-unreviewed	surface grouping is diagnostic only; target identity and complete morphology require review
744	synodal:family-candidate:da7b734fe56bd927d1587140	candidate-family:synodal:family-candidate:da7b734fe56bd927d1587140	synodal:family-candidate:da7b734fe56bd927d1587140	праздник-	unknown	праздники:56,праздника:42	98	98	98	94		possible-nominative-feminine-or-genitive-accusative,possible-nominative-plural	target-surface	target-lexeme-identity,target-morphological-cell			98	98	0	98		weak	large	candidate-unreviewed	surface grouping is diagnostic only; target identity and complete morphology require review
745	synodal:family-candidate:e2e286781a93bf0d36d99a78	candidate-family:synodal:family-candidate:e2e286781a93bf0d36d99a78	synodal:family-candidate:e2e286781a93bf0d36d99a78	єликѡ	unknown	єликѡ:98	98	98	98	92		untyped	target-surface	target-lexeme-identity,target-morphological-cell			98	98	0	98		weak	large	candidate-unreviewed	surface grouping is diagnostic only; target identity and complete morphology require review
746	synodal:family-candidate:e7de9611159e5566453fac23	candidate-family:synodal:family-candidate:e7de9611159e5566453fac23	synodal:family-candidate:e7de9611159e5566453fac23	силенъ	unknown	силенъ:98	98	98	98	96		ud:ADJ:Case=Nom+Degree=Pos+Gender=Masc+Number=Sing+Variant=Short,untyped	target-surface,typed-cell-candidate	target-lexeme-identity,target-morphological-cell	an OCS treebank cell requires an independent exact Synodal surface witness		98	98	0	98		weak	large	candidate-unreviewed	surface grouping is diagnostic only; target identity and complete morphology require review
747	synodal:family-candidate:f771d6fc3f3f99693c92ec70	candidate-family:synodal:family-candidate:f771d6fc3f3f99693c92ec70	synodal:family-candidate:f771d6fc3f3f99693c92ec70	много-	unknown	многое:54,многою:44	98	98	98	98		possible-vocative-or-finite-verb,untyped	target-surface	target-lexeme-identity,target-morphological-cell			98	98	0	98		weak	large	candidate-unreviewed	surface grouping is diagnostic only; target identity and complete morphology require review
748	synodal:family-candidate:9f7c4cb15fd5c8f4c05e8633	candidate-family:synodal:family-candidate:9f7c4cb15fd5c8f4c05e8633	synodal:family-candidate:9f7c4cb15fd5c8f4c05e8633	стоѧш-	unknown	стоѧше:97	97	97	97	95		possible-vocative-or-finite-verb	target-surface	target-lexeme-identity,target-morphological-cell			97	97	0	97		weak	large	candidate-unreviewed	surface grouping is diagnostic only; target identity and complete morphology require review
749	synodal:family-candidate:af44bc42a3a7ed5a943c30fd	candidate-family:synodal:family-candidate:af44bc42a3a7ed5a943c30fd	synodal:family-candidate:af44bc42a3a7ed5a943c30fd	єдино-	unknown	єдиною:97	97	97	97	91		untyped	target-surface	target-lexeme-identity,target-morphological-cell			97	97	0	97		weak	large	candidate-unreviewed	surface grouping is diagnostic only; target identity and complete morphology require review
750	synodal:family-candidate:3994d4dcc9c8f4d6493da12b	candidate-family:synodal:family-candidate:3994d4dcc9c8f4d6493da12b	synodal:family-candidate:3994d4dcc9c8f4d6493da12b	колесницъ	unknown	колесницъ:96	96	96	96	92		untyped	target-surface	target-lexeme-identity,target-morphological-cell			96	96	0	96		weak	large	candidate-unreviewed	surface grouping is diagnostic only; target identity and complete morphology require review
751	synodal:family-candidate:ad8b3b1d85f2d2caef66e4a6	candidate-family:synodal:family-candidate:ad8b3b1d85f2d2caef66e4a6	synodal:family-candidate:ad8b3b1d85f2d2caef66e4a6	отмщени-	unknown	ѿмщенїе:96	96	96	96	88		possible-vocative-or-finite-verb	target-surface	target-lexeme-identity,target-morphological-cell			96	96	0	96		weak	large	candidate-unreviewed	surface grouping is diagnostic only; target identity and complete morphology require review
752	synodal:family-candidate:d065b722340810f117bd5198	candidate-family:synodal:family-candidate:d065b722340810f117bd5198	synodal:family-candidate:d065b722340810f117bd5198	ѕолъ	unknown	ѕолъ:50,ѕѡлъ:46	96	96	96	96		untyped	target-surface	target-lexeme-identity,target-morphological-cell			96	96	0	96		weak	large	candidate-unreviewed	surface grouping is diagnostic only; target identity and complete morphology require review
753	synodal:family-candidate:d3b753ae1b0d8d0680d9a933	candidate-family:synodal:family-candidate:d3b753ae1b0d8d0680d9a933	synodal:family-candidate:d3b753ae1b0d8d0680d9a933	снѣд-	unknown	снѣдѧтъ:96	96	96	96	84		possible-finite-verb	target-surface	target-lexeme-identity,target-morphological-cell			96	96	0	96		weak	large	candidate-unreviewed	surface grouping is diagnostic only; target identity and complete morphology require review
754	synodal:family-candidate:02c22e7ddca993953ebe96c6	candidate-family:synodal:family-candidate:02c22e7ddca993953ebe96c6	synodal:family-candidate:02c22e7ddca993953ebe96c6	исаѵъ	unknown	исаѵъ:95	95	95	95	85		untyped	target-surface	target-lexeme-identity,target-morphological-cell			95	95	0	95		weak	large	candidate-unreviewed	surface grouping is diagnostic only; target identity and complete morphology require review
755	synodal:family-candidate:065bda90059a0ae79db4fd33	candidate-family:synodal:family-candidate:065bda90059a0ae79db4fd33	synodal:family-candidate:065bda90059a0ae79db4fd33	ꙗдош-	unknown	ꙗдоша:95	95	95	95	91		possible-nominative-feminine-or-genitive-accusative	target-surface	target-lexeme-identity,target-morphological-cell			95	95	0	95		weak	large	candidate-unreviewed	surface grouping is diagnostic only; target identity and complete morphology require review
756	synodal:family-candidate:1c65680adcbc96a0a05f9259	candidate-family:synodal:family-candidate:1c65680adcbc96a0a05f9259	synodal:family-candidate:1c65680adcbc96a0a05f9259	помилу-	unknown	помилꙋетъ:54,помилꙋю:41	95	95	95	93		possible-finite-verb,untyped	target-surface	target-lexeme-identity,target-morphological-cell			95	95	0	95		weak	large	candidate-unreviewed	surface grouping is diagnostic only; target identity and complete morphology require review
757	synodal:family-candidate:68390bb2f57ef89132412f4b	candidate-family:synodal:family-candidate:68390bb2f57ef89132412f4b	synodal:family-candidate:68390bb2f57ef89132412f4b	сохранит-	unknown	сохраните:95	95	95	95	95		possible-vocative-or-finite-verb	target-surface	target-lexeme-identity,target-morphological-cell			95	95	0	95		weak	large	candidate-unreviewed	surface grouping is diagnostic only; target identity and complete morphology require review
758	synodal:family-candidate:acedb1fc92ea5c4ce8ebe8ee	candidate-family:synodal:family-candidate:acedb1fc92ea5c4ce8ebe8ee	synodal:family-candidate:acedb1fc92ea5c4ce8ebe8ee	чрез̾	unknown	чрез̾:95	95	95	95	93		untyped	target-surface	target-lexeme-identity,target-morphological-cell			95	95	0	95		weak	large	candidate-unreviewed	surface grouping is diagnostic only; target identity and complete morphology require review
759	synodal:family-candidate:ba3fdd89bab010308dfb4cfa	candidate-family:synodal:family-candidate:ba3fdd89bab010308dfb4cfa	synodal:family-candidate:ba3fdd89bab010308dfb4cfa	помолитс-	unknown	помолитсѧ:95	95	95	95	91		possible-nominative-feminine-or-genitive-accusative	target-surface	target-lexeme-identity,target-morphological-cell			95	95	0	95		weak	large	candidate-unreviewed	surface grouping is diagnostic only; target identity and complete morphology require review
760	synodal:family-candidate:cb8b1a147872a70962f0d577	candidate-family:synodal:family-candidate:cb8b1a147872a70962f0d577	synodal:family-candidate:cb8b1a147872a70962f0d577	послуша-	unknown	послꙋшаетъ:95	95	95	95	91		possible-finite-verb	target-surface	target-lexeme-identity,target-morphological-cell			95	95	0	95		weak	large	candidate-unreviewed	surface grouping is diagnostic only; target identity and complete morphology require review
761	synodal:family-candidate:56b9ceadc74394e4b5a59ac8	candidate-family:synodal:family-candidate:56b9ceadc74394e4b5a59ac8	synodal:family-candidate:56b9ceadc74394e4b5a59ac8	остас-	unknown	ѡстасѧ:94	94	94	94	92		possible-nominative-feminine-or-genitive-accusative	target-surface	target-lexeme-identity,target-morphological-cell			94	94	0	94		weak	large	candidate-unreviewed	surface grouping is diagnostic only; target identity and complete morphology require review
762	synodal:family-candidate:58c5217a0cc66a7464a251d3	candidate-family:synodal:family-candidate:58c5217a0cc66a7464a251d3	synodal:family-candidate:58c5217a0cc66a7464a251d3	заповѣдїй	unknown	заповѣдїй:94	94	94	94	93		untyped	target-surface	target-lexeme-identity,target-morphological-cell			94	94	0	94		weak	large	candidate-unreviewed	surface grouping is diagnostic only; target identity and complete morphology require review
763	synodal:family-candidate:5eab3c32efc076724a6007c7	candidate-family:synodal:family-candidate:5eab3c32efc076724a6007c7	synodal:family-candidate:5eab3c32efc076724a6007c7	сѣверꙋ	unknown	сѣверꙋ:94	94	94	94	88		untyped	target-surface	target-lexeme-identity,target-morphological-cell			94	94	0	94		weak	large	candidate-unreviewed	surface grouping is diagnostic only; target identity and complete morphology require review
764	synodal:family-candidate:60a042435c381c8cf90a7fc8	candidate-family:synodal:family-candidate:60a042435c381c8cf90a7fc8	synodal:family-candidate:60a042435c381c8cf90a7fc8	поѧстъ	unknown	поѧстъ:94	94	94	94	92		possible-finite-verb	target-surface	target-lexeme-identity,target-morphological-cell			94	94	0	94		weak	large	candidate-unreviewed	surface grouping is diagnostic only; target identity and complete morphology require review
765	synodal:family-candidate:88cffa1ae51b61146115f694	candidate-family:synodal:family-candidate:88cffa1ae51b61146115f694	synodal:family-candidate:88cffa1ae51b61146115f694	приим-	unknown	прїимꙋтъ:94	94	94	94	94		possible-finite-verb	target-surface	target-lexeme-identity,target-morphological-cell			94	94	0	94		weak	large	deferred	Deferred after v0.5 review: repeated target surfaces do not establish lemma identity, semantics, exact morphological cells, principal parts, accent class, or a productive Synodal rule.
766	synodal:family-candidate:957a9599ab88a2e3b0d2f6ad	candidate-family:synodal:family-candidate:957a9599ab88a2e3b0d2f6ad	synodal:family-candidate:957a9599ab88a2e3b0d2f6ad	сюдꙋ	unknown	сюдꙋ:94	94	94	94	46		untyped	target-surface	target-lexeme-identity,target-morphological-cell			94	94	0	94		weak	large	candidate-unreviewed	surface grouping is diagnostic only; target identity and complete morphology require review
767	synodal:family-candidate:99c7c9f838389e5e940e91ca	candidate-family:synodal:family-candidate:99c7c9f838389e5e940e91ca	synodal:family-candidate:99c7c9f838389e5e940e91ca	даб-	unknown	дабы:94	94	94	94	93		possible-nominative-plural	target-surface	target-lexeme-identity,target-morphological-cell			94	94	0	94		weak	large	candidate-unreviewed	surface grouping is diagnostic only; target identity and complete morphology require review
768	synodal:family-candidate:9eb796caa6dcfb1098a50f02	candidate-family:synodal:family-candidate:9eb796caa6dcfb1098a50f02	synodal:family-candidate:9eb796caa6dcfb1098a50f02	падени-	unknown	паденїѧ:48,паденїе:46	94	94	94	90		possible-nominative-feminine-or-genitive-accusative,possible-vocative-or-finite-verb,ud:NOUN:Case=Acc+Gender=Neut+Number=Sing	target-surface,typed-cell-candidate	target-lexeme-identity,target-morphological-cell	an OCS treebank cell requires an independent exact Synodal surface witness		94	94	0	94		weak	large	candidate-unreviewed	surface grouping is diagnostic only; target identity and complete morphology require review
769	synodal:family-candidate:afac0a2b111b6612e1b16d24	candidate-family:synodal:family-candidate:afac0a2b111b6612e1b16d24	synodal:family-candidate:afac0a2b111b6612e1b16d24	всѧцѣй	unknown	всѧцѣй:94	94	94	94	92		untyped	target-surface	target-lexeme-identity,target-morphological-cell			94	94	0	94		weak	large	candidate-unreviewed	surface grouping is diagnostic only; target identity and complete morphology require review
770	synodal:family-candidate:cbe5cbc0575dee2059dff7d9	candidate-family:synodal:family-candidate:cbe5cbc0575dee2059dff7d9	synodal:family-candidate:cbe5cbc0575dee2059dff7d9	ногꙋ	unknown	ногꙋ:94	94	94	94	90		untyped	target-surface	target-lexeme-identity,target-morphological-cell			94	94	0	94		weak	large	candidate-unreviewed	surface grouping is diagnostic only; target identity and complete morphology require review
771	synodal:family-candidate:ef5bc9ece04c7ee492041937	candidate-family:synodal:family-candidate:ef5bc9ece04c7ee492041937	synodal:family-candidate:ef5bc9ece04c7ee492041937	авраа-	unknown	авраама:94	94	94	94	90		possible-nominative-feminine-or-genitive-accusative,ud:PROPN:Case=Gen+Gender=Masc+Number=Sing	target-surface,typed-cell-candidate	target-lexeme-identity,target-morphological-cell	an OCS treebank cell requires an independent exact Synodal surface witness		94	94	0	94		weak	large	candidate-unreviewed	surface grouping is diagnostic only; target identity and complete morphology require review
772	synodal:family-candidate:f788af950ea6eb50a2ae92ab	candidate-family:synodal:family-candidate:f788af950ea6eb50a2ae92ab	synodal:family-candidate:f788af950ea6eb50a2ae92ab	трꙋдъ	unknown	трꙋдъ:94	94	94	94	92		ud:NOUN:Case=Gen+Gender=Masc+Number=Plur,untyped	target-surface,typed-cell-candidate	target-lexeme-identity,target-morphological-cell	an OCS treebank cell requires an independent exact Synodal surface witness		94	94	0	94		weak	large	candidate-unreviewed	surface grouping is diagnostic only; target identity and complete morphology require review
773	synodal:family-candidate:428ba5ceabcc6809c6592b8c	candidate-family:synodal:family-candidate:428ba5ceabcc6809c6592b8c	synodal:family-candidate:428ba5ceabcc6809c6592b8c	творѧш-	unknown	творѧше:93	93	93	93	91		possible-vocative-or-finite-verb	target-surface	target-lexeme-identity,target-morphological-cell			93	93	0	93		weak	large	candidate-unreviewed	surface grouping is diagnostic only; target identity and complete morphology require review
774	synodal:family-candidate:727fb2baaf0404d789ee588f	candidate-family:synodal:family-candidate:727fb2baaf0404d789ee588f	synodal:family-candidate:727fb2baaf0404d789ee588f	твор-	unknown	творю:93	93	93	93	90		untyped	target-surface	target-lexeme-identity,target-morphological-cell			93	93	0	93		weak	large	deferred	Deferred after review: repeated corpus surfaces and diagnostic stem, prefix, or ending features do not by themselves establish a lemma, part of speech, morphological cell, principal parts, accent class, or productive rule.
775	synodal:family-candidate:a04d005fba6cd75f15e07be4	candidate-family:synodal:family-candidate:a04d005fba6cd75f15e07be4	synodal:family-candidate:a04d005fba6cd75f15e07be4	слышавъ	unknown	слышавъ:93	93	93	93	93		ud:VERB:Case=Nom+Gender=Masc+Number=Sing+Tense=Past+Variant=Short+VerbForm=Part+Voice=Act,untyped	target-surface,typed-cell-candidate	target-lexeme-identity,target-morphological-cell	an OCS treebank cell requires an independent exact Synodal surface witness		93	93	0	93		weak	large	candidate-unreviewed	surface grouping is diagnostic only; target identity and complete morphology require review
776	synodal:family-candidate:bfafce33ee3041c2bc12a94c	candidate-family:synodal:family-candidate:bfafce33ee3041c2bc12a94c	synodal:family-candidate:bfafce33ee3041c2bc12a94c	помѧнꙋ	unknown	помѧнꙋ:93	93	93	93	91		untyped	target-surface	target-lexeme-identity,target-morphological-cell			93	93	0	93		weak	large	candidate-unreviewed	surface grouping is diagnostic only; target identity and complete morphology require review
777	synodal:family-candidate:dd719763448da08452598e0a	candidate-family:synodal:family-candidate:dd719763448da08452598e0a	synodal:family-candidate:dd719763448da08452598e0a	идѧхꙋ	unknown	идѧхꙋ:93	93	93	93	80		untyped	target-surface	target-lexeme-identity,target-morphological-cell			93	93	0	93		weak	large	candidate-unreviewed	surface grouping is diagnostic only; target identity and complete morphology require review
778	synodal:family-candidate:14c09b176c1daa178e3f0aa6	candidate-family:synodal:family-candidate:14c09b176c1daa178e3f0aa6	synodal:family-candidate:14c09b176c1daa178e3f0aa6	начатъ	unknown	начатъ:92	92	92	92	86		possible-finite-verb	target-surface	target-lexeme-identity,target-morphological-cell			92	92	0	92		weak	large	candidate-unreviewed	surface grouping is diagnostic only; target identity and complete morphology require review
779	synodal:family-candidate:1cb49edde38a78576b808c6c	candidate-family:synodal:family-candidate:1cb49edde38a78576b808c6c	synodal:family-candidate:1cb49edde38a78576b808c6c	ини-	unknown	иніи:92	92	92	92	82		possible-nominative-plural	target-surface	target-lexeme-identity,target-morphological-cell			92	92	0	92		weak	large	candidate-unreviewed	surface grouping is diagnostic only; target identity and complete morphology require review
780	synodal:family-candidate:690e2473d7bc726bf6eec212	candidate-family:synodal:family-candidate:690e2473d7bc726bf6eec212	synodal:family-candidate:690e2473d7bc726bf6eec212	іиꙋй	unknown	іиꙋй:92	92	92	92	82		untyped	target-surface	target-lexeme-identity,target-morphological-cell			92	92	0	92		weak	large	candidate-unreviewed	surface grouping is diagnostic only; target identity and complete morphology require review
781	synodal:family-candidate:6fdd193ff4f0f7487847ffac	candidate-family:synodal:family-candidate:6fdd193ff4f0f7487847ffac	synodal:family-candidate:6fdd193ff4f0f7487847ffac	поѧтъ	unknown	поѧтъ:92	92	92	92	91		possible-finite-verb	target-surface	target-lexeme-identity,target-morphological-cell			92	92	0	92		weak	large	candidate-unreviewed	surface grouping is diagnostic only; target identity and complete morphology require review
782	synodal:family-candidate:edb66d9490df47c3a82505d5	candidate-family:synodal:family-candidate:edb66d9490df47c3a82505d5	synodal:family-candidate:edb66d9490df47c3a82505d5	сильни-	unknown	сильнїи:92	92	92	92	92		possible-nominative-plural	target-surface	target-lexeme-identity,target-morphological-cell			92	92	0	92		weak	large	candidate-unreviewed	surface grouping is diagnostic only; target identity and complete morphology require review
783	synodal:family-candidate:04ed9942a39544a298587cf2	candidate-family:synodal:family-candidate:04ed9942a39544a298587cf2	synodal:family-candidate:04ed9942a39544a298587cf2	ѹби	unknown	ѹби:91	91	91	91	86		possible-nominative-plural	target-surface	target-lexeme-identity,target-morphological-cell			91	91	0	91		weak	large	candidate-unreviewed	surface grouping is diagnostic only; target identity and complete morphology require review
784	synodal:family-candidate:08fcd5db70db81ccc65598ee	candidate-family:synodal:family-candidate:08fcd5db70db81ccc65598ee	synodal:family-candidate:08fcd5db70db81ccc65598ee	чревѣ	unknown	чревѣ:91	91	91	91	87		untyped	target-surface	target-lexeme-identity,target-morphological-cell			91	91	0	91		weak	large	candidate-unreviewed	surface grouping is diagnostic only; target identity and complete morphology require review
785	synodal:family-candidate:0baca5c912538228c4bf82d4	candidate-family:synodal:family-candidate:0baca5c912538228c4bf82d4	synodal:family-candidate:0baca5c912538228c4bf82d4	преселени-	unknown	преселенїѧ:50,преселенїе:41	91	91	91	84		possible-nominative-feminine-or-genitive-accusative,possible-vocative-or-finite-verb	target-surface	target-lexeme-identity,target-morphological-cell			91	91	0	91		weak	large	candidate-unreviewed	surface grouping is diagnostic only; target identity and complete morphology require review
786	synodal:family-candidate:6ae700bb125c2812a4e61f2b	candidate-family:synodal:family-candidate:6ae700bb125c2812a4e61f2b	synodal:family-candidate:6ae700bb125c2812a4e61f2b	погубл-	unknown	погꙋблю:91	91	91	91	91		untyped	target-surface	target-lexeme-identity,target-morphological-cell			91	91	0	91		weak	large	candidate-unreviewed	surface grouping is diagnostic only; target identity and complete morphology require review
787	synodal:family-candidate:e7546e163c1e2bd18917f005	candidate-family:synodal:family-candidate:e7546e163c1e2bd18917f005	synodal:family-candidate:e7546e163c1e2bd18917f005	человѣческ-	unknown	человѣческихъ:91	91	91	91	91		possible-genitive-or-locative-plural	target-surface	target-lexeme-identity,target-morphological-cell			91	91	0	91		weak	large	candidate-unreviewed	surface grouping is diagnostic only; target identity and complete morphology require review
788	synodal:family-candidate:edaae5085351a0eb8ceec7c1	candidate-family:synodal:family-candidate:edaae5085351a0eb8ceec7c1	synodal:family-candidate:edaae5085351a0eb8ceec7c1	вскорѣ	unknown	вскорѣ:91	91	91	91	91		untyped	target-surface	target-lexeme-identity,target-morphological-cell			91	91	0	91		weak	large	candidate-unreviewed	surface grouping is diagnostic only; target identity and complete morphology require review
789	synodal:family-candidate:09db6cbc04df290fb7805ca8	candidate-family:synodal:family-candidate:09db6cbc04df290fb7805ca8	synodal:family-candidate:09db6cbc04df290fb7805ca8	ᲂуби	unknown	ᲂуби:90	90	90	90	85		possible-nominative-plural	target-surface	target-lexeme-identity,target-morphological-cell			90	90	0	90		weak	large	candidate-unreviewed	surface grouping is diagnostic only; target identity and complete morphology require review
790	synodal:family-candidate:0e7e32a9bffcd5af16e4ca1f	candidate-family:synodal:family-candidate:0e7e32a9bffcd5af16e4ca1f	synodal:family-candidate:0e7e32a9bffcd5af16e4ca1f	велико-	unknown	великою:90	90	90	90	88		untyped	target-surface	target-lexeme-identity,target-morphological-cell			90	90	0	90		weak	large	candidate-unreviewed	surface grouping is diagnostic only; target identity and complete morphology require review
791	synodal:family-candidate:1d7e6089130b39d3f4d1608f	candidate-family:synodal:family-candidate:1d7e6089130b39d3f4d1608f	synodal:family-candidate:1d7e6089130b39d3f4d1608f	живый	unknown	живый:90	90	90	90	88		untyped	target-surface	target-lexeme-identity,target-morphological-cell			90	90	0	90		weak	large	candidate-unreviewed	surface grouping is diagnostic only; target identity and complete morphology require review
792	synodal:family-candidate:2fd3bde5e5795a187c068bd2	candidate-family:synodal:family-candidate:2fd3bde5e5795a187c068bd2	synodal:family-candidate:2fd3bde5e5795a187c068bd2	возврат-	unknown	возвратити:46,возвратитъ:44	90	90	90	90		possible-finite-verb,possible-nominative-plural	target-surface	target-lexeme-identity,target-morphological-cell			90	90	0	90		weak	large	candidate-unreviewed	surface grouping is diagnostic only; target identity and complete morphology require review
793	synodal:family-candidate:33538bf6029d2edb0608ae10	candidate-family:synodal:family-candidate:33538bf6029d2edb0608ae10	synodal:family-candidate:33538bf6029d2edb0608ae10	заповѣдахъ	unknown	заповѣдахъ:90	90	90	90	90		untyped	target-surface	target-lexeme-identity,target-morphological-cell			90	90	0	90		weak	large	candidate-unreviewed	surface grouping is diagnostic only; target identity and complete morphology require review
794	synodal:family-candidate:4e1283dc5fc26f010a2b6ff4	candidate-family:synodal:family-candidate:4e1283dc5fc26f010a2b6ff4	synodal:family-candidate:4e1283dc5fc26f010a2b6ff4	ꙗзыкꙋ	unknown	ꙗзыкꙋ:90	90	90	90	88		untyped	target-surface	target-lexeme-identity,target-morphological-cell			90	90	0	90		weak	large	candidate-unreviewed	surface grouping is diagnostic only; target identity and complete morphology require review
795	synodal:family-candidate:5b5be5c7b94ca0eb4b2a5eff	candidate-family:synodal:family-candidate:5b5be5c7b94ca0eb4b2a5eff	synodal:family-candidate:5b5be5c7b94ca0eb4b2a5eff	третїѧгѡ	unknown	третїѧгѡ:90	90	90	90	90		untyped	target-surface	target-lexeme-identity,target-morphological-cell			90	90	0	90		weak	large	candidate-unreviewed	surface grouping is diagnostic only; target identity and complete morphology require review
796	synodal:family-candidate:9b0d9102f7100baa24270d3f	candidate-family:synodal:family-candidate:9b0d9102f7100baa24270d3f	synodal:family-candidate:9b0d9102f7100baa24270d3f	престолъ	unknown	престолъ:90	90	90	90	90		untyped	target-surface	target-lexeme-identity,target-morphological-cell			90	90	0	90		weak	large	candidate-unreviewed	surface grouping is diagnostic only; target identity and complete morphology require review
797	synodal:family-candidate:9ed0942c745dbacca26405d8	candidate-family:synodal:family-candidate:9ed0942c745dbacca26405d8	synodal:family-candidate:9ed0942c745dbacca26405d8	избранныхъ	unknown	избранныхъ:90	90	90	90	88		untyped	target-surface	target-lexeme-identity,target-morphological-cell			90	90	0	90		weak	large	candidate-unreviewed	surface grouping is diagnostic only; target identity and complete morphology require review
798	synodal:family-candidate:acb6ed8440edc0d236d54d62	candidate-family:synodal:family-candidate:acb6ed8440edc0d236d54d62	synodal:family-candidate:acb6ed8440edc0d236d54d62	пришедш-	unknown	пришедше:90	90	90	90	90		possible-vocative-or-finite-verb	target-surface	target-lexeme-identity,target-morphological-cell			90	90	0	90		weak	large	candidate-unreviewed	surface grouping is diagnostic only; target identity and complete morphology require review
799	synodal:family-candidate:bffe7ddb43099dfc466c943c	candidate-family:synodal:family-candidate:bffe7ddb43099dfc466c943c	synodal:family-candidate:bffe7ddb43099dfc466c943c	сотворивый	unknown	сотворивый:90	90	90	90	87		untyped	target-surface	target-lexeme-identity,target-morphological-cell			90	90	0	90		weak	large	candidate-unreviewed	surface grouping is diagnostic only; target identity and complete morphology require review
800	synodal:family-candidate:de3121acd270eb6a87fd2fd1	candidate-family:synodal:family-candidate:de3121acd270eb6a87fd2fd1	synodal:family-candidate:de3121acd270eb6a87fd2fd1	всѧчєска-	unknown	всѧчєскаѧ:90	90	90	90	80		possible-nominative-feminine-or-genitive-accusative	target-surface	target-lexeme-identity,target-morphological-cell			90	90	0	90		weak	large	candidate-unreviewed	surface grouping is diagnostic only; target identity and complete morphology require review
801	synodal:family-candidate:00a93582f2027acbd2075bc6	candidate-family:synodal:family-candidate:00a93582f2027acbd2075bc6	synodal:family-candidate:00a93582f2027acbd2075bc6	ісаакъ	unknown	ісаакъ:89	89	89	89	87		untyped	target-surface	target-lexeme-identity,target-morphological-cell			89	89	0	89		weak	large	candidate-unreviewed	surface grouping is diagnostic only; target identity and complete morphology require review
802	synodal:family-candidate:3839ff44d6a69ebf78de442f	candidate-family:synodal:family-candidate:3839ff44d6a69ebf78de442f	synodal:family-candidate:3839ff44d6a69ebf78de442f	коль	unknown	коль:89	89	89	89	83		ud:ADV:PronType=Int,untyped	target-surface,typed-cell-candidate	target-lexeme-identity,target-morphological-cell	an OCS treebank cell requires an independent exact Synodal surface witness		89	89	0	89		weak	large	candidate-unreviewed	surface grouping is diagnostic only; target identity and complete morphology require review
803	synodal:family-candidate:84f0a58372161f2a0d33136c	candidate-family:synodal:family-candidate:84f0a58372161f2a0d33136c	synodal:family-candidate:84f0a58372161f2a0d33136c	долгот-	unknown	долгота:89	89	89	89	84		possible-nominative-feminine-or-genitive-accusative	target-surface	target-lexeme-identity,target-morphological-cell			89	89	0	89		weak	large	candidate-unreviewed	surface grouping is diagnostic only; target identity and complete morphology require review
804	synodal:family-candidate:ddf9a7162d9702889cf2fc83	candidate-family:synodal:family-candidate:ddf9a7162d9702889cf2fc83	synodal:family-candidate:ddf9a7162d9702889cf2fc83	начатокъ	unknown	начатокъ:89	89	89	89	83		untyped	target-surface	target-lexeme-identity,target-morphological-cell			89	89	0	89		weak	large	candidate-unreviewed	surface grouping is diagnostic only; target identity and complete morphology require review
805	synodal:family-candidate:f7bdedd42941a3dcea80b743	candidate-family:synodal:family-candidate:f7bdedd42941a3dcea80b743	synodal:family-candidate:f7bdedd42941a3dcea80b743	моавл-	unknown	мѡавли:89	89	89	89	87		possible-nominative-plural	target-surface	target-lexeme-identity,target-morphological-cell			89	89	0	89		weak	large	candidate-unreviewed	surface grouping is diagnostic only; target identity and complete morphology require review
806	synodal:family-candidate:1ad740a6203b92353833c43c	candidate-family:synodal:family-candidate:1ad740a6203b92353833c43c	synodal:family-candidate:1ad740a6203b92353833c43c	ионаѳан-	unknown	іѡнаѳана:88	88	88	88	84		possible-nominative-feminine-or-genitive-accusative	target-surface	target-lexeme-identity,target-morphological-cell			88	88	0	88		weak	large	candidate-unreviewed	surface grouping is diagnostic only; target identity and complete morphology require review
807	synodal:family-candidate:535ec018758cb61895ca4b01	candidate-family:synodal:family-candidate:535ec018758cb61895ca4b01	synodal:family-candidate:535ec018758cb61895ca4b01	творѧхꙋ	unknown	творѧхꙋ:88	88	88	88	86		untyped	target-surface	target-lexeme-identity,target-morphological-cell			88	88	0	88		weak	large	candidate-unreviewed	surface grouping is diagnostic only; target identity and complete morphology require review
808	synodal:family-candidate:5bde5d787e6faa09818a08a4	candidate-family:synodal:family-candidate:5bde5d787e6faa09818a08a4	synodal:family-candidate:5bde5d787e6faa09818a08a4	ꙗст-	unknown	ꙗсте:88	88	88	88	82		possible-vocative-or-finite-verb	target-surface	target-lexeme-identity,target-morphological-cell			88	88	0	88		weak	large	candidate-unreviewed	surface grouping is diagnostic only; target identity and complete morphology require review
809	synodal:family-candidate:aba76168803b64836cde95eb	candidate-family:synodal:family-candidate:aba76168803b64836cde95eb	synodal:family-candidate:aba76168803b64836cde95eb	азари-	unknown	азарїа:48,азаріа:40	88	88	88	86		possible-nominative-feminine-or-genitive-accusative	target-surface	target-lexeme-identity,target-morphological-cell			88	88	0	88		weak	large	candidate-unreviewed	surface grouping is diagnostic only; target identity and complete morphology require review
810	synodal:family-candidate:176896e3c3b54b18cb0dc056	candidate-family:synodal:family-candidate:176896e3c3b54b18cb0dc056	synodal:family-candidate:176896e3c3b54b18cb0dc056	имѣѧй	unknown	имѣѧй:87	87	87	87	83		untyped	target-surface	target-lexeme-identity,target-morphological-cell			87	87	0	87		weak	large	candidate-unreviewed	surface grouping is diagnostic only; target identity and complete morphology require review
811	synodal:family-candidate:248572f3c26b7fa62dbdc7e1	candidate-family:synodal:family-candidate:248572f3c26b7fa62dbdc7e1	synodal:family-candidate:248572f3c26b7fa62dbdc7e1	ничесож-	unknown	ничесѡже:87	87	87	87	87		possible-vocative-or-finite-verb,ud:PRON:Case=Gen+Gender=Neut+Number=Sing	target-surface,typed-cell-candidate	target-lexeme-identity,target-morphological-cell	an OCS treebank cell requires an independent exact Synodal surface witness		87	87	0	87		weak	large	candidate-unreviewed	surface grouping is diagnostic only; target identity and complete morphology require review
812	synodal:family-candidate:86a11778b913c4a25295c971	candidate-family:synodal:family-candidate:86a11778b913c4a25295c971	synodal:family-candidate:86a11778b913c4a25295c971	комꙋждо	unknown	комꙋждо:87	87	87	87	81		untyped	target-surface	target-lexeme-identity,target-morphological-cell			87	87	0	87		weak	large	candidate-unreviewed	surface grouping is diagnostic only; target identity and complete morphology require review
813	synodal:family-candidate:b4c71563559a7f4f92d9c48a	candidate-family:synodal:family-candidate:b4c71563559a7f4f92d9c48a	synodal:family-candidate:b4c71563559a7f4f92d9c48a	четвертый	unknown	четвертый:87	87	87	87	87		untyped	target-surface	target-lexeme-identity,target-morphological-cell			87	87	0	87		weak	large	candidate-unreviewed	surface grouping is diagnostic only; target identity and complete morphology require review
814	synodal:family-candidate:c798d01ff32c17c667569d3e	candidate-family:synodal:family-candidate:c798d01ff32c17c667569d3e	synodal:family-candidate:c798d01ff32c17c667569d3e	прїидꙋ	unknown	прїидꙋ:87	87	87	87	85		untyped	target-surface	target-lexeme-identity,target-morphological-cell			87	87	0	87		weak	large	candidate-unreviewed	surface grouping is diagnostic only; target identity and complete morphology require review
815	synodal:family-candidate:d6cfb01a8ad94327fd4c08d7	candidate-family:synodal:family-candidate:d6cfb01a8ad94327fd4c08d7	synodal:family-candidate:d6cfb01a8ad94327fd4c08d7	всу-	unknown	всꙋе:87	87	87	87	81		possible-vocative-or-finite-verb	target-surface	target-lexeme-identity,target-morphological-cell			87	87	0	87		weak	large	candidate-unreviewed	surface grouping is diagnostic only; target identity and complete morphology require review
816	synodal:family-candidate:d7ce9f56769983a008748e89	candidate-family:synodal:family-candidate:d7ce9f56769983a008748e89	synodal:family-candidate:d7ce9f56769983a008748e89	обратѧтс-	unknown	ѡбратѧтсѧ:87	87	87	87	87		possible-nominative-feminine-or-genitive-accusative	target-surface	target-lexeme-identity,target-morphological-cell			87	87	0	87		weak	large	candidate-unreviewed	surface grouping is diagnostic only; target identity and complete morphology require review
817	synodal:family-candidate:20f6f3f9fb6da255b10ed07f	candidate-family:synodal:family-candidate:20f6f3f9fb6da255b10ed07f	synodal:family-candidate:20f6f3f9fb6da255b10ed07f	клѧтв-	unknown	клѧтвы:86	86	86	86	82		possible-nominative-plural	target-surface	target-lexeme-identity,target-morphological-cell			86	86	0	86		weak	large	candidate-unreviewed	surface grouping is diagnostic only; target identity and complete morphology require review
818	synodal:family-candidate:402d4e0d4e32c8242798cb96	candidate-family:synodal:family-candidate:402d4e0d4e32c8242798cb96	synodal:family-candidate:402d4e0d4e32c8242798cb96	помышлєни-	unknown	помышлєнїѧ:86	86	86	86	86		possible-nominative-feminine-or-genitive-accusative	target-surface	target-lexeme-identity,target-morphological-cell			86	86	0	86		weak	large	candidate-unreviewed	surface grouping is diagnostic only; target identity and complete morphology require review
819	synodal:family-candidate:5da0babf7d7c523f0cc5d67d	candidate-family:synodal:family-candidate:5da0babf7d7c523f0cc5d67d	synodal:family-candidate:5da0babf7d7c523f0cc5d67d	предастъ	unknown	предастъ:86	86	86	86	80		possible-finite-verb	target-surface	target-lexeme-identity,target-morphological-cell			86	86	0	86		weak	large	candidate-unreviewed	surface grouping is diagnostic only; target identity and complete morphology require review
820	synodal:family-candidate:5f799f78eede473ce4803512	candidate-family:synodal:family-candidate:5f799f78eede473ce4803512	synodal:family-candidate:5f799f78eede473ce4803512	царєв-	unknown	царєвы:86	86	86	86	84		possible-nominative-plural	target-surface	target-lexeme-identity,target-morphological-cell			86	86	0	86		weak	large	candidate-unreviewed	surface grouping is diagnostic only; target identity and complete morphology require review
821	synodal:family-candidate:735c19639621264a472c0638	candidate-family:synodal:family-candidate:735c19639621264a472c0638	synodal:family-candidate:735c19639621264a472c0638	родꙋ	unknown	родꙋ:86	86	86	86	62		untyped	target-surface	target-lexeme-identity,target-morphological-cell			86	86	0	86		weak	large	candidate-unreviewed	surface grouping is diagnostic only; target identity and complete morphology require review
822	synodal:family-candidate:95985f695ca1dec37f9f8bdd	candidate-family:synodal:family-candidate:95985f695ca1dec37f9f8bdd	synodal:family-candidate:95985f695ca1dec37f9f8bdd	высот-	unknown	высота:86	86	86	86	80		possible-nominative-feminine-or-genitive-accusative	target-surface	target-lexeme-identity,target-morphological-cell			86	86	0	86		weak	large	candidate-unreviewed	surface grouping is diagnostic only; target identity and complete morphology require review
823	synodal:family-candidate:9c925aa74817a3360abcef67	candidate-family:synodal:family-candidate:9c925aa74817a3360abcef67	synodal:family-candidate:9c925aa74817a3360abcef67	разумѣш-	unknown	разꙋмѣша:86	86	86	86	84		possible-nominative-feminine-or-genitive-accusative	target-surface	target-lexeme-identity,target-morphological-cell			86	86	0	86		weak	large	candidate-unreviewed	surface grouping is diagnostic only; target identity and complete morphology require review
824	synodal:family-candidate:b7b0d0ed40fda11951302667	candidate-family:synodal:family-candidate:b7b0d0ed40fda11951302667	synodal:family-candidate:b7b0d0ed40fda11951302667	ᲂушы	unknown	ᲂушы:86	86	86	86	78		possible-nominative-plural	target-surface	target-lexeme-identity,target-morphological-cell			86	86	0	86		weak	large	candidate-unreviewed	surface grouping is diagnostic only; target identity and complete morphology require review
825	synodal:family-candidate:bbde2296054634894aa9459e	candidate-family:synodal:family-candidate:bbde2296054634894aa9459e	synodal:family-candidate:bbde2296054634894aa9459e	ополчис-	unknown	ѡполчисѧ:86	86	86	86	84		possible-nominative-feminine-or-genitive-accusative	target-surface	target-lexeme-identity,target-morphological-cell			86	86	0	86		weak	large	candidate-unreviewed	surface grouping is diagnostic only; target identity and complete morphology require review
826	synodal:family-candidate:3161a04242249bd7cda4cd2f	candidate-family:synodal:family-candidate:3161a04242249bd7cda4cd2f	synodal:family-candidate:3161a04242249bd7cda4cd2f	ѕвѣри-	unknown	ѕвѣрїе:85	85	85	85	79		possible-vocative-or-finite-verb	target-surface	target-lexeme-identity,target-morphological-cell			85	85	0	85		weak	large	candidate-unreviewed	surface grouping is diagnostic only; target identity and complete morphology require review
827	synodal:family-candidate:656a50a87faea594f880ab7a	candidate-family:synodal:family-candidate:656a50a87faea594f880ab7a	synodal:family-candidate:656a50a87faea594f880ab7a	будит-	unknown	бꙋдите:85	85	85	85	79		possible-vocative-or-finite-verb	target-surface	target-lexeme-identity,target-morphological-cell			85	85	0	85		weak	large	candidate-unreviewed	surface grouping is diagnostic only; target identity and complete morphology require review
828	synodal:family-candidate:689d89619d4f5b8dd65381c8	candidate-family:synodal:family-candidate:689d89619d4f5b8dd65381c8	synodal:family-candidate:689d89619d4f5b8dd65381c8	царевъ	unknown	царевъ:85	85	85	85	83		untyped	target-surface	target-lexeme-identity,target-morphological-cell			85	85	0	85		weak	large	candidate-unreviewed	surface grouping is diagnostic only; target identity and complete morphology require review
829	synodal:family-candidate:79f070b5de261379e2d8b74e	candidate-family:synodal:family-candidate:79f070b5de261379e2d8b74e	synodal:family-candidate:79f070b5de261379e2d8b74e	долготꙋ	unknown	долготꙋ:85	85	85	85	78		untyped	target-surface	target-lexeme-identity,target-morphological-cell			85	85	0	85		weak	large	candidate-unreviewed	surface grouping is diagnostic only; target identity and complete morphology require review
830	synodal:family-candidate:84bd1acb5818984db545b6ee	candidate-family:synodal:family-candidate:84bd1acb5818984db545b6ee	synodal:family-candidate:84bd1acb5818984db545b6ee	ѕло-	unknown	ѕлое:85	85	85	85	82		possible-vocative-or-finite-verb	target-surface	target-lexeme-identity,target-morphological-cell			85	85	0	85		weak	large	candidate-unreviewed	surface grouping is diagnostic only; target identity and complete morphology require review
831	synodal:family-candidate:afeea383a0ab22a7dde11c9b	candidate-family:synodal:family-candidate:afeea383a0ab22a7dde11c9b	synodal:family-candidate:afeea383a0ab22a7dde11c9b	взыщ-	unknown	взыщетъ:43,взыщꙋтъ:42	85	85	85	85		possible-finite-verb	target-surface	target-lexeme-identity,target-morphological-cell			85	85	0	85		weak	large	candidate-unreviewed	surface grouping is diagnostic only; target identity and complete morphology require review
832	synodal:family-candidate:b30708fc28b85ca85e2a8225	candidate-family:synodal:family-candidate:b30708fc28b85ca85e2a8225	synodal:family-candidate:b30708fc28b85ca85e2a8225	первенецъ	unknown	первенецъ:85	85	85	85	85		untyped	target-surface	target-lexeme-identity,target-morphological-cell			85	85	0	85		weak	large	candidate-unreviewed	surface grouping is diagnostic only; target identity and complete morphology require review
833	synodal:family-candidate:00dbfd3eae6528bc351a4a64	candidate-family:synodal:family-candidate:00dbfd3eae6528bc351a4a64	synodal:family-candidate:00dbfd3eae6528bc351a4a64	иныхъ	unknown	иныхъ:84	84	84	84	83		untyped	target-surface	target-lexeme-identity,target-morphological-cell			84	84	0	84		weak	large	candidate-unreviewed	surface grouping is diagnostic only; target identity and complete morphology require review
834	synodal:family-candidate:07f29a145f1316e2cbc8d0f1	candidate-family:synodal:family-candidate:07f29a145f1316e2cbc8d0f1	synodal:family-candidate:07f29a145f1316e2cbc8d0f1	ꙗзвꙋ	unknown	ꙗзвꙋ:84	84	84	84	76		untyped	target-surface	target-lexeme-identity,target-morphological-cell			84	84	0	84		weak	large	candidate-unreviewed	surface grouping is diagnostic only; target identity and complete morphology require review
835	synodal:family-candidate:0eeb1ce04e8a1871517784d2	candidate-family:synodal:family-candidate:0eeb1ce04e8a1871517784d2	synodal:family-candidate:0eeb1ce04e8a1871517784d2	єлеазаръ	unknown	єлеазаръ:84	84	84	84	80		untyped	target-surface	target-lexeme-identity,target-morphological-cell			84	84	0	84		weak	large	candidate-unreviewed	surface grouping is diagnostic only; target identity and complete morphology require review
836	synodal:family-candidate:12b1d091d11334dac637ab79	candidate-family:synodal:family-candidate:12b1d091d11334dac637ab79	synodal:family-candidate:12b1d091d11334dac637ab79	возвѣщꙋ	unknown	возвѣщꙋ:84	84	84	84	82		untyped	target-surface	target-lexeme-identity,target-morphological-cell			84	84	0	84		weak	large	candidate-unreviewed	surface grouping is diagnostic only; target identity and complete morphology require review
837	synodal:family-candidate:2ba459e60ff4e57a9e75099c	candidate-family:synodal:family-candidate:2ba459e60ff4e57a9e75099c	synodal:family-candidate:2ba459e60ff4e57a9e75099c	помилꙋй	unknown	помилꙋй:84	84	84	84	77		untyped	target-surface	target-lexeme-identity,target-morphological-cell			84	84	0	84		weak	large	candidate-unreviewed	surface grouping is diagnostic only; target identity and complete morphology require review
838	synodal:family-candidate:3be3a7dc4ad9d4fa8dea02ef	candidate-family:synodal:family-candidate:3be3a7dc4ad9d4fa8dea02ef	synodal:family-candidate:3be3a7dc4ad9d4fa8dea02ef	ѻный	unknown	ѻный:84	84	84	84	82		untyped	target-surface	target-lexeme-identity,target-morphological-cell			84	84	0	84		weak	large	candidate-unreviewed	surface grouping is diagnostic only; target identity and complete morphology require review
839	synodal:family-candidate:604d415da8f94221de21dc62	candidate-family:synodal:family-candidate:604d415da8f94221de21dc62	synodal:family-candidate:604d415da8f94221de21dc62	постыдѧтс-	unknown	постыдѧтсѧ:84	84	84	84	78		possible-nominative-feminine-or-genitive-accusative	target-surface	target-lexeme-identity,target-morphological-cell			84	84	0	84		weak	large	candidate-unreviewed	surface grouping is diagnostic only; target identity and complete morphology require review
840	synodal:family-candidate:b4b69e4bf4485d26ac7b11dd	candidate-family:synodal:family-candidate:b4b69e4bf4485d26ac7b11dd	synodal:family-candidate:b4b69e4bf4485d26ac7b11dd	снѣст-	unknown	снѣсте:84	84	84	84	76		possible-vocative-or-finite-verb	target-surface	target-lexeme-identity,target-morphological-cell			84	84	0	84		weak	large	candidate-unreviewed	surface grouping is diagnostic only; target identity and complete morphology require review
841	synodal:family-candidate:c3d3123f2cd817e6e701a8b1	candidate-family:synodal:family-candidate:c3d3123f2cd817e6e701a8b1	synodal:family-candidate:c3d3123f2cd817e6e701a8b1	ѕвѣзд-	unknown	ѕвѣзды:84	84	84	84	84		possible-nominative-plural	target-surface	target-lexeme-identity,target-morphological-cell			84	84	0	84		weak	large	candidate-unreviewed	surface grouping is diagnostic only; target identity and complete morphology require review
842	synodal:family-candidate:c3f69587763719943b6172bd	candidate-family:synodal:family-candidate:c3f69587763719943b6172bd	synodal:family-candidate:c3f69587763719943b6172bd	всѧкимъ	unknown	всѧкимъ:84	84	84	84	80		untyped	target-surface	target-lexeme-identity,target-morphological-cell			84	84	0	84		weak	large	candidate-unreviewed	surface grouping is diagnostic only; target identity and complete morphology require review
843	synodal:family-candidate:eb53492af46454798ae431f5	candidate-family:synodal:family-candidate:eb53492af46454798ae431f5	synodal:family-candidate:eb53492af46454798ae431f5	инымъ	unknown	инымъ:84	84	84	84	84		untyped	target-surface	target-lexeme-identity,target-morphological-cell			84	84	0	84		weak	large	candidate-unreviewed	surface grouping is diagnostic only; target identity and complete morphology require review
844	synodal:family-candidate:efa6a74dbc2db74986c92135	candidate-family:synodal:family-candidate:efa6a74dbc2db74986c92135	synodal:family-candidate:efa6a74dbc2db74986c92135	источникъ	unknown	источникъ:84	84	84	84	84		untyped	target-surface	target-lexeme-identity,target-morphological-cell			84	84	0	84		weak	large	candidate-unreviewed	surface grouping is diagnostic only; target identity and complete morphology require review
845	synodal:family-candidate:fb15c988dd6b1f981b77d006	candidate-family:synodal:family-candidate:fb15c988dd6b1f981b77d006	synodal:family-candidate:fb15c988dd6b1f981b77d006	саваѡѳъ	unknown	саваѡѳъ:84	84	84	84	84		untyped	target-surface	target-lexeme-identity,target-morphological-cell			84	84	0	84		weak	large	candidate-unreviewed	surface grouping is diagnostic only; target identity and complete morphology require review
846	synodal:family-candidate:0b6b48c4403cd8fbab0e7498	candidate-family:synodal:family-candidate:0b6b48c4403cd8fbab0e7498	synodal:family-candidate:0b6b48c4403cd8fbab0e7498	возмит-	unknown	возмите:83	83	83	83	81		possible-vocative-or-finite-verb	target-surface	target-lexeme-identity,target-morphological-cell			83	83	0	83		weak	large	candidate-unreviewed	surface grouping is diagnostic only; target identity and complete morphology require review
847	synodal:family-candidate:337b5d8f8868d33b752a6476	candidate-family:synodal:family-candidate:337b5d8f8868d33b752a6476	synodal:family-candidate:337b5d8f8868d33b752a6476	ошую-	unknown	ѡшꙋюю:83	83	83	83	80		untyped	target-surface	target-lexeme-identity,target-morphological-cell			83	83	0	83		weak	large	candidate-unreviewed	surface grouping is diagnostic only; target identity and complete morphology require review
848	synodal:family-candidate:af67bf0ef1a43380a355ed01	candidate-family:synodal:family-candidate:af67bf0ef1a43380a355ed01	synodal:family-candidate:af67bf0ef1a43380a355ed01	даю	unknown	даю:83	83	83	83	77		untyped	target-surface	target-lexeme-identity,target-morphological-cell			83	83	0	83		weak	large	candidate-unreviewed	surface grouping is diagnostic only; target identity and complete morphology require review
849	synodal:family-candidate:f4ae16bffa8b8041fb1a787f	candidate-family:synodal:family-candidate:f4ae16bffa8b8041fb1a787f	synodal:family-candidate:f4ae16bffa8b8041fb1a787f	выи	unknown	выи:83	83	83	83	81		possible-nominative-plural	target-surface	target-lexeme-identity,target-morphological-cell			83	83	0	83		weak	large	candidate-unreviewed	surface grouping is diagnostic only; target identity and complete morphology require review
850	synodal:family-candidate:0afd4fee3c4ee7ff50270758	candidate-family:synodal:family-candidate:0afd4fee3c4ee7ff50270758	synodal:family-candidate:0afd4fee3c4ee7ff50270758	соломон-	unknown	соломѡна:82	82	82	82	82		possible-nominative-feminine-or-genitive-accusative,ud:PROPN:Case=Gen+Gender=Masc+Number=Sing	target-surface,typed-cell-candidate	target-lexeme-identity,target-morphological-cell	an OCS treebank cell requires an independent exact Synodal surface witness		82	82	0	82		weak	large	candidate-unreviewed	surface grouping is diagnostic only; target identity and complete morphology require review
851	synodal:family-candidate:10b490ec381107ba9f5dbe78	candidate-family:synodal:family-candidate:10b490ec381107ba9f5dbe78	synodal:family-candidate:10b490ec381107ba9f5dbe78	свидѣтель	unknown	свидѣтель:82	82	82	82	76		untyped	target-surface	target-lexeme-identity,target-morphological-cell			82	82	0	82		weak	large	candidate-unreviewed	surface grouping is diagnostic only; target identity and complete morphology require review
852	synodal:family-candidate:45ad8d23d0a747adf449f2e7	candidate-family:synodal:family-candidate:45ad8d23d0a747adf449f2e7	synodal:family-candidate:45ad8d23d0a747adf449f2e7	сокруш-	unknown	сокрꙋши:82	82	82	82	82		possible-finite-verb,possible-nominative-plural	target-surface	target-lexeme-identity,target-morphological-cell			82	82	0	82		weak	large	candidate-unreviewed	surface grouping is diagnostic only; target identity and complete morphology require review
853	synodal:family-candidate:51c5ad664064f2eeb090cf79	candidate-family:synodal:family-candidate:51c5ad664064f2eeb090cf79	synodal:family-candidate:51c5ad664064f2eeb090cf79	послѣд-	unknown	послѣди:82	82	82	82	79		possible-nominative-plural	target-surface	target-lexeme-identity,target-morphological-cell			82	82	0	82		weak	large	candidate-unreviewed	surface grouping is diagnostic only; target identity and complete morphology require review
854	synodal:family-candidate:72f98ee30eee5ec338a55797	candidate-family:synodal:family-candidate:72f98ee30eee5ec338a55797	synodal:family-candidate:72f98ee30eee5ec338a55797	ѻбѣ	unknown	ѻбѣ:82	82	82	82	78		ud:NUM:Case=Acc+Gender=Fem,Neut+Number=Dual,untyped	target-surface,typed-cell-candidate	target-lexeme-identity,target-morphological-cell	an OCS treebank cell requires an independent exact Synodal surface witness		82	82	0	82		weak	large	candidate-unreviewed	surface grouping is diagnostic only; target identity and complete morphology require review
855	synodal:family-candidate:809e0e54574be25f0e70c9b5	candidate-family:synodal:family-candidate:809e0e54574be25f0e70c9b5	synodal:family-candidate:809e0e54574be25f0e70c9b5	авїмелехъ	unknown	авїмелехъ:82	82	82	82	78		untyped	target-surface	target-lexeme-identity,target-morphological-cell			82	82	0	82		weak	large	candidate-unreviewed	surface grouping is diagnostic only; target identity and complete morphology require review
856	synodal:family-candidate:8f81a4c4ded66b91aaf792e2	candidate-family:synodal:family-candidate:8f81a4c4ded66b91aaf792e2	synodal:family-candidate:8f81a4c4ded66b91aaf792e2	изы-	unknown	изыти:82	82	82	82	82		possible-nominative-plural	target-surface	target-lexeme-identity,target-morphological-cell			82	82	0	82		weak	large	candidate-unreviewed	surface grouping is diagnostic only; target identity and complete morphology require review
857	synodal:family-candidate:9d5b82308c12eb9f2fd817a4	candidate-family:synodal:family-candidate:9d5b82308c12eb9f2fd817a4	synodal:family-candidate:9d5b82308c12eb9f2fd817a4	друзи-	unknown	дрꙋзїе:42,дрꙋзіи:40	82	82	82	80		possible-nominative-plural,possible-vocative-or-finite-verb	target-surface	target-lexeme-identity,target-morphological-cell			82	82	0	82		weak	large	candidate-unreviewed	surface grouping is diagnostic only; target identity and complete morphology require review
858	synodal:family-candidate:f34047d9455c015e85a9878b	candidate-family:synodal:family-candidate:f34047d9455c015e85a9878b	synodal:family-candidate:f34047d9455c015e85a9878b	іѡсифꙋ	unknown	іѡсифꙋ:82	82	82	82	82		untyped	target-surface	target-lexeme-identity,target-morphological-cell			82	82	0	82		weak	large	candidate-unreviewed	surface grouping is diagnostic only; target identity and complete morphology require review
859	synodal:family-candidate:31f24cab8750b761a653fbcd	candidate-family:synodal:family-candidate:31f24cab8750b761a653fbcd	synodal:family-candidate:31f24cab8750b761a653fbcd	архїереє	unknown	архїереє:81	81	81	81	74		untyped	target-surface	target-lexeme-identity,target-morphological-cell			81	81	0	81		weak	large	candidate-unreviewed	surface grouping is diagnostic only; target identity and complete morphology require review
860	synodal:family-candidate:45f0579a8ad6595e1a921a12	candidate-family:synodal:family-candidate:45f0579a8ad6595e1a921a12	synodal:family-candidate:45f0579a8ad6595e1a921a12	пшеницꙋ	unknown	пшеницꙋ:81	81	81	81	77		untyped	target-surface	target-lexeme-identity,target-morphological-cell			81	81	0	81		weak	large	candidate-unreviewed	surface grouping is diagnostic only; target identity and complete morphology require review
861	synodal:family-candidate:63e40245c76a5626fc35ddde	candidate-family:synodal:family-candidate:63e40245c76a5626fc35ddde	synodal:family-candidate:63e40245c76a5626fc35ddde	вѣдый	unknown	вѣдый:81	81	81	81	81		untyped	target-surface	target-lexeme-identity,target-morphological-cell			81	81	0	81		weak	large	candidate-unreviewed	surface grouping is diagnostic only; target identity and complete morphology require review
862	synodal:family-candidate:7d5f959ba0837528932559a6	candidate-family:synodal:family-candidate:7d5f959ba0837528932559a6	synodal:family-candidate:7d5f959ba0837528932559a6	мздꙋ	unknown	мздꙋ:81	81	81	81	77		untyped	target-surface	target-lexeme-identity,target-morphological-cell			81	81	0	81		weak	large	candidate-unreviewed	surface grouping is diagnostic only; target identity and complete morphology require review
863	synodal:family-candidate:85446c82651a06ab0a8fda0f	candidate-family:synodal:family-candidate:85446c82651a06ab0a8fda0f	synodal:family-candidate:85446c82651a06ab0a8fda0f	пїлатъ	unknown	пїлатъ:81	81	81	81	76		possible-finite-verb,ud:PROPN:Case=Nom+Gender=Masc+Number=Sing	target-surface,typed-cell-candidate	target-lexeme-identity,target-morphological-cell	an OCS treebank cell requires an independent exact Synodal surface witness		81	81	0	81		weak	large	candidate-unreviewed	surface grouping is diagnostic only; target identity and complete morphology require review
864	synodal:family-candidate:9d531c37426f34dfefec8999	candidate-family:synodal:family-candidate:9d531c37426f34dfefec8999	synodal:family-candidate:9d531c37426f34dfefec8999	множа-	unknown	множае:81	81	81	81	81		possible-vocative-or-finite-verb	target-surface	target-lexeme-identity,target-morphological-cell			81	81	0	81		weak	large	candidate-unreviewed	surface grouping is diagnostic only; target identity and complete morphology require review
865	synodal:family-candidate:b307d6f5521d73436f216c8f	candidate-family:synodal:family-candidate:b307d6f5521d73436f216c8f	synodal:family-candidate:b307d6f5521d73436f216c8f	шедш-	unknown	шедше:81	81	81	81	80		possible-vocative-or-finite-verb	target-surface	target-lexeme-identity,target-morphological-cell			81	81	0	81		weak	large	candidate-unreviewed	surface grouping is diagnostic only; target identity and complete morphology require review
866	synodal:family-candidate:081345b66f6a09e61a21fab1	candidate-family:synodal:family-candidate:081345b66f6a09e61a21fab1	synodal:family-candidate:081345b66f6a09e61a21fab1	злат-	unknown	златы:80	80	80	80	73		possible-nominative-plural,ud:ADJ:Case=Acc+Degree=Pos+Gender=Masc+Number=Plur+Variant=Short	target-surface,typed-cell-candidate	target-lexeme-identity,target-morphological-cell	an OCS treebank cell requires an independent exact Synodal surface witness		80	80	0	80		weak	large	candidate-unreviewed	surface grouping is diagnostic only; target identity and complete morphology require review
867	synodal:family-candidate:1444e3f6ffdb4e4ac5c7ee29	candidate-family:synodal:family-candidate:1444e3f6ffdb4e4ac5c7ee29	synodal:family-candidate:1444e3f6ffdb4e4ac5c7ee29	возвѣстит-	unknown	возвѣстите:80	80	80	80	71		possible-vocative-or-finite-verb	target-surface	target-lexeme-identity,target-morphological-cell			80	80	0	80		weak	large	candidate-unreviewed	surface grouping is diagnostic only; target identity and complete morphology require review
868	synodal:family-candidate:303a4a50addf0b14347e489a	candidate-family:synodal:family-candidate:303a4a50addf0b14347e489a	synodal:family-candidate:303a4a50addf0b14347e489a	югꙋ	unknown	югꙋ:80	80	80	80	75		untyped	target-surface	target-lexeme-identity,target-morphological-cell			80	80	0	80		weak	large	candidate-unreviewed	surface grouping is diagnostic only; target identity and complete morphology require review
869	synodal:family-candidate:305a1382d2ed52ba85643de5	candidate-family:synodal:family-candidate:305a1382d2ed52ba85643de5	synodal:family-candidate:305a1382d2ed52ba85643de5	завѣщ-	unknown	завѣща:80	80	80	80	78		possible-nominative-feminine-or-genitive-accusative,ud:VERB:Aspect=Perf+Mood=Ind+Number=Sing+Person=3+Tense=Past+VerbForm=Fin+Voice=Act	target-surface,typed-cell-candidate	target-lexeme-identity,target-morphological-cell	an OCS treebank cell requires an independent exact Synodal surface witness		80	80	0	80		weak	large	candidate-unreviewed	surface grouping is diagnostic only; target identity and complete morphology require review
870	synodal:family-candidate:349b7e369cccf963967a4926	candidate-family:synodal:family-candidate:349b7e369cccf963967a4926	synodal:family-candidate:349b7e369cccf963967a4926	єфр-	unknown	єфремъ:80	80	80	80	74		untyped	target-surface	target-lexeme-identity,target-morphological-cell			80	80	0	80		weak	large	candidate-unreviewed	surface grouping is diagnostic only; target identity and complete morphology require review
871	synodal:family-candidate:3adca21a226cd178dd6b1f43	candidate-family:synodal:family-candidate:3adca21a226cd178dd6b1f43	synodal:family-candidate:3adca21a226cd178dd6b1f43	имый	unknown	имый:80	80	80	80	78		untyped	target-surface	target-lexeme-identity,target-morphological-cell			80	80	0	80		weak	large	candidate-unreviewed	surface grouping is diagnostic only; target identity and complete morphology require review
872	synodal:family-candidate:45388ade952043480ae40a94	candidate-family:synodal:family-candidate:45388ade952043480ae40a94	synodal:family-candidate:45388ade952043480ae40a94	множествѣ	unknown	множествѣ:80	80	80	80	78		untyped	target-surface	target-lexeme-identity,target-morphological-cell			80	80	0	80		weak	large	candidate-unreviewed	surface grouping is diagnostic only; target identity and complete morphology require review
873	synodal:family-candidate:5cafff05776795459bdbef51	candidate-family:synodal:family-candidate:5cafff05776795459bdbef51	synodal:family-candidate:5cafff05776795459bdbef51	пагꙋбꙋ	unknown	пагꙋбꙋ:80	80	80	80	80		untyped	target-surface	target-lexeme-identity,target-morphological-cell			80	80	0	80		weak	large	candidate-unreviewed	surface grouping is diagnostic only; target identity and complete morphology require review
874	synodal:family-candidate:5fd135234bbd6dafcc60847f	candidate-family:synodal:family-candidate:5fd135234bbd6dafcc60847f	synodal:family-candidate:5fd135234bbd6dafcc60847f	книжниц-	unknown	книжницы:80	80	80	80	78		possible-nominative-plural	target-surface	target-lexeme-identity,target-morphological-cell			80	80	0	80		weak	large	candidate-unreviewed	surface grouping is diagnostic only; target identity and complete morphology require review
875	synodal:family-candidate:6e670005d47de0740c9c06be	candidate-family:synodal:family-candidate:6e670005d47de0740c9c06be	synodal:family-candidate:6e670005d47de0740c9c06be	иерово-	unknown	іеровоамъ:80	80	80	80	74		untyped	target-surface	target-lexeme-identity,target-morphological-cell			80	80	0	80		weak	large	candidate-unreviewed	surface grouping is diagnostic only; target identity and complete morphology require review
876	synodal:family-candidate:aa9d49fbeed0482ea0163c47	candidate-family:synodal:family-candidate:aa9d49fbeed0482ea0163c47	synodal:family-candidate:aa9d49fbeed0482ea0163c47	іакѡвль	unknown	іакѡвль:80	80	80	80	80		untyped	target-surface	target-lexeme-identity,target-morphological-cell			80	80	0	80		weak	large	candidate-unreviewed	surface grouping is diagnostic only; target identity and complete morphology require review
877	synodal:family-candidate:ecf61607e8a6bea50b4c088b	candidate-family:synodal:family-candidate:ecf61607e8a6bea50b4c088b	synodal:family-candidate:ecf61607e8a6bea50b4c088b	скорбь	unknown	скорбь:80	80	80	80	74		untyped	target-surface	target-lexeme-identity,target-morphological-cell			80	80	0	80		weak	large	candidate-unreviewed	surface grouping is diagnostic only; target identity and complete morphology require review
878	synodal:family-candidate:f981b92cf390610f988389d1	candidate-family:synodal:family-candidate:f981b92cf390610f988389d1	synodal:family-candidate:f981b92cf390610f988389d1	призвавъ	unknown	призвавъ:80	80	80	80	79		ud:VERB:Case=Nom+Gender=Masc+Number=Sing+Tense=Past+Variant=Short+VerbForm=Part+Voice=Act,untyped	target-surface,typed-cell-candidate	target-lexeme-identity,target-morphological-cell	an OCS treebank cell requires an independent exact Synodal surface witness		80	80	0	80		weak	large	candidate-unreviewed	surface grouping is diagnostic only; target identity and complete morphology require review
879	synodal:family-candidate:fd946b7ece91c04b13309c69	candidate-family:synodal:family-candidate:fd946b7ece91c04b13309c69	synodal:family-candidate:fd946b7ece91c04b13309c69	пшеничн-	unknown	пшеничны:80	80	80	80	78		possible-nominative-plural	target-surface	target-lexeme-identity,target-morphological-cell			80	80	0	80		weak	large	candidate-unreviewed	surface grouping is diagnostic only; target identity and complete morphology require review
880	synodal:family-candidate:0358dc85982e9e9ad31e7e97	candidate-family:synodal:family-candidate:0358dc85982e9e9ad31e7e97	synodal:family-candidate:0358dc85982e9e9ad31e7e97	ꙗдит-	unknown	ꙗдите:79	79	79	79	79		possible-vocative-or-finite-verb	target-surface	target-lexeme-identity,target-morphological-cell			79	79	0	79		weak	large	candidate-unreviewed	surface grouping is diagnostic only; target identity and complete morphology require review
881	synodal:family-candidate:4116beb557cf37b3dc345a4b	candidate-family:synodal:family-candidate:4116beb557cf37b3dc345a4b	synodal:family-candidate:4116beb557cf37b3dc345a4b	персть	unknown	персть:79	79	79	79	79		untyped	target-surface	target-lexeme-identity,target-morphological-cell			79	79	0	79		weak	large	candidate-unreviewed	surface grouping is diagnostic only; target identity and complete morphology require review
882	synodal:family-candidate:c76ba802f58b7d63c9f0cd9c	candidate-family:synodal:family-candidate:c76ba802f58b7d63c9f0cd9c	synodal:family-candidate:c76ba802f58b7d63c9f0cd9c	іꙋдєй	unknown	іꙋдєй:79	79	79	79	79		untyped	target-surface	target-lexeme-identity,target-morphological-cell			79	79	0	79		weak	large	candidate-unreviewed	surface grouping is diagnostic only; target identity and complete morphology require review
883	synodal:family-candidate:cbc0a80d51f1a7274705db83	candidate-family:synodal:family-candidate:cbc0a80d51f1a7274705db83	synodal:family-candidate:cbc0a80d51f1a7274705db83	начальниц-	unknown	начальницы:79	79	79	79	75		possible-nominative-plural	target-surface	target-lexeme-identity,target-morphological-cell			79	79	0	79		weak	large	candidate-unreviewed	surface grouping is diagnostic only; target identity and complete morphology require review
884	synodal:family-candidate:d6a367ac694c2f732f44f9b4	candidate-family:synodal:family-candidate:d6a367ac694c2f732f44f9b4	synodal:family-candidate:d6a367ac694c2f732f44f9b4	єдины-	unknown	єдиныѧ:79	79	79	79	72		possible-nominative-feminine-or-genitive-accusative	target-surface	target-lexeme-identity,target-morphological-cell			79	79	0	79		weak	large	candidate-unreviewed	surface grouping is diagnostic only; target identity and complete morphology require review
885	synodal:family-candidate:ea79609b83372fd718e9bcb4	candidate-family:synodal:family-candidate:ea79609b83372fd718e9bcb4	synodal:family-candidate:ea79609b83372fd718e9bcb4	исаак-	unknown	ісаака:79	79	79	79	77		possible-nominative-feminine-or-genitive-accusative	target-surface	target-lexeme-identity,target-morphological-cell			79	79	0	79		weak	large	candidate-unreviewed	surface grouping is diagnostic only; target identity and complete morphology require review
886	synodal:family-candidate:eb23a4c942f12226b398508a	candidate-family:synodal:family-candidate:eb23a4c942f12226b398508a	synodal:family-candidate:eb23a4c942f12226b398508a	дебр-	unknown	дебри:79	79	79	79	71		possible-nominative-plural	target-surface	target-lexeme-identity,target-morphological-cell			79	79	0	79		weak	large	candidate-unreviewed	surface grouping is diagnostic only; target identity and complete morphology require review
887	synodal:family-candidate:efcedbeefae1f29d995aa3ef	candidate-family:synodal:family-candidate:efcedbeefae1f29d995aa3ef	synodal:family-candidate:efcedbeefae1f29d995aa3ef	началниц-	unknown	началницы:79	79	79	79	75		possible-nominative-plural	target-surface	target-lexeme-identity,target-morphological-cell			79	79	0	79		weak	large	candidate-unreviewed	surface grouping is diagnostic only; target identity and complete morphology require review
888	synodal:family-candidate:0670c309ce667ac13ac8d4fa	candidate-family:synodal:family-candidate:0670c309ce667ac13ac8d4fa	synodal:family-candidate:0670c309ce667ac13ac8d4fa	люб-	unknown	любы:78	78	78	78	68		possible-nominative-plural	target-surface	target-lexeme-identity,target-morphological-cell			78	78	0	78		weak	large	candidate-unreviewed	surface grouping is diagnostic only; target identity and complete morphology require review
889	synodal:family-candidate:1a3aa557307a2d942fa6da4f	candidate-family:synodal:family-candidate:1a3aa557307a2d942fa6da4f	synodal:family-candidate:1a3aa557307a2d942fa6da4f	пос-	unknown	посемъ:78	78	78	78	78		untyped	target-surface	target-lexeme-identity,target-morphological-cell			78	78	0	78		weak	large	candidate-unreviewed	surface grouping is diagnostic only; target identity and complete morphology require review
890	synodal:family-candidate:2294ce0c8e938dbeaac33258	candidate-family:synodal:family-candidate:2294ce0c8e938dbeaac33258	synodal:family-candidate:2294ce0c8e938dbeaac33258	началѣ	unknown	началѣ:78	78	78	78	74		untyped	target-surface	target-lexeme-identity,target-morphological-cell			78	78	0	78		weak	large	candidate-unreviewed	surface grouping is diagnostic only; target identity and complete morphology require review
891	synodal:family-candidate:29e87cc400667f1a9095dfe6	candidate-family:synodal:family-candidate:29e87cc400667f1a9095dfe6	synodal:family-candidate:29e87cc400667f1a9095dfe6	тун-	unknown	тꙋне:78	78	78	78	74		possible-vocative-or-finite-verb	target-surface	target-lexeme-identity,target-morphological-cell			78	78	0	78		weak	large	candidate-unreviewed	surface grouping is diagnostic only; target identity and complete morphology require review
892	synodal:family-candidate:46fa5de1d6d6b50daa7403bc	candidate-family:synodal:family-candidate:46fa5de1d6d6b50daa7403bc	synodal:family-candidate:46fa5de1d6d6b50daa7403bc	нечестиви-	unknown	нечестивїи:78	78	78	78	78		possible-nominative-plural	target-surface	target-lexeme-identity,target-morphological-cell			78	78	0	78		weak	large	candidate-unreviewed	surface grouping is diagnostic only; target identity and complete morphology require review
893	synodal:family-candidate:5045879273bc52a919802abb	candidate-family:synodal:family-candidate:5045879273bc52a919802abb	synodal:family-candidate:5045879273bc52a919802abb	клѧтвꙋ	unknown	клѧтвꙋ:78	78	78	78	76		untyped	target-surface	target-lexeme-identity,target-morphological-cell			78	78	0	78		weak	large	candidate-unreviewed	surface grouping is diagnostic only; target identity and complete morphology require review
894	synodal:family-candidate:517c145c2ecf9a756efa3d47	candidate-family:synodal:family-candidate:517c145c2ecf9a756efa3d47	synodal:family-candidate:517c145c2ecf9a756efa3d47	воззрѣвъ	unknown	воззрѣвъ:78	78	78	78	75		untyped	target-surface	target-lexeme-identity,target-morphological-cell			78	78	0	78		weak	large	candidate-unreviewed	surface grouping is diagnostic only; target identity and complete morphology require review
895	synodal:family-candidate:6c9082263ce682dc8e9c29ca	candidate-family:synodal:family-candidate:6c9082263ce682dc8e9c29ca	synodal:family-candidate:6c9082263ce682dc8e9c29ca	десѧтин-	unknown	десѧтины:78	78	78	78	62		possible-nominative-plural	target-surface	target-lexeme-identity,target-morphological-cell			78	78	0	78		weak	large	candidate-unreviewed	surface grouping is diagnostic only; target identity and complete morphology require review
896	synodal:family-candidate:6f241fb78a766972a48b52db	candidate-family:synodal:family-candidate:6f241fb78a766972a48b52db	synodal:family-candidate:6f241fb78a766972a48b52db	кій	unknown	кій:78	78	78	78	76		untyped	target-surface	target-lexeme-identity,target-morphological-cell			78	78	0	78		weak	large	candidate-unreviewed	surface grouping is diagnostic only; target identity and complete morphology require review
897	synodal:family-candidate:845a03d7d0609cc27e1361c8	candidate-family:synodal:family-candidate:845a03d7d0609cc27e1361c8	synodal:family-candidate:845a03d7d0609cc27e1361c8	вретищ-	unknown	вретище:78	78	78	78	76		possible-vocative-or-finite-verb	target-surface	target-lexeme-identity,target-morphological-cell			78	78	0	78		weak	large	candidate-unreviewed	surface grouping is diagnostic only; target identity and complete morphology require review
898	synodal:family-candidate:8895634d7afe32acb160cf93	candidate-family:synodal:family-candidate:8895634d7afe32acb160cf93	synodal:family-candidate:8895634d7afe32acb160cf93	осмьдес-	unknown	ѻсмьдесѧтъ:78	78	78	78	78		possible-finite-verb	target-surface	target-lexeme-identity,target-morphological-cell			78	78	0	78		weak	large	candidate-unreviewed	surface grouping is diagnostic only; target identity and complete morphology require review
899	synodal:family-candidate:8ab2e675a85596b128a970cb	candidate-family:synodal:family-candidate:8ab2e675a85596b128a970cb	synodal:family-candidate:8ab2e675a85596b128a970cb	єздр-	unknown	єздра:78	78	78	78	78		possible-nominative-feminine-or-genitive-accusative	target-surface	target-lexeme-identity,target-morphological-cell			78	78	0	78		weak	large	candidate-unreviewed	surface grouping is diagnostic only; target identity and complete morphology require review
900	synodal:family-candidate:98048648d0d9839cebfe1dec	candidate-family:synodal:family-candidate:98048648d0d9839cebfe1dec	synodal:family-candidate:98048648d0d9839cebfe1dec	давідовѣ	unknown	давідовѣ:78	78	78	78	78		untyped	target-surface	target-lexeme-identity,target-morphological-cell			78	78	0	78		weak	large	candidate-unreviewed	surface grouping is diagnostic only; target identity and complete morphology require review
901	synodal:family-candidate:9d2cc96e18f1ab09adc47a8b	candidate-family:synodal:family-candidate:9d2cc96e18f1ab09adc47a8b	synodal:family-candidate:9d2cc96e18f1ab09adc47a8b	ѱал-	unknown	ѱаломъ:78	78	78	78	78		possible-dative-plural-or-instrumental-singular	target-surface	target-lexeme-identity,target-morphological-cell			78	78	0	78		weak	large	candidate-unreviewed	surface grouping is diagnostic only; target identity and complete morphology require review
902	synodal:family-candidate:b1b8e0e912e5fa612b651762	candidate-family:synodal:family-candidate:b1b8e0e912e5fa612b651762	synodal:family-candidate:b1b8e0e912e5fa612b651762	согрѣших-	unknown	согрѣшихомъ:78	78	78	78	76		possible-dative-plural-or-instrumental-singular	target-surface	target-lexeme-identity,target-morphological-cell			78	78	0	78		weak	large	candidate-unreviewed	surface grouping is diagnostic only; target identity and complete morphology require review
903	synodal:family-candidate:cac84e21d70ad760af3cc76d	candidate-family:synodal:family-candidate:cac84e21d70ad760af3cc76d	synodal:family-candidate:cac84e21d70ad760af3cc76d	ѿсюдꙋ	unknown	ѿсюдꙋ:78	78	78	78	78		untyped	target-surface	target-lexeme-identity,target-morphological-cell			78	78	0	78		weak	large	candidate-unreviewed	surface grouping is diagnostic only; target identity and complete morphology require review
904	synodal:family-candidate:dff3ac61a98ca027fc8332b1	candidate-family:synodal:family-candidate:dff3ac61a98ca027fc8332b1	synodal:family-candidate:dff3ac61a98ca027fc8332b1	лжꙋ	unknown	лжꙋ:78	78	78	78	76		untyped	target-surface	target-lexeme-identity,target-morphological-cell			78	78	0	78		weak	large	candidate-unreviewed	surface grouping is diagnostic only; target identity and complete morphology require review
905	synodal:family-candidate:e1a6aa4a3692fe602c4e8f91	candidate-family:synodal:family-candidate:e1a6aa4a3692fe602c4e8f91	synodal:family-candidate:e1a6aa4a3692fe602c4e8f91	старѣйшинъ	unknown	старѣйшинъ:78	78	78	78	76		untyped	target-surface	target-lexeme-identity,target-morphological-cell			78	78	0	78		weak	large	candidate-unreviewed	surface grouping is diagnostic only; target identity and complete morphology require review
906	synodal:family-candidate:e26aca244d6ffafa4dd45878	candidate-family:synodal:family-candidate:e26aca244d6ffafa4dd45878	synodal:family-candidate:e26aca244d6ffafa4dd45878	достоѧни-	unknown	достоѧнїе:78	78	78	78	74		possible-vocative-or-finite-verb	target-surface	target-lexeme-identity,target-morphological-cell			78	78	0	78		weak	large	candidate-unreviewed	surface grouping is diagnostic only; target identity and complete morphology require review
907	synodal:family-candidate:21ccd5fca8e50137a5ca5467	candidate-family:synodal:family-candidate:21ccd5fca8e50137a5ca5467	synodal:family-candidate:21ccd5fca8e50137a5ca5467	выш-	unknown	выше:77	77	77	77	73		possible-vocative-or-finite-verb,ud:ADV:Degree=Cmp	target-surface,typed-cell-candidate	target-lexeme-identity,target-morphological-cell	an OCS treebank cell requires an independent exact Synodal surface witness		77	77	0	77		weak	large	candidate-unreviewed	surface grouping is diagnostic only; target identity and complete morphology require review
908	synodal:family-candidate:354ae7aff190ad3861ebbd4b	candidate-family:synodal:family-candidate:354ae7aff190ad3861ebbd4b	synodal:family-candidate:354ae7aff190ad3861ebbd4b	кра-	unknown	краѧ:77	77	77	77	59		possible-nominative-feminine-or-genitive-accusative	target-surface	target-lexeme-identity,target-morphological-cell			77	77	0	77		weak	large	candidate-unreviewed	surface grouping is diagnostic only; target identity and complete morphology require review
909	synodal:family-candidate:4e2872bb5ea5deee367a50ba	candidate-family:synodal:family-candidate:4e2872bb5ea5deee367a50ba	synodal:family-candidate:4e2872bb5ea5deee367a50ba	пол-	unknown	полѧ:77	77	77	77	77		possible-nominative-feminine-or-genitive-accusative	target-surface	target-lexeme-identity,target-morphological-cell			77	77	0	77		weak	large	candidate-unreviewed	surface grouping is diagnostic only; target identity and complete morphology require review
910	synodal:family-candidate:532b10eca6993504b8cc1d8e	candidate-family:synodal:family-candidate:532b10eca6993504b8cc1d8e	synodal:family-candidate:532b10eca6993504b8cc1d8e	возрадуютс-	unknown	возрадꙋютсѧ:77	77	77	77	71		possible-nominative-feminine-or-genitive-accusative	target-surface	target-lexeme-identity,target-morphological-cell			77	77	0	77		weak	large	candidate-unreviewed	surface grouping is diagnostic only; target identity and complete morphology require review
911	synodal:family-candidate:72683b15dcb827a741f5329e	candidate-family:synodal:family-candidate:72683b15dcb827a741f5329e	synodal:family-candidate:72683b15dcb827a741f5329e	ѹшы	unknown	ѹшы:77	77	77	77	68		possible-nominative-plural	target-surface	target-lexeme-identity,target-morphological-cell			77	77	0	77		weak	large	candidate-unreviewed	surface grouping is diagnostic only; target identity and complete morphology require review
912	synodal:family-candidate:c660ce914d5bb9107acb1360	candidate-family:synodal:family-candidate:c660ce914d5bb9107acb1360	synodal:family-candidate:c660ce914d5bb9107acb1360	вавѷлон-	unknown	вавѷлѡна:77	77	77	77	77		possible-nominative-feminine-or-genitive-accusative	target-surface	target-lexeme-identity,target-morphological-cell			77	77	0	77		weak	large	candidate-unreviewed	surface grouping is diagnostic only; target identity and complete morphology require review
913	synodal:family-candidate:0d659ceff42be86bf990cf00	candidate-family:synodal:family-candidate:0d659ceff42be86bf990cf00	synodal:family-candidate:0d659ceff42be86bf990cf00	слышаш-	unknown	слышаша:76	76	76	76	74		possible-nominative-feminine-or-genitive-accusative	target-surface	target-lexeme-identity,target-morphological-cell			76	76	0	76		weak	large	candidate-unreviewed	surface grouping is diagnostic only; target identity and complete morphology require review
914	synodal:family-candidate:3296a91754aa28291f1c1697	candidate-family:synodal:family-candidate:3296a91754aa28291f1c1697	synodal:family-candidate:3296a91754aa28291f1c1697	златыхъ	unknown	златыхъ:76	76	76	76	64		untyped	target-surface	target-lexeme-identity,target-morphological-cell			76	76	0	76		weak	large	candidate-unreviewed	surface grouping is diagnostic only; target identity and complete morphology require review
915	synodal:family-candidate:471fe702f6b48bce381e15f7	candidate-family:synodal:family-candidate:471fe702f6b48bce381e15f7	synodal:family-candidate:471fe702f6b48bce381e15f7	ване-	unknown	ванеа:76	76	76	76	74		possible-nominative-feminine-or-genitive-accusative	target-surface	target-lexeme-identity,target-morphological-cell			76	76	0	76		weak	large	candidate-unreviewed	surface grouping is diagnostic only; target identity and complete morphology require review
916	synodal:family-candidate:49683852d8f800b751f7375a	candidate-family:synodal:family-candidate:49683852d8f800b751f7375a	synodal:family-candidate:49683852d8f800b751f7375a	положилъ	unknown	положилъ:76	76	76	76	74		ud:VERB:Case=Nom+Gender=Masc+Number=Sing+Tense=Past+Variant=Short+VerbForm=PartRes+Voice=Act,untyped	target-surface,typed-cell-candidate	target-lexeme-identity,target-morphological-cell	an OCS treebank cell requires an independent exact Synodal surface witness		76	76	0	76		weak	large	candidate-unreviewed	surface grouping is diagnostic only; target identity and complete morphology require review
917	synodal:family-candidate:5659152f57ffd44c39423a36	candidate-family:synodal:family-candidate:5659152f57ffd44c39423a36	synodal:family-candidate:5659152f57ffd44c39423a36	многꙋ	unknown	многꙋ:76	76	76	76	76		untyped	target-surface	target-lexeme-identity,target-morphological-cell			76	76	0	76		weak	large	candidate-unreviewed	surface grouping is diagnostic only; target identity and complete morphology require review
918	synodal:family-candidate:8cfc46bb00e16e15872cf62b	candidate-family:synodal:family-candidate:8cfc46bb00e16e15872cf62b	synodal:family-candidate:8cfc46bb00e16e15872cf62b	слышах-	unknown	слышахомъ:76	76	76	76	76		possible-dative-plural-or-instrumental-singular	target-surface	target-lexeme-identity,target-morphological-cell			76	76	0	76		weak	large	candidate-unreviewed	surface grouping is diagnostic only; target identity and complete morphology require review
919	synodal:family-candidate:b385375fa377a1c94c891cd7	candidate-family:synodal:family-candidate:b385375fa377a1c94c891cd7	synodal:family-candidate:b385375fa377a1c94c891cd7	вѣсъ	unknown	вѣсъ:76	76	76	76	74		untyped	target-surface	target-lexeme-identity,target-morphological-cell			76	76	0	76		weak	large	candidate-unreviewed	surface grouping is diagnostic only; target identity and complete morphology require review
920	synodal:family-candidate:e3e6d988503f62fbbddf3b7d	candidate-family:synodal:family-candidate:e3e6d988503f62fbbddf3b7d	synodal:family-candidate:e3e6d988503f62fbbddf3b7d	ᲂугодно	unknown	ᲂугодно:76	76	76	76	76		untyped	target-surface	target-lexeme-identity,target-morphological-cell			76	76	0	76		weak	large	candidate-unreviewed	surface grouping is diagnostic only; target identity and complete morphology require review
921	synodal:family-candidate:e75fc5af6dbbc6c1c9f7848e	candidate-family:synodal:family-candidate:e75fc5af6dbbc6c1c9f7848e	synodal:family-candidate:e75fc5af6dbbc6c1c9f7848e	ꙗзво-	unknown	ꙗзвою:76	76	76	76	72		untyped	target-surface	target-lexeme-identity,target-morphological-cell			76	76	0	76		weak	large	candidate-unreviewed	surface grouping is diagnostic only; target identity and complete morphology require review
922	synodal:family-candidate:f2502dd1ffee4a64944df942	candidate-family:synodal:family-candidate:f2502dd1ffee4a64944df942	synodal:family-candidate:f2502dd1ffee4a64944df942	ѹгодно	unknown	ѹгодно:76	76	76	76	76		untyped	target-surface	target-lexeme-identity,target-morphological-cell			76	76	0	76		weak	large	candidate-unreviewed	surface grouping is diagnostic only; target identity and complete morphology require review
923	synodal:family-candidate:f2d9df2e08947a64e14df9b4	candidate-family:synodal:family-candidate:f2d9df2e08947a64e14df9b4	synodal:family-candidate:f2d9df2e08947a64e14df9b4	исперв-	unknown	исперва:76	76	76	76	70		possible-nominative-feminine-or-genitive-accusative	target-surface	target-lexeme-identity,target-morphological-cell			76	76	0	76		weak	large	candidate-unreviewed	surface grouping is diagnostic only; target identity and complete morphology require review
924	synodal:family-candidate:1f2c4925e075db19c2b4bc04	candidate-family:synodal:family-candidate:1f2c4925e075db19c2b4bc04	synodal:family-candidate:1f2c4925e075db19c2b4bc04	погибель	unknown	погибель:75	75	75	75	73		untyped	target-surface	target-lexeme-identity,target-morphological-cell			75	75	0	75		weak	large	candidate-unreviewed	surface grouping is diagnostic only; target identity and complete morphology require review
925	synodal:family-candidate:2322073d13481f503ed3df40	candidate-family:synodal:family-candidate:2322073d13481f503ed3df40	synodal:family-candidate:2322073d13481f503ed3df40	возглагол-	unknown	возглаголю:75	75	75	75	75		untyped	target-surface	target-lexeme-identity,target-morphological-cell			75	75	0	75		weak	large	candidate-unreviewed	surface grouping is diagnostic only; target identity and complete morphology require review
926	synodal:family-candidate:4157cbbddc8179d7ec7b5487	candidate-family:synodal:family-candidate:4157cbbddc8179d7ec7b5487	synodal:family-candidate:4157cbbddc8179d7ec7b5487	ꙗдѧтъ	unknown	ꙗдѧтъ:75	75	75	75	73		possible-finite-verb	target-surface	target-lexeme-identity,target-morphological-cell			75	75	0	75		weak	large	candidate-unreviewed	surface grouping is diagnostic only; target identity and complete morphology require review
927	synodal:family-candidate:52aac7c06ac76c2dea12e61c	candidate-family:synodal:family-candidate:52aac7c06ac76c2dea12e61c	synodal:family-candidate:52aac7c06ac76c2dea12e61c	стражꙋ	unknown	стражꙋ:75	75	75	75	73		untyped	target-surface	target-lexeme-identity,target-morphological-cell			75	75	0	75		weak	large	candidate-unreviewed	surface grouping is diagnostic only; target identity and complete morphology require review
928	synodal:family-candidate:9d450c3559b807fc50b0047d	candidate-family:synodal:family-candidate:9d450c3559b807fc50b0047d	synodal:family-candidate:9d450c3559b807fc50b0047d	слышаст-	unknown	слышасте:75	75	75	75	73		possible-vocative-or-finite-verb,ud:VERB:Aspect=Perf+Mood=Ind+Number=Plur+Person=2+Tense=Past+VerbForm=Fin+Voice=Act	target-surface,typed-cell-candidate	target-lexeme-identity,target-morphological-cell	an OCS treebank cell requires an independent exact Synodal surface witness		75	75	0	75		weak	large	candidate-unreviewed	surface grouping is diagnostic only; target identity and complete morphology require review
929	synodal:family-candidate:c00275e0565481c2553cb6c2	candidate-family:synodal:family-candidate:c00275e0565481c2553cb6c2	synodal:family-candidate:c00275e0565481c2553cb6c2	одержани-	unknown	ѡдержанїе:75	75	75	75	71		possible-vocative-or-finite-verb	target-surface	target-lexeme-identity,target-morphological-cell			75	75	0	75		weak	large	candidate-unreviewed	surface grouping is diagnostic only; target identity and complete morphology require review
930	synodal:family-candidate:25aa6f6db4eb2405da60c03f	candidate-family:synodal:family-candidate:25aa6f6db4eb2405da60c03f	synodal:family-candidate:25aa6f6db4eb2405da60c03f	дымъ	unknown	дымъ:74	74	74	74	68		untyped	target-surface	target-lexeme-identity,target-morphological-cell			74	74	0	74		weak	large	candidate-unreviewed	surface grouping is diagnostic only; target identity and complete morphology require review
931	synodal:family-candidate:4ac881768ab5777307da70dc	candidate-family:synodal:family-candidate:4ac881768ab5777307da70dc	synodal:family-candidate:4ac881768ab5777307da70dc	жерцємъ	unknown	жерцємъ:74	74	74	74	74		untyped	target-surface	target-lexeme-identity,target-morphological-cell			74	74	0	74		weak	large	candidate-unreviewed	surface grouping is diagnostic only; target identity and complete morphology require review
932	synodal:family-candidate:572220876170b5925bcfc10b	candidate-family:synodal:family-candidate:572220876170b5925bcfc10b	synodal:family-candidate:572220876170b5925bcfc10b	воззв-	unknown	воззва:74	74	74	74	73		possible-nominative-feminine-or-genitive-accusative	target-surface	target-lexeme-identity,target-morphological-cell			74	74	0	74		weak	large	candidate-unreviewed	surface grouping is diagnostic only; target identity and complete morphology require review
933	synodal:family-candidate:593e1f0314b4595bbecf9cc7	candidate-family:synodal:family-candidate:593e1f0314b4595bbecf9cc7	synodal:family-candidate:593e1f0314b4595bbecf9cc7	царево	unknown	царево:74	74	74	74	74		untyped	target-surface	target-lexeme-identity,target-morphological-cell			74	74	0	74		weak	large	candidate-unreviewed	surface grouping is diagnostic only; target identity and complete morphology require review
934	synodal:family-candidate:5ba333e72c586c45fdcbc40f	candidate-family:synodal:family-candidate:5ba333e72c586c45fdcbc40f	synodal:family-candidate:5ba333e72c586c45fdcbc40f	грѧд-	unknown	грѧдꙋтъ:74	74	74	74	72		possible-finite-verb	target-surface	target-lexeme-identity,target-morphological-cell			74	74	0	74		weak	large	candidate-unreviewed	surface grouping is diagnostic only; target identity and complete morphology require review
935	synodal:family-candidate:6f4af2c9683202148dee0b21	candidate-family:synodal:family-candidate:6f4af2c9683202148dee0b21	synodal:family-candidate:6f4af2c9683202148dee0b21	приемл-	unknown	прїемлетъ:74	74	74	74	57		possible-finite-verb,ud:VERB:Mood=Ind+Number=Sing+Person=3+Tense=Pres+VerbForm=Fin+Voice=Act	target-surface,typed-cell-candidate	target-lexeme-identity,target-morphological-cell	an OCS treebank cell requires an independent exact Synodal surface witness		74	74	0	74		weak	large	candidate-unreviewed	surface grouping is diagnostic only; target identity and complete morphology require review
936	synodal:family-candidate:81d7df62ecbf1dc1ef08497b	candidate-family:synodal:family-candidate:81d7df62ecbf1dc1ef08497b	synodal:family-candidate:81d7df62ecbf1dc1ef08497b	помощникъ	unknown	помощникъ:74	74	74	74	74		untyped	target-surface	target-lexeme-identity,target-morphological-cell			74	74	0	74		weak	large	candidate-unreviewed	surface grouping is diagnostic only; target identity and complete morphology require review
937	synodal:family-candidate:92bb8cb8da120dc4c390e90a	candidate-family:synodal:family-candidate:92bb8cb8da120dc4c390e90a	synodal:family-candidate:92bb8cb8da120dc4c390e90a	избрахъ	unknown	избрахъ:74	74	74	74	66		untyped	target-surface	target-lexeme-identity,target-morphological-cell			74	74	0	74		weak	large	candidate-unreviewed	surface grouping is diagnostic only; target identity and complete morphology require review
938	synodal:family-candidate:94b2c6bb9f435ec55f8e04cd	candidate-family:synodal:family-candidate:94b2c6bb9f435ec55f8e04cd	synodal:family-candidate:94b2c6bb9f435ec55f8e04cd	іѡасъ	unknown	іѡасъ:74	74	74	74	70		untyped	target-surface	target-lexeme-identity,target-morphological-cell			74	74	0	74		weak	large	candidate-unreviewed	surface grouping is diagnostic only; target identity and complete morphology require review
939	synodal:family-candidate:9e14b5aa4629e2f594dff3ba	candidate-family:synodal:family-candidate:9e14b5aa4629e2f594dff3ba	synodal:family-candidate:9e14b5aa4629e2f594dff3ba	прїимꙋ	unknown	прїимꙋ:74	74	74	74	72		untyped	target-surface	target-lexeme-identity,target-morphological-cell			74	74	0	74		weak	large	candidate-unreviewed	surface grouping is diagnostic only; target identity and complete morphology require review
940	synodal:family-candidate:a0c7eefbe3a4de5b8838e6ae	candidate-family:synodal:family-candidate:a0c7eefbe3a4de5b8838e6ae	synodal:family-candidate:a0c7eefbe3a4de5b8838e6ae	мꙋдрость	unknown	мꙋдрость:74	74	74	74	70		untyped	target-surface	target-lexeme-identity,target-morphological-cell			74	74	0	74		weak	large	candidate-unreviewed	surface grouping is diagnostic only; target identity and complete morphology require review
941	synodal:family-candidate:e97246fcec00371a6f76f083	candidate-family:synodal:family-candidate:e97246fcec00371a6f76f083	synodal:family-candidate:e97246fcec00371a6f76f083	виноград-	unknown	вїнограды:74	74	74	74	74		possible-nominative-plural	target-surface	target-lexeme-identity,target-morphological-cell			74	74	0	74		weak	large	candidate-unreviewed	surface grouping is diagnostic only; target identity and complete morphology require review
942	synodal:family-candidate:e972f6300667d9b1aa35a7de	candidate-family:synodal:family-candidate:e972f6300667d9b1aa35a7de	synodal:family-candidate:e972f6300667d9b1aa35a7de	подоби-	unknown	подобїе:74	74	74	74	66		possible-vocative-or-finite-verb	target-surface	target-lexeme-identity,target-morphological-cell			74	74	0	74		weak	large	candidate-unreviewed	surface grouping is diagnostic only; target identity and complete morphology require review
943	synodal:family-candidate:f15ef451b2649b64fd6cd656	candidate-family:synodal:family-candidate:f15ef451b2649b64fd6cd656	synodal:family-candidate:f15ef451b2649b64fd6cd656	изшедъ	unknown	изшедъ:74	74	74	74	74		untyped	target-surface	target-lexeme-identity,target-morphological-cell			74	74	0	74		weak	large	candidate-unreviewed	surface grouping is diagnostic only; target identity and complete morphology require review
944	synodal:family-candidate:23afa783bfd9e30e2d2149d4	candidate-family:synodal:family-candidate:23afa783bfd9e30e2d2149d4	synodal:family-candidate:23afa783bfd9e30e2d2149d4	архїерей	unknown	архїерей:73	73	73	73	71		untyped	target-surface	target-lexeme-identity,target-morphological-cell			73	73	0	73		weak	large	candidate-unreviewed	surface grouping is diagnostic only; target identity and complete morphology require review
945	synodal:family-candidate:309a80ee30f9dff6e864aedd	candidate-family:synodal:family-candidate:309a80ee30f9dff6e864aedd	synodal:family-candidate:309a80ee30f9dff6e864aedd	царємъ	unknown	царємъ:73	73	73	73	73		untyped	target-surface	target-lexeme-identity,target-morphological-cell			73	73	0	73		weak	large	candidate-unreviewed	surface grouping is diagnostic only; target identity and complete morphology require review
946	synodal:family-candidate:611d7fed1fa74c49f23714cf	candidate-family:synodal:family-candidate:611d7fed1fa74c49f23714cf	synodal:family-candidate:611d7fed1fa74c49f23714cf	обратитс-	unknown	ѡбратитсѧ:73	73	73	73	73		possible-nominative-feminine-or-genitive-accusative	target-surface	target-lexeme-identity,target-morphological-cell			73	73	0	73		weak	large	candidate-unreviewed	surface grouping is diagnostic only; target identity and complete morphology require review
947	synodal:family-candidate:632f579f836ad0b3cabcb647	candidate-family:synodal:family-candidate:632f579f836ad0b3cabcb647	synodal:family-candidate:632f579f836ad0b3cabcb647	глаголѧй	unknown	глаголѧй:73	73	73	73	73		untyped	target-surface	target-lexeme-identity,target-morphological-cell			73	73	0	73		weak	large	candidate-unreviewed	surface grouping is diagnostic only; target identity and complete morphology require review
948	synodal:family-candidate:98f46bc03f5d2e7bbf35f4bc	candidate-family:synodal:family-candidate:98f46bc03f5d2e7bbf35f4bc	synodal:family-candidate:98f46bc03f5d2e7bbf35f4bc	мѣр-	unknown	мѣры:73	73	73	73	65		possible-nominative-plural	target-surface	target-lexeme-identity,target-morphological-cell			73	73	0	73		weak	large	candidate-unreviewed	surface grouping is diagnostic only; target identity and complete morphology require review
949	synodal:family-candidate:adc76f0fde707aca73bcab7f	candidate-family:synodal:family-candidate:adc76f0fde707aca73bcab7f	synodal:family-candidate:adc76f0fde707aca73bcab7f	ꙗвѣ	unknown	ꙗвѣ:73	73	73	73	71		untyped	target-surface	target-lexeme-identity,target-morphological-cell			73	73	0	73		weak	large	candidate-unreviewed	surface grouping is diagnostic only; target identity and complete morphology require review
950	synodal:family-candidate:df0119e563969467412fe169	candidate-family:synodal:family-candidate:df0119e563969467412fe169	synodal:family-candidate:df0119e563969467412fe169	сꙋббѡтꙋ	unknown	сꙋббѡтꙋ:73	73	73	73	69		untyped	target-surface	target-lexeme-identity,target-morphological-cell			73	73	0	73		weak	large	candidate-unreviewed	surface grouping is diagnostic only; target identity and complete morphology require review
951	synodal:family-candidate:f978f16d9b1c8428bc3e5cfc	candidate-family:synodal:family-candidate:f978f16d9b1c8428bc3e5cfc	synodal:family-candidate:f978f16d9b1c8428bc3e5cfc	множествꙋ	unknown	множествꙋ:73	73	73	73	73		untyped	target-surface	target-lexeme-identity,target-morphological-cell			73	73	0	73		weak	large	candidate-unreviewed	surface grouping is diagnostic only; target identity and complete morphology require review
952	synodal:family-candidate:0f785dbd6446726e8e51acf5	candidate-family:synodal:family-candidate:0f785dbd6446726e8e51acf5	synodal:family-candidate:0f785dbd6446726e8e51acf5	манассиин-	unknown	манассіина:72	72	72	72	72		possible-nominative-feminine-or-genitive-accusative	target-surface	target-lexeme-identity,target-morphological-cell			72	72	0	72		weak	large	candidate-unreviewed	surface grouping is diagnostic only; target identity and complete morphology require review
953	synodal:family-candidate:15d08343f2ac695f78b8e120	candidate-family:synodal:family-candidate:15d08343f2ac695f78b8e120	synodal:family-candidate:15d08343f2ac695f78b8e120	соберꙋ	unknown	соберꙋ:72	72	72	72	70		untyped	target-surface	target-lexeme-identity,target-morphological-cell			72	72	0	72		weak	large	candidate-unreviewed	surface grouping is diagnostic only; target identity and complete morphology require review
954	synodal:family-candidate:1dcaa0e52fa1f5add9af48ba	candidate-family:synodal:family-candidate:1dcaa0e52fa1f5add9af48ba	synodal:family-candidate:1dcaa0e52fa1f5add9af48ba	исполнь	unknown	исполнь:72	72	72	72	72		untyped	target-surface	target-lexeme-identity,target-morphological-cell			72	72	0	72		weak	large	candidate-unreviewed	surface grouping is diagnostic only; target identity and complete morphology require review
955	synodal:family-candidate:4ae237b01b05b5edbcb63eac	candidate-family:synodal:family-candidate:4ae237b01b05b5edbcb63eac	synodal:family-candidate:4ae237b01b05b5edbcb63eac	обитающ-	unknown	ѡбитающихъ:72	72	72	72	70		possible-genitive-or-locative-plural	target-surface	target-lexeme-identity,target-morphological-cell			72	72	0	72		weak	large	candidate-unreviewed	surface grouping is diagnostic only; target identity and complete morphology require review
956	synodal:family-candidate:4eabc013b658e21f19e5d370	candidate-family:synodal:family-candidate:4eabc013b658e21f19e5d370	synodal:family-candidate:4eabc013b658e21f19e5d370	ѳѷми-	unknown	ѳѷмїамъ:72	72	72	72	72		untyped	target-surface	target-lexeme-identity,target-morphological-cell			72	72	0	72		weak	large	candidate-unreviewed	surface grouping is diagnostic only; target identity and complete morphology require review
957	synodal:family-candidate:564e03889c104ca5a450df75	candidate-family:synodal:family-candidate:564e03889c104ca5a450df75	synodal:family-candidate:564e03889c104ca5a450df75	іѡвъ	unknown	іѡвъ:72	72	72	72	63		possible-genitive-or-locative-plural,ud:PROPN:Case=Nom+Gender=Masc+Number=Sing	target-surface,typed-cell-candidate	target-lexeme-identity,target-morphological-cell	an OCS treebank cell requires an independent exact Synodal surface witness		72	72	0	72		weak	large	candidate-unreviewed	surface grouping is diagnostic only; target identity and complete morphology require review
958	synodal:family-candidate:66c2a6dedaeb79b75cb2eb3f	candidate-family:synodal:family-candidate:66c2a6dedaeb79b75cb2eb3f	synodal:family-candidate:66c2a6dedaeb79b75cb2eb3f	прозв-	unknown	прозва:72	72	72	72	64		possible-nominative-feminine-or-genitive-accusative	target-surface	target-lexeme-identity,target-morphological-cell			72	72	0	72		weak	large	candidate-unreviewed	surface grouping is diagnostic only; target identity and complete morphology require review
959	synodal:family-candidate:79b5f7287ed2e86d6e4146af	candidate-family:synodal:family-candidate:79b5f7287ed2e86d6e4146af	synodal:family-candidate:79b5f7287ed2e86d6e4146af	живѧш-	unknown	живѧше:72	72	72	72	72		possible-vocative-or-finite-verb	target-surface	target-lexeme-identity,target-morphological-cell			72	72	0	72		weak	large	candidate-unreviewed	surface grouping is diagnostic only; target identity and complete morphology require review
960	synodal:family-candidate:7bc27923931e5510eb37bd22	candidate-family:synodal:family-candidate:7bc27923931e5510eb37bd22	synodal:family-candidate:7bc27923931e5510eb37bd22	выю	unknown	выю:72	72	72	72	72		untyped	target-surface	target-lexeme-identity,target-morphological-cell			72	72	0	72		weak	large	candidate-unreviewed	surface grouping is diagnostic only; target identity and complete morphology require review
961	synodal:family-candidate:7e8e4b5d9e7bed0e2caa91a1	candidate-family:synodal:family-candidate:7e8e4b5d9e7bed0e2caa91a1	synodal:family-candidate:7e8e4b5d9e7bed0e2caa91a1	восхощ-	unknown	восхощетъ:72	72	72	72	72		possible-finite-verb	target-surface	target-lexeme-identity,target-morphological-cell			72	72	0	72		weak	large	candidate-unreviewed	surface grouping is diagnostic only; target identity and complete morphology require review
962	synodal:family-candidate:8772cb014888b0a95a82e92c	candidate-family:synodal:family-candidate:8772cb014888b0a95a82e92c	synodal:family-candidate:8772cb014888b0a95a82e92c	очист-	unknown	ѡчиститъ:72	72	72	72	66		possible-finite-verb,ud:VERB:Mood=Ind+Number=Sing+Person=3+Tense=Pres+VerbForm=Fin+Voice=Act	target-surface,typed-cell-candidate	target-lexeme-identity,target-morphological-cell	an OCS treebank cell requires an independent exact Synodal surface witness		72	72	0	72		weak	large	candidate-unreviewed	surface grouping is diagnostic only; target identity and complete morphology require review
963	synodal:family-candidate:8b97e3cf446e6d2fb3187fcc	candidate-family:synodal:family-candidate:8b97e3cf446e6d2fb3187fcc	synodal:family-candidate:8b97e3cf446e6d2fb3187fcc	вселишас-	unknown	вселишасѧ:72	72	72	72	72		possible-nominative-feminine-or-genitive-accusative	target-surface	target-lexeme-identity,target-morphological-cell			72	72	0	72		weak	large	candidate-unreviewed	surface grouping is diagnostic only; target identity and complete morphology require review
964	synodal:family-candidate:a1848392bd02b3e10a4700d0	candidate-family:synodal:family-candidate:a1848392bd02b3e10a4700d0	synodal:family-candidate:a1848392bd02b3e10a4700d0	ісаакꙋ	unknown	ісаакꙋ:72	72	72	72	72		untyped	target-surface	target-lexeme-identity,target-morphological-cell			72	72	0	72		weak	large	candidate-unreviewed	surface grouping is diagnostic only; target identity and complete morphology require review
965	synodal:family-candidate:bdc73cb91fde2ac4caf19c28	candidate-family:synodal:family-candidate:bdc73cb91fde2ac4caf19c28	synodal:family-candidate:bdc73cb91fde2ac4caf19c28	полцѣ	unknown	полцѣ:72	72	72	72	68		untyped	target-surface	target-lexeme-identity,target-morphological-cell			72	72	0	72		weak	large	candidate-unreviewed	surface grouping is diagnostic only; target identity and complete morphology require review
966	synodal:family-candidate:c0f94680bdd181c04c84cfab	candidate-family:synodal:family-candidate:c0f94680bdd181c04c84cfab	synodal:family-candidate:c0f94680bdd181c04c84cfab	четырест-	unknown	четыреста:72	72	72	72	68		possible-nominative-feminine-or-genitive-accusative	target-surface	target-lexeme-identity,target-morphological-cell			72	72	0	72		weak	large	candidate-unreviewed	surface grouping is diagnostic only; target identity and complete morphology require review
967	synodal:family-candidate:e9b04281aaa1625eb1da792c	candidate-family:synodal:family-candidate:e9b04281aaa1625eb1da792c	synodal:family-candidate:e9b04281aaa1625eb1da792c	стоѧл-	unknown	стѡѧла:72	72	72	72	49		possible-nominative-feminine-or-genitive-accusative	target-surface	target-lexeme-identity,target-morphological-cell			72	72	0	72		weak	large	candidate-unreviewed	surface grouping is diagnostic only; target identity and complete morphology require review
968	synodal:family-candidate:ea2b563d3ecaefae688b4d03	candidate-family:synodal:family-candidate:ea2b563d3ecaefae688b4d03	synodal:family-candidate:ea2b563d3ecaefae688b4d03	иеровоа-	unknown	іеровоама:72	72	72	72	72		possible-nominative-feminine-or-genitive-accusative	target-surface	target-lexeme-identity,target-morphological-cell			72	72	0	72		weak	large	candidate-unreviewed	surface grouping is diagnostic only; target identity and complete morphology require review
969	synodal:family-candidate:f6e993010662110b190488b3	candidate-family:synodal:family-candidate:f6e993010662110b190488b3	synodal:family-candidate:f6e993010662110b190488b3	оскудѣ-	unknown	ѡскꙋдѣетъ:72	72	72	72	72		possible-finite-verb	target-surface	target-lexeme-identity,target-morphological-cell			72	72	0	72		weak	large	candidate-unreviewed	surface grouping is diagnostic only; target identity and complete morphology require review
970	synodal:family-candidate:68ef519365f16256d43399d3	candidate-family:synodal:family-candidate:68ef519365f16256d43399d3	synodal:family-candidate:68ef519365f16256d43399d3	возвратѧтс-	unknown	возвратѧтсѧ:71	71	71	71	69		possible-nominative-feminine-or-genitive-accusative	target-surface	target-lexeme-identity,target-morphological-cell			71	71	0	71		weak	large	candidate-unreviewed	surface grouping is diagnostic only; target identity and complete morphology require review
971	synodal:family-candidate:0ecaaf6d5bddbf6823952dc9	candidate-family:synodal:family-candidate:0ecaaf6d5bddbf6823952dc9	synodal:family-candidate:0ecaaf6d5bddbf6823952dc9	премꙋдръ	unknown	премꙋдръ:70	70	70	70	66		untyped	target-surface	target-lexeme-identity,target-morphological-cell			70	70	0	70		weak	large	candidate-unreviewed	surface grouping is diagnostic only; target identity and complete morphology require review
972	synodal:family-candidate:103e51607dec40e5958a40fa	candidate-family:synodal:family-candidate:103e51607dec40e5958a40fa	synodal:family-candidate:103e51607dec40e5958a40fa	плакас-	unknown	плакасѧ:70	70	70	70	68		possible-nominative-feminine-or-genitive-accusative	target-surface	target-lexeme-identity,target-morphological-cell			70	70	0	70		weak	large	candidate-unreviewed	surface grouping is diagnostic only; target identity and complete morphology require review
973	synodal:family-candidate:1fa2b5034bda8c6592800c39	candidate-family:synodal:family-candidate:1fa2b5034bda8c6592800c39	synodal:family-candidate:1fa2b5034bda8c6592800c39	рахиль	unknown	рахиль:70	70	70	70	66		untyped	target-surface	target-lexeme-identity,target-morphological-cell			70	70	0	70		weak	large	candidate-unreviewed	surface grouping is diagnostic only; target identity and complete morphology require review
974	synodal:family-candidate:2d62a720f7b0a2e69b716cbc	candidate-family:synodal:family-candidate:2d62a720f7b0a2e69b716cbc	synodal:family-candidate:2d62a720f7b0a2e69b716cbc	обит-	unknown	ѡбитати:70	70	70	70	70		possible-nominative-plural	target-surface	target-lexeme-identity,target-morphological-cell			70	70	0	70		weak	large	candidate-unreviewed	surface grouping is diagnostic only; target identity and complete morphology require review
975	synodal:family-candidate:37950e256798d3be05fb89f2	candidate-family:synodal:family-candidate:37950e256798d3be05fb89f2	synodal:family-candidate:37950e256798d3be05fb89f2	стражб-	unknown	стражбы:70	70	70	70	60		possible-nominative-plural	target-surface	target-lexeme-identity,target-morphological-cell			70	70	0	70		weak	large	candidate-unreviewed	surface grouping is diagnostic only; target identity and complete morphology require review
976	synodal:family-candidate:57f5e9bc85b19f417d603ae9	candidate-family:synodal:family-candidate:57f5e9bc85b19f417d603ae9	synodal:family-candidate:57f5e9bc85b19f417d603ae9	вала-	unknown	валаамъ:70	70	70	70	68		untyped	target-surface	target-lexeme-identity,target-morphological-cell			70	70	0	70		weak	large	candidate-unreviewed	surface grouping is diagnostic only; target identity and complete morphology require review
977	synodal:family-candidate:677c094a8c8f5247b9023c5a	candidate-family:synodal:family-candidate:677c094a8c8f5247b9023c5a	synodal:family-candidate:677c094a8c8f5247b9023c5a	вѣроваш-	unknown	вѣроваша:70	70	70	70	70		possible-nominative-feminine-or-genitive-accusative	target-surface	target-lexeme-identity,target-morphological-cell			70	70	0	70		weak	large	candidate-unreviewed	surface grouping is diagnostic only; target identity and complete morphology require review
978	synodal:family-candidate:72e1c191f4a6cae6265684ea	candidate-family:synodal:family-candidate:72e1c191f4a6cae6265684ea	synodal:family-candidate:72e1c191f4a6cae6265684ea	жертвенникъ	unknown	жертвенникъ:70	70	70	70	66		untyped	target-surface	target-lexeme-identity,target-morphological-cell			70	70	0	70		weak	large	candidate-unreviewed	surface grouping is diagnostic only; target identity and complete morphology require review
979	synodal:family-candidate:7cc845e82b484e23ef9728ae	candidate-family:synodal:family-candidate:7cc845e82b484e23ef9728ae	synodal:family-candidate:7cc845e82b484e23ef9728ae	хеврѡнъ	unknown	хеврѡнъ:70	70	70	70	70		untyped	target-surface	target-lexeme-identity,target-morphological-cell			70	70	0	70		weak	large	candidate-unreviewed	surface grouping is diagnostic only; target identity and complete morphology require review
980	synodal:family-candidate:7efd2221b546d24cd696a5bd	candidate-family:synodal:family-candidate:7efd2221b546d24cd696a5bd	synodal:family-candidate:7efd2221b546d24cd696a5bd	мѣрꙋ	unknown	мѣрꙋ:70	70	70	70	70		untyped	target-surface	target-lexeme-identity,target-morphological-cell			70	70	0	70		weak	large	candidate-unreviewed	surface grouping is diagnostic only; target identity and complete morphology require review
981	synodal:family-candidate:8ca29166ead0346a5ac69a87	candidate-family:synodal:family-candidate:8ca29166ead0346a5ac69a87	synodal:family-candidate:8ca29166ead0346a5ac69a87	сущы-	unknown	сꙋщыѧ:70	70	70	70	70		possible-nominative-feminine-or-genitive-accusative	target-surface	target-lexeme-identity,target-morphological-cell			70	70	0	70		weak	large	candidate-unreviewed	surface grouping is diagnostic only; target identity and complete morphology require review
982	synodal:family-candidate:9b9da4b28278940b09682066	candidate-family:synodal:family-candidate:9b9da4b28278940b09682066	synodal:family-candidate:9b9da4b28278940b09682066	повѣдаш-	unknown	повѣдаша:70	70	70	70	68		possible-nominative-feminine-or-genitive-accusative	target-surface	target-lexeme-identity,target-morphological-cell			70	70	0	70		weak	large	candidate-unreviewed	surface grouping is diagnostic only; target identity and complete morphology require review
983	synodal:family-candidate:d172e07e2eb25b43fddf0867	candidate-family:synodal:family-candidate:d172e07e2eb25b43fddf0867	synodal:family-candidate:d172e07e2eb25b43fddf0867	ꙗдый	unknown	ꙗдый:70	70	70	70	66		untyped	target-surface	target-lexeme-identity,target-morphological-cell			70	70	0	70		weak	large	candidate-unreviewed	surface grouping is diagnostic only; target identity and complete morphology require review
984	synodal:family-candidate:e05c449b8a3d2ae27ef9329a	candidate-family:synodal:family-candidate:e05c449b8a3d2ae27ef9329a	synodal:family-candidate:e05c449b8a3d2ae27ef9329a	можаш-	unknown	можаше:70	70	70	70	68		possible-vocative-or-finite-verb	target-surface	target-lexeme-identity,target-morphological-cell			70	70	0	70		weak	large	candidate-unreviewed	surface grouping is diagnostic only; target identity and complete morphology require review
985	synodal:family-candidate:0f1b3eb7ba8ef9e1e4cc0b1f	candidate-family:synodal:family-candidate:0f1b3eb7ba8ef9e1e4cc0b1f	synodal:family-candidate:0f1b3eb7ba8ef9e1e4cc0b1f	спасетс-	unknown	спасетсѧ:69	69	69	69	67		possible-nominative-feminine-or-genitive-accusative	target-surface	target-lexeme-identity,target-morphological-cell			69	69	0	69		weak	large	candidate-unreviewed	surface grouping is diagnostic only; target identity and complete morphology require review
986	synodal:family-candidate:6b03d0f213e842cce6ba6080	candidate-family:synodal:family-candidate:6b03d0f213e842cce6ba6080	synodal:family-candidate:6b03d0f213e842cce6ba6080	пророц-	unknown	пророцы:69	69	69	69	67		possible-nominative-plural	target-surface	target-lexeme-identity,target-morphological-cell			69	69	0	69		weak	large	candidate-unreviewed	surface grouping is diagnostic only; target identity and complete morphology require review
987	synodal:family-candidate:d2f882c8b4b110c4491e785a	candidate-family:synodal:family-candidate:d2f882c8b4b110c4491e785a	synodal:family-candidate:d2f882c8b4b110c4491e785a	возвращꙋ	unknown	возвращꙋ:69	69	69	69	65		untyped	target-surface	target-lexeme-identity,target-morphological-cell			69	69	0	69		weak	large	candidate-unreviewed	surface grouping is diagnostic only; target identity and complete morphology require review
988	synodal:family-candidate:0316d751720327d361098c48	candidate-family:synodal:family-candidate:0316d751720327d361098c48	synodal:family-candidate:0316d751720327d361098c48	пришлецъ	unknown	пришлецъ:68	68	68	68	68		untyped	target-surface	target-lexeme-identity,target-morphological-cell			68	68	0	68		weak	large	candidate-unreviewed	surface grouping is diagnostic only; target identity and complete morphology require review
989	synodal:family-candidate:101520c7eee3184bf8bdcd37	candidate-family:synodal:family-candidate:101520c7eee3184bf8bdcd37	synodal:family-candidate:101520c7eee3184bf8bdcd37	сконч-	unknown	сконча:68	68	68	68	66		possible-nominative-feminine-or-genitive-accusative	target-surface	target-lexeme-identity,target-morphological-cell			68	68	0	68		weak	large	candidate-unreviewed	surface grouping is diagnostic only; target identity and complete morphology require review
990	synodal:family-candidate:148c899dbe8233a36c2dcfef	candidate-family:synodal:family-candidate:148c899dbe8233a36c2dcfef	synodal:family-candidate:148c899dbe8233a36c2dcfef	снѣстъ	unknown	снѣстъ:68	68	68	68	60		possible-finite-verb	target-surface	target-lexeme-identity,target-morphological-cell			68	68	0	68		weak	large	candidate-unreviewed	surface grouping is diagnostic only; target identity and complete morphology require review
991	synodal:family-candidate:6cd6a10791503d3c8a0042f1	candidate-family:synodal:family-candidate:6cd6a10791503d3c8a0042f1	synodal:family-candidate:6cd6a10791503d3c8a0042f1	благовони-	unknown	благовонїѧ:68	68	68	68	68		possible-nominative-feminine-or-genitive-accusative	target-surface	target-lexeme-identity,target-morphological-cell			68	68	0	68		weak	large	candidate-unreviewed	surface grouping is diagnostic only; target identity and complete morphology require review
992	synodal:family-candidate:805b7ee947669f4e3570cd80	candidate-family:synodal:family-candidate:805b7ee947669f4e3570cd80	synodal:family-candidate:805b7ee947669f4e3570cd80	исаи-	unknown	исаїа:68	68	68	68	68		possible-nominative-feminine-or-genitive-accusative	target-surface	target-lexeme-identity,target-morphological-cell			68	68	0	68		weak	large	candidate-unreviewed	surface grouping is diagnostic only; target identity and complete morphology require review
993	synodal:family-candidate:8199dce33d97293c46f247a8	candidate-family:synodal:family-candidate:8199dce33d97293c46f247a8	synodal:family-candidate:8199dce33d97293c46f247a8	стоѧхꙋ	unknown	стоѧхꙋ:68	68	68	68	66		untyped	target-surface	target-lexeme-identity,target-morphological-cell			68	68	0	68		weak	large	candidate-unreviewed	surface grouping is diagnostic only; target identity and complete morphology require review
994	synodal:family-candidate:92fd952290e1b12b7f3698e4	candidate-family:synodal:family-candidate:92fd952290e1b12b7f3698e4	synodal:family-candidate:92fd952290e1b12b7f3698e4	созид-	unknown	созидати:68	68	68	68	68		possible-nominative-plural	target-surface	target-lexeme-identity,target-morphological-cell			68	68	0	68		weak	large	candidate-unreviewed	surface grouping is diagnostic only; target identity and complete morphology require review
995	synodal:family-candidate:9cda43e80322a01ded26cf15	candidate-family:synodal:family-candidate:9cda43e80322a01ded26cf15	synodal:family-candidate:9cda43e80322a01ded26cf15	захари-	unknown	захарїа:68	68	68	68	68		possible-nominative-feminine-or-genitive-accusative	target-surface	target-lexeme-identity,target-morphological-cell			68	68	0	68		weak	large	candidate-unreviewed	surface grouping is diagnostic only; target identity and complete morphology require review
996	synodal:family-candidate:a68eeaed20771e7269e1871e	candidate-family:synodal:family-candidate:a68eeaed20771e7269e1871e	synodal:family-candidate:a68eeaed20771e7269e1871e	вселѧтс-	unknown	вселѧтсѧ:68	68	68	68	66		possible-nominative-feminine-or-genitive-accusative	target-surface	target-lexeme-identity,target-morphological-cell			68	68	0	68		weak	large	candidate-unreviewed	surface grouping is diagnostic only; target identity and complete morphology require review
997	synodal:family-candidate:ab33e2e9c45c4c5140e0fbf2	candidate-family:synodal:family-candidate:ab33e2e9c45c4c5140e0fbf2	synodal:family-candidate:ab33e2e9c45c4c5140e0fbf2	авениръ	unknown	авениръ:68	68	68	68	64		untyped	target-surface	target-lexeme-identity,target-morphological-cell			68	68	0	68		weak	large	candidate-unreviewed	surface grouping is diagnostic only; target identity and complete morphology require review
998	synodal:family-candidate:cc0eee6fd834eedded406a49	candidate-family:synodal:family-candidate:cc0eee6fd834eedded406a49	synodal:family-candidate:cc0eee6fd834eedded406a49	изведохъ	unknown	изведохъ:68	68	68	68	68		untyped	target-surface	target-lexeme-identity,target-morphological-cell			68	68	0	68		weak	large	candidate-unreviewed	surface grouping is diagnostic only; target identity and complete morphology require review
999	synodal:family-candidate:12d77233fb73edf61b301669	candidate-family:synodal:family-candidate:12d77233fb73edf61b301669	synodal:family-candidate:12d77233fb73edf61b301669	вѣдѧш-	unknown	вѣдѧше:67	67	67	67	67		possible-vocative-or-finite-verb	target-surface	target-lexeme-identity,target-morphological-cell			67	67	0	67		weak	large	candidate-unreviewed	surface grouping is diagnostic only; target identity and complete morphology require review
1000	synodal:family-candidate:3fa503f8c6d1f58e7ecb151d	candidate-family:synodal:family-candidate:3fa503f8c6d1f58e7ecb151d	synodal:family-candidate:3fa503f8c6d1f58e7ecb151d	грѧдый	unknown	грѧдый:67	67	67	67	65		untyped	target-surface	target-lexeme-identity,target-morphological-cell			67	67	0	67		weak	large	candidate-unreviewed	surface grouping is diagnostic only; target identity and complete morphology require review
1001	synodal:family-candidate:4e66d3b19461e5d496378082	candidate-family:synodal:family-candidate:4e66d3b19461e5d496378082	synodal:family-candidate:4e66d3b19461e5d496378082	обрѧщетс-	unknown	ѡбрѧщетсѧ:67	67	67	67	67		possible-nominative-feminine-or-genitive-accusative	target-surface	target-lexeme-identity,target-morphological-cell			67	67	0	67		weak	large	candidate-unreviewed	surface grouping is diagnostic only; target identity and complete morphology require review
1002	synodal:family-candidate:537470e59cc205e08c499a50	candidate-family:synodal:family-candidate:537470e59cc205e08c499a50	synodal:family-candidate:537470e59cc205e08c499a50	поставл-	unknown	поставлю:67	67	67	67	67		untyped	target-surface	target-lexeme-identity,target-morphological-cell			67	67	0	67		weak	large	candidate-unreviewed	surface grouping is diagnostic only; target identity and complete morphology require review
1003	synodal:family-candidate:6138c298c65cc72dee9963f8	candidate-family:synodal:family-candidate:6138c298c65cc72dee9963f8	synodal:family-candidate:6138c298c65cc72dee9963f8	безчести-	unknown	безчестїе:67	67	67	67	67		possible-vocative-or-finite-verb	target-surface	target-lexeme-identity,target-morphological-cell			67	67	0	67		weak	large	candidate-unreviewed	surface grouping is diagnostic only; target identity and complete morphology require review
1004	synodal:family-candidate:6b3c482ea281c347a98940cc	candidate-family:synodal:family-candidate:6b3c482ea281c347a98940cc	synodal:family-candidate:6b3c482ea281c347a98940cc	стєз-	unknown	стєзи:67	67	67	67	65		possible-nominative-plural	target-surface	target-lexeme-identity,target-morphological-cell			67	67	0	67		weak	large	candidate-unreviewed	surface grouping is diagnostic only; target identity and complete morphology require review
1005	synodal:family-candidate:72ce00dbcf3cb605aa1d430c	candidate-family:synodal:family-candidate:72ce00dbcf3cb605aa1d430c	synodal:family-candidate:72ce00dbcf3cb605aa1d430c	свидѣтельство	unknown	свидѣтельство:67	67	67	67	63		untyped	target-surface	target-lexeme-identity,target-morphological-cell			67	67	0	67		weak	large	candidate-unreviewed	surface grouping is diagnostic only; target identity and complete morphology require review
1006	synodal:family-candidate:7b336df5d6a986222fe2c8b1	candidate-family:synodal:family-candidate:7b336df5d6a986222fe2c8b1	synodal:family-candidate:7b336df5d6a986222fe2c8b1	ѻдеждꙋ	unknown	ѻдеждꙋ:67	67	67	67	65		untyped	target-surface	target-lexeme-identity,target-morphological-cell			67	67	0	67		weak	large	candidate-unreviewed	surface grouping is diagnostic only; target identity and complete morphology require review
1007	synodal:family-candidate:8e45c3b13d87eac9c16a5808	candidate-family:synodal:family-candidate:8e45c3b13d87eac9c16a5808	synodal:family-candidate:8e45c3b13d87eac9c16a5808	ѹхо	unknown	ѹхо:67	67	67	67	67		untyped	target-surface	target-lexeme-identity,target-morphological-cell			67	67	0	67		weak	large	candidate-unreviewed	surface grouping is diagnostic only; target identity and complete morphology require review
1008	synodal:family-candidate:97f5288166ec09b7ea5fadc5	candidate-family:synodal:family-candidate:97f5288166ec09b7ea5fadc5	synodal:family-candidate:97f5288166ec09b7ea5fadc5	бѣхꙋ	unknown	бѣхꙋ:67	67	67	67	65		untyped	target-surface	target-lexeme-identity,target-morphological-cell			67	67	0	67		weak	large	candidate-unreviewed	surface grouping is diagnostic only; target identity and complete morphology require review
1009	synodal:family-candidate:a8b6dcac7562b61b97950909	candidate-family:synodal:family-candidate:a8b6dcac7562b61b97950909	synodal:family-candidate:a8b6dcac7562b61b97950909	лести-	unknown	лестїю:67	67	67	67	67		untyped	target-surface	target-lexeme-identity,target-morphological-cell			67	67	0	67		weak	large	candidate-unreviewed	surface grouping is diagnostic only; target identity and complete morphology require review
1010	synodal:family-candidate:da0690f9261cddbe8105b5e3	candidate-family:synodal:family-candidate:da0690f9261cddbe8105b5e3	synodal:family-candidate:da0690f9261cddbe8105b5e3	сожж-	unknown	сожже:67	67	67	67	61		possible-vocative-or-finite-verb	target-surface	target-lexeme-identity,target-morphological-cell			67	67	0	67		weak	large	candidate-unreviewed	surface grouping is diagnostic only; target identity and complete morphology require review
1011	synodal:family-candidate:f29f88456cdaa917f45b2e37	candidate-family:synodal:family-candidate:f29f88456cdaa917f45b2e37	synodal:family-candidate:f29f88456cdaa917f45b2e37	отим-	unknown	ѿиметъ:67	67	67	67	63		possible-finite-verb	target-surface	target-lexeme-identity,target-morphological-cell			67	67	0	67		weak	large	candidate-unreviewed	surface grouping is diagnostic only; target identity and complete morphology require review
1012	synodal:family-candidate:0c1e42baf36cc8e84a873550	candidate-family:synodal:family-candidate:0c1e42baf36cc8e84a873550	synodal:family-candidate:0c1e42baf36cc8e84a873550	соверш-	unknown	соверши:66	66	66	66	66		possible-finite-verb,possible-nominative-plural	target-surface	target-lexeme-identity,target-morphological-cell			66	66	0	66		weak	large	candidate-unreviewed	surface grouping is diagnostic only; target identity and complete morphology require review
1013	synodal:family-candidate:2d84430734edc00d5fae3b5b	candidate-family:synodal:family-candidate:2d84430734edc00d5fae3b5b	synodal:family-candidate:2d84430734edc00d5fae3b5b	агнцєвъ	unknown	агнцєвъ:66	66	66	66	66		untyped	target-surface	target-lexeme-identity,target-morphological-cell			66	66	0	66		weak	large	candidate-unreviewed	surface grouping is diagnostic only; target identity and complete morphology require review
1014	synodal:family-candidate:49fffa35a7bebed3869c456d	candidate-family:synodal:family-candidate:49fffa35a7bebed3869c456d	synodal:family-candidate:49fffa35a7bebed3869c456d	стогнахъ	unknown	стогнахъ:66	66	66	66	64		untyped	target-surface	target-lexeme-identity,target-morphological-cell			66	66	0	66		weak	large	candidate-unreviewed	surface grouping is diagnostic only; target identity and complete morphology require review
1015	synodal:family-candidate:6bbc053477375751d188fbef	candidate-family:synodal:family-candidate:6bbc053477375751d188fbef	synodal:family-candidate:6bbc053477375751d188fbef	царевꙋ	unknown	царевꙋ:66	66	66	66	66		untyped	target-surface	target-lexeme-identity,target-morphological-cell			66	66	0	66		weak	large	candidate-unreviewed	surface grouping is diagnostic only; target identity and complete morphology require review
1016	synodal:family-candidate:70c30922016ecdb3fd321128	candidate-family:synodal:family-candidate:70c30922016ecdb3fd321128	synodal:family-candidate:70c30922016ecdb3fd321128	отрок-	unknown	ѻтроки:66	66	66	66	66		possible-nominative-plural	target-surface	target-lexeme-identity,target-morphological-cell			66	66	0	66		weak	large	candidate-unreviewed	surface grouping is diagnostic only; target identity and complete morphology require review
1017	synodal:family-candidate:733f48b698e71a72a6103fdb	candidate-family:synodal:family-candidate:733f48b698e71a72a6103fdb	synodal:family-candidate:733f48b698e71a72a6103fdb	гедеѡнъ	unknown	гедеѡнъ:66	66	66	66	64		untyped	target-surface	target-lexeme-identity,target-morphological-cell			66	66	0	66		weak	large	candidate-unreviewed	surface grouping is diagnostic only; target identity and complete morphology require review
1018	synodal:family-candidate:8193c211fe82b64ce1e5a7cd	candidate-family:synodal:family-candidate:8193c211fe82b64ce1e5a7cd	synodal:family-candidate:8193c211fe82b64ce1e5a7cd	начатк-	unknown	начатки:66	66	66	66	62		possible-nominative-plural	target-surface	target-lexeme-identity,target-morphological-cell			66	66	0	66		weak	large	candidate-unreviewed	surface grouping is diagnostic only; target identity and complete morphology require review
1019	synodal:family-candidate:a5f0c6ba8833abf5cf265bc8	candidate-family:synodal:family-candidate:a5f0c6ba8833abf5cf265bc8	synodal:family-candidate:a5f0c6ba8833abf5cf265bc8	обратишас-	unknown	ѡбратишасѧ:66	66	66	66	66		possible-nominative-feminine-or-genitive-accusative	target-surface	target-lexeme-identity,target-morphological-cell			66	66	0	66		weak	large	candidate-unreviewed	surface grouping is diagnostic only; target identity and complete morphology require review
1020	synodal:family-candidate:b4065c6c72233d16335a7d6e	candidate-family:synodal:family-candidate:b4065c6c72233d16335a7d6e	synodal:family-candidate:b4065c6c72233d16335a7d6e	послани-	unknown	посланїе:66	66	66	66	66		possible-vocative-or-finite-verb	target-surface	target-lexeme-identity,target-morphological-cell			66	66	0	66		weak	large	candidate-unreviewed	surface grouping is diagnostic only; target identity and complete morphology require review
1021	synodal:family-candidate:c5608d8394d4fa1849f98091	candidate-family:synodal:family-candidate:c5608d8394d4fa1849f98091	synodal:family-candidate:c5608d8394d4fa1849f98091	трапезꙋ	unknown	трапезꙋ:66	66	66	66	64		untyped	target-surface	target-lexeme-identity,target-morphological-cell			66	66	0	66		weak	large	candidate-unreviewed	surface grouping is diagnostic only; target identity and complete morphology require review
1022	synodal:family-candidate:e1253bd7bfbbe243663446a4	candidate-family:synodal:family-candidate:e1253bd7bfbbe243663446a4	synodal:family-candidate:e1253bd7bfbbe243663446a4	ѻсмый	unknown	ѻсмый:66	66	66	66	66		untyped	target-surface	target-lexeme-identity,target-morphological-cell			66	66	0	66		weak	large	candidate-unreviewed	surface grouping is diagnostic only; target identity and complete morphology require review
1023	synodal:family-candidate:eafad9abf17f5247bf0631a0	candidate-family:synodal:family-candidate:eafad9abf17f5247bf0631a0	synodal:family-candidate:eafad9abf17f5247bf0631a0	царствѣ	unknown	царствѣ:66	66	66	66	62		untyped	target-surface	target-lexeme-identity,target-morphological-cell			66	66	0	66		weak	large	candidate-unreviewed	surface grouping is diagnostic only; target identity and complete morphology require review
1024	synodal:family-candidate:eafd9adee53a93d3636657a1	candidate-family:synodal:family-candidate:eafd9adee53a93d3636657a1	synodal:family-candidate:eafd9adee53a93d3636657a1	оставл-	unknown	ѡставлю:66	66	66	66	66		untyped	target-surface	target-lexeme-identity,target-morphological-cell			66	66	0	66		weak	large	candidate-unreviewed	surface grouping is diagnostic only; target identity and complete morphology require review
1025	synodal:family-candidate:ec77dc4ea0bbaef839653835	candidate-family:synodal:family-candidate:ec77dc4ea0bbaef839653835	synodal:family-candidate:ec77dc4ea0bbaef839653835	имѣѧш-	unknown	имѣѧше:66	66	66	66	65		possible-vocative-or-finite-verb	target-surface	target-lexeme-identity,target-morphological-cell			66	66	0	66		weak	large	candidate-unreviewed	surface grouping is diagnostic only; target identity and complete morphology require review
1026	synodal:family-candidate:f00fdad247d88e3fb4e710d9	candidate-family:synodal:family-candidate:f00fdad247d88e3fb4e710d9	synodal:family-candidate:f00fdad247d88e3fb4e710d9	непороченъ	unknown	непороченъ:66	66	66	66	64		ud:ADJ:Case=Acc+Degree=Pos+Gender=Masc+Number=Sing+Variant=Short,ud:ADJ:Case=Nom+Degree=Pos+Gender=Masc+Number=Sing+Variant=Short,untyped	target-surface,typed-cell-candidate	target-lexeme-identity,target-morphological-cell	an OCS treebank cell requires an independent exact Synodal surface witness | more than one source-partition treebank lemma or cell matches the target surface		66	66	0	66		weak	large	candidate-unreviewed	surface grouping is diagnostic only; target identity and complete morphology require review
1027	synodal:family-candidate:f316edb88edcc11b792cf525	candidate-family:synodal:family-candidate:f316edb88edcc11b792cf525	synodal:family-candidate:f316edb88edcc11b792cf525	аманъ	unknown	аманъ:66	66	66	66	56		untyped	target-surface	target-lexeme-identity,target-morphological-cell			66	66	0	66		weak	large	candidate-unreviewed	surface grouping is diagnostic only; target identity and complete morphology require review
1028	synodal:family-candidate:16a83adec0dc20147e6c03f3	candidate-family:synodal:family-candidate:16a83adec0dc20147e6c03f3	synodal:family-candidate:16a83adec0dc20147e6c03f3	златы-	unknown	златыѧ:65	65	65	65	63		possible-nominative-feminine-or-genitive-accusative	target-surface	target-lexeme-identity,target-morphological-cell			65	65	0	65		weak	large	candidate-unreviewed	surface grouping is diagnostic only; target identity and complete morphology require review
1029	synodal:family-candidate:2c8424bc68ff144af846d7d5	candidate-family:synodal:family-candidate:2c8424bc68ff144af846d7d5	synodal:family-candidate:2c8424bc68ff144af846d7d5	ᲂухо	unknown	ᲂухо:65	65	65	65	65		untyped	target-surface	target-lexeme-identity,target-morphological-cell			65	65	0	65		weak	large	candidate-unreviewed	surface grouping is diagnostic only; target identity and complete morphology require review
1030	synodal:family-candidate:41753ed7b53094761f2fb978	candidate-family:synodal:family-candidate:41753ed7b53094761f2fb978	synodal:family-candidate:41753ed7b53094761f2fb978	нечестивый	unknown	нечестивый:65	65	65	65	63		untyped	target-surface	target-lexeme-identity,target-morphological-cell			65	65	0	65		weak	large	candidate-unreviewed	surface grouping is diagnostic only; target identity and complete morphology require review
1031	synodal:family-candidate:45748c7f7b15c195080df44e	candidate-family:synodal:family-candidate:45748c7f7b15c195080df44e	synodal:family-candidate:45748c7f7b15c195080df44e	обыд-	unknown	ѡбыдоша:65	65	65	65	65		possible-nominative-feminine-or-genitive-accusative	target-surface	target-lexeme-identity,target-morphological-cell			65	65	0	65		weak	large	candidate-unreviewed	surface grouping is diagnostic only; target identity and complete morphology require review
1032	synodal:family-candidate:6000284d094f155a884abb45	candidate-family:synodal:family-candidate:6000284d094f155a884abb45	synodal:family-candidate:6000284d094f155a884abb45	прорц-	unknown	прорцы:65	65	65	65	55		possible-nominative-plural	target-surface	target-lexeme-identity,target-morphological-cell			65	65	0	65		weak	large	candidate-unreviewed	surface grouping is diagnostic only; target identity and complete morphology require review
1033	synodal:family-candidate:9067539df4d4e27411d67d05	candidate-family:synodal:family-candidate:9067539df4d4e27411d67d05	synodal:family-candidate:9067539df4d4e27411d67d05	судьб-	unknown	сꙋдьбы:65	65	65	65	65		possible-nominative-plural	target-surface	target-lexeme-identity,target-morphological-cell			65	65	0	65		weak	large	candidate-unreviewed	surface grouping is diagnostic only; target identity and complete morphology require review
1034	synodal:family-candidate:ced0a3d431f87b3b165a86f0	candidate-family:synodal:family-candidate:ced0a3d431f87b3b165a86f0	synodal:family-candidate:ced0a3d431f87b3b165a86f0	сꙋббѡтный	unknown	сꙋббѡтный:65	65	65	65	59		untyped	target-surface	target-lexeme-identity,target-morphological-cell			65	65	0	65		weak	large	candidate-unreviewed	surface grouping is diagnostic only; target identity and complete morphology require review
1035	synodal:family-candidate:e4a666b34a812cd0e3fdb109	candidate-family:synodal:family-candidate:e4a666b34a812cd0e3fdb109	synodal:family-candidate:e4a666b34a812cd0e3fdb109	творѧщымъ	unknown	творѧщымъ:65	65	65	65	59		untyped	target-surface	target-lexeme-identity,target-morphological-cell			65	65	0	65		weak	large	candidate-unreviewed	surface grouping is diagnostic only; target identity and complete morphology require review
1036	synodal:family-candidate:f6271fbe6f2d5c2be81de828	candidate-family:synodal:family-candidate:f6271fbe6f2d5c2be81de828	synodal:family-candidate:f6271fbe6f2d5c2be81de828	взѧтъ	unknown	взѧтъ:65	65	65	65	65		possible-finite-verb	target-surface	target-lexeme-identity,target-morphological-cell			65	65	0	65		weak	large	candidate-unreviewed	surface grouping is diagnostic only; target identity and complete morphology require review
1037	synodal:family-candidate:03e9c86affb883e9d9553c1c	candidate-family:synodal:family-candidate:03e9c86affb883e9d9553c1c	synodal:family-candidate:03e9c86affb883e9d9553c1c	живыхъ	unknown	живыхъ:64	64	64	64	62		untyped	target-surface	target-lexeme-identity,target-morphological-cell			64	64	0	64		weak	large	candidate-unreviewed	surface grouping is diagnostic only; target identity and complete morphology require review
1038	synodal:family-candidate:3aeebd3128f09af8b1fd2692	candidate-family:synodal:family-candidate:3aeebd3128f09af8b1fd2692	synodal:family-candidate:3aeebd3128f09af8b1fd2692	валакъ	unknown	валакъ:64	64	64	64	62		untyped	target-surface	target-lexeme-identity,target-morphological-cell			64	64	0	64		weak	large	candidate-unreviewed	surface grouping is diagnostic only; target identity and complete morphology require review
1039	synodal:family-candidate:3b5eec351ab91fc45722b28b	candidate-family:synodal:family-candidate:3b5eec351ab91fc45722b28b	synodal:family-candidate:3b5eec351ab91fc45722b28b	песокъ	unknown	песокъ:64	64	64	64	62		untyped	target-surface	target-lexeme-identity,target-morphological-cell			64	64	0	64		weak	large	candidate-unreviewed	surface grouping is diagnostic only; target identity and complete morphology require review
1040	synodal:family-candidate:4263d7b6611b8db494448fd8	candidate-family:synodal:family-candidate:4263d7b6611b8db494448fd8	synodal:family-candidate:4263d7b6611b8db494448fd8	ахаавъ	unknown	ахаавъ:64	64	64	64	54		untyped	target-surface	target-lexeme-identity,target-morphological-cell			64	64	0	64		weak	large	candidate-unreviewed	surface grouping is diagnostic only; target identity and complete morphology require review
1041	synodal:family-candidate:46b9b3908c4af84914c6b3cc	candidate-family:synodal:family-candidate:46b9b3908c4af84914c6b3cc	synodal:family-candidate:46b9b3908c4af84914c6b3cc	возвеселитс-	unknown	возвеселитсѧ:64	64	64	64	64		possible-nominative-feminine-or-genitive-accusative	target-surface	target-lexeme-identity,target-morphological-cell			64	64	0	64		weak	large	candidate-unreviewed	surface grouping is diagnostic only; target identity and complete morphology require review
1042	synodal:family-candidate:529723c36890f3e6a34464ce	candidate-family:synodal:family-candidate:529723c36890f3e6a34464ce	synodal:family-candidate:529723c36890f3e6a34464ce	вотщ-	unknown	вотще:64	64	64	64	61		possible-vocative-or-finite-verb	target-surface	target-lexeme-identity,target-morphological-cell			64	64	0	64		weak	large	candidate-unreviewed	surface grouping is diagnostic only; target identity and complete morphology require review
1043	synodal:family-candidate:5388f100612236957c4bed37	candidate-family:synodal:family-candidate:5388f100612236957c4bed37	synodal:family-candidate:5388f100612236957c4bed37	вчер-	unknown	вчера:64	64	64	64	64		possible-nominative-feminine-or-genitive-accusative	target-surface	target-lexeme-identity,target-morphological-cell			64	64	0	64		weak	large	candidate-unreviewed	surface grouping is diagnostic only; target identity and complete morphology require review
1044	synodal:family-candidate:612039ec426be7b6d2d46424	candidate-family:synodal:family-candidate:612039ec426be7b6d2d46424	synodal:family-candidate:612039ec426be7b6d2d46424	пѧтый	unknown	пѧтый:64	64	64	64	64		untyped	target-surface	target-lexeme-identity,target-morphological-cell			64	64	0	64		weak	large	candidate-unreviewed	surface grouping is diagnostic only; target identity and complete morphology require review
1045	synodal:family-candidate:6447482d27c21109b7677548	candidate-family:synodal:family-candidate:6447482d27c21109b7677548	synodal:family-candidate:6447482d27c21109b7677548	помаз-	unknown	помаза:64	64	64	64	58		possible-nominative-feminine-or-genitive-accusative,ud:VERB:Aspect=Perf+Mood=Ind+Number=Sing+Person=2+Tense=Past+VerbForm=Fin+Voice=Act,ud:VERB:Aspect=Perf+Mood=Ind+Number=Sing+Person=3+Tense=Past+VerbForm=Fin+Voice=Act	target-surface,typed-cell-candidate	target-lexeme-identity,target-morphological-cell	an OCS treebank cell requires an independent exact Synodal surface witness | more than one source-partition treebank lemma or cell matches the target surface		64	64	0	64		weak	large	candidate-unreviewed	surface grouping is diagnostic only; target identity and complete morphology require review
1046	synodal:family-candidate:71d07c9ebd73411138322bc0	candidate-family:synodal:family-candidate:71d07c9ebd73411138322bc0	synodal:family-candidate:71d07c9ebd73411138322bc0	лаванъ	unknown	лаванъ:64	64	64	64	58		untyped	target-surface	target-lexeme-identity,target-morphological-cell			64	64	0	64		weak	large	candidate-unreviewed	surface grouping is diagnostic only; target identity and complete morphology require review
1047	synodal:family-candidate:723c56e8f18f79e123a9d831	candidate-family:synodal:family-candidate:723c56e8f18f79e123a9d831	synodal:family-candidate:723c56e8f18f79e123a9d831	потребл-	unknown	потреблю:64	64	64	64	64		untyped	target-surface	target-lexeme-identity,target-morphological-cell			64	64	0	64		weak	large	candidate-unreviewed	surface grouping is diagnostic only; target identity and complete morphology require review
1048	synodal:family-candidate:7de8ddfdf93e69aaaacf5e0f	candidate-family:synodal:family-candidate:7de8ddfdf93e69aaaacf5e0f	synodal:family-candidate:7de8ddfdf93e69aaaacf5e0f	исповѣмс-	unknown	исповѣмсѧ:64	64	64	64	62		possible-nominative-feminine-or-genitive-accusative	target-surface	target-lexeme-identity,target-morphological-cell			64	64	0	64		weak	large	candidate-unreviewed	surface grouping is diagnostic only; target identity and complete morphology require review
1049	synodal:family-candidate:83d9f8616fb45e39b3b31760	candidate-family:synodal:family-candidate:83d9f8616fb45e39b3b31760	synodal:family-candidate:83d9f8616fb45e39b3b31760	нечист-	unknown	нечиста:64	64	64	64	59		possible-nominative-feminine-or-genitive-accusative,ud:ADJ:Case=Gen+Degree=Pos+Gender=Masc+Number=Sing+Variant=Short	target-surface,typed-cell-candidate	target-lexeme-identity,target-morphological-cell	an OCS treebank cell requires an independent exact Synodal surface witness		64	64	0	64		weak	large	candidate-unreviewed	surface grouping is diagnostic only; target identity and complete morphology require review
1050	synodal:family-candidate:9dffac347f29ff8a99e9d1ea	candidate-family:synodal:family-candidate:9dffac347f29ff8a99e9d1ea	synodal:family-candidate:9dffac347f29ff8a99e9d1ea	велики-	unknown	великїѧ:64	64	64	64	62		possible-nominative-feminine-or-genitive-accusative	target-surface	target-lexeme-identity,target-morphological-cell			64	64	0	64		weak	large	candidate-unreviewed	surface grouping is diagnostic only; target identity and complete morphology require review
1051	synodal:family-candidate:add0f4dbe411c16392f2bc2e	candidate-family:synodal:family-candidate:add0f4dbe411c16392f2bc2e	synodal:family-candidate:add0f4dbe411c16392f2bc2e	зуб-	unknown	зꙋбы:64	64	64	64	60		possible-nominative-plural	target-surface	target-lexeme-identity,target-morphological-cell			64	64	0	64		weak	large	candidate-unreviewed	surface grouping is diagnostic only; target identity and complete morphology require review
1052	synodal:family-candidate:b5d7a37618c40bec7a133965	candidate-family:synodal:family-candidate:b5d7a37618c40bec7a133965	synodal:family-candidate:b5d7a37618c40bec7a133965	рово-	unknown	ровоамъ:64	64	64	64	58		untyped	target-surface	target-lexeme-identity,target-morphological-cell			64	64	0	64		weak	large	candidate-unreviewed	surface grouping is diagnostic only; target identity and complete morphology require review
1053	synodal:family-candidate:b8e70d3a69eca13f89a5b682	candidate-family:synodal:family-candidate:b8e70d3a69eca13f89a5b682	synodal:family-candidate:b8e70d3a69eca13f89a5b682	взѧхъ	unknown	взѧхъ:64	64	64	64	62		untyped	target-surface	target-lexeme-identity,target-morphological-cell			64	64	0	64		weak	large	candidate-unreviewed	surface grouping is diagnostic only; target identity and complete morphology require review
1054	synodal:family-candidate:d6b8d57fe418686f3d3fbbfc	candidate-family:synodal:family-candidate:d6b8d57fe418686f3d3fbbfc	synodal:family-candidate:d6b8d57fe418686f3d3fbbfc	вознесетс-	unknown	вознесетсѧ:64	64	64	64	62		possible-nominative-feminine-or-genitive-accusative	target-surface	target-lexeme-identity,target-morphological-cell			64	64	0	64		weak	large	candidate-unreviewed	surface grouping is diagnostic only; target identity and complete morphology require review
1055	synodal:family-candidate:f794a2e05f2f0f22de5c5803	candidate-family:synodal:family-candidate:f794a2e05f2f0f22de5c5803	synodal:family-candidate:f794a2e05f2f0f22de5c5803	авр-	unknown	аврамъ:64	64	64	64	60		ud:PROPN:Case=Nom+Gender=Masc+Number=Sing,untyped	target-surface,typed-cell-candidate	target-lexeme-identity,target-morphological-cell	an OCS treebank cell requires an independent exact Synodal surface witness		64	64	0	64		weak	large	candidate-unreviewed	surface grouping is diagnostic only; target identity and complete morphology require review
1056	synodal:family-candidate:f9e96cd357f7004286be5586	candidate-family:synodal:family-candidate:f9e96cd357f7004286be5586	synodal:family-candidate:f9e96cd357f7004286be5586	сонмꙋ	unknown	сонмꙋ:64	64	64	64	62		untyped	target-surface	target-lexeme-identity,target-morphological-cell			64	64	0	64		weak	large	candidate-unreviewed	surface grouping is diagnostic only; target identity and complete morphology require review
1057	synodal:family-candidate:34564801347769d028a174d8	candidate-family:synodal:family-candidate:34564801347769d028a174d8	synodal:family-candidate:34564801347769d028a174d8	чужд-	unknown	чꙋждихъ:63	63	63	63	63		possible-genitive-or-locative-plural	target-surface	target-lexeme-identity,target-morphological-cell			63	63	0	63		weak	large	candidate-unreviewed	surface grouping is diagnostic only; target identity and complete morphology require review
1058	synodal:family-candidate:3929a61087acb8778acad4d1	candidate-family:synodal:family-candidate:3929a61087acb8778acad4d1	synodal:family-candidate:3929a61087acb8778acad4d1	вземш-	unknown	вземше:63	63	63	63	63		possible-vocative-or-finite-verb	target-surface	target-lexeme-identity,target-morphological-cell			63	63	0	63		weak	large	candidate-unreviewed	surface grouping is diagnostic only; target identity and complete morphology require review
1059	synodal:family-candidate:5999415e8690e05618bfd5d1	candidate-family:synodal:family-candidate:5999415e8690e05618bfd5d1	synodal:family-candidate:5999415e8690e05618bfd5d1	десницꙋ	unknown	десницꙋ:63	63	63	63	63		untyped	target-surface	target-lexeme-identity,target-morphological-cell			63	63	0	63		weak	large	candidate-unreviewed	surface grouping is diagnostic only; target identity and complete morphology require review
1060	synodal:family-candidate:7c41ad8c3625dd2e4c25ef33	candidate-family:synodal:family-candidate:7c41ad8c3625dd2e4c25ef33	synodal:family-candidate:7c41ad8c3625dd2e4c25ef33	идꙋтъ	unknown	идꙋтъ:63	63	63	63	59		possible-finite-verb	target-surface	target-lexeme-identity,target-morphological-cell			63	63	0	63		weak	large	candidate-unreviewed	surface grouping is diagnostic only; target identity and complete morphology require review
1061	synodal:family-candidate:b1cc60c67261fed7fd18401b	candidate-family:synodal:family-candidate:b1cc60c67261fed7fd18401b	synodal:family-candidate:b1cc60c67261fed7fd18401b	слꙋжатъ	unknown	слꙋжатъ:63	63	63	63	63		possible-finite-verb	target-surface	target-lexeme-identity,target-morphological-cell			63	63	0	63		weak	large	candidate-unreviewed	surface grouping is diagnostic only; target identity and complete morphology require review
1062	synodal:family-candidate:c0e282a64c7f23d839bb21f1	candidate-family:synodal:family-candidate:c0e282a64c7f23d839bb21f1	synodal:family-candidate:c0e282a64c7f23d839bb21f1	исполнис-	unknown	исполнисѧ:63	63	63	63	63		possible-nominative-feminine-or-genitive-accusative	target-surface	target-lexeme-identity,target-morphological-cell			63	63	0	63		weak	large	candidate-unreviewed	surface grouping is diagnostic only; target identity and complete morphology require review
1063	synodal:family-candidate:d85755de97782e8458932046	candidate-family:synodal:family-candidate:d85755de97782e8458932046	synodal:family-candidate:d85755de97782e8458932046	бываютъ	unknown	бываютъ:63	63	63	63	60		possible-finite-verb	target-surface	target-lexeme-identity,target-morphological-cell			63	63	0	63		weak	large	candidate-unreviewed	surface grouping is diagnostic only; target identity and complete morphology require review
1064	synodal:family-candidate:e119d7d34e2dad1d2917235d	candidate-family:synodal:family-candidate:e119d7d34e2dad1d2917235d	synodal:family-candidate:e119d7d34e2dad1d2917235d	земныхъ	unknown	земныхъ:63	63	63	63	61		untyped	target-surface	target-lexeme-identity,target-morphological-cell			63	63	0	63		weak	large	candidate-unreviewed	surface grouping is diagnostic only; target identity and complete morphology require review
1065	synodal:family-candidate:2216bd14be1881601863d81c	candidate-family:synodal:family-candidate:2216bd14be1881601863d81c	synodal:family-candidate:2216bd14be1881601863d81c	служени-	unknown	слꙋженїе:62	62	62	62	60		possible-vocative-or-finite-verb	target-surface	target-lexeme-identity,target-morphological-cell			62	62	0	62		weak	large	candidate-unreviewed	surface grouping is diagnostic only; target identity and complete morphology require review
1066	synodal:family-candidate:28f433b4a79bbb4a54f4bf7a	candidate-family:synodal:family-candidate:28f433b4a79bbb4a54f4bf7a	synodal:family-candidate:28f433b4a79bbb4a54f4bf7a	сꙋдѣ	unknown	сꙋдѣ:62	62	62	62	62		untyped	target-surface	target-lexeme-identity,target-morphological-cell			62	62	0	62		weak	large	candidate-unreviewed	surface grouping is diagnostic only; target identity and complete morphology require review
1067	synodal:family-candidate:3767c0760a287be5f7f811ea	candidate-family:synodal:family-candidate:3767c0760a287be5f7f811ea	synodal:family-candidate:3767c0760a287be5f7f811ea	возвратитис-	unknown	возвратитисѧ:62	62	62	62	58		possible-nominative-feminine-or-genitive-accusative	target-surface	target-lexeme-identity,target-morphological-cell			62	62	0	62		weak	large	candidate-unreviewed	surface grouping is diagnostic only; target identity and complete morphology require review
1068	synodal:family-candidate:4a573faeed5d370d0bf62e96	candidate-family:synodal:family-candidate:4a573faeed5d370d0bf62e96	synodal:family-candidate:4a573faeed5d370d0bf62e96	досто-	unknown	достоитъ:62	62	62	62	62		possible-finite-verb,ud:VERB:Mood=Ind+Number=Sing+Person=3+Tense=Pres+VerbForm=Fin+Voice=Act	target-surface,typed-cell-candidate	target-lexeme-identity,target-morphological-cell	an OCS treebank cell requires an independent exact Synodal surface witness		62	62	0	62		weak	large	candidate-unreviewed	surface grouping is diagnostic only; target identity and complete morphology require review
1069	synodal:family-candidate:665cc5cdad4d2322fabf74c5	candidate-family:synodal:family-candidate:665cc5cdad4d2322fabf74c5	synodal:family-candidate:665cc5cdad4d2322fabf74c5	погублени-	unknown	погꙋбленїе:62	62	62	62	61		possible-vocative-or-finite-verb	target-surface	target-lexeme-identity,target-morphological-cell			62	62	0	62		weak	large	candidate-unreviewed	surface grouping is diagnostic only; target identity and complete morphology require review
1070	synodal:family-candidate:6a6236b36b9e9fc4187c648e	candidate-family:synodal:family-candidate:6a6236b36b9e9fc4187c648e	synodal:family-candidate:6a6236b36b9e9fc4187c648e	радоватис-	unknown	радоватисѧ:62	62	62	62	62		possible-nominative-feminine-or-genitive-accusative	target-surface	target-lexeme-identity,target-morphological-cell			62	62	0	62		weak	large	candidate-unreviewed	surface grouping is diagnostic only; target identity and complete morphology require review
1071	synodal:family-candidate:7769da580961326fd8e4d5e0	candidate-family:synodal:family-candidate:7769da580961326fd8e4d5e0	synodal:family-candidate:7769da580961326fd8e4d5e0	мышце-	unknown	мышцею:62	62	62	62	62		untyped	target-surface	target-lexeme-identity,target-morphological-cell			62	62	0	62		weak	large	candidate-unreviewed	surface grouping is diagnostic only; target identity and complete morphology require review
1072	synodal:family-candidate:782b385a9ab9a470208992f9	candidate-family:synodal:family-candidate:782b385a9ab9a470208992f9	synodal:family-candidate:782b385a9ab9a470208992f9	сѣд-	unknown	сѣдоша:62	62	62	62	62		possible-nominative-feminine-or-genitive-accusative	target-surface	target-lexeme-identity,target-morphological-cell			62	62	0	62		weak	large	candidate-unreviewed	surface grouping is diagnostic only; target identity and complete morphology require review
1073	synodal:family-candidate:82452681a65db9a365c0428f	candidate-family:synodal:family-candidate:82452681a65db9a365c0428f	synodal:family-candidate:82452681a65db9a365c0428f	труд-	unknown	трꙋды:62	62	62	62	62		possible-nominative-plural	target-surface	target-lexeme-identity,target-morphological-cell			62	62	0	62		weak	large	candidate-unreviewed	surface grouping is diagnostic only; target identity and complete morphology require review
1074	synodal:family-candidate:8c241896ceafdffffd57d849	candidate-family:synodal:family-candidate:8c241896ceafdffffd57d849	synodal:family-candidate:8c241896ceafdffffd57d849	вознесес-	unknown	вознесесѧ:62	62	62	62	60		possible-nominative-feminine-or-genitive-accusative	target-surface	target-lexeme-identity,target-morphological-cell			62	62	0	62		weak	large	candidate-unreviewed	surface grouping is diagnostic only; target identity and complete morphology require review
1075	synodal:family-candidate:8cb7ee471413210b66c7617a	candidate-family:synodal:family-candidate:8cb7ee471413210b66c7617a	synodal:family-candidate:8cb7ee471413210b66c7617a	коемꙋждо	unknown	коемꙋждо:62	62	62	62	60		untyped	target-surface	target-lexeme-identity,target-morphological-cell			62	62	0	62		weak	large	candidate-unreviewed	surface grouping is diagnostic only; target identity and complete morphology require review
1076	synodal:family-candidate:920b740191fb831c3b094501	candidate-family:synodal:family-candidate:920b740191fb831c3b094501	synodal:family-candidate:920b740191fb831c3b094501	отвр-	unknown	ѿврати:62	62	62	62	62		possible-nominative-plural	target-surface	target-lexeme-identity,target-morphological-cell			62	62	0	62		weak	large	candidate-unreviewed	surface grouping is diagnostic only; target identity and complete morphology require review
1077	synodal:family-candidate:bc32ed1c8b015ff59173b37c	candidate-family:synodal:family-candidate:bc32ed1c8b015ff59173b37c	synodal:family-candidate:bc32ed1c8b015ff59173b37c	иномꙋ	unknown	иномꙋ:62	62	62	62	58		untyped	target-surface	target-lexeme-identity,target-morphological-cell			62	62	0	62		weak	large	candidate-unreviewed	surface grouping is diagnostic only; target identity and complete morphology require review
1078	synodal:family-candidate:ce647545c4a1274cd8102664	candidate-family:synodal:family-candidate:ce647545c4a1274cd8102664	synodal:family-candidate:ce647545c4a1274cd8102664	пребысть	unknown	пребысть:62	62	62	62	62		untyped	target-surface	target-lexeme-identity,target-morphological-cell			62	62	0	62		weak	large	candidate-unreviewed	surface grouping is diagnostic only; target identity and complete morphology require review
1079	synodal:family-candidate:e43838a8027403ec9aea53e5	candidate-family:synodal:family-candidate:e43838a8027403ec9aea53e5	synodal:family-candidate:e43838a8027403ec9aea53e5	послушает-	unknown	послꙋшаете:62	62	62	62	62		possible-vocative-or-finite-verb	target-surface	target-lexeme-identity,target-morphological-cell			62	62	0	62		weak	large	candidate-unreviewed	surface grouping is diagnostic only; target identity and complete morphology require review
1080	synodal:family-candidate:e97cc72c33105cd8a0207b86	candidate-family:synodal:family-candidate:e97cc72c33105cd8a0207b86	synodal:family-candidate:e97cc72c33105cd8a0207b86	мог-	unknown	могꙋтъ:62	62	62	62	57		possible-finite-verb	target-surface	target-lexeme-identity,target-morphological-cell			62	62	0	62		weak	large	candidate-unreviewed	surface grouping is diagnostic only; target identity and complete morphology require review
1081	synodal:family-candidate:ec489f7c8e9d73f06736b57c	candidate-family:synodal:family-candidate:ec489f7c8e9d73f06736b57c	synodal:family-candidate:ec489f7c8e9d73f06736b57c	ассѷрийск-	unknown	ассѷрійска:62	62	62	62	62		possible-nominative-feminine-or-genitive-accusative	target-surface	target-lexeme-identity,target-morphological-cell			62	62	0	62		weak	large	candidate-unreviewed	surface grouping is diagnostic only; target identity and complete morphology require review
1082	synodal:family-candidate:16ef704bf550e8a184c4ceb2	candidate-family:synodal:family-candidate:16ef704bf550e8a184c4ceb2	synodal:family-candidate:16ef704bf550e8a184c4ceb2	темницꙋ	unknown	темницꙋ:61	61	61	61	59		untyped	target-surface	target-lexeme-identity,target-morphological-cell			61	61	0	61		weak	large	candidate-unreviewed	surface grouping is diagnostic only; target identity and complete morphology require review
1083	synodal:family-candidate:652be6b8edc8b1861306cf31	candidate-family:synodal:family-candidate:652be6b8edc8b1861306cf31	synodal:family-candidate:652be6b8edc8b1861306cf31	ꙗша	unknown	ꙗша:61	61	61	61	58		possible-nominative-feminine-or-genitive-accusative	target-surface	target-lexeme-identity,target-morphological-cell			61	61	0	61		weak	large	candidate-unreviewed	surface grouping is diagnostic only; target identity and complete morphology require review
1084	synodal:family-candidate:864eac9cfacad9979bde9b09	candidate-family:synodal:family-candidate:864eac9cfacad9979bde9b09	synodal:family-candidate:864eac9cfacad9979bde9b09	правдо-	unknown	правдою:61	61	61	61	59		untyped	target-surface	target-lexeme-identity,target-morphological-cell			61	61	0	61		weak	large	candidate-unreviewed	surface grouping is diagnostic only; target identity and complete morphology require review
1085	synodal:family-candidate:b1091d60d050c74634c018f3	candidate-family:synodal:family-candidate:b1091d60d050c74634c018f3	synodal:family-candidate:b1091d60d050c74634c018f3	обратитес-	unknown	ѡбратитесѧ:61	61	61	61	60		possible-nominative-feminine-or-genitive-accusative	target-surface	target-lexeme-identity,target-morphological-cell			61	61	0	61		weak	large	candidate-unreviewed	surface grouping is diagnostic only; target identity and complete morphology require review
1086	synodal:family-candidate:b402f22e7bf7333fd46fc131	candidate-family:synodal:family-candidate:b402f22e7bf7333fd46fc131	synodal:family-candidate:b402f22e7bf7333fd46fc131	воздаѧни-	unknown	воздаѧнїе:61	61	61	61	59		possible-vocative-or-finite-verb	target-surface	target-lexeme-identity,target-morphological-cell			61	61	0	61		weak	large	candidate-unreviewed	surface grouping is diagnostic only; target identity and complete morphology require review
1087	synodal:family-candidate:f0b1bc251f0df94712e2bd7d	candidate-family:synodal:family-candidate:f0b1bc251f0df94712e2bd7d	synodal:family-candidate:f0b1bc251f0df94712e2bd7d	превозносит-	unknown	превозносите:61	61	61	61	61		possible-vocative-or-finite-verb	target-surface	target-lexeme-identity,target-morphological-cell			61	61	0	61		weak	large	candidate-unreviewed	surface grouping is diagnostic only; target identity and complete morphology require review
1088	synodal:family-candidate:f22ae2d17958cd5fac5f14d9	candidate-family:synodal:family-candidate:f22ae2d17958cd5fac5f14d9	synodal:family-candidate:f22ae2d17958cd5fac5f14d9	матѳ	unknown	матѳ:61	61	61	61	61		untyped	target-surface	target-lexeme-identity,target-morphological-cell			61	61	0	61		weak	large	candidate-unreviewed	surface grouping is diagnostic only; target identity and complete morphology require review
1089	synodal:family-candidate:fcf8cdf1c478b1fa426965e1	candidate-family:synodal:family-candidate:fcf8cdf1c478b1fa426965e1	synodal:family-candidate:fcf8cdf1c478b1fa426965e1	вшедъ	unknown	вшедъ:61	61	61	61	61		untyped	target-surface	target-lexeme-identity,target-morphological-cell			61	61	0	61		weak	large	candidate-unreviewed	surface grouping is diagnostic only; target identity and complete morphology require review
1090	synodal:family-candidate:00b0968950ae991088596e3f	candidate-family:synodal:family-candidate:00b0968950ae991088596e3f	synodal:family-candidate:00b0968950ae991088596e3f	совѣт-	unknown	совѣта:60	60	60	60	60		possible-nominative-feminine-or-genitive-accusative	target-surface	target-lexeme-identity,target-morphological-cell			60	60	0	60		weak	large	candidate-unreviewed	surface grouping is diagnostic only; target identity and complete morphology require review
1091	synodal:family-candidate:048dd51d366388fc6770c35c	candidate-family:synodal:family-candidate:048dd51d366388fc6770c35c	synodal:family-candidate:048dd51d366388fc6770c35c	воздвиг-	unknown	воздвигоша:60	60	60	60	58		possible-nominative-feminine-or-genitive-accusative	target-surface	target-lexeme-identity,target-morphological-cell			60	60	0	60		weak	large	candidate-unreviewed	surface grouping is diagnostic only; target identity and complete morphology require review
1092	synodal:family-candidate:06f59c5ded752b31cfa637f5	candidate-family:synodal:family-candidate:06f59c5ded752b31cfa637f5	synodal:family-candidate:06f59c5ded752b31cfa637f5	єфремл-	unknown	єфремли:60	60	60	60	58		possible-nominative-plural	target-surface	target-lexeme-identity,target-morphological-cell			60	60	0	60		weak	large	candidate-unreviewed	surface grouping is diagnostic only; target identity and complete morphology require review
1093	synodal:family-candidate:08b3ddf82a0989459e23286f	candidate-family:synodal:family-candidate:08b3ddf82a0989459e23286f	synodal:family-candidate:08b3ddf82a0989459e23286f	чрево	unknown	чрево:60	60	60	60	58		untyped	target-surface	target-lexeme-identity,target-morphological-cell			60	60	0	60		weak	large	candidate-unreviewed	surface grouping is diagnostic only; target identity and complete morphology require review
1094	synodal:family-candidate:12335b0bcfa3e6fe560506b7	candidate-family:synodal:family-candidate:12335b0bcfa3e6fe560506b7	synodal:family-candidate:12335b0bcfa3e6fe560506b7	опрѣснок-	unknown	ѡпрѣсноки:60	60	60	60	58		possible-nominative-plural	target-surface	target-lexeme-identity,target-morphological-cell			60	60	0	60		weak	large	candidate-unreviewed	surface grouping is diagnostic only; target identity and complete morphology require review
1095	synodal:family-candidate:129a92989c3d8f1c27b1f224	candidate-family:synodal:family-candidate:129a92989c3d8f1c27b1f224	synodal:family-candidate:129a92989c3d8f1c27b1f224	возмꙋ	unknown	возмꙋ:60	60	60	60	60		untyped	target-surface	target-lexeme-identity,target-morphological-cell			60	60	0	60		weak	large	candidate-unreviewed	surface grouping is diagnostic only; target identity and complete morphology require review
1096	synodal:family-candidate:20dd825fbd0a0d21b76a4217	candidate-family:synodal:family-candidate:20dd825fbd0a0d21b76a4217	synodal:family-candidate:20dd825fbd0a0d21b76a4217	семей	unknown	семей:60	60	60	60	56		untyped	target-surface	target-lexeme-identity,target-morphological-cell			60	60	0	60		weak	large	candidate-unreviewed	surface grouping is diagnostic only; target identity and complete morphology require review
1097	synodal:family-candidate:234e274d71e54245ffbc38e3	candidate-family:synodal:family-candidate:234e274d71e54245ffbc38e3	synodal:family-candidate:234e274d71e54245ffbc38e3	имѧш-	unknown	имѧше:60	60	60	60	57		possible-vocative-or-finite-verb	target-surface	target-lexeme-identity,target-morphological-cell			60	60	0	60		weak	large	candidate-unreviewed	surface grouping is diagnostic only; target identity and complete morphology require review
1098	synodal:family-candidate:237e8e37029ecd65abba9327	candidate-family:synodal:family-candidate:237e8e37029ecd65abba9327	synodal:family-candidate:237e8e37029ecd65abba9327	помышлени-	unknown	помышленїе:60	60	60	60	60		possible-vocative-or-finite-verb	target-surface	target-lexeme-identity,target-morphological-cell			60	60	0	60		weak	large	candidate-unreviewed	surface grouping is diagnostic only; target identity and complete morphology require review
1099	synodal:family-candidate:2485336115dc606c53128988	candidate-family:synodal:family-candidate:2485336115dc606c53128988	synodal:family-candidate:2485336115dc606c53128988	єсѳирь	unknown	єсѳирь:60	60	60	60	57		untyped	target-surface	target-lexeme-identity,target-morphological-cell			60	60	0	60		weak	large	candidate-unreviewed	surface grouping is diagnostic only; target identity and complete morphology require review
1100	synodal:family-candidate:2ffdf3fa34e516b812815737	candidate-family:synodal:family-candidate:2ffdf3fa34e516b812815737	synodal:family-candidate:2ffdf3fa34e516b812815737	сарр-	unknown	сарра:60	60	60	60	58		possible-nominative-feminine-or-genitive-accusative,ud:PROPN:Case=Nom+Gender=Fem+Number=Sing	target-surface,typed-cell-candidate	target-lexeme-identity,target-morphological-cell	an OCS treebank cell requires an independent exact Synodal surface witness		60	60	0	60		weak	large	candidate-unreviewed	surface grouping is diagnostic only; target identity and complete morphology require review
1101	synodal:family-candidate:313e6e1187e7732e4589fad7	candidate-family:synodal:family-candidate:313e6e1187e7732e4589fad7	synodal:family-candidate:313e6e1187e7732e4589fad7	жатв-	unknown	жатвы:60	60	60	60	52		possible-nominative-plural	target-surface	target-lexeme-identity,target-morphological-cell			60	60	0	60		weak	large	candidate-unreviewed	surface grouping is diagnostic only; target identity and complete morphology require review
1102	synodal:family-candidate:3252c438932adaf4e1d159ce	candidate-family:synodal:family-candidate:3252c438932adaf4e1d159ce	synodal:family-candidate:3252c438932adaf4e1d159ce	антїохъ	unknown	антїохъ:60	60	60	60	60		untyped	target-surface	target-lexeme-identity,target-morphological-cell			60	60	0	60		weak	large	candidate-unreviewed	surface grouping is diagnostic only; target identity and complete morphology require review
1103	synodal:family-candidate:5911337aaad600285af2b7b9	candidate-family:synodal:family-candidate:5911337aaad600285af2b7b9	synodal:family-candidate:5911337aaad600285af2b7b9	иосиф-	unknown	іѡсифа:60	60	60	60	56		possible-nominative-feminine-or-genitive-accusative,ud:PROPN:Case=Gen+Gender=Masc+Number=Sing	target-surface,typed-cell-candidate	target-lexeme-identity,target-morphological-cell	an OCS treebank cell requires an independent exact Synodal surface witness		60	60	0	60		weak	large	candidate-unreviewed	surface grouping is diagnostic only; target identity and complete morphology require review
1104	synodal:family-candidate:62af2e1e10727df751f04ca2	candidate-family:synodal:family-candidate:62af2e1e10727df751f04ca2	synodal:family-candidate:62af2e1e10727df751f04ca2	мардохей	unknown	мардохей:60	60	60	60	54		untyped	target-surface	target-lexeme-identity,target-morphological-cell			60	60	0	60		weak	large	candidate-unreviewed	surface grouping is diagnostic only; target identity and complete morphology require review
1105	synodal:family-candidate:64a6f2d9381b1b3706dddefe	candidate-family:synodal:family-candidate:64a6f2d9381b1b3706dddefe	synodal:family-candidate:64a6f2d9381b1b3706dddefe	крѣпкїй	unknown	крѣпкїй:60	60	60	60	60		untyped	target-surface	target-lexeme-identity,target-morphological-cell			60	60	0	60		weak	large	candidate-unreviewed	surface grouping is diagnostic only; target identity and complete morphology require review
1106	synodal:family-candidate:6500a917204bbe092693feb3	candidate-family:synodal:family-candidate:6500a917204bbe092693feb3	synodal:family-candidate:6500a917204bbe092693feb3	десниц-	unknown	десница:60	60	60	60	54		possible-nominative-feminine-or-genitive-accusative,ud:NOUN:Case=Nom+Gender=Fem+Number=Sing	target-surface,typed-cell-candidate	target-lexeme-identity,target-morphological-cell	an OCS treebank cell requires an independent exact Synodal surface witness		60	60	0	60		weak	large	candidate-unreviewed	surface grouping is diagnostic only; target identity and complete morphology require review
1107	synodal:family-candidate:68d37706d1a53f1d8f09b0c9	candidate-family:synodal:family-candidate:68d37706d1a53f1d8f09b0c9	synodal:family-candidate:68d37706d1a53f1d8f09b0c9	свѧщенникъ	unknown	свѧщенникъ:60	60	60	60	60		untyped	target-surface	target-lexeme-identity,target-morphological-cell			60	60	0	60		weak	large	candidate-unreviewed	surface grouping is diagnostic only; target identity and complete morphology require review
1108	synodal:family-candidate:6a1bfef674e7692133e30f2b	candidate-family:synodal:family-candidate:6a1bfef674e7692133e30f2b	synodal:family-candidate:6a1bfef674e7692133e30f2b	влож-	unknown	вложи:60	60	60	60	56		possible-nominative-plural	target-surface	target-lexeme-identity,target-morphological-cell			60	60	0	60		weak	large	candidate-unreviewed	surface grouping is diagnostic only; target identity and complete morphology require review
1109	synodal:family-candidate:7e89b39dde4c95cc2249275b	candidate-family:synodal:family-candidate:7e89b39dde4c95cc2249275b	synodal:family-candidate:7e89b39dde4c95cc2249275b	верє-	unknown	верєи:60	60	60	60	56		possible-nominative-plural	target-surface	target-lexeme-identity,target-morphological-cell			60	60	0	60		weak	large	candidate-unreviewed	surface grouping is diagnostic only; target identity and complete morphology require review
1110	synodal:family-candidate:85cd760c87aeb8208a3ae9f8	candidate-family:synodal:family-candidate:85cd760c87aeb8208a3ae9f8	synodal:family-candidate:85cd760c87aeb8208a3ae9f8	приидох-	unknown	прїидохомъ:60	60	60	60	58		possible-dative-plural-or-instrumental-singular	target-surface	target-lexeme-identity,target-morphological-cell			60	60	0	60		weak	large	candidate-unreviewed	surface grouping is diagnostic only; target identity and complete morphology require review
1111	synodal:family-candidate:8a87cd2e512255613900c682	candidate-family:synodal:family-candidate:8a87cd2e512255613900c682	synodal:family-candidate:8a87cd2e512255613900c682	ози-	unknown	ѻзіа:60	60	60	60	60		possible-nominative-feminine-or-genitive-accusative	target-surface	target-lexeme-identity,target-morphological-cell			60	60	0	60		weak	large	candidate-unreviewed	surface grouping is diagnostic only; target identity and complete morphology require review
1112	synodal:family-candidate:8fededed04207a75e88978af	candidate-family:synodal:family-candidate:8fededed04207a75e88978af	synodal:family-candidate:8fededed04207a75e88978af	єфре-	unknown	єфрема:60	60	60	60	50		possible-nominative-feminine-or-genitive-accusative	target-surface	target-lexeme-identity,target-morphological-cell			60	60	0	60		weak	large	candidate-unreviewed	surface grouping is diagnostic only; target identity and complete morphology require review
1113	synodal:family-candidate:9569b10183d22812142ae623	candidate-family:synodal:family-candidate:9569b10183d22812142ae623	synodal:family-candidate:9569b10183d22812142ae623	чинꙋ	unknown	чинꙋ:60	60	60	60	58		untyped	target-surface	target-lexeme-identity,target-morphological-cell			60	60	0	60		weak	large	candidate-unreviewed	surface grouping is diagnostic only; target identity and complete morphology require review
1114	synodal:family-candidate:a16227786852b23b48d9f4d1	candidate-family:synodal:family-candidate:a16227786852b23b48d9f4d1	synodal:family-candidate:a16227786852b23b48d9f4d1	высока-	unknown	высѡкаѧ:60	60	60	60	60		possible-nominative-feminine-or-genitive-accusative	target-surface	target-lexeme-identity,target-morphological-cell			60	60	0	60		weak	large	candidate-unreviewed	surface grouping is diagnostic only; target identity and complete morphology require review
1115	synodal:family-candidate:b097541135d18c5d8bbd5d56	candidate-family:synodal:family-candidate:b097541135d18c5d8bbd5d56	synodal:family-candidate:b097541135d18c5d8bbd5d56	снѣдь	unknown	снѣдь:60	60	60	60	60		untyped	target-surface	target-lexeme-identity,target-morphological-cell			60	60	0	60		weak	large	candidate-unreviewed	surface grouping is diagnostic only; target identity and complete morphology require review
1116	synodal:family-candidate:b2652ef4c1fb75e2a508a296	candidate-family:synodal:family-candidate:b2652ef4c1fb75e2a508a296	synodal:family-candidate:b2652ef4c1fb75e2a508a296	безꙋмныхъ	unknown	безꙋмныхъ:60	60	60	60	60		untyped	target-surface	target-lexeme-identity,target-morphological-cell			60	60	0	60		weak	large	candidate-unreviewed	surface grouping is diagnostic only; target identity and complete morphology require review
1117	synodal:family-candidate:c2b2340300bcd0d9c02a2ce1	candidate-family:synodal:family-candidate:c2b2340300bcd0d9c02a2ce1	synodal:family-candidate:c2b2340300bcd0d9c02a2ce1	ѕлобꙋ	unknown	ѕлобꙋ:60	60	60	60	58		untyped	target-surface	target-lexeme-identity,target-morphological-cell			60	60	0	60		weak	large	candidate-unreviewed	surface grouping is diagnostic only; target identity and complete morphology require review
1118	synodal:family-candidate:c42b7d39f5464453c8c57dac	candidate-family:synodal:family-candidate:c42b7d39f5464453c8c57dac	synodal:family-candidate:c42b7d39f5464453c8c57dac	внидꙋ	unknown	внидꙋ:60	60	60	60	58		untyped	target-surface	target-lexeme-identity,target-morphological-cell			60	60	0	60		weak	large	candidate-unreviewed	surface grouping is diagnostic only; target identity and complete morphology require review
1119	synodal:family-candidate:e23615cd1fa15232413dc75f	candidate-family:synodal:family-candidate:e23615cd1fa15232413dc75f	synodal:family-candidate:e23615cd1fa15232413dc75f	єдинолѣтныхъ	unknown	єдинолѣтныхъ:60	60	60	60	58		untyped	target-surface	target-lexeme-identity,target-morphological-cell			60	60	0	60		weak	large	candidate-unreviewed	surface grouping is diagnostic only; target identity and complete morphology require review
1120	synodal:family-candidate:e672f8a7239e27ebfa7b34a2	candidate-family:synodal:family-candidate:e672f8a7239e27ebfa7b34a2	synodal:family-candidate:e672f8a7239e27ebfa7b34a2	рыб-	unknown	рыбы:60	60	60	60	56		possible-nominative-plural	target-surface	target-lexeme-identity,target-morphological-cell			60	60	0	60		weak	large	candidate-unreviewed	surface grouping is diagnostic only; target identity and complete morphology require review
1121	synodal:family-candidate:f131a3c964f8628ee7f9812d	candidate-family:synodal:family-candidate:f131a3c964f8628ee7f9812d	synodal:family-candidate:f131a3c964f8628ee7f9812d	ѳѷмиа-	unknown	ѳѷмїама:60	60	60	60	60		possible-nominative-feminine-or-genitive-accusative	target-surface	target-lexeme-identity,target-morphological-cell			60	60	0	60		weak	large	candidate-unreviewed	surface grouping is diagnostic only; target identity and complete morphology require review
1122	synodal:family-candidate:f4f5ff88a62ed15cc6183ee7	candidate-family:synodal:family-candidate:f4f5ff88a62ed15cc6183ee7	synodal:family-candidate:f4f5ff88a62ed15cc6183ee7	навуходоносор-	unknown	навꙋходоносора:60	60	60	60	60		possible-nominative-feminine-or-genitive-accusative	target-surface	target-lexeme-identity,target-morphological-cell			60	60	0	60		weak	large	candidate-unreviewed	surface grouping is diagnostic only; target identity and complete morphology require review
1123	synodal:family-candidate:54f9c35ccaa7c41022c8ef60	candidate-family:synodal:family-candidate:54f9c35ccaa7c41022c8ef60	synodal:family-candidate:54f9c35ccaa7c41022c8ef60	искреннемꙋ	unknown	искреннемꙋ:59	59	59	59	57		untyped	target-surface	target-lexeme-identity,target-morphological-cell			59	59	0	59		weak	large	candidate-unreviewed	surface grouping is diagnostic only; target identity and complete morphology require review
1124	synodal:family-candidate:608faaae785e437573aa4f04	candidate-family:synodal:family-candidate:608faaae785e437573aa4f04	synodal:family-candidate:608faaae785e437573aa4f04	всѧкїй	unknown	всѧкїй:59	59	59	59	57		untyped	target-surface	target-lexeme-identity,target-morphological-cell			59	59	0	59		weak	large	candidate-unreviewed	surface grouping is diagnostic only; target identity and complete morphology require review
1125	synodal:family-candidate:9a2819de1ec11496dc3152be	candidate-family:synodal:family-candidate:9a2819de1ec11496dc3152be	synodal:family-candidate:9a2819de1ec11496dc3152be	животныхъ	unknown	животныхъ:59	59	59	59	57		untyped	target-surface	target-lexeme-identity,target-morphological-cell			59	59	0	59		weak	large	candidate-unreviewed	surface grouping is diagnostic only; target identity and complete morphology require review
1126	synodal:family-candidate:adafbf39e99248783cd397c2	candidate-family:synodal:family-candidate:adafbf39e99248783cd397c2	synodal:family-candidate:adafbf39e99248783cd397c2	повнегд-	unknown	повнегда:59	59	59	59	57		possible-nominative-feminine-or-genitive-accusative	target-surface	target-lexeme-identity,target-morphological-cell			59	59	0	59		weak	large	candidate-unreviewed	surface grouping is diagnostic only; target identity and complete morphology require review
1127	synodal:family-candidate:b067d9ceae301a9dbc408e67	candidate-family:synodal:family-candidate:b067d9ceae301a9dbc408e67	synodal:family-candidate:b067d9ceae301a9dbc408e67	никакож-	unknown	никакоже:59	59	59	59	55		possible-vocative-or-finite-verb	target-surface	target-lexeme-identity,target-morphological-cell			59	59	0	59		weak	large	candidate-unreviewed	surface grouping is diagnostic only; target identity and complete morphology require review
1128	synodal:family-candidate:c54992e59d29215528f05200	candidate-family:synodal:family-candidate:c54992e59d29215528f05200	synodal:family-candidate:c54992e59d29215528f05200	сбудетс-	unknown	сбꙋдетсѧ:59	59	59	59	59		possible-nominative-feminine-or-genitive-accusative	target-surface	target-lexeme-identity,target-morphological-cell			59	59	0	59		weak	large	candidate-unreviewed	surface grouping is diagnostic only; target identity and complete morphology require review
1129	synodal:family-candidate:d5d55decbc56cfe2cfb9a287	candidate-family:synodal:family-candidate:d5d55decbc56cfe2cfb9a287	synodal:family-candidate:d5d55decbc56cfe2cfb9a287	храминꙋ	unknown	храминꙋ:59	59	59	59	57		untyped	target-surface	target-lexeme-identity,target-morphological-cell			59	59	0	59		weak	large	candidate-unreviewed	surface grouping is diagnostic only; target identity and complete morphology require review
1130	synodal:family-candidate:da9f01947af560e39c114d8d	candidate-family:synodal:family-candidate:da9f01947af560e39c114d8d	synodal:family-candidate:da9f01947af560e39c114d8d	кнѧзємъ	unknown	кнѧзємъ:59	59	59	59	59		untyped	target-surface	target-lexeme-identity,target-morphological-cell			59	59	0	59		weak	large	candidate-unreviewed	surface grouping is diagnostic only; target identity and complete morphology require review
1131	synodal:family-candidate:ea66ef23753cc2c314e98779	candidate-family:synodal:family-candidate:ea66ef23753cc2c314e98779	synodal:family-candidate:ea66ef23753cc2c314e98779	прїемь	unknown	прїемь:59	59	59	59	58		untyped	target-surface	target-lexeme-identity,target-morphological-cell			59	59	0	59		weak	large	candidate-unreviewed	surface grouping is diagnostic only; target identity and complete morphology require review
1132	synodal:family-candidate:0b0dd30ee98bd370d76ba01c	candidate-family:synodal:family-candidate:0b0dd30ee98bd370d76ba01c	synodal:family-candidate:0b0dd30ee98bd370d76ba01c	безꙋмный	unknown	безꙋмный:58	58	58	58	58		untyped	target-surface	target-lexeme-identity,target-morphological-cell			58	58	0	58		weak	large	candidate-unreviewed	surface grouping is diagnostic only; target identity and complete morphology require review
1133	synodal:family-candidate:1198de89d0c1bc46cf073e96	candidate-family:synodal:family-candidate:1198de89d0c1bc46cf073e96	synodal:family-candidate:1198de89d0c1bc46cf073e96	єдинодꙋшнѡ	unknown	єдинодꙋшнѡ:58	58	58	58	58		untyped	target-surface	target-lexeme-identity,target-morphological-cell			58	58	0	58		weak	large	candidate-unreviewed	surface grouping is diagnostic only; target identity and complete morphology require review
1134	synodal:family-candidate:1e3bcb59d30661f4c26a69db	candidate-family:synodal:family-candidate:1e3bcb59d30661f4c26a69db	synodal:family-candidate:1e3bcb59d30661f4c26a69db	оскверн-	unknown	ѡскверниша:58	58	58	58	58		possible-nominative-feminine-or-genitive-accusative	target-surface	target-lexeme-identity,target-morphological-cell			58	58	0	58		weak	large	candidate-unreviewed	surface grouping is diagnostic only; target identity and complete morphology require review
1135	synodal:family-candidate:1fd803708e0c84247308f504	candidate-family:synodal:family-candidate:1fd803708e0c84247308f504	synodal:family-candidate:1fd803708e0c84247308f504	ѕвѣр-	unknown	ѕвѣри:58	58	58	58	58		possible-nominative-plural	target-surface	target-lexeme-identity,target-morphological-cell			58	58	0	58		weak	large	candidate-unreviewed	surface grouping is diagnostic only; target identity and complete morphology require review
1136	synodal:family-candidate:2902cccf7dc50617a2d098d2	candidate-family:synodal:family-candidate:2902cccf7dc50617a2d098d2	synodal:family-candidate:2902cccf7dc50617a2d098d2	иноплемєннич-	unknown	иноплемєнничи:58	58	58	58	54		possible-nominative-plural	target-surface	target-lexeme-identity,target-morphological-cell			58	58	0	58		weak	large	candidate-unreviewed	surface grouping is diagnostic only; target identity and complete morphology require review
1137	synodal:family-candidate:3730fac144f80827c8b9c362	candidate-family:synodal:family-candidate:3730fac144f80827c8b9c362	synodal:family-candidate:3730fac144f80827c8b9c362	искахꙋ	unknown	искахꙋ:58	58	58	58	57		untyped	target-surface	target-lexeme-identity,target-morphological-cell			58	58	0	58		weak	large	candidate-unreviewed	surface grouping is diagnostic only; target identity and complete morphology require review
1138	synodal:family-candidate:3823a6241885859848f9ebbb	candidate-family:synodal:family-candidate:3823a6241885859848f9ebbb	synodal:family-candidate:3823a6241885859848f9ebbb	коней	unknown	коней:58	58	58	58	52		untyped	target-surface	target-lexeme-identity,target-morphological-cell			58	58	0	58		weak	large	candidate-unreviewed	surface grouping is diagnostic only; target identity and complete morphology require review
1139	synodal:family-candidate:395ea8bffc7a9cc2ee9430c6	candidate-family:synodal:family-candidate:395ea8bffc7a9cc2ee9430c6	synodal:family-candidate:395ea8bffc7a9cc2ee9430c6	внидет-	unknown	внидете:58	58	58	58	58		possible-vocative-or-finite-verb	target-surface	target-lexeme-identity,target-morphological-cell			58	58	0	58		weak	large	candidate-unreviewed	surface grouping is diagnostic only; target identity and complete morphology require review
1140	synodal:family-candidate:3da95977bfe8881e452ac72a	candidate-family:synodal:family-candidate:3da95977bfe8881e452ac72a	synodal:family-candidate:3da95977bfe8881e452ac72a	нечести-	unknown	нечестїе:58	58	58	58	58		possible-vocative-or-finite-verb	target-surface	target-lexeme-identity,target-morphological-cell			58	58	0	58		weak	large	candidate-unreviewed	surface grouping is diagnostic only; target identity and complete morphology require review
1141	synodal:family-candidate:688f6364c7de7ff9cbdf1929	candidate-family:synodal:family-candidate:688f6364c7de7ff9cbdf1929	synodal:family-candidate:688f6364c7de7ff9cbdf1929	племен-	unknown	племенѡмъ:58	58	58	58	56		possible-dative-plural-or-instrumental-singular	target-surface	target-lexeme-identity,target-morphological-cell			58	58	0	58		weak	large	candidate-unreviewed	surface grouping is diagnostic only; target identity and complete morphology require review
1142	synodal:family-candidate:70ceb76b7dab7db7f07308e2	candidate-family:synodal:family-candidate:70ceb76b7dab7db7f07308e2	synodal:family-candidate:70ceb76b7dab7db7f07308e2	прикоснус-	unknown	прикоснꙋсѧ:58	58	58	58	53		possible-nominative-feminine-or-genitive-accusative	target-surface	target-lexeme-identity,target-morphological-cell			58	58	0	58		weak	large	candidate-unreviewed	surface grouping is diagnostic only; target identity and complete morphology require review
1143	synodal:family-candidate:727cb7d70a142bf74b8caafd	candidate-family:synodal:family-candidate:727cb7d70a142bf74b8caafd	synodal:family-candidate:727cb7d70a142bf74b8caafd	послꙋжатъ	unknown	послꙋжатъ:58	58	58	58	56		possible-finite-verb	target-surface	target-lexeme-identity,target-morphological-cell			58	58	0	58		weak	large	candidate-unreviewed	surface grouping is diagnostic only; target identity and complete morphology require review
1144	synodal:family-candidate:7290dda7e7cd476d0e0550bf	candidate-family:synodal:family-candidate:7290dda7e7cd476d0e0550bf	synodal:family-candidate:7290dda7e7cd476d0e0550bf	собраш-	unknown	собраша:58	58	58	58	58		possible-nominative-feminine-or-genitive-accusative	target-surface	target-lexeme-identity,target-morphological-cell			58	58	0	58		weak	large	candidate-unreviewed	surface grouping is diagnostic only; target identity and complete morphology require review
1145	synodal:family-candidate:7889e61914b2d8400b735110	candidate-family:synodal:family-candidate:7889e61914b2d8400b735110	synodal:family-candidate:7889e61914b2d8400b735110	вѣдѧщ-	unknown	вѣдѧще:58	58	58	58	56		possible-vocative-or-finite-verb	target-surface	target-lexeme-identity,target-morphological-cell			58	58	0	58		weak	large	candidate-unreviewed	surface grouping is diagnostic only; target identity and complete morphology require review
1146	synodal:family-candidate:7a62644b666a074b2c1316b0	candidate-family:synodal:family-candidate:7a62644b666a074b2c1316b0	synodal:family-candidate:7a62644b666a074b2c1316b0	могꙋ	unknown	могꙋ:58	58	58	58	58		untyped	target-surface	target-lexeme-identity,target-morphological-cell			58	58	0	58		weak	large	candidate-unreviewed	surface grouping is diagnostic only; target identity and complete morphology require review
1147	synodal:family-candidate:7ff84982adf2a5bb4ee19457	candidate-family:synodal:family-candidate:7ff84982adf2a5bb4ee19457	synodal:family-candidate:7ff84982adf2a5bb4ee19457	сокрушени-	unknown	сокрꙋшенїе:58	58	58	58	56		possible-vocative-or-finite-verb	target-surface	target-lexeme-identity,target-morphological-cell			58	58	0	58		weak	large	candidate-unreviewed	surface grouping is diagnostic only; target identity and complete morphology require review
1148	synodal:family-candidate:8f1e9f16c55ae8e6137af94d	candidate-family:synodal:family-candidate:8f1e9f16c55ae8e6137af94d	synodal:family-candidate:8f1e9f16c55ae8e6137af94d	седмо-	unknown	седмое:58	58	58	58	58		possible-vocative-or-finite-verb	target-surface	target-lexeme-identity,target-morphological-cell			58	58	0	58		weak	large	candidate-unreviewed	surface grouping is diagnostic only; target identity and complete morphology require review
1149	synodal:family-candidate:94ee23de80b49670afcc255d	candidate-family:synodal:family-candidate:94ee23de80b49670afcc255d	synodal:family-candidate:94ee23de80b49670afcc255d	ѕвѣрємъ	unknown	ѕвѣрємъ:58	58	58	58	58		untyped	target-surface	target-lexeme-identity,target-morphological-cell			58	58	0	58		weak	large	candidate-unreviewed	surface grouping is diagnostic only; target identity and complete morphology require review
1150	synodal:family-candidate:9a28bc740d22e33f546dea1b	candidate-family:synodal:family-candidate:9a28bc740d22e33f546dea1b	synodal:family-candidate:9a28bc740d22e33f546dea1b	симон-	unknown	сімѡна:58	58	58	58	54		possible-nominative-feminine-or-genitive-accusative,ud:PROPN:Case=Gen+Gender=Masc+Number=Sing	target-surface,typed-cell-candidate	target-lexeme-identity,target-morphological-cell	an OCS treebank cell requires an independent exact Synodal surface witness		58	58	0	58		weak	large	candidate-unreviewed	surface grouping is diagnostic only; target identity and complete morphology require review
1151	synodal:family-candidate:9e12f17353b57183f3578e84	candidate-family:synodal:family-candidate:9e12f17353b57183f3578e84	synodal:family-candidate:9e12f17353b57183f3578e84	сестрꙋ	unknown	сестрꙋ:58	58	58	58	56		untyped	target-surface	target-lexeme-identity,target-morphological-cell			58	58	0	58		weak	large	candidate-unreviewed	surface grouping is diagnostic only; target identity and complete morphology require review
1152	synodal:family-candidate:a4aa58e5e99312820ec97bfa	candidate-family:synodal:family-candidate:a4aa58e5e99312820ec97bfa	synodal:family-candidate:a4aa58e5e99312820ec97bfa	потребитс-	unknown	потребитсѧ:58	58	58	58	58		possible-nominative-feminine-or-genitive-accusative	target-surface	target-lexeme-identity,target-morphological-cell			58	58	0	58		weak	large	candidate-unreviewed	surface grouping is diagnostic only; target identity and complete morphology require review
1153	synodal:family-candidate:ab29c9c3c4b4a67e5b3c83cc	candidate-family:synodal:family-candidate:ab29c9c3c4b4a67e5b3c83cc	synodal:family-candidate:ab29c9c3c4b4a67e5b3c83cc	дров-	unknown	дрова:58	58	58	58	52		possible-nominative-feminine-or-genitive-accusative	target-surface	target-lexeme-identity,target-morphological-cell			58	58	0	58		weak	large	candidate-unreviewed	surface grouping is diagnostic only; target identity and complete morphology require review
1154	synodal:family-candidate:b054ce26c43faec2dd6473c2	candidate-family:synodal:family-candidate:b054ce26c43faec2dd6473c2	synodal:family-candidate:b054ce26c43faec2dd6473c2	снѣс-	unknown	снѣси:58	58	58	58	58		possible-nominative-plural	target-surface	target-lexeme-identity,target-morphological-cell			58	58	0	58		weak	large	candidate-unreviewed	surface grouping is diagnostic only; target identity and complete morphology require review
1155	synodal:family-candidate:b1c9576c068550883899d76a	candidate-family:synodal:family-candidate:b1c9576c068550883899d76a	synodal:family-candidate:b1c9576c068550883899d76a	ѕлѣ	unknown	ѕлѣ:58	58	58	58	56		untyped	target-surface	target-lexeme-identity,target-morphological-cell			58	58	0	58		weak	large	candidate-unreviewed	surface grouping is diagnostic only; target identity and complete morphology require review
1156	synodal:family-candidate:b8a011d320563e95adeadd23	candidate-family:synodal:family-candidate:b8a011d320563e95adeadd23	synodal:family-candidate:b8a011d320563e95adeadd23	законнѡ	unknown	законнѡ:58	58	58	58	56		untyped	target-surface	target-lexeme-identity,target-morphological-cell			58	58	0	58		weak	large	candidate-unreviewed	surface grouping is diagnostic only; target identity and complete morphology require review
1157	synodal:family-candidate:ba38068c11a7a88273845403	candidate-family:synodal:family-candidate:ba38068c11a7a88273845403	synodal:family-candidate:ba38068c11a7a88273845403	єдинѣй	unknown	єдинѣй:58	58	58	58	57		untyped	target-surface	target-lexeme-identity,target-morphological-cell			58	58	0	58		weak	large	candidate-unreviewed	surface grouping is diagnostic only; target identity and complete morphology require review
1158	synodal:family-candidate:bd0a941c976ed66318d1a16d	candidate-family:synodal:family-candidate:bd0a941c976ed66318d1a16d	synodal:family-candidate:bd0a941c976ed66318d1a16d	полꙋ	unknown	полꙋ:58	58	58	58	54		untyped	target-surface	target-lexeme-identity,target-morphological-cell			58	58	0	58		weak	large	candidate-unreviewed	surface grouping is diagnostic only; target identity and complete morphology require review
1159	synodal:family-candidate:d75f7eb33d0001b3a7fee4e9	candidate-family:synodal:family-candidate:d75f7eb33d0001b3a7fee4e9	synodal:family-candidate:d75f7eb33d0001b3a7fee4e9	іѡакімъ	unknown	іѡакімъ:58	58	58	58	56		untyped	target-surface	target-lexeme-identity,target-morphological-cell			58	58	0	58		weak	large	candidate-unreviewed	surface grouping is diagnostic only; target identity and complete morphology require review
1160	synodal:family-candidate:d799c13de609c385f980d957	candidate-family:synodal:family-candidate:d799c13de609c385f980d957	synodal:family-candidate:d799c13de609c385f980d957	родишас-	unknown	родишасѧ:58	58	58	58	58		possible-nominative-feminine-or-genitive-accusative	target-surface	target-lexeme-identity,target-morphological-cell			58	58	0	58		weak	large	candidate-unreviewed	surface grouping is diagnostic only; target identity and complete morphology require review
1161	synodal:family-candidate:da0c8726b5e1b70d29ef77e6	candidate-family:synodal:family-candidate:da0c8726b5e1b70d29ef77e6	synodal:family-candidate:da0c8726b5e1b70d29ef77e6	принесит-	unknown	принесите:58	58	58	58	52		possible-vocative-or-finite-verb	target-surface	target-lexeme-identity,target-morphological-cell			58	58	0	58		weak	large	candidate-unreviewed	surface grouping is diagnostic only; target identity and complete morphology require review
1162	synodal:family-candidate:deb96489439339edc5483b75	candidate-family:synodal:family-candidate:deb96489439339edc5483b75	synodal:family-candidate:deb96489439339edc5483b75	работ-	unknown	работы:58	58	58	58	58		possible-nominative-plural	target-surface	target-lexeme-identity,target-morphological-cell			58	58	0	58		weak	large	candidate-unreviewed	surface grouping is diagnostic only; target identity and complete morphology require review
1163	synodal:family-candidate:e27db863c88d2405aa76ce28	candidate-family:synodal:family-candidate:e27db863c88d2405aa76ce28	synodal:family-candidate:e27db863c88d2405aa76ce28	младенц-	unknown	младенцы:58	58	58	58	58		possible-nominative-plural	target-surface	target-lexeme-identity,target-morphological-cell			58	58	0	58		weak	large	candidate-unreviewed	surface grouping is diagnostic only; target identity and complete morphology require review
1164	synodal:family-candidate:e5034a7ba77d6f22c0ba7e2e	candidate-family:synodal:family-candidate:e5034a7ba77d6f22c0ba7e2e	synodal:family-candidate:e5034a7ba77d6f22c0ba7e2e	возложатъ	unknown	возложатъ:58	58	58	58	54		possible-finite-verb	target-surface	target-lexeme-identity,target-morphological-cell			58	58	0	58		weak	large	candidate-unreviewed	surface grouping is diagnostic only; target identity and complete morphology require review
1165	synodal:family-candidate:f10dc100a834790f627e64ca	candidate-family:synodal:family-candidate:f10dc100a834790f627e64ca	synodal:family-candidate:f10dc100a834790f627e64ca	отечеств-	unknown	ѻтечества:58	58	58	58	58		possible-nominative-feminine-or-genitive-accusative	target-surface	target-lexeme-identity,target-morphological-cell			58	58	0	58		weak	large	candidate-unreviewed	surface grouping is diagnostic only; target identity and complete morphology require review
1166	synodal:family-candidate:fcc85845c77c45138ca807b7	candidate-family:synodal:family-candidate:fcc85845c77c45138ca807b7	synodal:family-candidate:fcc85845c77c45138ca807b7	старєцъ	unknown	старєцъ:58	58	58	58	56		untyped	target-surface	target-lexeme-identity,target-morphological-cell			58	58	0	58		weak	large	candidate-unreviewed	surface grouping is diagnostic only; target identity and complete morphology require review
1167	synodal:family-candidate:fd47eaad99aa06376cd23df3	candidate-family:synodal:family-candidate:fd47eaad99aa06376cd23df3	synodal:family-candidate:fd47eaad99aa06376cd23df3	исходъ	unknown	исходъ:58	58	58	58	58		ud:NOUN:Case=Acc+Gender=Masc+Number=Sing,ud:NOUN:Case=Nom+Gender=Masc+Number=Sing,untyped	target-surface,typed-cell-candidate	target-lexeme-identity,target-morphological-cell	an OCS treebank cell requires an independent exact Synodal surface witness | more than one source-partition treebank lemma or cell matches the target surface		58	58	0	58		weak	large	candidate-unreviewed	surface grouping is diagnostic only; target identity and complete morphology require review
1168	synodal:family-candidate:0eb3fc064db2b72464f47f40	candidate-family:synodal:family-candidate:0eb3fc064db2b72464f47f40	synodal:family-candidate:0eb3fc064db2b72464f47f40	имѣ-	unknown	имѣѧ:57	57	57	57	55		possible-nominative-feminine-or-genitive-accusative	target-surface	target-lexeme-identity,target-morphological-cell			57	57	0	57		weak	large	candidate-unreviewed	surface grouping is diagnostic only; target identity and complete morphology require review
1169	synodal:family-candidate:105710d309c44abeeaa3dfa5	candidate-family:synodal:family-candidate:105710d309c44abeeaa3dfa5	synodal:family-candidate:105710d309c44abeeaa3dfa5	снѣ	unknown	снѣ:57	57	57	57	55		untyped	target-surface	target-lexeme-identity,target-morphological-cell			57	57	0	57		weak	large	candidate-unreviewed	surface grouping is diagnostic only; target identity and complete morphology require review
1170	synodal:family-candidate:47f310801c0a0dd5ca9d5054	candidate-family:synodal:family-candidate:47f310801c0a0dd5ca9d5054	synodal:family-candidate:47f310801c0a0dd5ca9d5054	убоѧшас-	unknown	ᲂубоѧшасѧ:57	57	57	57	57		possible-nominative-feminine-or-genitive-accusative	target-surface	target-lexeme-identity,target-morphological-cell			57	57	0	57		weak	large	candidate-unreviewed	surface grouping is diagnostic only; target identity and complete morphology require review
1171	synodal:family-candidate:9e7d6be7147b7bad169a5494	candidate-family:synodal:family-candidate:9e7d6be7147b7bad169a5494	synodal:family-candidate:9e7d6be7147b7bad169a5494	млек-	unknown	млекомъ:57	57	57	57	57		possible-dative-plural-or-instrumental-singular	target-surface	target-lexeme-identity,target-morphological-cell			57	57	0	57		weak	large	candidate-unreviewed	surface grouping is diagnostic only; target identity and complete morphology require review
1172	synodal:family-candidate:bf6fdf0cce0cb6dfb07b67b4	candidate-family:synodal:family-candidate:bf6fdf0cce0cb6dfb07b67b4	synodal:family-candidate:bf6fdf0cce0cb6dfb07b67b4	свидѣтелство	unknown	свидѣтелство:57	57	57	57	53		untyped	target-surface	target-lexeme-identity,target-morphological-cell			57	57	0	57		weak	large	candidate-unreviewed	surface grouping is diagnostic only; target identity and complete morphology require review
1173	synodal:family-candidate:cb9c1e10470e4300e8eb398f	candidate-family:synodal:family-candidate:cb9c1e10470e4300e8eb398f	synodal:family-candidate:cb9c1e10470e4300e8eb398f	бойтес-	unknown	бойтесѧ:57	57	57	57	57		possible-nominative-feminine-or-genitive-accusative	target-surface	target-lexeme-identity,target-morphological-cell			57	57	0	57		weak	large	candidate-unreviewed	surface grouping is diagnostic only; target identity and complete morphology require review
1174	synodal:family-candidate:d03a244388b3858c79b749db	candidate-family:synodal:family-candidate:d03a244388b3858c79b749db	synodal:family-candidate:d03a244388b3858c79b749db	грѣшниц-	unknown	грѣшницы:57	57	57	57	55		possible-nominative-plural	target-surface	target-lexeme-identity,target-morphological-cell			57	57	0	57		weak	large	candidate-unreviewed	surface grouping is diagnostic only; target identity and complete morphology require review
1175	synodal:family-candidate:e27a9adaf8f21e418a68daaf	candidate-family:synodal:family-candidate:e27a9adaf8f21e418a68daaf	synodal:family-candidate:e27a9adaf8f21e418a68daaf	ѹбоѧшас-	unknown	ѹбоѧшасѧ:57	57	57	57	57		possible-nominative-feminine-or-genitive-accusative	target-surface	target-lexeme-identity,target-morphological-cell			57	57	0	57		weak	large	candidate-unreviewed	surface grouping is diagnostic only; target identity and complete morphology require review
1176	synodal:family-candidate:e4157fc417048a817850e1f7	candidate-family:synodal:family-candidate:e4157fc417048a817850e1f7	synodal:family-candidate:e4157fc417048a817850e1f7	ѹстнѣ	unknown	ѹстнѣ:57	57	57	57	55		untyped	target-surface	target-lexeme-identity,target-morphological-cell			57	57	0	57		weak	large	candidate-unreviewed	surface grouping is diagnostic only; target identity and complete morphology require review
1177	synodal:family-candidate:f3c66071160299248a1c69a4	candidate-family:synodal:family-candidate:f3c66071160299248a1c69a4	synodal:family-candidate:f3c66071160299248a1c69a4	клѧхс-	unknown	клѧхсѧ:57	57	57	57	57		possible-nominative-feminine-or-genitive-accusative	target-surface	target-lexeme-identity,target-morphological-cell			57	57	0	57		weak	large	candidate-unreviewed	surface grouping is diagnostic only; target identity and complete morphology require review
1178	synodal:family-candidate:f3efd2905dcf0d4e1a2eb4e4	candidate-family:synodal:family-candidate:f3efd2905dcf0d4e1a2eb4e4	synodal:family-candidate:f3efd2905dcf0d4e1a2eb4e4	скончаютс-	unknown	скончаютсѧ:57	57	57	57	55		possible-nominative-feminine-or-genitive-accusative	target-surface	target-lexeme-identity,target-morphological-cell			57	57	0	57		weak	large	candidate-unreviewed	surface grouping is diagnostic only; target identity and complete morphology require review
1179	synodal:family-candidate:fa915ecdbfd2829c7fa41c2a	candidate-family:synodal:family-candidate:fa915ecdbfd2829c7fa41c2a	synodal:family-candidate:fa915ecdbfd2829c7fa41c2a	вселитс-	unknown	вселитсѧ:57	57	57	57	57		possible-nominative-feminine-or-genitive-accusative	target-surface	target-lexeme-identity,target-morphological-cell			57	57	0	57		weak	large	candidate-unreviewed	surface grouping is diagnostic only; target identity and complete morphology require review
1180	synodal:family-candidate:fcec7689791b4d422c64c7f0	candidate-family:synodal:family-candidate:fcec7689791b4d422c64c7f0	synodal:family-candidate:fcec7689791b4d422c64c7f0	пѧтидесѧ-	unknown	пѧтидесѧти:57	57	57	57	51		possible-nominative-plural	target-surface	target-lexeme-identity,target-morphological-cell			57	57	0	57		weak	large	candidate-unreviewed	surface grouping is diagnostic only; target identity and complete morphology require review
1181	synodal:family-candidate:ff771d579ff2dc98d4e5a8bb	candidate-family:synodal:family-candidate:ff771d579ff2dc98d4e5a8bb	synodal:family-candidate:ff771d579ff2dc98d4e5a8bb	иор-	unknown	іѡрамъ:57	57	57	57	55		untyped	target-surface	target-lexeme-identity,target-morphological-cell			57	57	0	57		weak	large	candidate-unreviewed	surface grouping is diagnostic only; target identity and complete morphology require review
1182	synodal:family-candidate:05a17c09771fba3476e1a065	candidate-family:synodal:family-candidate:05a17c09771fba3476e1a065	synodal:family-candidate:05a17c09771fba3476e1a065	ісмаилъ	unknown	ісмаилъ:56	56	56	56	52		untyped	target-surface	target-lexeme-identity,target-morphological-cell			56	56	0	56		weak	large	candidate-unreviewed	surface grouping is diagnostic only; target identity and complete morphology require review
1183	synodal:family-candidate:2ee6e9ac3d0bb0634653e43b	candidate-family:synodal:family-candidate:2ee6e9ac3d0bb0634653e43b	synodal:family-candidate:2ee6e9ac3d0bb0634653e43b	возвеселѧтс-	unknown	возвеселѧтсѧ:56	56	56	56	56		possible-nominative-feminine-or-genitive-accusative	target-surface	target-lexeme-identity,target-morphological-cell			56	56	0	56		weak	large	candidate-unreviewed	surface grouping is diagnostic only; target identity and complete morphology require review
1184	synodal:family-candidate:31efdd9726ad695a3f1ea2c3	candidate-family:synodal:family-candidate:31efdd9726ad695a3f1ea2c3	synodal:family-candidate:31efdd9726ad695a3f1ea2c3	нѡе	unknown	нѡе:56	56	56	56	54		possible-vocative-or-finite-verb	target-surface	target-lexeme-identity,target-morphological-cell			56	56	0	56		weak	large	candidate-unreviewed	surface grouping is diagnostic only; target identity and complete morphology require review
1185	synodal:family-candidate:370b28309073c64c8bcf6c7d	candidate-family:synodal:family-candidate:370b28309073c64c8bcf6c7d	synodal:family-candidate:370b28309073c64c8bcf6c7d	козл-	unknown	козлѡвъ:56	56	56	56	54		possible-genitive-or-locative-plural	target-surface	target-lexeme-identity,target-morphological-cell			56	56	0	56		weak	large	candidate-unreviewed	surface grouping is diagnostic only; target identity and complete morphology require review
1186	synodal:family-candidate:3a053ae02e604d8f62b849bf	candidate-family:synodal:family-candidate:3a053ae02e604d8f62b849bf	synodal:family-candidate:3a053ae02e604d8f62b849bf	размѣр-	unknown	размѣри:56	56	56	56	56		possible-nominative-plural	target-surface	target-lexeme-identity,target-morphological-cell			56	56	0	56		weak	large	candidate-unreviewed	surface grouping is diagnostic only; target identity and complete morphology require review
1187	synodal:family-candidate:50e8b68aa9d43a98ab865c16	candidate-family:synodal:family-candidate:50e8b68aa9d43a98ab865c16	synodal:family-candidate:50e8b68aa9d43a98ab865c16	послалъ	unknown	послалъ:56	56	56	56	56		untyped	target-surface	target-lexeme-identity,target-morphological-cell			56	56	0	56		weak	large	candidate-unreviewed	surface grouping is diagnostic only; target identity and complete morphology require review
1188	synodal:family-candidate:554fa51f6095fa0b76d54313	candidate-family:synodal:family-candidate:554fa51f6095fa0b76d54313	synodal:family-candidate:554fa51f6095fa0b76d54313	ковчегъ	unknown	ковчегъ:56	56	56	56	52		untyped	target-surface	target-lexeme-identity,target-morphological-cell			56	56	0	56		weak	large	candidate-unreviewed	surface grouping is diagnostic only; target identity and complete morphology require review
1189	synodal:family-candidate:57df66a785b7d835666ba231	candidate-family:synodal:family-candidate:57df66a785b7d835666ba231	synodal:family-candidate:57df66a785b7d835666ba231	нѣка-	unknown	нѣкаѧ:56	56	56	56	50		possible-nominative-feminine-or-genitive-accusative	target-surface	target-lexeme-identity,target-morphological-cell			56	56	0	56		weak	large	candidate-unreviewed	surface grouping is diagnostic only; target identity and complete morphology require review
1190	synodal:family-candidate:5f4674f6bfce31a28d324eae	candidate-family:synodal:family-candidate:5f4674f6bfce31a28d324eae	synodal:family-candidate:5f4674f6bfce31a28d324eae	крѣпц-	unknown	крѣпцы:56	56	56	56	54		possible-nominative-plural	target-surface	target-lexeme-identity,target-morphological-cell			56	56	0	56		weak	large	candidate-unreviewed	surface grouping is diagnostic only; target identity and complete morphology require review
1191	synodal:family-candidate:8f4a8939d14d0cd48b5ce23b	candidate-family:synodal:family-candidate:8f4a8939d14d0cd48b5ce23b	synodal:family-candidate:8f4a8939d14d0cd48b5ce23b	исхождахꙋ	unknown	исхождахꙋ:56	56	56	56	52		untyped	target-surface	target-lexeme-identity,target-morphological-cell			56	56	0	56		weak	large	candidate-unreviewed	surface grouping is diagnostic only; target identity and complete morphology require review
1192	synodal:family-candidate:9a8fe8e900297dcbb479ef75	candidate-family:synodal:family-candidate:9a8fe8e900297dcbb479ef75	synodal:family-candidate:9a8fe8e900297dcbb479ef75	шестый	unknown	шестый:56	56	56	56	56		untyped	target-surface	target-lexeme-identity,target-morphological-cell			56	56	0	56		weak	large	candidate-unreviewed	surface grouping is diagnostic only; target identity and complete morphology require review
1193	synodal:family-candidate:a713c14a897b4cab39bb2a5f	candidate-family:synodal:family-candidate:a713c14a897b4cab39bb2a5f	synodal:family-candidate:a713c14a897b4cab39bb2a5f	край	unknown	край:56	56	56	56	28		untyped	target-surface	target-lexeme-identity,target-morphological-cell			56	56	0	56		weak	large	candidate-unreviewed	surface grouping is diagnostic only; target identity and complete morphology require review
1194	synodal:family-candidate:aaced9728e59427728880bb3	candidate-family:synodal:family-candidate:aaced9728e59427728880bb3	synodal:family-candidate:aaced9728e59427728880bb3	ѿѧ	unknown	ѿѧ:56	56	56	56	54		possible-nominative-feminine-or-genitive-accusative	target-surface	target-lexeme-identity,target-morphological-cell			56	56	0	56		weak	large	candidate-unreviewed	surface grouping is diagnostic only; target identity and complete morphology require review
1195	synodal:family-candidate:abb83bca13da3b9130734e85	candidate-family:synodal:family-candidate:abb83bca13da3b9130734e85	synodal:family-candidate:abb83bca13da3b9130734e85	срѣт-	unknown	срѣте:56	56	56	56	56		possible-vocative-or-finite-verb	target-surface	target-lexeme-identity,target-morphological-cell			56	56	0	56		weak	large	candidate-unreviewed	surface grouping is diagnostic only; target identity and complete morphology require review
1196	synodal:family-candidate:b2f1b5d803ffc733e84ab4a4	candidate-family:synodal:family-candidate:b2f1b5d803ffc733e84ab4a4	synodal:family-candidate:b2f1b5d803ffc733e84ab4a4	молѧхꙋ	unknown	молѧхꙋ:56	56	56	56	56		untyped	target-surface	target-lexeme-identity,target-morphological-cell			56	56	0	56		weak	large	candidate-unreviewed	surface grouping is diagnostic only; target identity and complete morphology require review
1197	synodal:family-candidate:b323a550ba193adfa4ac73b0	candidate-family:synodal:family-candidate:b323a550ba193adfa4ac73b0	synodal:family-candidate:b323a550ba193adfa4ac73b0	мудрос-	unknown	мꙋдрости:56	56	56	56	56		possible-nominative-plural	target-surface	target-lexeme-identity,target-morphological-cell			56	56	0	56		weak	large	candidate-unreviewed	surface grouping is diagnostic only; target identity and complete morphology require review
1198	synodal:family-candidate:b52833af6bc12e7059829413	candidate-family:synodal:family-candidate:b52833af6bc12e7059829413	synodal:family-candidate:b52833af6bc12e7059829413	бывше-	unknown	бывшее:56	56	56	56	54		possible-vocative-or-finite-verb	target-surface	target-lexeme-identity,target-morphological-cell			56	56	0	56		weak	large	candidate-unreviewed	surface grouping is diagnostic only; target identity and complete morphology require review
1199	synodal:family-candidate:c5616b9604439266e93ba126	candidate-family:synodal:family-candidate:c5616b9604439266e93ba126	synodal:family-candidate:c5616b9604439266e93ba126	иудє-	unknown	іꙋдєи:56	56	56	56	56		possible-nominative-plural	target-surface	target-lexeme-identity,target-morphological-cell			56	56	0	56		weak	large	candidate-unreviewed	surface grouping is diagnostic only; target identity and complete morphology require review
1200	synodal:family-candidate:cef841614efd15ae1dc3887b	candidate-family:synodal:family-candidate:cef841614efd15ae1dc3887b	synodal:family-candidate:cef841614efd15ae1dc3887b	вєли-	unknown	вєлїѧ:56	56	56	56	56		possible-nominative-feminine-or-genitive-accusative	target-surface	target-lexeme-identity,target-morphological-cell			56	56	0	56		weak	large	candidate-unreviewed	surface grouping is diagnostic only; target identity and complete morphology require review
1201	synodal:family-candidate:d20937eb6d629f887a409ad0	candidate-family:synodal:family-candidate:d20937eb6d629f887a409ad0	synodal:family-candidate:d20937eb6d629f887a409ad0	исполн-	unknown	исполни:56	56	56	56	56		possible-nominative-plural	target-surface	target-lexeme-identity,target-morphological-cell			56	56	0	56		weak	large	candidate-unreviewed	surface grouping is diagnostic only; target identity and complete morphology require review
1202	synodal:family-candidate:d2dd95aac71d2ad3c1d1acaa	candidate-family:synodal:family-candidate:d2dd95aac71d2ad3c1d1acaa	synodal:family-candidate:d2dd95aac71d2ad3c1d1acaa	селєни-	unknown	селєнїѧ:56	56	56	56	56		possible-nominative-feminine-or-genitive-accusative	target-surface	target-lexeme-identity,target-morphological-cell			56	56	0	56		weak	large	candidate-unreviewed	surface grouping is diagnostic only; target identity and complete morphology require review
1203	synodal:family-candidate:d3c0ca7faa8da933eab66fab	candidate-family:synodal:family-candidate:d3c0ca7faa8da933eab66fab	synodal:family-candidate:d3c0ca7faa8da933eab66fab	іꙋдіѳъ	unknown	іꙋдіѳъ:56	56	56	56	54		untyped	target-surface	target-lexeme-identity,target-morphological-cell			56	56	0	56		weak	large	candidate-unreviewed	surface grouping is diagnostic only; target identity and complete morphology require review
1204	synodal:family-candidate:e3b42101c040e8b094fc2804	candidate-family:synodal:family-candidate:e3b42101c040e8b094fc2804	synodal:family-candidate:e3b42101c040e8b094fc2804	ханаан-	unknown	ханаани:56	56	56	56	56		possible-nominative-plural	target-surface	target-lexeme-identity,target-morphological-cell			56	56	0	56		weak	large	candidate-unreviewed	surface grouping is diagnostic only; target identity and complete morphology require review
1205	synodal:family-candidate:e9dcaedeb31a37a98ccb3ec5	candidate-family:synodal:family-candidate:e9dcaedeb31a37a98ccb3ec5	synodal:family-candidate:e9dcaedeb31a37a98ccb3ec5	приложꙋ	unknown	приложꙋ:56	56	56	56	54		untyped	target-surface	target-lexeme-identity,target-morphological-cell			56	56	0	56		weak	large	candidate-unreviewed	surface grouping is diagnostic only; target identity and complete morphology require review
1206	synodal:family-candidate:ed31bb8ee99f8f43b5ae2e33	candidate-family:synodal:family-candidate:ed31bb8ee99f8f43b5ae2e33	synodal:family-candidate:ed31bb8ee99f8f43b5ae2e33	полудн-	unknown	полꙋдне:56	56	56	56	56		possible-vocative-or-finite-verb	target-surface	target-lexeme-identity,target-morphological-cell			56	56	0	56		weak	large	candidate-unreviewed	surface grouping is diagnostic only; target identity and complete morphology require review
1207	synodal:family-candidate:ee60b6b4370ad78819aa20a9	candidate-family:synodal:family-candidate:ee60b6b4370ad78819aa20a9	synodal:family-candidate:ee60b6b4370ad78819aa20a9	димитрїй	unknown	димитрїй:56	56	56	56	56		untyped	target-surface	target-lexeme-identity,target-morphological-cell			56	56	0	56		weak	large	candidate-unreviewed	surface grouping is diagnostic only; target identity and complete morphology require review
1208	synodal:family-candidate:efc586f41847489f09a480a7	candidate-family:synodal:family-candidate:efc586f41847489f09a480a7	synodal:family-candidate:efc586f41847489f09a480a7	кладѧз-	unknown	кладѧзѧ:56	56	56	56	52		possible-nominative-feminine-or-genitive-accusative	target-surface	target-lexeme-identity,target-morphological-cell			56	56	0	56		weak	large	candidate-unreviewed	surface grouping is diagnostic only; target identity and complete morphology require review
1209	synodal:family-candidate:f269ba5f8f7a6f119aac705c	candidate-family:synodal:family-candidate:f269ba5f8f7a6f119aac705c	synodal:family-candidate:f269ba5f8f7a6f119aac705c	потребѧтс-	unknown	потребѧтсѧ:56	56	56	56	52		possible-nominative-feminine-or-genitive-accusative	target-surface	target-lexeme-identity,target-morphological-cell			56	56	0	56		weak	large	candidate-unreviewed	surface grouping is diagnostic only; target identity and complete morphology require review
1210	synodal:family-candidate:106d8b75cc7814baaf5fe2d7	candidate-family:synodal:family-candidate:106d8b75cc7814baaf5fe2d7	synodal:family-candidate:106d8b75cc7814baaf5fe2d7	ѕмій	unknown	ѕмій:55	55	55	55	52		untyped	target-surface	target-lexeme-identity,target-morphological-cell			55	55	0	55		weak	large	candidate-unreviewed	surface grouping is diagnostic only; target identity and complete morphology require review
1211	synodal:family-candidate:26416a2f789324888ac57e8a	candidate-family:synodal:family-candidate:26416a2f789324888ac57e8a	synodal:family-candidate:26416a2f789324888ac57e8a	истиненъ	unknown	истиненъ:55	55	55	55	55		ud:ADJ:Case=Nom+Degree=Pos+Gender=Masc+Number=Sing+Variant=Short,untyped	target-surface,typed-cell-candidate	target-lexeme-identity,target-morphological-cell	an OCS treebank cell requires an independent exact Synodal surface witness		55	55	0	55		weak	large	candidate-unreviewed	surface grouping is diagnostic only; target identity and complete morphology require review
1212	synodal:family-candidate:4275cafeb739c95eb353abae	candidate-family:synodal:family-candidate:4275cafeb739c95eb353abae	synodal:family-candidate:4275cafeb739c95eb353abae	рог-	unknown	роги:55	55	55	55	51		possible-nominative-plural	target-surface	target-lexeme-identity,target-morphological-cell			55	55	0	55		weak	large	candidate-unreviewed	surface grouping is diagnostic only; target identity and complete morphology require review
1213	synodal:family-candidate:4e9642a7fc133fcf6bd6e0f1	candidate-family:synodal:family-candidate:4e9642a7fc133fcf6bd6e0f1	synodal:family-candidate:4e9642a7fc133fcf6bd6e0f1	мѡавъ	unknown	мѡавъ:55	55	55	55	49		ud:PROPN:Case=Nom+Gender=Masc+Number=Sing,untyped	target-surface,typed-cell-candidate	target-lexeme-identity,target-morphological-cell	an OCS treebank cell requires an independent exact Synodal surface witness		55	55	0	55		weak	large	candidate-unreviewed	surface grouping is diagnostic only; target identity and complete morphology require review
1214	synodal:family-candidate:69b259b3c340af99d508e6d9	candidate-family:synodal:family-candidate:69b259b3c340af99d508e6d9	synodal:family-candidate:69b259b3c340af99d508e6d9	ѿмщꙋ	unknown	ѿмщꙋ:55	55	55	55	53		untyped	target-surface	target-lexeme-identity,target-morphological-cell			55	55	0	55		weak	large	candidate-unreviewed	surface grouping is diagnostic only; target identity and complete morphology require review
1215	synodal:family-candidate:74b297aa11270e2246c89a88	candidate-family:synodal:family-candidate:74b297aa11270e2246c89a88	synodal:family-candidate:74b297aa11270e2246c89a88	ѹповани-	unknown	ѹпованїе:55	55	55	55	54		possible-vocative-or-finite-verb	target-surface	target-lexeme-identity,target-morphological-cell			55	55	0	55		weak	large	candidate-unreviewed	surface grouping is diagnostic only; target identity and complete morphology require review
1216	synodal:family-candidate:8d346f00bb7cb9e96a27b3a2	candidate-family:synodal:family-candidate:8d346f00bb7cb9e96a27b3a2	synodal:family-candidate:8d346f00bb7cb9e96a27b3a2	смѧтес-	unknown	смѧтесѧ:55	55	55	55	54		possible-nominative-feminine-or-genitive-accusative	target-surface	target-lexeme-identity,target-morphological-cell			55	55	0	55		weak	large	candidate-unreviewed	surface grouping is diagnostic only; target identity and complete morphology require review
1217	synodal:family-candidate:9ce929147686fd8a8290026b	candidate-family:synodal:family-candidate:9ce929147686fd8a8290026b	synodal:family-candidate:9ce929147686fd8a8290026b	дверехъ	unknown	дверехъ:55	55	55	55	53		untyped	target-surface	target-lexeme-identity,target-morphological-cell			55	55	0	55		weak	large	candidate-unreviewed	surface grouping is diagnostic only; target identity and complete morphology require review
1218	synodal:family-candidate:aa99042dc22ae60e587a8f8d	candidate-family:synodal:family-candidate:aa99042dc22ae60e587a8f8d	synodal:family-candidate:aa99042dc22ae60e587a8f8d	ѡны	unknown	ѡны:55	55	55	55	54		possible-nominative-plural	target-surface	target-lexeme-identity,target-morphological-cell			55	55	0	55		weak	large	candidate-unreviewed	surface grouping is diagnostic only; target identity and complete morphology require review
1219	synodal:family-candidate:c31f6088759db488e8ac906c	candidate-family:synodal:family-candidate:c31f6088759db488e8ac906c	synodal:family-candidate:c31f6088759db488e8ac906c	возглаголютъ	unknown	возглаголютъ:55	55	55	55	53		possible-finite-verb	target-surface	target-lexeme-identity,target-morphological-cell			55	55	0	55		weak	large	candidate-unreviewed	surface grouping is diagnostic only; target identity and complete morphology require review
1220	synodal:family-candidate:dce92b86504a4ed6930fa306	candidate-family:synodal:family-candidate:dce92b86504a4ed6930fa306	synodal:family-candidate:dce92b86504a4ed6930fa306	хвалꙋ	unknown	хвалꙋ:55	55	55	55	55		untyped	target-surface	target-lexeme-identity,target-morphological-cell			55	55	0	55		weak	large	candidate-unreviewed	surface grouping is diagnostic only; target identity and complete morphology require review
1221	synodal:family-candidate:f53da944a2a4aea9315012bc	candidate-family:synodal:family-candidate:f53da944a2a4aea9315012bc	synodal:family-candidate:f53da944a2a4aea9315012bc	сѣдѧй	unknown	сѣдѧй:55	55	55	55	55		untyped	target-surface	target-lexeme-identity,target-morphological-cell			55	55	0	55		weak	large	candidate-unreviewed	surface grouping is diagnostic only; target identity and complete morphology require review
1222	synodal:family-candidate:fdc3d77169e556ccc8e04ca2	candidate-family:synodal:family-candidate:fdc3d77169e556ccc8e04ca2	synodal:family-candidate:fdc3d77169e556ccc8e04ca2	запре-	unknown	запрети:55	55	55	55	53		possible-nominative-plural	target-surface	target-lexeme-identity,target-morphological-cell			55	55	0	55		weak	large	candidate-unreviewed	surface grouping is diagnostic only; target identity and complete morphology require review
1223	synodal:family-candidate:09afcfbcfa092a6625d4607a	candidate-family:synodal:family-candidate:09afcfbcfa092a6625d4607a	synodal:family-candidate:09afcfbcfa092a6625d4607a	повѣждь	unknown	повѣждь:54	54	54	54	54		ud:VERB:Mood=Imp+Number=Sing+Person=2+Tense=Pres+VerbForm=Fin+Voice=Act,untyped	target-surface,typed-cell-candidate	target-lexeme-identity,target-morphological-cell	an OCS treebank cell requires an independent exact Synodal surface witness		54	54	0	54		weak	large	candidate-unreviewed	surface grouping is diagnostic only; target identity and complete morphology require review
1224	synodal:family-candidate:0e4b1564f0a3e2f499d59397	candidate-family:synodal:family-candidate:0e4b1564f0a3e2f499d59397	synodal:family-candidate:0e4b1564f0a3e2f499d59397	іѡнаѳанꙋ	unknown	іѡнаѳанꙋ:54	54	54	54	54		untyped	target-surface	target-lexeme-identity,target-morphological-cell			54	54	0	54		weak	large	candidate-unreviewed	surface grouping is diagnostic only; target identity and complete morphology require review
1225	synodal:family-candidate:0ee9929f2dc076d95fb2dc88	candidate-family:synodal:family-candidate:0ee9929f2dc076d95fb2dc88	synodal:family-candidate:0ee9929f2dc076d95fb2dc88	любѧй	unknown	любѧй:54	54	54	54	52		untyped	target-surface	target-lexeme-identity,target-morphological-cell			54	54	0	54		weak	large	candidate-unreviewed	surface grouping is diagnostic only; target identity and complete morphology require review
1226	synodal:family-candidate:137ca03e7ba7774cb3277739	candidate-family:synodal:family-candidate:137ca03e7ba7774cb3277739	synodal:family-candidate:137ca03e7ba7774cb3277739	погибел-	unknown	погибели:54	54	54	54	54		possible-nominative-plural	target-surface	target-lexeme-identity,target-morphological-cell			54	54	0	54		weak	large	candidate-unreviewed	surface grouping is diagnostic only; target identity and complete morphology require review
1227	synodal:family-candidate:230117fb781135ffd8bfdd44	candidate-family:synodal:family-candidate:230117fb781135ffd8bfdd44	synodal:family-candidate:230117fb781135ffd8bfdd44	іѡавꙋ	unknown	іѡавꙋ:54	54	54	54	54		untyped	target-surface	target-lexeme-identity,target-morphological-cell			54	54	0	54		weak	large	candidate-unreviewed	surface grouping is diagnostic only; target identity and complete morphology require review
1228	synodal:family-candidate:391ea09b8320b59d0e400438	candidate-family:synodal:family-candidate:391ea09b8320b59d0e400438	synodal:family-candidate:391ea09b8320b59d0e400438	иоси-	unknown	іѡсіа:54	54	54	54	50		possible-nominative-feminine-or-genitive-accusative	target-surface	target-lexeme-identity,target-morphological-cell			54	54	0	54		weak	large	candidate-unreviewed	surface grouping is diagnostic only; target identity and complete morphology require review
1229	synodal:family-candidate:3946b1bf72c198e18cded84c	candidate-family:synodal:family-candidate:3946b1bf72c198e18cded84c	synodal:family-candidate:3946b1bf72c198e18cded84c	сион-	unknown	сїѡни:54	54	54	54	54		possible-nominative-plural,ud:ADJ:Case=Dat+Degree=Pos+Gender=Fem+Number=Sing+Variant=Short,ud:ADJ:Case=Nom+Degree=Pos+Gender=Masc+Number=Plur+Variant=Short	target-surface,typed-cell-candidate	target-lexeme-identity,target-morphological-cell	an OCS treebank cell requires an independent exact Synodal surface witness | more than one source-partition treebank lemma or cell matches the target surface		54	54	0	54		weak	large	candidate-unreviewed	surface grouping is diagnostic only; target identity and complete morphology require review
1230	synodal:family-candidate:3b686a3fd12adbc19c9a748b	candidate-family:synodal:family-candidate:3b686a3fd12adbc19c9a748b	synodal:family-candidate:3b686a3fd12adbc19c9a748b	воззвахъ	unknown	воззвахъ:54	54	54	54	54		untyped	target-surface	target-lexeme-identity,target-morphological-cell			54	54	0	54		weak	large	candidate-unreviewed	surface grouping is diagnostic only; target identity and complete morphology require review
1231	synodal:family-candidate:3fe67aa735d394a484e6e4b2	candidate-family:synodal:family-candidate:3fe67aa735d394a484e6e4b2	synodal:family-candidate:3fe67aa735d394a484e6e4b2	восток-	unknown	востоки:54	54	54	54	50		possible-nominative-plural	target-surface	target-lexeme-identity,target-morphological-cell			54	54	0	54		weak	large	candidate-unreviewed	surface grouping is diagnostic only; target identity and complete morphology require review
1232	synodal:family-candidate:41556f240d4152b04690940c	candidate-family:synodal:family-candidate:41556f240d4152b04690940c	synodal:family-candidate:41556f240d4152b04690940c	покры-	unknown	покрыетъ:54	54	54	54	54		possible-finite-verb	target-surface	target-lexeme-identity,target-morphological-cell			54	54	0	54		weak	large	candidate-unreviewed	surface grouping is diagnostic only; target identity and complete morphology require review
1233	synodal:family-candidate:4e9f2d90449da252290a8e7a	candidate-family:synodal:family-candidate:4e9f2d90449da252290a8e7a	synodal:family-candidate:4e9f2d90449da252290a8e7a	жертвъ	unknown	жертвъ:54	54	54	54	54		untyped	target-surface	target-lexeme-identity,target-morphological-cell			54	54	0	54		weak	large	candidate-unreviewed	surface grouping is diagnostic only; target identity and complete morphology require review
1234	synodal:family-candidate:51b7f5d7e3bbfc283453d0b5	candidate-family:synodal:family-candidate:51b7f5d7e3bbfc283453d0b5	synodal:family-candidate:51b7f5d7e3bbfc283453d0b5	жив-	unknown	живꙋтъ:54	54	54	54	54		possible-finite-verb	target-surface	target-lexeme-identity,target-morphological-cell			54	54	0	54		weak	large	candidate-unreviewed	surface grouping is diagnostic only; target identity and complete morphology require review
1235	synodal:family-candidate:5fc2d36aff56b8bd164af1f2	candidate-family:synodal:family-candidate:5fc2d36aff56b8bd164af1f2	synodal:family-candidate:5fc2d36aff56b8bd164af1f2	вмалѣ	unknown	вмалѣ:54	54	54	54	46		untyped	target-surface	target-lexeme-identity,target-morphological-cell			54	54	0	54		weak	large	candidate-unreviewed	surface grouping is diagnostic only; target identity and complete morphology require review
1236	synodal:family-candidate:6326b40918cc670b931d3067	candidate-family:synodal:family-candidate:6326b40918cc670b931d3067	synodal:family-candidate:6326b40918cc670b931d3067	беззаконныхъ	unknown	беззаконныхъ:54	54	54	54	54		untyped	target-surface	target-lexeme-identity,target-morphological-cell			54	54	0	54		weak	large	candidate-unreviewed	surface grouping is diagnostic only; target identity and complete morphology require review
1237	synodal:family-candidate:6e06d34de9ab3bf2048b7d38	candidate-family:synodal:family-candidate:6e06d34de9ab3bf2048b7d38	synodal:family-candidate:6e06d34de9ab3bf2048b7d38	ѹбиш-	unknown	ѹбиша:54	54	54	54	51		possible-nominative-feminine-or-genitive-accusative	target-surface	target-lexeme-identity,target-morphological-cell			54	54	0	54		weak	large	candidate-unreviewed	surface grouping is diagnostic only; target identity and complete morphology require review
1238	synodal:family-candidate:6fe83f87f93cd3312536342e	candidate-family:synodal:family-candidate:6fe83f87f93cd3312536342e	synodal:family-candidate:6fe83f87f93cd3312536342e	єгѵпетскїй	unknown	єгѵпетскїй:54	54	54	54	52		untyped	target-surface	target-lexeme-identity,target-morphological-cell			54	54	0	54		weak	large	candidate-unreviewed	surface grouping is diagnostic only; target identity and complete morphology require review
1239	synodal:family-candidate:76456024528d7641e7bf947c	candidate-family:synodal:family-candidate:76456024528d7641e7bf947c	synodal:family-candidate:76456024528d7641e7bf947c	уповани-	unknown	ᲂупованїе:54	54	54	54	54		possible-vocative-or-finite-verb	target-surface	target-lexeme-identity,target-morphological-cell			54	54	0	54		weak	large	candidate-unreviewed	surface grouping is diagnostic only; target identity and complete morphology require review
1240	synodal:family-candidate:7b030df9ac715aa9f28d910b	candidate-family:synodal:family-candidate:7b030df9ac715aa9f28d910b	synodal:family-candidate:7b030df9ac715aa9f28d910b	слуг-	unknown	слꙋги:54	54	54	54	52		possible-nominative-plural	target-surface	target-lexeme-identity,target-morphological-cell			54	54	0	54		weak	large	candidate-unreviewed	surface grouping is diagnostic only; target identity and complete morphology require review
1241	synodal:family-candidate:7bfd4a11f520d01fda8df50e	candidate-family:synodal:family-candidate:7bfd4a11f520d01fda8df50e	synodal:family-candidate:7bfd4a11f520d01fda8df50e	петр-	unknown	петра:54	54	54	54	53		possible-nominative-feminine-or-genitive-accusative,ud:PROPN:Case=Gen+Gender=Masc+Number=Sing	target-surface,typed-cell-candidate	target-lexeme-identity,target-morphological-cell	an OCS treebank cell requires an independent exact Synodal surface witness		54	54	0	54		weak	large	candidate-unreviewed	surface grouping is diagnostic only; target identity and complete morphology require review
1242	synodal:family-candidate:8cf7c4db271e14eed379eadb	candidate-family:synodal:family-candidate:8cf7c4db271e14eed379eadb	synodal:family-candidate:8cf7c4db271e14eed379eadb	проче-	unknown	прочее:54	54	54	54	54		possible-vocative-or-finite-verb	target-surface	target-lexeme-identity,target-morphological-cell			54	54	0	54		weak	large	candidate-unreviewed	surface grouping is diagnostic only; target identity and complete morphology require review
1243	synodal:family-candidate:99ece9d677d97121e374a80c	candidate-family:synodal:family-candidate:99ece9d677d97121e374a80c	synodal:family-candidate:99ece9d677d97121e374a80c	кумир-	unknown	кꙋміры:54	54	54	54	54		possible-nominative-plural	target-surface	target-lexeme-identity,target-morphological-cell			54	54	0	54		weak	large	candidate-unreviewed	surface grouping is diagnostic only; target identity and complete morphology require review
1244	synodal:family-candidate:9b1d40153953884a9a291add	candidate-family:synodal:family-candidate:9b1d40153953884a9a291add	synodal:family-candidate:9b1d40153953884a9a291add	колесницꙋ	unknown	колесницꙋ:54	54	54	54	48		untyped	target-surface	target-lexeme-identity,target-morphological-cell			54	54	0	54		weak	large	candidate-unreviewed	surface grouping is diagnostic only; target identity and complete morphology require review
1245	synodal:family-candidate:a2cf879f33c375addbde2062	candidate-family:synodal:family-candidate:a2cf879f33c375addbde2062	synodal:family-candidate:a2cf879f33c375addbde2062	ѻныхъ	unknown	ѻныхъ:54	54	54	54	54		untyped	target-surface	target-lexeme-identity,target-morphological-cell			54	54	0	54		weak	large	candidate-unreviewed	surface grouping is diagnostic only; target identity and complete morphology require review
1246	synodal:family-candidate:a9f18d5722c8b614c5a83eab	candidate-family:synodal:family-candidate:a9f18d5722c8b614c5a83eab	synodal:family-candidate:a9f18d5722c8b614c5a83eab	іꙋдинѣ	unknown	іꙋдинѣ:54	54	54	54	54		untyped	target-surface	target-lexeme-identity,target-morphological-cell			54	54	0	54		weak	large	candidate-unreviewed	surface grouping is diagnostic only; target identity and complete morphology require review
1247	synodal:family-candidate:b127818039caebd885c351af	candidate-family:synodal:family-candidate:b127818039caebd885c351af	synodal:family-candidate:b127818039caebd885c351af	принос-	unknown	приносити:54	54	54	54	54		possible-nominative-plural,ud:VERB:Tense=Pres+VerbForm=Inf+Voice=Act	target-surface,typed-cell-candidate	target-lexeme-identity,target-morphological-cell	an OCS treebank cell requires an independent exact Synodal surface witness		54	54	0	54		weak	large	candidate-unreviewed	surface grouping is diagnostic only; target identity and complete morphology require review
1248	synodal:family-candidate:b8cf718c3e5bea098f900ebf	candidate-family:synodal:family-candidate:b8cf718c3e5bea098f900ebf	synodal:family-candidate:b8cf718c3e5bea098f900ebf	суща-	unknown	сꙋщаѧ:54	54	54	54	50		possible-nominative-feminine-or-genitive-accusative	target-surface	target-lexeme-identity,target-morphological-cell			54	54	0	54		weak	large	candidate-unreviewed	surface grouping is diagnostic only; target identity and complete morphology require review
1249	synodal:family-candidate:be1391241640c0306322a89f	candidate-family:synodal:family-candidate:be1391241640c0306322a89f	synodal:family-candidate:be1391241640c0306322a89f	грѣшникъ	unknown	грѣшникъ:54	54	54	54	54		untyped	target-surface	target-lexeme-identity,target-morphological-cell			54	54	0	54		weak	large	candidate-unreviewed	surface grouping is diagnostic only; target identity and complete morphology require review
1250	synodal:family-candidate:c91b36f2a7e076b50675b01c	candidate-family:synodal:family-candidate:c91b36f2a7e076b50675b01c	synodal:family-candidate:c91b36f2a7e076b50675b01c	мнитс-	unknown	мнитсѧ:54	54	54	54	54		possible-nominative-feminine-or-genitive-accusative	target-surface	target-lexeme-identity,target-morphological-cell			54	54	0	54		weak	large	candidate-unreviewed	surface grouping is diagnostic only; target identity and complete morphology require review
1251	synodal:family-candidate:e65c386521a20479cc0f558b	candidate-family:synodal:family-candidate:e65c386521a20479cc0f558b	synodal:family-candidate:e65c386521a20479cc0f558b	аса	unknown	аса:54	54	54	54	48		possible-nominative-feminine-or-genitive-accusative	target-surface	target-lexeme-identity,target-morphological-cell			54	54	0	54		weak	large	candidate-unreviewed	surface grouping is diagnostic only; target identity and complete morphology require review
1252	synodal:family-candidate:09258ab3095685a0d0f6a57c	candidate-family:synodal:family-candidate:09258ab3095685a0d0f6a57c	synodal:family-candidate:09258ab3095685a0d0f6a57c	наречетс-	unknown	наречетсѧ:53	53	53	53	51		possible-nominative-feminine-or-genitive-accusative	target-surface	target-lexeme-identity,target-morphological-cell			53	53	0	53		weak	large	candidate-unreviewed	surface grouping is diagnostic only; target identity and complete morphology require review
1253	synodal:family-candidate:2260e835ddc19d88cf70fff7	candidate-family:synodal:family-candidate:2260e835ddc19d88cf70fff7	synodal:family-candidate:2260e835ddc19d88cf70fff7	ксемꙋ	unknown	ксемꙋ:53	53	53	53	49		untyped	target-surface	target-lexeme-identity,target-morphological-cell			53	53	0	53		weak	large	candidate-unreviewed	surface grouping is diagnostic only; target identity and complete morphology require review
1254	synodal:family-candidate:4fe25b60a2c1eab1dc196051	candidate-family:synodal:family-candidate:4fe25b60a2c1eab1dc196051	synodal:family-candidate:4fe25b60a2c1eab1dc196051	вавѷлѡнѣ	unknown	вавѷлѡнѣ:53	53	53	53	53		untyped	target-surface	target-lexeme-identity,target-morphological-cell			53	53	0	53		weak	large	candidate-unreviewed	surface grouping is diagnostic only; target identity and complete morphology require review
1255	synodal:family-candidate:89fc1335a64af25e7eb4d0a8	candidate-family:synodal:family-candidate:89fc1335a64af25e7eb4d0a8	synodal:family-candidate:89fc1335a64af25e7eb4d0a8	ѿдастъ	unknown	ѿдастъ:53	53	53	53	49		possible-finite-verb	target-surface	target-lexeme-identity,target-morphological-cell			53	53	0	53		weak	large	candidate-unreviewed	surface grouping is diagnostic only; target identity and complete morphology require review
1256	synodal:family-candidate:92f89c7bf43b1c7fdadf7549	candidate-family:synodal:family-candidate:92f89c7bf43b1c7fdadf7549	synodal:family-candidate:92f89c7bf43b1c7fdadf7549	убиш-	unknown	ᲂубиша:53	53	53	53	51		possible-nominative-feminine-or-genitive-accusative	target-surface	target-lexeme-identity,target-morphological-cell			53	53	0	53		weak	large	candidate-unreviewed	surface grouping is diagnostic only; target identity and complete morphology require review
1257	synodal:family-candidate:a84a4e4fb72825588a6468ed	candidate-family:synodal:family-candidate:a84a4e4fb72825588a6468ed	synodal:family-candidate:a84a4e4fb72825588a6468ed	ᲂустнѣ	unknown	ᲂустнѣ:53	53	53	53	51		untyped	target-surface	target-lexeme-identity,target-morphological-cell			53	53	0	53		weak	large	candidate-unreviewed	surface grouping is diagnostic only; target identity and complete morphology require review
1258	synodal:family-candidate:b2d2220d6a1fc47ef1cadf79	candidate-family:synodal:family-candidate:b2d2220d6a1fc47ef1cadf79	synodal:family-candidate:b2d2220d6a1fc47ef1cadf79	послѣдн-	unknown	послѣднихъ:53	53	53	53	53		possible-genitive-or-locative-plural	target-surface	target-lexeme-identity,target-morphological-cell			53	53	0	53		weak	large	candidate-unreviewed	surface grouping is diagnostic only; target identity and complete morphology require review
1259	synodal:family-candidate:c5ab9b9c20c4b981968d4b06	candidate-family:synodal:family-candidate:c5ab9b9c20c4b981968d4b06	synodal:family-candidate:c5ab9b9c20c4b981968d4b06	отнелѣж-	unknown	ѿнелѣже:53	53	53	53	53		possible-vocative-or-finite-verb	target-surface	target-lexeme-identity,target-morphological-cell			53	53	0	53		weak	large	candidate-unreviewed	surface grouping is diagnostic only; target identity and complete morphology require review
1260	synodal:family-candidate:ce5d733c0d6e786fbe9c1fd5	candidate-family:synodal:family-candidate:ce5d733c0d6e786fbe9c1fd5	synodal:family-candidate:ce5d733c0d6e786fbe9c1fd5	ѕвѣрей	unknown	ѕвѣрей:53	53	53	53	51		untyped	target-surface	target-lexeme-identity,target-morphological-cell			53	53	0	53		weak	large	candidate-unreviewed	surface grouping is diagnostic only; target identity and complete morphology require review
1261	synodal:family-candidate:d35d0bcd5753db9b257b271e	candidate-family:synodal:family-candidate:d35d0bcd5753db9b257b271e	synodal:family-candidate:d35d0bcd5753db9b257b271e	срєбрѧн-	unknown	срєбрѧны:53	53	53	53	47		possible-nominative-plural	target-surface	target-lexeme-identity,target-morphological-cell			53	53	0	53		weak	large	candidate-unreviewed	surface grouping is diagnostic only; target identity and complete morphology require review
1262	synodal:family-candidate:dcf92f95dde19e85fb46dbca	candidate-family:synodal:family-candidate:dcf92f95dde19e85fb46dbca	synodal:family-candidate:dcf92f95dde19e85fb46dbca	крѣпко-	unknown	крѣпкою:53	53	53	53	53		untyped	target-surface	target-lexeme-identity,target-morphological-cell			53	53	0	53		weak	large	candidate-unreviewed	surface grouping is diagnostic only; target identity and complete morphology require review
1263	synodal:family-candidate:ee3d3d39834ebe37097f917e	candidate-family:synodal:family-candidate:ee3d3d39834ebe37097f917e	synodal:family-candidate:ee3d3d39834ebe37097f917e	вол-	unknown	волы:53	53	53	53	53		possible-nominative-plural	target-surface	target-lexeme-identity,target-morphological-cell			53	53	0	53		weak	large	candidate-unreviewed	surface grouping is diagnostic only; target identity and complete morphology require review
1264	synodal:family-candidate:f9723cbe341399f342365041	candidate-family:synodal:family-candidate:f9723cbe341399f342365041	synodal:family-candidate:f9723cbe341399f342365041	умре-	unknown	ᲂумрети:53	53	53	53	53		possible-nominative-plural	target-surface	target-lexeme-identity,target-morphological-cell			53	53	0	53		weak	large	candidate-unreviewed	surface grouping is diagnostic only; target identity and complete morphology require review
1265	synodal:family-candidate:0473adc2c219bfccd37b2427	candidate-family:synodal:family-candidate:0473adc2c219bfccd37b2427	synodal:family-candidate:0473adc2c219bfccd37b2427	оскудѣш-	unknown	ѡскꙋдѣша:52	52	52	52	48		possible-nominative-feminine-or-genitive-accusative	target-surface	target-lexeme-identity,target-morphological-cell			52	52	0	52		weak	large	candidate-unreviewed	surface grouping is diagnostic only; target identity and complete morphology require review
1266	synodal:family-candidate:0f1136a54cc348e1dd3753a5	candidate-family:synodal:family-candidate:0f1136a54cc348e1dd3753a5	synodal:family-candidate:0f1136a54cc348e1dd3753a5	ѿимꙋ	unknown	ѿимꙋ:52	52	52	52	52		untyped	target-surface	target-lexeme-identity,target-morphological-cell			52	52	0	52		weak	large	candidate-unreviewed	surface grouping is diagnostic only; target identity and complete morphology require review
1267	synodal:family-candidate:1870bb516ddd4fec5e5f8273	candidate-family:synodal:family-candidate:1870bb516ddd4fec5e5f8273	synodal:family-candidate:1870bb516ddd4fec5e5f8273	ѿвѣтъ	unknown	ѿвѣтъ:52	52	52	52	52		possible-finite-verb	target-surface	target-lexeme-identity,target-morphological-cell			52	52	0	52		weak	large	candidate-unreviewed	surface grouping is diagnostic only; target identity and complete morphology require review
1268	synodal:family-candidate:2255991e4776df474db0408a	candidate-family:synodal:family-candidate:2255991e4776df474db0408a	synodal:family-candidate:2255991e4776df474db0408a	залогъ	unknown	залогъ:52	52	52	52	50		untyped	target-surface	target-lexeme-identity,target-morphological-cell			52	52	0	52		weak	large	candidate-unreviewed	surface grouping is diagnostic only; target identity and complete morphology require review
1269	synodal:family-candidate:2d3e09f263c811aabfc30d7c	candidate-family:synodal:family-candidate:2d3e09f263c811aabfc30d7c	synodal:family-candidate:2d3e09f263c811aabfc30d7c	десѧтый	unknown	десѧтый:52	52	52	52	48		untyped	target-surface	target-lexeme-identity,target-morphological-cell			52	52	0	52		weak	large	candidate-unreviewed	surface grouping is diagnostic only; target identity and complete morphology require review
1270	synodal:family-candidate:2f7d66c6a2741585ad60281e	candidate-family:synodal:family-candidate:2f7d66c6a2741585ad60281e	synodal:family-candidate:2f7d66c6a2741585ad60281e	сказани-	unknown	сказанїе:52	52	52	52	48		possible-vocative-or-finite-verb	target-surface	target-lexeme-identity,target-morphological-cell			52	52	0	52		weak	large	candidate-unreviewed	surface grouping is diagnostic only; target identity and complete morphology require review
1271	synodal:family-candidate:300b0990a08f1ba713b98a6b	candidate-family:synodal:family-candidate:300b0990a08f1ba713b98a6b	synodal:family-candidate:300b0990a08f1ba713b98a6b	вход-	unknown	входити:52	52	52	52	52		possible-nominative-plural	target-surface	target-lexeme-identity,target-morphological-cell			52	52	0	52		weak	large	candidate-unreviewed	surface grouping is diagnostic only; target identity and complete morphology require review
1272	synodal:family-candidate:433cfdd291cc4168d12ef5e8	candidate-family:synodal:family-candidate:433cfdd291cc4168d12ef5e8	synodal:family-candidate:433cfdd291cc4168d12ef5e8	покажꙋ	unknown	покажꙋ:52	52	52	52	52		untyped	target-surface	target-lexeme-identity,target-morphological-cell			52	52	0	52		weak	large	candidate-unreviewed	surface grouping is diagnostic only; target identity and complete morphology require review
1273	synodal:family-candidate:45f83e0768d46069a40d8717	candidate-family:synodal:family-candidate:45f83e0768d46069a40d8717	synodal:family-candidate:45f83e0768d46069a40d8717	творѧщи-	unknown	творѧщїи:52	52	52	52	52		possible-nominative-plural	target-surface	target-lexeme-identity,target-morphological-cell			52	52	0	52		weak	large	candidate-unreviewed	surface grouping is diagnostic only; target identity and complete morphology require review
1274	synodal:family-candidate:4bee74bba9739912a0afd8a9	candidate-family:synodal:family-candidate:4bee74bba9739912a0afd8a9	synodal:family-candidate:4bee74bba9739912a0afd8a9	воспо-	unknown	воспою:52	52	52	52	50		untyped	target-surface	target-lexeme-identity,target-morphological-cell			52	52	0	52		weak	large	candidate-unreviewed	surface grouping is diagnostic only; target identity and complete morphology require review
1275	synodal:family-candidate:547b4b61db5e91187902b782	candidate-family:synodal:family-candidate:547b4b61db5e91187902b782	synodal:family-candidate:547b4b61db5e91187902b782	самѱѡнъ	unknown	самѱѡнъ:52	52	52	52	50		untyped	target-surface	target-lexeme-identity,target-morphological-cell			52	52	0	52		weak	large	candidate-unreviewed	surface grouping is diagnostic only; target identity and complete morphology require review
1276	synodal:family-candidate:57c31a80168c295da5fcef8b	candidate-family:synodal:family-candidate:57c31a80168c295da5fcef8b	synodal:family-candidate:57c31a80168c295da5fcef8b	радуйтес-	unknown	радꙋйтесѧ:52	52	52	52	48		possible-nominative-feminine-or-genitive-accusative	target-surface	target-lexeme-identity,target-morphological-cell			52	52	0	52		weak	large	candidate-unreviewed	surface grouping is diagnostic only; target identity and complete morphology require review
1277	synodal:family-candidate:5e1b3daa7ab76e7520ba14e3	candidate-family:synodal:family-candidate:5e1b3daa7ab76e7520ba14e3	synodal:family-candidate:5e1b3daa7ab76e7520ba14e3	ближнемꙋ	unknown	ближнемꙋ:52	52	52	52	52		untyped	target-surface	target-lexeme-identity,target-morphological-cell			52	52	0	52		weak	large	candidate-unreviewed	surface grouping is diagnostic only; target identity and complete morphology require review
1278	synodal:family-candidate:6b816b42499113dda8df81ff	candidate-family:synodal:family-candidate:6b816b42499113dda8df81ff	synodal:family-candidate:6b816b42499113dda8df81ff	дадес-	unknown	дадесѧ:52	52	52	52	52		possible-nominative-feminine-or-genitive-accusative	target-surface	target-lexeme-identity,target-morphological-cell			52	52	0	52		weak	large	candidate-unreviewed	surface grouping is diagnostic only; target identity and complete morphology require review
1279	synodal:family-candidate:8421f1466d9a50ee8d4e6087	candidate-family:synodal:family-candidate:8421f1466d9a50ee8d4e6087	synodal:family-candidate:8421f1466d9a50ee8d4e6087	великомꙋ	unknown	великомꙋ:52	52	52	52	50		untyped	target-surface	target-lexeme-identity,target-morphological-cell			52	52	0	52		weak	large	candidate-unreviewed	surface grouping is diagnostic only; target identity and complete morphology require review
1280	synodal:family-candidate:87578668e6f428ad5ff95361	candidate-family:synodal:family-candidate:87578668e6f428ad5ff95361	synodal:family-candidate:87578668e6f428ad5ff95361	сует-	unknown	сꙋета:52	52	52	52	44		possible-nominative-feminine-or-genitive-accusative	target-surface	target-lexeme-identity,target-morphological-cell			52	52	0	52		weak	large	candidate-unreviewed	surface grouping is diagnostic only; target identity and complete morphology require review
1281	synodal:family-candidate:8a9189a8745af37d1af59213	candidate-family:synodal:family-candidate:8a9189a8745af37d1af59213	synodal:family-candidate:8a9189a8745af37d1af59213	ѻнагѡ	unknown	ѻнагѡ:52	52	52	52	52		untyped	target-surface	target-lexeme-identity,target-morphological-cell			52	52	0	52		weak	large	candidate-unreviewed	surface grouping is diagnostic only; target identity and complete morphology require review
1282	synodal:family-candidate:8c7bc9d91eb98f078c1651a3	candidate-family:synodal:family-candidate:8c7bc9d91eb98f078c1651a3	synodal:family-candidate:8c7bc9d91eb98f078c1651a3	іерей	unknown	іерей:52	52	52	52	52		untyped	target-surface	target-lexeme-identity,target-morphological-cell			52	52	0	52		weak	large	candidate-unreviewed	surface grouping is diagnostic only; target identity and complete morphology require review
1283	synodal:family-candidate:8f5ed42d2517605364eef877	candidate-family:synodal:family-candidate:8f5ed42d2517605364eef877	synodal:family-candidate:8f5ed42d2517605364eef877	иноплеменникъ	unknown	иноплеменникъ:52	52	52	52	50		untyped	target-surface	target-lexeme-identity,target-morphological-cell			52	52	0	52		weak	large	candidate-unreviewed	surface grouping is diagnostic only; target identity and complete morphology require review
1284	synodal:family-candidate:975ab3ad466c513a9086bdf2	candidate-family:synodal:family-candidate:975ab3ad466c513a9086bdf2	synodal:family-candidate:975ab3ad466c513a9086bdf2	мерзос-	unknown	мерзѡсти:52	52	52	52	52		possible-nominative-plural	target-surface	target-lexeme-identity,target-morphological-cell			52	52	0	52		weak	large	candidate-unreviewed	surface grouping is diagnostic only; target identity and complete morphology require review
1285	synodal:family-candidate:9dfdc45fe29b92c3c7163fe8	candidate-family:synodal:family-candidate:9dfdc45fe29b92c3c7163fe8	synodal:family-candidate:9dfdc45fe29b92c3c7163fe8	возлюбленни-	unknown	возлюбленнїи:52	52	52	52	52		possible-nominative-plural	target-surface	target-lexeme-identity,target-morphological-cell			52	52	0	52		weak	large	candidate-unreviewed	surface grouping is diagnostic only; target identity and complete morphology require review
1286	synodal:family-candidate:9ed3f60cd90f0d1362acd90d	candidate-family:synodal:family-candidate:9ed3f60cd90f0d1362acd90d	synodal:family-candidate:9ed3f60cd90f0d1362acd90d	ѡбразꙋ	unknown	ѡбразꙋ:52	52	52	52	48		untyped	target-surface	target-lexeme-identity,target-morphological-cell			52	52	0	52		weak	large	candidate-unreviewed	surface grouping is diagnostic only; target identity and complete morphology require review
1287	synodal:family-candidate:a883efaf9ac99b834d96665c	candidate-family:synodal:family-candidate:a883efaf9ac99b834d96665c	synodal:family-candidate:a883efaf9ac99b834d96665c	посѣщꙋ	unknown	посѣщꙋ:52	52	52	52	52		untyped	target-surface	target-lexeme-identity,target-morphological-cell			52	52	0	52		weak	large	candidate-unreviewed	surface grouping is diagnostic only; target identity and complete morphology require review
1288	synodal:family-candidate:af99f28b5ee4961807cba19e	candidate-family:synodal:family-candidate:af99f28b5ee4961807cba19e	synodal:family-candidate:af99f28b5ee4961807cba19e	очищени-	unknown	ѡчищенїѧ:52	52	52	52	52		possible-nominative-feminine-or-genitive-accusative	target-surface	target-lexeme-identity,target-morphological-cell			52	52	0	52		weak	large	candidate-unreviewed	surface grouping is diagnostic only; target identity and complete morphology require review
1289	synodal:family-candidate:afbb1d628b54ff8adfe67e2c	candidate-family:synodal:family-candidate:afbb1d628b54ff8adfe67e2c	synodal:family-candidate:afbb1d628b54ff8adfe67e2c	отиметс-	unknown	ѿиметсѧ:52	52	52	52	49		possible-nominative-feminine-or-genitive-accusative	target-surface	target-lexeme-identity,target-morphological-cell			52	52	0	52		weak	large	candidate-unreviewed	surface grouping is diagnostic only; target identity and complete morphology require review
1290	synodal:family-candidate:bc63b5f0b98dd46a76d1d4b8	candidate-family:synodal:family-candidate:bc63b5f0b98dd46a76d1d4b8	synodal:family-candidate:bc63b5f0b98dd46a76d1d4b8	щит-	unknown	щиты:52	52	52	52	52		possible-nominative-plural	target-surface	target-lexeme-identity,target-morphological-cell			52	52	0	52		weak	large	candidate-unreviewed	surface grouping is diagnostic only; target identity and complete morphology require review
1291	synodal:family-candidate:c2fd3f2f77f3b236290f8e24	candidate-family:synodal:family-candidate:c2fd3f2f77f3b236290f8e24	synodal:family-candidate:c2fd3f2f77f3b236290f8e24	сказ-	unknown	сказа:52	52	52	52	52		possible-nominative-feminine-or-genitive-accusative	target-surface	target-lexeme-identity,target-morphological-cell			52	52	0	52		weak	large	candidate-unreviewed	surface grouping is diagnostic only; target identity and complete morphology require review
1292	synodal:family-candidate:c65bbf068a212f500aa7823a	candidate-family:synodal:family-candidate:c65bbf068a212f500aa7823a	synodal:family-candidate:c65bbf068a212f500aa7823a	нечестив-	unknown	нечестивагѡ:52	52	52	52	52		untyped	target-surface	target-lexeme-identity,target-morphological-cell			52	52	0	52		weak	large	candidate-unreviewed	surface grouping is diagnostic only; target identity and complete morphology require review
1293	synodal:family-candidate:c801e12a76bd4e1e8de3fbac	candidate-family:synodal:family-candidate:c801e12a76bd4e1e8de3fbac	synodal:family-candidate:c801e12a76bd4e1e8de3fbac	исполнени-	unknown	исполненїе:52	52	52	52	52		possible-vocative-or-finite-verb	target-surface	target-lexeme-identity,target-morphological-cell			52	52	0	52		weak	large	candidate-unreviewed	surface grouping is diagnostic only; target identity and complete morphology require review
1294	synodal:family-candidate:d6ab3ef4ff0bb2f803428636	candidate-family:synodal:family-candidate:d6ab3ef4ff0bb2f803428636	synodal:family-candidate:d6ab3ef4ff0bb2f803428636	всесожженїй	unknown	всесожженїй:52	52	52	52	50		untyped	target-surface	target-lexeme-identity,target-morphological-cell			52	52	0	52		weak	large	candidate-unreviewed	surface grouping is diagnostic only; target identity and complete morphology require review
1295	synodal:family-candidate:da1558fcd82cb7a39416475f	candidate-family:synodal:family-candidate:da1558fcd82cb7a39416475f	synodal:family-candidate:da1558fcd82cb7a39416475f	побѣг-	unknown	побѣгоша:52	52	52	52	50		possible-nominative-feminine-or-genitive-accusative	target-surface	target-lexeme-identity,target-morphological-cell			52	52	0	52		weak	large	candidate-unreviewed	surface grouping is diagnostic only; target identity and complete morphology require review
1296	synodal:family-candidate:da3e6c40bfcb40df18705fd8	candidate-family:synodal:family-candidate:da3e6c40bfcb40df18705fd8	synodal:family-candidate:da3e6c40bfcb40df18705fd8	пепелъ	unknown	пепелъ:52	52	52	52	52		ud:NOUN:Case=Acc+Gender=Masc+Number=Sing,untyped	target-surface,typed-cell-candidate	target-lexeme-identity,target-morphological-cell	an OCS treebank cell requires an independent exact Synodal surface witness		52	52	0	52		weak	large	candidate-unreviewed	surface grouping is diagnostic only; target identity and complete morphology require review
1297	synodal:family-candidate:e3277f3a2fca5d4adee70b3f	candidate-family:synodal:family-candidate:e3277f3a2fca5d4adee70b3f	synodal:family-candidate:e3277f3a2fca5d4adee70b3f	мысл-	unknown	мысли:52	52	52	52	50		possible-nominative-plural	target-surface	target-lexeme-identity,target-morphological-cell			52	52	0	52		weak	large	candidate-unreviewed	surface grouping is diagnostic only; target identity and complete morphology require review
1298	synodal:family-candidate:e9664f619e70a51627226922	candidate-family:synodal:family-candidate:e9664f619e70a51627226922	synodal:family-candidate:e9664f619e70a51627226922	рождени-	unknown	рожденїѧ:52	52	52	52	52		possible-nominative-feminine-or-genitive-accusative	target-surface	target-lexeme-identity,target-morphological-cell			52	52	0	52		weak	large	candidate-unreviewed	surface grouping is diagnostic only; target identity and complete morphology require review
1299	synodal:family-candidate:ec9aedd1d9a9ba8881645406	candidate-family:synodal:family-candidate:ec9aedd1d9a9ba8881645406	synodal:family-candidate:ec9aedd1d9a9ba8881645406	ливан-	unknown	лївана:52	52	52	52	48		possible-nominative-feminine-or-genitive-accusative,ud:PROPN:Case=Gen+Gender=Masc+Number=Sing	target-surface,typed-cell-candidate	target-lexeme-identity,target-morphological-cell	an OCS treebank cell requires an independent exact Synodal surface witness		52	52	0	52		weak	large	candidate-unreviewed	surface grouping is diagnostic only; target identity and complete morphology require review
1300	synodal:family-candidate:f97f0f30c47c441799cf7e58	candidate-family:synodal:family-candidate:f97f0f30c47c441799cf7e58	synodal:family-candidate:f97f0f30c47c441799cf7e58	призр-	unknown	призри:52	52	52	52	50		possible-nominative-plural	target-surface	target-lexeme-identity,target-morphological-cell			52	52	0	52		weak	large	candidate-unreviewed	surface grouping is diagnostic only; target identity and complete morphology require review
1301	synodal:family-candidate:01e1eb25219eb84fbc6bb202	candidate-family:synodal:family-candidate:01e1eb25219eb84fbc6bb202	synodal:family-candidate:01e1eb25219eb84fbc6bb202	ѹслышаш-	unknown	ѹслышаша:51	51	51	51	51		possible-nominative-feminine-or-genitive-accusative	target-surface	target-lexeme-identity,target-morphological-cell			51	51	0	51		weak	large	candidate-unreviewed	surface grouping is diagnostic only; target identity and complete morphology require review
1302	synodal:family-candidate:3b8ae64e293d75b90f4a09c6	candidate-family:synodal:family-candidate:3b8ae64e293d75b90f4a09c6	synodal:family-candidate:3b8ae64e293d75b90f4a09c6	богатств-	unknown	богатства:51	51	51	51	51		possible-nominative-feminine-or-genitive-accusative	target-surface	target-lexeme-identity,target-morphological-cell			51	51	0	51		weak	large	candidate-unreviewed	surface grouping is diagnostic only; target identity and complete morphology require review
1303	synodal:family-candidate:41bede006f85d32234944894	candidate-family:synodal:family-candidate:41bede006f85d32234944894	synodal:family-candidate:41bede006f85d32234944894	востанит-	unknown	востаните:51	51	51	51	51		possible-vocative-or-finite-verb	target-surface	target-lexeme-identity,target-morphological-cell			51	51	0	51		weak	large	candidate-unreviewed	surface grouping is diagnostic only; target identity and complete morphology require review
1304	synodal:family-candidate:42fe5cd4ee5749e6c6b24b93	candidate-family:synodal:family-candidate:42fe5cd4ee5749e6c6b24b93	synodal:family-candidate:42fe5cd4ee5749e6c6b24b93	ѹмре-	unknown	ѹмрети:51	51	51	51	51		possible-nominative-plural	target-surface	target-lexeme-identity,target-morphological-cell			51	51	0	51		weak	large	candidate-unreviewed	surface grouping is diagnostic only; target identity and complete morphology require review
1305	synodal:family-candidate:47cf6c6efd74d267195fa290	candidate-family:synodal:family-candidate:47cf6c6efd74d267195fa290	synodal:family-candidate:47cf6c6efd74d267195fa290	нечєсти-	unknown	нечєстїѧ:51	51	51	51	51		possible-nominative-feminine-or-genitive-accusative	target-surface	target-lexeme-identity,target-morphological-cell			51	51	0	51		weak	large	candidate-unreviewed	surface grouping is diagnostic only; target identity and complete morphology require review
1306	synodal:family-candidate:4c400fe9dc960486f625359c	candidate-family:synodal:family-candidate:4c400fe9dc960486f625359c	synodal:family-candidate:4c400fe9dc960486f625359c	скончаетс-	unknown	скончаетсѧ:51	51	51	51	51		possible-nominative-feminine-or-genitive-accusative	target-surface	target-lexeme-identity,target-morphological-cell			51	51	0	51		weak	large	candidate-unreviewed	surface grouping is diagnostic only; target identity and complete morphology require review
1307	synodal:family-candidate:6149e0db2ce59c6e11349884	candidate-family:synodal:family-candidate:6149e0db2ce59c6e11349884	synodal:family-candidate:6149e0db2ce59c6e11349884	исполнитс-	unknown	исполнитсѧ:51	51	51	51	49		possible-nominative-feminine-or-genitive-accusative	target-surface	target-lexeme-identity,target-morphological-cell			51	51	0	51		weak	large	candidate-unreviewed	surface grouping is diagnostic only; target identity and complete morphology require review
1308	synodal:family-candidate:7827c52b5b5dbcca7966e6ed	candidate-family:synodal:family-candidate:7827c52b5b5dbcca7966e6ed	synodal:family-candidate:7827c52b5b5dbcca7966e6ed	возглас-	unknown	возгласи:51	51	51	51	50		possible-nominative-plural	target-surface	target-lexeme-identity,target-morphological-cell			51	51	0	51		weak	large	candidate-unreviewed	surface grouping is diagnostic only; target identity and complete morphology require review
1309	synodal:family-candidate:96b3afbf00ea609ffe44b7d4	candidate-family:synodal:family-candidate:96b3afbf00ea609ffe44b7d4	synodal:family-candidate:96b3afbf00ea609ffe44b7d4	ирѡдъ	unknown	ирѡдъ:51	51	51	51	46		ud:PROPN:Case=Nom+Gender=Masc+Number=Sing,untyped	target-surface,typed-cell-candidate	target-lexeme-identity,target-morphological-cell	an OCS treebank cell requires an independent exact Synodal surface witness		51	51	0	51		weak	large	candidate-unreviewed	surface grouping is diagnostic only; target identity and complete morphology require review
1310	synodal:family-candidate:b508c0c0ef6f2390f66edf5e	candidate-family:synodal:family-candidate:b508c0c0ef6f2390f66edf5e	synodal:family-candidate:b508c0c0ef6f2390f66edf5e	очиститс-	unknown	ѡчиститсѧ:51	51	51	51	47		possible-nominative-feminine-or-genitive-accusative	target-surface	target-lexeme-identity,target-morphological-cell			51	51	0	51		weak	large	candidate-unreviewed	surface grouping is diagnostic only; target identity and complete morphology require review
1311	synodal:family-candidate:bc442abc2969549926dfb714	candidate-family:synodal:family-candidate:bc442abc2969549926dfb714	synodal:family-candidate:bc442abc2969549926dfb714	стꙋдъ	unknown	стꙋдъ:51	51	51	51	51		untyped	target-surface	target-lexeme-identity,target-morphological-cell			51	51	0	51		weak	large	candidate-unreviewed	surface grouping is diagnostic only; target identity and complete morphology require review
1312	synodal:family-candidate:c8f32b3e392ea5ecf3902d65	candidate-family:synodal:family-candidate:c8f32b3e392ea5ecf3902d65	synodal:family-candidate:c8f32b3e392ea5ecf3902d65	взыщꙋ	unknown	взыщꙋ:51	51	51	51	47		untyped	target-surface	target-lexeme-identity,target-morphological-cell			51	51	0	51		weak	large	candidate-unreviewed	surface grouping is diagnostic only; target identity and complete morphology require review
1313	synodal:family-candidate:d2e1da04ddfcf0ba58623963	candidate-family:synodal:family-candidate:d2e1da04ddfcf0ba58623963	synodal:family-candidate:d2e1da04ddfcf0ba58623963	чꙋждимъ	unknown	чꙋждимъ:51	51	51	51	49		untyped	target-surface	target-lexeme-identity,target-morphological-cell			51	51	0	51		weak	large	candidate-unreviewed	surface grouping is diagnostic only; target identity and complete morphology require review
1314	synodal:family-candidate:f545cf2e8906d97df6f723ac	candidate-family:synodal:family-candidate:f545cf2e8906d97df6f723ac	synodal:family-candidate:f545cf2e8906d97df6f723ac	воставш-	unknown	воставше:51	51	51	51	51		possible-vocative-or-finite-verb	target-surface	target-lexeme-identity,target-morphological-cell			51	51	0	51		weak	large	candidate-unreviewed	surface grouping is diagnostic only; target identity and complete morphology require review
1315	synodal:family-candidate:03a009f755aec01e0909e9aa	candidate-family:synodal:family-candidate:03a009f755aec01e0909e9aa	synodal:family-candidate:03a009f755aec01e0909e9aa	сімѡнꙋ	unknown	сімѡнꙋ:50	50	50	50	50		untyped	target-surface	target-lexeme-identity,target-morphological-cell			50	50	0	50		weak	large	candidate-unreviewed	surface grouping is diagnostic only; target identity and complete morphology require review
1316	synodal:family-candidate:0566dec3ac9aff7662ede563	candidate-family:synodal:family-candidate:0566dec3ac9aff7662ede563	synodal:family-candidate:0566dec3ac9aff7662ede563	вѷссон-	unknown	вѷссона:50	50	50	50	38		possible-nominative-feminine-or-genitive-accusative	target-surface	target-lexeme-identity,target-morphological-cell			50	50	0	50		weak	large	candidate-unreviewed	surface grouping is diagnostic only; target identity and complete morphology require review
1317	synodal:family-candidate:118cece14de7c0b81c25372b	candidate-family:synodal:family-candidate:118cece14de7c0b81c25372b	synodal:family-candidate:118cece14de7c0b81c25372b	дамаскъ	unknown	дамаскъ:50	50	50	50	48		untyped	target-surface	target-lexeme-identity,target-morphological-cell			50	50	0	50		weak	large	candidate-unreviewed	surface grouping is diagnostic only; target identity and complete morphology require review
1318	synodal:family-candidate:1e3d0f977583a73fffb72be0	candidate-family:synodal:family-candidate:1e3d0f977583a73fffb72be0	synodal:family-candidate:1e3d0f977583a73fffb72be0	халевъ	unknown	халевъ:50	50	50	50	50		untyped	target-surface	target-lexeme-identity,target-morphological-cell			50	50	0	50		weak	large	candidate-unreviewed	surface grouping is diagnostic only; target identity and complete morphology require review
1319	synodal:family-candidate:2a36d0e12811a735523366c8	candidate-family:synodal:family-candidate:2a36d0e12811a735523366c8	synodal:family-candidate:2a36d0e12811a735523366c8	всѧкой	unknown	всѧкой:50	50	50	50	46		untyped	target-surface	target-lexeme-identity,target-morphological-cell			50	50	0	50		weak	large	candidate-unreviewed	surface grouping is diagnostic only; target identity and complete morphology require review
1320	synodal:family-candidate:5505c1671a92670e48a556d5	candidate-family:synodal:family-candidate:5505c1671a92670e48a556d5	synodal:family-candidate:5505c1671a92670e48a556d5	поѧд-	unknown	поѧде:50	50	50	50	48		possible-vocative-or-finite-verb	target-surface	target-lexeme-identity,target-morphological-cell			50	50	0	50		weak	large	candidate-unreviewed	surface grouping is diagnostic only; target identity and complete morphology require review
1321	synodal:family-candidate:65714521935f1944bfebe287	candidate-family:synodal:family-candidate:65714521935f1944bfebe287	synodal:family-candidate:65714521935f1944bfebe287	обрѧщ-	unknown	ѡбрѧщꙋтъ:50	50	50	50	50		possible-finite-verb	target-surface	target-lexeme-identity,target-morphological-cell			50	50	0	50		weak	large	candidate-unreviewed	surface grouping is diagnostic only; target identity and complete morphology require review
1322	synodal:family-candidate:663df933e9b25870d4232ac8	candidate-family:synodal:family-candidate:663df933e9b25870d4232ac8	synodal:family-candidate:663df933e9b25870d4232ac8	пресел-	unknown	пресели:50	50	50	50	48		possible-nominative-plural	target-surface	target-lexeme-identity,target-morphological-cell			50	50	0	50		weak	large	candidate-unreviewed	surface grouping is diagnostic only; target identity and complete morphology require review
1323	synodal:family-candidate:6eb5bdbcdd5aa16839c0ae99	candidate-family:synodal:family-candidate:6eb5bdbcdd5aa16839c0ae99	synodal:family-candidate:6eb5bdbcdd5aa16839c0ae99	услышаш-	unknown	ᲂуслышаша:50	50	50	50	50		possible-nominative-feminine-or-genitive-accusative	target-surface	target-lexeme-identity,target-morphological-cell			50	50	0	50		weak	large	candidate-unreviewed	surface grouping is diagnostic only; target identity and complete morphology require review
1324	synodal:family-candidate:72d0e2e50c19a25a4d860aa0	candidate-family:synodal:family-candidate:72d0e2e50c19a25a4d860aa0	synodal:family-candidate:72d0e2e50c19a25a4d860aa0	вверж-	unknown	вверже:50	50	50	50	48		possible-vocative-or-finite-verb	target-surface	target-lexeme-identity,target-morphological-cell			50	50	0	50		weak	large	candidate-unreviewed	surface grouping is diagnostic only; target identity and complete morphology require review
1325	synodal:family-candidate:7511b8e5c0dc52f9ba4b3487	candidate-family:synodal:family-candidate:7511b8e5c0dc52f9ba4b3487	synodal:family-candidate:7511b8e5c0dc52f9ba4b3487	єгѵпетск-	unknown	єгѵпетска:50	50	50	50	48		possible-nominative-feminine-or-genitive-accusative	target-surface	target-lexeme-identity,target-morphological-cell			50	50	0	50		weak	large	candidate-unreviewed	surface grouping is diagnostic only; target identity and complete morphology require review
1326	synodal:family-candidate:76efe11eb59cdacbf70a9a06	candidate-family:synodal:family-candidate:76efe11eb59cdacbf70a9a06	synodal:family-candidate:76efe11eb59cdacbf70a9a06	купл-	unknown	кꙋплю:50	50	50	50	48		untyped	target-surface	target-lexeme-identity,target-morphological-cell			50	50	0	50		weak	large	candidate-unreviewed	surface grouping is diagnostic only; target identity and complete morphology require review
1327	synodal:family-candidate:844828d37aa8b03a3d0be08e	candidate-family:synodal:family-candidate:844828d37aa8b03a3d0be08e	synodal:family-candidate:844828d37aa8b03a3d0be08e	ассѷрійскїй	unknown	ассѷрійскїй:50	50	50	50	48		untyped	target-surface	target-lexeme-identity,target-morphological-cell			50	50	0	50		weak	large	candidate-unreviewed	surface grouping is diagnostic only; target identity and complete morphology require review
1328	synodal:family-candidate:85cc23594080d2fadc6a2072	candidate-family:synodal:family-candidate:85cc23594080d2fadc6a2072	synodal:family-candidate:85cc23594080d2fadc6a2072	воев-	unknown	воевати:50	50	50	50	50		possible-nominative-plural	target-surface	target-lexeme-identity,target-morphological-cell			50	50	0	50		weak	large	candidate-unreviewed	surface grouping is diagnostic only; target identity and complete morphology require review
1329	synodal:family-candidate:870e99a5da4939d973a941cf	candidate-family:synodal:family-candidate:870e99a5da4939d973a941cf	synodal:family-candidate:870e99a5da4939d973a941cf	ꙗзв-	unknown	ꙗзвы:50	50	50	50	42		possible-nominative-plural	target-surface	target-lexeme-identity,target-morphological-cell			50	50	0	50		weak	large	candidate-unreviewed	surface grouping is diagnostic only; target identity and complete morphology require review
1330	synodal:family-candidate:8843473aa96e9caa1a5170c2	candidate-family:synodal:family-candidate:8843473aa96e9caa1a5170c2	synodal:family-candidate:8843473aa96e9caa1a5170c2	седм-	unknown	седмагѡ:50	50	50	50	50		untyped	target-surface	target-lexeme-identity,target-morphological-cell			50	50	0	50		weak	large	candidate-unreviewed	surface grouping is diagnostic only; target identity and complete morphology require review
1331	synodal:family-candidate:8860da3d937260df19114cbf	candidate-family:synodal:family-candidate:8860da3d937260df19114cbf	synodal:family-candidate:8860da3d937260df19114cbf	создаш-	unknown	создаша:50	50	50	50	48		possible-nominative-feminine-or-genitive-accusative	target-surface	target-lexeme-identity,target-morphological-cell			50	50	0	50		weak	large	candidate-unreviewed	surface grouping is diagnostic only; target identity and complete morphology require review
1332	synodal:family-candidate:89efcfc1f62bbf6677fbd562	candidate-family:synodal:family-candidate:89efcfc1f62bbf6677fbd562	synodal:family-candidate:89efcfc1f62bbf6677fbd562	ѹвѣд-	unknown	ѹвѣдѧтъ:50	50	50	50	49		possible-finite-verb	target-surface	target-lexeme-identity,target-morphological-cell			50	50	0	50		weak	large	candidate-unreviewed	surface grouping is diagnostic only; target identity and complete morphology require review
1333	synodal:family-candidate:8c045bd658eb8f467ed45e25	candidate-family:synodal:family-candidate:8c045bd658eb8f467ed45e25	synodal:family-candidate:8c045bd658eb8f467ed45e25	воозъ	unknown	воозъ:50	50	50	50	44		untyped	target-surface	target-lexeme-identity,target-morphological-cell			50	50	0	50		weak	large	candidate-unreviewed	surface grouping is diagnostic only; target identity and complete morphology require review
1334	synodal:family-candidate:92d93fbce0153a0095a93302	candidate-family:synodal:family-candidate:92d93fbce0153a0095a93302	synodal:family-candidate:92d93fbce0153a0095a93302	вселенну-	unknown	вселеннꙋю:50	50	50	50	50		untyped	target-surface	target-lexeme-identity,target-morphological-cell			50	50	0	50		weak	large	candidate-unreviewed	surface grouping is diagnostic only; target identity and complete morphology require review
1335	synodal:family-candidate:9b4fc3887a31295068a23fa1	candidate-family:synodal:family-candidate:9b4fc3887a31295068a23fa1	synodal:family-candidate:9b4fc3887a31295068a23fa1	велика-	unknown	великаѧ:50	50	50	50	46		possible-nominative-feminine-or-genitive-accusative	target-surface	target-lexeme-identity,target-morphological-cell			50	50	0	50		weak	large	candidate-unreviewed	surface grouping is diagnostic only; target identity and complete morphology require review
1336	synodal:family-candidate:9c985e17ce8cd8ce758b8821	candidate-family:synodal:family-candidate:9c985e17ce8cd8ce758b8821	synodal:family-candidate:9c985e17ce8cd8ce758b8821	царевѣ	unknown	царевѣ:50	50	50	50	50		untyped	target-surface	target-lexeme-identity,target-morphological-cell			50	50	0	50		weak	large	candidate-unreviewed	surface grouping is diagnostic only; target identity and complete morphology require review
1337	synodal:family-candidate:a35b7232458591e2967ea559	candidate-family:synodal:family-candidate:a35b7232458591e2967ea559	synodal:family-candidate:a35b7232458591e2967ea559	был-	unknown	были:50	50	50	50	48		possible-nominative-plural	target-surface	target-lexeme-identity,target-morphological-cell			50	50	0	50		weak	large	candidate-unreviewed	surface grouping is diagnostic only; target identity and complete morphology require review
1338	synodal:family-candidate:acaa7bd2cc652fb640eba24f	candidate-family:synodal:family-candidate:acaa7bd2cc652fb640eba24f	synodal:family-candidate:acaa7bd2cc652fb640eba24f	послꙋшаютъ	unknown	послꙋшаютъ:50	50	50	50	50		possible-finite-verb	target-surface	target-lexeme-identity,target-morphological-cell			50	50	0	50		weak	large	candidate-unreviewed	surface grouping is diagnostic only; target identity and complete morphology require review
1339	synodal:family-candidate:ade153e113b0851360e53aff	candidate-family:synodal:family-candidate:ade153e113b0851360e53aff	synodal:family-candidate:ade153e113b0851360e53aff	молѧш-	unknown	молѧше:50	50	50	50	49		possible-vocative-or-finite-verb	target-surface	target-lexeme-identity,target-morphological-cell			50	50	0	50		weak	large	candidate-unreviewed	surface grouping is diagnostic only; target identity and complete morphology require review
1340	synodal:family-candidate:af02ac641b9daa83ea4af5f3	candidate-family:synodal:family-candidate:af02ac641b9daa83ea4af5f3	synodal:family-candidate:af02ac641b9daa83ea4af5f3	разꙋмѣй	unknown	разꙋмѣй:50	50	50	50	50		untyped	target-surface	target-lexeme-identity,target-morphological-cell			50	50	0	50		weak	large	candidate-unreviewed	surface grouping is diagnostic only; target identity and complete morphology require review
1341	synodal:family-candidate:afea2f286e26934b189b6700	candidate-family:synodal:family-candidate:afea2f286e26934b189b6700	synodal:family-candidate:afea2f286e26934b189b6700	стан-	unknown	станꙋтъ:50	50	50	50	50		possible-finite-verb	target-surface	target-lexeme-identity,target-morphological-cell			50	50	0	50		weak	large	candidate-unreviewed	surface grouping is diagnostic only; target identity and complete morphology require review
1342	synodal:family-candidate:b96b5cca6a3244c86f857214	candidate-family:synodal:family-candidate:b96b5cca6a3244c86f857214	synodal:family-candidate:b96b5cca6a3244c86f857214	юдол-	unknown	юдоли:50	50	50	50	50		possible-nominative-plural	target-surface	target-lexeme-identity,target-morphological-cell			50	50	0	50		weak	large	candidate-unreviewed	surface grouping is diagnostic only; target identity and complete morphology require review
1343	synodal:family-candidate:bffc358da5b96e5dc17f0534	candidate-family:synodal:family-candidate:bffc358da5b96e5dc17f0534	synodal:family-candidate:bffc358da5b96e5dc17f0534	верхъ	unknown	верхъ:50	50	50	50	48		untyped	target-surface	target-lexeme-identity,target-morphological-cell			50	50	0	50		weak	large	candidate-unreviewed	surface grouping is diagnostic only; target identity and complete morphology require review
1344	synodal:family-candidate:c140f5372e7d75816f5d48f8	candidate-family:synodal:family-candidate:c140f5372e7d75816f5d48f8	synodal:family-candidate:c140f5372e7d75816f5d48f8	увѣд-	unknown	ᲂувѣдѧтъ:50	50	50	50	49		possible-finite-verb	target-surface	target-lexeme-identity,target-morphological-cell			50	50	0	50		weak	large	candidate-unreviewed	surface grouping is diagnostic only; target identity and complete morphology require review
1345	synodal:family-candidate:c93043c716b82d14c2408811	candidate-family:synodal:family-candidate:c93043c716b82d14c2408811	synodal:family-candidate:c93043c716b82d14c2408811	возлюбилъ	unknown	возлюбилъ:50	50	50	50	48		untyped	target-surface	target-lexeme-identity,target-morphological-cell			50	50	0	50		weak	large	candidate-unreviewed	surface grouping is diagnostic only; target identity and complete morphology require review
1346	synodal:family-candidate:d2179999e7948cd5e7ea83ef	candidate-family:synodal:family-candidate:d2179999e7948cd5e7ea83ef	synodal:family-candidate:d2179999e7948cd5e7ea83ef	безуми-	unknown	безꙋмїе:50	50	50	50	50		possible-vocative-or-finite-verb	target-surface	target-lexeme-identity,target-morphological-cell			50	50	0	50		weak	large	candidate-unreviewed	surface grouping is diagnostic only; target identity and complete morphology require review
1347	synodal:family-candidate:d2c9eb9e08b1c483a896d09d	candidate-family:synodal:family-candidate:d2c9eb9e08b1c483a896d09d	synodal:family-candidate:d2c9eb9e08b1c483a896d09d	цѣлуйт-	unknown	цѣлꙋйте:50	50	50	50	44		possible-vocative-or-finite-verb	target-surface	target-lexeme-identity,target-morphological-cell			50	50	0	50		weak	large	candidate-unreviewed	surface grouping is diagnostic only; target identity and complete morphology require review
1348	synodal:family-candidate:d3a9c85889647e8ae126f56d	candidate-family:synodal:family-candidate:d3a9c85889647e8ae126f56d	synodal:family-candidate:d3a9c85889647e8ae126f56d	расхищени-	unknown	расхищенїе:50	50	50	50	50		possible-vocative-or-finite-verb	target-surface	target-lexeme-identity,target-morphological-cell			50	50	0	50		weak	large	candidate-unreviewed	surface grouping is diagnostic only; target identity and complete morphology require review
1349	synodal:family-candidate:d85546b03c416b82576769fd	candidate-family:synodal:family-candidate:d85546b03c416b82576769fd	synodal:family-candidate:d85546b03c416b82576769fd	боѧтис-	unknown	боѧтисѧ:50	50	50	50	50		possible-nominative-feminine-or-genitive-accusative	target-surface	target-lexeme-identity,target-morphological-cell			50	50	0	50		weak	large	candidate-unreviewed	surface grouping is diagnostic only; target identity and complete morphology require review
1350	synodal:family-candidate:e82ce7ae38aa0c11514acce4	candidate-family:synodal:family-candidate:e82ce7ae38aa0c11514acce4	synodal:family-candidate:e82ce7ae38aa0c11514acce4	чреслъ	unknown	чреслъ:50	50	50	50	46		untyped	target-surface	target-lexeme-identity,target-morphological-cell			50	50	0	50		weak	large	candidate-unreviewed	surface grouping is diagnostic only; target identity and complete morphology require review
1351	synodal:family-candidate:fcccab1f4419137a1cfe1ce4	candidate-family:synodal:family-candidate:fcccab1f4419137a1cfe1ce4	synodal:family-candidate:fcccab1f4419137a1cfe1ce4	ахазъ	unknown	ахазъ:50	50	50	50	48		untyped	target-surface	target-lexeme-identity,target-morphological-cell			50	50	0	50		weak	large	candidate-unreviewed	surface grouping is diagnostic only; target identity and complete morphology require review
1352	synodal:family-candidate:040a1e19c5a592d92601fc05	candidate-family:synodal:family-candidate:040a1e19c5a592d92601fc05	synodal:family-candidate:040a1e19c5a592d92601fc05	вѣрꙋѧй	unknown	вѣрꙋѧй:49	49	49	49	46		untyped	target-surface	target-lexeme-identity,target-morphological-cell			49	49	0	49		weak	large	candidate-unreviewed	surface grouping is diagnostic only; target identity and complete morphology require review
1353	synodal:family-candidate:0fe255ffaa168ce3b426b007	candidate-family:synodal:family-candidate:0fe255ffaa168ce3b426b007	synodal:family-candidate:0fe255ffaa168ce3b426b007	лїванъ	unknown	лїванъ:49	49	49	49	49		untyped	target-surface	target-lexeme-identity,target-morphological-cell			49	49	0	49		weak	large	candidate-unreviewed	surface grouping is diagnostic only; target identity and complete morphology require review
1354	synodal:family-candidate:26b0fd63f198865a1fdc919c	candidate-family:synodal:family-candidate:26b0fd63f198865a1fdc919c	synodal:family-candidate:26b0fd63f198865a1fdc919c	возвеселис-	unknown	возвеселисѧ:49	49	49	49	49		possible-nominative-feminine-or-genitive-accusative	target-surface	target-lexeme-identity,target-morphological-cell			49	49	0	49		weak	large	candidate-unreviewed	surface grouping is diagnostic only; target identity and complete morphology require review
1355	synodal:family-candidate:41a123cf0a05828c395cb562	candidate-family:synodal:family-candidate:41a123cf0a05828c395cb562	synodal:family-candidate:41a123cf0a05828c395cb562	моав-	unknown	мѡава:49	49	49	49	49		possible-nominative-feminine-or-genitive-accusative	target-surface	target-lexeme-identity,target-morphological-cell			49	49	0	49		weak	large	candidate-unreviewed	surface grouping is diagnostic only; target identity and complete morphology require review
1356	synodal:family-candidate:5704b0c43371c2fd0a6fac81	candidate-family:synodal:family-candidate:5704b0c43371c2fd0a6fac81	synodal:family-candidate:5704b0c43371c2fd0a6fac81	тма	unknown	тма:49	49	49	49	45		possible-nominative-feminine-or-genitive-accusative	target-surface	target-lexeme-identity,target-morphological-cell			49	49	0	49		weak	large	candidate-unreviewed	surface grouping is diagnostic only; target identity and complete morphology require review
1357	synodal:family-candidate:5b6115b4d2a1a6cd842197eb	candidate-family:synodal:family-candidate:5b6115b4d2a1a6cd842197eb	synodal:family-candidate:5b6115b4d2a1a6cd842197eb	человѣч-	unknown	человѣча:49	49	49	49	49		possible-nominative-feminine-or-genitive-accusative	target-surface	target-lexeme-identity,target-morphological-cell			49	49	0	49		weak	large	candidate-unreviewed	surface grouping is diagnostic only; target identity and complete morphology require review
1358	synodal:family-candidate:5e7d6302168fe92be83e0b36	candidate-family:synodal:family-candidate:5e7d6302168fe92be83e0b36	synodal:family-candidate:5e7d6302168fe92be83e0b36	теч-	unknown	тече:49	49	49	49	49		possible-vocative-or-finite-verb,ud:VERB:Aspect=Perf+Mood=Ind+Number=Sing+Person=3+Tense=Past+VerbForm=Fin+Voice=Act	target-surface,typed-cell-candidate	target-lexeme-identity,target-morphological-cell	an OCS treebank cell requires an independent exact Synodal surface witness		49	49	0	49		weak	large	candidate-unreviewed	surface grouping is diagnostic only; target identity and complete morphology require review
1359	synodal:family-candidate:6dc2be3451407acd67dea71b	candidate-family:synodal:family-candidate:6dc2be3451407acd67dea71b	synodal:family-candidate:6dc2be3451407acd67dea71b	боѧщиис-	unknown	боѧщїисѧ:49	49	49	49	49		possible-nominative-feminine-or-genitive-accusative	target-surface	target-lexeme-identity,target-morphological-cell			49	49	0	49		weak	large	candidate-unreviewed	surface grouping is diagnostic only; target identity and complete morphology require review
1360	synodal:family-candidate:7a0af1e649698bbea5fe5240	candidate-family:synodal:family-candidate:7a0af1e649698bbea5fe5240	synodal:family-candidate:7a0af1e649698bbea5fe5240	нѣки-	unknown	нѣкїѧ:49	49	49	49	49		possible-nominative-feminine-or-genitive-accusative	target-surface	target-lexeme-identity,target-morphological-cell			49	49	0	49		weak	large	candidate-unreviewed	surface grouping is diagnostic only; target identity and complete morphology require review
1361	synodal:family-candidate:80744055adf840e8f354b06a	candidate-family:synodal:family-candidate:80744055adf840e8f354b06a	synodal:family-candidate:80744055adf840e8f354b06a	возвращус-	unknown	возвращꙋсѧ:49	49	49	49	49		possible-nominative-feminine-or-genitive-accusative	target-surface	target-lexeme-identity,target-morphological-cell			49	49	0	49		weak	large	candidate-unreviewed	surface grouping is diagnostic only; target identity and complete morphology require review
1362	synodal:family-candidate:88140d003d8651a566186dfa	candidate-family:synodal:family-candidate:88140d003d8651a566186dfa	synodal:family-candidate:88140d003d8651a566186dfa	источник-	unknown	источники:49	49	49	49	49		possible-nominative-plural	target-surface	target-lexeme-identity,target-morphological-cell			49	49	0	49		weak	large	candidate-unreviewed	surface grouping is diagnostic only; target identity and complete morphology require review
1363	synodal:family-candidate:89153dcd8613b8c3162e2315	candidate-family:synodal:family-candidate:89153dcd8613b8c3162e2315	synodal:family-candidate:89153dcd8613b8c3162e2315	пославъ	unknown	пославъ:49	49	49	49	48		untyped	target-surface	target-lexeme-identity,target-morphological-cell			49	49	0	49		weak	large	candidate-unreviewed	surface grouping is diagnostic only; target identity and complete morphology require review
1364	synodal:family-candidate:914a3a7b19c22a8e450f8a57	candidate-family:synodal:family-candidate:914a3a7b19c22a8e450f8a57	synodal:family-candidate:914a3a7b19c22a8e450f8a57	глаголꙋ	unknown	глаголꙋ:49	49	49	49	49		untyped	target-surface	target-lexeme-identity,target-morphological-cell			49	49	0	49		weak	large	candidate-unreviewed	surface grouping is diagnostic only; target identity and complete morphology require review
1365	synodal:family-candidate:a474f9ec813759bcab69a487	candidate-family:synodal:family-candidate:a474f9ec813759bcab69a487	synodal:family-candidate:a474f9ec813759bcab69a487	коликѡ	unknown	коликѡ:49	49	49	49	47		ud:ADV:PronType=Int,ud:PRON:Case=Nom+Gender=Neut+Number=Sing+PronType=Int,untyped	target-surface,typed-cell-candidate	target-lexeme-identity,target-morphological-cell	an OCS treebank cell requires an independent exact Synodal surface witness | more than one source-partition treebank lemma or cell matches the target surface		49	49	0	49		weak	large	candidate-unreviewed	surface grouping is diagnostic only; target identity and complete morphology require review
1366	synodal:family-candidate:a587bc9da8423df0ebf50de8	candidate-family:synodal:family-candidate:a587bc9da8423df0ebf50de8	synodal:family-candidate:a587bc9da8423df0ebf50de8	было	unknown	было:49	49	49	49	47		untyped	target-surface	target-lexeme-identity,target-morphological-cell			49	49	0	49		weak	large	candidate-unreviewed	surface grouping is diagnostic only; target identity and complete morphology require review
1367	synodal:family-candidate:cd1796684c3932c7fc7e8bf1	candidate-family:synodal:family-candidate:cd1796684c3932c7fc7e8bf1	synodal:family-candidate:cd1796684c3932c7fc7e8bf1	поклонѧтс-	unknown	поклонѧтсѧ:49	49	49	49	47		possible-nominative-feminine-or-genitive-accusative	target-surface	target-lexeme-identity,target-morphological-cell			49	49	0	49		weak	large	candidate-unreviewed	surface grouping is diagnostic only; target identity and complete morphology require review
1368	synodal:family-candidate:d350668a4d2b766a4388678d	candidate-family:synodal:family-candidate:d350668a4d2b766a4388678d	synodal:family-candidate:d350668a4d2b766a4388678d	дрꙋгомꙋ	unknown	дрꙋгомꙋ:49	49	49	49	45		untyped	target-surface	target-lexeme-identity,target-morphological-cell			49	49	0	49		weak	large	candidate-unreviewed	surface grouping is diagnostic only; target identity and complete morphology require review
1369	synodal:family-candidate:eef605cab8cbbaaf2102c44b	candidate-family:synodal:family-candidate:eef605cab8cbbaaf2102c44b	synodal:family-candidate:eef605cab8cbbaaf2102c44b	негл-	unknown	негли:49	49	49	49	49		possible-nominative-plural	target-surface	target-lexeme-identity,target-morphological-cell			49	49	0	49		weak	large	candidate-unreviewed	surface grouping is diagnostic only; target identity and complete morphology require review
1370	synodal:family-candidate:f3d761bf9617296778531413	candidate-family:synodal:family-candidate:f3d761bf9617296778531413	synodal:family-candidate:f3d761bf9617296778531413	древес-	unknown	древеса:49	49	49	49	49		possible-nominative-feminine-or-genitive-accusative	target-surface	target-lexeme-identity,target-morphological-cell			49	49	0	49		weak	large	candidate-unreviewed	surface grouping is diagnostic only; target identity and complete morphology require review
1371	synodal:family-candidate:0014f1e16cc58c3aa98732e8	candidate-family:synodal:family-candidate:0014f1e16cc58c3aa98732e8	synodal:family-candidate:0014f1e16cc58c3aa98732e8	пѣвц-	unknown	пѣвцы:48	48	48	48	48		possible-nominative-plural	target-surface	target-lexeme-identity,target-morphological-cell			48	48	0	48		weak	large	candidate-unreviewed	surface grouping is diagnostic only; target identity and complete morphology require review
1372	synodal:family-candidate:022b39b194f832e6505cdc1d	candidate-family:synodal:family-candidate:022b39b194f832e6505cdc1d	synodal:family-candidate:022b39b194f832e6505cdc1d	испер-	unknown	исперетъ:48	48	48	48	46		possible-finite-verb	target-surface	target-lexeme-identity,target-morphological-cell			48	48	0	48		weak	large	candidate-unreviewed	surface grouping is diagnostic only; target identity and complete morphology require review
1373	synodal:family-candidate:0b4bb237de35942d0c7f46db	candidate-family:synodal:family-candidate:0b4bb237de35942d0c7f46db	synodal:family-candidate:0b4bb237de35942d0c7f46db	похвал-	unknown	похвала:48	48	48	48	48		possible-nominative-feminine-or-genitive-accusative,ud:NOUN:Case=Nom+Gender=Fem+Number=Sing	target-surface,typed-cell-candidate	target-lexeme-identity,target-morphological-cell	an OCS treebank cell requires an independent exact Synodal surface witness		48	48	0	48		weak	large	candidate-unreviewed	surface grouping is diagnostic only; target identity and complete morphology require review
1374	synodal:family-candidate:0cf75ce12cabb32f254548fd	candidate-family:synodal:family-candidate:0cf75ce12cabb32f254548fd	synodal:family-candidate:0cf75ce12cabb32f254548fd	остри-	unknown	ѻстрїемъ:48	48	48	48	46		untyped	target-surface	target-lexeme-identity,target-morphological-cell			48	48	0	48		weak	large	candidate-unreviewed	surface grouping is diagnostic only; target identity and complete morphology require review
1375	synodal:family-candidate:0e390f92311f7f749ff518ee	candidate-family:synodal:family-candidate:0e390f92311f7f749ff518ee	synodal:family-candidate:0e390f92311f7f749ff518ee	настав-	unknown	настави:48	48	48	48	46		possible-nominative-plural,ud:VERB:Aspect=Perf+Mood=Ind+Number=Sing+Person=3+Tense=Past+VerbForm=Fin+Voice=Act,ud:VERB:Mood=Imp+Number=Sing+Person=2+Tense=Pres+VerbForm=Fin+Voice=Act	target-surface,typed-cell-candidate	target-lexeme-identity,target-morphological-cell	an OCS treebank cell requires an independent exact Synodal surface witness | more than one source-partition treebank lemma or cell matches the target surface		48	48	0	48		weak	large	candidate-unreviewed	surface grouping is diagnostic only; target identity and complete morphology require review
1376	synodal:family-candidate:16c17610daf39017dd95c41e	candidate-family:synodal:family-candidate:16c17610daf39017dd95c41e	synodal:family-candidate:16c17610daf39017dd95c41e	десну-	unknown	деснꙋю:48	48	48	48	47		untyped	target-surface	target-lexeme-identity,target-morphological-cell			48	48	0	48		weak	large	candidate-unreviewed	surface grouping is diagnostic only; target identity and complete morphology require review
1377	synodal:family-candidate:1d9b1fe1e035d042f0aaab18	candidate-family:synodal:family-candidate:1d9b1fe1e035d042f0aaab18	synodal:family-candidate:1d9b1fe1e035d042f0aaab18	седеки-	unknown	седекіа:48	48	48	48	48		possible-nominative-feminine-or-genitive-accusative	target-surface	target-lexeme-identity,target-morphological-cell			48	48	0	48		weak	large	candidate-unreviewed	surface grouping is diagnostic only; target identity and complete morphology require review
1378	synodal:family-candidate:3201dbf6be7aff9465a1cf32	candidate-family:synodal:family-candidate:3201dbf6be7aff9465a1cf32	synodal:family-candidate:3201dbf6be7aff9465a1cf32	днешнѧгѡ	unknown	днешнѧгѡ:48	48	48	48	48		untyped	target-surface	target-lexeme-identity,target-morphological-cell			48	48	0	48		weak	large	candidate-unreviewed	surface grouping is diagnostic only; target identity and complete morphology require review
1379	synodal:family-candidate:32f3ce491e6529ffed3840fd	candidate-family:synodal:family-candidate:32f3ce491e6529ffed3840fd	synodal:family-candidate:32f3ce491e6529ffed3840fd	стѧжани-	unknown	стѧжанїе:48	48	48	48	48		possible-vocative-or-finite-verb	target-surface	target-lexeme-identity,target-morphological-cell			48	48	0	48		weak	large	candidate-unreviewed	surface grouping is diagnostic only; target identity and complete morphology require review
1380	synodal:family-candidate:34acc38afd447f92471e96b8	candidate-family:synodal:family-candidate:34acc38afd447f92471e96b8	synodal:family-candidate:34acc38afd447f92471e96b8	ѿвѣщахъ	unknown	ѿвѣщахъ:48	48	48	48	48		untyped	target-surface	target-lexeme-identity,target-morphological-cell			48	48	0	48		weak	large	candidate-unreviewed	surface grouping is diagnostic only; target identity and complete morphology require review
1381	synodal:family-candidate:3c06783de1b3ca3d76b82ceb	candidate-family:synodal:family-candidate:3c06783de1b3ca3d76b82ceb	synodal:family-candidate:3c06783de1b3ca3d76b82ceb	завѣс-	unknown	завѣсы:48	48	48	48	48		possible-nominative-plural	target-surface	target-lexeme-identity,target-morphological-cell			48	48	0	48		weak	large	candidate-unreviewed	surface grouping is diagnostic only; target identity and complete morphology require review
1382	synodal:family-candidate:438962afd0916683d9d0b0c1	candidate-family:synodal:family-candidate:438962afd0916683d9d0b0c1	synodal:family-candidate:438962afd0916683d9d0b0c1	братие-	unknown	братїею:48	48	48	48	46		untyped	target-surface	target-lexeme-identity,target-morphological-cell			48	48	0	48		weak	large	candidate-unreviewed	surface grouping is diagnostic only; target identity and complete morphology require review
1383	synodal:family-candidate:45512f261e2ddcfa20591b04	candidate-family:synodal:family-candidate:45512f261e2ddcfa20591b04	synodal:family-candidate:45512f261e2ddcfa20591b04	созданъ	unknown	созданъ:48	48	48	48	48		untyped	target-surface	target-lexeme-identity,target-morphological-cell			48	48	0	48		weak	large	candidate-unreviewed	surface grouping is diagnostic only; target identity and complete morphology require review
1384	synodal:family-candidate:464fa4c38c568ce783ba91a3	candidate-family:synodal:family-candidate:464fa4c38c568ce783ba91a3	synodal:family-candidate:464fa4c38c568ce783ba91a3	соберутс-	unknown	соберꙋтсѧ:48	48	48	48	48		possible-nominative-feminine-or-genitive-accusative	target-surface	target-lexeme-identity,target-morphological-cell			48	48	0	48		weak	large	candidate-unreviewed	surface grouping is diagnostic only; target identity and complete morphology require review
1385	synodal:family-candidate:4a03baa3c14f5369b8ab6779	candidate-family:synodal:family-candidate:4a03baa3c14f5369b8ab6779	synodal:family-candidate:4a03baa3c14f5369b8ab6779	изыдит-	unknown	изыдите:48	48	48	48	46		possible-vocative-or-finite-verb	target-surface	target-lexeme-identity,target-morphological-cell			48	48	0	48		weak	large	candidate-unreviewed	surface grouping is diagnostic only; target identity and complete morphology require review
1386	synodal:family-candidate:4b585e4d7063dd7d15788ffe	candidate-family:synodal:family-candidate:4b585e4d7063dd7d15788ffe	synodal:family-candidate:4b585e4d7063dd7d15788ffe	сна	unknown	сна:48	48	48	48	48		possible-nominative-feminine-or-genitive-accusative,ud:NOUN:Case=Gen+Gender=Masc+Number=Sing	target-surface,typed-cell-candidate	target-lexeme-identity,target-morphological-cell	an OCS treebank cell requires an independent exact Synodal surface witness		48	48	0	48		weak	large	candidate-unreviewed	surface grouping is diagnostic only; target identity and complete morphology require review
1387	synodal:family-candidate:51a39f3bec14a623d37638c9	candidate-family:synodal:family-candidate:51a39f3bec14a623d37638c9	synodal:family-candidate:51a39f3bec14a623d37638c9	беззаконїй	unknown	беззаконїй:48	48	48	48	48		untyped	target-surface	target-lexeme-identity,target-morphological-cell			48	48	0	48		weak	large	candidate-unreviewed	surface grouping is diagnostic only; target identity and complete morphology require review
1388	synodal:family-candidate:53d97be3cb89069b34463fb3	candidate-family:synodal:family-candidate:53d97be3cb89069b34463fb3	synodal:family-candidate:53d97be3cb89069b34463fb3	исполнишас-	unknown	исполнишасѧ:48	48	48	48	48		possible-nominative-feminine-or-genitive-accusative	target-surface	target-lexeme-identity,target-morphological-cell			48	48	0	48		weak	large	candidate-unreviewed	surface grouping is diagnostic only; target identity and complete morphology require review
1389	synodal:family-candidate:551acf06da084c78f8cb8631	candidate-family:synodal:family-candidate:551acf06da084c78f8cb8631	synodal:family-candidate:551acf06da084c78f8cb8631	муж-	unknown	мꙋжеви:48	48	48	48	48		possible-nominative-plural	target-surface	target-lexeme-identity,target-morphological-cell			48	48	0	48		weak	large	deferred	Deferred after review: repeated corpus surfaces and diagnostic stem, prefix, or ending features do not by themselves establish a lemma, part of speech, morphological cell, principal parts, accent class, or productive rule.
1390	synodal:family-candidate:55a45ad5330d2662741de282	candidate-family:synodal:family-candidate:55a45ad5330d2662741de282	synodal:family-candidate:55a45ad5330d2662741de282	мужеск-	unknown	мꙋжеска:48	48	48	48	48		possible-nominative-feminine-or-genitive-accusative	target-surface	target-lexeme-identity,target-morphological-cell			48	48	0	48		weak	large	candidate-unreviewed	surface grouping is diagnostic only; target identity and complete morphology require review
1391	synodal:family-candidate:5901ff204d12475930b5dae3	candidate-family:synodal:family-candidate:5901ff204d12475930b5dae3	synodal:family-candidate:5901ff204d12475930b5dae3	врат-	unknown	враты:48	48	48	48	46		possible-nominative-plural	target-surface	target-lexeme-identity,target-morphological-cell			48	48	0	48		weak	large	candidate-unreviewed	surface grouping is diagnostic only; target identity and complete morphology require review
1392	synodal:family-candidate:5ad05b3faf45d5f88be7c04d	candidate-family:synodal:family-candidate:5ad05b3faf45d5f88be7c04d	synodal:family-candidate:5ad05b3faf45d5f88be7c04d	купц-	unknown	кꙋпцы:48	48	48	48	44		possible-nominative-plural	target-surface	target-lexeme-identity,target-morphological-cell			48	48	0	48		weak	large	candidate-unreviewed	surface grouping is diagnostic only; target identity and complete morphology require review
1393	synodal:family-candidate:5f0b5be185a03bb295302c00	candidate-family:synodal:family-candidate:5f0b5be185a03bb295302c00	synodal:family-candidate:5f0b5be185a03bb295302c00	вечерꙋ	unknown	вечерꙋ:48	48	48	48	48		untyped	target-surface	target-lexeme-identity,target-morphological-cell			48	48	0	48		weak	large	candidate-unreviewed	surface grouping is diagnostic only; target identity and complete morphology require review
1394	synodal:family-candidate:63ba6c843b4403cc7e75354e	candidate-family:synodal:family-candidate:63ba6c843b4403cc7e75354e	synodal:family-candidate:63ba6c843b4403cc7e75354e	науч-	unknown	наꙋчи:48	48	48	48	46		possible-nominative-plural	target-surface	target-lexeme-identity,target-morphological-cell			48	48	0	48		weak	large	candidate-unreviewed	surface grouping is diagnostic only; target identity and complete morphology require review
1395	synodal:family-candidate:66faa1fb7928fc6f44ae4a86	candidate-family:synodal:family-candidate:66faa1fb7928fc6f44ae4a86	synodal:family-candidate:66faa1fb7928fc6f44ae4a86	великꙋ	unknown	великꙋ:48	48	48	48	46		untyped	target-surface	target-lexeme-identity,target-morphological-cell			48	48	0	48		weak	large	candidate-unreviewed	surface grouping is diagnostic only; target identity and complete morphology require review
1396	synodal:family-candidate:6b4578465fd420ff2ff8b01b	candidate-family:synodal:family-candidate:6b4578465fd420ff2ff8b01b	synodal:family-candidate:6b4578465fd420ff2ff8b01b	созижд-	unknown	созиждетъ:48	48	48	48	48		possible-finite-verb	target-surface	target-lexeme-identity,target-morphological-cell			48	48	0	48		weak	large	candidate-unreviewed	surface grouping is diagnostic only; target identity and complete morphology require review
1397	synodal:family-candidate:75a1030555110c91376346b7	candidate-family:synodal:family-candidate:75a1030555110c91376346b7	synodal:family-candidate:75a1030555110c91376346b7	наѳанъ	unknown	наѳанъ:48	48	48	48	48		ud:PROPN:Case=Nom+Gender=Masc+Number=Sing,untyped	target-surface,typed-cell-candidate	target-lexeme-identity,target-morphological-cell	an OCS treebank cell requires an independent exact Synodal surface witness		48	48	0	48		weak	large	candidate-unreviewed	surface grouping is diagnostic only; target identity and complete morphology require review
1398	synodal:family-candidate:7cf51c48a9b70ca86cc0bd0f	candidate-family:synodal:family-candidate:7cf51c48a9b70ca86cc0bd0f	synodal:family-candidate:7cf51c48a9b70ca86cc0bd0f	кивот-	unknown	кївѡтомъ:48	48	48	48	44		possible-dative-plural-or-instrumental-singular	target-surface	target-lexeme-identity,target-morphological-cell			48	48	0	48		weak	large	candidate-unreviewed	surface grouping is diagnostic only; target identity and complete morphology require review
1399	synodal:family-candidate:826cb28218414f1158652755	candidate-family:synodal:family-candidate:826cb28218414f1158652755	synodal:family-candidate:826cb28218414f1158652755	слышалъ	unknown	слышалъ:48	48	48	48	48		untyped	target-surface	target-lexeme-identity,target-morphological-cell			48	48	0	48		weak	large	candidate-unreviewed	surface grouping is diagnostic only; target identity and complete morphology require review
1400	synodal:family-candidate:85bb5569dc76288514be355e	candidate-family:synodal:family-candidate:85bb5569dc76288514be355e	synodal:family-candidate:85bb5569dc76288514be355e	чистымъ	unknown	чистымъ:48	48	48	48	46		untyped	target-surface	target-lexeme-identity,target-morphological-cell			48	48	0	48		weak	large	candidate-unreviewed	surface grouping is diagnostic only; target identity and complete morphology require review
1401	synodal:family-candidate:88a1e1420f9ee705a8a6b12d	candidate-family:synodal:family-candidate:88a1e1420f9ee705a8a6b12d	synodal:family-candidate:88a1e1420f9ee705a8a6b12d	веѳиль	unknown	веѳиль:48	48	48	48	48		untyped	target-surface	target-lexeme-identity,target-morphological-cell			48	48	0	48		weak	large	candidate-unreviewed	surface grouping is diagnostic only; target identity and complete morphology require review
1402	synodal:family-candidate:89956db90cd502d8bddf0012	candidate-family:synodal:family-candidate:89956db90cd502d8bddf0012	synodal:family-candidate:89956db90cd502d8bddf0012	послѣдокъ	unknown	послѣдокъ:48	48	48	48	48		untyped	target-surface	target-lexeme-identity,target-morphological-cell			48	48	0	48		weak	large	candidate-unreviewed	surface grouping is diagnostic only; target identity and complete morphology require review
1403	synodal:family-candidate:8cca8fef4e1243a31d8dd99b	candidate-family:synodal:family-candidate:8cca8fef4e1243a31d8dd99b	synodal:family-candidate:8cca8fef4e1243a31d8dd99b	полнъ	unknown	полнъ:48	48	48	48	48		untyped	target-surface	target-lexeme-identity,target-morphological-cell			48	48	0	48		weak	large	candidate-unreviewed	surface grouping is diagnostic only; target identity and complete morphology require review
1404	synodal:family-candidate:8ebe99a0d1f7b47e088334a1	candidate-family:synodal:family-candidate:8ebe99a0d1f7b47e088334a1	synodal:family-candidate:8ebe99a0d1f7b47e088334a1	изнес-	unknown	изнесе:48	48	48	48	46		possible-vocative-or-finite-verb	target-surface	target-lexeme-identity,target-morphological-cell			48	48	0	48		weak	large	candidate-unreviewed	surface grouping is diagnostic only; target identity and complete morphology require review
1405	synodal:family-candidate:8f15f84508c5f2f1ceedfdcf	candidate-family:synodal:family-candidate:8f15f84508c5f2f1ceedfdcf	synodal:family-candidate:8f15f84508c5f2f1ceedfdcf	соглѧдани-	unknown	соглѧданїе:48	48	48	48	46		possible-vocative-or-finite-verb	target-surface	target-lexeme-identity,target-morphological-cell			48	48	0	48		weak	large	candidate-unreviewed	surface grouping is diagnostic only; target identity and complete morphology require review
1406	synodal:family-candidate:95fa3f9bf01264a2ae1688dd	candidate-family:synodal:family-candidate:95fa3f9bf01264a2ae1688dd	synodal:family-candidate:95fa3f9bf01264a2ae1688dd	виждꙋ	unknown	виждꙋ:48	48	48	48	48		untyped	target-surface	target-lexeme-identity,target-morphological-cell			48	48	0	48		weak	large	candidate-unreviewed	surface grouping is diagnostic only; target identity and complete morphology require review
1407	synodal:family-candidate:9a59a66b43e0540a88293c02	candidate-family:synodal:family-candidate:9a59a66b43e0540a88293c02	synodal:family-candidate:9a59a66b43e0540a88293c02	наватов-	unknown	наватова:48	48	48	48	48		possible-nominative-feminine-or-genitive-accusative	target-surface	target-lexeme-identity,target-morphological-cell			48	48	0	48		weak	large	candidate-unreviewed	surface grouping is diagnostic only; target identity and complete morphology require review
1408	synodal:family-candidate:9dbd81aa2508ea3aa41343f7	candidate-family:synodal:family-candidate:9dbd81aa2508ea3aa41343f7	synodal:family-candidate:9dbd81aa2508ea3aa41343f7	ополчени-	unknown	ѡполченїе:48	48	48	48	48		possible-vocative-or-finite-verb	target-surface	target-lexeme-identity,target-morphological-cell			48	48	0	48		weak	large	candidate-unreviewed	surface grouping is diagnostic only; target identity and complete morphology require review
1409	synodal:family-candidate:a253bb03a654b12756e8ded3	candidate-family:synodal:family-candidate:a253bb03a654b12756e8ded3	synodal:family-candidate:a253bb03a654b12756e8ded3	іꙋдеєвъ	unknown	іꙋдеєвъ:48	48	48	48	48		untyped	target-surface	target-lexeme-identity,target-morphological-cell			48	48	0	48		weak	large	candidate-unreviewed	surface grouping is diagnostic only; target identity and complete morphology require review
1410	synodal:family-candidate:a3e215935727b78b8bb117ec	candidate-family:synodal:family-candidate:a3e215935727b78b8bb117ec	synodal:family-candidate:a3e215935727b78b8bb117ec	глаголющꙋ	unknown	глаголющꙋ:48	48	48	48	48		untyped	target-surface	target-lexeme-identity,target-morphological-cell			48	48	0	48		weak	large	candidate-unreviewed	surface grouping is diagnostic only; target identity and complete morphology require review
1411	synodal:family-candidate:a90e18ed7dbb634062c0e3df	candidate-family:synodal:family-candidate:a90e18ed7dbb634062c0e3df	synodal:family-candidate:a90e18ed7dbb634062c0e3df	кѡнникъ	unknown	кѡнникъ:48	48	48	48	46		untyped	target-surface	target-lexeme-identity,target-morphological-cell			48	48	0	48		weak	large	candidate-unreviewed	surface grouping is diagnostic only; target identity and complete morphology require review
1412	synodal:family-candidate:b11ff6396ad332210ab39705	candidate-family:synodal:family-candidate:b11ff6396ad332210ab39705	synodal:family-candidate:b11ff6396ad332210ab39705	обрѣтошас-	unknown	ѡбрѣтошасѧ:48	48	48	48	46		possible-nominative-feminine-or-genitive-accusative	target-surface	target-lexeme-identity,target-morphological-cell			48	48	0	48		weak	large	candidate-unreviewed	surface grouping is diagnostic only; target identity and complete morphology require review
1413	synodal:family-candidate:c030f27e8b5c700f706cda5f	candidate-family:synodal:family-candidate:c030f27e8b5c700f706cda5f	synodal:family-candidate:c030f27e8b5c700f706cda5f	можахꙋ	unknown	можахꙋ:48	48	48	48	48		untyped	target-surface	target-lexeme-identity,target-morphological-cell			48	48	0	48		weak	large	candidate-unreviewed	surface grouping is diagnostic only; target identity and complete morphology require review
1414	synodal:family-candidate:c6418e4a1a2c227b5adda002	candidate-family:synodal:family-candidate:c6418e4a1a2c227b5adda002	synodal:family-candidate:c6418e4a1a2c227b5adda002	исповѣдайтес-	unknown	исповѣдайтесѧ:48	48	48	48	46		possible-nominative-feminine-or-genitive-accusative	target-surface	target-lexeme-identity,target-morphological-cell			48	48	0	48		weak	large	candidate-unreviewed	surface grouping is diagnostic only; target identity and complete morphology require review
1415	synodal:family-candidate:c8ca869a8ffb75deadb164b8	candidate-family:synodal:family-candidate:c8ca869a8ffb75deadb164b8	synodal:family-candidate:c8ca869a8ffb75deadb164b8	ханане-	unknown	хананеа:48	48	48	48	48		possible-nominative-feminine-or-genitive-accusative	target-surface	target-lexeme-identity,target-morphological-cell			48	48	0	48		weak	large	candidate-unreviewed	surface grouping is diagnostic only; target identity and complete morphology require review
1416	synodal:family-candidate:cea8f0ab87e6b10d76a5e32f	candidate-family:synodal:family-candidate:cea8f0ab87e6b10d76a5e32f	synodal:family-candidate:cea8f0ab87e6b10d76a5e32f	вѣчнѡ	unknown	вѣчнѡ:48	48	48	48	48		untyped	target-surface	target-lexeme-identity,target-morphological-cell			48	48	0	48		weak	large	candidate-unreviewed	surface grouping is diagnostic only; target identity and complete morphology require review
1417	synodal:family-candidate:d3f8bc01bf25f2e09e2693e7	candidate-family:synodal:family-candidate:d3f8bc01bf25f2e09e2693e7	synodal:family-candidate:d3f8bc01bf25f2e09e2693e7	хвал-	unknown	хвалы:48	48	48	48	48		possible-nominative-plural	target-surface	target-lexeme-identity,target-morphological-cell			48	48	0	48		weak	large	candidate-unreviewed	surface grouping is diagnostic only; target identity and complete morphology require review
1418	synodal:family-candidate:e5a3cbf291ef86f587b4c83b	candidate-family:synodal:family-candidate:e5a3cbf291ef86f587b4c83b	synodal:family-candidate:e5a3cbf291ef86f587b4c83b	тридесѧ-	unknown	тридесѧти:48	48	48	48	48		possible-nominative-plural	target-surface	target-lexeme-identity,target-morphological-cell			48	48	0	48		weak	large	candidate-unreviewed	surface grouping is diagnostic only; target identity and complete morphology require review
1419	synodal:family-candidate:ec32e29326cfb1b99dcf8ee5	candidate-family:synodal:family-candidate:ec32e29326cfb1b99dcf8ee5	synodal:family-candidate:ec32e29326cfb1b99dcf8ee5	созидаш-	unknown	созидаше:48	48	48	48	40		possible-vocative-or-finite-verb	target-surface	target-lexeme-identity,target-morphological-cell			48	48	0	48		weak	large	candidate-unreviewed	surface grouping is diagnostic only; target identity and complete morphology require review
1420	synodal:family-candidate:f099f1a89b741b2477e4828e	candidate-family:synodal:family-candidate:f099f1a89b741b2477e4828e	synodal:family-candidate:f099f1a89b741b2477e4828e	маккавей	unknown	маккавей:48	48	48	48	46		untyped	target-surface	target-lexeme-identity,target-morphological-cell			48	48	0	48		weak	large	candidate-unreviewed	surface grouping is diagnostic only; target identity and complete morphology require review
1421	synodal:family-candidate:f91de63c95771ebfe1905712	candidate-family:synodal:family-candidate:f91de63c95771ebfe1905712	synodal:family-candidate:f91de63c95771ebfe1905712	величество	unknown	величество:48	48	48	48	48		ud:NOUN:Case=Acc+Gender=Neut+Number=Sing,untyped	target-surface,typed-cell-candidate	target-lexeme-identity,target-morphological-cell	an OCS treebank cell requires an independent exact Synodal surface witness		48	48	0	48		weak	large	candidate-unreviewed	surface grouping is diagnostic only; target identity and complete morphology require review
1422	synodal:family-candidate:f9f15698de2bcc3a03122e9b	candidate-family:synodal:family-candidate:f9f15698de2bcc3a03122e9b	synodal:family-candidate:f9f15698de2bcc3a03122e9b	родис-	unknown	родисѧ:48	48	48	48	48		possible-nominative-feminine-or-genitive-accusative	target-surface	target-lexeme-identity,target-morphological-cell			48	48	0	48		weak	large	candidate-unreviewed	surface grouping is diagnostic only; target identity and complete morphology require review
1423	synodal:family-candidate:ff5a3e244b205d98338a2b91	candidate-family:synodal:family-candidate:ff5a3e244b205d98338a2b91	synodal:family-candidate:ff5a3e244b205d98338a2b91	трапезѣ	unknown	трапезѣ:48	48	48	48	45		ud:NOUN:Case=Loc+Gender=Fem+Number=Sing,untyped	target-surface,typed-cell-candidate	target-lexeme-identity,target-morphological-cell	an OCS treebank cell requires an independent exact Synodal surface witness		48	48	0	48		weak	large	candidate-unreviewed	surface grouping is diagnostic only; target identity and complete morphology require review
1424	synodal:family-candidate:114c54bb49a7e6c59710a080	candidate-family:synodal:family-candidate:114c54bb49a7e6c59710a080	synodal:family-candidate:114c54bb49a7e6c59710a080	соблазнъ	unknown	соблазнъ:47	47	47	47	45		untyped	target-surface	target-lexeme-identity,target-morphological-cell			47	47	0	47		weak	large	candidate-unreviewed	surface grouping is diagnostic only; target identity and complete morphology require review
1425	synodal:family-candidate:462c9a1b276f7a22c64d5893	candidate-family:synodal:family-candidate:462c9a1b276f7a22c64d5893	synodal:family-candidate:462c9a1b276f7a22c64d5893	ѹтверд-	unknown	ѹтверди:47	47	47	47	46		possible-nominative-plural	target-surface	target-lexeme-identity,target-morphological-cell			47	47	0	47		weak	large	candidate-unreviewed	surface grouping is diagnostic only; target identity and complete morphology require review
1426	synodal:family-candidate:502261eb4b8da29993852955	candidate-family:synodal:family-candidate:502261eb4b8da29993852955	synodal:family-candidate:502261eb4b8da29993852955	рекій	unknown	рекій:47	47	47	47	47		untyped	target-surface	target-lexeme-identity,target-morphological-cell			47	47	0	47		weak	large	candidate-unreviewed	surface grouping is diagnostic only; target identity and complete morphology require review
1427	synodal:family-candidate:5b581be14038865a58397e33	candidate-family:synodal:family-candidate:5b581be14038865a58397e33	synodal:family-candidate:5b581be14038865a58397e33	ѹслышатъ	unknown	ѹслышатъ:47	47	47	47	46		possible-finite-verb	target-surface	target-lexeme-identity,target-morphological-cell			47	47	0	47		weak	large	candidate-unreviewed	surface grouping is diagnostic only; target identity and complete morphology require review
1428	synodal:family-candidate:7951a3d69c34e831f50c9dc9	candidate-family:synodal:family-candidate:7951a3d69c34e831f50c9dc9	synodal:family-candidate:7951a3d69c34e831f50c9dc9	сильный	unknown	сильный:47	47	47	47	47		untyped	target-surface	target-lexeme-identity,target-morphological-cell			47	47	0	47		weak	large	candidate-unreviewed	surface grouping is diagnostic only; target identity and complete morphology require review
1429	synodal:family-candidate:83db553c2070b10c203faa6c	candidate-family:synodal:family-candidate:83db553c2070b10c203faa6c	synodal:family-candidate:83db553c2070b10c203faa6c	изм-	unknown	изми:47	47	47	47	46		possible-nominative-plural	target-surface	target-lexeme-identity,target-morphological-cell			47	47	0	47		weak	large	candidate-unreviewed	surface grouping is diagnostic only; target identity and complete morphology require review
1430	synodal:family-candidate:853cc7a27303e2f43b328785	candidate-family:synodal:family-candidate:853cc7a27303e2f43b328785	synodal:family-candidate:853cc7a27303e2f43b328785	наполнис-	unknown	наполнисѧ:47	47	47	47	43		possible-nominative-feminine-or-genitive-accusative	target-surface	target-lexeme-identity,target-morphological-cell			47	47	0	47		weak	large	candidate-unreviewed	surface grouping is diagnostic only; target identity and complete morphology require review
1431	synodal:family-candidate:8ce69a9975c970df3c1d8a58	candidate-family:synodal:family-candidate:8ce69a9975c970df3c1d8a58	synodal:family-candidate:8ce69a9975c970df3c1d8a58	впад-	unknown	впадетъ:47	47	47	47	47		possible-finite-verb	target-surface	target-lexeme-identity,target-morphological-cell			47	47	0	47		weak	large	candidate-unreviewed	surface grouping is diagnostic only; target identity and complete morphology require review
1432	synodal:family-candidate:9c56b62e7d108197f95cf200	candidate-family:synodal:family-candidate:9c56b62e7d108197f95cf200	synodal:family-candidate:9c56b62e7d108197f95cf200	утверд-	unknown	ᲂутверди:47	47	47	47	46		possible-nominative-plural	target-surface	target-lexeme-identity,target-morphological-cell			47	47	0	47		weak	large	candidate-unreviewed	surface grouping is diagnostic only; target identity and complete morphology require review
1433	synodal:family-candidate:d1a102217843abae2cd3c013	candidate-family:synodal:family-candidate:d1a102217843abae2cd3c013	synodal:family-candidate:d1a102217843abae2cd3c013	пристꙋпль	unknown	пристꙋпль:47	47	47	47	47		untyped	target-surface	target-lexeme-identity,target-morphological-cell			47	47	0	47		weak	large	candidate-unreviewed	surface grouping is diagnostic only; target identity and complete morphology require review
1434	synodal:family-candidate:01fb2c0149dfacc9afa48cf2	candidate-family:synodal:family-candidate:01fb2c0149dfacc9afa48cf2	synodal:family-candidate:01fb2c0149dfacc9afa48cf2	взаимъ	unknown	взаимъ:46	46	46	46	42		untyped	target-surface	target-lexeme-identity,target-morphological-cell			46	46	0	46		weak	large	candidate-unreviewed	surface grouping is diagnostic only; target identity and complete morphology require review
1435	synodal:family-candidate:053184ea95c96b2322077d27	candidate-family:synodal:family-candidate:053184ea95c96b2322077d27	synodal:family-candidate:053184ea95c96b2322077d27	болѣ-	unknown	болѣе:46	46	46	46	44		possible-vocative-or-finite-verb	target-surface	target-lexeme-identity,target-morphological-cell			46	46	0	46		weak	large	candidate-unreviewed	surface grouping is diagnostic only; target identity and complete morphology require review
1436	synodal:family-candidate:0d1c4bf916297921ceb869c4	candidate-family:synodal:family-candidate:0d1c4bf916297921ceb869c4	synodal:family-candidate:0d1c4bf916297921ceb869c4	изшедш-	unknown	изшедше:46	46	46	46	46		possible-vocative-or-finite-verb	target-surface	target-lexeme-identity,target-morphological-cell			46	46	0	46		weak	large	candidate-unreviewed	surface grouping is diagnostic only; target identity and complete morphology require review
1437	synodal:family-candidate:101e045bbc133cd7177f9f48	candidate-family:synodal:family-candidate:101e045bbc133cd7177f9f48	synodal:family-candidate:101e045bbc133cd7177f9f48	наполн-	unknown	наполни:46	46	46	46	46		possible-nominative-plural	target-surface	target-lexeme-identity,target-morphological-cell			46	46	0	46		weak	large	candidate-unreviewed	surface grouping is diagnostic only; target identity and complete morphology require review
1438	synodal:family-candidate:14c96299429565d3175b2333	candidate-family:synodal:family-candidate:14c96299429565d3175b2333	synodal:family-candidate:14c96299429565d3175b2333	юниц-	unknown	юницы:46	46	46	46	46		possible-nominative-plural	target-surface	target-lexeme-identity,target-morphological-cell			46	46	0	46		weak	large	candidate-unreviewed	surface grouping is diagnostic only; target identity and complete morphology require review
1439	synodal:family-candidate:24f9ee33f832797360473838	candidate-family:synodal:family-candidate:24f9ee33f832797360473838	synodal:family-candidate:24f9ee33f832797360473838	тайн-	unknown	тайны:46	46	46	46	46		possible-nominative-plural	target-surface	target-lexeme-identity,target-morphological-cell			46	46	0	46		weak	large	candidate-unreviewed	surface grouping is diagnostic only; target identity and complete morphology require review
1440	synodal:family-candidate:2a3b6de1fdcd561d8c65fb85	candidate-family:synodal:family-candidate:2a3b6de1fdcd561d8c65fb85	synodal:family-candidate:2a3b6de1fdcd561d8c65fb85	жатвꙋ	unknown	жатвꙋ:46	46	46	46	46		untyped	target-surface	target-lexeme-identity,target-morphological-cell			46	46	0	46		weak	large	candidate-unreviewed	surface grouping is diagnostic only; target identity and complete morphology require review
1441	synodal:family-candidate:30bd8b520872f2b19c9f1e8f	candidate-family:synodal:family-candidate:30bd8b520872f2b19c9f1e8f	synodal:family-candidate:30bd8b520872f2b19c9f1e8f	извелъ	unknown	извелъ:46	46	46	46	46		untyped	target-surface	target-lexeme-identity,target-morphological-cell			46	46	0	46		weak	large	candidate-unreviewed	surface grouping is diagnostic only; target identity and complete morphology require review
1442	synodal:family-candidate:3710cf6f6f764e27292e7ff5	candidate-family:synodal:family-candidate:3710cf6f6f764e27292e7ff5	synodal:family-candidate:3710cf6f6f764e27292e7ff5	навед-	unknown	наведе:46	46	46	46	46		possible-vocative-or-finite-verb,ud:VERB:Aspect=Perf+Mood=Ind+Number=Sing+Person=2+Tense=Past+VerbForm=Fin+Voice=Act,ud:VERB:Aspect=Perf+Mood=Ind+Number=Sing+Person=3+Tense=Past+VerbForm=Fin+Voice=Act	target-surface,typed-cell-candidate	target-lexeme-identity,target-morphological-cell	an OCS treebank cell requires an independent exact Synodal surface witness | more than one source-partition treebank lemma or cell matches the target surface		46	46	0	46		weak	large	candidate-unreviewed	surface grouping is diagnostic only; target identity and complete morphology require review
1443	synodal:family-candidate:404cc1932e886367cf0e9dd0	candidate-family:synodal:family-candidate:404cc1932e886367cf0e9dd0	synodal:family-candidate:404cc1932e886367cf0e9dd0	обыча-	unknown	ѡбычаю:46	46	46	46	46		untyped	target-surface	target-lexeme-identity,target-morphological-cell			46	46	0	46		weak	large	candidate-unreviewed	surface grouping is diagnostic only; target identity and complete morphology require review
1444	synodal:family-candidate:494d9e08c5927ddd696434bd	candidate-family:synodal:family-candidate:494d9e08c5927ddd696434bd	synodal:family-candidate:494d9e08c5927ddd696434bd	вопл-	unknown	воплѧ:46	46	46	46	44		possible-nominative-feminine-or-genitive-accusative	target-surface	target-lexeme-identity,target-morphological-cell			46	46	0	46		weak	large	candidate-unreviewed	surface grouping is diagnostic only; target identity and complete morphology require review
1445	synodal:family-candidate:540b54071e171df96fabfe24	candidate-family:synodal:family-candidate:540b54071e171df96fabfe24	synodal:family-candidate:540b54071e171df96fabfe24	жерцєвъ	unknown	жерцєвъ:46	46	46	46	46		untyped	target-surface	target-lexeme-identity,target-morphological-cell			46	46	0	46		weak	large	candidate-unreviewed	surface grouping is diagnostic only; target identity and complete morphology require review
1446	synodal:family-candidate:5b53e053cd74c06ae4327a5c	candidate-family:synodal:family-candidate:5b53e053cd74c06ae4327a5c	synodal:family-candidate:5b53e053cd74c06ae4327a5c	конц-	unknown	концы:46	46	46	46	46		possible-nominative-plural	target-surface	target-lexeme-identity,target-morphological-cell			46	46	0	46		weak	large	candidate-unreviewed	surface grouping is diagnostic only; target identity and complete morphology require review
1447	synodal:family-candidate:5b9fd95eeb9a48e6e6782775	candidate-family:synodal:family-candidate:5b9fd95eeb9a48e6e6782775	synodal:family-candidate:5b9fd95eeb9a48e6e6782775	вопрошаш-	unknown	вопрошаше:46	46	46	46	45		possible-vocative-or-finite-verb	target-surface	target-lexeme-identity,target-morphological-cell			46	46	0	46		weak	large	candidate-unreviewed	surface grouping is diagnostic only; target identity and complete morphology require review
1448	synodal:family-candidate:5d8e2739ce30d43c2acca78c	candidate-family:synodal:family-candidate:5d8e2739ce30d43c2acca78c	synodal:family-candidate:5d8e2739ce30d43c2acca78c	седмижд-	unknown	седмижды:46	46	46	46	46		possible-nominative-plural	target-surface	target-lexeme-identity,target-morphological-cell			46	46	0	46		weak	large	candidate-unreviewed	surface grouping is diagnostic only; target identity and complete morphology require review
1449	synodal:family-candidate:5e257ad84e2d3a4f36a20a1f	candidate-family:synodal:family-candidate:5e257ad84e2d3a4f36a20a1f	synodal:family-candidate:5e257ad84e2d3a4f36a20a1f	возненавид-	unknown	возненавидѣхъ:46	46	46	46	46		possible-genitive-or-locative-plural	target-surface	target-lexeme-identity,target-morphological-cell			46	46	0	46		weak	large	candidate-unreviewed	surface grouping is diagnostic only; target identity and complete morphology require review
1450	synodal:family-candidate:62ec705bf422cc43a0a24a62	candidate-family:synodal:family-candidate:62ec705bf422cc43a0a24a62	synodal:family-candidate:62ec705bf422cc43a0a24a62	высоко-	unknown	высокою:46	46	46	46	46		untyped	target-surface	target-lexeme-identity,target-morphological-cell			46	46	0	46		weak	large	candidate-unreviewed	surface grouping is diagnostic only; target identity and complete morphology require review
1451	synodal:family-candidate:684fbefbf520bcfca591df4b	candidate-family:synodal:family-candidate:684fbefbf520bcfca591df4b	synodal:family-candidate:684fbefbf520bcfca591df4b	имѣѧхꙋ	unknown	имѣѧхꙋ:46	46	46	46	45		untyped	target-surface	target-lexeme-identity,target-morphological-cell			46	46	0	46		weak	large	candidate-unreviewed	surface grouping is diagnostic only; target identity and complete morphology require review
1452	synodal:family-candidate:6abcc58122448cd2fe0eee15	candidate-family:synodal:family-candidate:6abcc58122448cd2fe0eee15	synodal:family-candidate:6abcc58122448cd2fe0eee15	облечес-	unknown	ѡблечесѧ:46	46	46	46	44		possible-nominative-feminine-or-genitive-accusative	target-surface	target-lexeme-identity,target-morphological-cell			46	46	0	46		weak	large	candidate-unreviewed	surface grouping is diagnostic only; target identity and complete morphology require review
1453	synodal:family-candidate:71fdf84ae5d84946ab3beb48	candidate-family:synodal:family-candidate:71fdf84ae5d84946ab3beb48	synodal:family-candidate:71fdf84ae5d84946ab3beb48	колесниц-	unknown	колесницы:46	46	46	46	44		possible-nominative-plural	target-surface	target-lexeme-identity,target-morphological-cell			46	46	0	46		weak	large	candidate-unreviewed	surface grouping is diagnostic only; target identity and complete morphology require review
1454	synodal:family-candidate:764d17d46e4d3226789f4652	candidate-family:synodal:family-candidate:764d17d46e4d3226789f4652	synodal:family-candidate:764d17d46e4d3226789f4652	болїй	unknown	болїй:46	46	46	46	41		untyped	target-surface	target-lexeme-identity,target-morphological-cell			46	46	0	46		weak	large	candidate-unreviewed	surface grouping is diagnostic only; target identity and complete morphology require review
1455	synodal:family-candidate:78727524cdf075030e9bf9ff	candidate-family:synodal:family-candidate:78727524cdf075030e9bf9ff	synodal:family-candidate:78727524cdf075030e9bf9ff	срамотꙋ	unknown	срамотꙋ:46	46	46	46	40		untyped	target-surface	target-lexeme-identity,target-morphological-cell			46	46	0	46		weak	large	candidate-unreviewed	surface grouping is diagnostic only; target identity and complete morphology require review
1456	synodal:family-candidate:80e04f55135c7a237590bf86	candidate-family:synodal:family-candidate:80e04f55135c7a237590bf86	synodal:family-candidate:80e04f55135c7a237590bf86	возвратитес-	unknown	возвратитесѧ:46	46	46	46	46		possible-nominative-feminine-or-genitive-accusative	target-surface	target-lexeme-identity,target-morphological-cell			46	46	0	46		weak	large	candidate-unreviewed	surface grouping is diagnostic only; target identity and complete morphology require review
1457	synodal:family-candidate:81948c5c9de0ad5c140be403	candidate-family:synodal:family-candidate:81948c5c9de0ad5c140be403	synodal:family-candidate:81948c5c9de0ad5c140be403	судит-	unknown	сꙋдите:46	46	46	46	44		possible-vocative-or-finite-verb	target-surface	target-lexeme-identity,target-morphological-cell			46	46	0	46		weak	large	candidate-unreviewed	surface grouping is diagnostic only; target identity and complete morphology require review
1458	synodal:family-candidate:878d558d0d4f67c2fc6c56c9	candidate-family:synodal:family-candidate:878d558d0d4f67c2fc6c56c9	synodal:family-candidate:878d558d0d4f67c2fc6c56c9	аморре-	unknown	аморреа:46	46	46	46	46		possible-nominative-feminine-or-genitive-accusative	target-surface	target-lexeme-identity,target-morphological-cell			46	46	0	46		weak	large	candidate-unreviewed	surface grouping is diagnostic only; target identity and complete morphology require review
1459	synodal:family-candidate:8818792ac71741df99bb33b0	candidate-family:synodal:family-candidate:8818792ac71741df99bb33b0	synodal:family-candidate:8818792ac71741df99bb33b0	приложис-	unknown	приложисѧ:46	46	46	46	44		possible-nominative-feminine-or-genitive-accusative	target-surface	target-lexeme-identity,target-morphological-cell			46	46	0	46		weak	large	candidate-unreviewed	surface grouping is diagnostic only; target identity and complete morphology require review
1460	synodal:family-candidate:94c926b60ed906f9f7aa627a	candidate-family:synodal:family-candidate:94c926b60ed906f9f7aa627a	synodal:family-candidate:94c926b60ed906f9f7aa627a	благословени-	unknown	благословенїе:46	46	46	46	44		possible-vocative-or-finite-verb	target-surface	target-lexeme-identity,target-morphological-cell			46	46	0	46		weak	large	candidate-unreviewed	surface grouping is diagnostic only; target identity and complete morphology require review
1461	synodal:family-candidate:95bf7cb0c37973cca369f5c5	candidate-family:synodal:family-candidate:95bf7cb0c37973cca369f5c5	synodal:family-candidate:95bf7cb0c37973cca369f5c5	безꙋменъ	unknown	безꙋменъ:46	46	46	46	46		untyped	target-surface	target-lexeme-identity,target-morphological-cell			46	46	0	46		weak	large	candidate-unreviewed	surface grouping is diagnostic only; target identity and complete morphology require review
1462	synodal:family-candidate:97b5edfaf6c415bca6f3c7d5	candidate-family:synodal:family-candidate:97b5edfaf6c415bca6f3c7d5	synodal:family-candidate:97b5edfaf6c415bca6f3c7d5	приход-	unknown	приходитъ:46	46	46	46	45		possible-finite-verb,ud:VERB:Mood=Ind+Number=Sing+Person=3+Tense=Pres+VerbForm=Fin+Voice=Act	target-surface,typed-cell-candidate	target-lexeme-identity,target-morphological-cell	an OCS treebank cell requires an independent exact Synodal surface witness		46	46	0	46		weak	large	candidate-unreviewed	surface grouping is diagnostic only; target identity and complete morphology require review
1463	synodal:family-candidate:9a979cedaeffe5e8e0c510d7	candidate-family:synodal:family-candidate:9a979cedaeffe5e8e0c510d7	synodal:family-candidate:9a979cedaeffe5e8e0c510d7	жрєби-	unknown	жрєбїѧ:46	46	46	46	41		possible-nominative-feminine-or-genitive-accusative	target-surface	target-lexeme-identity,target-morphological-cell			46	46	0	46		weak	large	candidate-unreviewed	surface grouping is diagnostic only; target identity and complete morphology require review
1464	synodal:family-candidate:9e174b9a3926e2615a90ceec	candidate-family:synodal:family-candidate:9e174b9a3926e2615a90ceec	synodal:family-candidate:9e174b9a3926e2615a90ceec	мꙋжескїй	unknown	мꙋжескїй:46	46	46	46	42		untyped	target-surface	target-lexeme-identity,target-morphological-cell			46	46	0	46		weak	large	candidate-unreviewed	surface grouping is diagnostic only; target identity and complete morphology require review
1465	synodal:family-candidate:a4d5d07fbf4040b852d49866	candidate-family:synodal:family-candidate:a4d5d07fbf4040b852d49866	synodal:family-candidate:a4d5d07fbf4040b852d49866	преданъ	unknown	преданъ:46	46	46	46	44		untyped	target-surface	target-lexeme-identity,target-morphological-cell			46	46	0	46		weak	large	candidate-unreviewed	surface grouping is diagnostic only; target identity and complete morphology require review
1466	synodal:family-candidate:a991a7ccbccc34cd8ec88c23	candidate-family:synodal:family-candidate:a991a7ccbccc34cd8ec88c23	synodal:family-candidate:a991a7ccbccc34cd8ec88c23	созв-	unknown	созва:46	46	46	46	46		possible-nominative-feminine-or-genitive-accusative	target-surface	target-lexeme-identity,target-morphological-cell			46	46	0	46		weak	large	candidate-unreviewed	surface grouping is diagnostic only; target identity and complete morphology require review
1467	synodal:family-candidate:abcf65fb83627de0b9938622	candidate-family:synodal:family-candidate:abcf65fb83627de0b9938622	synodal:family-candidate:abcf65fb83627de0b9938622	бур-	unknown	бꙋрѧ:46	46	46	46	44		possible-nominative-feminine-or-genitive-accusative	target-surface	target-lexeme-identity,target-morphological-cell			46	46	0	46		weak	large	candidate-unreviewed	surface grouping is diagnostic only; target identity and complete morphology require review
1468	synodal:family-candidate:b13e12773c457e6445d0d409	candidate-family:synodal:family-candidate:b13e12773c457e6445d0d409	synodal:family-candidate:b13e12773c457e6445d0d409	щедрот-	unknown	щедрѡты:46	46	46	46	44		possible-nominative-plural	target-surface	target-lexeme-identity,target-morphological-cell			46	46	0	46		weak	large	candidate-unreviewed	surface grouping is diagnostic only; target identity and complete morphology require review
1469	synodal:family-candidate:bd729c889a0a140a4048756d	candidate-family:synodal:family-candidate:bd729c889a0a140a4048756d	synodal:family-candidate:bd729c889a0a140a4048756d	саваоѳ-	unknown	саваѡѳа:46	46	46	46	46		possible-nominative-feminine-or-genitive-accusative	target-surface	target-lexeme-identity,target-morphological-cell			46	46	0	46		weak	large	candidate-unreviewed	surface grouping is diagnostic only; target identity and complete morphology require review
1470	synodal:family-candidate:d5b6f38fa1797e1dad1984fc	candidate-family:synodal:family-candidate:d5b6f38fa1797e1dad1984fc	synodal:family-candidate:d5b6f38fa1797e1dad1984fc	іѡдай	unknown	іѡдай:46	46	46	46	42		untyped	target-surface	target-lexeme-identity,target-morphological-cell			46	46	0	46		weak	large	candidate-unreviewed	surface grouping is diagnostic only; target identity and complete morphology require review
1471	synodal:family-candidate:dfa133c6fb8ab2f903eb02d6	candidate-family:synodal:family-candidate:dfa133c6fb8ab2f903eb02d6	synodal:family-candidate:dfa133c6fb8ab2f903eb02d6	земсти-	unknown	земстїи:46	46	46	46	42		possible-nominative-plural	target-surface	target-lexeme-identity,target-morphological-cell			46	46	0	46		weak	large	candidate-unreviewed	surface grouping is diagnostic only; target identity and complete morphology require review
1472	synodal:family-candidate:e6ce053af50b7ad4959530de	candidate-family:synodal:family-candidate:e6ce053af50b7ad4959530de	synodal:family-candidate:e6ce053af50b7ad4959530de	весь	determiner	весьма:46	46	46	46	46		possible-nominative-feminine-or-genitive-accusative	target-surface	target-lexeme-identity,target-morphological-cell			46	46	0	46		weak	large	candidate-unreviewed	surface grouping is diagnostic only; target identity and complete morphology require review
1473	synodal:family-candidate:e8b193752fa658f56ab79ffa	candidate-family:synodal:family-candidate:e8b193752fa658f56ab79ffa	synodal:family-candidate:e8b193752fa658f56ab79ffa	гордын-	unknown	гордыни:46	46	46	46	46		possible-nominative-plural	target-surface	target-lexeme-identity,target-morphological-cell			46	46	0	46		weak	large	candidate-unreviewed	surface grouping is diagnostic only; target identity and complete morphology require review
1474	synodal:family-candidate:e9bb58df987e4c853e30be98	candidate-family:synodal:family-candidate:e9bb58df987e4c853e30be98	synodal:family-candidate:e9bb58df987e4c853e30be98	ᲂуслышатъ	unknown	ᲂуслышатъ:46	46	46	46	46		possible-finite-verb	target-surface	target-lexeme-identity,target-morphological-cell			46	46	0	46		weak	large	candidate-unreviewed	surface grouping is diagnostic only; target identity and complete morphology require review
1475	synodal:family-candidate:f043fe4a716675216e016d6a	candidate-family:synodal:family-candidate:f043fe4a716675216e016d6a	synodal:family-candidate:f043fe4a716675216e016d6a	взыдꙋ	unknown	взыдꙋ:46	46	46	46	46		untyped	target-surface	target-lexeme-identity,target-morphological-cell			46	46	0	46		weak	large	candidate-unreviewed	surface grouping is diagnostic only; target identity and complete morphology require review
1476	synodal:family-candidate:f23c8d2b70d4d83e5b25de53	candidate-family:synodal:family-candidate:f23c8d2b70d4d83e5b25de53	synodal:family-candidate:f23c8d2b70d4d83e5b25de53	древѣ	unknown	древѣ:46	46	46	46	42		untyped	target-surface	target-lexeme-identity,target-morphological-cell			46	46	0	46		weak	large	candidate-unreviewed	surface grouping is diagnostic only; target identity and complete morphology require review
1477	synodal:family-candidate:f3a4bc6db9d8d9984de74e06	candidate-family:synodal:family-candidate:f3a4bc6db9d8d9984de74e06	synodal:family-candidate:f3a4bc6db9d8d9984de74e06	боѧйс-	unknown	боѧйсѧ:46	46	46	46	46		possible-nominative-feminine-or-genitive-accusative	target-surface	target-lexeme-identity,target-morphological-cell			46	46	0	46		weak	large	candidate-unreviewed	surface grouping is diagnostic only; target identity and complete morphology require review
1478	synodal:family-candidate:f5bdef34ed2bd29d2239726f	candidate-family:synodal:family-candidate:f5bdef34ed2bd29d2239726f	synodal:family-candidate:f5bdef34ed2bd29d2239726f	ваалꙋ	unknown	ваалꙋ:46	46	46	46	44		untyped	target-surface	target-lexeme-identity,target-morphological-cell			46	46	0	46		weak	large	candidate-unreviewed	surface grouping is diagnostic only; target identity and complete morphology require review
1479	synodal:family-candidate:f6b7a04e4ae2218585471aae	candidate-family:synodal:family-candidate:f6b7a04e4ae2218585471aae	synodal:family-candidate:f6b7a04e4ae2218585471aae	тови-	unknown	тѡвіа:46	46	46	46	46		possible-nominative-feminine-or-genitive-accusative	target-surface	target-lexeme-identity,target-morphological-cell			46	46	0	46		weak	large	candidate-unreviewed	surface grouping is diagnostic only; target identity and complete morphology require review
1480	synodal:family-candidate:f6cadf2897462d50c718fbe7	candidate-family:synodal:family-candidate:f6cadf2897462d50c718fbe7	synodal:family-candidate:f6cadf2897462d50c718fbe7	манассіинꙋ	unknown	манассіинꙋ:46	46	46	46	46		untyped	target-surface	target-lexeme-identity,target-morphological-cell			46	46	0	46		weak	large	candidate-unreviewed	surface grouping is diagnostic only; target identity and complete morphology require review
1481	synodal:family-candidate:4a999c4cb2586642acd2ef52	candidate-family:synodal:family-candidate:4a999c4cb2586642acd2ef52	synodal:family-candidate:4a999c4cb2586642acd2ef52	новꙋ	unknown	новꙋ:45	45	45	45	45		untyped	target-surface	target-lexeme-identity,target-morphological-cell			45	45	0	45		weak	large	candidate-unreviewed	surface grouping is diagnostic only; target identity and complete morphology require review
1482	synodal:family-candidate:5aaf51772ac54d9e04705545	candidate-family:synodal:family-candidate:5aaf51772ac54d9e04705545	synodal:family-candidate:5aaf51772ac54d9e04705545	непорочн-	unknown	непорочна:45	45	45	45	41		possible-nominative-feminine-or-genitive-accusative,ud:ADJ:Case=Nom+Degree=Pos+Gender=Fem+Number=Sing+Variant=Short	target-surface,typed-cell-candidate	target-lexeme-identity,target-morphological-cell	an OCS treebank cell requires an independent exact Synodal surface witness		45	45	0	45		weak	large	candidate-unreviewed	surface grouping is diagnostic only; target identity and complete morphology require review
1483	synodal:family-candidate:654664fd2a8051ec26759d84	candidate-family:synodal:family-candidate:654664fd2a8051ec26759d84	synodal:family-candidate:654664fd2a8051ec26759d84	исполнѧтс-	unknown	исполнѧтсѧ:45	45	45	45	45		possible-nominative-feminine-or-genitive-accusative	target-surface	target-lexeme-identity,target-morphological-cell			45	45	0	45		weak	large	candidate-unreviewed	surface grouping is diagnostic only; target identity and complete morphology require review
1484	synodal:family-candidate:6b8c8208cd1d2bdf5a19f669	candidate-family:synodal:family-candidate:6b8c8208cd1d2bdf5a19f669	synodal:family-candidate:6b8c8208cd1d2bdf5a19f669	помазани-	unknown	помазанїѧ:45	45	45	45	45		possible-nominative-feminine-or-genitive-accusative	target-surface	target-lexeme-identity,target-morphological-cell			45	45	0	45		weak	large	candidate-unreviewed	surface grouping is diagnostic only; target identity and complete morphology require review
1485	synodal:family-candidate:7a02bf10a65531c8065c6699	candidate-family:synodal:family-candidate:7a02bf10a65531c8065c6699	synodal:family-candidate:7a02bf10a65531c8065c6699	смирени-	unknown	смиренїе:45	45	45	45	45		possible-vocative-or-finite-verb	target-surface	target-lexeme-identity,target-morphological-cell			45	45	0	45		weak	large	candidate-unreviewed	surface grouping is diagnostic only; target identity and complete morphology require review
1486	synodal:family-candidate:7efc2533246ff25caa7b968b	candidate-family:synodal:family-candidate:7efc2533246ff25caa7b968b	synodal:family-candidate:7efc2533246ff25caa7b968b	внꙋтрьꙋдꙋ	unknown	внꙋтрьꙋдꙋ:45	45	45	45	45		untyped	target-surface	target-lexeme-identity,target-morphological-cell			45	45	0	45		weak	large	candidate-unreviewed	surface grouping is diagnostic only; target identity and complete morphology require review
1487	synodal:family-candidate:9f0977d6e300ce49909f9c4a	candidate-family:synodal:family-candidate:9f0977d6e300ce49909f9c4a	synodal:family-candidate:9f0977d6e300ce49909f9c4a	дверь	unknown	дверь:45	45	45	45	43		untyped	target-surface	target-lexeme-identity,target-morphological-cell			45	45	0	45		weak	large	candidate-unreviewed	surface grouping is diagnostic only; target identity and complete morphology require review
1488	synodal:family-candidate:9f0d056b0613ced1797aaa92	candidate-family:synodal:family-candidate:9f0d056b0613ced1797aaa92	synodal:family-candidate:9f0d056b0613ced1797aaa92	иудейск-	unknown	іꙋдейска:45	45	45	45	44		possible-nominative-feminine-or-genitive-accusative	target-surface	target-lexeme-identity,target-morphological-cell			45	45	0	45		weak	large	candidate-unreviewed	surface grouping is diagnostic only; target identity and complete morphology require review
1489	synodal:family-candidate:b869c3a64e01341175762344	candidate-family:synodal:family-candidate:b869c3a64e01341175762344	synodal:family-candidate:b869c3a64e01341175762344	добра-	unknown	дѡбраѧ:45	45	45	45	43		possible-nominative-feminine-or-genitive-accusative	target-surface	target-lexeme-identity,target-morphological-cell			45	45	0	45		weak	large	candidate-unreviewed	surface grouping is diagnostic only; target identity and complete morphology require review
1490	synodal:family-candidate:bda0be7b6e233763ed5cb138	candidate-family:synodal:family-candidate:bda0be7b6e233763ed5cb138	synodal:family-candidate:bda0be7b6e233763ed5cb138	изведꙋ	unknown	изведꙋ:45	45	45	45	45		untyped	target-surface	target-lexeme-identity,target-morphological-cell			45	45	0	45		weak	large	candidate-unreviewed	surface grouping is diagnostic only; target identity and complete morphology require review
1491	synodal:family-candidate:be6978af30231b29f2c44a09	candidate-family:synodal:family-candidate:be6978af30231b29f2c44a09	synodal:family-candidate:be6978af30231b29f2c44a09	дво-	unknown	двое:45	45	45	45	41		possible-vocative-or-finite-verb	target-surface	target-lexeme-identity,target-morphological-cell			45	45	0	45		weak	large	candidate-unreviewed	surface grouping is diagnostic only; target identity and complete morphology require review
1492	synodal:family-candidate:d44b414b48864c2d711ec441	candidate-family:synodal:family-candidate:d44b414b48864c2d711ec441	synodal:family-candidate:d44b414b48864c2d711ec441	закон-	unknown	законѡвъ:45	45	45	45	45		possible-genitive-or-locative-plural	target-surface	target-lexeme-identity,target-morphological-cell			45	45	0	45		weak	large	candidate-unreviewed	surface grouping is diagnostic only; target identity and complete morphology require review
1493	synodal:family-candidate:017a7afbddbefc638522cf77	candidate-family:synodal:family-candidate:017a7afbddbefc638522cf77	synodal:family-candidate:017a7afbddbefc638522cf77	совѣщаш-	unknown	совѣщаша:44	44	44	44	44		possible-nominative-feminine-or-genitive-accusative	target-surface	target-lexeme-identity,target-morphological-cell			44	44	0	44		weak	large	candidate-unreviewed	surface grouping is diagnostic only; target identity and complete morphology require review
1494	synodal:family-candidate:04f8d5dd381cb2838d4f1dfa	candidate-family:synodal:family-candidate:04f8d5dd381cb2838d4f1dfa	synodal:family-candidate:04f8d5dd381cb2838d4f1dfa	хир-	unknown	хїрамъ:44	44	44	44	36		untyped	target-surface	target-lexeme-identity,target-morphological-cell			44	44	0	44		weak	large	candidate-unreviewed	surface grouping is diagnostic only; target identity and complete morphology require review
1495	synodal:family-candidate:07941b2dd99659da83540273	candidate-family:synodal:family-candidate:07941b2dd99659da83540273	synodal:family-candidate:07941b2dd99659da83540273	неправдѣ	unknown	неправдѣ:44	44	44	44	40		untyped	target-surface	target-lexeme-identity,target-morphological-cell			44	44	0	44		weak	large	candidate-unreviewed	surface grouping is diagnostic only; target identity and complete morphology require review
1496	synodal:family-candidate:0e331a22e0d6ffbd212c83cf	candidate-family:synodal:family-candidate:0e331a22e0d6ffbd212c83cf	synodal:family-candidate:0e331a22e0d6ffbd212c83cf	отвержес-	unknown	ѿвержесѧ:44	44	44	44	44		possible-nominative-feminine-or-genitive-accusative	target-surface	target-lexeme-identity,target-morphological-cell			44	44	0	44		weak	large	candidate-unreviewed	surface grouping is diagnostic only; target identity and complete morphology require review
1497	synodal:family-candidate:0ffe74e788f309041f4cbb52	candidate-family:synodal:family-candidate:0ffe74e788f309041f4cbb52	synodal:family-candidate:0ffe74e788f309041f4cbb52	дыхани-	unknown	дыханїе:44	44	44	44	44		possible-vocative-or-finite-verb	target-surface	target-lexeme-identity,target-morphological-cell			44	44	0	44		weak	large	candidate-unreviewed	surface grouping is diagnostic only; target identity and complete morphology require review
1498	synodal:family-candidate:1792e25466f79454e2e4627a	candidate-family:synodal:family-candidate:1792e25466f79454e2e4627a	synodal:family-candidate:1792e25466f79454e2e4627a	возвеличис-	unknown	возвеличисѧ:44	44	44	44	44		possible-nominative-feminine-or-genitive-accusative	target-surface	target-lexeme-identity,target-morphological-cell			44	44	0	44		weak	large	candidate-unreviewed	surface grouping is diagnostic only; target identity and complete morphology require review
1499	synodal:family-candidate:1ccb53cd0e5d3022c26d57d0	candidate-family:synodal:family-candidate:1ccb53cd0e5d3022c26d57d0	synodal:family-candidate:1ccb53cd0e5d3022c26d57d0	жезл-	unknown	жезломъ:44	44	44	44	44		possible-dative-plural-or-instrumental-singular	target-surface	target-lexeme-identity,target-morphological-cell			44	44	0	44		weak	large	candidate-unreviewed	surface grouping is diagnostic only; target identity and complete morphology require review
1500	synodal:family-candidate:1dbc4703c17c2eb3761f9299	candidate-family:synodal:family-candidate:1dbc4703c17c2eb3761f9299	synodal:family-candidate:1dbc4703c17c2eb3761f9299	право-	unknown	правое:44	44	44	44	44		possible-vocative-or-finite-verb	target-surface	target-lexeme-identity,target-morphological-cell			44	44	0	44		weak	large	candidate-unreviewed	surface grouping is diagnostic only; target identity and complete morphology require review
1501	synodal:family-candidate:2fd239d290ede6be8a6b5e79	candidate-family:synodal:family-candidate:2fd239d290ede6be8a6b5e79	synodal:family-candidate:2fd239d290ede6be8a6b5e79	вдовиц-	unknown	вдовицы:44	44	44	44	42		possible-nominative-plural	target-surface	target-lexeme-identity,target-morphological-cell			44	44	0	44		weak	large	candidate-unreviewed	surface grouping is diagnostic only; target identity and complete morphology require review
1502	synodal:family-candidate:311f6cb7b75c96dfe655d699	candidate-family:synodal:family-candidate:311f6cb7b75c96dfe655d699	synodal:family-candidate:311f6cb7b75c96dfe655d699	наслѣдит-	unknown	наслѣдите:44	44	44	44	42		possible-vocative-or-finite-verb	target-surface	target-lexeme-identity,target-morphological-cell			44	44	0	44		weak	large	candidate-unreviewed	surface grouping is diagnostic only; target identity and complete morphology require review
1503	synodal:family-candidate:384ce502a2099704f74dc601	candidate-family:synodal:family-candidate:384ce502a2099704f74dc601	synodal:family-candidate:384ce502a2099704f74dc601	исходѧй	unknown	исходѧй:44	44	44	44	44		untyped	target-surface	target-lexeme-identity,target-morphological-cell			44	44	0	44		weak	large	candidate-unreviewed	surface grouping is diagnostic only; target identity and complete morphology require review
1504	synodal:family-candidate:3fa586548f04fd50be4b5c2e	candidate-family:synodal:family-candidate:3fa586548f04fd50be4b5c2e	synodal:family-candidate:3fa586548f04fd50be4b5c2e	иудо-	unknown	іꙋдою:44	44	44	44	42		untyped	target-surface	target-lexeme-identity,target-morphological-cell			44	44	0	44		weak	large	candidate-unreviewed	surface grouping is diagnostic only; target identity and complete morphology require review
1505	synodal:family-candidate:46913e934abce80f2350f207	candidate-family:synodal:family-candidate:46913e934abce80f2350f207	synodal:family-candidate:46913e934abce80f2350f207	началникъ	unknown	началникъ:44	44	44	44	43		untyped	target-surface	target-lexeme-identity,target-morphological-cell			44	44	0	44		weak	large	candidate-unreviewed	surface grouping is diagnostic only; target identity and complete morphology require review
1506	synodal:family-candidate:48c1ae35ca7047e6949f9c92	candidate-family:synodal:family-candidate:48c1ae35ca7047e6949f9c92	synodal:family-candidate:48c1ae35ca7047e6949f9c92	адамъ	unknown	адамъ:44	44	44	44	42		ud:PROPN:Case=Nom+Gender=Masc+Number=Sing,untyped	target-surface,typed-cell-candidate	target-lexeme-identity,target-morphological-cell	an OCS treebank cell requires an independent exact Synodal surface witness		44	44	0	44		weak	large	candidate-unreviewed	surface grouping is diagnostic only; target identity and complete morphology require review
1507	synodal:family-candidate:4a071ff3cfd87b95a851f028	candidate-family:synodal:family-candidate:4a071ff3cfd87b95a851f028	synodal:family-candidate:4a071ff3cfd87b95a851f028	илій	unknown	илій:44	44	44	44	42		untyped	target-surface	target-lexeme-identity,target-morphological-cell			44	44	0	44		weak	large	candidate-unreviewed	surface grouping is diagnostic only; target identity and complete morphology require review
1508	synodal:family-candidate:4fe202437c35a976f00e761f	candidate-family:synodal:family-candidate:4fe202437c35a976f00e761f	synodal:family-candidate:4fe202437c35a976f00e761f	укрѣпис-	unknown	ᲂукрѣписѧ:44	44	44	44	44		possible-nominative-feminine-or-genitive-accusative	target-surface	target-lexeme-identity,target-morphological-cell			44	44	0	44		weak	large	candidate-unreviewed	surface grouping is diagnostic only; target identity and complete morphology require review
1509	synodal:family-candidate:5800f6d71abd73bd8d4d2fdd	candidate-family:synodal:family-candidate:5800f6d71abd73bd8d4d2fdd	synodal:family-candidate:5800f6d71abd73bd8d4d2fdd	приѧст-	unknown	прїѧсте:44	44	44	44	40		possible-vocative-or-finite-verb	target-surface	target-lexeme-identity,target-morphological-cell			44	44	0	44		weak	large	candidate-unreviewed	surface grouping is diagnostic only; target identity and complete morphology require review
1510	synodal:family-candidate:7b1336c5c50b8ee4e15dcc3d	candidate-family:synodal:family-candidate:7b1336c5c50b8ee4e15dcc3d	synodal:family-candidate:7b1336c5c50b8ee4e15dcc3d	двꙋхъ	unknown	двꙋхъ:44	44	44	44	44		untyped	target-surface	target-lexeme-identity,target-morphological-cell			44	44	0	44		weak	large	candidate-unreviewed	surface grouping is diagnostic only; target identity and complete morphology require review
1511	synodal:family-candidate:849ae1a759fd019f3309653e	candidate-family:synodal:family-candidate:849ae1a759fd019f3309653e	synodal:family-candidate:849ae1a759fd019f3309653e	обѣт-	unknown	ѡбѣты:44	44	44	44	42		possible-nominative-plural	target-surface	target-lexeme-identity,target-morphological-cell			44	44	0	44		weak	large	candidate-unreviewed	surface grouping is diagnostic only; target identity and complete morphology require review
1512	synodal:family-candidate:855c48183e2e1a28e53d2067	candidate-family:synodal:family-candidate:855c48183e2e1a28e53d2067	synodal:family-candidate:855c48183e2e1a28e53d2067	лукав-	unknown	лꙋкавагѡ:44	44	44	44	44		untyped	target-surface	target-lexeme-identity,target-morphological-cell			44	44	0	44		weak	large	candidate-unreviewed	surface grouping is diagnostic only; target identity and complete morphology require review
1513	synodal:family-candidate:88d102551456ae5b036e2035	candidate-family:synodal:family-candidate:88d102551456ae5b036e2035	synodal:family-candidate:88d102551456ae5b036e2035	собер-	unknown	соберетъ:44	44	44	44	42		possible-finite-verb	target-surface	target-lexeme-identity,target-morphological-cell			44	44	0	44		weak	large	candidate-unreviewed	surface grouping is diagnostic only; target identity and complete morphology require review
1514	synodal:family-candidate:8ccdc08070237169c47c7543	candidate-family:synodal:family-candidate:8ccdc08070237169c47c7543	synodal:family-candidate:8ccdc08070237169c47c7543	холмъ	unknown	холмъ:44	44	44	44	36		untyped	target-surface	target-lexeme-identity,target-morphological-cell			44	44	0	44		weak	large	candidate-unreviewed	surface grouping is diagnostic only; target identity and complete morphology require review
1515	synodal:family-candidate:91e00aed2381e47bb6c834fb	candidate-family:synodal:family-candidate:91e00aed2381e47bb6c834fb	synodal:family-candidate:91e00aed2381e47bb6c834fb	воздвигн-	unknown	воздвигнетъ:44	44	44	44	44		possible-finite-verb	target-surface	target-lexeme-identity,target-morphological-cell			44	44	0	44		weak	large	candidate-unreviewed	surface grouping is diagnostic only; target identity and complete morphology require review
1516	synodal:family-candidate:9422c0eca49f10e23bcf0e0f	candidate-family:synodal:family-candidate:9422c0eca49f10e23bcf0e0f	synodal:family-candidate:9422c0eca49f10e23bcf0e0f	ѹкрѣпис-	unknown	ѹкрѣписѧ:44	44	44	44	44		possible-nominative-feminine-or-genitive-accusative	target-surface	target-lexeme-identity,target-morphological-cell			44	44	0	44		weak	large	candidate-unreviewed	surface grouping is diagnostic only; target identity and complete morphology require review
1517	synodal:family-candidate:9a3b43d440b400872e3a4035	candidate-family:synodal:family-candidate:9a3b43d440b400872e3a4035	synodal:family-candidate:9a3b43d440b400872e3a4035	возможно	unknown	возможно:44	44	44	44	44		untyped	target-surface	target-lexeme-identity,target-morphological-cell			44	44	0	44		weak	large	candidate-unreviewed	surface grouping is diagnostic only; target identity and complete morphology require review
1518	synodal:family-candidate:9bdaa74473a2fdd2a2169940	candidate-family:synodal:family-candidate:9bdaa74473a2fdd2a2169940	synodal:family-candidate:9bdaa74473a2fdd2a2169940	послушаст-	unknown	послꙋшасте:44	44	44	44	44		possible-vocative-or-finite-verb	target-surface	target-lexeme-identity,target-morphological-cell			44	44	0	44		weak	large	candidate-unreviewed	surface grouping is diagnostic only; target identity and complete morphology require review
1519	synodal:family-candidate:b18a5076e967b5d181c4a8e7	candidate-family:synodal:family-candidate:b18a5076e967b5d181c4a8e7	synodal:family-candidate:b18a5076e967b5d181c4a8e7	скончас-	unknown	скончасѧ:44	44	44	44	44		possible-nominative-feminine-or-genitive-accusative	target-surface	target-lexeme-identity,target-morphological-cell			44	44	0	44		weak	large	candidate-unreviewed	surface grouping is diagnostic only; target identity and complete morphology require review
1520	synodal:family-candidate:b6ff1c7287b5b8711c19347a	candidate-family:synodal:family-candidate:b6ff1c7287b5b8711c19347a	synodal:family-candidate:b6ff1c7287b5b8711c19347a	древесъ	unknown	древесъ:44	44	44	44	42		untyped	target-surface	target-lexeme-identity,target-morphological-cell			44	44	0	44		weak	large	candidate-unreviewed	surface grouping is diagnostic only; target identity and complete morphology require review
1521	synodal:family-candidate:b93c3277a8781d36f74a1eb5	candidate-family:synodal:family-candidate:b93c3277a8781d36f74a1eb5	synodal:family-candidate:b93c3277a8781d36f74a1eb5	прострꙋ	unknown	прострꙋ:44	44	44	44	44		untyped	target-surface	target-lexeme-identity,target-morphological-cell			44	44	0	44		weak	large	candidate-unreviewed	surface grouping is diagnostic only; target identity and complete morphology require review
1522	synodal:family-candidate:b9f5e5107d697aa0154428e6	candidate-family:synodal:family-candidate:b9f5e5107d697aa0154428e6	synodal:family-candidate:b9f5e5107d697aa0154428e6	хеврѡнѣ	unknown	хеврѡнѣ:44	44	44	44	42		untyped	target-surface	target-lexeme-identity,target-morphological-cell			44	44	0	44		weak	large	candidate-unreviewed	surface grouping is diagnostic only; target identity and complete morphology require review
1523	synodal:family-candidate:baa81ec783fb7dccdd57f3bf	candidate-family:synodal:family-candidate:baa81ec783fb7dccdd57f3bf	synodal:family-candidate:baa81ec783fb7dccdd57f3bf	копи-	unknown	копїѧ:44	44	44	44	44		possible-nominative-feminine-or-genitive-accusative	target-surface	target-lexeme-identity,target-morphological-cell			44	44	0	44		weak	large	candidate-unreviewed	surface grouping is diagnostic only; target identity and complete morphology require review
1524	synodal:family-candidate:be76062073fa2d2c2d7e5967	candidate-family:synodal:family-candidate:be76062073fa2d2c2d7e5967	synodal:family-candidate:be76062073fa2d2c2d7e5967	ратов-	unknown	ратовати:44	44	44	44	44		possible-nominative-plural	target-surface	target-lexeme-identity,target-morphological-cell			44	44	0	44		weak	large	candidate-unreviewed	surface grouping is diagnostic only; target identity and complete morphology require review
1525	synodal:family-candidate:be7ad69543c7a8ecc349ba0c	candidate-family:synodal:family-candidate:be7ad69543c7a8ecc349ba0c	synodal:family-candidate:be7ad69543c7a8ecc349ba0c	покаѧни-	unknown	покаѧнїе:44	44	44	44	39		possible-vocative-or-finite-verb	target-surface	target-lexeme-identity,target-morphological-cell			44	44	0	44		weak	large	candidate-unreviewed	surface grouping is diagnostic only; target identity and complete morphology require review
1526	synodal:family-candidate:c0acc7ca9125df8f80bf73b0	candidate-family:synodal:family-candidate:c0acc7ca9125df8f80bf73b0	synodal:family-candidate:c0acc7ca9125df8f80bf73b0	прослав-	unknown	прослави:44	44	44	44	44		possible-nominative-plural,ud:VERB:Aspect=Perf+Mood=Ind+Number=Sing+Person=2+Tense=Past+VerbForm=Fin+Voice=Act,ud:VERB:Aspect=Perf+Mood=Ind+Number=Sing+Person=3+Tense=Past+VerbForm=Fin+Voice=Act,ud:VERB:Mood=Imp+Number=Sing+Person=2+Tense=Pres+VerbForm=Fin+Voice=Act	target-surface,typed-cell-candidate	target-lexeme-identity,target-morphological-cell	an OCS treebank cell requires an independent exact Synodal surface witness | more than one source-partition treebank lemma or cell matches the target surface		44	44	0	44		weak	large	candidate-unreviewed	surface grouping is diagnostic only; target identity and complete morphology require review
1527	synodal:family-candidate:c2945d125c7828126bfd7a73	candidate-family:synodal:family-candidate:c2945d125c7828126bfd7a73	synodal:family-candidate:c2945d125c7828126bfd7a73	начальникъ	unknown	начальникъ:44	44	44	44	43		untyped	target-surface	target-lexeme-identity,target-morphological-cell			44	44	0	44		weak	large	candidate-unreviewed	surface grouping is diagnostic only; target identity and complete morphology require review
1528	synodal:family-candidate:c6648f972a5bfbdb338e88ef	candidate-family:synodal:family-candidate:c6648f972a5bfbdb338e88ef	synodal:family-candidate:c6648f972a5bfbdb338e88ef	ꙗремъ	unknown	ꙗремъ:44	44	44	44	42		untyped	target-surface	target-lexeme-identity,target-morphological-cell			44	44	0	44		weak	large	candidate-unreviewed	surface grouping is diagnostic only; target identity and complete morphology require review
1529	synodal:family-candidate:c8b12567bab7f23b715cf4f5	candidate-family:synodal:family-candidate:c8b12567bab7f23b715cf4f5	synodal:family-candidate:c8b12567bab7f23b715cf4f5	трєбищ-	unknown	трєбища:44	44	44	44	42		possible-nominative-feminine-or-genitive-accusative	target-surface	target-lexeme-identity,target-morphological-cell			44	44	0	44		weak	large	candidate-unreviewed	surface grouping is diagnostic only; target identity and complete morphology require review
1530	synodal:family-candidate:ca39e7adafd33f44e34a074b	candidate-family:synodal:family-candidate:ca39e7adafd33f44e34a074b	synodal:family-candidate:ca39e7adafd33f44e34a074b	приимит-	unknown	прїимите:44	44	44	44	44		possible-vocative-or-finite-verb	target-surface	target-lexeme-identity,target-morphological-cell			44	44	0	44		weak	large	candidate-unreviewed	surface grouping is diagnostic only; target identity and complete morphology require review
1531	synodal:family-candidate:ce0bcd3126740593c931d291	candidate-family:synodal:family-candidate:ce0bcd3126740593c931d291	synodal:family-candidate:ce0bcd3126740593c931d291	дꙋбравѣ	unknown	дꙋбравѣ:44	44	44	44	44		untyped	target-surface	target-lexeme-identity,target-morphological-cell			44	44	0	44		weak	large	candidate-unreviewed	surface grouping is diagnostic only; target identity and complete morphology require review
1532	synodal:family-candidate:cf9bb63077e4bab5f0d7ea95	candidate-family:synodal:family-candidate:cf9bb63077e4bab5f0d7ea95	synodal:family-candidate:cf9bb63077e4bab5f0d7ea95	восхотѣш-	unknown	восхотѣша:44	44	44	44	42		possible-nominative-feminine-or-genitive-accusative	target-surface	target-lexeme-identity,target-morphological-cell			44	44	0	44		weak	large	candidate-unreviewed	surface grouping is diagnostic only; target identity and complete morphology require review
1533	synodal:family-candidate:d59323809d890665932e56bb	candidate-family:synodal:family-candidate:d59323809d890665932e56bb	synodal:family-candidate:d59323809d890665932e56bb	спас-	unknown	спасетъ:44	44	44	44	42		possible-finite-verb,ud:VERB:Mood=Ind+Number=Sing+Person=3+Tense=Pres+VerbForm=Fin+Voice=Act	target-surface,typed-cell-candidate	target-lexeme-identity,target-morphological-cell	an OCS treebank cell requires an independent exact Synodal surface witness		44	44	0	44		weak	large	candidate-unreviewed	surface grouping is diagnostic only; target identity and complete morphology require review
1534	synodal:family-candidate:d7ee631c649b30b8772cdd91	candidate-family:synodal:family-candidate:d7ee631c649b30b8772cdd91	synodal:family-candidate:d7ee631c649b30b8772cdd91	ходѧй	unknown	ходѧй:44	44	44	44	40		untyped	target-surface	target-lexeme-identity,target-morphological-cell			44	44	0	44		weak	large	candidate-unreviewed	surface grouping is diagnostic only; target identity and complete morphology require review
1535	synodal:family-candidate:dafe7f0b2f87e4c96b192dd6	candidate-family:synodal:family-candidate:dafe7f0b2f87e4c96b192dd6	synodal:family-candidate:dafe7f0b2f87e4c96b192dd6	вышнемꙋ	unknown	вышнемꙋ:44	44	44	44	44		untyped	target-surface	target-lexeme-identity,target-morphological-cell			44	44	0	44		weak	large	candidate-unreviewed	surface grouping is diagnostic only; target identity and complete morphology require review
1536	synodal:family-candidate:dfa327f1afb66129938ce0b2	candidate-family:synodal:family-candidate:dfa327f1afb66129938ce0b2	synodal:family-candidate:dfa327f1afb66129938ce0b2	обѣтовани-	unknown	ѡбѣтованїѧ:44	44	44	44	42		possible-nominative-feminine-or-genitive-accusative	target-surface	target-lexeme-identity,target-morphological-cell			44	44	0	44		weak	large	candidate-unreviewed	surface grouping is diagnostic only; target identity and complete morphology require review
1537	synodal:family-candidate:e24f9c8ba9efbf4005574451	candidate-family:synodal:family-candidate:e24f9c8ba9efbf4005574451	synodal:family-candidate:e24f9c8ba9efbf4005574451	єдинымъ	unknown	єдинымъ:44	44	44	44	40		untyped	target-surface	target-lexeme-identity,target-morphological-cell			44	44	0	44		weak	large	candidate-unreviewed	surface grouping is diagnostic only; target identity and complete morphology require review
1538	synodal:family-candidate:e4200710f64e7c3b485dd6e8	candidate-family:synodal:family-candidate:e4200710f64e7c3b485dd6e8	synodal:family-candidate:e4200710f64e7c3b485dd6e8	лꙋкавый	unknown	лꙋкавый:44	44	44	44	44		untyped	target-surface	target-lexeme-identity,target-morphological-cell			44	44	0	44		weak	large	candidate-unreviewed	surface grouping is diagnostic only; target identity and complete morphology require review
1539	synodal:family-candidate:e527b927d9d47257bf28cf5e	candidate-family:synodal:family-candidate:e527b927d9d47257bf28cf5e	synodal:family-candidate:e527b927d9d47257bf28cf5e	послѣдни-	unknown	послѣднїѧ:44	44	44	44	44		possible-nominative-feminine-or-genitive-accusative	target-surface	target-lexeme-identity,target-morphological-cell			44	44	0	44		weak	large	candidate-unreviewed	surface grouping is diagnostic only; target identity and complete morphology require review
1540	synodal:family-candidate:e9df55a6e58f82bbe8a88551	candidate-family:synodal:family-candidate:e9df55a6e58f82bbe8a88551	synodal:family-candidate:e9df55a6e58f82bbe8a88551	входъ	unknown	входъ:44	44	44	44	44		untyped	target-surface	target-lexeme-identity,target-morphological-cell			44	44	0	44		weak	large	candidate-unreviewed	surface grouping is diagnostic only; target identity and complete morphology require review
1541	synodal:family-candidate:ea8ee8327634830abcfef3a1	candidate-family:synodal:family-candidate:ea8ee8327634830abcfef3a1	synodal:family-candidate:ea8ee8327634830abcfef3a1	узрит-	unknown	ᲂузрите:44	44	44	44	44		possible-vocative-or-finite-verb	target-surface	target-lexeme-identity,target-morphological-cell			44	44	0	44		weak	large	candidate-unreviewed	surface grouping is diagnostic only; target identity and complete morphology require review
1542	synodal:family-candidate:edaad2e8cc29e94d121725d9	candidate-family:synodal:family-candidate:edaad2e8cc29e94d121725d9	synodal:family-candidate:edaad2e8cc29e94d121725d9	вавѷлѡнскꙋ	unknown	вавѷлѡнскꙋ:44	44	44	44	44		untyped	target-surface	target-lexeme-identity,target-morphological-cell			44	44	0	44		weak	large	candidate-unreviewed	surface grouping is diagnostic only; target identity and complete morphology require review
1543	synodal:family-candidate:f09b3fe89926d0afbdb71c31	candidate-family:synodal:family-candidate:f09b3fe89926d0afbdb71c31	synodal:family-candidate:f09b3fe89926d0afbdb71c31	сотворих-	unknown	сотворихомъ:44	44	44	44	44		possible-dative-plural-or-instrumental-singular	target-surface	target-lexeme-identity,target-morphological-cell			44	44	0	44		weak	large	candidate-unreviewed	surface grouping is diagnostic only; target identity and complete morphology require review
1544	synodal:family-candidate:fb32edc2cf447b062b521d02	candidate-family:synodal:family-candidate:fb32edc2cf447b062b521d02	synodal:family-candidate:fb32edc2cf447b062b521d02	обличени-	unknown	ѡбличенїе:44	44	44	44	44		possible-vocative-or-finite-verb	target-surface	target-lexeme-identity,target-morphological-cell			44	44	0	44		weak	large	candidate-unreviewed	surface grouping is diagnostic only; target identity and complete morphology require review
1545	synodal:family-candidate:0bd4ec292ca146c9ecc1bdc5	candidate-family:synodal:family-candidate:0bd4ec292ca146c9ecc1bdc5	synodal:family-candidate:0bd4ec292ca146c9ecc1bdc5	поражꙋ	unknown	поражꙋ:43	43	43	43	41		untyped	target-surface	target-lexeme-identity,target-morphological-cell			43	43	0	43		weak	large	candidate-unreviewed	surface grouping is diagnostic only; target identity and complete morphology require review
1546	synodal:family-candidate:274379ce66ac35ae2fe27ff0	candidate-family:synodal:family-candidate:274379ce66ac35ae2fe27ff0	synodal:family-candidate:274379ce66ac35ae2fe27ff0	соборъ	unknown	соборъ:43	43	43	43	43		untyped	target-surface	target-lexeme-identity,target-morphological-cell			43	43	0	43		weak	large	candidate-unreviewed	surface grouping is diagnostic only; target identity and complete morphology require review
1547	synodal:family-candidate:2c67bb3fcfcc3c74ffbc409a	candidate-family:synodal:family-candidate:2c67bb3fcfcc3c74ffbc409a	synodal:family-candidate:2c67bb3fcfcc3c74ffbc409a	лꙋкаво	unknown	лꙋкаво:43	43	43	43	43		untyped	target-surface	target-lexeme-identity,target-morphological-cell			43	43	0	43		weak	large	candidate-unreviewed	surface grouping is diagnostic only; target identity and complete morphology require review
1548	synodal:family-candidate:2fd8c9ece56193401c94d768	candidate-family:synodal:family-candidate:2fd8c9ece56193401c94d768	synodal:family-candidate:2fd8c9ece56193401c94d768	чес-	unknown	чести:43	43	43	43	43		possible-nominative-plural	target-surface	target-lexeme-identity,target-morphological-cell			43	43	0	43		weak	large	candidate-unreviewed	surface grouping is diagnostic only; target identity and complete morphology require review
1549	synodal:family-candidate:5dcd2ddd08e4eab419a4936d	candidate-family:synodal:family-candidate:5dcd2ddd08e4eab419a4936d	synodal:family-candidate:5dcd2ddd08e4eab419a4936d	книжникъ	unknown	книжникъ:43	43	43	43	41		untyped	target-surface	target-lexeme-identity,target-morphological-cell			43	43	0	43		weak	large	candidate-unreviewed	surface grouping is diagnostic only; target identity and complete morphology require review
1550	synodal:family-candidate:604977d3be2b0f38a7ae4e1e	candidate-family:synodal:family-candidate:604977d3be2b0f38a7ae4e1e	synodal:family-candidate:604977d3be2b0f38a7ae4e1e	внѣꙋдꙋ	unknown	внѣꙋдꙋ:43	43	43	43	43		untyped	target-surface	target-lexeme-identity,target-morphological-cell			43	43	0	43		weak	large	candidate-unreviewed	surface grouping is diagnostic only; target identity and complete morphology require review
1551	synodal:family-candidate:62e36ebe40984efcd7eb9a0b	candidate-family:synodal:family-candidate:62e36ebe40984efcd7eb9a0b	synodal:family-candidate:62e36ebe40984efcd7eb9a0b	глаголющи-	unknown	глаголющїи:43	43	43	43	43		possible-nominative-plural	target-surface	target-lexeme-identity,target-morphological-cell			43	43	0	43		weak	large	candidate-unreviewed	surface grouping is diagnostic only; target identity and complete morphology require review
1552	synodal:family-candidate:6ebf693c3256388ccd519a9c	candidate-family:synodal:family-candidate:6ebf693c3256388ccd519a9c	synodal:family-candidate:6ebf693c3256388ccd519a9c	іꙋдейскїй	unknown	іꙋдейскїй:43	43	43	43	41		untyped	target-surface	target-lexeme-identity,target-morphological-cell			43	43	0	43		weak	large	candidate-unreviewed	surface grouping is diagnostic only; target identity and complete morphology require review
1553	synodal:family-candidate:8c25918c077360b7bf8644cd	candidate-family:synodal:family-candidate:8c25918c077360b7bf8644cd	synodal:family-candidate:8c25918c077360b7bf8644cd	свѣтилникъ	unknown	свѣтилникъ:43	43	43	43	42		untyped	target-surface	target-lexeme-identity,target-morphological-cell			43	43	0	43		weak	large	candidate-unreviewed	surface grouping is diagnostic only; target identity and complete morphology require review
1554	synodal:family-candidate:92afcb198785edb73940eb65	candidate-family:synodal:family-candidate:92afcb198785edb73940eb65	synodal:family-candidate:92afcb198785edb73940eb65	заключ-	unknown	заключи:43	43	43	43	43		possible-nominative-plural	target-surface	target-lexeme-identity,target-morphological-cell			43	43	0	43		weak	large	candidate-unreviewed	surface grouping is diagnostic only; target identity and complete morphology require review
1555	synodal:family-candidate:a667b02a2627a8f1a501c8bb	candidate-family:synodal:family-candidate:a667b02a2627a8f1a501c8bb	synodal:family-candidate:a667b02a2627a8f1a501c8bb	ѹсп-	unknown	ѹспе:43	43	43	43	43		possible-vocative-or-finite-verb	target-surface	target-lexeme-identity,target-morphological-cell			43	43	0	43		weak	large	candidate-unreviewed	surface grouping is diagnostic only; target identity and complete morphology require review
1556	synodal:family-candidate:abdef3b3d65b8f44b3eae68f	candidate-family:synodal:family-candidate:abdef3b3d65b8f44b3eae68f	synodal:family-candidate:abdef3b3d65b8f44b3eae68f	немуж-	unknown	немꙋже:43	43	43	43	43		possible-vocative-or-finite-verb	target-surface	target-lexeme-identity,target-morphological-cell			43	43	0	43		weak	large	candidate-unreviewed	surface grouping is diagnostic only; target identity and complete morphology require review
1557	synodal:family-candidate:b43c60798708c519476bc5ad	candidate-family:synodal:family-candidate:b43c60798708c519476bc5ad	synodal:family-candidate:b43c60798708c519476bc5ad	пророк-	unknown	пророки:43	43	43	43	43		possible-nominative-plural	target-surface	target-lexeme-identity,target-morphological-cell			43	43	0	43		weak	large	candidate-unreviewed	surface grouping is diagnostic only; target identity and complete morphology require review
1558	synodal:family-candidate:c6dd1d977742d5a234b48992	candidate-family:synodal:family-candidate:c6dd1d977742d5a234b48992	synodal:family-candidate:c6dd1d977742d5a234b48992	осквернитс-	unknown	ѡсквернитсѧ:43	43	43	43	41		possible-nominative-feminine-or-genitive-accusative	target-surface	target-lexeme-identity,target-morphological-cell			43	43	0	43		weak	large	candidate-unreviewed	surface grouping is diagnostic only; target identity and complete morphology require review
1559	synodal:family-candidate:d1acfc059b713bd091a10d2d	candidate-family:synodal:family-candidate:d1acfc059b713bd091a10d2d	synodal:family-candidate:d1acfc059b713bd091a10d2d	призвахъ	unknown	призвахъ:43	43	43	43	43		untyped	target-surface	target-lexeme-identity,target-morphological-cell			43	43	0	43		weak	large	candidate-unreviewed	surface grouping is diagnostic only; target identity and complete morphology require review
1560	synodal:family-candidate:d1dedf59880954fe2534ed2b	candidate-family:synodal:family-candidate:d1dedf59880954fe2534ed2b	synodal:family-candidate:d1dedf59880954fe2534ed2b	совѣщ-	unknown	совѣща:43	43	43	43	43		possible-nominative-feminine-or-genitive-accusative	target-surface	target-lexeme-identity,target-morphological-cell			43	43	0	43		weak	large	candidate-unreviewed	surface grouping is diagnostic only; target identity and complete morphology require review
1561	synodal:family-candidate:d5c2d9e07c70342e9e7e8ecf	candidate-family:synodal:family-candidate:d5c2d9e07c70342e9e7e8ecf	synodal:family-candidate:d5c2d9e07c70342e9e7e8ecf	скиние-	unknown	скинїею:43	43	43	43	43		untyped	target-surface	target-lexeme-identity,target-morphological-cell			43	43	0	43		weak	large	candidate-unreviewed	surface grouping is diagnostic only; target identity and complete morphology require review
1562	synodal:family-candidate:f70002511f49f26ba3b5d352	candidate-family:synodal:family-candidate:f70002511f49f26ba3b5d352	synodal:family-candidate:f70002511f49f26ba3b5d352	ᲂуразꙋмѣютъ	unknown	ᲂуразꙋмѣютъ:43	43	43	43	41		possible-finite-verb	target-surface	target-lexeme-identity,target-morphological-cell			43	43	0	43		weak	large	candidate-unreviewed	surface grouping is diagnostic only; target identity and complete morphology require review
1563	synodal:family-candidate:0e717a9d8938c67bdd9e2333	candidate-family:synodal:family-candidate:0e717a9d8938c67bdd9e2333	synodal:family-candidate:0e717a9d8938c67bdd9e2333	малыхъ	unknown	малыхъ:42	42	42	42	40		untyped	target-surface	target-lexeme-identity,target-morphological-cell			42	42	0	42		weak	large	candidate-unreviewed	surface grouping is diagnostic only; target identity and complete morphology require review
1564	synodal:family-candidate:0fbc43a92a95d302034a631b	candidate-family:synodal:family-candidate:0fbc43a92a95d302034a631b	synodal:family-candidate:0fbc43a92a95d302034a631b	даѧш-	unknown	даѧше:42	42	42	42	41		possible-vocative-or-finite-verb	target-surface	target-lexeme-identity,target-morphological-cell			42	42	0	42		weak	large	candidate-unreviewed	surface grouping is diagnostic only; target identity and complete morphology require review
1565	synodal:family-candidate:11edf4ed70466e47339761f7	candidate-family:synodal:family-candidate:11edf4ed70466e47339761f7	synodal:family-candidate:11edf4ed70466e47339761f7	травꙋ	unknown	травꙋ:42	42	42	42	42		untyped	target-surface	target-lexeme-identity,target-morphological-cell			42	42	0	42		weak	large	candidate-unreviewed	surface grouping is diagnostic only; target identity and complete morphology require review
1566	synodal:family-candidate:1f3bfac3402c89485c541fc2	candidate-family:synodal:family-candidate:1f3bfac3402c89485c541fc2	synodal:family-candidate:1f3bfac3402c89485c541fc2	лꙋкавство	unknown	лꙋкавство:42	42	42	42	38		untyped	target-surface	target-lexeme-identity,target-morphological-cell			42	42	0	42		weak	large	candidate-unreviewed	surface grouping is diagnostic only; target identity and complete morphology require review
1567	synodal:family-candidate:22e64fa8b41309baeaf1b49c	candidate-family:synodal:family-candidate:22e64fa8b41309baeaf1b49c	synodal:family-candidate:22e64fa8b41309baeaf1b49c	ины	unknown	ины:42	42	42	42	41		possible-nominative-plural	target-surface	target-lexeme-identity,target-morphological-cell			42	42	0	42		weak	large	candidate-unreviewed	surface grouping is diagnostic only; target identity and complete morphology require review
1568	synodal:family-candidate:2366b11a666fe3bf6fecf9ee	candidate-family:synodal:family-candidate:2366b11a666fe3bf6fecf9ee	synodal:family-candidate:2366b11a666fe3bf6fecf9ee	молитес-	unknown	молитесѧ:42	42	42	42	41		possible-nominative-feminine-or-genitive-accusative	target-surface	target-lexeme-identity,target-morphological-cell			42	42	0	42		weak	large	candidate-unreviewed	surface grouping is diagnostic only; target identity and complete morphology require review
1569	synodal:family-candidate:265d96d6b78a9b6b96e54df0	candidate-family:synodal:family-candidate:265d96d6b78a9b6b96e54df0	synodal:family-candidate:265d96d6b78a9b6b96e54df0	хол-	unknown	холми:42	42	42	42	42		possible-nominative-plural	target-surface	target-lexeme-identity,target-morphological-cell			42	42	0	42		weak	large	candidate-unreviewed	surface grouping is diagnostic only; target identity and complete morphology require review
1570	synodal:family-candidate:2a02512692edf6edabcaea1b	candidate-family:synodal:family-candidate:2a02512692edf6edabcaea1b	synodal:family-candidate:2a02512692edf6edabcaea1b	антиохи-	unknown	антїохію:42	42	42	42	42		untyped	target-surface	target-lexeme-identity,target-morphological-cell			42	42	0	42		weak	large	candidate-unreviewed	surface grouping is diagnostic only; target identity and complete morphology require review
1571	synodal:family-candidate:2e099c0f9e2d478657cab25f	candidate-family:synodal:family-candidate:2e099c0f9e2d478657cab25f	synodal:family-candidate:2e099c0f9e2d478657cab25f	рос-	unknown	роса:42	42	42	42	42		possible-nominative-feminine-or-genitive-accusative,ud:NOUN:Case=Nom+Gender=Fem+Number=Sing	target-surface,typed-cell-candidate	target-lexeme-identity,target-morphological-cell	an OCS treebank cell requires an independent exact Synodal surface witness		42	42	0	42		weak	large	candidate-unreviewed	surface grouping is diagnostic only; target identity and complete morphology require review
1572	synodal:family-candidate:33ce01b3fe599c2518909de2	candidate-family:synodal:family-candidate:33ce01b3fe599c2518909de2	synodal:family-candidate:33ce01b3fe599c2518909de2	ѹразꙋмѣютъ	unknown	ѹразꙋмѣютъ:42	42	42	42	40		possible-finite-verb	target-surface	target-lexeme-identity,target-morphological-cell			42	42	0	42		weak	large	candidate-unreviewed	surface grouping is diagnostic only; target identity and complete morphology require review
1573	synodal:family-candidate:354ddaece0a9de68211770dd	candidate-family:synodal:family-candidate:354ddaece0a9de68211770dd	synodal:family-candidate:354ddaece0a9de68211770dd	долженъ	unknown	долженъ:42	42	42	42	40		untyped	target-surface	target-lexeme-identity,target-morphological-cell			42	42	0	42		weak	large	candidate-unreviewed	surface grouping is diagnostic only; target identity and complete morphology require review
1574	synodal:family-candidate:3768dc278ea6f633c21f0d8a	candidate-family:synodal:family-candidate:3768dc278ea6f633c21f0d8a	synodal:family-candidate:3768dc278ea6f633c21f0d8a	создахъ	unknown	создахъ:42	42	42	42	40		untyped	target-surface	target-lexeme-identity,target-morphological-cell			42	42	0	42		weak	large	candidate-unreviewed	surface grouping is diagnostic only; target identity and complete morphology require review
1575	synodal:family-candidate:3980b5051c76c8dac66b3476	candidate-family:synodal:family-candidate:3980b5051c76c8dac66b3476	synodal:family-candidate:3980b5051c76c8dac66b3476	послѣднїй	unknown	послѣднїй:42	42	42	42	42		untyped	target-surface	target-lexeme-identity,target-morphological-cell			42	42	0	42		weak	large	candidate-unreviewed	surface grouping is diagnostic only; target identity and complete morphology require review
1576	synodal:family-candidate:3c89fce66af601f630ca0ded	candidate-family:synodal:family-candidate:3c89fce66af601f630ca0ded	synodal:family-candidate:3c89fce66af601f630ca0ded	твердын-	unknown	твердыни:42	42	42	42	42		possible-nominative-plural	target-surface	target-lexeme-identity,target-morphological-cell			42	42	0	42		weak	large	candidate-unreviewed	surface grouping is diagnostic only; target identity and complete morphology require review
1577	synodal:family-candidate:3dd9601b1bab7fdcb6c0da58	candidate-family:synodal:family-candidate:3dd9601b1bab7fdcb6c0da58	synodal:family-candidate:3dd9601b1bab7fdcb6c0da58	останетс-	unknown	ѡстанетсѧ:42	42	42	42	40		possible-nominative-feminine-or-genitive-accusative	target-surface	target-lexeme-identity,target-morphological-cell			42	42	0	42		weak	large	candidate-unreviewed	surface grouping is diagnostic only; target identity and complete morphology require review
1578	synodal:family-candidate:4899561c62f84485d4b76a2a	candidate-family:synodal:family-candidate:4899561c62f84485d4b76a2a	synodal:family-candidate:4899561c62f84485d4b76a2a	ꙗзвени-	unknown	ꙗзвенїи:42	42	42	42	40		possible-nominative-plural	target-surface	target-lexeme-identity,target-morphological-cell			42	42	0	42		weak	large	candidate-unreviewed	surface grouping is diagnostic only; target identity and complete morphology require review
1579	synodal:family-candidate:52304d8d5525075bd551be2a	candidate-family:synodal:family-candidate:52304d8d5525075bd551be2a	synodal:family-candidate:52304d8d5525075bd551be2a	найд-	unknown	найдетъ:42	42	42	42	42		possible-finite-verb	target-surface	target-lexeme-identity,target-morphological-cell			42	42	0	42		weak	large	candidate-unreviewed	surface grouping is diagnostic only; target identity and complete morphology require review
1580	synodal:family-candidate:5665ca98ba66dcd02fcf4a00	candidate-family:synodal:family-candidate:5665ca98ba66dcd02fcf4a00	synodal:family-candidate:5665ca98ba66dcd02fcf4a00	срамот-	unknown	срамоты:42	42	42	42	28		possible-nominative-plural	target-surface	target-lexeme-identity,target-morphological-cell			42	42	0	42		weak	large	candidate-unreviewed	surface grouping is diagnostic only; target identity and complete morphology require review
1581	synodal:family-candidate:599787d29587e9b50e923181	candidate-family:synodal:family-candidate:599787d29587e9b50e923181	synodal:family-candidate:599787d29587e9b50e923181	мѣдѧн-	unknown	мѣдѧны:42	42	42	42	38		possible-nominative-plural	target-surface	target-lexeme-identity,target-morphological-cell			42	42	0	42		weak	large	candidate-unreviewed	surface grouping is diagnostic only; target identity and complete morphology require review
1582	synodal:family-candidate:5fbc44483ac96d8bbe079b0e	candidate-family:synodal:family-candidate:5fbc44483ac96d8bbe079b0e	synodal:family-candidate:5fbc44483ac96d8bbe079b0e	паѵлꙋ	unknown	паѵлꙋ:42	42	42	42	40		untyped	target-surface	target-lexeme-identity,target-morphological-cell			42	42	0	42		weak	large	candidate-unreviewed	surface grouping is diagnostic only; target identity and complete morphology require review
1583	synodal:family-candidate:61395675613a51c235d171e1	candidate-family:synodal:family-candidate:61395675613a51c235d171e1	synodal:family-candidate:61395675613a51c235d171e1	приближишас-	unknown	приближишасѧ:42	42	42	42	42		possible-nominative-feminine-or-genitive-accusative	target-surface	target-lexeme-identity,target-morphological-cell			42	42	0	42		weak	large	candidate-unreviewed	surface grouping is diagnostic only; target identity and complete morphology require review
1584	synodal:family-candidate:63b65913376c4df143a2b13b	candidate-family:synodal:family-candidate:63b65913376c4df143a2b13b	synodal:family-candidate:63b65913376c4df143a2b13b	сикл-	unknown	сіклю:42	42	42	42	41		untyped	target-surface	target-lexeme-identity,target-morphological-cell			42	42	0	42		weak	large	candidate-unreviewed	surface grouping is diagnostic only; target identity and complete morphology require review
1585	synodal:family-candidate:6760238b68c67e495dd45b67	candidate-family:synodal:family-candidate:6760238b68c67e495dd45b67	synodal:family-candidate:6760238b68c67e495dd45b67	ѹзрит-	unknown	ѹзрите:42	42	42	42	42		possible-vocative-or-finite-verb	target-surface	target-lexeme-identity,target-morphological-cell			42	42	0	42		weak	large	candidate-unreviewed	surface grouping is diagnostic only; target identity and complete morphology require review
1586	synodal:family-candidate:68372b4297ac6099b6dfa0e4	candidate-family:synodal:family-candidate:68372b4297ac6099b6dfa0e4	synodal:family-candidate:68372b4297ac6099b6dfa0e4	отлуч-	unknown	ѿлꙋчитъ:42	42	42	42	42		possible-finite-verb	target-surface	target-lexeme-identity,target-morphological-cell			42	42	0	42		weak	large	candidate-unreviewed	surface grouping is diagnostic only; target identity and complete morphology require review
1587	synodal:family-candidate:7452708e3ef90671808eaecb	candidate-family:synodal:family-candidate:7452708e3ef90671808eaecb	synodal:family-candidate:7452708e3ef90671808eaecb	неправеднѡ	unknown	неправеднѡ:42	42	42	42	42		untyped	target-surface	target-lexeme-identity,target-morphological-cell			42	42	0	42		weak	large	candidate-unreviewed	surface grouping is diagnostic only; target identity and complete morphology require review
1588	synodal:family-candidate:766d3467f924db61a7404ea3	candidate-family:synodal:family-candidate:766d3467f924db61a7404ea3	synodal:family-candidate:766d3467f924db61a7404ea3	сꙋдꙋ	unknown	сꙋдꙋ:42	42	42	42	42		untyped	target-surface	target-lexeme-identity,target-morphological-cell			42	42	0	42		weak	large	candidate-unreviewed	surface grouping is diagnostic only; target identity and complete morphology require review
1589	synodal:family-candidate:785f95359b20c1410ca7bafd	candidate-family:synodal:family-candidate:785f95359b20c1410ca7bafd	synodal:family-candidate:785f95359b20c1410ca7bafd	проч-	unknown	прочихъ:42	42	42	42	42		possible-genitive-or-locative-plural	target-surface	target-lexeme-identity,target-morphological-cell			42	42	0	42		weak	large	candidate-unreviewed	surface grouping is diagnostic only; target identity and complete morphology require review
1590	synodal:family-candidate:7ad3d94503738a84a25a5d8b	candidate-family:synodal:family-candidate:7ad3d94503738a84a25a5d8b	synodal:family-candidate:7ad3d94503738a84a25a5d8b	приидост-	unknown	прїидосте:42	42	42	42	42		possible-vocative-or-finite-verb	target-surface	target-lexeme-identity,target-morphological-cell			42	42	0	42		weak	large	candidate-unreviewed	surface grouping is diagnostic only; target identity and complete morphology require review
1591	synodal:family-candidate:81f4b022a4dadf369941a95e	candidate-family:synodal:family-candidate:81f4b022a4dadf369941a95e	synodal:family-candidate:81f4b022a4dadf369941a95e	возмогꙋ	unknown	возмогꙋ:42	42	42	42	38		untyped	target-surface	target-lexeme-identity,target-morphological-cell			42	42	0	42		weak	large	candidate-unreviewed	surface grouping is diagnostic only; target identity and complete morphology require review
1592	synodal:family-candidate:841fd87ee41223e2023af0e9	candidate-family:synodal:family-candidate:841fd87ee41223e2023af0e9	synodal:family-candidate:841fd87ee41223e2023af0e9	іꙋдеємъ	unknown	іꙋдеємъ:42	42	42	42	42		untyped	target-surface	target-lexeme-identity,target-morphological-cell			42	42	0	42		weak	large	candidate-unreviewed	surface grouping is diagnostic only; target identity and complete morphology require review
1593	synodal:family-candidate:84d807b22b3bd7d2f944969b	candidate-family:synodal:family-candidate:84d807b22b3bd7d2f944969b	synodal:family-candidate:84d807b22b3bd7d2f944969b	клѧтво-	unknown	клѧтвою:42	42	42	42	42		untyped	target-surface	target-lexeme-identity,target-morphological-cell			42	42	0	42		weak	large	candidate-unreviewed	surface grouping is diagnostic only; target identity and complete morphology require review
1594	synodal:family-candidate:86af1f8b4ebb6d33f5a7cab3	candidate-family:synodal:family-candidate:86af1f8b4ebb6d33f5a7cab3	synodal:family-candidate:86af1f8b4ebb6d33f5a7cab3	поѧш-	unknown	поѧша:42	42	42	42	42		possible-nominative-feminine-or-genitive-accusative	target-surface	target-lexeme-identity,target-morphological-cell			42	42	0	42		weak	large	candidate-unreviewed	surface grouping is diagnostic only; target identity and complete morphology require review
1595	synodal:family-candidate:8847ddfbb8ee3a3e4fd2ece6	candidate-family:synodal:family-candidate:8847ddfbb8ee3a3e4fd2ece6	synodal:family-candidate:8847ddfbb8ee3a3e4fd2ece6	цариц-	unknown	царица:42	42	42	42	40		possible-nominative-feminine-or-genitive-accusative	target-surface	target-lexeme-identity,target-morphological-cell			42	42	0	42		weak	large	candidate-unreviewed	surface grouping is diagnostic only; target identity and complete morphology require review
1596	synodal:family-candidate:8b8f38201fe2b94ddf4dc220	candidate-family:synodal:family-candidate:8b8f38201fe2b94ddf4dc220	synodal:family-candidate:8b8f38201fe2b94ddf4dc220	пастырь	unknown	пастырь:42	42	42	42	40		untyped	target-surface	target-lexeme-identity,target-morphological-cell			42	42	0	42		weak	large	candidate-unreviewed	surface grouping is diagnostic only; target identity and complete morphology require review
1597	synodal:family-candidate:8d8dec51b1d8d0052524f51c	candidate-family:synodal:family-candidate:8d8dec51b1d8d0052524f51c	synodal:family-candidate:8d8dec51b1d8d0052524f51c	терпѣни-	unknown	терпѣнїе:42	42	42	42	42		possible-vocative-or-finite-verb	target-surface	target-lexeme-identity,target-morphological-cell			42	42	0	42		weak	large	candidate-unreviewed	surface grouping is diagnostic only; target identity and complete morphology require review
1598	synodal:family-candidate:8e082543dc6266388a0df928	candidate-family:synodal:family-candidate:8e082543dc6266388a0df928	synodal:family-candidate:8e082543dc6266388a0df928	ꙗчмен-	unknown	ꙗчменѧ:42	42	42	42	42		possible-nominative-feminine-or-genitive-accusative	target-surface	target-lexeme-identity,target-morphological-cell			42	42	0	42		weak	large	candidate-unreviewed	surface grouping is diagnostic only; target identity and complete morphology require review
1599	synodal:family-candidate:8eb1abb9ec5d160d5042bda1	candidate-family:synodal:family-candidate:8eb1abb9ec5d160d5042bda1	synodal:family-candidate:8eb1abb9ec5d160d5042bda1	соглѧд-	unknown	соглѧдати:42	42	42	42	42		possible-nominative-plural	target-surface	target-lexeme-identity,target-morphological-cell			42	42	0	42		weak	large	candidate-unreviewed	surface grouping is diagnostic only; target identity and complete morphology require review
1600	synodal:family-candidate:99c540d0704db29b2476344f	candidate-family:synodal:family-candidate:99c540d0704db29b2476344f	synodal:family-candidate:99c540d0704db29b2476344f	ѿвергꙋ	unknown	ѿвергꙋ:42	42	42	42	40		untyped	target-surface	target-lexeme-identity,target-morphological-cell			42	42	0	42		weak	large	candidate-unreviewed	surface grouping is diagnostic only; target identity and complete morphology require review
1601	synodal:family-candidate:9aba827e84a86a78a8917bab	candidate-family:synodal:family-candidate:9aba827e84a86a78a8917bab	synodal:family-candidate:9aba827e84a86a78a8917bab	ѹготов-	unknown	ѹготова:42	42	42	42	42		possible-nominative-feminine-or-genitive-accusative	target-surface	target-lexeme-identity,target-morphological-cell			42	42	0	42		weak	large	candidate-unreviewed	surface grouping is diagnostic only; target identity and complete morphology require review
1602	synodal:family-candidate:9ac4d297401c0e4388ce1ab2	candidate-family:synodal:family-candidate:9ac4d297401c0e4388ce1ab2	synodal:family-candidate:9ac4d297401c0e4388ce1ab2	державꙋ	unknown	державꙋ:42	42	42	42	42		untyped	target-surface	target-lexeme-identity,target-morphological-cell			42	42	0	42		weak	large	candidate-unreviewed	surface grouping is diagnostic only; target identity and complete morphology require review
1603	synodal:family-candidate:a2fdaeacde0f3729b9cf19e0	candidate-family:synodal:family-candidate:a2fdaeacde0f3729b9cf19e0	synodal:family-candidate:a2fdaeacde0f3729b9cf19e0	самꙋилꙋ	unknown	самꙋилꙋ:42	42	42	42	42		untyped	target-surface	target-lexeme-identity,target-morphological-cell			42	42	0	42		weak	large	candidate-unreviewed	surface grouping is diagnostic only; target identity and complete morphology require review
1604	synodal:family-candidate:a6bfc0a8f7d3fb8479fe3e51	candidate-family:synodal:family-candidate:a6bfc0a8f7d3fb8479fe3e51	synodal:family-candidate:a6bfc0a8f7d3fb8479fe3e51	возвед-	unknown	возведе:42	42	42	42	40		possible-vocative-or-finite-verb	target-surface	target-lexeme-identity,target-morphological-cell			42	42	0	42		weak	large	candidate-unreviewed	surface grouping is diagnostic only; target identity and complete morphology require review
1605	synodal:family-candidate:a82064dc05228a48be1f0853	candidate-family:synodal:family-candidate:a82064dc05228a48be1f0853	synodal:family-candidate:a82064dc05228a48be1f0853	прочымъ	unknown	прочымъ:42	42	42	42	40		untyped	target-surface	target-lexeme-identity,target-morphological-cell			42	42	0	42		weak	large	candidate-unreviewed	surface grouping is diagnostic only; target identity and complete morphology require review
1606	synodal:family-candidate:abbc8a55d9d22c3713b0f744	candidate-family:synodal:family-candidate:abbc8a55d9d22c3713b0f744	synodal:family-candidate:abbc8a55d9d22c3713b0f744	ѕлагѡ	unknown	ѕлагѡ:42	42	42	42	42		untyped	target-surface	target-lexeme-identity,target-morphological-cell			42	42	0	42		weak	large	candidate-unreviewed	surface grouping is diagnostic only; target identity and complete morphology require review
1607	synodal:family-candidate:ac27a98941804a63474b99a8	candidate-family:synodal:family-candidate:ac27a98941804a63474b99a8	synodal:family-candidate:ac27a98941804a63474b99a8	обращьс-	unknown	ѡбращьсѧ:42	42	42	42	42		possible-nominative-feminine-or-genitive-accusative	target-surface	target-lexeme-identity,target-morphological-cell			42	42	0	42		weak	large	candidate-unreviewed	surface grouping is diagnostic only; target identity and complete morphology require review
1608	synodal:family-candidate:b0d5674d2ae0e034b788520d	candidate-family:synodal:family-candidate:b0d5674d2ae0e034b788520d	synodal:family-candidate:b0d5674d2ae0e034b788520d	оставитс-	unknown	ѡставитсѧ:42	42	42	42	40		possible-nominative-feminine-or-genitive-accusative	target-surface	target-lexeme-identity,target-morphological-cell			42	42	0	42		weak	large	candidate-unreviewed	surface grouping is diagnostic only; target identity and complete morphology require review
1609	synodal:family-candidate:b1591faf55588b62a17bd933	candidate-family:synodal:family-candidate:b1591faf55588b62a17bd933	synodal:family-candidate:b1591faf55588b62a17bd933	двер-	unknown	дверемъ:42	42	42	42	40		untyped	target-surface	target-lexeme-identity,target-morphological-cell			42	42	0	42		weak	large	candidate-unreviewed	surface grouping is diagnostic only; target identity and complete morphology require review
1610	synodal:family-candidate:b86043e4a3dc9d7790855870	candidate-family:synodal:family-candidate:b86043e4a3dc9d7790855870	synodal:family-candidate:b86043e4a3dc9d7790855870	гава-	unknown	гаваи:42	42	42	42	40		possible-nominative-plural	target-surface	target-lexeme-identity,target-morphological-cell			42	42	0	42		weak	large	candidate-unreviewed	surface grouping is diagnostic only; target identity and complete morphology require review
1611	synodal:family-candidate:bb98760108eab035e5ebfd40	candidate-family:synodal:family-candidate:bb98760108eab035e5ebfd40	synodal:family-candidate:bb98760108eab035e5ebfd40	искреннѧго	unknown	искреннѧго:42	42	42	42	42		untyped	target-surface	target-lexeme-identity,target-morphological-cell			42	42	0	42		weak	large	candidate-unreviewed	surface grouping is diagnostic only; target identity and complete morphology require review
1612	synodal:family-candidate:bf3d7ba5908f00c081e9e4c6	candidate-family:synodal:family-candidate:bf3d7ba5908f00c081e9e4c6	synodal:family-candidate:bf3d7ba5908f00c081e9e4c6	притч-	unknown	притчи:42	42	42	42	37		possible-nominative-plural	target-surface	target-lexeme-identity,target-morphological-cell			42	42	0	42		weak	large	candidate-unreviewed	surface grouping is diagnostic only; target identity and complete morphology require review
1613	synodal:family-candidate:c1f1f3e0d2155bfcc7d9fbf9	candidate-family:synodal:family-candidate:c1f1f3e0d2155bfcc7d9fbf9	synodal:family-candidate:c1f1f3e0d2155bfcc7d9fbf9	венїамінъ	unknown	венїамінъ:42	42	42	42	42		untyped	target-surface	target-lexeme-identity,target-morphological-cell			42	42	0	42		weak	large	candidate-unreviewed	surface grouping is diagnostic only; target identity and complete morphology require review
1614	synodal:family-candidate:c308c196573c227aa90253c5	candidate-family:synodal:family-candidate:c308c196573c227aa90253c5	synodal:family-candidate:c308c196573c227aa90253c5	десѧтинꙋ	unknown	десѧтинꙋ:42	42	42	42	34		untyped	target-surface	target-lexeme-identity,target-morphological-cell			42	42	0	42		weak	large	candidate-unreviewed	surface grouping is diagnostic only; target identity and complete morphology require review
1615	synodal:family-candidate:c3238f3cb66168d0c355a501	candidate-family:synodal:family-candidate:c3238f3cb66168d0c355a501	synodal:family-candidate:c3238f3cb66168d0c355a501	сожг-	unknown	сожгоша:42	42	42	42	40		possible-nominative-feminine-or-genitive-accusative	target-surface	target-lexeme-identity,target-morphological-cell			42	42	0	42		weak	large	candidate-unreviewed	surface grouping is diagnostic only; target identity and complete morphology require review
1616	synodal:family-candidate:c5a3d9ae69056c47d29e7e1a	candidate-family:synodal:family-candidate:c5a3d9ae69056c47d29e7e1a	synodal:family-candidate:c5a3d9ae69056c47d29e7e1a	мꙋкꙋ	unknown	мꙋкꙋ:42	42	42	42	42		untyped	target-surface	target-lexeme-identity,target-morphological-cell			42	42	0	42		weak	large	candidate-unreviewed	surface grouping is diagnostic only; target identity and complete morphology require review
1617	synodal:family-candidate:ccfc6a0deaa48852593c676f	candidate-family:synodal:family-candidate:ccfc6a0deaa48852593c676f	synodal:family-candidate:ccfc6a0deaa48852593c676f	ѹбоѧс-	unknown	ѹбоѧсѧ:42	42	42	42	42		possible-nominative-feminine-or-genitive-accusative	target-surface	target-lexeme-identity,target-morphological-cell			42	42	0	42		weak	large	candidate-unreviewed	surface grouping is diagnostic only; target identity and complete morphology require review
1618	synodal:family-candidate:d0d17f7a89819b1e3ded90e8	candidate-family:synodal:family-candidate:d0d17f7a89819b1e3ded90e8	synodal:family-candidate:d0d17f7a89819b1e3ded90e8	говѧдъ	unknown	говѧдъ:42	42	42	42	42		untyped	target-surface	target-lexeme-identity,target-morphological-cell			42	42	0	42		weak	large	candidate-unreviewed	surface grouping is diagnostic only; target identity and complete morphology require review
1619	synodal:family-candidate:d4bd578ffbeaf30011b59421	candidate-family:synodal:family-candidate:d4bd578ffbeaf30011b59421	synodal:family-candidate:d4bd578ffbeaf30011b59421	асы	unknown	асы:42	42	42	42	42		possible-nominative-plural	target-surface	target-lexeme-identity,target-morphological-cell			42	42	0	42		weak	large	candidate-unreviewed	surface grouping is diagnostic only; target identity and complete morphology require review
1620	synodal:family-candidate:d56a40ede48c1c2863817004	candidate-family:synodal:family-candidate:d56a40ede48c1c2863817004	synodal:family-candidate:d56a40ede48c1c2863817004	брем-	unknown	бремѧ:42	42	42	42	34		possible-nominative-feminine-or-genitive-accusative	target-surface	target-lexeme-identity,target-morphological-cell			42	42	0	42		weak	large	candidate-unreviewed	surface grouping is diagnostic only; target identity and complete morphology require review
1621	synodal:family-candidate:d6a0b1a1d0812a9a0696f828	candidate-family:synodal:family-candidate:d6a0b1a1d0812a9a0696f828	synodal:family-candidate:d6a0b1a1d0812a9a0696f828	конєцъ	unknown	конєцъ:42	42	42	42	40		untyped	target-surface	target-lexeme-identity,target-morphological-cell			42	42	0	42		weak	large	candidate-unreviewed	surface grouping is diagnostic only; target identity and complete morphology require review
1622	synodal:family-candidate:e9479d0660a38094ac472876	candidate-family:synodal:family-candidate:e9479d0660a38094ac472876	synodal:family-candidate:e9479d0660a38094ac472876	даѧни-	unknown	даѧнїѧ:42	42	42	42	42		possible-nominative-feminine-or-genitive-accusative	target-surface	target-lexeme-identity,target-morphological-cell			42	42	0	42		weak	large	candidate-unreviewed	surface grouping is diagnostic only; target identity and complete morphology require review
1623	synodal:family-candidate:f035d6d7e3944d6b0a2eda20	candidate-family:synodal:family-candidate:f035d6d7e3944d6b0a2eda20	synodal:family-candidate:f035d6d7e3944d6b0a2eda20	гаваѡнѣ	unknown	гаваѡнѣ:42	42	42	42	42		untyped	target-surface	target-lexeme-identity,target-morphological-cell			42	42	0	42		weak	large	candidate-unreviewed	surface grouping is diagnostic only; target identity and complete morphology require review
1624	synodal:family-candidate:f8a21c3f30e0065e3de12529	candidate-family:synodal:family-candidate:f8a21c3f30e0065e3de12529	synodal:family-candidate:f8a21c3f30e0065e3de12529	втор-	unknown	втораго:42	42	42	42	42		untyped	target-surface	target-lexeme-identity,target-morphological-cell			42	42	0	42		weak	large	candidate-unreviewed	surface grouping is diagnostic only; target identity and complete morphology require review
1625	synodal:family-candidate:fbc5821aad3c01546c05e27b	candidate-family:synodal:family-candidate:fbc5821aad3c01546c05e27b	synodal:family-candidate:fbc5821aad3c01546c05e27b	иоаки-	unknown	іѡакіма:42	42	42	42	40		possible-nominative-feminine-or-genitive-accusative	target-surface	target-lexeme-identity,target-morphological-cell			42	42	0	42		weak	large	candidate-unreviewed	surface grouping is diagnostic only; target identity and complete morphology require review
1626	synodal:family-candidate:06794db649e89cf954c61a2e	candidate-family:synodal:family-candidate:06794db649e89cf954c61a2e	synodal:family-candidate:06794db649e89cf954c61a2e	крѣпк-	unknown	крѣпка:41	41	41	41	41		possible-nominative-feminine-or-genitive-accusative	target-surface	target-lexeme-identity,target-morphological-cell			41	41	0	41		weak	large	candidate-unreviewed	surface grouping is diagnostic only; target identity and complete morphology require review
1627	synodal:family-candidate:07428ed2f37eac3a3ab129c1	candidate-family:synodal:family-candidate:07428ed2f37eac3a3ab129c1	synodal:family-candidate:07428ed2f37eac3a3ab129c1	ѡколѡ	unknown	ѡколѡ:41	41	41	41	38		untyped	target-surface	target-lexeme-identity,target-morphological-cell			41	41	0	41		weak	large	candidate-unreviewed	surface grouping is diagnostic only; target identity and complete morphology require review
1628	synodal:family-candidate:1d561cf79bdd23d119cfe39f	candidate-family:synodal:family-candidate:1d561cf79bdd23d119cfe39f	synodal:family-candidate:1d561cf79bdd23d119cfe39f	дожд-	unknown	дождѧ:41	41	41	41	39		possible-nominative-feminine-or-genitive-accusative	target-surface	target-lexeme-identity,target-morphological-cell			41	41	0	41		weak	large	candidate-unreviewed	surface grouping is diagnostic only; target identity and complete morphology require review
1629	synodal:family-candidate:2ee5d68aa529b9fc20157e53	candidate-family:synodal:family-candidate:2ee5d68aa529b9fc20157e53	synodal:family-candidate:2ee5d68aa529b9fc20157e53	вшедш-	unknown	вшедше:41	41	41	41	41		possible-vocative-or-finite-verb	target-surface	target-lexeme-identity,target-morphological-cell			41	41	0	41		weak	large	candidate-unreviewed	surface grouping is diagnostic only; target identity and complete morphology require review
1630	synodal:family-candidate:3a6b5ecd6b08b657d15963a2	candidate-family:synodal:family-candidate:3a6b5ecd6b08b657d15963a2	synodal:family-candidate:3a6b5ecd6b08b657d15963a2	єдинолѣтн-	unknown	єдинолѣтна:41	41	41	41	41		possible-nominative-feminine-or-genitive-accusative	target-surface	target-lexeme-identity,target-morphological-cell			41	41	0	41		weak	large	candidate-unreviewed	surface grouping is diagnostic only; target identity and complete morphology require review
1631	synodal:family-candidate:3c3fbef221cc2182f471da51	candidate-family:synodal:family-candidate:3c3fbef221cc2182f471da51	synodal:family-candidate:3c3fbef221cc2182f471da51	побѣж-	unknown	побѣже:41	41	41	41	41		possible-vocative-or-finite-verb,ud:VERB:Aspect=Perf+Mood=Ind+Number=Sing+Person=3+Tense=Past+VerbForm=Fin+Voice=Act	target-surface,typed-cell-candidate	target-lexeme-identity,target-morphological-cell	an OCS treebank cell requires an independent exact Synodal surface witness		41	41	0	41		weak	large	candidate-unreviewed	surface grouping is diagnostic only; target identity and complete morphology require review
1632	synodal:family-candidate:463b2f1b7f21d18c82bcfdde	candidate-family:synodal:family-candidate:463b2f1b7f21d18c82bcfdde	synodal:family-candidate:463b2f1b7f21d18c82bcfdde	ѹбойтес-	unknown	ѹбойтесѧ:41	41	41	41	36		possible-nominative-feminine-or-genitive-accusative	target-surface	target-lexeme-identity,target-morphological-cell			41	41	0	41		weak	large	candidate-unreviewed	surface grouping is diagnostic only; target identity and complete morphology require review
1633	synodal:family-candidate:4730289e43ee5d2b33ece141	candidate-family:synodal:family-candidate:4730289e43ee5d2b33ece141	synodal:family-candidate:4730289e43ee5d2b33ece141	посрамѧтс-	unknown	посрамѧтсѧ:41	41	41	41	41		possible-nominative-feminine-or-genitive-accusative	target-surface	target-lexeme-identity,target-morphological-cell			41	41	0	41		weak	large	candidate-unreviewed	surface grouping is diagnostic only; target identity and complete morphology require review
1634	synodal:family-candidate:4db6f8c5e9d87fe2212d27b3	candidate-family:synodal:family-candidate:4db6f8c5e9d87fe2212d27b3	synodal:family-candidate:4db6f8c5e9d87fe2212d27b3	соберит-	unknown	соберите:41	41	41	41	35		possible-vocative-or-finite-verb	target-surface	target-lexeme-identity,target-morphological-cell			41	41	0	41		weak	large	candidate-unreviewed	surface grouping is diagnostic only; target identity and complete morphology require review
1635	synodal:family-candidate:575116e5fdf20479d2e71332	candidate-family:synodal:family-candidate:575116e5fdf20479d2e71332	synodal:family-candidate:575116e5fdf20479d2e71332	мірꙋ	unknown	мірꙋ:41	41	41	41	41		untyped	target-surface	target-lexeme-identity,target-morphological-cell			41	41	0	41		weak	large	candidate-unreviewed	surface grouping is diagnostic only; target identity and complete morphology require review
1636	synodal:family-candidate:6906f11f97e6829f9b29c6ea	candidate-family:synodal:family-candidate:6906f11f97e6829f9b29c6ea	synodal:family-candidate:6906f11f97e6829f9b29c6ea	стоп-	unknown	стѡпы:41	41	41	41	39		possible-nominative-plural	target-surface	target-lexeme-identity,target-morphological-cell			41	41	0	41		weak	large	candidate-unreviewed	surface grouping is diagnostic only; target identity and complete morphology require review
1637	synodal:family-candidate:6f204b2e93306e973da3e428	candidate-family:synodal:family-candidate:6f204b2e93306e973da3e428	synodal:family-candidate:6f204b2e93306e973da3e428	вед-	unknown	ведоша:41	41	41	41	40		possible-nominative-feminine-or-genitive-accusative	target-surface	target-lexeme-identity,target-morphological-cell			41	41	0	41		weak	large	candidate-unreviewed	surface grouping is diagnostic only; target identity and complete morphology require review
1638	synodal:family-candidate:767537de42705483d869e72b	candidate-family:synodal:family-candidate:767537de42705483d869e72b	synodal:family-candidate:767537de42705483d869e72b	сестр-	unknown	сестры:41	41	41	41	37		possible-nominative-plural	target-surface	target-lexeme-identity,target-morphological-cell			41	41	0	41		weak	large	candidate-unreviewed	surface grouping is diagnostic only; target identity and complete morphology require review
1639	synodal:family-candidate:7809a5ae809b36c836ec632c	candidate-family:synodal:family-candidate:7809a5ae809b36c836ec632c	synodal:family-candidate:7809a5ae809b36c836ec632c	отрочищ-	unknown	ѻтрочища:41	41	41	41	39		possible-nominative-feminine-or-genitive-accusative	target-surface	target-lexeme-identity,target-morphological-cell			41	41	0	41		weak	large	candidate-unreviewed	surface grouping is diagnostic only; target identity and complete morphology require review
1640	synodal:family-candidate:7c00c2d68063afa557a65199	candidate-family:synodal:family-candidate:7c00c2d68063afa557a65199	synodal:family-candidate:7c00c2d68063afa557a65199	храмин-	unknown	храмины:41	41	41	41	41		possible-nominative-plural	target-surface	target-lexeme-identity,target-morphological-cell			41	41	0	41		weak	large	candidate-unreviewed	surface grouping is diagnostic only; target identity and complete morphology require review
1641	synodal:family-candidate:821d5567fba60075e7e13f30	candidate-family:synodal:family-candidate:821d5567fba60075e7e13f30	synodal:family-candidate:821d5567fba60075e7e13f30	рѣкꙋ	unknown	рѣкꙋ:41	41	41	41	41		untyped	target-surface	target-lexeme-identity,target-morphological-cell			41	41	0	41		weak	large	candidate-unreviewed	surface grouping is diagnostic only; target identity and complete morphology require review
1642	synodal:family-candidate:8dfab5eb5f59b584932bfe64	candidate-family:synodal:family-candidate:8dfab5eb5f59b584932bfe64	synodal:family-candidate:8dfab5eb5f59b584932bfe64	уготов-	unknown	ᲂуготова:41	41	41	41	41		possible-nominative-feminine-or-genitive-accusative	target-surface	target-lexeme-identity,target-morphological-cell			41	41	0	41		weak	large	candidate-unreviewed	surface grouping is diagnostic only; target identity and complete morphology require review
1643	synodal:family-candidate:9970437370483985a14fad5c	candidate-family:synodal:family-candidate:9970437370483985a14fad5c	synodal:family-candidate:9970437370483985a14fad5c	царск-	unknown	царскихъ:41	41	41	41	41		possible-genitive-or-locative-plural	target-surface	target-lexeme-identity,target-morphological-cell			41	41	0	41		weak	large	candidate-unreviewed	surface grouping is diagnostic only; target identity and complete morphology require review
1644	synodal:family-candidate:9a5ff9f8692409ecb8d4a929	candidate-family:synodal:family-candidate:9a5ff9f8692409ecb8d4a929	synodal:family-candidate:9a5ff9f8692409ecb8d4a929	плѣнен-	unknown	плѣнени:41	41	41	41	41		possible-nominative-plural,ud:VERB:Case=Nom+Gender=Masc+Number=Plur+Tense=Past+Variant=Short+VerbForm=Part+Voice=Pass	target-surface,typed-cell-candidate	target-lexeme-identity,target-morphological-cell	an OCS treebank cell requires an independent exact Synodal surface witness		41	41	0	41		weak	large	candidate-unreviewed	surface grouping is diagnostic only; target identity and complete morphology require review
1645	synodal:family-candidate:9b6c4fdd0a4c7f03b71f72a4	candidate-family:synodal:family-candidate:9b6c4fdd0a4c7f03b71f72a4	synodal:family-candidate:9b6c4fdd0a4c7f03b71f72a4	всѧку-	unknown	всѧкꙋю:41	41	41	41	41		untyped	target-surface	target-lexeme-identity,target-morphological-cell			41	41	0	41		weak	large	candidate-unreviewed	surface grouping is diagnostic only; target identity and complete morphology require review
1646	synodal:family-candidate:9ced2c941eaaec4e869b5d15	candidate-family:synodal:family-candidate:9ced2c941eaaec4e869b5d15	synodal:family-candidate:9ced2c941eaaec4e869b5d15	усп-	unknown	ᲂуспе:41	41	41	41	41		possible-vocative-or-finite-verb	target-surface	target-lexeme-identity,target-morphological-cell			41	41	0	41		weak	large	candidate-unreviewed	surface grouping is diagnostic only; target identity and complete morphology require review
1647	synodal:family-candidate:a70415426483784e7a626dbc	candidate-family:synodal:family-candidate:a70415426483784e7a626dbc	synodal:family-candidate:a70415426483784e7a626dbc	обрѣзани-	unknown	ѡбрѣзанїѧ:41	41	41	41	39		possible-nominative-feminine-or-genitive-accusative	target-surface	target-lexeme-identity,target-morphological-cell			41	41	0	41		weak	large	candidate-unreviewed	surface grouping is diagnostic only; target identity and complete morphology require review
1648	synodal:family-candidate:ca15b8126cfc0459edc3b953	candidate-family:synodal:family-candidate:ca15b8126cfc0459edc3b953	synodal:family-candidate:ca15b8126cfc0459edc3b953	каменїй	unknown	каменїй:41	41	41	41	39		untyped	target-surface	target-lexeme-identity,target-morphological-cell			41	41	0	41		weak	large	candidate-unreviewed	surface grouping is diagnostic only; target identity and complete morphology require review
1649	synodal:family-candidate:d469b011b7ad0972eb7a0b38	candidate-family:synodal:family-candidate:d469b011b7ad0972eb7a0b38	synodal:family-candidate:d469b011b7ad0972eb7a0b38	снѣсть	unknown	снѣсть:41	41	41	41	39		untyped	target-surface	target-lexeme-identity,target-morphological-cell			41	41	0	41		weak	large	candidate-unreviewed	surface grouping is diagnostic only; target identity and complete morphology require review
1650	synodal:family-candidate:d782afa0cd8aeddadf7db40a	candidate-family:synodal:family-candidate:d782afa0cd8aeddadf7db40a	synodal:family-candidate:d782afa0cd8aeddadf7db40a	друз-	unknown	дрꙋзи:41	41	41	41	41		possible-nominative-plural	target-surface	target-lexeme-identity,target-morphological-cell			41	41	0	41		weak	large	candidate-unreviewed	surface grouping is diagnostic only; target identity and complete morphology require review
1651	synodal:family-candidate:dd24e9dc27ae566996074fc1	candidate-family:synodal:family-candidate:dd24e9dc27ae566996074fc1	synodal:family-candidate:dd24e9dc27ae566996074fc1	полн-	unknown	пѡлны:41	41	41	41	41		possible-nominative-plural	target-surface	target-lexeme-identity,target-morphological-cell			41	41	0	41		weak	large	candidate-unreviewed	surface grouping is diagnostic only; target identity and complete morphology require review
1652	synodal:family-candidate:e11d706ce98bef7bef9b735e	candidate-family:synodal:family-candidate:e11d706ce98bef7bef9b735e	synodal:family-candidate:e11d706ce98bef7bef9b735e	убойтес-	unknown	ᲂубойтесѧ:41	41	41	41	36		possible-nominative-feminine-or-genitive-accusative	target-surface	target-lexeme-identity,target-morphological-cell			41	41	0	41		weak	large	candidate-unreviewed	surface grouping is diagnostic only; target identity and complete morphology require review
1653	synodal:family-candidate:f029cd8db4ce276eafd6dc00	candidate-family:synodal:family-candidate:f029cd8db4ce276eafd6dc00	synodal:family-candidate:f029cd8db4ce276eafd6dc00	паж-	unknown	пажити:41	41	41	41	37		possible-nominative-plural,ud:NOUN:Case=Gen+Gender=Fem+Number=Sing,ud:NOUN:Case=Nom+Gender=Masc+Number=Plur	target-surface,typed-cell-candidate	target-lexeme-identity,target-morphological-cell	an OCS treebank cell requires an independent exact Synodal surface witness | more than one source-partition treebank lemma or cell matches the target surface		41	41	0	41		weak	large	candidate-unreviewed	surface grouping is diagnostic only; target identity and complete morphology require review
1654	synodal:family-candidate:f7f090bba309b56fb1d6404c	candidate-family:synodal:family-candidate:f7f090bba309b56fb1d6404c	synodal:family-candidate:f7f090bba309b56fb1d6404c	возрадуетс-	unknown	возрадꙋетсѧ:41	41	41	41	39		possible-nominative-feminine-or-genitive-accusative	target-surface	target-lexeme-identity,target-morphological-cell			41	41	0	41		weak	large	candidate-unreviewed	surface grouping is diagnostic only; target identity and complete morphology require review
1655	synodal:family-candidate:f9184d191df6bb9fca2eb818	candidate-family:synodal:family-candidate:f9184d191df6bb9fca2eb818	synodal:family-candidate:f9184d191df6bb9fca2eb818	тмѣ	unknown	тмѣ:41	41	41	41	40		untyped	target-surface	target-lexeme-identity,target-morphological-cell			41	41	0	41		weak	large	candidate-unreviewed	surface grouping is diagnostic only; target identity and complete morphology require review
1656	synodal:family-candidate:02f9847d1d25b12d3caa6742	candidate-family:synodal:family-candidate:02f9847d1d25b12d3caa6742	synodal:family-candidate:02f9847d1d25b12d3caa6742	садѡкъ	unknown	садѡкъ:40	40	40	40	40		untyped	target-surface	target-lexeme-identity,target-morphological-cell			40	40	0	40		weak	large	candidate-unreviewed	surface grouping is diagnostic only; target identity and complete morphology require review
1657	synodal:family-candidate:05473e16944be7d7c77f8995	candidate-family:synodal:family-candidate:05473e16944be7d7c77f8995	synodal:family-candidate:05473e16944be7d7c77f8995	человѣк-	unknown	человѣкомъ:40	40	40	40	40		possible-dative-plural-or-instrumental-singular	target-surface	target-lexeme-identity,target-morphological-cell			40	40	0	40		weak	large	deferred	Deferred after review: repeated corpus surfaces and diagnostic stem, prefix, or ending features do not by themselves establish a lemma, part of speech, morphological cell, principal parts, accent class, or productive rule.
1658	synodal:family-candidate:16a24220e4c28bd2ca836fae	candidate-family:synodal:family-candidate:16a24220e4c28bd2ca836fae	synodal:family-candidate:16a24220e4c28bd2ca836fae	галаадъ	unknown	галаадъ:40	40	40	40	40		ud:PROPN:Case=Nom+Gender=Masc+Number=Sing,untyped	target-surface,typed-cell-candidate	target-lexeme-identity,target-morphological-cell	an OCS treebank cell requires an independent exact Synodal surface witness		40	40	0	40		weak	large	candidate-unreviewed	surface grouping is diagnostic only; target identity and complete morphology require review
1659	synodal:family-candidate:1a5ac28cd1e31854b17d7559	candidate-family:synodal:family-candidate:1a5ac28cd1e31854b17d7559	synodal:family-candidate:1a5ac28cd1e31854b17d7559	сѷх-	unknown	сѷхемъ:40	40	40	40	38		untyped	target-surface	target-lexeme-identity,target-morphological-cell			40	40	0	40		weak	large	candidate-unreviewed	surface grouping is diagnostic only; target identity and complete morphology require review
1660	synodal:family-candidate:1d4393895c33b76321ca05f0	candidate-family:synodal:family-candidate:1d4393895c33b76321ca05f0	synodal:family-candidate:1d4393895c33b76321ca05f0	кꙋщꙋ	unknown	кꙋщꙋ:40	40	40	40	38		untyped	target-surface	target-lexeme-identity,target-morphological-cell			40	40	0	40		weak	large	candidate-unreviewed	surface grouping is diagnostic only; target identity and complete morphology require review
1661	synodal:family-candidate:20a028b5be3f7c9eca56be32	candidate-family:synodal:family-candidate:20a028b5be3f7c9eca56be32	synodal:family-candidate:20a028b5be3f7c9eca56be32	взыщит-	unknown	взыщите:40	40	40	40	32		possible-vocative-or-finite-verb	target-surface	target-lexeme-identity,target-morphological-cell			40	40	0	40		weak	large	candidate-unreviewed	surface grouping is diagnostic only; target identity and complete morphology require review
1662	synodal:family-candidate:2331b3de14a22fd406298c84	candidate-family:synodal:family-candidate:2331b3de14a22fd406298c84	synodal:family-candidate:2331b3de14a22fd406298c84	вмѣнис-	unknown	вмѣнисѧ:40	40	40	40	40		possible-nominative-feminine-or-genitive-accusative	target-surface	target-lexeme-identity,target-morphological-cell			40	40	0	40		weak	large	candidate-unreviewed	surface grouping is diagnostic only; target identity and complete morphology require review
1663	synodal:family-candidate:285598dade9e4b85992cbd31	candidate-family:synodal:family-candidate:285598dade9e4b85992cbd31	synodal:family-candidate:285598dade9e4b85992cbd31	стоѧщ-	unknown	стоѧща:40	40	40	40	40		possible-nominative-feminine-or-genitive-accusative	target-surface	target-lexeme-identity,target-morphological-cell			40	40	0	40		weak	large	candidate-unreviewed	surface grouping is diagnostic only; target identity and complete morphology require review
1664	synodal:family-candidate:2b45ce65f8b2c754d06ffd93	candidate-family:synodal:family-candidate:2b45ce65f8b2c754d06ffd93	synodal:family-candidate:2b45ce65f8b2c754d06ffd93	моѷсеово-	unknown	мѡѷсеовою:40	40	40	40	40		untyped	target-surface	target-lexeme-identity,target-morphological-cell			40	40	0	40		weak	large	candidate-unreviewed	surface grouping is diagnostic only; target identity and complete morphology require review
1665	synodal:family-candidate:38f04ec860772cf5e853be0a	candidate-family:synodal:family-candidate:38f04ec860772cf5e853be0a	synodal:family-candidate:38f04ec860772cf5e853be0a	кожꙋ	unknown	кожꙋ:40	40	40	40	38		untyped	target-surface	target-lexeme-identity,target-morphological-cell			40	40	0	40		weak	large	candidate-unreviewed	surface grouping is diagnostic only; target identity and complete morphology require review
1666	synodal:family-candidate:38f1a5e8f746b92317a0bd0c	candidate-family:synodal:family-candidate:38f1a5e8f746b92317a0bd0c	synodal:family-candidate:38f1a5e8f746b92317a0bd0c	пій	unknown	пій:40	40	40	40	40		untyped	target-surface	target-lexeme-identity,target-morphological-cell			40	40	0	40		weak	large	candidate-unreviewed	surface grouping is diagnostic only; target identity and complete morphology require review
1667	synodal:family-candidate:392cf2b60481adfffaf4e583	candidate-family:synodal:family-candidate:392cf2b60481adfffaf4e583	synodal:family-candidate:392cf2b60481adfffaf4e583	четвертыйнадесѧть	unknown	четвертыйнадесѧть:40	40	40	40	39		untyped	target-surface	target-lexeme-identity,target-morphological-cell			40	40	0	40		weak	large	candidate-unreviewed	surface grouping is diagnostic only; target identity and complete morphology require review
1668	synodal:family-candidate:3cf78792b1330dffe6f93adc	candidate-family:synodal:family-candidate:3cf78792b1330dffe6f93adc	synodal:family-candidate:3cf78792b1330dffe6f93adc	случис-	unknown	слꙋчисѧ:40	40	40	40	40		possible-nominative-feminine-or-genitive-accusative	target-surface	target-lexeme-identity,target-morphological-cell			40	40	0	40		weak	large	candidate-unreviewed	surface grouping is diagnostic only; target identity and complete morphology require review
1669	synodal:family-candidate:401fc4da85e19f7a50c15825	candidate-family:synodal:family-candidate:401fc4da85e19f7a50c15825	synodal:family-candidate:401fc4da85e19f7a50c15825	избралъ	unknown	избралъ:40	40	40	40	38		untyped	target-surface	target-lexeme-identity,target-morphological-cell			40	40	0	40		weak	large	candidate-unreviewed	surface grouping is diagnostic only; target identity and complete morphology require review
1670	synodal:family-candidate:41895c40c019af90645531e4	candidate-family:synodal:family-candidate:41895c40c019af90645531e4	synodal:family-candidate:41895c40c019af90645531e4	єйж-	unknown	єйже:40	40	40	40	40		possible-vocative-or-finite-verb	target-surface	target-lexeme-identity,target-morphological-cell			40	40	0	40		weak	large	candidate-unreviewed	surface grouping is diagnostic only; target identity and complete morphology require review
1671	synodal:family-candidate:48f4564e55218d4422f8c5b8	candidate-family:synodal:family-candidate:48f4564e55218d4422f8c5b8	synodal:family-candidate:48f4564e55218d4422f8c5b8	об̾-	unknown	ѡб̾ѧтъ:40	40	40	40	38		possible-finite-verb	target-surface	target-lexeme-identity,target-morphological-cell			40	40	0	40		weak	large	candidate-unreviewed	surface grouping is diagnostic only; target identity and complete morphology require review
1672	synodal:family-candidate:4e02fa178b89762134a519a4	candidate-family:synodal:family-candidate:4e02fa178b89762134a519a4	synodal:family-candidate:4e02fa178b89762134a519a4	вверг-	unknown	ввергоша:40	40	40	40	40		possible-nominative-feminine-or-genitive-accusative	target-surface	target-lexeme-identity,target-morphological-cell			40	40	0	40		weak	large	candidate-unreviewed	surface grouping is diagnostic only; target identity and complete morphology require review
1673	synodal:family-candidate:4fdedaa85dc726169c9c86e8	candidate-family:synodal:family-candidate:4fdedaa85dc726169c9c86e8	synodal:family-candidate:4fdedaa85dc726169c9c86e8	кѵръ	unknown	кѵръ:40	40	40	40	38		untyped	target-surface	target-lexeme-identity,target-morphological-cell			40	40	0	40		weak	large	candidate-unreviewed	surface grouping is diagnostic only; target identity and complete morphology require review
1674	synodal:family-candidate:4ffa2aa67ba6dedcedbfc433	candidate-family:synodal:family-candidate:4ffa2aa67ba6dedcedbfc433	synodal:family-candidate:4ffa2aa67ba6dedcedbfc433	іꙋдинымъ	unknown	іꙋдинымъ:40	40	40	40	40		untyped	target-surface	target-lexeme-identity,target-morphological-cell			40	40	0	40		weak	large	candidate-unreviewed	surface grouping is diagnostic only; target identity and complete morphology require review
1675	synodal:family-candidate:530262f2553975d13c122e34	candidate-family:synodal:family-candidate:530262f2553975d13c122e34	synodal:family-candidate:530262f2553975d13c122e34	гꙋслехъ	unknown	гꙋслехъ:40	40	40	40	38		untyped	target-surface	target-lexeme-identity,target-morphological-cell			40	40	0	40		weak	large	candidate-unreviewed	surface grouping is diagnostic only; target identity and complete morphology require review
1676	synodal:family-candidate:5379f4af0b622168f3f67d69	candidate-family:synodal:family-candidate:5379f4af0b622168f3f67d69	synodal:family-candidate:5379f4af0b622168f3f67d69	из̾ѧ-	unknown	из̾ѧти:40	40	40	40	40		possible-nominative-plural	target-surface	target-lexeme-identity,target-morphological-cell			40	40	0	40		weak	large	candidate-unreviewed	surface grouping is diagnostic only; target identity and complete morphology require review
1677	synodal:family-candidate:53e456ca4223ff9bef01c480	candidate-family:synodal:family-candidate:53e456ca4223ff9bef01c480	synodal:family-candidate:53e456ca4223ff9bef01c480	тук-	unknown	тꙋка:40	40	40	40	40		possible-nominative-feminine-or-genitive-accusative	target-surface	target-lexeme-identity,target-morphological-cell			40	40	0	40		weak	large	candidate-unreviewed	surface grouping is diagnostic only; target identity and complete morphology require review
1678	synodal:family-candidate:574e27c74a60ea1a50cffdb2	candidate-family:synodal:family-candidate:574e27c74a60ea1a50cffdb2	synodal:family-candidate:574e27c74a60ea1a50cffdb2	возси-	unknown	возсїѧ:40	40	40	40	40		possible-nominative-feminine-or-genitive-accusative	target-surface	target-lexeme-identity,target-morphological-cell			40	40	0	40		weak	large	candidate-unreviewed	surface grouping is diagnostic only; target identity and complete morphology require review
1679	synodal:family-candidate:58062e7bd2f895dc16aabe8f	candidate-family:synodal:family-candidate:58062e7bd2f895dc16aabe8f	synodal:family-candidate:58062e7bd2f895dc16aabe8f	печать	unknown	печать:40	40	40	40	38		ud:NOUN:Case=Nom+Gender=Masc+Number=Sing,untyped	target-surface,typed-cell-candidate	target-lexeme-identity,target-morphological-cell	an OCS treebank cell requires an independent exact Synodal surface witness		40	40	0	40		weak	large	candidate-unreviewed	surface grouping is diagnostic only; target identity and complete morphology require review
1680	synodal:family-candidate:59b67f7863873c289891535c	candidate-family:synodal:family-candidate:59b67f7863873c289891535c	synodal:family-candidate:59b67f7863873c289891535c	пощад-	unknown	пощадитъ:40	40	40	40	40		possible-finite-verb	target-surface	target-lexeme-identity,target-morphological-cell			40	40	0	40		weak	large	candidate-unreviewed	surface grouping is diagnostic only; target identity and complete morphology require review
1681	synodal:family-candidate:5b881414a484b7836e6332b6	candidate-family:synodal:family-candidate:5b881414a484b7836e6332b6	synodal:family-candidate:5b881414a484b7836e6332b6	девѧтьдес-	unknown	девѧтьдесѧтъ:40	40	40	40	40		possible-finite-verb	target-surface	target-lexeme-identity,target-morphological-cell			40	40	0	40		weak	large	candidate-unreviewed	surface grouping is diagnostic only; target identity and complete morphology require review
1682	synodal:family-candidate:5ef711f540bf66320bfac237	candidate-family:synodal:family-candidate:5ef711f540bf66320bfac237	synodal:family-candidate:5ef711f540bf66320bfac237	трубо-	unknown	трꙋбою:40	40	40	40	40		untyped	target-surface	target-lexeme-identity,target-morphological-cell			40	40	0	40		weak	large	candidate-unreviewed	surface grouping is diagnostic only; target identity and complete morphology require review
1683	synodal:family-candidate:5f7dd63c5ad09a19c3b7823b	candidate-family:synodal:family-candidate:5f7dd63c5ad09a19c3b7823b	synodal:family-candidate:5f7dd63c5ad09a19c3b7823b	суєтна-	unknown	сꙋєтнаѧ:40	40	40	40	38		possible-nominative-feminine-or-genitive-accusative	target-surface	target-lexeme-identity,target-morphological-cell			40	40	0	40		weak	large	candidate-unreviewed	surface grouping is diagnostic only; target identity and complete morphology require review
1684	synodal:family-candidate:6b153c77365bed4cccf90b74	candidate-family:synodal:family-candidate:6b153c77365bed4cccf90b74	synodal:family-candidate:6b153c77365bed4cccf90b74	сꙋббѡтъ	unknown	сꙋббѡтъ:40	40	40	40	40		possible-finite-verb	target-surface	target-lexeme-identity,target-morphological-cell			40	40	0	40		weak	large	candidate-unreviewed	surface grouping is diagnostic only; target identity and complete morphology require review
1685	synodal:family-candidate:6c8988431d189a59805bbc66	candidate-family:synodal:family-candidate:6c8988431d189a59805bbc66	synodal:family-candidate:6c8988431d189a59805bbc66	ѡбитаютъ	unknown	ѡбитаютъ:40	40	40	40	40		possible-finite-verb	target-surface	target-lexeme-identity,target-morphological-cell			40	40	0	40		weak	large	candidate-unreviewed	surface grouping is diagnostic only; target identity and complete morphology require review
1686	synodal:family-candidate:7470f1c6bbad42fc8a95cbea	candidate-family:synodal:family-candidate:7470f1c6bbad42fc8a95cbea	synodal:family-candidate:7470f1c6bbad42fc8a95cbea	исход-	unknown	исхода:40	40	40	40	40		possible-nominative-feminine-or-genitive-accusative	target-surface	target-lexeme-identity,target-morphological-cell			40	40	0	40		weak	large	candidate-unreviewed	surface grouping is diagnostic only; target identity and complete morphology require review
1687	synodal:family-candidate:76bc64809a337cfb68d77c4c	candidate-family:synodal:family-candidate:76bc64809a337cfb68d77c4c	synodal:family-candidate:76bc64809a337cfb68d77c4c	врєтищ-	unknown	врєтища:40	40	40	40	40		possible-nominative-feminine-or-genitive-accusative	target-surface	target-lexeme-identity,target-morphological-cell			40	40	0	40		weak	large	candidate-unreviewed	surface grouping is diagnostic only; target identity and complete morphology require review
1688	synodal:family-candidate:891ef5aeb5616960220583df	candidate-family:synodal:family-candidate:891ef5aeb5616960220583df	synodal:family-candidate:891ef5aeb5616960220583df	ѕвѣрь	unknown	ѕвѣрь:40	40	40	40	36		untyped	target-surface	target-lexeme-identity,target-morphological-cell			40	40	0	40		weak	large	candidate-unreviewed	surface grouping is diagnostic only; target identity and complete morphology require review
1689	synodal:family-candidate:96f7a04dc194946023f93d02	candidate-family:synodal:family-candidate:96f7a04dc194946023f93d02	synodal:family-candidate:96f7a04dc194946023f93d02	предастс-	unknown	предастсѧ:40	40	40	40	40		possible-nominative-feminine-or-genitive-accusative	target-surface	target-lexeme-identity,target-morphological-cell			40	40	0	40		weak	large	candidate-unreviewed	surface grouping is diagnostic only; target identity and complete morphology require review
1690	synodal:family-candidate:9bc576602c85417c7ee31519	candidate-family:synodal:family-candidate:9bc576602c85417c7ee31519	synodal:family-candidate:9bc576602c85417c7ee31519	ави-	unknown	авіа:40	40	40	40	40		possible-nominative-feminine-or-genitive-accusative	target-surface	target-lexeme-identity,target-morphological-cell			40	40	0	40		weak	large	candidate-unreviewed	surface grouping is diagnostic only; target identity and complete morphology require review
1691	synodal:family-candidate:9e23b4d90f946364484d3ab6	candidate-family:synodal:family-candidate:9e23b4d90f946364484d3ab6	synodal:family-candidate:9e23b4d90f946364484d3ab6	насытитс-	unknown	насытитсѧ:40	40	40	40	38		possible-nominative-feminine-or-genitive-accusative	target-surface	target-lexeme-identity,target-morphological-cell			40	40	0	40		weak	large	candidate-unreviewed	surface grouping is diagnostic only; target identity and complete morphology require review
1692	synodal:family-candidate:a11b53b89903cfeeb6cf1545	candidate-family:synodal:family-candidate:a11b53b89903cfeeb6cf1545	synodal:family-candidate:a11b53b89903cfeeb6cf1545	селени-	unknown	селенїе:40	40	40	40	40		possible-vocative-or-finite-verb	target-surface	target-lexeme-identity,target-morphological-cell			40	40	0	40		weak	large	candidate-unreviewed	surface grouping is diagnostic only; target identity and complete morphology require review
1693	synodal:family-candidate:a268855c4fd44187d0c12ef2	candidate-family:synodal:family-candidate:a268855c4fd44187d0c12ef2	synodal:family-candidate:a268855c4fd44187d0c12ef2	лакт-	unknown	лактѧ:40	40	40	40	28		possible-nominative-feminine-or-genitive-accusative	target-surface	target-lexeme-identity,target-morphological-cell			40	40	0	40		weak	large	candidate-unreviewed	surface grouping is diagnostic only; target identity and complete morphology require review
1694	synodal:family-candidate:a3af31c5be3f148ac9697f4d	candidate-family:synodal:family-candidate:a3af31c5be3f148ac9697f4d	synodal:family-candidate:a3af31c5be3f148ac9697f4d	воеводъ	unknown	воеводъ:40	40	40	40	40		untyped	target-surface	target-lexeme-identity,target-morphological-cell			40	40	0	40		weak	large	candidate-unreviewed	surface grouping is diagnostic only; target identity and complete morphology require review
1695	synodal:family-candidate:a4c47ddda19643798e4d2b59	candidate-family:synodal:family-candidate:a4c47ddda19643798e4d2b59	synodal:family-candidate:a4c47ddda19643798e4d2b59	артаѯерѯ-	unknown	артаѯерѯа:40	40	40	40	38		possible-nominative-feminine-or-genitive-accusative	target-surface	target-lexeme-identity,target-morphological-cell			40	40	0	40		weak	large	candidate-unreviewed	surface grouping is diagnostic only; target identity and complete morphology require review
1696	synodal:family-candidate:a5795ec36e00eaade0e4ae01	candidate-family:synodal:family-candidate:a5795ec36e00eaade0e4ae01	synodal:family-candidate:a5795ec36e00eaade0e4ae01	введꙋ	unknown	введꙋ:40	40	40	40	40		untyped	target-surface	target-lexeme-identity,target-morphological-cell			40	40	0	40		weak	large	candidate-unreviewed	surface grouping is diagnostic only; target identity and complete morphology require review
1697	synodal:family-candidate:a7b4bbcddcec5fcb28e26d60	candidate-family:synodal:family-candidate:a7b4bbcddcec5fcb28e26d60	synodal:family-candidate:a7b4bbcddcec5fcb28e26d60	ѿринꙋ	unknown	ѿринꙋ:40	40	40	40	40		untyped	target-surface	target-lexeme-identity,target-morphological-cell			40	40	0	40		weak	large	candidate-unreviewed	surface grouping is diagnostic only; target identity and complete morphology require review
1698	synodal:family-candidate:aaf41f5ba7cda9aec0b6d825	candidate-family:synodal:family-candidate:aaf41f5ba7cda9aec0b6d825	synodal:family-candidate:aaf41f5ba7cda9aec0b6d825	четверт-	unknown	четвертагѡ:40	40	40	40	40		untyped	target-surface	target-lexeme-identity,target-morphological-cell			40	40	0	40		weak	large	candidate-unreviewed	surface grouping is diagnostic only; target identity and complete morphology require review
1699	synodal:family-candidate:b8d23d20c31908807854c3e3	candidate-family:synodal:family-candidate:b8d23d20c31908807854c3e3	synodal:family-candidate:b8d23d20c31908807854c3e3	оставшихс-	unknown	ѡставшихсѧ:40	40	40	40	40		possible-nominative-feminine-or-genitive-accusative	target-surface	target-lexeme-identity,target-morphological-cell			40	40	0	40		weak	large	candidate-unreviewed	surface grouping is diagnostic only; target identity and complete morphology require review
1700	synodal:family-candidate:bae7b74e85e869329183e205	candidate-family:synodal:family-candidate:bae7b74e85e869329183e205	synodal:family-candidate:bae7b74e85e869329183e205	пощадѣ	unknown	пощадѣ:40	40	40	40	40		untyped	target-surface	target-lexeme-identity,target-morphological-cell			40	40	0	40		weak	large	candidate-unreviewed	surface grouping is diagnostic only; target identity and complete morphology require review
1701	synodal:family-candidate:bd86f20b4bf573558fbbaafb	candidate-family:synodal:family-candidate:bd86f20b4bf573558fbbaafb	synodal:family-candidate:bd86f20b4bf573558fbbaafb	четыренадесѧть	unknown	четыренадесѧть:40	40	40	40	38		untyped	target-surface	target-lexeme-identity,target-morphological-cell			40	40	0	40		weak	large	candidate-unreviewed	surface grouping is diagnostic only; target identity and complete morphology require review
1702	synodal:family-candidate:c0796b43aacdde9df0dd69fb	candidate-family:synodal:family-candidate:c0796b43aacdde9df0dd69fb	synodal:family-candidate:c0796b43aacdde9df0dd69fb	ѹклонис-	unknown	ѹклонисѧ:40	40	40	40	37		possible-nominative-feminine-or-genitive-accusative	target-surface	target-lexeme-identity,target-morphological-cell			40	40	0	40		weak	large	candidate-unreviewed	surface grouping is diagnostic only; target identity and complete morphology require review
1703	synodal:family-candidate:c25b11146360027f87c318a9	candidate-family:synodal:family-candidate:c25b11146360027f87c318a9	synodal:family-candidate:c25b11146360027f87c318a9	сложени-	unknown	сложенїѧ:40	40	40	40	40		possible-nominative-feminine-or-genitive-accusative	target-surface	target-lexeme-identity,target-morphological-cell			40	40	0	40		weak	large	candidate-unreviewed	surface grouping is diagnostic only; target identity and complete morphology require review
1704	synodal:family-candidate:c308c054ee771f4e113c51fc	candidate-family:synodal:family-candidate:c308c054ee771f4e113c51fc	synodal:family-candidate:c308c054ee771f4e113c51fc	ѻтрокꙋ	unknown	ѻтрокꙋ:40	40	40	40	38		untyped	target-surface	target-lexeme-identity,target-morphological-cell			40	40	0	40		weak	large	candidate-unreviewed	surface grouping is diagnostic only; target identity and complete morphology require review
1705	synodal:family-candidate:c3f6f01cbbb82dad7ded371b	candidate-family:synodal:family-candidate:c3f6f01cbbb82dad7ded371b	synodal:family-candidate:c3f6f01cbbb82dad7ded371b	поклонитес-	unknown	поклонитесѧ:40	40	40	40	38		possible-nominative-feminine-or-genitive-accusative	target-surface	target-lexeme-identity,target-morphological-cell			40	40	0	40		weak	large	candidate-unreviewed	surface grouping is diagnostic only; target identity and complete morphology require review
1706	synodal:family-candidate:c7197cb45c42a52d04d7ca35	candidate-family:synodal:family-candidate:c7197cb45c42a52d04d7ca35	synodal:family-candidate:c7197cb45c42a52d04d7ca35	четверто-	unknown	четвертое:40	40	40	40	40		possible-vocative-or-finite-verb	target-surface	target-lexeme-identity,target-morphological-cell			40	40	0	40		weak	large	candidate-unreviewed	surface grouping is diagnostic only; target identity and complete morphology require review
1707	synodal:family-candidate:ce9f554a239ed64187c18230	candidate-family:synodal:family-candidate:ce9f554a239ed64187c18230	synodal:family-candidate:ce9f554a239ed64187c18230	веѳил-	unknown	веѳили:40	40	40	40	36		possible-nominative-plural	target-surface	target-lexeme-identity,target-morphological-cell			40	40	0	40		weak	large	candidate-unreviewed	surface grouping is diagnostic only; target identity and complete morphology require review
1708	synodal:family-candidate:d2f755ccbecc89204cd76f1a	candidate-family:synodal:family-candidate:d2f755ccbecc89204cd76f1a	synodal:family-candidate:d2f755ccbecc89204cd76f1a	зачатъ	unknown	зачатъ:40	40	40	40	40		possible-finite-verb	target-surface	target-lexeme-identity,target-morphological-cell			40	40	0	40		weak	large	candidate-unreviewed	surface grouping is diagnostic only; target identity and complete morphology require review
1709	synodal:family-candidate:d7012c70c4b48cae7c1dfaf3	candidate-family:synodal:family-candidate:d7012c70c4b48cae7c1dfaf3	synodal:family-candidate:d7012c70c4b48cae7c1dfaf3	призрѣ	unknown	призрѣ:40	40	40	40	40		ud:VERB:Aspect=Perf+Mood=Ind+Number=Sing+Person=3+Tense=Past+VerbForm=Fin+Voice=Act,untyped	target-surface,typed-cell-candidate	target-lexeme-identity,target-morphological-cell	an OCS treebank cell requires an independent exact Synodal surface witness		40	40	0	40		weak	large	candidate-unreviewed	surface grouping is diagnostic only; target identity and complete morphology require review
1710	synodal:family-candidate:e627f8a4b49925825783e039	candidate-family:synodal:family-candidate:e627f8a4b49925825783e039	synodal:family-candidate:e627f8a4b49925825783e039	желани-	unknown	желанїе:40	40	40	40	40		possible-vocative-or-finite-verb	target-surface	target-lexeme-identity,target-morphological-cell			40	40	0	40		weak	large	candidate-unreviewed	surface grouping is diagnostic only; target identity and complete morphology require review
1711	synodal:family-candidate:e77ef45bac30380d92adf538	candidate-family:synodal:family-candidate:e77ef45bac30380d92adf538	synodal:family-candidate:e77ef45bac30380d92adf538	авессалѡмꙋ	unknown	авессалѡмꙋ:40	40	40	40	38		untyped	target-surface	target-lexeme-identity,target-morphological-cell			40	40	0	40		weak	large	candidate-unreviewed	surface grouping is diagnostic only; target identity and complete morphology require review
1712	synodal:family-candidate:edbd89cfc8de02f50af3d741	candidate-family:synodal:family-candidate:edbd89cfc8de02f50af3d741	synodal:family-candidate:edbd89cfc8de02f50af3d741	приношахꙋ	unknown	приношахꙋ:40	40	40	40	38		untyped	target-surface	target-lexeme-identity,target-morphological-cell			40	40	0	40		weak	large	candidate-unreviewed	surface grouping is diagnostic only; target identity and complete morphology require review
1713	synodal:family-candidate:ee96054d71ebd07445b6940c	candidate-family:synodal:family-candidate:ee96054d71ebd07445b6940c	synodal:family-candidate:ee96054d71ebd07445b6940c	днешнїй	unknown	днешнїй:40	40	40	40	40		untyped	target-surface	target-lexeme-identity,target-morphological-cell			40	40	0	40		weak	large	candidate-unreviewed	surface grouping is diagnostic only; target identity and complete morphology require review
1714	synodal:family-candidate:f1443e06bd496edb10f3810d	candidate-family:synodal:family-candidate:f1443e06bd496edb10f3810d	synodal:family-candidate:f1443e06bd496edb10f3810d	отвратис-	unknown	ѿвратисѧ:40	40	40	40	40		possible-nominative-feminine-or-genitive-accusative	target-surface	target-lexeme-identity,target-morphological-cell			40	40	0	40		weak	large	candidate-unreviewed	surface grouping is diagnostic only; target identity and complete morphology require review
1715	synodal:family-candidate:f714c3ce9b09ce604182bb47	candidate-family:synodal:family-candidate:f714c3ce9b09ce604182bb47	synodal:family-candidate:f714c3ce9b09ce604182bb47	амалик-	unknown	амалика:40	40	40	40	38		possible-nominative-feminine-or-genitive-accusative	target-surface	target-lexeme-identity,target-morphological-cell			40	40	0	40		weak	large	candidate-unreviewed	surface grouping is diagnostic only; target identity and complete morphology require review
1716	synodal:family-candidate:fa7e45ae589a156794daf273	candidate-family:synodal:family-candidate:fa7e45ae589a156794daf273	synodal:family-candidate:fa7e45ae589a156794daf273	амаси-	unknown	амасіа:40	40	40	40	40		possible-nominative-feminine-or-genitive-accusative	target-surface	target-lexeme-identity,target-morphological-cell			40	40	0	40		weak	large	candidate-unreviewed	surface grouping is diagnostic only; target identity and complete morphology require review
1717	synodal:family-candidate:01117c92267a83696b1ad097	candidate-family:synodal:family-candidate:01117c92267a83696b1ad097	synodal:family-candidate:01117c92267a83696b1ad097	творѧщ-	unknown	творѧщихъ:39	39	39	39	39		possible-genitive-or-locative-plural	target-surface	target-lexeme-identity,target-morphological-cell			39	39	0	39		weak	large	candidate-unreviewed	surface grouping is diagnostic only; target identity and complete morphology require review
1718	synodal:family-candidate:0b0b53e5a1f290cdd47e702e	candidate-family:synodal:family-candidate:0b0b53e5a1f290cdd47e702e	synodal:family-candidate:0b0b53e5a1f290cdd47e702e	блудниц-	unknown	блꙋдницы:39	39	39	39	39		possible-nominative-plural	target-surface	target-lexeme-identity,target-morphological-cell			39	39	0	39		weak	large	candidate-unreviewed	surface grouping is diagnostic only; target identity and complete morphology require review
1719	synodal:family-candidate:195e42386f9f356b7c893519	candidate-family:synodal:family-candidate:195e42386f9f356b7c893519	synodal:family-candidate:195e42386f9f356b7c893519	изыдохъ	unknown	изыдохъ:39	39	39	39	39		untyped	target-surface	target-lexeme-identity,target-morphological-cell			39	39	0	39		weak	large	candidate-unreviewed	surface grouping is diagnostic only; target identity and complete morphology require review
1720	synodal:family-candidate:2c8ea8ba9da63a49a60b0377	candidate-family:synodal:family-candidate:2c8ea8ba9da63a49a60b0377	synodal:family-candidate:2c8ea8ba9da63a49a60b0377	сирѣчь	unknown	сирѣчь:39	39	39	39	39		untyped	target-surface	target-lexeme-identity,target-morphological-cell			39	39	0	39		weak	large	candidate-unreviewed	surface grouping is diagnostic only; target identity and complete morphology require review
1721	synodal:family-candidate:4553518725a02f00dc8a5e7f	candidate-family:synodal:family-candidate:4553518725a02f00dc8a5e7f	synodal:family-candidate:4553518725a02f00dc8a5e7f	убоѧс-	unknown	ᲂубоѧсѧ:39	39	39	39	39		possible-nominative-feminine-or-genitive-accusative	target-surface	target-lexeme-identity,target-morphological-cell			39	39	0	39		weak	large	candidate-unreviewed	surface grouping is diagnostic only; target identity and complete morphology require review
1722	synodal:family-candidate:45b4cd30d693b0d7b5dceda0	candidate-family:synodal:family-candidate:45b4cd30d693b0d7b5dceda0	synodal:family-candidate:45b4cd30d693b0d7b5dceda0	тщани-	unknown	тщанїемъ:39	39	39	39	39		untyped	target-surface	target-lexeme-identity,target-morphological-cell			39	39	0	39		weak	large	candidate-unreviewed	surface grouping is diagnostic only; target identity and complete morphology require review
1723	synodal:family-candidate:4c3805962a1d01d4d7827ba4	candidate-family:synodal:family-candidate:4c3805962a1d01d4d7827ba4	synodal:family-candidate:4c3805962a1d01d4d7827ba4	охози-	unknown	ѻхозіа:39	39	39	39	39		possible-nominative-feminine-or-genitive-accusative	target-surface	target-lexeme-identity,target-morphological-cell			39	39	0	39		weak	large	candidate-unreviewed	surface grouping is diagnostic only; target identity and complete morphology require review
1724	synodal:family-candidate:4dec8563b5b2144d7d6f728c	candidate-family:synodal:family-candidate:4dec8563b5b2144d7d6f728c	synodal:family-candidate:4dec8563b5b2144d7d6f728c	востокꙋ	unknown	востокꙋ:39	39	39	39	39		untyped	target-surface	target-lexeme-identity,target-morphological-cell			39	39	0	39		weak	large	candidate-unreviewed	surface grouping is diagnostic only; target identity and complete morphology require review
1725	synodal:family-candidate:4e73614022309ef296674c0f	candidate-family:synodal:family-candidate:4e73614022309ef296674c0f	synodal:family-candidate:4e73614022309ef296674c0f	тїмоѳей	unknown	тїмоѳей:39	39	39	39	39		untyped	target-surface	target-lexeme-identity,target-morphological-cell			39	39	0	39		weak	large	candidate-unreviewed	surface grouping is diagnostic only; target identity and complete morphology require review
1726	synodal:family-candidate:79723cc32175fbca9efb1e0e	candidate-family:synodal:family-candidate:79723cc32175fbca9efb1e0e	synodal:family-candidate:79723cc32175fbca9efb1e0e	исповѣдани-	unknown	исповѣданїе:39	39	39	39	39		possible-vocative-or-finite-verb	target-surface	target-lexeme-identity,target-morphological-cell			39	39	0	39		weak	large	candidate-unreviewed	surface grouping is diagnostic only; target identity and complete morphology require review
1727	synodal:family-candidate:8af1a4e51a89cdf935599085	candidate-family:synodal:family-candidate:8af1a4e51a89cdf935599085	synodal:family-candidate:8af1a4e51a89cdf935599085	тойж-	unknown	тойже:39	39	39	39	39		possible-vocative-or-finite-verb	target-surface	target-lexeme-identity,target-morphological-cell			39	39	0	39		weak	large	candidate-unreviewed	surface grouping is diagnostic only; target identity and complete morphology require review
1728	synodal:family-candidate:a64fb2176260659aa58d7e22	candidate-family:synodal:family-candidate:a64fb2176260659aa58d7e22	synodal:family-candidate:a64fb2176260659aa58d7e22	єдв-	unknown	єдва:39	39	39	39	39		possible-nominative-feminine-or-genitive-accusative	target-surface	target-lexeme-identity,target-morphological-cell			39	39	0	39		weak	large	candidate-unreviewed	surface grouping is diagnostic only; target identity and complete morphology require review
1729	synodal:family-candidate:b3afd87b4cb303fc77da4dc0	candidate-family:synodal:family-candidate:b3afd87b4cb303fc77da4dc0	synodal:family-candidate:b3afd87b4cb303fc77da4dc0	трость	unknown	трость:39	39	39	39	39		untyped	target-surface	target-lexeme-identity,target-morphological-cell			39	39	0	39		weak	large	candidate-unreviewed	surface grouping is diagnostic only; target identity and complete morphology require review
1730	synodal:family-candidate:b729828f9e252c829239256d	candidate-family:synodal:family-candidate:b729828f9e252c829239256d	synodal:family-candidate:b729828f9e252c829239256d	волн-	unknown	вѡлны:39	39	39	39	39		possible-nominative-plural	target-surface	target-lexeme-identity,target-morphological-cell			39	39	0	39		weak	large	candidate-unreviewed	surface grouping is diagnostic only; target identity and complete morphology require review
1731	synodal:family-candidate:e75a58dfb024ae181eff10dd	candidate-family:synodal:family-candidate:e75a58dfb024ae181eff10dd	synodal:family-candidate:e75a58dfb024ae181eff10dd	ꙗвишас-	unknown	ꙗвишасѧ:39	39	39	39	39		possible-nominative-feminine-or-genitive-accusative	target-surface	target-lexeme-identity,target-morphological-cell			39	39	0	39		weak	large	candidate-unreviewed	surface grouping is diagnostic only; target identity and complete morphology require review
1732	synodal:family-candidate:6d834edc78c1dd7e96ba3850	family:synodal:noun:wikt-63ff1354644b	synodal:family-candidate:6d834edc78c1dd7e96ba3850	кровь	unknown	кровь:445	445	445	0	401	synodal:noun:wikt-63ff1354644b	ud:NOUN:Case=Acc+Gender=Fem+Number=Sing,untyped	target-surface,typed-cell-candidate	target-lexeme-identity,target-morphological-cell	an OCS treebank cell requires an independent exact Synodal surface witness		0	0	0	0		partial	medium	deferred	Deferred after v0.5 review: repeated target surfaces do not establish lemma identity, semantics, exact morphological cells, principal parts, accent class, or a productive Synodal rule.
1733	synodal:family-candidate:88c340c97d1648eafaa5c40f	family:synodal:noun:wikt-63ff1354644b	synodal:family-candidate:88c340c97d1648eafaa5c40f	кровъ	noun	крове:289,крови:94	383	383	0	344	synodal:noun:wikt-63ff1354644b	nominative+plural+vocative,possible-nominative-plural,possible-vocative-or-finite-verb,singular+vocative,ud:NOUN:Case=Loc+Gender=Masc+Number=Sing,ud:NOUN:Case=Nom+Gender=Masc+Number=Plur	lexical-semantic-candidate,target-surface,typed-cell-candidate	source-partition-exact-cell-evidence; evaluation candidates cannot license runtime facts,target-lexeme-identity,target-morphological-cell	OCS dictionary morphology is candidate evidence, not a Synodal paradigm | an OCS treebank cell requires an independent exact Synodal surface witness | more than one source-partition treebank lemma or cell matches the target surface		0	0	0	0		partial	medium	deferred	Deferred after v0.5 review: OCS dictionary membership supplies candidate evidence only; target-recension identity, semantics, exact typed cells, accents, and any productive metadata remain independently unsupported.
1734	synodal:family-candidate:9517d1d0cdeebe8c962dde10	family:synodal:verb:wikt-332544509d0c	synodal:family-candidate:9517d1d0cdeebe8c962dde10	принес-	unknown	принесетъ:157,принесꙋтъ:64,принеси:40	261	261	0	235	synodal:verb:wikt-332544509d0c	possible-finite-verb,possible-nominative-plural,ud:VERB:Mood=Imp+Number=Sing+Person=2+Tense=Pres+VerbForm=Fin+Voice=Act,ud:VERB:Mood=Ind+Number=Sing+Person=3+Tense=Pres+VerbForm=Fin+Voice=Act	target-surface,typed-cell-candidate	target-lexeme-identity,target-morphological-cell	an OCS treebank cell requires an independent exact Synodal surface witness		0	0	0	0	ponomar-elizabeth-bible-2026-08-09:II_Macc.12.43,ponomar-elizabeth-bible-2026-08-09:Ex.32.6,ponomar-elizabeth-bible-2026-08-09:Ex.32.6	partial	medium	deferred	Deferred after v0.5 review: repeated target surfaces do not establish lemma identity, semantics, exact morphological cells, principal parts, accent class, or a productive Synodal rule.
1735	synodal:family-candidate:9234e7a242d54138af86ac2a	family:synodal:verb:wikt-77c5af0d1191	synodal:family-candidate:9234e7a242d54138af86ac2a	идетъ	unknown	идетъ:146	146	146	0	141	synodal:verb:wikt-77c5af0d1191	possible-finite-verb,ud:VERB:Mood=Ind+Number=Sing+Person=3+Tense=Pres+VerbForm=Fin+Voice=Act	target-surface,typed-cell-candidate	target-lexeme-identity,target-morphological-cell	an OCS treebank cell requires an independent exact Synodal surface witness | more than one source-partition treebank lemma or cell matches the target surface		0	0	0	0	ponomar-elizabeth-bible-2026-08-09:Eccles.1.7,ponomar-elizabeth-bible-2026-08-09:I_Kings.17.43,ponomar-elizabeth-bible-2026-08-09:Deut.4.3,ponomar-elizabeth-bible-2026-08-09:Acts.8.26,ponomar-elizabeth-bible-2026-08-09:Acts.8.26,ponomar-elizabeth-bible-2026-08-09:Composite.8.5	partial	medium	candidate-unreviewed	surface grouping is diagnostic only; target identity and complete morphology require review
1736	synodal:recovery-batch:lexeme:synodal:pronoun:sei	family:synodal:pronoun:sei	synodal:family-candidate:05068633552a4cbc855135fd,synodal:family-candidate:a276c29fbb55b9fd45ff6553	сь,сїѧ	pronoun,unknown	симъ:98,сїѧ:46	144	144	0	144	synodal:pronoun:sei	dative+feminine+masculine+neuter+plural,possible-nominative-feminine-or-genitive-accusative,ud:DET:Case=Acc+Gender=Masc+Number=Plur,ud:DET:Case=Dat+Gender=Masc+Number=Plur,ud:DET:Case=Dat+Gender=Neut+Number=Plur,ud:DET:Case=Ins+Gender=Masc+Number=Sing,ud:DET:Case=Ins+Gender=Neut+Number=Sing,ud:DET:Case=Nom+Gender=Fem+Number=Plur,ud:PRON:Case=Acc+Gender=Masc+Number=Plur,ud:PRON:Case=Dat+Gender=Masc+Number=Plur,ud:PRON:Case=Dat+Gender=Neut+Number=Plur,ud:PRON:Case=Ins+Gender=Neut+Number=Sing,ud:PRON:Case=Nom+Gender=Fem+Number=Plur	lexical-semantic-candidate,target-surface,typed-cell-candidate	accent-or-printed-orthography,accentclass	OCS dictionary morphology is candidate evidence, not a Synodal paradigm | an OCS treebank cell requires an independent exact Synodal surface witness | more than one source-partition treebank lemma or cell matches the target surface	candidate members cross parts of speech | consolidated packet still requires identity agreement for every member	0	0	0	0	ponomar-elizabeth-bible-2026-08-09:Acts.1.18,ponomar-elizabeth-bible-2026-08-09:Acts.23.22,ponomar-elizabeth-bible-2026-08-09:Acts.3.16,ponomar-elizabeth-bible-2026-08-09:Acts.3.16,ponomar-elizabeth-bible-2026-08-09:Dan.10.15,ponomar-elizabeth-bible-2026-08-09:Acts.1.16,ponomar-elizabeth-bible-2026-08-09:Acts.2.22,ponomar-elizabeth-bible-2026-08-09:Acts.28.20,ponomar-elizabeth-bible-2026-08-09:Acts.2.40,ponomar-elizabeth-bible-2026-08-09:Acts.28.20,ponomar-elizabeth-bible-2026-08-09:Acts.7.7,ponomar-elizabeth-bible-2026-08-09:Acts.17.6	ready	medium	split:admitted+deferred	Admitted as a reviewed exact-cell expansion of the existing demonstrative identity; differing genitive and accusative spellings and accents remain distinct. | Deferred after review: the OCS Kaikki entry supplies candidate identity or form evidence only. No independently cited Synodal class, exact cell mapping, accent behavior, and target semantic continuity jointly support admission.
1737	synodal:family-candidate:a7ced1da9e1a53c4bc40e9d2	family:synodal:verb:wikt-833c90610c4d	synodal:family-candidate:a7ced1da9e1a53c4bc40e9d2	глаголати	verb	глаголите:63,глаголалъ:53	116	116	0	112	synodal:verb:wikt-833c90610c4d	error-unrecognized-form+imperative+plural,l-participle+masculine+singular,possible-vocative-or-finite-verb	lexical-semantic-candidate,target-surface	target-lexeme-identity,target-morphological-cell	OCS dictionary morphology is candidate evidence, not a Synodal paradigm		0	0	0	0	ponomar-elizabeth-bible-2026-08-09:Acts.5.40,ponomar-elizabeth-bible-2026-08-09:Ex.23.13,ponomar-elizabeth-bible-2026-08-09:Acts.3.21,ponomar-elizabeth-bible-2026-08-09:Ex.23.13,ponomar-elizabeth-bible-2026-08-09:III_Esdra.9.4,ponomar-elizabeth-bible-2026-08-09:Baruch.2.24,ponomar-elizabeth-bible-2026-08-09:Acts.1.3,ponomar-elizabeth-bible-2026-08-09:Ex.6.29,ponomar-elizabeth-bible-2026-08-09:Amos.1.9,ponomar-elizabeth-bible-2026-08-09:Acts.18.9,ponomar-elizabeth-bible-2026-08-09:Dan.10.16,ponomar-elizabeth-bible-2026-08-09:Ex.12.31,ponomar-elizabeth-bible-2026-08-09:III_Kings.12.10	partial	medium	candidate-unreviewed	surface grouping is diagnostic only; target identity and complete morphology require review
1738	synodal:family-candidate:00776f98da1caaf158e395d9	family:synodal:verb:wikt-833c90610c4d	synodal:family-candidate:00776f98da1caaf158e395d9	гл҃-	unknown	гл҃а:80	80	80	0	76	synodal:verb:wikt-833c90610c4d	possible-nominative-feminine-or-genitive-accusative,ud:VERB:Aspect=Perf+Mood=Ind+Number=Sing+Person=3+Tense=Past+VerbForm=Fin+Voice=Act	target-surface,typed-cell-candidate	target-lexeme-identity,target-morphological-cell	an OCS treebank cell requires an independent exact Synodal surface witness		0	0	0	0	ponomar-elizabeth-bible-2026-08-09:Acts.5.40,ponomar-elizabeth-bible-2026-08-09:Ex.23.13,ponomar-elizabeth-bible-2026-08-09:Acts.3.21,ponomar-elizabeth-bible-2026-08-09:Ex.23.13,ponomar-elizabeth-bible-2026-08-09:III_Esdra.9.4,ponomar-elizabeth-bible-2026-08-09:Baruch.2.24,ponomar-elizabeth-bible-2026-08-09:Acts.1.3,ponomar-elizabeth-bible-2026-08-09:Ex.6.29,ponomar-elizabeth-bible-2026-08-09:Amos.1.9,ponomar-elizabeth-bible-2026-08-09:Acts.18.9,ponomar-elizabeth-bible-2026-08-09:Dan.10.16,ponomar-elizabeth-bible-2026-08-09:Ex.12.31,ponomar-elizabeth-bible-2026-08-09:III_Kings.12.10	partial	medium	deferred	Deferred after review: the target corpus establishes a recurring titlo or superscript surface, but semantic expansion, exact grammatical cells, required marks, and reversibility are not yet independently specified.
1739	synodal:family-candidate:c534a936c237661247878212	family:synodal:verb:wikt-332544509d0c	synodal:family-candidate:c534a936c237661247878212	принесет-	unknown	принесете:64	64	64	0	62	synodal:verb:wikt-332544509d0c	possible-vocative-or-finite-verb,ud:VERB:Mood=Ind+Number=Sing+Person=2+Tense=Pres+VerbForm=Fin+Voice=Act	target-surface,typed-cell-candidate	target-lexeme-identity,target-morphological-cell	an OCS treebank cell requires an independent exact Synodal surface witness		0	0	0	0	ponomar-elizabeth-bible-2026-08-09:II_Macc.12.43,ponomar-elizabeth-bible-2026-08-09:Ex.32.6,ponomar-elizabeth-bible-2026-08-09:Ex.32.6	partial	medium	candidate-unreviewed	surface grouping is diagnostic only; target identity and complete morphology require review
1740	synodal:family-candidate:4f77057677be846ca93ede7d	family:synodal:verb:wikt-77c5af0d1191	synodal:family-candidate:4f77057677be846ca93ede7d	идемъ	unknown	идемъ:58	58	58	0	58	synodal:verb:wikt-77c5af0d1191	ud:VERB:Mood=Ind+Number=Plur+Person=1+Tense=Pres+VerbForm=Fin+Voice=Act,untyped	target-surface,typed-cell-candidate	target-lexeme-identity,target-morphological-cell	an OCS treebank cell requires an independent exact Synodal surface witness		0	0	0	0	ponomar-elizabeth-bible-2026-08-09:Eccles.1.7,ponomar-elizabeth-bible-2026-08-09:I_Kings.17.43,ponomar-elizabeth-bible-2026-08-09:Deut.4.3,ponomar-elizabeth-bible-2026-08-09:Acts.8.26,ponomar-elizabeth-bible-2026-08-09:Acts.8.26,ponomar-elizabeth-bible-2026-08-09:Composite.8.5	partial	medium	candidate-unreviewed	surface grouping is diagnostic only; target identity and complete morphology require review
1741	synodal:family-candidate:163cc6e615c62bc2bd20be8c	family:synodal:verb:wikt-06af096688df	synodal:family-candidate:163cc6e615c62bc2bd20be8c	речет-	unknown	речете:56	56	56	0	53	synodal:verb:wikt-06af096688df	possible-vocative-or-finite-verb,ud:VERB:Mood=Ind+Number=Plur+Person=2+Tense=Pres+VerbForm=Fin+Voice=Act	target-surface,typed-cell-candidate	target-lexeme-identity,target-morphological-cell	an OCS treebank cell requires an independent exact Synodal surface witness		0	0	0	0	ponomar-elizabeth-bible-2026-08-09:Dan.2.9,ponomar-elizabeth-bible-2026-08-09:Acts.3.6,ponomar-elizabeth-bible-2026-08-09:Acts.4.8,ponomar-elizabeth-bible-2026-08-09:Dan.3.96,ponomar-elizabeth-bible-2026-08-09:I_Kings.10.19,ponomar-elizabeth-bible-2026-08-09:Acts.7.26,ponomar-elizabeth-bible-2026-08-09:I_Kings.10.19,ponomar-elizabeth-bible-2026-08-09:Dan.13.29,ponomar-elizabeth-bible-2026-08-09:Acts.11.8,ponomar-elizabeth-bible-2026-08-09:Acts.4.24,ponomar-elizabeth-bible-2026-08-09:Acts.5.29,ponomar-elizabeth-bible-2026-08-09:Eccles.5.5,ponomar-elizabeth-bible-2026-08-09:Acts.4.25	partial	medium	candidate-unreviewed	surface grouping is diagnostic only; target identity and complete morphology require review
1742	synodal:family-candidate:3f1d710137b99383abf2dfe2	family:synodal:verb:wikt-06af096688df	synodal:family-candidate:3f1d710137b99383abf2dfe2	речемъ	verb	речемъ:56	56	56	0	55	synodal:verb:wikt-06af096688df	lemma,ud:VERB:Mood=Ind+Number=Plur+Person=1+Tense=Pres+VerbForm=Fin+Voice=Act	lexical-semantic-candidate,target-surface,typed-cell-candidate	target-lexeme-identity,target-morphological-cell	OCS dictionary morphology is candidate evidence, not a Synodal paradigm | an OCS treebank cell requires an independent exact Synodal surface witness		0	0	0	0	ponomar-elizabeth-bible-2026-08-09:Dan.2.9,ponomar-elizabeth-bible-2026-08-09:Acts.3.6,ponomar-elizabeth-bible-2026-08-09:Acts.4.8,ponomar-elizabeth-bible-2026-08-09:Dan.3.96,ponomar-elizabeth-bible-2026-08-09:I_Kings.10.19,ponomar-elizabeth-bible-2026-08-09:Acts.7.26,ponomar-elizabeth-bible-2026-08-09:I_Kings.10.19,ponomar-elizabeth-bible-2026-08-09:Dan.13.29,ponomar-elizabeth-bible-2026-08-09:Acts.11.8,ponomar-elizabeth-bible-2026-08-09:Acts.4.24,ponomar-elizabeth-bible-2026-08-09:Acts.5.29,ponomar-elizabeth-bible-2026-08-09:Eccles.5.5,ponomar-elizabeth-bible-2026-08-09:Acts.4.25	partial	medium	candidate-unreviewed	surface grouping is diagnostic only; target identity and complete morphology require review
1743	synodal:family-candidate:de9ddb2ed75ba880c60213ec	family:synodal:verb:v06-55cc70e240bb7ee2	synodal:family-candidate:de9ddb2ed75ba880c60213ec	посълати	verb	послати:56	56	56	0	56	synodal:verb:v06-55cc70e240bb7ee2	alternative,possible-nominative-plural	lexical-semantic-candidate,target-surface	target-lexeme-identity,target-morphological-cell	OCS dictionary morphology is candidate evidence, not a Synodal paradigm		0	0	0	0	ponomar-elizabeth-bible-2026-08-09:III_Esdra.5.31,ponomar-elizabeth-bible-2026-08-09:III_Esdra.5.31,ponomar-elizabeth-bible-2026-08-09:Acts.10.8	partial	medium	candidate-unreviewed	surface grouping is diagnostic only; target identity and complete morphology require review
