candidate_id	decision	linked_lexeme_id	admitted_class	admitted_stem	gender	aspect	number_restriction	animacy	stem_alternants	principal_parts	accent_metadata	positional_metadata	abbreviation_metadata	normative_source	normative_citation	target_evidence	semantic_evidence	confidence_bp	assumptions	review_note
synodal:family-admission:v04:gospod-abbreviations	admitted	synodal:noun:wikt-ed67a3345df1	exact-typed-abbreviation-cells	not-inferred	masculine		singular	animate			preserved from exact witnesses	titlo, superscript с, pokrytie required	seven typed, non-reversible contractions with contextual restrictions	alypy-gamanovich-grammar-web-2023	§3	ponomar-acts-1-21-gospod-abbreviation,ponomar-acts-2-25-gospoda-abbreviation,ponomar-acts-1-6-gospodi-abbreviation,ponomar-acts-8-24-gospodu-abbreviation,ponomar-acts-2-34-gospodevi-abbreviation,ponomar-acts-11-23-gospode-abbreviation,ponomar-baruch-1-5-gospodem-abbreviation	sense:v03:ed67a3345df1; review:v03:ed67a3345df1	9500	Expansion preserves every compatible typed analysis and never performs blind replacement	Admitted as seven exact abbreviation cells. The underlying noun remains exact-only; the contractions do not establish a complete declension.
synodal:family-admission:v04:reshchi	admitted	synodal:verb:wikt-06af096688df	exact-irregular-cells-only	not-inferred					реч-/рек-/рѣк-/рц-	future 3pl рекꙋ́тъ; aorist рѣ́къ/реко́хъ/речѐ; imperative рцы̀/рцы́те	exact cells from §104 and target acute variant	exact expanded and printed cells		alypy-gamanovich-grammar-web-2023	§104	ponomar-acts-1-7-reche	sense:v03:06af096688df; review:v03:06af096688df	9500	Admission is limited to cited cells; stems, aspect, and a complete paradigm are not inferred	Admitted only as an independently sourced irregular exact-cell family. This is not a productive conjugation and does not license unattested present, aorist, participial, or other cells.
synodal:family-admission:v04:syn	admitted	synodal:noun:syn	first-hard-m-with-exact-consonantal-overrides	сын	masculine		singular,dual,plural	animate	сын-/сынов- in cited cells		exact cell accents only	ѡ in cited plural obliques		alypy-gamanovich-grammar-web-2023	§37.1, §37.5, §37.9	ponomar-accent-syn	sense:son; alypy-37-synovi,alypy-37-synove,alypy-37-synov-oblique	9500	The сынов- alternant is enabled only in cited exact cells	Admitted as the existing classed noun plus five exact irregular/consonantal cells. No uncited alternant is generated.
synodal:family-admission:v04:ves	admitted	synodal:determiner:ves	exact-cell-table	not-inferred			no dual per §48		mixed hard/soft behavior not generalized		exact cell accents only	exact expanded and printed cells		alypy-gamanovich-grammar-web-2023	§§45, 48.7	ponomar-acts-19-27-vsya,ponomar-acts-1-14-vsi,ponomar-acts-1-24-vsekh	sense:all-whole; alypy-45-ves	9000	Mixed inflection and the no-dual restriction are explicit; the remaining paradigm is not inferred	Admitted as a semantic identity with five cited exact cells. It remains exact-only because the locked source does not expose a safe complete productive table.
synodal:family-admission:v04:zemlya	admitted	synodal:noun:zemlya	second-soft	земл	feminine		singular,dual,plural	inanimate	земл-/земел- in cited genitive plural		exact cell accents from §39	expanded and printed forms cited per cell		alypy-gamanovich-grammar-web-2023	§39	ponomar-deut-11-17-zemlya	sense:land-earth; alypy-39-zemlya	10000	Normative Synodal table is authoritative; no OCS paradigm import	Admitted as a fully classed target-recension noun family. The §39 table supplies the paradigm and printed accents; unsupported uncited variants still fail.
synodal:family-admission:v05:bog-abbreviations	admitted	synodal:noun:bog	exact-typed-abbreviation-cells	not-inferred	masculine		singular	animate	бог-/боз- exact consonantal alternant only		preserved from exact witnesses	titlo required	seven typed, non-reversible contractions including the pre-existing nominative	alypy-gamanovich-grammar-web-2023	§3	ponomar-acts-2-47-boga-abbreviation-acc,ponomar-acts-5-39-boga-abbreviation-gen,ponomar-acts-5-4-bogu-abbreviation,ponomar-acts-4-19-bogom-abbreviation,ponomar-acts-7-20-bogovi-abbreviation,ponomar-deut-32-21-boze-abbreviation	sense:deity:christian; alypy-3-titlo-abbreviations	10000	Every homographic case remains a separate typed analysis; contraction does not establish uncited noun forms	Admitted as seven exact abbreviation rows with genitive/accusative ambiguity preserved and no blind titlo normalization.
synodal:family-admission:v05:glagol-abbreviations	admitted	synodal:verb:wikt-833c90610c4d	exact-typed-abbreviation-cells	not-inferred					глагол- expansion only		exact target cell accents	titlo required	eight typed, non-reversible verbal contractions with aorist/imperfect homography preserved	alypy-gamanovich-grammar-web-2023	§3.c	ponomar-acts-2-17-glagol-et-abbreviation,ponomar-apoc-2-24-glagol-yu-abbreviation,ponomar-acts-9-27-glagol-a-abbreviation,ponomar-deut-9-13-glagol-akh-abbreviation,ponomar-acts-11-16-glagol-ashe-abbreviation,ponomar-baruch-2-20-glagol-al-abbreviation,ponomar-acts-3-25-glagol-ya-abbreviation	sense:v03:833c90610c4d; review:v03:833c90610c4d; alypy-3-abbreviation-inventory	10000	Every row is an exact target-backed cell; the family remains nonproductive and the homographic first-singular past forms both remain visible	Admitted as exact typed abbreviation cells for the reviewed глаголати identity; the separate глаголъ noun contraction is not conflated.
synodal:family-admission:v05:moi	admitted	synodal:pronoun:moi	exact-complete-pronoun-table	not-productive			singular,dual,plural	agreement-conditioned accusative	м-/мо- from §46		complete cell accents from §47	exact expanded and printed forms		alypy-gamanovich-grammar-web-2023	§§45–47	ponomar-acts-2-26-moi	sense:possessive-first-singular; alypy-45-possessives; alypy-46-possessive-stems; alypy-47-moi	10000	The table is a closed-class exact registry and licenses no unlisted lexeme or cell	Admitted with all 57 independently mapped gendered cells, including explicitly separated animate accusatives.
synodal:family-admission:v05:nash	admitted	synodal:pronoun:nash	exact-complete-pronoun-table	not-productive			singular,dual,plural	agreement-conditioned accusative	наш- throughout the cited table		complete cell accents from §48.3	exact expanded and printed forms		alypy-gamanovich-grammar-web-2023	§§45, 46, 48.3	ponomar-acts-2-8-svoi,ponomar-acts-2-11-nash	sense:possessive-first-plural; alypy-45-possessives; alypy-46-possessive-stems; alypy-48-nash-vash	10000	The mixed pattern is materialized only for the closed possessive lexeme and licenses no productive class	Admitted with all 57 independently mapped gendered cells from the complete normative table.
synodal:family-admission:v05:sebe	admitted	synodal:pronoun:sebe	exact-irregular-cells-only	not-productive			singular only	no gender, person, or animacy distinction	себ-/с-/соб- exact alternants only		complete cell accents from §47	exact expanded and printed forms		alypy-gamanovich-grammar-web-2023	§47.1 and note 4	ponomar-acts-5-36-sebe,ponomar-acts-5-35-sebe-dative,ponomar-acts-16-18-si,ponomar-ex-28-43-sya,ponomar-acts-12-25-soboyu	sense:reflexive-self; alypy-47-reflexive	10000	The normative table explicitly has no nominative, dual, or plural forms; the registry licenses only its seven listed exact rows	Admitted as the complete singular-only irregular reflexive table with long and short dative and accusative alternatives.
synodal:family-admission:v05:svoi	admitted	synodal:pronoun:svoi	exact-complete-pronoun-table	not-productive			singular,dual,plural	agreement-conditioned accusative	св-/сво- from §46		closed-class substitution of §47 accents	exact expanded and printed forms		alypy-gamanovich-grammar-web-2023	§§45, 46, 48.1 with §47 template	ponomar-acts-2-8-svoi	sense:possessive-reflexive; alypy-45-possessives; alypy-48-soft-possessives	10000	Substitution of the explicitly listed свой base for мой is limited to the cited closed class and exact table	Admitted with 57 exact cells under the source's explicit soft-pattern relationship; no productive pronoun rule is exposed.
synodal:family-admission:v05:tvoi	admitted	synodal:pronoun:tvoi	exact-complete-pronoun-table	not-productive			singular,dual,plural	agreement-conditioned accusative	тв-/тво- from §46		closed-class substitution of §47 accents	exact expanded and printed forms		alypy-gamanovich-grammar-web-2023	§§45, 46, 48.1 with §47 template	ponomar-acts-4-28-tvoi	sense:possessive-second-singular; alypy-45-possessives; alypy-46-possessive-stems; alypy-48-soft-possessives	10000	Substitution of the explicitly listed твой base for мой is limited to the cited closed class and exact table	Admitted with 57 exact cells under the source's explicit soft-pattern relationship; no productive pronoun rule is exposed.
synodal:family-admission:v05:vash	admitted	synodal:pronoun:vash	exact-complete-pronoun-table	not-productive			singular,dual,plural	agreement-conditioned accusative	ваш- paired with наш- in §§46 and 48.3		closed-class substitution of §48.3 accents	exact expanded and printed forms		alypy-gamanovich-grammar-web-2023	§§45, 46, 48.3 with нашъ table	ponomar-acts-2-39-vash	sense:possessive-second-plural; alypy-45-possessives; alypy-46-possessive-stems; alypy-48-nash-vash	10000	Substitution of the explicitly paired вашъ base for нашъ is limited to the cited closed class and exact table	Admitted with 57 exact cells under the source's explicit paired mixed-pattern treatment; no productive pronoun rule is exposed.
synodal:family-candidate:00776f98da1caaf158e395d9	deferred															ponomar-elizabeth-bible-2026-08-09,wikisource-church-slavonic-bible-2026-08-09:Acts.1.3,Acts.2.17,Acts.3.21,Apoc.2.24		1500	surface similarity is a proposal and does not establish lexical identity	Deferred after review: the target corpus establishes a recurring titlo or superscript surface, but semantic expansion, exact grammatical cells, required marks, and reversibility are not yet independently specified.
synodal:family-candidate:00f030951dc1e582f8459b8a	deferred															ponomar-elizabeth-bible-2026-08-09,wikisource-church-slavonic-bible-2026-08-09:Acts.6.2		1000	Diagnostic grouping and corpus frequency are prioritization evidence only; no resolver analysis is enabled by this row.	Deferred after v0.5 review: repeated target surfaces do not establish lemma identity, semantics, exact morphological cells, principal parts, accent class, or a productive Synodal rule.
synodal:family-candidate:02afbfcde2541c1b31cc09e0	deferred															ponomar-elizabeth-bible-2026-08-09,wikisource-church-slavonic-bible-2026-08-09:Acts.20.24		1000	surface similarity is a proposal and does not establish lexical identity	Deferred after review: repeated corpus surfaces and diagnostic stem, prefix, or ending features do not by themselves establish a lemma, part of speech, morphological cell, principal parts, accent class, or productive rule.
synodal:family-candidate:034de9ad24cad6477fe23a3b	deferred															ponomar-elizabeth-bible-2026-08-09,wikisource-church-slavonic-bible-2026-08-09:Acts.15.12,Acts.4.25		1500	surface similarity is a proposal and does not establish lexical identity	Deferred after review: repeated corpus surfaces and diagnostic stem, prefix, or ending features do not by themselves establish a lemma, part of speech, morphological cell, principal parts, accent class, or productive rule.
synodal:family-candidate:03655b2b74746444e8947f40	deferred															ponomar-elizabeth-bible-2026-08-09:Ponomar Unicode text:Dan.3.26 supplies target-recension surface evidence		1000	Diagnostic grouping and corpus frequency are prioritization evidence only; no resolver analysis is enabled by this row.	Deferred after v0.5 structured-route review: the target corpus establishes the marked surface, but semantic expansion, all compatible typed cells, exact combining-mark order, positional restrictions, and reverse-registry behavior are not jointly supported by independent target-recension evidence.
synodal:family-candidate:0369adb50e041c236eeb5cb2	deferred															ponomar-elizabeth-bible-2026-08-09:Ponomar Unicode text:Acts.7.2 supplies a source-partition target-recension surface occurrence		1500	Diagnostic grouping and frequency are prioritization evidence only; evaluation passages remain excluded from runtime evidence.	Deferred after v0.6 top-200 review: inspected diagnostic surfaces ꙗ҆ви́сѧ. Target frequency and grouping do not establish target-lexeme-identity, target-morphological-cell; no runtime fact is enabled.
synodal:family-candidate:037f20a942205dfc44ee9031	admitted	synodal:proper-noun:jesus	exact-abbreviation-variant	not-inferred	masculine			singular			exact printed form	exact capitalization and breathing	initial breathing and titlo required	alypy-gamanovich-grammar-web-2023	§3	v06-target-jesus-capital-nom-abbreviation	alypy-3-jesus-abbreviation	10000	No case folding or additional proper-name cell is inferred.	Admitted as the exact capitalized nominative contraction only; lowercase and oblique rows remain independently governed.
synodal:family-candidate:0388820c1d80d02c21b3b3d4	deferred															ponomar-elizabeth-bible-2026-08-09,wikisource-church-slavonic-bible-2026-08-09:Acts.12.6,Acts.5.19	synodal:candidate:4269288a775682e8cc69cbe1	5500	Diagnostic grouping and corpus frequency are prioritization evidence only; no resolver analysis is enabled by this row.	Deferred after v0.5 review: OCS dictionary membership supplies candidate evidence only; target-recension identity, semantics, exact typed cells, accents, and any productive metadata remain independently unsupported.
synodal:family-candidate:03dd88fcb409fc33c26cda91	deferred															ponomar-elizabeth-bible-2026-08-09:Ponomar Unicode text:Acts.6.4 supplies target-recension surface evidence		1000	Diagnostic grouping and corpus frequency are prioritization evidence only; no resolver analysis is enabled by this row.	Deferred after v0.5 structured-route review: a spelling relationship is diagnostic only; exact target identity, printed accent or positional behavior, and every compatible typed cell are not independently cited together.
synodal:family-candidate:040495181581dcac0aead97b	deferred															english-wiktionary-ocs-kaikki-2026-08-07:synodal:candidate:772a7916be3d14b9a2e1d11b supplies an OCS dictionary identity/form candidate in the source partition (Old East Church Slavonic form of дъщи (dŭšti, “daughter”)); ponomar-elizabeth-bible-2026-08-09:Ponomar Unicode text:Acts.7.21 supplies a evaluation-partition target-recension surface occurrence	synodal:candidate:772a7916be3d14b9a2e1d11b	5500	Diagnostic grouping and frequency are prioritization evidence only; evaluation passages remain excluded from runtime evidence.	Deferred after v0.6 top-200 review: inspected diagnostic surfaces дщѝ. Target frequency and grouping do not establish target-lexeme-identity, target-morphological-cell; no runtime fact is enabled.
synodal:family-candidate:0445d2538eab4d2478e96c6f	deferred															ponomar-elizabeth-bible-2026-08-09,wikisource-church-slavonic-bible-2026-08-09:Acts.13.50,Dan.1.7,Deut.22.16		1500	Diagnostic grouping and corpus frequency are prioritization evidence only; no resolver analysis is enabled by this row.	Deferred after v0.5 review: repeated target surfaces do not establish lemma identity, semantics, exact morphological cells, principal parts, accent class, or a productive Synodal rule.
synodal:family-candidate:05068633552a4cbc855135fd	admitted	synodal:pronoun:sei	exact-cell-table	not-inferred			reviewed singular, dual, and plural cells only	agreement-conditioned accusative	се-/си-/сі-/сї- spellings restricted to exact rows		target-witnessed cell accents only	exact positional letters and printed forms		alypy-gamanovich-grammar-web-2023	§48.1 with §47 soft table	ponomar-acts-1-9-sei-siya,ponomar-acts-1-25-sei-sego-genitive,ponomar-acts-1-5-sei-sikh,ponomar-acts-1-14-sei-sii,ponomar-acts-10-47-sei-sim,ponomar-acts-5-36-sei-simi,ponomar-acts-5-4-sei-siyu,ponomar-acts-3-12-sei-sem,ponomar-acts-2-6-sei-semu,ponomar-acts-1-17-sei-seya,ponomar-acts-2-23-sei-sego-accusative	sense:this; alypy-48-sei-soft	10000	Only independently target-witnessed printed surfaces and their normatively compatible cells are admitted; the unattested remainder is not inferred	Admitted as a reviewed exact-cell expansion of the existing demonstrative identity; differing genitive and accusative spellings and accents remain distinct.
synodal:family-candidate:05473e16944be7d7c77f8995	deferred															ponomar-elizabeth-bible-2026-08-09,wikisource-church-slavonic-bible-2026-08-09:Acts.18.13,Acts.22.15,Acts.4.9,Acts.5.4		1500	surface similarity is a proposal and does not establish lexical identity	Deferred after review: repeated corpus surfaces and diagnostic stem, prefix, or ending features do not by themselves establish a lemma, part of speech, morphological cell, principal parts, accent class, or productive rule.
synodal:family-candidate:05b8d7b5809aa933800fa2f1	rejected															ponomar-elizabeth-bible-2026-08-09,wikisource-church-slavonic-bible-2026-08-09:Acts.7.3	synodal:candidate:8524c8c51afc94ec7fae2b9a,synodal:candidate:f330683bc04d634a59831c19	2500	surface similarity is a proposal and does not establish lexical identity	Rejected as a family grouping: the dictionary collision between югъ and юже does not establish a shared target-recension lexeme or paradigm.
synodal:family-candidate:05e3b01e78046eab465aa6c3	deferred															ponomar-elizabeth-bible-2026-08-09,wikisource-church-slavonic-bible-2026-08-09:Acts.3.8		1000	Diagnostic grouping and corpus frequency are prioritization evidence only; no resolver analysis is enabled by this row.	Deferred after v0.5 review: repeated target surfaces do not establish lemma identity, semantics, exact morphological cells, principal parts, accent class, or a productive Synodal rule.
synodal:family-candidate:06094570b81a62707c22257f	deferred															ponomar-elizabeth-bible-2026-08-09,wikisource-church-slavonic-bible-2026-08-09:Acts.2.35	synodal:candidate:1f37a99d275ef6e68a7b00e6	5500	surface similarity is a proposal and does not establish lexical identity	Deferred after review: the OCS Kaikki entry supplies candidate identity or form evidence only. No independently cited Synodal class, exact cell mapping, accent behavior, and target semantic continuity jointly support admission.
synodal:family-candidate:0615a2dcb1e545c3005cf670	deferred															ponomar-elizabeth-bible-2026-08-09:Ponomar Unicode text:Jn.3.13 supplies target-recension surface evidence		1000	Diagnostic grouping and corpus frequency are prioritization evidence only; no resolver analysis is enabled by this row.	Deferred after v0.5 structured-route review: the target corpus establishes the marked surface, but semantic expansion, all compatible typed cells, exact combining-mark order, positional restrictions, and reverse-registry behavior are not jointly supported by independent target-recension evidence.
synodal:family-candidate:0694f3fab3714f117eee68e7	deferred															ponomar-elizabeth-bible-2026-08-09,wikisource-church-slavonic-bible-2026-08-09:Dan.14.33,Ex.16.12		1500	Diagnostic grouping and corpus frequency are prioritization evidence only; no resolver analysis is enabled by this row.	Deferred after v0.5 review: repeated target surfaces do not establish lemma identity, semantics, exact morphological cells, principal parts, accent class, or a productive Synodal rule.
synodal:family-candidate:06f3c9aeb90c1aba3e399f38	deferred															ponomar-elizabeth-bible-2026-08-09:Ponomar Unicode text:Deut.10.9 supplies a source-partition target-recension surface occurrence; ponomar-elizabeth-bible-2026-08-09:Ponomar Unicode text:Deut.17.18 supplies a source-partition target-recension surface occurrence; ponomar-elizabeth-bible-2026-08-09:Ponomar Unicode text:II_Esdra.5.56 supplies a source-partition target-recension surface occurrence		1500	Diagnostic grouping and frequency are prioritization evidence only; evaluation passages remain excluded from runtime evidence.	Deferred after v0.6 top-200 review: inspected diagnostic surfaces леѵі́тѡмъ, леѵі́ты, леѵі́тѡвъ. Target frequency and grouping do not establish target-lexeme-identity, target-morphological-cell; no runtime fact is enabled.
synodal:family-candidate:0763e06fa2ec4701b3865b79	deferred															ponomar-elizabeth-bible-2026-08-09,wikisource-church-slavonic-bible-2026-08-09:Acts.13.47		1500	surface similarity is a proposal and does not establish lexical identity	Deferred after review: repeated corpus surfaces and diagnostic stem, prefix, or ending features do not by themselves establish a lemma, part of speech, morphological cell, principal parts, accent class, or productive rule.
synodal:family-candidate:089fa8d7e2d55a8593ed34c5	deferred															ponomar-elizabeth-bible-2026-08-09,wikisource-church-slavonic-bible-2026-08-09:Acts.1.11,Acts.3.20,Acts.7.11,Acts.7.3		1500	surface similarity is a proposal and does not establish lexical identity	Deferred after review: repeated corpus surfaces and diagnostic stem, prefix, or ending features do not by themselves establish a lemma, part of speech, morphological cell, principal parts, accent class, or productive rule.
synodal:family-candidate:08fd7693a716ebf31393f454	deferred															ponomar-elizabeth-bible-2026-08-09:Ponomar Unicode text:Acts.7.36 supplies a evaluation-partition target-recension surface occurrence; ponomar-elizabeth-bible-2026-08-09:Ponomar Unicode text:Ex.8.7 supplies a evaluation-partition target-recension surface occurrence; ud-ocs-proiel-r2.18:synodal:candidate:1471d861c799826bd4e9f63a supplies a source-partition typed OCS token witness for lemma извести (Aspect=Perf|Mood=Ind|Number=Sing|Person=3|Tense=Past|VerbForm=Fin|Voice=Act)		1500	Diagnostic grouping and frequency are prioritization evidence only; evaluation passages remain excluded from runtime evidence.	Deferred after v0.6 top-200 review: inspected diagnostic surfaces и҆зведѐ, и҆зведо́ша. Target frequency and grouping do not establish target-lexeme-identity, target-morphological-cell; no runtime fact is enabled.
synodal:family-candidate:0905f0505956190603380027	deferred															ponomar-elizabeth-bible-2026-08-09:Acts.2.47	synodal:candidate:270ff9ffaeda8fcc17e1977f,synodal:candidate:3c0243e4d35ba439d2d97576,synodal:candidate:42c50e31a94c9dec62f318d0,synodal:candidate:888f1052c6db679cfdf053e7	2500	surface similarity is a proposal and does not establish lexical identity	Deferred after review: multiple lexical identities or grammatical cells remain compatible. Corpus frequency and OCS dictionary candidates cannot resolve the target-recension ambiguity; all candidates must remain visible.
synodal:family-candidate:0a0c9c15ead2c8a35727a349	deferred															ponomar-elizabeth-bible-2026-08-09,wikisource-church-slavonic-bible-2026-08-09:Acts.1.7,Acts.17.23,Acts.18.15,Acts.2.17,Acts.3.19		1500	surface similarity is a proposal and does not establish lexical identity	Deferred after review: repeated corpus surfaces and diagnostic stem, prefix, or ending features do not by themselves establish a lemma, part of speech, morphological cell, principal parts, accent class, or productive rule.
synodal:family-candidate:0b9ffcd36fd4126038e1924a	deferred															wikisource-church-slavonic-bible-2026-08-09:Judg.1.7,Judg.6.30		1500	Diagnostic grouping and corpus frequency are prioritization evidence only; no resolver analysis is enabled by this row.	Deferred after v0.5 review: repeated target surfaces do not establish lemma identity, semantics, exact morphological cells, principal parts, accent class, or a productive Synodal rule.
synodal:family-candidate:0bcf837bb6e7e5f064d44679	deferred															ponomar-elizabeth-bible-2026-08-09,wikisource-church-slavonic-bible-2026-08-09:Acts.7.40		1500	Diagnostic grouping and corpus frequency are prioritization evidence only; no resolver analysis is enabled by this row.	Deferred after v0.5 review: repeated target surfaces do not establish lemma identity, semantics, exact morphological cells, principal parts, accent class, or a productive Synodal rule.
synodal:family-candidate:0dd3df2fb5fb5da1b67fc6fa	deferred															ponomar-elizabeth-bible-2026-08-09,wikisource-church-slavonic-bible-2026-08-09:Baruch.2.14,Baruch.4.18		1500	Diagnostic grouping and corpus frequency are prioritization evidence only; no resolver analysis is enabled by this row.	Deferred after v0.5 review: repeated target surfaces do not establish lemma identity, semantics, exact morphological cells, principal parts, accent class, or a productive Synodal rule.
synodal:family-candidate:0f17f98cacd49211c56ec7d3	deferred															ponomar-elizabeth-bible-2026-08-09,wikisource-church-slavonic-bible-2026-08-09:Acts.3.7		1000	surface similarity is a proposal and does not establish lexical identity	Deferred after review: repeated corpus surfaces and diagnostic stem, prefix, or ending features do not by themselves establish a lemma, part of speech, morphological cell, principal parts, accent class, or productive rule.
synodal:family-candidate:0f1d58e12508f999ee30c7fa	deferred															ponomar-elizabeth-bible-2026-08-09,wikisource-church-slavonic-bible-2026-08-09:Acts.5.37		1000	surface similarity is a proposal and does not establish lexical identity	Deferred after review: repeated corpus surfaces and diagnostic stem, prefix, or ending features do not by themselves establish a lemma, part of speech, morphological cell, principal parts, accent class, or productive rule.
synodal:family-candidate:0fc7306fa276b795d5c26584	deferred															ponomar-elizabeth-bible-2026-08-09,wikisource-church-slavonic-bible-2026-08-09:Acts.3.6,Acts.8.20		1500	Diagnostic grouping and corpus frequency are prioritization evidence only; no resolver analysis is enabled by this row.	Deferred after v0.5 review: repeated target surfaces do not establish lemma identity, semantics, exact morphological cells, principal parts, accent class, or a productive Synodal rule.
synodal:family-candidate:0fd100f15369306235b992da	deferred	synodal:noun:grad														ponomar-elizabeth-bible-2026-08-09,wikisource-church-slavonic-bible-2026-08-09:Acts.4.27,Acts.7.58,Acts.8.5	synodal:candidate:8d5e3883cc3aa4dedac293a8,synodal:candidate:fea4fdbf8dea2ab432d286c6	2500	surface similarity is a proposal and does not establish lexical identity	Deferred after review: multiple lexical identities or grammatical cells remain compatible. Corpus frequency and OCS dictionary candidates cannot resolve the target-recension ambiguity; all candidates must remain visible.
synodal:family-candidate:104c0f27836670d09087c7bc	deferred															ponomar-elizabeth-bible-2026-08-09,wikisource-church-slavonic-bible-2026-08-09:Amos.5.15		1500	Diagnostic grouping and corpus frequency are prioritization evidence only; no resolver analysis is enabled by this row.	Deferred after v0.5 review: repeated target surfaces do not establish lemma identity, semantics, exact morphological cells, principal parts, accent class, or a productive Synodal rule.
synodal:family-candidate:10de9c6ce4c9b74fb39933bf	deferred															ponomar-elizabeth-bible-2026-08-09,wikisource-church-slavonic-bible-2026-08-09:Acts.2.27		1000	surface similarity is a proposal and does not establish lexical identity	Deferred after review: repeated corpus surfaces and diagnostic stem, prefix, or ending features do not by themselves establish a lemma, part of speech, morphological cell, principal parts, accent class, or productive rule.
synodal:family-candidate:11220f4dafd7dd97b97a4461	deferred															ponomar-elizabeth-bible-2026-08-09:Ponomar Unicode text:Dan.11.17 supplies a source-partition target-recension surface occurrence		1000	Diagnostic grouping and frequency are prioritization evidence only; evaluation passages remain excluded from runtime evidence.	Deferred after v0.6 top-200 review: inspected diagnostic surfaces дще́рь. Target frequency and grouping do not establish target-lexeme-identity, target-morphological-cell; no runtime fact is enabled.
synodal:family-candidate:11254a7516055c113d485764	deferred															ponomar-elizabeth-bible-2026-08-09:Ponomar Unicode text:Composite.3.8 supplies a source-partition target-recension surface occurrence; ponomar-elizabeth-bible-2026-08-09:Ponomar Unicode text:Deut.23.23 supplies a source-partition target-recension surface occurrence; ponomar-elizabeth-bible-2026-08-09:Ponomar Unicode text:Deut.4.40 supplies a source-partition target-recension surface occurrence; ponomar-elizabeth-bible-2026-08-09:Ponomar Unicode text:Ex.31.16 supplies a source-partition target-recension surface occurrence		1500	Diagnostic grouping and frequency are prioritization evidence only; evaluation passages remain excluded from runtime evidence.	Deferred after v0.6 top-200 review: inspected diagnostic surfaces сохранѝ, сохранѧ́тъ, сохрани́ши, сохрани́тъ. Target frequency and grouping do not establish target-lexeme-identity, target-morphological-cell; no runtime fact is enabled.
synodal:family-candidate:11614a6340cd55c46c979a84	deferred															ponomar-elizabeth-bible-2026-08-09,wikisource-church-slavonic-bible-2026-08-09:Amos.7.11		1000	surface similarity is a proposal and does not establish lexical identity	Deferred after review: the target corpus establishes a recurring titlo or superscript surface, but semantic expansion, exact grammatical cells, required marks, and reversibility are not yet independently specified.
synodal:family-candidate:116df844dcc9a42a1823cf4b	deferred															ponomar-elizabeth-bible-2026-08-09,wikisource-church-slavonic-bible-2026-08-09:Acts.16.2,Acts.16.20,Acts.8.23		1500	Diagnostic grouping and corpus frequency are prioritization evidence only; no resolver analysis is enabled by this row.	Deferred after v0.5 review: repeated target surfaces do not establish lemma identity, semantics, exact morphological cells, principal parts, accent class, or a productive Synodal rule.
synodal:family-candidate:117b83b4a83ba5776b3f8dcb	deferred															ponomar-elizabeth-bible-2026-08-09,wikisource-church-slavonic-bible-2026-08-09:Apoc.3.18	synodal:candidate:8eea7e2c73e4850cbe96b1e3,synodal:candidate:91c5632d6b85a0859359a812	2500	Diagnostic grouping and corpus frequency are prioritization evidence only; no resolver analysis is enabled by this row.	Deferred after v0.5 review: multiple lexical identities or grammatical cells remain compatible. Independent target-recension identity and cell evidence is required before any alternative may enter Strict top-k.
synodal:family-candidate:1271cb150101e0728778c897	deferred															ponomar-elizabeth-bible-2026-08-09,wikisource-church-slavonic-bible-2026-08-09:Acts.1.21,Acts.7.3,Acts.7.7,Apoc.20.7,Deut.20.1		1500	surface similarity is a proposal and does not establish lexical identity	Deferred after review: repeated corpus surfaces and diagnostic stem, prefix, or ending features do not by themselves establish a lemma, part of speech, morphological cell, principal parts, accent class, or productive rule.
synodal:family-candidate:128cc854195a3b714160ec23	deferred															ponomar-elizabeth-bible-2026-08-09,wikisource-church-slavonic-bible-2026-08-09:Acts.8.3		1500	Diagnostic grouping and corpus frequency are prioritization evidence only; no resolver analysis is enabled by this row.	Deferred after v0.5 review: repeated target surfaces do not establish lemma identity, semantics, exact morphological cells, principal parts, accent class, or a productive Synodal rule.
synodal:family-candidate:12902bae3cca6766152e8e5e	deferred	synodal:noun:tsar														ponomar-elizabeth-bible-2026-08-09,wikisource-church-slavonic-bible-2026-08-09:Acts.13.21,Acts.7.10,Apoc.1.6,Dan.2.4	synodal:candidate:2e51fd21ac9f68994e524eba	5500	surface similarity is a proposal and does not establish lexical identity	Deferred after review: one reviewed runtime lexeme is compatible, but the unresolved surfaces still lack independently typed target cells, exact accent or positional evidence, or a complete cited Synodal class.
synodal:family-candidate:12f663e92b52505ae44c42c0	deferred															ponomar-elizabeth-bible-2026-08-09,wikisource-church-slavonic-bible-2026-08-09:Acts.1.6,Acts.16.15,Acts.2.6		1500	surface similarity is a proposal and does not establish lexical identity	Deferred after review: repeated corpus surfaces and diagnostic stem, prefix, or ending features do not by themselves establish a lemma, part of speech, morphological cell, principal parts, accent class, or productive rule.
synodal:family-candidate:14016d305fe7d5d4a44429c9	deferred															ponomar-elizabeth-bible-2026-08-09,wikisource-church-slavonic-bible-2026-08-09:Acts.4.24	synodal:candidate:3f8ecb9192e1a4e02adcda09	5500	Diagnostic grouping and corpus frequency are prioritization evidence only; no resolver analysis is enabled by this row.	Deferred after v0.5 review: OCS dictionary membership supplies candidate evidence only; target-recension identity, semantics, exact typed cells, accents, and any productive metadata remain independently unsupported.
synodal:family-candidate:149e6b45ae1f4092f680fb2d	deferred															ponomar-elizabeth-bible-2026-08-09,wikisource-church-slavonic-bible-2026-08-09:Acts.7.20,Baruch.1.2		1500	Diagnostic grouping and corpus frequency are prioritization evidence only; no resolver analysis is enabled by this row.	Deferred after v0.5 review: the target corpus establishes the exact marked surface, but the semantic expansion, every compatible typed cell, mark order, positional restrictions, and reverse-registry behavior are not jointly established by independent target-recension evidence.
synodal:family-candidate:15245577607a1c19878eebd3	deferred															ponomar-elizabeth-bible-2026-08-09:Ponomar Unicode text:Acts.7.9 supplies a source-partition target-recension surface occurrence		1500	Diagnostic grouping and frequency are prioritization evidence only; evaluation passages remain excluded from runtime evidence.	Deferred after v0.6 top-200 review: inspected diagnostic surfaces є҆гѵ́петъ. Target frequency and grouping do not establish target-lexeme-identity, target-morphological-cell; no runtime fact is enabled.
synodal:family-candidate:15a7f96eafa891033de1c134	deferred	synodal:noun:zakon														ponomar-elizabeth-bible-2026-08-09,wikisource-church-slavonic-bible-2026-08-09:Acts.13.15,Acts.13.39	synodal:candidate:dbd2a83da99e759fa88d4a4d	5500	surface similarity is a proposal and does not establish lexical identity	Deferred after review: one reviewed runtime lexeme is compatible, but the unresolved surfaces still lack independently typed target cells, exact accent or positional evidence, or a complete cited Synodal class.
synodal:family-candidate:16e6c418d31a1f71fc1824cd	deferred															ponomar-elizabeth-bible-2026-08-09:Ponomar Unicode text:Acts.9.13 supplies a source-partition target-recension surface occurrence		1000	Diagnostic grouping and frequency are prioritization evidence only; evaluation passages remain excluded from runtime evidence.	Deferred after v0.6 top-200 review: inspected diagnostic surfaces ѕла̑. Target frequency and grouping do not establish target-lexeme-identity, target-morphological-cell; no runtime fact is enabled.
synodal:family-candidate:187d6c153947627fc3eef15a	deferred															ponomar-elizabeth-bible-2026-08-09,wikisource-church-slavonic-bible-2026-08-09:Amos.4.10,Apoc.19.15,Eph.6.11		1500	Diagnostic grouping and corpus frequency are prioritization evidence only; no resolver analysis is enabled by this row.	Deferred after v0.5 review: repeated target surfaces do not establish lemma identity, semantics, exact morphological cells, principal parts, accent class, or a productive Synodal rule.
synodal:family-candidate:1893aac040f4d101c7995197	deferred															ponomar-elizabeth-bible-2026-08-09:Ponomar Unicode text:Acts.13.23 supplies target-recension surface evidence; ponomar-elizabeth-bible-2026-08-09:Ponomar Unicode text:Acts.4.11 supplies target-recension surface evidence		1500	Diagnostic grouping and corpus frequency are prioritization evidence only; no resolver analysis is enabled by this row.	Deferred after v0.5 structured-route review: the target corpus establishes the marked surface, but semantic expansion, all compatible typed cells, exact combining-mark order, positional restrictions, and reverse-registry behavior are not jointly supported by independent target-recension evidence.
synodal:family-candidate:1ad993a4d6da138e507ddf38	deferred															ponomar-elizabeth-bible-2026-08-09,wikisource-church-slavonic-bible-2026-08-09:Acts.13.29,Acts.7.42	synodal:candidate:98b0c48adbf549db874bf58c	5500	Diagnostic grouping and corpus frequency are prioritization evidence only; no resolver analysis is enabled by this row.	Deferred after v0.5 review: OCS dictionary membership supplies candidate evidence only; target-recension identity, semantics, exact typed cells, accents, and any productive metadata remain independently unsupported.
synodal:family-candidate:1cbee027f97103a47de841b0	deferred															ponomar-elizabeth-bible-2026-08-09,wikisource-church-slavonic-bible-2026-08-09:Acts.1.12	synodal:candidate:cdbacf031bc01432cbb667a0	5500	surface similarity is a proposal and does not establish lexical identity	Deferred after review: the OCS Kaikki entry supplies candidate identity or form evidence only. No independently cited Synodal class, exact cell mapping, accent behavior, and target semantic continuity jointly support admission.
synodal:family-candidate:1cdc2f28dc23ac649da8e99e	deferred															ponomar-elizabeth-bible-2026-08-09,wikisource-church-slavonic-bible-2026-08-09:Acts.20.30,Acts.3.6,Dan.2.39		1500	Diagnostic grouping and corpus frequency are prioritization evidence only; no resolver analysis is enabled by this row.	Deferred after v0.5 review: repeated target surfaces do not establish lemma identity, semantics, exact morphological cells, principal parts, accent class, or a productive Synodal rule.
synodal:family-candidate:1d25e62b8a77584a5e37b3a4	deferred	synodal:noun:zapoved														ponomar-elizabeth-bible-2026-08-09,wikisource-church-slavonic-bible-2026-08-09:Acts.17.15,Apoc.12.17,Apoc.14.12	synodal:candidate:5e533ae373101bfdb28c9d9e	5500	surface similarity is a proposal and does not establish lexical identity	Deferred after review: one reviewed runtime lexeme is compatible, but the unresolved surfaces still lack independently typed target cells, exact accent or positional evidence, or a complete cited Synodal class.
synodal:family-candidate:1daeb3f26af7b411379907bf	deferred															ponomar-elizabeth-bible-2026-08-09,wikisource-church-slavonic-bible-2026-08-09:Acts.5.5	synodal:candidate:4fe5137e233e66953cb49096	5500	surface similarity is a proposal and does not establish lexical identity	Deferred after review: the OCS Kaikki entry supplies candidate identity or form evidence only. No independently cited Synodal class, exact cell mapping, accent behavior, and target semantic continuity jointly support admission.
synodal:family-candidate:1fee7bfc919b448e826f92d8	deferred															ponomar-elizabeth-bible-2026-08-09:Acts.1.12		1000	surface similarity is a proposal and does not establish lexical identity	Deferred after review: the target corpus establishes a recurring titlo or superscript surface, but semantic expansion, exact grammatical cells, required marks, and reversibility are not yet independently specified.
synodal:family-candidate:1feef1ec5749f590d371894b	deferred															ponomar-elizabeth-bible-2026-08-09,wikisource-church-slavonic-bible-2026-08-09:Acts.1.7		1000	surface similarity is a proposal and does not establish lexical identity	Deferred after review: repeated corpus surfaces and diagnostic stem, prefix, or ending features do not by themselves establish a lemma, part of speech, morphological cell, principal parts, accent class, or productive rule.
synodal:family-candidate:206c3815c6218cac1c0b94a1	deferred															english-wiktionary-ocs-kaikki-2026-08-07:synodal:candidate:7965ba549dd0d1b048cd9a58 supplies an OCS dictionary identity/form candidate in the source partition (alternative form of кънѧѕь (kŭnędzĭ, “prince”)); english-wiktionary-ocs-kaikki-2026-08-07:synodal:candidate:b5ddc26cbeb061b446842785 supplies an OCS dictionary identity/form candidate in the evaluation partition (prince; ruler); ponomar-elizabeth-bible-2026-08-09:Ponomar Unicode text:Dan.2.10 supplies a source-partition target-recension surface occurrence	synodal:candidate:7965ba549dd0d1b048cd9a58,synodal:candidate:b5ddc26cbeb061b446842785	2500	Diagnostic grouping and frequency are prioritization evidence only; evaluation passages remain excluded from runtime evidence.	Deferred after v0.6 top-200 review: inspected diagnostic surfaces кнѧ́зь. Target frequency and grouping do not establish source-partition-exact-cell-evidence; evaluation candidates cannot license runtime facts, target-lexeme-identity, target-morphological-cell; no runtime fact is enabled.
synodal:family-candidate:207fcc5dd64ef1f7e685a56e	deferred															ponomar-elizabeth-bible-2026-08-09:Ponomar Unicode text:Apoc.15.4 supplies a evaluation-partition target-recension surface occurrence; ponomar-elizabeth-bible-2026-08-09:Ponomar Unicode text:Baruch.2.17 supplies a source-partition target-recension surface occurrence		1500	Diagnostic grouping and frequency are prioritization evidence only; evaluation passages remain excluded from runtime evidence.	Deferred after v0.6 top-200 review: inspected diagnostic surfaces ѡ҆правда̑нїѧ, ѡ҆правда́нїе. Target frequency and grouping do not establish target-lexeme-identity, target-morphological-cell; no runtime fact is enabled.
synodal:family-candidate:212f938c838b2a35f1e43bde	deferred															ponomar-elizabeth-bible-2026-08-09,wikisource-church-slavonic-bible-2026-08-09:Acts.2.7	synodal:candidate:a28bcfea9e6857f53a8037ed,synodal:candidate:b107295ae43863d45075c01e	2500	Diagnostic grouping and corpus frequency are prioritization evidence only; no resolver analysis is enabled by this row.	Deferred after v0.5 review: multiple lexical identities or grammatical cells remain compatible. Independent target-recension identity and cell evidence is required before any alternative may enter Strict top-k.
synodal:family-candidate:216fefaba3d4359a52afa148	deferred															ponomar-elizabeth-bible-2026-08-09:Ponomar Unicode text:Dan.3.38 supplies a evaluation-partition target-recension surface occurrence; ponomar-elizabeth-bible-2026-08-09:Ponomar Unicode text:Dan.3.40 supplies a source-partition target-recension surface occurrence		1500	Diagnostic grouping and frequency are prioritization evidence only; evaluation passages remain excluded from runtime evidence.	Deferred after v0.6 top-200 review: inspected diagnostic surfaces же́ртва, же́ртвы. Target frequency and grouping do not establish target-lexeme-identity, target-morphological-cell; no runtime fact is enabled.
synodal:family-candidate:21d3f7ea19c71cd4bb875418	deferred															ponomar-elizabeth-bible-2026-08-09,wikisource-church-slavonic-bible-2026-08-09:Acts.2.14,Acts.2.25,Acts.2.40,Acts.5.38,Amos.7.16		1500	surface similarity is a proposal and does not establish lexical identity	Deferred after review: repeated corpus surfaces and diagnostic stem, prefix, or ending features do not by themselves establish a lemma, part of speech, morphological cell, principal parts, accent class, or productive rule.
synodal:family-candidate:24242a82702ffe95ec056311	deferred															ponomar-elizabeth-bible-2026-08-09:Ponomar Unicode text:Acts.8.16 supplies a source-partition target-recension surface occurrence		1500	Diagnostic grouping and frequency are prioritization evidence only; evaluation passages remain excluded from runtime evidence.	Deferred after v0.6 top-200 review: inspected diagnostic surfaces то́чїю. Target frequency and grouping do not establish target-lexeme-identity, target-morphological-cell; no runtime fact is enabled.
synodal:family-candidate:243150d585924f3b8c0bf303	deferred															ponomar-elizabeth-bible-2026-08-09,wikisource-church-slavonic-bible-2026-08-09:Acts.10.17,Acts.2.17,Acts.9.10		1500	Diagnostic grouping and corpus frequency are prioritization evidence only; no resolver analysis is enabled by this row.	Deferred after v0.5 review: repeated target surfaces do not establish lemma identity, semantics, exact morphological cells, principal parts, accent class, or a productive Synodal rule.
synodal:family-candidate:246f2bc75f6243e5d9f83b85	deferred															ponomar-elizabeth-bible-2026-08-09,wikisource-church-slavonic-bible-2026-08-09:Acts.1.2		1500	surface similarity is a proposal and does not establish lexical identity	Deferred after review: repeated corpus surfaces and diagnostic stem, prefix, or ending features do not by themselves establish a lemma, part of speech, morphological cell, principal parts, accent class, or productive rule.
synodal:family-candidate:24baa88380bbaa1a8159a6fd	deferred															ponomar-elizabeth-bible-2026-08-09,wikisource-church-slavonic-bible-2026-08-09:Acts.13.10,Amos.5.24		1500	Diagnostic grouping and corpus frequency are prioritization evidence only; no resolver analysis is enabled by this row.	Deferred after v0.5 review: repeated target surfaces do not establish lemma identity, semantics, exact morphological cells, principal parts, accent class, or a productive Synodal rule.
synodal:family-candidate:25ed210fe7fa4fde9640f4f0	deferred															ponomar-elizabeth-bible-2026-08-09,wikisource-church-slavonic-bible-2026-08-09:Acts.8.26		1000	Diagnostic grouping and corpus frequency are prioritization evidence only; no resolver analysis is enabled by this row.	Deferred after v0.5 review: repeated target surfaces do not establish lemma identity, semantics, exact morphological cells, principal parts, accent class, or a productive Synodal rule.
synodal:family-candidate:2623c1abca8412af8a8f8bae	deferred															ponomar-elizabeth-bible-2026-08-09,wikisource-church-slavonic-bible-2026-08-09:Acts.10.35		1000	Diagnostic grouping and corpus frequency are prioritization evidence only; no resolver analysis is enabled by this row.	Deferred after v0.5 review: repeated target surfaces do not establish lemma identity, semantics, exact morphological cells, principal parts, accent class, or a productive Synodal rule.
synodal:family-candidate:264ced516cdf3ae98b7dd684	deferred															ponomar-elizabeth-bible-2026-08-09,wikisource-church-slavonic-bible-2026-08-09:Acts.3.22		1000	surface similarity is a proposal and does not establish lexical identity	Deferred after review: repeated corpus surfaces and diagnostic stem, prefix, or ending features do not by themselves establish a lemma, part of speech, morphological cell, principal parts, accent class, or productive rule.
synodal:family-candidate:264db068871746de9e69a0b1	deferred															ponomar-elizabeth-bible-2026-08-09,wikisource-church-slavonic-bible-2026-08-09:Acts.1.13,Gen.49.10		1500	surface similarity is a proposal and does not establish lexical identity	Deferred after review: repeated corpus surfaces and diagnostic stem, prefix, or ending features do not by themselves establish a lemma, part of speech, morphological cell, principal parts, accent class, or productive rule.
synodal:family-candidate:26bbef9250bf47d0300e64a8	deferred	synodal:verb:byti														ponomar-elizabeth-bible-2026-08-09,wikisource-church-slavonic-bible-2026-08-09:Acts.1.22,Apoc.5.2	synodal:verb:byti	1000	surface similarity is a proposal and does not establish lexical identity	Deferred after review: one reviewed runtime lexeme is compatible, but the unresolved surfaces still lack independently typed target cells, exact accent or positional evidence, or a complete cited Synodal class.
synodal:family-candidate:270b2023d008c5fe6dc5e9dd	deferred															ponomar-elizabeth-bible-2026-08-09,wikisource-church-slavonic-bible-2026-08-09:Acts.2.20		1500	surface similarity is a proposal and does not establish lexical identity	Deferred after review: repeated corpus surfaces and diagnostic stem, prefix, or ending features do not by themselves establish a lemma, part of speech, morphological cell, principal parts, accent class, or productive rule.
synodal:family-candidate:274f3d8ae0f74d4c29dc42be	deferred															ponomar-elizabeth-bible-2026-08-09,wikisource-church-slavonic-bible-2026-08-09:Acts.2.14		1000	surface similarity is a proposal and does not establish lexical identity	Deferred after review: repeated corpus surfaces and diagnostic stem, prefix, or ending features do not by themselves establish a lemma, part of speech, morphological cell, principal parts, accent class, or productive rule.
synodal:family-candidate:2958a26466e78aa8a4390f22	deferred															ponomar-elizabeth-bible-2026-08-09,wikisource-church-slavonic-bible-2026-08-09:Acts.10.47,Acts.5.39,Apoc.2.2	synodal:candidate:c8b75d2f425c16e543060087	5500	Diagnostic grouping and corpus frequency are prioritization evidence only; no resolver analysis is enabled by this row.	Deferred after v0.5 review: OCS dictionary membership supplies candidate evidence only; target-recension identity, semantics, exact typed cells, accents, and any productive metadata remain independently unsupported.
synodal:family-candidate:29807c1b792908cc4c8f5d8c	deferred															ponomar-elizabeth-bible-2026-08-09,wikisource-church-slavonic-bible-2026-08-09:Acts.16.1	synodal:candidate:e0d6b61a9ce05a60948b39e2	5500	Diagnostic grouping and corpus frequency are prioritization evidence only; no resolver analysis is enabled by this row.	Deferred after v0.5 review: a reviewed runtime lexeme is compatible, but the exact printed variant, accent or positional behavior, and typed cell are not independently cited together. Accentless similarity is not an admission.
synodal:family-candidate:2a01f107b8c44bd5f1921ebc	deferred	synodal:noun:tsar														ponomar-elizabeth-bible-2026-08-09,wikisource-church-slavonic-bible-2026-08-09:Acts.25.14,Apoc.1.5	synodal:noun:tsar	1000	surface similarity is a proposal and does not establish lexical identity	Deferred after review: one reviewed runtime lexeme is compatible, but the unresolved surfaces still lack independently typed target cells, exact accent or positional evidence, or a complete cited Synodal class.
synodal:family-candidate:2a37ba493a4a34051d06d7a0	deferred															ponomar-elizabeth-bible-2026-08-09,wikisource-church-slavonic-bible-2026-08-09:Acts.2.4		1000	Diagnostic grouping and corpus frequency are prioritization evidence only; no resolver analysis is enabled by this row.	Deferred after v0.5 review: a reviewed runtime lexeme is compatible, but the exact printed variant, accent or positional behavior, and typed cell are not independently cited together. Accentless similarity is not an admission.
synodal:family-candidate:2aa94a7420286d2f9585d86c	deferred															ponomar-elizabeth-bible-2026-08-09,wikisource-church-slavonic-bible-2026-08-09:Acts.1.8,Acts.18.5,Ezek.21.20		1500	Diagnostic grouping and corpus frequency are prioritization evidence only; no resolver analysis is enabled by this row.	Deferred after v0.5 review: repeated target surfaces do not establish lemma identity, semantics, exact morphological cells, principal parts, accent class, or a productive Synodal rule.
synodal:family-candidate:2b2e6779e6b094cab6e35d31	deferred															ponomar-elizabeth-bible-2026-08-09,wikisource-church-slavonic-bible-2026-08-09:Acts.1.21		1000	surface similarity is a proposal and does not establish lexical identity	Deferred after review: repeated corpus surfaces and diagnostic stem, prefix, or ending features do not by themselves establish a lemma, part of speech, morphological cell, principal parts, accent class, or productive rule.
synodal:family-candidate:2b4c52fc8782c7d5693b64a5	deferred															english-wiktionary-ocs-kaikki-2026-08-07:synodal:candidate:51cf9410a27be646211d6202 supplies an OCS dictionary identity/form candidate in the source partition (third-person plural aorist indicative of внити (vniti)); ponomar-elizabeth-bible-2026-08-09:Ponomar Unicode text:Acts.1.13 supplies a source-partition target-recension surface occurrence	synodal:candidate:51cf9410a27be646211d6202	5500	Diagnostic grouping and frequency are prioritization evidence only; evaluation passages remain excluded from runtime evidence.	Deferred after v0.6 top-200 review: inspected diagnostic surfaces внидо́ша. Target frequency and grouping do not establish target-lexeme-identity, target-morphological-cell; no runtime fact is enabled.
synodal:family-candidate:2b8c80606f01b41f5e738500	deferred															ponomar-elizabeth-bible-2026-08-09,wikisource-church-slavonic-bible-2026-08-09:Acts.10.7		1500	Diagnostic grouping and corpus frequency are prioritization evidence only; no resolver analysis is enabled by this row.	Deferred after v0.5 review: repeated target surfaces do not establish lemma identity, semantics, exact morphological cells, principal parts, accent class, or a productive Synodal rule.
synodal:family-candidate:2cd3652f8d60a5acb51b1942	deferred															ponomar-elizabeth-bible-2026-08-09,wikisource-church-slavonic-bible-2026-08-09:Acts.10.19		1000	surface similarity is a proposal and does not establish lexical identity	Deferred after review: repeated corpus surfaces and diagnostic stem, prefix, or ending features do not by themselves establish a lemma, part of speech, morphological cell, principal parts, accent class, or productive rule.
synodal:family-candidate:2d34271e572cc243dbe06d5d	deferred															ponomar-elizabeth-bible-2026-08-09,wikisource-church-slavonic-bible-2026-08-09:Acts.17.22		1000	surface similarity is a proposal and does not establish lexical identity	Deferred after review: repeated corpus surfaces and diagnostic stem, prefix, or ending features do not by themselves establish a lemma, part of speech, morphological cell, principal parts, accent class, or productive rule.
synodal:family-candidate:2d4f331c4ec1852d3f3502d4	deferred															ponomar-elizabeth-bible-2026-08-09,wikisource-church-slavonic-bible-2026-08-09:Amos.2.7		1000	surface similarity is a proposal and does not establish lexical identity	Deferred after review: repeated corpus surfaces and diagnostic stem, prefix, or ending features do not by themselves establish a lemma, part of speech, morphological cell, principal parts, accent class, or productive rule.
synodal:family-candidate:2d79ea08c6c2b33acd455518	deferred															ponomar-elizabeth-bible-2026-08-09,wikisource-church-slavonic-bible-2026-08-09:Acts.13.19,Acts.2.8		1000	Diagnostic grouping and corpus frequency are prioritization evidence only; no resolver analysis is enabled by this row.	Deferred after v0.5 review: a reviewed runtime lexeme is compatible, but the exact printed variant, accent or positional behavior, and typed cell are not independently cited together. Accentless similarity is not an admission.
synodal:family-candidate:2f0838ec7c697eee28251a15	deferred															english-wiktionary-ocs-kaikki-2026-08-07:synodal:candidate:4a34fd51fd748758cda1b464 supplies an OCS dictionary identity/form candidate in the source partition (third-person plural aorist indicative of пасти (pasti)); ponomar-elizabeth-bible-2026-08-09:Ponomar Unicode text:Apoc.4.10 supplies a source-partition target-recension surface occurrence	synodal:candidate:4a34fd51fd748758cda1b464	5500	Diagnostic grouping and frequency are prioritization evidence only; evaluation passages remain excluded from runtime evidence.	Deferred after v0.6 top-200 review: inspected diagnostic surfaces падо́ша. Target frequency and grouping do not establish target-lexeme-identity, target-morphological-cell; no runtime fact is enabled.
synodal:family-candidate:30170756785627a9b47f3b4e	deferred															ponomar-elizabeth-bible-2026-08-09:Ponomar Unicode text:Acts.1.15 supplies target-recension surface evidence		1000	Diagnostic grouping and corpus frequency are prioritization evidence only; no resolver analysis is enabled by this row.	Deferred after v0.5 structured-route review: a spelling relationship is diagnostic only; exact target identity, printed accent or positional behavior, and every compatible typed cell are not independently cited together.
synodal:family-candidate:30e0814223007156380e4211	deferred															ponomar-elizabeth-bible-2026-08-09,wikisource-church-slavonic-bible-2026-08-09:Amos.4.10		1000	Diagnostic grouping and corpus frequency are prioritization evidence only; no resolver analysis is enabled by this row.	Deferred after v0.5 review: repeated target surfaces do not establish lemma identity, semantics, exact morphological cells, principal parts, accent class, or a productive Synodal rule.
synodal:family-candidate:310e1e8d462ed6fb7110cd99	deferred															ponomar-elizabeth-bible-2026-08-09,wikisource-church-slavonic-bible-2026-08-09:Acts.6.6		1000	surface similarity is a proposal and does not establish lexical identity	Deferred after review: repeated corpus surfaces and diagnostic stem, prefix, or ending features do not by themselves establish a lemma, part of speech, morphological cell, principal parts, accent class, or productive rule.
synodal:family-candidate:3115168b45219d9e876a6245	deferred															ponomar-elizabeth-bible-2026-08-09,wikisource-church-slavonic-bible-2026-08-09:Acts.8.33		1000	surface similarity is a proposal and does not establish lexical identity	Deferred after review: repeated corpus surfaces and diagnostic stem, prefix, or ending features do not by themselves establish a lemma, part of speech, morphological cell, principal parts, accent class, or productive rule.
synodal:family-candidate:31d72649185ff1fb7de64add	deferred															ponomar-elizabeth-bible-2026-08-09,wikisource-church-slavonic-bible-2026-08-09:Acts.2.6		1000	surface similarity is a proposal and does not establish lexical identity	Deferred after review: repeated corpus surfaces and diagnostic stem, prefix, or ending features do not by themselves establish a lemma, part of speech, morphological cell, principal parts, accent class, or productive rule.
synodal:family-candidate:32d274c72a1dd5e090941881	deferred															ponomar-elizabeth-bible-2026-08-09,wikisource-church-slavonic-bible-2026-08-09:Acts.4.11,Apoc.2.17,Composite.2.8	synodal:candidate:9aa8b68a0e09f2c9be127cc4	5500	surface similarity is a proposal and does not establish lexical identity	Deferred after review: the OCS Kaikki entry supplies candidate identity or form evidence only. No independently cited Synodal class, exact cell mapping, accent behavior, and target semantic continuity jointly support admission.
synodal:family-candidate:334748a6cc6ab9cebc4cbbca	deferred															ponomar-elizabeth-bible-2026-08-09,wikisource-church-slavonic-bible-2026-08-09:Acts.10.22,Acts.24.24,Acts.9.4		1500	Diagnostic grouping and corpus frequency are prioritization evidence only; no resolver analysis is enabled by this row.	Deferred after v0.5 review: repeated target surfaces do not establish lemma identity, semantics, exact morphological cells, principal parts, accent class, or a productive Synodal rule.
synodal:family-candidate:334b56c565e47eb44aa05fcd	rejected															ponomar-elizabeth-bible-2026-08-09,wikisource-church-slavonic-bible-2026-08-09:Acts.2.7	synodal:candidate:1b1f488bfbb315180ed432ef	5500	surface similarity is a proposal and does not establish lexical identity	Rejected as a family grouping: high-frequency ли is a particle surface and cannot be assigned to the OCS verb candidate лити from string identity alone.
synodal:family-candidate:3447a169c6a4adf9420ea0f8	deferred															ponomar-elizabeth-bible-2026-08-09,wikisource-church-slavonic-bible-2026-08-09:Acts.10.2,Acts.2.43,Acts.8.7,Apoc.19.1		1500	surface similarity is a proposal and does not establish lexical identity	Deferred after review: repeated corpus surfaces and diagnostic stem, prefix, or ending features do not by themselves establish a lemma, part of speech, morphological cell, principal parts, accent class, or productive rule.
synodal:family-candidate:35361ffcd9ec6d7165f19cd6	deferred															ponomar-elizabeth-bible-2026-08-09,wikisource-church-slavonic-bible-2026-08-09:Acts.5.36		1500	Diagnostic grouping and corpus frequency are prioritization evidence only; no resolver analysis is enabled by this row.	Deferred after v0.5 review: repeated target surfaces do not establish lemma identity, semantics, exact morphological cells, principal parts, accent class, or a productive Synodal rule.
synodal:family-candidate:3751c1925788a8a73c7f344a	deferred															ponomar-elizabeth-bible-2026-08-09,wikisource-church-slavonic-bible-2026-08-09:Acts.13.13		1500	Diagnostic grouping and corpus frequency are prioritization evidence only; no resolver analysis is enabled by this row.	Deferred after v0.5 review: repeated target surfaces do not establish lemma identity, semantics, exact morphological cells, principal parts, accent class, or a productive Synodal rule.
synodal:family-candidate:37e69696a5a2b2816d844318	deferred															ponomar-elizabeth-bible-2026-08-09,wikisource-church-slavonic-bible-2026-08-09:Acts.7.17		1500	surface similarity is a proposal and does not establish lexical identity	Deferred after review: repeated corpus surfaces and diagnostic stem, prefix, or ending features do not by themselves establish a lemma, part of speech, morphological cell, principal parts, accent class, or productive rule.
synodal:family-candidate:37e6c43571b38fc622776f12	deferred															ponomar-elizabeth-bible-2026-08-09,wikisource-church-slavonic-bible-2026-08-09:Acts.2.35,Acts.3.25,Acts.4.29,Acts.4.30		1500	surface similarity is a proposal and does not establish lexical identity	Deferred after review: repeated corpus surfaces and diagnostic stem, prefix, or ending features do not by themselves establish a lemma, part of speech, morphological cell, principal parts, accent class, or productive rule.
synodal:family-candidate:37e7b826d0e9974175033eea	deferred															ponomar-elizabeth-bible-2026-08-09,wikisource-church-slavonic-bible-2026-08-09:Acts.9.2,Apoc.21.24	synodal:candidate:7d43b0c8cda52727b1a9bc52	5500	surface similarity is a proposal and does not establish lexical identity	Deferred after review: the OCS Kaikki entry supplies candidate identity or form evidence only. No independently cited Synodal class, exact cell mapping, accent behavior, and target semantic continuity jointly support admission.
synodal:family-candidate:386e5f8683a2484910ede64f	deferred															ponomar-elizabeth-bible-2026-08-09,wikisource-church-slavonic-bible-2026-08-09:Acts.17.31,Acts.19.38,Acts.20.16,Acts.25.15,Composite.7.5		1500	surface similarity is a proposal and does not establish lexical identity	Deferred after review: repeated corpus surfaces and diagnostic stem, prefix, or ending features do not by themselves establish a lemma, part of speech, morphological cell, principal parts, accent class, or productive rule.
synodal:family-candidate:38a8c9975373752c6dfe0773	deferred															ponomar-elizabeth-bible-2026-08-09,wikisource-church-slavonic-bible-2026-08-09:Acts.5.8		1500	Diagnostic grouping and corpus frequency are prioritization evidence only; no resolver analysis is enabled by this row.	Deferred after v0.5 review: repeated target surfaces do not establish lemma identity, semantics, exact morphological cells, principal parts, accent class, or a productive Synodal rule.
synodal:family-candidate:38ae50d2b65c1858942563d9	deferred															ponomar-elizabeth-bible-2026-08-09,wikisource-church-slavonic-bible-2026-08-09:Acts.12.10,Acts.12.13,Acts.9.24,Apoc.21.12	synodal:candidate:3dbe009ffb4af93c7782f1f2,synodal:candidate:4b110ac5f2b338499089258b	2500	surface similarity is a proposal and does not establish lexical identity	Deferred after review: multiple lexical identities or grammatical cells remain compatible. Corpus frequency and OCS dictionary candidates cannot resolve the target-recension ambiguity; all candidates must remain visible.
synodal:family-candidate:38cbff6485f03c85f316a6e1	deferred															ponomar-elizabeth-bible-2026-08-09,wikisource-church-slavonic-bible-2026-08-09:Acts.1.8		1000	surface similarity is a proposal and does not establish lexical identity	Deferred after review: the target corpus establishes a recurring titlo or superscript surface, but semantic expansion, exact grammatical cells, required marks, and reversibility are not yet independently specified.
synodal:family-candidate:3917ff4b15548c4e4bf4ed01	deferred															ponomar-elizabeth-bible-2026-08-09,wikisource-church-slavonic-bible-2026-08-09:Acts.2.8		1000	surface similarity is a proposal and does not establish lexical identity	Deferred after review: repeated corpus surfaces and diagnostic stem, prefix, or ending features do not by themselves establish a lemma, part of speech, morphological cell, principal parts, accent class, or productive rule.
synodal:family-candidate:39334788a8d7cab958ed1f20	deferred															ponomar-elizabeth-bible-2026-08-09:Ponomar Unicode text:Deut.10.18 supplies target-recension surface evidence		1000	Diagnostic grouping and corpus frequency are prioritization evidence only; no resolver analysis is enabled by this row.	Deferred after v0.5 structured-route review: a spelling relationship is diagnostic only; exact target identity, printed accent or positional behavior, and every compatible typed cell are not independently cited together.
synodal:family-candidate:39657e8431d33966f63fed9e	deferred															ponomar-elizabeth-bible-2026-08-09,wikisource-church-slavonic-bible-2026-08-09:Acts.1.4		1000	surface similarity is a proposal and does not establish lexical identity	Deferred after review: repeated corpus surfaces and diagnostic stem, prefix, or ending features do not by themselves establish a lemma, part of speech, morphological cell, principal parts, accent class, or productive rule.
synodal:family-candidate:3a0543afe2f821a6ea83ced8	deferred															ponomar-elizabeth-bible-2026-08-09:Ponomar Unicode text:Composite.8.39 supplies target-recension surface evidence; ponomar-elizabeth-bible-2026-08-09:Ponomar Unicode text:Composite.8.47 supplies target-recension surface evidence		1500	Diagnostic grouping and corpus frequency are prioritization evidence only; no resolver analysis is enabled by this row.	Deferred after v0.5 structured-route review: the target corpus establishes the marked surface, but semantic expansion, all compatible typed cells, exact combining-mark order, positional restrictions, and reverse-registry behavior are not jointly supported by independent target-recension evidence.
synodal:family-candidate:3a2c8e03154ebe65a70b8f0e	deferred															ponomar-elizabeth-bible-2026-08-09,wikisource-church-slavonic-bible-2026-08-09:Ezek.34.23,III_Kings.2.35		1500	Diagnostic grouping and corpus frequency are prioritization evidence only; no resolver analysis is enabled by this row.	Deferred after v0.5 review: repeated target surfaces do not establish lemma identity, semantics, exact morphological cells, principal parts, accent class, or a productive Synodal rule.
synodal:family-candidate:3ac4af3d9a607e8d2b060e9a	deferred															ponomar-elizabeth-bible-2026-08-09,wikisource-church-slavonic-bible-2026-08-09:Acts.1.24,Acts.2.45		1500	surface similarity is a proposal and does not establish lexical identity	Deferred after review: repeated corpus surfaces and diagnostic stem, prefix, or ending features do not by themselves establish a lemma, part of speech, morphological cell, principal parts, accent class, or productive rule.
synodal:family-candidate:3ae54415f135ff15d1a6dc30	deferred															ponomar-elizabeth-bible-2026-08-09:Ponomar Unicode text:Acts.7.13 supplies a source-partition target-recension surface occurrence; ud-ocs-proiel-r2.18:synodal:candidate:0b7def7c10bd85e51d6230ab supplies a source-partition typed OCS token witness for lemma иосифъ (Case=Nom|Gender=Masc|Number=Sing)		1000	Diagnostic grouping and frequency are prioritization evidence only; evaluation passages remain excluded from runtime evidence.	Deferred after v0.6 top-200 review: inspected diagnostic surfaces і҆ѡ́сифъ. Target frequency and grouping do not establish target-lexeme-identity, target-morphological-cell; no runtime fact is enabled.
synodal:family-candidate:3c18fa0384fe425b514d9aaa	deferred															ponomar-elizabeth-bible-2026-08-09,wikisource-church-slavonic-bible-2026-08-09:Dan.1.15,Dan.3.30	synodal:candidate:a9cef2fd54e7bd9b152cd607	5500	Diagnostic grouping and corpus frequency are prioritization evidence only; no resolver analysis is enabled by this row.	Deferred after v0.5 review: OCS dictionary membership supplies candidate evidence only; target-recension identity, semantics, exact typed cells, accents, and any productive metadata remain independently unsupported.
synodal:family-candidate:3d53b73bda7228f9dd77111d	deferred	synodal:verb:wikt-06af096688df														ponomar-elizabeth-bible-2026-08-09,wikisource-church-slavonic-bible-2026-08-09:Acts.23.5,Acts.3.22	synodal:candidate:10c31845613b32ab7d9dd3dd,synodal:candidate:1217416ff7180b9f56e17c5f	7500	surface similarity is a proposal and does not establish lexical identity	Deferred after review: multiple lexical identities or grammatical cells remain compatible. Corpus frequency and OCS dictionary candidates cannot resolve the target-recension ambiguity; all candidates must remain visible.
synodal:family-candidate:3d59cec5118837d618793453	deferred															ponomar-elizabeth-bible-2026-08-09,wikisource-church-slavonic-bible-2026-08-09:Acts.1.21	synodal:candidate:93c2e0574ab00f2d66c26e40	5500	surface similarity is a proposal and does not establish lexical identity	Deferred after review: the OCS Kaikki entry supplies candidate identity or form evidence only. No independently cited Synodal class, exact cell mapping, accent behavior, and target semantic continuity jointly support admission.
synodal:family-candidate:3d8d870626e8a20a464c1849	deferred															ponomar-elizabeth-bible-2026-08-09,wikisource-church-slavonic-bible-2026-08-09:Acts.3.17		1000	Diagnostic grouping and corpus frequency are prioritization evidence only; no resolver analysis is enabled by this row.	Deferred after v0.5 review: repeated target surfaces do not establish lemma identity, semantics, exact morphological cells, principal parts, accent class, or a productive Synodal rule.
synodal:family-candidate:3db1e03e467b23c3621db244	deferred															ponomar-elizabeth-bible-2026-08-09,wikisource-church-slavonic-bible-2026-08-09:Acts.1.3	synodal:candidate:dc8aa5a8db88624532363249	5500	surface similarity is a proposal and does not establish lexical identity	Deferred after review: the OCS Kaikki entry supplies candidate identity or form evidence only. No independently cited Synodal class, exact cell mapping, accent behavior, and target semantic continuity jointly support admission.
synodal:family-candidate:3e57301726dd86cc78bf7edb	deferred	synodal:noun:syn														ponomar-elizabeth-bible-2026-08-09,wikisource-church-slavonic-bible-2026-08-09:Acts.13.10,Acts.7.21,Acts.7.23,Acts.7.37,Baruch.1.7	synodal:noun:syn	7500	shared visible stem is diagnostic only; alternants require review; surface similarity is a proposal and does not establish lexical identity	Deferred after review: one reviewed runtime lexeme is compatible, but the unresolved surfaces still lack independently typed target cells, exact accent or positional evidence, or a complete cited Synodal class.
synodal:family-candidate:3f3e8ed0fdc04e01ea3b0787	deferred															ponomar-elizabeth-bible-2026-08-09,wikisource-church-slavonic-bible-2026-08-09:Acts.7.45		1000	surface similarity is a proposal and does not establish lexical identity	Deferred after review: repeated corpus surfaces and diagnostic stem, prefix, or ending features do not by themselves establish a lemma, part of speech, morphological cell, principal parts, accent class, or productive rule.
synodal:family-candidate:3fbc6520b0e7f59e28544390	deferred															ponomar-elizabeth-bible-2026-08-09,wikisource-church-slavonic-bible-2026-08-09:Acts.1.25		1000	surface similarity is a proposal and does not establish lexical identity	Deferred after review: repeated corpus surfaces and diagnostic stem, prefix, or ending features do not by themselves establish a lemma, part of speech, morphological cell, principal parts, accent class, or productive rule.
synodal:family-candidate:3fe616de66815346e8bb4141	deferred															ponomar-elizabeth-bible-2026-08-09,wikisource-church-slavonic-bible-2026-08-09:Acts.9.40	synodal:candidate:58430386fce3a8091cf1cae1	5500	surface similarity is a proposal and does not establish lexical identity	Deferred after review: the OCS Kaikki entry supplies candidate identity or form evidence only. No independently cited Synodal class, exact cell mapping, accent behavior, and target semantic continuity jointly support admission.
synodal:family-candidate:3fe900b3b0180be83a05e6ee	deferred															ponomar-elizabeth-bible-2026-08-09,wikisource-church-slavonic-bible-2026-08-09:Acts.4.30		1500	surface similarity is a proposal and does not establish lexical identity	Deferred after review: repeated corpus surfaces and diagnostic stem, prefix, or ending features do not by themselves establish a lemma, part of speech, morphological cell, principal parts, accent class, or productive rule.
synodal:family-candidate:403ac97b019a3856f8bc135c	deferred															ponomar-elizabeth-bible-2026-08-09,wikisource-church-slavonic-bible-2026-08-09:Acts.7.58		1500	surface similarity is a proposal and does not establish lexical identity	Deferred after review: repeated corpus surfaces and diagnostic stem, prefix, or ending features do not by themselves establish a lemma, part of speech, morphological cell, principal parts, accent class, or productive rule.
synodal:family-candidate:406326a6dec7e7ef741531a1	deferred	synodal:noun:dom														ponomar-elizabeth-bible-2026-08-09,wikisource-church-slavonic-bible-2026-08-09:Acts.7.3,Acts.8.3	synodal:noun:dom	1000	surface similarity is a proposal and does not establish lexical identity	Deferred after review: one reviewed runtime lexeme is compatible, but the unresolved surfaces still lack independently typed target cells, exact accent or positional evidence, or a complete cited Synodal class.
synodal:family-candidate:409e614ca658d0a76ee9c3f8	deferred															ponomar-elizabeth-bible-2026-08-09:Ponomar Unicode text:Acts.10.2 supplies a source-partition target-recension surface occurrence		1500	Diagnostic grouping and frequency are prioritization evidence only; evaluation passages remain excluded from runtime evidence.	Deferred after v0.6 top-200 review: inspected diagnostic surfaces всегда̀. Target frequency and grouping do not establish target-lexeme-identity, target-morphological-cell; no runtime fact is enabled.
synodal:family-candidate:4137b69cb3277601fc32270c	deferred															ponomar-elizabeth-bible-2026-08-09:Ponomar Unicode text:Acts.8.30 supplies a evaluation-partition target-recension surface occurrence; ponomar-elizabeth-bible-2026-08-09:Ponomar Unicode text:Apoc.3.20 supplies a source-partition target-recension surface occurrence; ponomar-elizabeth-bible-2026-08-09:Ponomar Unicode text:Baruch.2.16 supplies a evaluation-partition target-recension surface occurrence		1500	Diagnostic grouping and frequency are prioritization evidence only; evaluation passages remain excluded from runtime evidence.	Deferred after v0.6 top-200 review: inspected diagnostic surfaces ᲂу҆слы́ша, ᲂу҆слы́шитъ, ᲂу҆слы́ши. Target frequency and grouping do not establish target-lexeme-identity, target-morphological-cell; no runtime fact is enabled.
synodal:family-candidate:41b36de09a6f6a10b77b71a7	deferred															ponomar-elizabeth-bible-2026-08-09,wikisource-church-slavonic-bible-2026-08-09:Acts.22.4		1500	Diagnostic grouping and corpus frequency are prioritization evidence only; no resolver analysis is enabled by this row.	Deferred after v0.5 review: repeated target surfaces do not establish lemma identity, semantics, exact morphological cells, principal parts, accent class, or a productive Synodal rule.
synodal:family-candidate:4257c6b32aa2b061b00607f9	deferred															ponomar-elizabeth-bible-2026-08-09,wikisource-church-slavonic-bible-2026-08-09:Acts.18.5,Composite.3.20		1500	Diagnostic grouping and corpus frequency are prioritization evidence only; no resolver analysis is enabled by this row.	Deferred after v0.5 review: repeated target surfaces do not establish lemma identity, semantics, exact morphological cells, principal parts, accent class, or a productive Synodal rule.
synodal:family-candidate:43b2eba3e88f0ca19fb434f1	deferred															ponomar-elizabeth-bible-2026-08-09:Ponomar Unicode text:Apoc.7.1 supplies a evaluation-partition target-recension surface occurrence		1000	Diagnostic grouping and frequency are prioritization evidence only; evaluation passages remain excluded from runtime evidence.	Deferred after v0.6 top-200 review: inspected diagnostic surfaces дре́во. Target frequency and grouping do not establish target-lexeme-identity, target-morphological-cell; no runtime fact is enabled.
synodal:family-candidate:44017a4b80dcd81b10262a27	deferred															ponomar-elizabeth-bible-2026-08-09:Ponomar Unicode text:Acts.2.13 supplies a evaluation-partition target-recension surface occurrence		1000	Diagnostic grouping and frequency are prioritization evidence only; evaluation passages remain excluded from runtime evidence.	Deferred after v0.6 top-200 review: inspected diagnostic surfaces глаго́лахꙋ. Target frequency and grouping do not establish target-lexeme-identity, target-morphological-cell; no runtime fact is enabled.
synodal:family-candidate:444cdb66036480cd474abc63	deferred															ponomar-elizabeth-bible-2026-08-09:Ponomar Unicode text:Acts.21.36 supplies a source-partition target-recension surface occurrence		1500	Diagnostic grouping and frequency are prioritization evidence only; evaluation passages remain excluded from runtime evidence.	Deferred after v0.6 top-200 review: inspected diagnostic surfaces возмѝ. Target frequency and grouping do not establish target-lexeme-identity, target-morphological-cell; no runtime fact is enabled.
synodal:family-candidate:4462e12b6684965c35e15d66	deferred															ponomar-elizabeth-bible-2026-08-09,wikisource-church-slavonic-bible-2026-08-09:Acts.4.10		1000	Diagnostic grouping and corpus frequency are prioritization evidence only; no resolver analysis is enabled by this row.	Deferred after v0.5 review: the target corpus establishes the exact marked surface, but the semantic expansion, every compatible typed cell, mark order, positional restrictions, and reverse-registry behavior are not jointly established by independent target-recension evidence.
synodal:family-candidate:451afeb08386100a41ef3c0f	deferred															ponomar-elizabeth-bible-2026-08-09,wikisource-church-slavonic-bible-2026-08-09:Acts.5.10,Acts.7.46		1500	Diagnostic grouping and corpus frequency are prioritization evidence only; no resolver analysis is enabled by this row.	Deferred after v0.5 review: repeated target surfaces do not establish lemma identity, semantics, exact morphological cells, principal parts, accent class, or a productive Synodal rule.
synodal:family-candidate:453cf40fa33e0daffcb65b08	deferred															ponomar-elizabeth-bible-2026-08-09,wikisource-church-slavonic-bible-2026-08-09:Acts.2.35,Baruch.5.6		1500	Diagnostic grouping and corpus frequency are prioritization evidence only; no resolver analysis is enabled by this row.	Deferred after v0.5 review: repeated target surfaces do not establish lemma identity, semantics, exact morphological cells, principal parts, accent class, or a productive Synodal rule.
synodal:family-candidate:462166965af39ba5dacb2ca1	deferred															ponomar-elizabeth-bible-2026-08-09:Ponomar Unicode text:Acts.4.1 supplies a source-partition target-recension surface occurrence		1500	Diagnostic grouping and frequency are prioritization evidence only; evaluation passages remain excluded from runtime evidence.	Deferred after v0.6 top-200 review: inspected diagnostic surfaces свѧще́нницы. Target frequency and grouping do not establish target-lexeme-identity, target-morphological-cell; no runtime fact is enabled.
synodal:family-candidate:46263e79c49ff5526b9e88a7	deferred															ponomar-elizabeth-bible-2026-08-09:Ponomar Unicode text:Apoc.11.6 supplies target-recension surface evidence		1500	Diagnostic grouping and corpus frequency are prioritization evidence only; no resolver analysis is enabled by this row.	Deferred after v0.5 structured-route review: всѧ́кое and всѧ́кою are frequent target surfaces, but corpus grouping does not independently establish the lexeme identity, adjectival paradigm, exact cells, accent behavior, or every reverse-registry analysis needed for a safe admission.
synodal:family-candidate:484ae543c6f76fddf6816e62	deferred															english-wiktionary-ocs-kaikki-2026-08-07:synodal:candidate:c5c7fa561f4f24f46488a1b4 supplies an OCS dictionary identity/form candidate (light; world); ponomar-elizabeth-bible-2026-08-09:Ponomar Unicode text:Acts.22.11 supplies target-recension surface evidence		5500	Diagnostic grouping and corpus frequency are prioritization evidence only; no resolver analysis is enabled by this row.	Deferred after v0.5 structured-route review: a spelling relationship is diagnostic only; exact target identity, printed accent or positional behavior, and every compatible typed cell are not independently cited together.
synodal:family-candidate:493382c8e21e7e8ae31839e8	deferred															ponomar-elizabeth-bible-2026-08-09,wikisource-church-slavonic-bible-2026-08-09:Acts.5.14		1000	Diagnostic grouping and corpus frequency are prioritization evidence only; no resolver analysis is enabled by this row.	Deferred after v0.5 review: repeated target surfaces do not establish lemma identity, semantics, exact morphological cells, principal parts, accent class, or a productive Synodal rule.
synodal:family-candidate:49b4e5169ccbc8ffdbfd2237	deferred															ponomar-elizabeth-bible-2026-08-09,wikisource-church-slavonic-bible-2026-08-09:Acts.1.11	synodal:candidate:c95238e9e7792196d81f45ba,synodal:candidate:d6046a6ebb10cf7678c8c472	2500	surface similarity is a proposal and does not establish lexical identity	Deferred after review: multiple lexical identities or grammatical cells remain compatible. Corpus frequency and OCS dictionary candidates cannot resolve the target-recension ambiguity; all candidates must remain visible.
synodal:family-candidate:4a9523e5197c12fe29f64084	deferred	synodal:noun:glava														ponomar-elizabeth-bible-2026-08-09,wikisource-church-slavonic-bible-2026-08-09:Acts.21.24,Acts.4.11,Apoc.10.1	synodal:noun:glava	1000	surface similarity is a proposal and does not establish lexical identity	Deferred after review: one reviewed runtime lexeme is compatible, but the unresolved surfaces still lack independently typed target cells, exact accent or positional evidence, or a complete cited Synodal class.
synodal:family-candidate:4b5d1b78a60160742144c55e	deferred															ponomar-elizabeth-bible-2026-08-09,wikisource-church-slavonic-bible-2026-08-09:Acts.1.21	synodal:candidate:994655622fc975620bcef196	5500	Diagnostic grouping and corpus frequency are prioritization evidence only; no resolver analysis is enabled by this row.	Deferred after v0.5 review: OCS dictionary membership supplies candidate evidence only; target-recension identity, semantics, exact typed cells, accents, and any productive metadata remain independently unsupported.
synodal:family-candidate:4cab5fe367f6a33f136b506e	deferred															ponomar-elizabeth-bible-2026-08-09,wikisource-church-slavonic-bible-2026-08-09:Ezek.34.24		1000	surface similarity is a proposal and does not establish lexical identity	Deferred after review: repeated corpus surfaces and diagnostic stem, prefix, or ending features do not by themselves establish a lemma, part of speech, morphological cell, principal parts, accent class, or productive rule.
synodal:family-candidate:4d7a68d0820160ec07a91663	deferred															ponomar-elizabeth-bible-2026-08-09:Ponomar Unicode text:Acts.7.10 supplies a source-partition target-recension surface occurrence		1000	Diagnostic grouping and frequency are prioritization evidence only; evaluation passages remain excluded from runtime evidence.	Deferred after v0.6 top-200 review: inspected diagnostic surfaces премꙋ́дрость. Target frequency and grouping do not establish target-lexeme-identity, target-morphological-cell; no runtime fact is enabled.
synodal:family-candidate:4e7a23aea3fc6b79a9955ac1	deferred															ponomar-elizabeth-bible-2026-08-09,wikisource-church-slavonic-bible-2026-08-09:Acts.7.47		1000	Diagnostic grouping and corpus frequency are prioritization evidence only; no resolver analysis is enabled by this row.	Deferred after v0.5 review: repeated target surfaces do not establish lemma identity, semantics, exact morphological cells, principal parts, accent class, or a productive Synodal rule.
synodal:family-candidate:4f96e820c1ebd0859a51dd3d	deferred															ponomar-elizabeth-bible-2026-08-09,wikisource-church-slavonic-bible-2026-08-09:Acts.3.18		1000	surface similarity is a proposal and does not establish lexical identity	Deferred after review: repeated corpus surfaces and diagnostic stem, prefix, or ending features do not by themselves establish a lemma, part of speech, morphological cell, principal parts, accent class, or productive rule.
synodal:family-candidate:50d1f34fba97450be9e9829a	deferred															ponomar-elizabeth-bible-2026-08-09,wikisource-church-slavonic-bible-2026-08-09:Acts.14.16,Acts.2.40		1500	Diagnostic grouping and corpus frequency are prioritization evidence only; no resolver analysis is enabled by this row.	Deferred after v0.5 review: repeated target surfaces do not establish lemma identity, semantics, exact morphological cells, principal parts, accent class, or a productive Synodal rule.
synodal:family-candidate:51afd72aeb66f4bc6bb7898b	deferred															ponomar-elizabeth-bible-2026-08-09,wikisource-church-slavonic-bible-2026-08-09:Acts.1.13	synodal:candidate:a3e36418af65b6fce471dfc3	5500	Diagnostic grouping and corpus frequency are prioritization evidence only; no resolver analysis is enabled by this row.	Deferred after v0.5 review: OCS dictionary membership supplies candidate evidence only; target-recension identity, semantics, exact typed cells, accents, and any productive metadata remain independently unsupported.
synodal:family-candidate:51b9e07c53f5f0c452993a30	deferred															ponomar-elizabeth-bible-2026-08-09,wikisource-church-slavonic-bible-2026-08-09:Acts.23.1		1000	Diagnostic grouping and corpus frequency are prioritization evidence only; no resolver analysis is enabled by this row.	Deferred after v0.5 review: repeated target surfaces do not establish lemma identity, semantics, exact morphological cells, principal parts, accent class, or a productive Synodal rule.
synodal:family-candidate:52011256908de9fc7b4d5bbd	deferred															ponomar-elizabeth-bible-2026-08-09,wikisource-church-slavonic-bible-2026-08-09:Acts.2.47		1000	surface similarity is a proposal and does not establish lexical identity	Deferred after review: repeated corpus surfaces and diagnostic stem, prefix, or ending features do not by themselves establish a lemma, part of speech, morphological cell, principal parts, accent class, or productive rule.
synodal:family-candidate:52453d689bc655e242e22c87	deferred															ponomar-elizabeth-bible-2026-08-09:Ponomar Unicode text:Acts.7.51 supplies target-recension surface evidence		1000	Diagnostic grouping and corpus frequency are prioritization evidence only; no resolver analysis is enabled by this row.	Deferred after v0.5 structured-route review: the target corpus establishes the marked surface, but semantic expansion, all compatible typed cells, exact combining-mark order, positional restrictions, and reverse-registry behavior are not jointly supported by independent target-recension evidence.
synodal:family-candidate:539d4b65207b711064815ea3	deferred															ponomar-elizabeth-bible-2026-08-09,wikisource-church-slavonic-bible-2026-08-09:Acts.3.21,Baruch.3.3	synodal:candidate:9c1be35c2fbb0ad74d914f39,synodal:candidate:ea34e8ebdfdfe6f948b9c613	2500	surface similarity is a proposal and does not establish lexical identity	Deferred after review: multiple lexical identities or grammatical cells remain compatible. Corpus frequency and OCS dictionary candidates cannot resolve the target-recension ambiguity; all candidates must remain visible.
synodal:family-candidate:53aef02c0f3dcc240c1dace5	deferred															ponomar-elizabeth-bible-2026-08-09,wikisource-church-slavonic-bible-2026-08-09:Acts.8.18		1000	Diagnostic grouping and corpus frequency are prioritization evidence only; no resolver analysis is enabled by this row.	Deferred after v0.5 review: repeated target surfaces do not establish lemma identity, semantics, exact morphological cells, principal parts, accent class, or a productive Synodal rule.
synodal:family-candidate:53c591f94045b194c424b4d4	deferred															ponomar-elizabeth-bible-2026-08-09,wikisource-church-slavonic-bible-2026-08-09:Acts.13.36		1000	surface similarity is a proposal and does not establish lexical identity	Deferred after review: repeated corpus surfaces and diagnostic stem, prefix, or ending features do not by themselves establish a lemma, part of speech, morphological cell, principal parts, accent class, or productive rule.
synodal:family-candidate:53dc8cdd4ce3d65d122db47e	deferred															ponomar-elizabeth-bible-2026-08-09,wikisource-church-slavonic-bible-2026-08-09:Acts.10.29		1500	Diagnostic grouping and corpus frequency are prioritization evidence only; no resolver analysis is enabled by this row.	Deferred after v0.5 review: repeated target surfaces do not establish lemma identity, semantics, exact morphological cells, principal parts, accent class, or a productive Synodal rule.
synodal:family-candidate:54279211652a4cd26b736666	deferred															ponomar-elizabeth-bible-2026-08-09,wikisource-church-slavonic-bible-2026-08-09:Acts.1.3,Acts.2.11,Acts.4.31,Acts.7.55,Apoc.3.1		1500	surface similarity is a proposal and does not establish lexical identity	Deferred after review: the target corpus establishes a recurring titlo or superscript surface, but semantic expansion, exact grammatical cells, required marks, and reversibility are not yet independently specified.
synodal:family-candidate:542bbbf427220954e3ee6496	deferred															ponomar-elizabeth-bible-2026-08-09,wikisource-church-slavonic-bible-2026-08-09:Apoc.19.18,Col.1.22	synodal:candidate:58c9325e8926a0f5080a4bff	5500	Diagnostic grouping and corpus frequency are prioritization evidence only; no resolver analysis is enabled by this row.	Deferred after v0.5 review: OCS dictionary membership supplies candidate evidence only; target-recension identity, semantics, exact typed cells, accents, and any productive metadata remain independently unsupported.
synodal:family-candidate:542e92a026a61200d04db2fc	deferred															ponomar-elizabeth-bible-2026-08-09,wikisource-church-slavonic-bible-2026-08-09:Acts.7.44		1500	surface similarity is a proposal and does not establish lexical identity	Deferred after review: repeated corpus surfaces and diagnostic stem, prefix, or ending features do not by themselves establish a lemma, part of speech, morphological cell, principal parts, accent class, or productive rule.
synodal:family-candidate:5505a1abd405f5693ab11b49	deferred															ponomar-elizabeth-bible-2026-08-09,wikisource-church-slavonic-bible-2026-08-09:Amos.1.1,Ezek.8.1		1500	surface similarity is a proposal and does not establish lexical identity	Deferred after review: repeated corpus surfaces and diagnostic stem, prefix, or ending features do not by themselves establish a lemma, part of speech, morphological cell, principal parts, accent class, or productive rule.
synodal:family-candidate:5507aca8da0804df7ea2d748	deferred															ponomar-elizabeth-bible-2026-08-09,wikisource-church-slavonic-bible-2026-08-09:Acts.2.4		1500	surface similarity is a proposal and does not establish lexical identity	Deferred after review: repeated corpus surfaces and diagnostic stem, prefix, or ending features do not by themselves establish a lemma, part of speech, morphological cell, principal parts, accent class, or productive rule.
synodal:family-candidate:551acf06da084c78f8cb8631	deferred															ponomar-elizabeth-bible-2026-08-09,wikisource-church-slavonic-bible-2026-08-09:Acts.1.10,Acts.6.3,Acts.9.13		1500	surface similarity is a proposal and does not establish lexical identity	Deferred after review: repeated corpus surfaces and diagnostic stem, prefix, or ending features do not by themselves establish a lemma, part of speech, morphological cell, principal parts, accent class, or productive rule.
synodal:family-candidate:5540fce47a32629718c4e261	admitted	synodal:noun:syn	exact-abbreviation-variant	not-inferred	masculine			singular			exact printed form	exact lowercase титло spelling	titlo required	alypy-gamanovich-grammar-web-2023	§3	v06-target-son-nom-abbreviation	alypy-3-abbreviation-inventory,sense:son	10000	The contraction licenses only nominative singular and no divine-title semantic inference.	Admitted as one exact nominative singular contraction; all other сынъ cells and contractions remain independently governed.
synodal:family-candidate:558f2060babbd8fdf4cbcaf0	deferred															ponomar-elizabeth-bible-2026-08-09,wikisource-church-slavonic-bible-2026-08-09:Acts.13.23,Amos.2.6,Baruch.2.1,Deut.18.1		1500	surface similarity is a proposal and does not establish lexical identity	Deferred after review: the target corpus establishes a recurring titlo or superscript surface, but semantic expansion, exact grammatical cells, required marks, and reversibility are not yet independently specified.
synodal:family-candidate:55afcdc9e3d64ee19c190005	deferred															ponomar-elizabeth-bible-2026-08-09,wikisource-church-slavonic-bible-2026-08-09:Acts.1.7,Acts.13.47,Apoc.2.14		1500	Diagnostic grouping and corpus frequency are prioritization evidence only; no resolver analysis is enabled by this row.	Deferred after v0.5 review: repeated target surfaces do not establish lemma identity, semantics, exact morphological cells, principal parts, accent class, or a productive Synodal rule.
synodal:family-candidate:58b2a3eb31783cf4c73e000a	deferred															ponomar-elizabeth-bible-2026-08-09:Ponomar Unicode text:Acts.12.8 supplies target-recension surface evidence		1000	Diagnostic grouping and corpus frequency are prioritization evidence only; no resolver analysis is enabled by this row.	Deferred after v0.5 structured-route review: a spelling relationship is diagnostic only; exact target identity, printed accent or positional behavior, and every compatible typed cell are not independently cited together.
synodal:family-candidate:58b7b19549e4e837bebe2dec	deferred															ponomar-elizabeth-bible-2026-08-09,wikisource-church-slavonic-bible-2026-08-09:Acts.1.4		1000	Diagnostic grouping and corpus frequency are prioritization evidence only; no resolver analysis is enabled by this row.	Deferred after v0.5 review: repeated target surfaces do not establish lemma identity, semantics, exact morphological cells, principal parts, accent class, or a productive Synodal rule.
synodal:family-candidate:58bcbbb8681bda44a9ed9d6e	deferred															ponomar-elizabeth-bible-2026-08-09,wikisource-church-slavonic-bible-2026-08-09:Amos.3.12,Amos.3.2,Apoc.14.6	synodal:candidate:d68ba52adfc187a087d05e61	5500	Diagnostic grouping and corpus frequency are prioritization evidence only; no resolver analysis is enabled by this row.	Deferred after v0.5 review: OCS dictionary membership supplies candidate evidence only; target-recension identity, semantics, exact typed cells, accents, and any productive metadata remain independently unsupported.
synodal:family-candidate:5a84d6956f50f3e6de2826e2	deferred															ponomar-elizabeth-bible-2026-08-09,wikisource-church-slavonic-bible-2026-08-09:Acts.3.4	synodal:candidate:9e2f8756f69be59852a33653	5500	Diagnostic grouping and corpus frequency are prioritization evidence only; no resolver analysis is enabled by this row.	Deferred after v0.5 review: OCS dictionary membership supplies candidate evidence only; target-recension identity, semantics, exact typed cells, accents, and any productive metadata remain independently unsupported.
synodal:family-candidate:5afecb5831829a394da0bea0	deferred															ponomar-elizabeth-bible-2026-08-09,wikisource-church-slavonic-bible-2026-08-09:Acts.12.1,Acts.4.3,Deut.12.18,Deut.7.15		1500	surface similarity is a proposal and does not establish lexical identity	Deferred after review: repeated corpus surfaces and diagnostic stem, prefix, or ending features do not by themselves establish a lemma, part of speech, morphological cell, principal parts, accent class, or productive rule.
synodal:family-candidate:5b2d3344baf09ac8251fa473	deferred	synodal:pronoun:on														ponomar-elizabeth-bible-2026-08-09,wikisource-church-slavonic-bible-2026-08-09:Acts.1.6,Acts.12.1,Acts.16.3,Acts.5.8,Composite.6.1	synodal:candidate:08f98d27deaeeb23b50a86a3,synodal:candidate:0bf8dd5dba56973645367c2e,synodal:candidate:576d5db53af73d640cb82fec	2500	surface similarity is a proposal and does not establish lexical identity	Deferred after review: multiple lexical identities or grammatical cells remain compatible. Corpus frequency and OCS dictionary candidates cannot resolve the target-recension ambiguity; all candidates must remain visible.
synodal:family-candidate:5bd2229ed5bb74fa010ea3be	deferred															ponomar-elizabeth-bible-2026-08-09,wikisource-church-slavonic-bible-2026-08-09:Acts.1.21		1000	Diagnostic grouping and corpus frequency are prioritization evidence only; no resolver analysis is enabled by this row.	Deferred after v0.5 review: repeated target surfaces do not establish lemma identity, semantics, exact morphological cells, principal parts, accent class, or a productive Synodal rule.
synodal:family-candidate:5db4218a8f4b3e09c303f14e	deferred															ponomar-elizabeth-bible-2026-08-09,wikisource-church-slavonic-bible-2026-08-09:Acts.4.17		1000	surface similarity is a proposal and does not establish lexical identity	Deferred after review: repeated corpus surfaces and diagnostic stem, prefix, or ending features do not by themselves establish a lemma, part of speech, morphological cell, principal parts, accent class, or productive rule.
synodal:family-candidate:5dddb4618d59828c1f186388	deferred															ponomar-elizabeth-bible-2026-08-09:Ponomar Unicode text:Acts.9.13 supplies target-recension surface evidence		1000	Diagnostic grouping and corpus frequency are prioritization evidence only; no resolver analysis is enabled by this row.	Deferred after v0.5 structured-route review: the target corpus establishes the marked surface, but semantic expansion, all compatible typed cells, exact combining-mark order, positional restrictions, and reverse-registry behavior are not jointly supported by independent target-recension evidence.
synodal:family-candidate:5e440f9a6513693da2dfae5f	deferred															ponomar-elizabeth-bible-2026-08-09,wikisource-church-slavonic-bible-2026-08-09:Acts.14.17,Acts.2.28,Baruch.4.29		1500	Diagnostic grouping and corpus frequency are prioritization evidence only; no resolver analysis is enabled by this row.	Deferred after v0.5 review: repeated target surfaces do not establish lemma identity, semantics, exact morphological cells, principal parts, accent class, or a productive Synodal rule.
synodal:family-candidate:5f1d558cfc87ee60cc22739f	deferred															ponomar-elizabeth-bible-2026-08-09:Ponomar Unicode text:Amos.5.22 supplies a source-partition target-recension surface occurrence		1500	Diagnostic grouping and frequency are prioritization evidence only; evaluation passages remain excluded from runtime evidence.	Deferred after v0.6 top-200 review: inspected diagnostic surfaces всесожжє́нїѧ. Target frequency and grouping do not establish target-lexeme-identity, target-morphological-cell; no runtime fact is enabled.
synodal:family-candidate:5f31edab0bc3704b8784da0e	deferred															ponomar-elizabeth-bible-2026-08-09,wikisource-church-slavonic-bible-2026-08-09:Amos.4.10,Apoc.6.16,Deut.7.4	synodal:candidate:3566ada72e8b2fb1ebf3fce1	5500	Diagnostic grouping and corpus frequency are prioritization evidence only; no resolver analysis is enabled by this row.	Deferred after v0.5 review: OCS dictionary membership supplies candidate evidence only; target-recension identity, semantics, exact typed cells, accents, and any productive metadata remain independently unsupported.
synodal:family-candidate:6035fb424466dc9e7f7443fb	deferred															ponomar-elizabeth-bible-2026-08-09,wikisource-church-slavonic-bible-2026-08-09:Acts.12.2,Dan.14.26	synodal:candidate:d655bdc91222f5db00d34cc1	5500	Diagnostic grouping and corpus frequency are prioritization evidence only; no resolver analysis is enabled by this row.	Deferred after v0.5 review: OCS dictionary membership supplies candidate evidence only; target-recension identity, semantics, exact typed cells, accents, and any productive metadata remain independently unsupported.
synodal:family-candidate:60bf5ad467aa78c33610d774	deferred															ponomar-elizabeth-bible-2026-08-09:Ponomar Unicode text:Composite.5.5 supplies a source-partition target-recension surface occurrence		1500	Diagnostic grouping and frequency are prioritization evidence only; evaluation passages remain excluded from runtime evidence.	Deferred after v0.6 top-200 review: inspected diagnostic surfaces і҆ѻрда́на. Target frequency and grouping do not establish target-lexeme-identity, target-morphological-cell; no runtime fact is enabled.
synodal:family-candidate:6128ca79e1188985cfb06d6a	deferred															ponomar-elizabeth-bible-2026-08-09:Ponomar Unicode text:Amos.2.4 supplies a source-partition target-recension surface occurrence		1000	Diagnostic grouping and frequency are prioritization evidence only; evaluation passages remain excluded from runtime evidence.	Deferred after v0.6 top-200 review: inspected diagnostic surfaces і҆ꙋ́диныхъ. Target frequency and grouping do not establish target-lexeme-identity, target-morphological-cell; no runtime fact is enabled.
synodal:family-candidate:616b6fa59ce8aa4eaf98458e	deferred															ponomar-elizabeth-bible-2026-08-09,wikisource-church-slavonic-bible-2026-08-09:Amos.5.3		1000	Diagnostic grouping and corpus frequency are prioritization evidence only; no resolver analysis is enabled by this row.	Deferred after v0.5 review: the target corpus establishes the exact marked surface, but the semantic expansion, every compatible typed cell, mark order, positional restrictions, and reverse-registry behavior are not jointly established by independent target-recension evidence.
synodal:family-candidate:626df44ef1832558a950f3fb	admitted	synodal:adverb:nynye	exact-indeclinable-abbreviation	not-inferred			indeclinable				exact expanded acute from §93	exact нн҃ѣ combining-mark order	titlo required; standalone token; non-reversible	alypy-gamanovich-grammar-web-2023	§§93, 107	v06-target-nynye-abbreviation	v06-alypy-nynye-adverb,v06-alypy-nynye-expanded	10000	No productive abbreviation or mark-normalization rule is inferred.	Admitted as one exact typed adverb contraction. Missing titlo, reordered marks, substrings, and unrelated abbreviation patterns remain unresolved.
synodal:family-candidate:63b64bb1b8ab6997c83b2925	deferred	synodal:noun:wikt-ed67a3345df1														ponomar-elizabeth-bible-2026-08-09,wikisource-church-slavonic-bible-2026-08-09:Acts.2.47,Acts.5.19,Baruch.2.16	synodal:noun:wikt-ed67a3345df1	9500	surface similarity is a proposal and does not establish lexical identity; titlo pattern is compatible with a господь contraction	Deferred after review: the target corpus establishes a recurring titlo or superscript surface, but semantic expansion, exact grammatical cells, required marks, and reversibility are not yet independently specified.
synodal:family-candidate:63d0849fca38ecba0afd5151	deferred															ponomar-elizabeth-bible-2026-08-09,wikisource-church-slavonic-bible-2026-08-09:Acts.12.23,Deut.19.11		1500	Diagnostic grouping and corpus frequency are prioritization evidence only; no resolver analysis is enabled by this row.	Deferred after v0.5 review: repeated target surfaces do not establish lemma identity, semantics, exact morphological cells, principal parts, accent class, or a productive Synodal rule.
synodal:family-candidate:64154b0f0af56bfc682f03b5	deferred															ponomar-elizabeth-bible-2026-08-09,wikisource-church-slavonic-bible-2026-08-09:Acts.2.5		1000	surface similarity is a proposal and does not establish lexical identity	Deferred after review: repeated corpus surfaces and diagnostic stem, prefix, or ending features do not by themselves establish a lemma, part of speech, morphological cell, principal parts, accent class, or productive rule.
synodal:family-candidate:64f21c5ef4cd0bece4d960c6	deferred															ponomar-elizabeth-bible-2026-08-09,wikisource-church-slavonic-bible-2026-08-09:Acts.14.13		1000	surface similarity is a proposal and does not establish lexical identity	Deferred after review: repeated corpus surfaces and diagnostic stem, prefix, or ending features do not by themselves establish a lemma, part of speech, morphological cell, principal parts, accent class, or productive rule.
synodal:family-candidate:65ee5a3e4e0d5968b9e81cb8	deferred															ponomar-elizabeth-bible-2026-08-09,wikisource-church-slavonic-bible-2026-08-09:Dan.11.18,Dan.2.12,Deut.2.21		1500	Diagnostic grouping and corpus frequency are prioritization evidence only; no resolver analysis is enabled by this row.	Deferred after v0.5 review: repeated target surfaces do not establish lemma identity, semantics, exact morphological cells, principal parts, accent class, or a productive Synodal rule.
synodal:family-candidate:66062fdfd38a7cbe1c0ed3ea	deferred															ponomar-elizabeth-bible-2026-08-09:Ponomar Unicode text:Acts.13.45 supplies target-recension surface evidence; ponomar-elizabeth-bible-2026-08-09:Ponomar Unicode text:Acts.4.32 supplies target-recension surface evidence		1000	Diagnostic grouping and corpus frequency are prioritization evidence only; no resolver analysis is enabled by this row.	Deferred after v0.5 structured-route review: a spelling relationship is diagnostic only; exact target identity, printed accent or positional behavior, and every compatible typed cell are not independently cited together.
synodal:family-candidate:661441e24ca21b0970e83cc2	deferred	synodal:noun:delo														ponomar-elizabeth-bible-2026-08-09,wikisource-church-slavonic-bible-2026-08-09:Acts.15.18	synodal:candidate:b132885ebd572d64e6868a14	5500	surface similarity is a proposal and does not establish lexical identity	Deferred after review: one reviewed runtime lexeme is compatible, but the unresolved surfaces still lack independently typed target cells, exact accent or positional evidence, or a complete cited Synodal class.
synodal:family-candidate:66ef7bb4f91b23f0412a5cfd	deferred															ponomar-elizabeth-bible-2026-08-09:Ponomar Unicode text:Ex.6.14 supplies a source-partition target-recension surface occurrence		1000	Diagnostic grouping and frequency are prioritization evidence only; evaluation passages remain excluded from runtime evidence.	Deferred after v0.6 top-200 review: inspected diagnostic surfaces ѻ҆те́чествъ. Target frequency and grouping do not establish target-lexeme-identity, target-morphological-cell; no runtime fact is enabled.
synodal:family-candidate:66f7c9ae22f1b591b2460694	deferred															ponomar-elizabeth-bible-2026-08-09,wikisource-church-slavonic-bible-2026-08-09:Acts.16.6		1000	Diagnostic grouping and corpus frequency are prioritization evidence only; no resolver analysis is enabled by this row.	Deferred after v0.5 review: repeated target surfaces do not establish lemma identity, semantics, exact morphological cells, principal parts, accent class, or a productive Synodal rule.
synodal:family-candidate:671224873defe9e44bfc6a78	deferred															ponomar-elizabeth-bible-2026-08-09,wikisource-church-slavonic-bible-2026-08-09:Dan.14.32		1500	Diagnostic grouping and corpus frequency are prioritization evidence only; no resolver analysis is enabled by this row.	Deferred after v0.5 review: repeated target surfaces do not establish lemma identity, semantics, exact morphological cells, principal parts, accent class, or a productive Synodal rule.
synodal:family-candidate:676e46fddbe98463a3a26703	deferred															ponomar-elizabeth-bible-2026-08-09,wikisource-church-slavonic-bible-2026-08-09:Acts.7.41		1000	Diagnostic grouping and corpus frequency are prioritization evidence only; no resolver analysis is enabled by this row.	Deferred after v0.5 review: repeated target surfaces do not establish lemma identity, semantics, exact morphological cells, principal parts, accent class, or a productive Synodal rule.
synodal:family-candidate:6779bc1d2ed94cdead5c0ea8	deferred															ponomar-elizabeth-bible-2026-08-09,wikisource-church-slavonic-bible-2026-08-09:Acts.13.11,Acts.2.20,Eccles.1.3		1500	Diagnostic grouping and corpus frequency are prioritization evidence only; no resolver analysis is enabled by this row.	Deferred after v0.5 review: repeated target surfaces do not establish lemma identity, semantics, exact morphological cells, principal parts, accent class, or a productive Synodal rule.
synodal:family-candidate:6781aa122838bb1f075cc06d	deferred															ponomar-elizabeth-bible-2026-08-09:Ponomar Unicode text:Acts.3.14 supplies target-recension surface evidence; ponomar-elizabeth-bible-2026-08-09:Ponomar Unicode text:Amos.2.6 supplies target-recension surface evidence		1500	Diagnostic grouping and corpus frequency are prioritization evidence only; no resolver analysis is enabled by this row.	Deferred after v0.5 structured-route review: the target corpus establishes the marked surface, but semantic expansion, all compatible typed cells, exact combining-mark order, positional restrictions, and reverse-registry behavior are not jointly supported by independent target-recension evidence.
synodal:family-candidate:6a044036772c56e6ed79ea93	deferred															ponomar-elizabeth-bible-2026-08-09,wikisource-church-slavonic-bible-2026-08-09:Acts.5.29		1000	Diagnostic grouping and corpus frequency are prioritization evidence only; no resolver analysis is enabled by this row.	Deferred after v0.5 review: repeated target surfaces do not establish lemma identity, semantics, exact morphological cells, principal parts, accent class, or a productive Synodal rule.
synodal:family-candidate:6a6d479bb2a44fdcadafd565	deferred															ponomar-elizabeth-bible-2026-08-09,wikisource-church-slavonic-bible-2026-08-09:Acts.6.6	synodal:candidate:67de35327c72812e29b4343a	5500	Diagnostic grouping and corpus frequency are prioritization evidence only; no resolver analysis is enabled by this row.	Deferred after v0.5 review: OCS dictionary membership supplies candidate evidence only; target-recension identity, semantics, exact typed cells, accents, and any productive metadata remain independently unsupported.
synodal:family-candidate:6a834fb46144f8884aff5b5b	deferred															english-wiktionary-ocs-kaikki-2026-08-07:synodal:candidate:ffe65f68245afbf1279d20b2 supplies an OCS dictionary identity/form candidate in the source partition (write); ponomar-elizabeth-bible-2026-08-09:Ponomar Unicode text:Acts.23.25 supplies a source-partition target-recension surface occurrence; ponomar-elizabeth-bible-2026-08-09:Ponomar Unicode text:Apoc.1.11 supplies a evaluation-partition target-recension surface occurrence; ponomar-elizabeth-bible-2026-08-09:Ponomar Unicode text:Apoc.13.8 supplies a source-partition target-recension surface occurrence; ud-ocs-proiel-r2.18:synodal:candidate:17f23d09fdc75180ea187675 supplies a source-partition typed OCS token witness for lemma напьсати (Case=Nom|Gender=Neut|Number=Plur|Tense=Past|Variant=Short|VerbForm=Part|Voice=Pass); ud-ocs-proiel-r2.18:synodal:candidate:2698004b7ce8af9c8d090179 supplies a source-partition typed OCS token witness for lemma напьсати (Aspect=Perf|Mood=Ind|Number=Sing|Person=3|Tense=Past|VerbForm=Fin|Voice=Act); ud-ocs-proiel-r2.18:synodal:candidate:6c4a364f78343803a9cebad9 supplies a source-partition typed OCS token witness for lemma напьсати (Case=Acc|Gender=Neut|Number=Plur|Tense=Past|Variant=Short|VerbForm=Part|Voice=Pass); ud-ocs-proiel-r2.18:synodal:candidate:8c11d469b9fbfb6520cbecb8 supplies a source-partition typed OCS token witness for lemma напьсати (Mood=Imp|Number=Sing|Person=2|Tense=Pres|VerbForm=Fin|Voice=Act)	synodal:candidate:ffe65f68245afbf1279d20b2	5500	Diagnostic grouping and frequency are prioritization evidence only; evaluation passages remain excluded from runtime evidence.	Deferred after v0.6 top-200 review: inspected diagnostic surfaces Написа́, напишѝ, напи̑сана. Target frequency and grouping do not establish target-lexeme-identity, target-morphological-cell; no runtime fact is enabled.
synodal:family-candidate:6a9c74a4e0e0ed3803e687de	rejected															ponomar-elizabeth-bible-2026-08-09,wikisource-church-slavonic-bible-2026-08-09:Acts.2.14,Apoc.13.18	synodal:candidate:cead91c40180b41cae02a8bb	5500	surface similarity is a proposal and does not establish lexical identity	Rejected as a family grouping: high-frequency со is a function-word surface and must not be assigned to the OCS verb candidate соти; сѡ́тъ also requires an independent identity.
synodal:family-candidate:6bbb6d06904d25bde84248f3	deferred															ponomar-elizabeth-bible-2026-08-09:Ponomar Unicode text:Apoc.16.4 supplies a source-partition target-recension surface occurrence		1500	Diagnostic grouping and frequency are prioritization evidence only; evaluation passages remain excluded from runtime evidence.	Deferred after v0.6 top-200 review: inspected diagnostic surfaces рѣ́ки. Target frequency and grouping do not establish target-lexeme-identity, target-morphological-cell; no runtime fact is enabled.
synodal:family-candidate:6d1da874e3b39ca13443e0db	deferred															ponomar-elizabeth-bible-2026-08-09,wikisource-church-slavonic-bible-2026-08-09:Acts.2.17,Apoc.22.16		1000	surface similarity is a proposal and does not establish lexical identity	Deferred after review: repeated corpus surfaces and diagnostic stem, prefix, or ending features do not by themselves establish a lemma, part of speech, morphological cell, principal parts, accent class, or productive rule.
synodal:family-candidate:6d518d1649452cfe1d52f35e	deferred															ponomar-elizabeth-bible-2026-08-09:Ponomar Unicode text:Acts.5.27 supplies a evaluation-partition target-recension surface occurrence; ponomar-elizabeth-bible-2026-08-09:Ponomar Unicode text:Ezek.14.7 supplies a source-partition target-recension surface occurrence; ponomar-elizabeth-bible-2026-08-09:Ponomar Unicode text:Gen.26.7 supplies a evaluation-partition target-recension surface occurrence		1500	Diagnostic grouping and frequency are prioritization evidence only; evaluation passages remain excluded from runtime evidence.	Deferred after v0.6 top-200 review: inspected diagnostic surfaces вопросѝ, Вопроси́ша, вопроси́ти. Target frequency and grouping do not establish target-lexeme-identity, target-morphological-cell; no runtime fact is enabled.
synodal:family-candidate:6d834edc78c1dd7e96ba3850	deferred															ponomar-elizabeth-bible-2026-08-09,wikisource-church-slavonic-bible-2026-08-09:Acts.2.19		1000	Diagnostic grouping and corpus frequency are prioritization evidence only; no resolver analysis is enabled by this row.	Deferred after v0.5 review: repeated target surfaces do not establish lemma identity, semantics, exact morphological cells, principal parts, accent class, or a productive Synodal rule.
synodal:family-candidate:6d99b79c8f32ec76d81102f0	deferred															ponomar-elizabeth-bible-2026-08-09,wikisource-church-slavonic-bible-2026-08-09:Acts.19.36,Acts.3.23,Baruch.2.1		1500	surface similarity is a proposal and does not establish lexical identity	Deferred after review: repeated corpus surfaces and diagnostic stem, prefix, or ending features do not by themselves establish a lemma, part of speech, morphological cell, principal parts, accent class, or productive rule.
synodal:family-candidate:6dfc72e3a562db2c2e72b300	deferred															ponomar-elizabeth-bible-2026-08-09,wikisource-church-slavonic-bible-2026-08-09:Acts.15.29		1500	Diagnostic grouping and corpus frequency are prioritization evidence only; no resolver analysis is enabled by this row.	Deferred after v0.5 review: repeated target surfaces do not establish lemma identity, semantics, exact morphological cells, principal parts, accent class, or a productive Synodal rule.
synodal:family-candidate:6f2940a6f8d89352ff315542	deferred															english-wiktionary-ocs-kaikki-2026-08-07:synodal:candidate:e36f697b0c2f3c5c0d1df260 supplies an OCS dictionary identity/form candidate in the evaluation partition (come; walk; go); ponomar-elizabeth-bible-2026-08-09:Ponomar Unicode text:Acts.13.25 supplies a source-partition target-recension surface occurrence; ponomar-elizabeth-bible-2026-08-09:Ponomar Unicode text:Acts.7.34 supplies a evaluation-partition target-recension surface occurrence; ud-ocs-proiel-r2.18:synodal:candidate:0b77b31c2ee4969ce75c2f81 supplies a source-partition typed OCS token witness for lemma грѧсти (Mood=Ind|Number=Sing|Person=3|Tense=Pres|VerbForm=Fin|Voice=Act); ud-ocs-proiel-r2.18:synodal:candidate:33fad594931a2a3f2ad8cf22 supplies a source-partition typed OCS token witness for lemma грѧсти (Mood=Imp|Number=Sing|Person=2|Tense=Pres|VerbForm=Fin|Voice=Act)	synodal:candidate:e36f697b0c2f3c5c0d1df260	5500	Diagnostic grouping and frequency are prioritization evidence only; evaluation passages remain excluded from runtime evidence.	Deferred after v0.6 top-200 review: inspected diagnostic surfaces грѧдѝ, грѧде́тъ. Target frequency and grouping do not establish source-partition-exact-cell-evidence; evaluation candidates cannot license runtime facts, target-lexeme-identity, target-morphological-cell; no runtime fact is enabled.
synodal:family-candidate:6f811dd4b17d263e8c136d9b	deferred															ponomar-elizabeth-bible-2026-08-09:Ponomar Unicode text:Acts.2.17 supplies a source-partition target-recension surface occurrence; ponomar-elizabeth-bible-2026-08-09:Ponomar Unicode text:Acts.21.20 supplies a source-partition target-recension surface occurrence; ponomar-elizabeth-bible-2026-08-09:Ponomar Unicode text:Dan.13.20 supplies a evaluation-partition target-recension surface occurrence; ud-ocs-proiel-r2.18:synodal:candidate:0f7e8a60eb429e36d64e3c03 supplies a source-partition typed OCS token witness for lemma видѣти (Mood=Ind|Number=Plur|Person=3|Tense=Pres|VerbForm=Fin|Voice=Act); ud-ocs-proiel-r2.18:synodal:candidate:0f89176f7f72bcb2375615b3 supplies a source-partition typed OCS token witness for lemma видѣти (Mood=Ind|Number=Sing|Person=2|Tense=Pres|VerbForm=Fin|Voice=Act); ud-ocs-proiel-r2.18:synodal:candidate:0fb91bbb7df43a9905d758f4 supplies a source-partition typed OCS token witness for lemma видѣти (Mood=Ind|Number=Sing|Person=3|Tense=Pres|VerbForm=Fin|Voice=Act); ud-ocs-proiel-r2.18:synodal:candidate:76ee09e4bc3c98bb7ed01a4d supplies a source-partition typed OCS token witness for lemma видѣти (Case=Acc|VerbForm=Sup); ud-ocs-proiel-r2.18:synodal:candidate:eb16d3e5857fe6a17b1a1a49 supplies a source-partition typed OCS token witness for lemma видѣти (Tense=Pres|VerbForm=Inf|Voice=Act)		1500	Diagnostic grouping and frequency are prioritization evidence only; evaluation passages remain excluded from runtime evidence.	Deferred after v0.6 top-200 review: inspected diagnostic surfaces ви́дитъ, ви́диши, ви́дѧтъ. Target frequency and grouping do not establish target-lexeme-identity, target-morphological-cell; no runtime fact is enabled.
synodal:family-candidate:6fb1087153a016d9b9c800ae	deferred															ponomar-elizabeth-bible-2026-08-09,wikisource-church-slavonic-bible-2026-08-09:Acts.14.20		1000	surface similarity is a proposal and does not establish lexical identity	Deferred after review: repeated corpus surfaces and diagnostic stem, prefix, or ending features do not by themselves establish a lemma, part of speech, morphological cell, principal parts, accent class, or productive rule.
synodal:family-candidate:6fb65fea7c010ae20321ded8	deferred															ponomar-elizabeth-bible-2026-08-09,wikisource-church-slavonic-bible-2026-08-09:Acts.2.38,Acts.22.16		1500	Diagnostic grouping and corpus frequency are prioritization evidence only; no resolver analysis is enabled by this row.	Deferred after v0.5 review: repeated target surfaces do not establish lemma identity, semantics, exact morphological cells, principal parts, accent class, or a productive Synodal rule.
synodal:family-candidate:70821853831d35f4acee7eaf	deferred															ponomar-elizabeth-bible-2026-08-09,wikisource-church-slavonic-bible-2026-08-09:Acts.4.25,Acts.7.2,Esther.8.13		1500	surface similarity is a proposal and does not establish lexical identity	Deferred after review: repeated corpus surfaces and diagnostic stem, prefix, or ending features do not by themselves establish a lemma, part of speech, morphological cell, principal parts, accent class, or productive rule.
synodal:family-candidate:722b7e61324ffd9a9b5be550	deferred															ponomar-elizabeth-bible-2026-08-09,wikisource-church-slavonic-bible-2026-08-09:Acts.2.28,Acts.3.20	synodal:candidate:bcfe43fd207746075afbf8a5	5500	surface similarity is a proposal and does not establish lexical identity	Deferred after review: the OCS Kaikki entry supplies candidate identity or form evidence only. No independently cited Synodal class, exact cell mapping, accent behavior, and target semantic continuity jointly support admission.
synodal:family-candidate:727c0c55245273dd99e513db	deferred															ponomar-elizabeth-bible-2026-08-09,wikisource-church-slavonic-bible-2026-08-09:Acts.2.28,Acts.2.35,Apoc.18.23,Apoc.3.9	synodal:candidate:d941ad616a6f430e867a1fc3	5500	surface similarity is a proposal and does not establish lexical identity	Deferred after review: the OCS Kaikki entry supplies candidate identity or form evidence only. No independently cited Synodal class, exact cell mapping, accent behavior, and target semantic continuity jointly support admission.
synodal:family-candidate:727fb2baaf0404d789ee588f	deferred															ponomar-elizabeth-bible-2026-08-09,wikisource-church-slavonic-bible-2026-08-09:Acts.17.7,Acts.20.24,Acts.26.31,Deut.15.18		1500	surface similarity is a proposal and does not establish lexical identity	Deferred after review: repeated corpus surfaces and diagnostic stem, prefix, or ending features do not by themselves establish a lemma, part of speech, morphological cell, principal parts, accent class, or productive rule.
synodal:family-candidate:7284acfbbe0af0236e4fac7d	deferred															ponomar-elizabeth-bible-2026-08-09,wikisource-church-slavonic-bible-2026-08-09:Acts.1.7		1000	surface similarity is a proposal and does not establish lexical identity	Deferred after review: repeated corpus surfaces and diagnostic stem, prefix, or ending features do not by themselves establish a lemma, part of speech, morphological cell, principal parts, accent class, or productive rule.
synodal:family-candidate:746cbe92458f0b48ab6ddfe1	deferred															ponomar-elizabeth-bible-2026-08-09,wikisource-church-slavonic-bible-2026-08-09:Acts.4.8		1500	surface similarity is a proposal and does not establish lexical identity	Deferred after review: the target corpus establishes a recurring titlo or superscript surface, but semantic expansion, exact grammatical cells, required marks, and reversibility are not yet independently specified.
synodal:family-candidate:7603ce1a0da330007985840d	deferred															ponomar-elizabeth-bible-2026-08-09,wikisource-church-slavonic-bible-2026-08-09:Acts.3.12		1500	surface similarity is a proposal and does not establish lexical identity	Deferred after review: repeated corpus surfaces and diagnostic stem, prefix, or ending features do not by themselves establish a lemma, part of speech, morphological cell, principal parts, accent class, or productive rule.
synodal:family-candidate:76b1129f787ee1f16585893b	deferred															ponomar-elizabeth-bible-2026-08-09,wikisource-church-slavonic-bible-2026-08-09:Acts.4.9		1000	surface similarity is a proposal and does not establish lexical identity	Deferred after review: repeated corpus surfaces and diagnostic stem, prefix, or ending features do not by themselves establish a lemma, part of speech, morphological cell, principal parts, accent class, or productive rule.
synodal:family-candidate:77041a3f6afed224e49d4477	deferred															ponomar-elizabeth-bible-2026-08-09,wikisource-church-slavonic-bible-2026-08-09:Acts.2.8		1000	surface similarity is a proposal and does not establish lexical identity	Deferred after review: repeated corpus surfaces and diagnostic stem, prefix, or ending features do not by themselves establish a lemma, part of speech, morphological cell, principal parts, accent class, or productive rule.
synodal:family-candidate:780ea3b070a4c18b87759a79	deferred															ponomar-elizabeth-bible-2026-08-09,wikisource-church-slavonic-bible-2026-08-09:Acts.1.1,Acts.13.22,Acts.2.22,Acts.22.10,Acts.4.28		1500	surface similarity is a proposal and does not establish lexical identity	Deferred after review: repeated corpus surfaces and diagnostic stem, prefix, or ending features do not by themselves establish a lemma, part of speech, morphological cell, principal parts, accent class, or productive rule.
synodal:family-candidate:790375969e4162efe39ea476	deferred															english-wiktionary-ocs-kaikki-2026-08-07:synodal:candidate:c0b69f4ed92ba4543bfd3dee supplies an OCS dictionary identity/form candidate (abbreviation form of цѣсар҄ь (cěsarʹĭ)); ponomar-elizabeth-bible-2026-08-09:Ponomar Unicode text:Apoc.17.14 supplies target-recension surface evidence		5500	Diagnostic grouping and corpus frequency are prioritization evidence only; no resolver analysis is enabled by this row.	Deferred after v0.5 structured-route review: the target corpus establishes the marked surface, but semantic expansion, all compatible typed cells, exact combining-mark order, positional restrictions, and reverse-registry behavior are not jointly supported by independent target-recension evidence.
synodal:family-candidate:79349e702515d28491c6e059	deferred															ponomar-elizabeth-bible-2026-08-09,wikisource-church-slavonic-bible-2026-08-09:Acts.1.12		1500	surface similarity is a proposal and does not establish lexical identity	Deferred after review: repeated corpus surfaces and diagnostic stem, prefix, or ending features do not by themselves establish a lemma, part of speech, morphological cell, principal parts, accent class, or productive rule.
synodal:family-candidate:796b169c86427c8a3d5bf0f1	deferred															ponomar-elizabeth-bible-2026-08-09,wikisource-church-slavonic-bible-2026-08-09:Acts.1.11		1500	surface similarity is a proposal and does not establish lexical identity	Deferred after review: repeated corpus surfaces and diagnostic stem, prefix, or ending features do not by themselves establish a lemma, part of speech, morphological cell, principal parts, accent class, or productive rule.
synodal:family-candidate:79a4d3944cf6aee2a5c18309	deferred															ponomar-elizabeth-bible-2026-08-09,wikisource-church-slavonic-bible-2026-08-09:Acts.1.26,Amos.3.5,Amos.7.17		1500	surface similarity is a proposal and does not establish lexical identity	Deferred after review: repeated corpus surfaces and diagnostic stem, prefix, or ending features do not by themselves establish a lemma, part of speech, morphological cell, principal parts, accent class, or productive rule.
synodal:family-candidate:79beaf1a01259f9f6fb50ad6	deferred															ponomar-elizabeth-bible-2026-08-09,wikisource-church-slavonic-bible-2026-08-09:Acts.1.15		1000	surface similarity is a proposal and does not establish lexical identity	Deferred after review: repeated corpus surfaces and diagnostic stem, prefix, or ending features do not by themselves establish a lemma, part of speech, morphological cell, principal parts, accent class, or productive rule.
synodal:family-candidate:7a72d73180312bcf1fe74e73	deferred															ponomar-elizabeth-bible-2026-08-09,wikisource-church-slavonic-bible-2026-08-09:Acts.1.16		1000	surface similarity is a proposal and does not establish lexical identity	Deferred after review: repeated corpus surfaces and diagnostic stem, prefix, or ending features do not by themselves establish a lemma, part of speech, morphological cell, principal parts, accent class, or productive rule.
synodal:family-candidate:7b60dd306edf95451ab1e6e7	deferred															ponomar-elizabeth-bible-2026-08-09:Ponomar Unicode text:Acts.28.15 supplies a source-partition target-recension surface occurrence		1500	Diagnostic grouping and frequency are prioritization evidence only; evaluation passages remain excluded from runtime evidence.	Deferred after v0.6 top-200 review: inspected diagnostic surfaces срѣ́тенїе. Target frequency and grouping do not establish target-lexeme-identity, target-morphological-cell; no runtime fact is enabled.
synodal:family-candidate:7ba481411bb9a1ce184edea5	deferred															ponomar-elizabeth-bible-2026-08-09:Ponomar Unicode text:Ex.13.20 supplies a evaluation-partition target-recension surface occurrence		1500	Diagnostic grouping and frequency are prioritization evidence only; evaluation passages remain excluded from runtime evidence.	Deferred after v0.6 top-200 review: inspected diagnostic surfaces ѡ҆полчи́шасѧ. Target frequency and grouping do not establish target-lexeme-identity, target-morphological-cell; no runtime fact is enabled.
synodal:family-candidate:7ba618e764bd0f88a3d8512d	deferred															ponomar-elizabeth-bible-2026-08-09,wikisource-church-slavonic-bible-2026-08-09:Acts.2.36		1000	surface similarity is a proposal and does not establish lexical identity	Deferred after review: the target corpus establishes a recurring titlo or superscript surface, but semantic expansion, exact grammatical cells, required marks, and reversibility are not yet independently specified.
synodal:family-candidate:7d0fc55aade18fa2a540fb95	deferred															ponomar-elizabeth-bible-2026-08-09,wikisource-church-slavonic-bible-2026-08-09:Acts.20.24		1000	surface similarity is a proposal and does not establish lexical identity	Deferred after review: repeated corpus surfaces and diagnostic stem, prefix, or ending features do not by themselves establish a lemma, part of speech, morphological cell, principal parts, accent class, or productive rule.
synodal:family-candidate:7d124978b2d7c8443d265746	deferred															ponomar-elizabeth-bible-2026-08-09,wikisource-church-slavonic-bible-2026-08-09:Acts.1.9,Acts.9.8		1500	surface similarity is a proposal and does not establish lexical identity	Deferred after review: repeated corpus surfaces and diagnostic stem, prefix, or ending features do not by themselves establish a lemma, part of speech, morphological cell, principal parts, accent class, or productive rule.
synodal:family-candidate:7e056eb8c1778ce84d7553f2	deferred															ponomar-elizabeth-bible-2026-08-09:Ponomar Unicode text:Apoc.21.15 supplies a source-partition target-recension surface occurrence		1500	Diagnostic grouping and frequency are prioritization evidence only; evaluation passages remain excluded from runtime evidence.	Deferred after v0.6 top-200 review: inspected diagnostic surfaces стѣ́ны. Target frequency and grouping do not establish target-lexeme-identity, target-morphological-cell; no runtime fact is enabled.
synodal:family-candidate:7e5294705d97e06abc8084d4	deferred															ponomar-elizabeth-bible-2026-08-09,wikisource-church-slavonic-bible-2026-08-09:Apoc.11.19		1000	Diagnostic grouping and corpus frequency are prioritization evidence only; no resolver analysis is enabled by this row.	Deferred after v0.5 review: repeated target surfaces do not establish lemma identity, semantics, exact morphological cells, principal parts, accent class, or a productive Synodal rule.
synodal:family-candidate:7f20a12b512f1ff4a7b16d3d	deferred															wikisource-church-slavonic-bible-2026-08-09:Col.4.16		1000	surface similarity is a proposal and does not establish lexical identity	Deferred after review: repeated corpus surfaces and diagnostic stem, prefix, or ending features do not by themselves establish a lemma, part of speech, morphological cell, principal parts, accent class, or productive rule.
synodal:family-candidate:8001a07c3917e4bdb5d38890	deferred															ponomar-elizabeth-bible-2026-08-09,wikisource-church-slavonic-bible-2026-08-09:Acts.1.16,Acts.3.16,Acts.4.17,Apoc.13.1	synodal:candidate:551a03f1df944f63f0734a32	5500	surface similarity is a proposal and does not establish lexical identity	Deferred after review: the OCS Kaikki entry supplies candidate identity or form evidence only. No independently cited Synodal class, exact cell mapping, accent behavior, and target semantic continuity jointly support admission.
synodal:family-candidate:802a750f44ced51dce810e26	deferred															ponomar-elizabeth-bible-2026-08-09:Ponomar Unicode text:Acts.7.14 supplies a source-partition target-recension surface occurrence		1500	Diagnostic grouping and frequency are prioritization evidence only; evaluation passages remain excluded from runtime evidence.	Deferred after v0.6 top-200 review: inspected diagnostic surfaces се́дмьдесѧтъ. Target frequency and grouping do not establish target-lexeme-identity, target-morphological-cell; no runtime fact is enabled.
synodal:family-candidate:80d4d085d8d50ef12ec709d7	deferred															ponomar-elizabeth-bible-2026-08-09,wikisource-church-slavonic-bible-2026-08-09:Acts.1.25,Acts.1.3,Acts.5.18,Acts.7.23		1500	surface similarity is a proposal and does not establish lexical identity	Deferred after review: repeated corpus surfaces and diagnostic stem, prefix, or ending features do not by themselves establish a lemma, part of speech, morphological cell, principal parts, accent class, or productive rule.
synodal:family-candidate:8153390addafb2a3518f2a43	deferred															ponomar-elizabeth-bible-2026-08-09,wikisource-church-slavonic-bible-2026-08-09:Acts.13.19,Acts.7.5		1500	Diagnostic grouping and corpus frequency are prioritization evidence only; no resolver analysis is enabled by this row.	Deferred after v0.5 review: repeated target surfaces do not establish lemma identity, semantics, exact morphological cells, principal parts, accent class, or a productive Synodal rule.
synodal:family-candidate:81bdbf7c7d7ec8e59aeee358	deferred															ponomar-elizabeth-bible-2026-08-09,wikisource-church-slavonic-bible-2026-08-09:Acts.4.4		1000	surface similarity is a proposal and does not establish lexical identity	Deferred after review: repeated corpus surfaces and diagnostic stem, prefix, or ending features do not by themselves establish a lemma, part of speech, morphological cell, principal parts, accent class, or productive rule.
synodal:family-candidate:826078d8f539a692c3858f26	deferred															ponomar-elizabeth-bible-2026-08-09,wikisource-church-slavonic-bible-2026-08-09:Acts.4.36,Deut.12.12		1500	Diagnostic grouping and corpus frequency are prioritization evidence only; no resolver analysis is enabled by this row.	Deferred after v0.5 review: repeated target surfaces do not establish lemma identity, semantics, exact morphological cells, principal parts, accent class, or a productive Synodal rule.
synodal:family-candidate:83299d13f8012eb9fa2bb016	deferred															ponomar-elizabeth-bible-2026-08-09,wikisource-church-slavonic-bible-2026-08-09:Acts.18.9,Acts.2.31	synodal:candidate:34a574308ceb260829952a77,synodal:candidate:833c90610c4d8ecd70fb61a2	2500	surface similarity is a proposal and does not establish lexical identity	Deferred after review: multiple lexical identities or grammatical cells remain compatible. Corpus frequency and OCS dictionary candidates cannot resolve the target-recension ambiguity; all candidates must remain visible.
synodal:family-candidate:83809e3ab328ab16c979fa38	deferred															ponomar-elizabeth-bible-2026-08-09:Ponomar Unicode text:Ex.28.43 supplies target-recension surface evidence		1500	Diagnostic grouping and corpus frequency are prioritization evidence only; no resolver analysis is enabled by this row.	Deferred after v0.5 structured-route review: the target corpus establishes the marked surface, but semantic expansion, all compatible typed cells, exact combining-mark order, positional restrictions, and reverse-registry behavior are not jointly supported by independent target-recension evidence.
synodal:family-candidate:84a2684e8e738463b678e875	deferred															ponomar-elizabeth-bible-2026-08-09,wikisource-church-slavonic-bible-2026-08-09:Acts.6.3		1000	surface similarity is a proposal and does not establish lexical identity	Deferred after review: repeated corpus surfaces and diagnostic stem, prefix, or ending features do not by themselves establish a lemma, part of speech, morphological cell, principal parts, accent class, or productive rule.
synodal:family-candidate:85108a1e02a67a90eae97046	deferred															english-wiktionary-ocs-kaikki-2026-08-07:synodal:candidate:167df70f5cd219971c6c5e35 supplies an OCS dictionary identity/form candidate (head (part of the body); chapter); ponomar-elizabeth-bible-2026-08-09:Ponomar Unicode text:Col.1.18 supplies target-recension surface evidence		5500	Diagnostic grouping and corpus frequency are prioritization evidence only; no resolver analysis is enabled by this row.	Deferred after v0.5 structured-route review: a spelling relationship is diagnostic only; exact target identity, printed accent or positional behavior, and every compatible typed cell are not independently cited together.
synodal:family-candidate:85c7b941a216a1527f3c964e	deferred															ponomar-elizabeth-bible-2026-08-09,wikisource-church-slavonic-bible-2026-08-09:Baruch.1.8		1000	surface similarity is a proposal and does not establish lexical identity	Deferred after review: repeated corpus surfaces and diagnostic stem, prefix, or ending features do not by themselves establish a lemma, part of speech, morphological cell, principal parts, accent class, or productive rule.
synodal:family-candidate:861bd569e880e71b1a4d0750	deferred															ponomar-elizabeth-bible-2026-08-09,wikisource-church-slavonic-bible-2026-08-09:Acts.4.24		1000	surface similarity is a proposal and does not establish lexical identity	Deferred after review: the target corpus establishes a recurring titlo or superscript surface, but semantic expansion, exact grammatical cells, required marks, and reversibility are not yet independently specified.
synodal:family-candidate:86520e9d3c81e6223e5f79cd	deferred															ponomar-elizabeth-bible-2026-08-09,wikisource-church-slavonic-bible-2026-08-09:Acts.10.5,Acts.3.20,Acts.3.26,Acts.7.34,Deut.2.26		1500	surface similarity is a proposal and does not establish lexical identity	Deferred after review: repeated corpus surfaces and diagnostic stem, prefix, or ending features do not by themselves establish a lemma, part of speech, morphological cell, principal parts, accent class, or productive rule.
synodal:family-candidate:86c64b850e27466bd8bc964f	deferred															ponomar-elizabeth-bible-2026-08-09,wikisource-church-slavonic-bible-2026-08-09:Acts.2.39,Apoc.2.23		1500	Diagnostic grouping and corpus frequency are prioritization evidence only; no resolver analysis is enabled by this row.	Deferred after v0.5 review: repeated target surfaces do not establish lemma identity, semantics, exact morphological cells, principal parts, accent class, or a productive Synodal rule.
synodal:family-candidate:8805aca56dc85be598d8d6ee	deferred															ponomar-elizabeth-bible-2026-08-09,wikisource-church-slavonic-bible-2026-08-09:Amos.2.8,Amos.5.11	synodal:candidate:0791f206b3588ae74c8fb484,synodal:candidate:b656255241f904d4c0134b85	2500	surface similarity is a proposal and does not establish lexical identity	Deferred after review: multiple lexical identities or grammatical cells remain compatible. Corpus frequency and OCS dictionary candidates cannot resolve the target-recension ambiguity; all candidates must remain visible.
synodal:family-candidate:88c340c97d1648eafaa5c40f	deferred															ponomar-elizabeth-bible-2026-08-09,wikisource-church-slavonic-bible-2026-08-09:Acts.1.19,Apoc.7.14	synodal:candidate:63ff1354644ba05374b53793	5500	Diagnostic grouping and corpus frequency are prioritization evidence only; no resolver analysis is enabled by this row.	Deferred after v0.5 review: OCS dictionary membership supplies candidate evidence only; target-recension identity, semantics, exact typed cells, accents, and any productive metadata remain independently unsupported.
synodal:family-candidate:88cffa1ae51b61146115f694	deferred															ponomar-elizabeth-bible-2026-08-09,wikisource-church-slavonic-bible-2026-08-09:Acts.1.20,Acts.8.15,Composite.4.11		1500	Diagnostic grouping and corpus frequency are prioritization evidence only; no resolver analysis is enabled by this row.	Deferred after v0.5 review: repeated target surfaces do not establish lemma identity, semantics, exact morphological cells, principal parts, accent class, or a productive Synodal rule.
synodal:family-candidate:892b36acba55f18810149e30	deferred															ponomar-elizabeth-bible-2026-08-09:Ponomar Unicode text:Acts.11.24 supplies target-recension surface evidence		1000	Diagnostic grouping and corpus frequency are prioritization evidence only; no resolver analysis is enabled by this row.	Deferred after v0.5 structured-route review: the target corpus establishes the marked surface, but semantic expansion, all compatible typed cells, exact combining-mark order, positional restrictions, and reverse-registry behavior are not jointly supported by independent target-recension evidence.
synodal:family-candidate:89aa76e9a44acc892029a869	deferred															ponomar-elizabeth-bible-2026-08-09:Ponomar Unicode text:Acts.13.50 supplies a source-partition target-recension surface occurrence		1000	Diagnostic grouping and frequency are prioritization evidence only; evaluation passages remain excluded from runtime evidence.	Deferred after v0.6 top-200 review: inspected diagnostic surfaces предѣ̑лъ. Target frequency and grouping do not establish target-lexeme-identity, target-morphological-cell; no runtime fact is enabled.
synodal:family-candidate:8aa748db32b82b8c54fc9859	deferred															ponomar-elizabeth-bible-2026-08-09:Ponomar Unicode text:Psalm.3.0 supplies target-recension surface evidence		1000	Diagnostic grouping and corpus frequency are prioritization evidence only; no resolver analysis is enabled by this row.	Deferred after v0.5 structured-route review: the target corpus establishes the marked surface, but semantic expansion, all compatible typed cells, exact combining-mark order, positional restrictions, and reverse-registry behavior are not jointly supported by independent target-recension evidence.
synodal:family-candidate:8af6db0d12634989c684fff1	deferred															ponomar-elizabeth-bible-2026-08-09,wikisource-church-slavonic-bible-2026-08-09:Acts.14.28,Acts.5.34,Acts.8.10	synodal:candidate:c50de9a2243eab547e7ac0b7	5500	Diagnostic grouping and corpus frequency are prioritization evidence only; no resolver analysis is enabled by this row.	Deferred after v0.5 review: OCS dictionary membership supplies candidate evidence only; target-recension identity, semantics, exact typed cells, accents, and any productive metadata remain independently unsupported.
synodal:family-candidate:8c50e75d1082e3a1070f7924	deferred															ponomar-elizabeth-bible-2026-08-09,wikisource-church-slavonic-bible-2026-08-09:Acts.1.7		1000	surface similarity is a proposal and does not establish lexical identity	Deferred after review: repeated corpus surfaces and diagnostic stem, prefix, or ending features do not by themselves establish a lemma, part of speech, morphological cell, principal parts, accent class, or productive rule.
synodal:family-candidate:8d35430fbfe40b37f1527596	deferred															ponomar-elizabeth-bible-2026-08-09,wikisource-church-slavonic-bible-2026-08-09:Acts.21.38,Acts.7.30		1500	surface similarity is a proposal and does not establish lexical identity	Deferred after review: repeated corpus surfaces and diagnostic stem, prefix, or ending features do not by themselves establish a lemma, part of speech, morphological cell, principal parts, accent class, or productive rule.
synodal:family-candidate:8e47024ccfcf6075d650be58	deferred															ponomar-elizabeth-bible-2026-08-09:Ponomar Unicode text:Acts.2.5 supplies a source-partition target-recension surface occurrence		1500	Diagnostic grouping and frequency are prioritization evidence only; evaluation passages remain excluded from runtime evidence.	Deferred after v0.6 top-200 review: inspected diagnostic surfaces живꙋ́щїи. Target frequency and grouping do not establish target-lexeme-identity, target-morphological-cell; no runtime fact is enabled.
synodal:family-candidate:8e9b7fb41bef63006665ced5	deferred															ponomar-elizabeth-bible-2026-08-09:Ponomar Unicode text:Acts.12.22 supplies a evaluation-partition target-recension surface occurrence		1000	Diagnostic grouping and frequency are prioritization evidence only; evaluation passages remain excluded from runtime evidence.	Deferred after v0.6 top-200 review: inspected diagnostic surfaces человѣ́чь. Target frequency and grouping do not establish target-lexeme-identity, target-morphological-cell; no runtime fact is enabled.
synodal:family-candidate:8ec2a67cd281a48c0624ca2a	deferred															ponomar-elizabeth-bible-2026-08-09,wikisource-church-slavonic-bible-2026-08-09:Acts.9.39	synodal:candidate:15843ea5aef8b4e8b87a811a	5500	Diagnostic grouping and corpus frequency are prioritization evidence only; no resolver analysis is enabled by this row.	Deferred after v0.5 review: OCS dictionary membership supplies candidate evidence only; target-recension identity, semantics, exact typed cells, accents, and any productive metadata remain independently unsupported.
synodal:family-candidate:8ee0d6f94ee87d01e3f09682	deferred															ponomar-elizabeth-bible-2026-08-09,wikisource-church-slavonic-bible-2026-08-09:Acts.7.26		1500	surface similarity is a proposal and does not establish lexical identity	Deferred after review: repeated corpus surfaces and diagnostic stem, prefix, or ending features do not by themselves establish a lemma, part of speech, morphological cell, principal parts, accent class, or productive rule.
synodal:family-candidate:8ee40bb4d7d310a09b72be29	deferred															ponomar-elizabeth-bible-2026-08-09,wikisource-church-slavonic-bible-2026-08-09:Acts.11.17,Acts.14.17,Acts.28.15,Acts.3.13,Acts.4.25	synodal:candidate:4d33dc4b9a3614cf43e43472,synodal:candidate:6040bfaa54f059e42f790fcd,synodal:candidate:b9e98e4196bb6d7ec32cf053	2500	surface similarity is a proposal and does not establish lexical identity	Deferred after review: multiple lexical identities or grammatical cells remain compatible. Corpus frequency and OCS dictionary candidates cannot resolve the target-recension ambiguity; all candidates must remain visible.
synodal:family-candidate:8ef3d19dfff65cb6bd173ea1	deferred															ponomar-elizabeth-bible-2026-08-09:Ponomar Unicode text:Deut.2.7 supplies target-recension surface evidence		1500	Diagnostic grouping and corpus frequency are prioritization evidence only; no resolver analysis is enabled by this row.	Deferred after v0.5 structured-route review: the target corpus establishes the marked surface, but semantic expansion, all compatible typed cells, exact combining-mark order, positional restrictions, and reverse-registry behavior are not jointly supported by independent target-recension evidence.
synodal:family-candidate:8f23cbdec7a7c008c157cb26	deferred															ponomar-elizabeth-bible-2026-08-09,wikisource-church-slavonic-bible-2026-08-09:Acts.1.16		1000	surface similarity is a proposal and does not establish lexical identity	Deferred after review: repeated corpus surfaces and diagnostic stem, prefix, or ending features do not by themselves establish a lemma, part of speech, morphological cell, principal parts, accent class, or productive rule.
synodal:family-candidate:8ff803cb93f425f40fcea77e	deferred															ponomar-elizabeth-bible-2026-08-09:Ponomar Unicode text:Acts.8.21 supplies a evaluation-partition target-recension surface occurrence		1500	Diagnostic grouping and frequency are prioritization evidence only; evaluation passages remain excluded from runtime evidence.	Deferred after v0.6 top-200 review: inspected diagnostic surfaces ча́сти. Target frequency and grouping do not establish target-lexeme-identity, target-morphological-cell; no runtime fact is enabled.
synodal:family-candidate:901ba90a0145d4b07bfa965e	deferred															ponomar-elizabeth-bible-2026-08-09,wikisource-church-slavonic-bible-2026-08-09:Acts.1.16		1500	surface similarity is a proposal and does not establish lexical identity	Deferred after review: the target corpus establishes a recurring titlo or superscript surface, but semantic expansion, exact grammatical cells, required marks, and reversibility are not yet independently specified.
synodal:family-candidate:914ac7974436867b9ba04708	deferred															ponomar-elizabeth-bible-2026-08-09,wikisource-church-slavonic-bible-2026-08-09:Acts.8.20		1000	surface similarity is a proposal and does not establish lexical identity	Deferred after review: the target corpus establishes a recurring titlo or superscript surface, but semantic expansion, exact grammatical cells, required marks, and reversibility are not yet independently specified.
synodal:family-candidate:918d7aeba579b07eb08e847c	deferred															ponomar-elizabeth-bible-2026-08-09,wikisource-church-slavonic-bible-2026-08-09:Acts.3.22		1500	surface similarity is a proposal and does not establish lexical identity	Deferred after review: repeated corpus surfaces and diagnostic stem, prefix, or ending features do not by themselves establish a lemma, part of speech, morphological cell, principal parts, accent class, or productive rule.
synodal:family-candidate:91ed897b7e2ee8745d62ec63	deferred															ponomar-elizabeth-bible-2026-08-09,wikisource-church-slavonic-bible-2026-08-09:Acts.2.23,Acts.4.28,Acts.4.3		1500	surface similarity is a proposal and does not establish lexical identity	Deferred after review: repeated corpus surfaces and diagnostic stem, prefix, or ending features do not by themselves establish a lemma, part of speech, morphological cell, principal parts, accent class, or productive rule.
synodal:family-candidate:92398b6b05b9dd8e2e49acb8	deferred															ponomar-elizabeth-bible-2026-08-09,wikisource-church-slavonic-bible-2026-08-09:Acts.3.17,Acts.7.27		1500	surface similarity is a proposal and does not establish lexical identity	Deferred after review: repeated corpus surfaces and diagnostic stem, prefix, or ending features do not by themselves establish a lemma, part of speech, morphological cell, principal parts, accent class, or productive rule.
synodal:family-candidate:927d67b5f51e270d126c65a6	deferred															ponomar-elizabeth-bible-2026-08-09,wikisource-church-slavonic-bible-2026-08-09:Acts.4.17		1000	surface similarity is a proposal and does not establish lexical identity	Deferred after review: repeated corpus surfaces and diagnostic stem, prefix, or ending features do not by themselves establish a lemma, part of speech, morphological cell, principal parts, accent class, or productive rule.
synodal:family-candidate:934d01023caba9166ff16529	deferred															ponomar-elizabeth-bible-2026-08-09,wikisource-church-slavonic-bible-2026-08-09:Acts.10.33,Amos.5.14,Deut.1.14	synodal:candidate:f2a9817d8801659ce874dd23	5500	Diagnostic grouping and corpus frequency are prioritization evidence only; no resolver analysis is enabled by this row.	Deferred after v0.5 review: OCS dictionary membership supplies candidate evidence only; target-recension identity, semantics, exact typed cells, accents, and any productive metadata remain independently unsupported.
synodal:family-candidate:936b7d87509b9eb0d67ce553	deferred															english-wiktionary-ocs-kaikki-2026-08-07:synodal:candidate:4b61c3449e5a09a7df5b6474 supplies an OCS dictionary identity/form candidate (village, settlement; farmstead, homestead, estate; field, piece of land in the countryside; country, region, land); ponomar-elizabeth-bible-2026-08-09:Ponomar Unicode text:Acts.28.7 supplies target-recension surface evidence		5500	Diagnostic grouping and corpus frequency are prioritization evidence only; no resolver analysis is enabled by this row.	Deferred after v0.5 structured-route review: a spelling relationship is diagnostic only; exact target identity, printed accent or positional behavior, and every compatible typed cell are not independently cited together.
synodal:family-candidate:93881f251268e332af9b5a3a	deferred															ponomar-elizabeth-bible-2026-08-09,wikisource-church-slavonic-bible-2026-08-09:Acts.7.8	synodal:candidate:2dc4ff592b841ee5ddf0bbfe	5500	surface similarity is a proposal and does not establish lexical identity	Deferred after review: the OCS Kaikki entry supplies candidate identity or form evidence only. No independently cited Synodal class, exact cell mapping, accent behavior, and target semantic continuity jointly support admission.
synodal:family-candidate:939e84a167abdc33022485b3	deferred															ponomar-elizabeth-bible-2026-08-09,wikisource-church-slavonic-bible-2026-08-09:Acts.5.13		1500	Diagnostic grouping and corpus frequency are prioritization evidence only; no resolver analysis is enabled by this row.	Deferred after v0.5 review: repeated target surfaces do not establish lemma identity, semantics, exact morphological cells, principal parts, accent class, or a productive Synodal rule.
synodal:family-candidate:940eb2fb8a6daaf17b21240d	deferred															ponomar-elizabeth-bible-2026-08-09:Ponomar Unicode text:I_Kings.1.20 supplies a source-partition target-recension surface occurrence		1000	Diagnostic grouping and frequency are prioritization evidence only; evaluation passages remain excluded from runtime evidence.	Deferred after v0.6 top-200 review: inspected diagnostic surfaces самꙋи́лъ. Target frequency and grouping do not establish target-lexeme-identity, target-morphological-cell; no runtime fact is enabled.
synodal:family-candidate:94397c2340b55773f56db68d	deferred															ponomar-elizabeth-bible-2026-08-09,wikisource-church-slavonic-bible-2026-08-09:Acts.2.26,Acts.2.37,Acts.2.46,Acts.5.4		1500	surface similarity is a proposal and does not establish lexical identity	Deferred after review: repeated corpus surfaces and diagnostic stem, prefix, or ending features do not by themselves establish a lemma, part of speech, morphological cell, principal parts, accent class, or productive rule.
synodal:family-candidate:94558da8b8115cdfb0e304c6	deferred															ponomar-elizabeth-bible-2026-08-09:Ponomar Unicode text:Acts.7.25 supplies a source-partition target-recension surface occurrence; ponomar-elizabeth-bible-2026-08-09:Ponomar Unicode text:Deut.27.7 supplies a evaluation-partition target-recension surface occurrence		1500	Diagnostic grouping and frequency are prioritization evidence only; evaluation passages remain excluded from runtime evidence.	Deferred after v0.6 top-200 review: inspected diagnostic surfaces спасе́нїѧ, спасе́нїе. Target frequency and grouping do not establish target-lexeme-identity, target-morphological-cell; no runtime fact is enabled.
synodal:family-candidate:9517d1d0cdeebe8c962dde10	deferred															ponomar-elizabeth-bible-2026-08-09,wikisource-church-slavonic-bible-2026-08-09:Acts.4.37,Apoc.21.24,Composite.6.17		1500	Diagnostic grouping and corpus frequency are prioritization evidence only; no resolver analysis is enabled by this row.	Deferred after v0.5 review: repeated target surfaces do not establish lemma identity, semantics, exact morphological cells, principal parts, accent class, or a productive Synodal rule.
synodal:family-candidate:95464787855fbcba211e18cc	deferred															ponomar-elizabeth-bible-2026-08-09,wikisource-church-slavonic-bible-2026-08-09:Apoc.8.3		1000	Diagnostic grouping and corpus frequency are prioritization evidence only; no resolver analysis is enabled by this row.	Deferred after v0.5 review: repeated target surfaces do not establish lemma identity, semantics, exact morphological cells, principal parts, accent class, or a productive Synodal rule.
synodal:family-candidate:95d3481323527be197c2600c	deferred															ponomar-elizabeth-bible-2026-08-09,wikisource-church-slavonic-bible-2026-08-09:Acts.6.11,Acts.7.40		1500	surface similarity is a proposal and does not establish lexical identity	Deferred after review: repeated corpus surfaces and diagnostic stem, prefix, or ending features do not by themselves establish a lemma, part of speech, morphological cell, principal parts, accent class, or productive rule.
synodal:family-candidate:965ff7983a17fcbdc0a4fc77	deferred															ponomar-elizabeth-bible-2026-08-09,wikisource-church-slavonic-bible-2026-08-09:Acts.2.41,Amos.5.3		1500	surface similarity is a proposal and does not establish lexical identity	Deferred after review: repeated corpus surfaces and diagnostic stem, prefix, or ending features do not by themselves establish a lemma, part of speech, morphological cell, principal parts, accent class, or productive rule.
synodal:family-candidate:97235ae16beeea701f78636a	deferred															ponomar-elizabeth-bible-2026-08-09,wikisource-church-slavonic-bible-2026-08-09:Acts.16.16,Acts.18.27		1000	Diagnostic grouping and corpus frequency are prioritization evidence only; no resolver analysis is enabled by this row.	Deferred after v0.5 review: repeated target surfaces do not establish lemma identity, semantics, exact morphological cells, principal parts, accent class, or a productive Synodal rule.
synodal:family-candidate:977621bdabead9822c8346a9	deferred	synodal:noun:voda														ponomar-elizabeth-bible-2026-08-09,wikisource-church-slavonic-bible-2026-08-09:Acts.1.5,Acts.8.36,Acts.8.39	synodal:noun:voda	1000	surface similarity is a proposal and does not establish lexical identity	Deferred after review: one reviewed runtime lexeme is compatible, but the unresolved surfaces still lack independently typed target cells, exact accent or positional evidence, or a complete cited Synodal class.
synodal:family-candidate:977b02c1e9f88d201396585c	deferred															ponomar-elizabeth-bible-2026-08-09,wikisource-church-slavonic-bible-2026-08-09:Amos.1.1		1500	Diagnostic grouping and corpus frequency are prioritization evidence only; no resolver analysis is enabled by this row.	Deferred after v0.5 review: the target corpus establishes the exact marked surface, but the semantic expansion, every compatible typed cell, mark order, positional restrictions, and reverse-registry behavior are not jointly established by independent target-recension evidence.
synodal:family-candidate:9882016d8e1fb043d042e63f	deferred															ponomar-elizabeth-bible-2026-08-09:Ponomar Unicode text:Acts.10.22 supplies a evaluation-partition target-recension surface occurrence; ponomar-elizabeth-bible-2026-08-09:Ponomar Unicode text:Acts.7.14 supplies a source-partition target-recension surface occurrence		1500	Diagnostic grouping and frequency are prioritization evidence only; evaluation passages remain excluded from runtime evidence.	Deferred after v0.6 top-200 review: inspected diagnostic surfaces призва̀, призва́ти. Target frequency and grouping do not establish target-lexeme-identity, target-morphological-cell; no runtime fact is enabled.
synodal:family-candidate:9a5ced5dbb2c932c0201593b	deferred															ponomar-elizabeth-bible-2026-08-09,wikisource-church-slavonic-bible-2026-08-09:Acts.2.41		1000	surface similarity is a proposal and does not establish lexical identity	Deferred after review: repeated corpus surfaces and diagnostic stem, prefix, or ending features do not by themselves establish a lemma, part of speech, morphological cell, principal parts, accent class, or productive rule.
synodal:family-candidate:9a8ed33acf8935874f2f0830	deferred															ponomar-elizabeth-bible-2026-08-09,wikisource-church-slavonic-bible-2026-08-09:Acts.4.4		1500	surface similarity is a proposal and does not establish lexical identity	Deferred after review: repeated corpus surfaces and diagnostic stem, prefix, or ending features do not by themselves establish a lemma, part of speech, morphological cell, principal parts, accent class, or productive rule.
synodal:family-candidate:9b8fd1d48560bb498f4e2daa	deferred															ponomar-elizabeth-bible-2026-08-09:Ponomar Unicode text:Amos.1.8 supplies a source-partition target-recension surface occurrence; ponomar-elizabeth-bible-2026-08-09:Ponomar Unicode text:Amos.2.14 supplies a evaluation-partition target-recension surface occurrence		1500	Diagnostic grouping and frequency are prioritization evidence only; evaluation passages remain excluded from runtime evidence.	Deferred after v0.6 top-200 review: inspected diagnostic surfaces поги́бнетъ, поги́бнꙋтъ. Target frequency and grouping do not establish target-lexeme-identity, target-morphological-cell; no runtime fact is enabled.
synodal:family-candidate:9bef179ca8e8cc642c748668	deferred															wikisource-church-slavonic-bible-2026-08-09:Heb.11.33,Judg.14.8,Psalm.49.16		1500	Diagnostic grouping and corpus frequency are prioritization evidence only; no resolver analysis is enabled by this row.	Deferred after v0.5 review: repeated target surfaces do not establish lemma identity, semantics, exact morphological cells, principal parts, accent class, or a productive Synodal rule.
synodal:family-candidate:9cc3d52d9d1a5d05f2c91180	deferred															ponomar-elizabeth-bible-2026-08-09,wikisource-church-slavonic-bible-2026-08-09:Acts.2.26		1000	surface similarity is a proposal and does not establish lexical identity	Deferred after review: repeated corpus surfaces and diagnostic stem, prefix, or ending features do not by themselves establish a lemma, part of speech, morphological cell, principal parts, accent class, or productive rule.
synodal:family-candidate:9ee76a4bc7d8a39f9243a17b	deferred															ponomar-elizabeth-bible-2026-08-09,wikisource-church-slavonic-bible-2026-08-09:Acts.25.12,Acts.8.27,Amos.1.15		1500	Diagnostic grouping and corpus frequency are prioritization evidence only; no resolver analysis is enabled by this row.	Deferred after v0.5 review: repeated target surfaces do not establish lemma identity, semantics, exact morphological cells, principal parts, accent class, or a productive Synodal rule.
synodal:family-candidate:9f537d013c5695b7a9a596b1	deferred															ponomar-elizabeth-bible-2026-08-09,wikisource-church-slavonic-bible-2026-08-09:Acts.1.24,Acts.4.32,Acts.5.23		1500	surface similarity is a proposal and does not establish lexical identity	Deferred after review: repeated corpus surfaces and diagnostic stem, prefix, or ending features do not by themselves establish a lemma, part of speech, morphological cell, principal parts, accent class, or productive rule.
synodal:family-candidate:a0640eb20ebe933044597a19	deferred															ponomar-elizabeth-bible-2026-08-09:Ponomar Unicode text:Acts.4.26 supplies a source-partition target-recension surface occurrence		1500	Diagnostic grouping and frequency are prioritization evidence only; evaluation passages remain excluded from runtime evidence.	Deferred after v0.6 top-200 review: inspected diagnostic surfaces собра́шасѧ. Target frequency and grouping do not establish target-lexeme-identity, target-morphological-cell; no runtime fact is enabled.
synodal:family-candidate:a067673f88e347dc8bd38e99	deferred															ponomar-elizabeth-bible-2026-08-09:Ponomar Unicode text:Acts.4.26 supplies a source-partition target-recension surface occurrence		1500	Diagnostic grouping and frequency are prioritization evidence only; evaluation passages remain excluded from runtime evidence.	Deferred after v0.6 top-200 review: inspected diagnostic surfaces ца́рїе. Target frequency and grouping do not establish target-lexeme-identity, target-morphological-cell; no runtime fact is enabled.
synodal:family-candidate:a0d4f4bbb34886dec198bc02	deferred															ponomar-elizabeth-bible-2026-08-09,wikisource-church-slavonic-bible-2026-08-09:Acts.1.10		1500	surface similarity is a proposal and does not establish lexical identity	Deferred after review: repeated corpus surfaces and diagnostic stem, prefix, or ending features do not by themselves establish a lemma, part of speech, morphological cell, principal parts, accent class, or productive rule.
synodal:family-candidate:a0ec2d6beca16199620a1bc1	deferred															ponomar-elizabeth-bible-2026-08-09,wikisource-church-slavonic-bible-2026-08-09:Acts.1.19,Acts.3.18,Acts.7.54,Acts.9.8	synodal:candidate:a574507d33e1c2038d40c472	5500	surface similarity is a proposal and does not establish lexical identity	Deferred after review: the OCS Kaikki entry supplies candidate identity or form evidence only. No independently cited Synodal class, exact cell mapping, accent behavior, and target semantic continuity jointly support admission.
synodal:family-candidate:a276c29fbb55b9fd45ff6553	deferred															ponomar-elizabeth-bible-2026-08-09,wikisource-church-slavonic-bible-2026-08-09:Acts.1.10,Acts.1.14,Acts.1.25,Acts.1.5,Acts.10.47	synodal:candidate:79c1602aa5f2f87816fa43a8	5500	surface similarity is a proposal and does not establish lexical identity	Deferred after review: the OCS Kaikki entry supplies candidate identity or form evidence only. No independently cited Synodal class, exact cell mapping, accent behavior, and target semantic continuity jointly support admission.
synodal:family-candidate:a2bd392bb0ba4f60c2134ef7	deferred															ponomar-elizabeth-bible-2026-08-09:Ponomar Unicode text:Acts.5.26 supplies a source-partition target-recension surface occurrence; ponomar-elizabeth-bible-2026-08-09:Ponomar Unicode text:Apoc.18.12 supplies a evaluation-partition target-recension surface occurrence		1500	Diagnostic grouping and frequency are prioritization evidence only; evaluation passages remain excluded from runtime evidence.	Deferred after v0.6 top-200 review: inspected diagnostic surfaces ка́менїемъ, ка́менїѧ. Target frequency and grouping do not establish target-lexeme-identity, target-morphological-cell; no runtime fact is enabled.
synodal:family-candidate:a2c05e3602820c2279dc7b3d	deferred															english-wiktionary-ocs-kaikki-2026-08-07:synodal:candidate:2b31634bfa55f89b673b1b84 supplies an OCS dictionary identity/form candidate (life); ponomar-elizabeth-bible-2026-08-09:Ponomar Unicode text:Acts.3.15 supplies target-recension surface evidence		5500	Diagnostic grouping and corpus frequency are prioritization evidence only; no resolver analysis is enabled by this row.	Deferred after v0.5 structured-route review: a spelling relationship is diagnostic only; exact target identity, printed accent or positional behavior, and every compatible typed cell are not independently cited together.
synodal:family-candidate:a2c5bbd487a2f46611c8fb31	deferred															ponomar-elizabeth-bible-2026-08-09:Ponomar Unicode text:Acts.5.34 supplies a source-partition target-recension surface occurrence		1000	Diagnostic grouping and frequency are prioritization evidence only; evaluation passages remain excluded from runtime evidence.	Deferred after v0.6 top-200 review: inspected diagnostic surfaces внѣ̀. Target frequency and grouping do not establish target-lexeme-identity, target-morphological-cell; no runtime fact is enabled.
synodal:family-candidate:a37efcd6ff7a17e75d4baff8	deferred															ponomar-elizabeth-bible-2026-08-09,wikisource-church-slavonic-bible-2026-08-09:Acts.2.20,Acts.2.21,Acts.3.20,Acts.9.1,Deut.34.5		8500	surface similarity is a proposal and does not establish lexical identity; titlo pattern is compatible with a господь contraction	Deferred after review: the target corpus establishes a recurring titlo or superscript surface, but semantic expansion, exact grammatical cells, required marks, and reversibility are not yet independently specified.
synodal:family-candidate:a3bc9091ec3358aede726873	deferred															ponomar-elizabeth-bible-2026-08-09:Ponomar Unicode text:Apoc.8.13 supplies a source-partition target-recension surface occurrence; ud-ocs-proiel-r2.18:synodal:candidate:59154e522e093863980b38a0 supplies a source-partition typed OCS token witness for lemma гории (Case=Nom|Degree=Cmp|Gender=Neut|Number=Sing|Variant=Short); ud-ocs-proiel-r2.18:synodal:candidate:6320ec1195612ae641cef7fd supplies a source-partition typed OCS token witness for lemma гории (Case=Acc|Degree=Cmp|Gender=Neut|Number=Sing|Variant=Short); ud-ocs-proiel-r2.18:synodal:candidate:894a520b72b6b48493b65690 supplies a source-partition typed OCS token witness for lemma гории (Case=Nom|Degree=Pos|Gender=Neut|Number=Sing|Variant=Short)		1000	Diagnostic grouping and frequency are prioritization evidence only; evaluation passages remain excluded from runtime evidence.	Deferred after v0.6 top-200 review: inspected diagnostic surfaces го́ре. Target frequency and grouping do not establish identity-or-spelling-variant-decision; no runtime fact is enabled.
synodal:family-candidate:a3d2faad48e666ce165578df	deferred															ponomar-elizabeth-bible-2026-08-09,wikisource-church-slavonic-bible-2026-08-09:Acts.4.28		1000	Diagnostic grouping and corpus frequency are prioritization evidence only; no resolver analysis is enabled by this row.	Deferred after v0.5 review: repeated target surfaces do not establish lemma identity, semantics, exact morphological cells, principal parts, accent class, or a productive Synodal rule.
synodal:family-candidate:a66dfc8032ee30d755b1acfd	deferred															ponomar-elizabeth-bible-2026-08-09:Acts.2.29,Amos.2.2		1500	Diagnostic grouping and corpus frequency are prioritization evidence only; no resolver analysis is enabled by this row.	Deferred after v0.5 review: repeated target surfaces do not establish lemma identity, semantics, exact morphological cells, principal parts, accent class, or a productive Synodal rule.
synodal:family-candidate:a6bb718416f0101595d47697	deferred															ponomar-elizabeth-bible-2026-08-09,wikisource-church-slavonic-bible-2026-08-09:Acts.1.2		1000	surface similarity is a proposal and does not establish lexical identity	Deferred after review: repeated corpus surfaces and diagnostic stem, prefix, or ending features do not by themselves establish a lemma, part of speech, morphological cell, principal parts, accent class, or productive rule.
synodal:family-candidate:a7097ccf38f62edab44063be	deferred															ponomar-elizabeth-bible-2026-08-09,wikisource-church-slavonic-bible-2026-08-09:Acts.1.21		1500	Diagnostic grouping and corpus frequency are prioritization evidence only; no resolver analysis is enabled by this row.	Deferred after v0.5 review: repeated target surfaces do not establish lemma identity, semantics, exact morphological cells, principal parts, accent class, or a productive Synodal rule.
synodal:family-candidate:a7871d8d1fb92d2df3df044b	deferred															ponomar-elizabeth-bible-2026-08-09,wikisource-church-slavonic-bible-2026-08-09:Amos.3.9		1000	Diagnostic grouping and corpus frequency are prioritization evidence only; no resolver analysis is enabled by this row.	Deferred after v0.5 review: repeated target surfaces do not establish lemma identity, semantics, exact morphological cells, principal parts, accent class, or a productive Synodal rule.
synodal:family-candidate:a86edebeea4e219834f80dad	deferred															ponomar-elizabeth-bible-2026-08-09:Ponomar Unicode text:Apoc.6.6 supplies a source-partition target-recension surface occurrence; ponomar-elizabeth-bible-2026-08-09:Ponomar Unicode text:Deut.28.40 supplies a source-partition target-recension surface occurrence		1500	Diagnostic grouping and frequency are prioritization evidence only; evaluation passages remain excluded from runtime evidence.	Deferred after v0.6 top-200 review: inspected diagnostic surfaces є҆ле́а, є҆ле́емъ. Target frequency and grouping do not establish target-lexeme-identity, target-morphological-cell; no runtime fact is enabled.
synodal:family-candidate:a93e6c2c59930a7f84710220	deferred															ponomar-elizabeth-bible-2026-08-09,wikisource-church-slavonic-bible-2026-08-09:Acts.14.6,Acts.5.16		1500	surface similarity is a proposal and does not establish lexical identity	Deferred after review: repeated corpus surfaces and diagnostic stem, prefix, or ending features do not by themselves establish a lemma, part of speech, morphological cell, principal parts, accent class, or productive rule.
synodal:family-candidate:a9e3e264f18c119945917846	deferred															ponomar-elizabeth-bible-2026-08-09,wikisource-church-slavonic-bible-2026-08-09:Composite.6.16		1000	Diagnostic grouping and corpus frequency are prioritization evidence only; no resolver analysis is enabled by this row.	Deferred after v0.5 review: repeated target surfaces do not establish lemma identity, semantics, exact morphological cells, principal parts, accent class, or a productive Synodal rule.
synodal:family-candidate:aa6bcf5f8f837e185b69a44c	deferred															ponomar-elizabeth-bible-2026-08-09,wikisource-church-slavonic-bible-2026-08-09:Acts.4.2	synodal:candidate:413197da6f316a6ac7b3eb78,synodal:candidate:981398cdf395de00db843a3c	2500	surface similarity is a proposal and does not establish lexical identity	Deferred after review: multiple lexical identities or grammatical cells remain compatible. Corpus frequency and OCS dictionary candidates cannot resolve the target-recension ambiguity; all candidates must remain visible.
synodal:family-candidate:aaf1686d380e4e64d35a4585	deferred															ponomar-elizabeth-bible-2026-08-09,wikisource-church-slavonic-bible-2026-08-09:Acts.7.28		1000	surface similarity is a proposal and does not establish lexical identity	Deferred after review: repeated corpus surfaces and diagnostic stem, prefix, or ending features do not by themselves establish a lemma, part of speech, morphological cell, principal parts, accent class, or productive rule.
synodal:family-candidate:abc5e2709d39c0b1910251d2	deferred															ponomar-elizabeth-bible-2026-08-09,wikisource-church-slavonic-bible-2026-08-09:Acts.1.15		1000	surface similarity is a proposal and does not establish lexical identity	Deferred after review: repeated corpus surfaces and diagnostic stem, prefix, or ending features do not by themselves establish a lemma, part of speech, morphological cell, principal parts, accent class, or productive rule.
synodal:family-candidate:abcc69705e63cf28bd7f9a56	deferred															ponomar-elizabeth-bible-2026-08-09,wikisource-church-slavonic-bible-2026-08-09:Acts.19.28,Deut.6.15	synodal:candidate:5cc903a5e412ac33cede329e	5500	Diagnostic grouping and corpus frequency are prioritization evidence only; no resolver analysis is enabled by this row.	Deferred after v0.5 review: OCS dictionary membership supplies candidate evidence only; target-recension identity, semantics, exact typed cells, accents, and any productive metadata remain independently unsupported.
synodal:family-candidate:ac17cae6f9163408ef615f88	deferred															ponomar-elizabeth-bible-2026-08-09,wikisource-church-slavonic-bible-2026-08-09:Acts.23.19,Acts.5.22,Composite.1.14		1500	Diagnostic grouping and corpus frequency are prioritization evidence only; no resolver analysis is enabled by this row.	Deferred after v0.5 review: repeated target surfaces do not establish lemma identity, semantics, exact morphological cells, principal parts, accent class, or a productive Synodal rule.
synodal:family-candidate:acf2146c272a50e77f19ccf8	deferred															ponomar-elizabeth-bible-2026-08-09,wikisource-church-slavonic-bible-2026-08-09:Acts.2.26		1000	surface similarity is a proposal and does not establish lexical identity	Deferred after review: repeated corpus surfaces and diagnostic stem, prefix, or ending features do not by themselves establish a lemma, part of speech, morphological cell, principal parts, accent class, or productive rule.
synodal:family-candidate:ad2cffd56c45c583d184f4e0	deferred															ponomar-elizabeth-bible-2026-08-09,wikisource-church-slavonic-bible-2026-08-09:Acts.3.6,Apoc.17.4	synodal:candidate:91c5632d6b85a0859359a812	5500	Diagnostic grouping and corpus frequency are prioritization evidence only; no resolver analysis is enabled by this row.	Deferred after v0.5 review: OCS dictionary membership supplies candidate evidence only; target-recension identity, semantics, exact typed cells, accents, and any productive metadata remain independently unsupported.
synodal:family-candidate:ad34b42f7b2f427182acbfc8	deferred															ponomar-elizabeth-bible-2026-08-09,wikisource-church-slavonic-bible-2026-08-09:Acts.24.4,Acts.7.3		1500	surface similarity is a proposal and does not establish lexical identity	Deferred after review: repeated corpus surfaces and diagnostic stem, prefix, or ending features do not by themselves establish a lemma, part of speech, morphological cell, principal parts, accent class, or productive rule.
synodal:family-candidate:adb7a7dca63596de56b4b2ef	deferred															ponomar-elizabeth-bible-2026-08-09:Ponomar Unicode text:Acts.5.19 supplies a evaluation-partition target-recension surface occurrence		1500	Diagnostic grouping and frequency are prioritization evidence only; evaluation passages remain excluded from runtime evidence.	Deferred after v0.6 top-200 review: inspected diagnostic surfaces двє́ри. Target frequency and grouping do not establish target-lexeme-identity, target-morphological-cell; no runtime fact is enabled.
synodal:family-candidate:ae822f2dc981969e5d456436	deferred															ponomar-elizabeth-bible-2026-08-09,wikisource-church-slavonic-bible-2026-08-09:Acts.2.22,Acts.4.19		1500	surface similarity is a proposal and does not establish lexical identity	Deferred after review: the target corpus establishes a recurring titlo or superscript surface, but semantic expansion, exact grammatical cells, required marks, and reversibility are not yet independently specified.
synodal:family-candidate:ae9ea69d121b85cf9e8910a9	deferred															ponomar-elizabeth-bible-2026-08-09,wikisource-church-slavonic-bible-2026-08-09:Acts.3.25	synodal:candidate:3bed227ec28b558e4752dff1	5500	Diagnostic grouping and corpus frequency are prioritization evidence only; no resolver analysis is enabled by this row.	Deferred after v0.5 review: OCS dictionary membership supplies candidate evidence only; target-recension identity, semantics, exact typed cells, accents, and any productive metadata remain independently unsupported.
synodal:family-candidate:aeb2f7e463d9588e572c5035	deferred															ponomar-elizabeth-bible-2026-08-09:Ponomar Unicode text:Amos.7.2 supplies target-recension surface evidence		1000	Diagnostic grouping and corpus frequency are prioritization evidence only; no resolver analysis is enabled by this row.	Deferred after v0.5 structured-route review: the target corpus establishes the marked surface, but semantic expansion, all compatible typed cells, exact combining-mark order, positional restrictions, and reverse-registry behavior are not jointly supported by independent target-recension evidence.
synodal:family-candidate:aebe46910ef3beaa0781e140	deferred															ponomar-elizabeth-bible-2026-08-09,wikisource-church-slavonic-bible-2026-08-09:Acts.4.14		1500	Diagnostic grouping and corpus frequency are prioritization evidence only; no resolver analysis is enabled by this row.	Deferred after v0.5 review: repeated target surfaces do not establish lemma identity, semantics, exact morphological cells, principal parts, accent class, or a productive Synodal rule.
synodal:family-candidate:aee59c5b05f3a7c58c05dce2	deferred															ponomar-elizabeth-bible-2026-08-09:Ponomar Unicode text:Acts.18.11 supplies target-recension surface evidence		1000	Diagnostic grouping and corpus frequency are prioritization evidence only; no resolver analysis is enabled by this row.	Deferred after v0.5 structured-route review: the target corpus establishes the marked surface, but semantic expansion, all compatible typed cells, exact combining-mark order, positional restrictions, and reverse-registry behavior are not jointly supported by independent target-recension evidence.
synodal:family-candidate:aeece19a16cb0db34f8f89a6	deferred															ponomar-elizabeth-bible-2026-08-09,wikisource-church-slavonic-bible-2026-08-09:Amos.1.15,Deut.17.12		1500	Diagnostic grouping and corpus frequency are prioritization evidence only; no resolver analysis is enabled by this row.	Deferred after v0.5 review: repeated target surfaces do not establish lemma identity, semantics, exact morphological cells, principal parts, accent class, or a productive Synodal rule.
synodal:family-candidate:b18e1c79eb1257a7fae17a12	deferred	synodal:noun:wikt-d9b72ee49d72														ponomar-elizabeth-bible-2026-08-09,wikisource-church-slavonic-bible-2026-08-09:Acts.12.20,Acts.15.33,Acts.17.24,Apoc.11.15,Baruch.3.13	synodal:candidate:d9b72ee49d7253ed8a556f50	5500	surface similarity is a proposal and does not establish lexical identity	Deferred after review: one reviewed runtime lexeme is compatible, but the unresolved surfaces still lack independently typed target cells, exact accent or positional evidence, or a complete cited Synodal class.
synodal:family-candidate:b39d3b1c45ec932c52975d77	deferred															ponomar-elizabeth-bible-2026-08-09:Ponomar Unicode text:Acts.12.3 supplies a source-partition target-recension surface occurrence; ponomar-elizabeth-bible-2026-08-09:Ponomar Unicode text:Acts.18.10 supplies a source-partition target-recension surface occurrence; ud-ocs-proiel-r2.18:synodal:candidate:1ace6ff50a2485e3ee4f5b30 supplies a source-partition typed OCS token witness for lemma приложити (Mood=Ind|Number=Sing|Person=3|Tense=Pres|VerbForm=Fin|Voice=Act); ud-ocs-proiel-r2.18:synodal:candidate:2fbc900f76a6f8d258d4efd2 supplies a source-partition typed OCS token witness for lemma прилежати (Mood=Imp|Number=Sing|Person=2|Tense=Pres|VerbForm=Fin|Voice=Act); ud-ocs-proiel-r2.18:synodal:candidate:37d2d22a4961b29f080dfcb7 supplies a source-partition typed OCS token witness for lemma приложити (Aspect=Perf|Mood=Ind|Number=Sing|Person=3|Tense=Past|VerbForm=Fin|Voice=Act)		1500	Diagnostic grouping and frequency are prioritization evidence only; evaluation passages remain excluded from runtime evidence.	Deferred after v0.6 top-200 review: inspected diagnostic surfaces приложѝ, приложи́тъ. Target frequency and grouping do not establish target-lexeme-identity, target-morphological-cell; no runtime fact is enabled.
synodal:family-candidate:b40228917d8039943c4cf9e7	deferred															ponomar-elizabeth-bible-2026-08-09,wikisource-church-slavonic-bible-2026-08-09:Amos.3.9		1000	Diagnostic grouping and corpus frequency are prioritization evidence only; no resolver analysis is enabled by this row.	Deferred after v0.5 review: repeated target surfaces do not establish lemma identity, semantics, exact morphological cells, principal parts, accent class, or a productive Synodal rule.
synodal:family-candidate:b4b81c5b500b3baf9e9473a6	deferred															ponomar-elizabeth-bible-2026-08-09,wikisource-church-slavonic-bible-2026-08-09:Acts.23.9		1000	Diagnostic grouping and corpus frequency are prioritization evidence only; no resolver analysis is enabled by this row.	Deferred after v0.5 review: repeated target surfaces do not establish lemma identity, semantics, exact morphological cells, principal parts, accent class, or a productive Synodal rule.
synodal:family-candidate:b6329c72da91d7072a6d3478	deferred															ponomar-elizabeth-bible-2026-08-09,wikisource-church-slavonic-bible-2026-08-09:Acts.7.4		1000	Diagnostic grouping and corpus frequency are prioritization evidence only; no resolver analysis is enabled by this row.	Deferred after v0.5 review: repeated target surfaces do not establish lemma identity, semantics, exact morphological cells, principal parts, accent class, or a productive Synodal rule.
synodal:family-candidate:b6447da8fa67bf3c649e37fd	deferred															ponomar-elizabeth-bible-2026-08-09,wikisource-church-slavonic-bible-2026-08-09:Acts.13.20		1500	Diagnostic grouping and corpus frequency are prioritization evidence only; no resolver analysis is enabled by this row.	Deferred after v0.5 review: repeated target surfaces do not establish lemma identity, semantics, exact morphological cells, principal parts, accent class, or a productive Synodal rule.
synodal:family-candidate:b70ab4efc02a968c0ee1eef8	deferred															ponomar-elizabeth-bible-2026-08-09,wikisource-church-slavonic-bible-2026-08-09:Dan.13.5,Dan.13.57,Dan.9.24		1500	surface similarity is a proposal and does not establish lexical identity	Deferred after review: repeated corpus surfaces and diagnostic stem, prefix, or ending features do not by themselves establish a lemma, part of speech, morphological cell, principal parts, accent class, or productive rule.
synodal:family-candidate:b7a24f1eb24c25dc0d1e5021	deferred															ponomar-elizabeth-bible-2026-08-09:Ponomar Unicode text:Apoc.3.12 supplies a evaluation-partition target-recension surface occurrence; ponomar-elizabeth-bible-2026-08-09:Ponomar Unicode text:Deut.7.5 supplies a source-partition target-recension surface occurrence; ponomar-elizabeth-bible-2026-08-09:Ponomar Unicode text:Ex.26.18 supplies a source-partition target-recension surface occurrence		1500	Diagnostic grouping and frequency are prioritization evidence only; evaluation passages remain excluded from runtime evidence.	Deferred after v0.6 top-200 review: inspected diagnostic surfaces столпы̀, столпа̀, столпѡ́въ. Target frequency and grouping do not establish target-lexeme-identity, target-morphological-cell; no runtime fact is enabled.
synodal:family-candidate:b8156a6c7883de3768a38db2	deferred															ponomar-elizabeth-bible-2026-08-09,wikisource-church-slavonic-bible-2026-08-09:Acts.17.26,Deut.16.4		1500	Diagnostic grouping and corpus frequency are prioritization evidence only; no resolver analysis is enabled by this row.	Deferred after v0.5 review: repeated target surfaces do not establish lemma identity, semantics, exact morphological cells, principal parts, accent class, or a productive Synodal rule.
synodal:family-candidate:b89a3dfc147fd528b9587821	deferred															ponomar-elizabeth-bible-2026-08-09,wikisource-church-slavonic-bible-2026-08-09:Acts.1.24		1500	surface similarity is a proposal and does not establish lexical identity	Deferred after review: repeated corpus surfaces and diagnostic stem, prefix, or ending features do not by themselves establish a lemma, part of speech, morphological cell, principal parts, accent class, or productive rule.
synodal:family-candidate:b8f39255d16d629027767203	deferred															ponomar-elizabeth-bible-2026-08-09,wikisource-church-slavonic-bible-2026-08-09:Ezek.2.4		1500	Diagnostic grouping and corpus frequency are prioritization evidence only; no resolver analysis is enabled by this row.	Deferred after v0.5 review: repeated target surfaces do not establish lemma identity, semantics, exact morphological cells, principal parts, accent class, or a productive Synodal rule.
synodal:family-candidate:b9b340678700a9093109a13c	deferred															ponomar-elizabeth-bible-2026-08-09:Ponomar Unicode text:Acts.1.13 supplies a source-partition target-recension surface occurrence; ud-ocs-proiel-r2.18:synodal:candidate:05053d473fbf7ae657525e7f supplies a source-partition typed OCS token witness for lemma петръ (Case=Nom|Gender=Masc|Number=Sing)		1000	Diagnostic grouping and frequency are prioritization evidence only; evaluation passages remain excluded from runtime evidence.	Deferred after v0.6 top-200 review: inspected diagnostic surfaces пе́тръ. Target frequency and grouping do not establish target-lexeme-identity, target-morphological-cell; no runtime fact is enabled.
synodal:family-candidate:b9bcd1cd04ded36bac24b471	deferred	synodal:noun:zhena														ponomar-elizabeth-bible-2026-08-09,wikisource-church-slavonic-bible-2026-08-09:Acts.18.2,Acts.5.1	synodal:noun:zhena	1000	surface similarity is a proposal and does not establish lexical identity	Deferred after review: one reviewed runtime lexeme is compatible, but the unresolved surfaces still lack independently typed target cells, exact accent or positional evidence, or a complete cited Synodal class.
synodal:family-candidate:ba174c2860186b81daaffc57	deferred															ponomar-elizabeth-bible-2026-08-09,wikisource-church-slavonic-bible-2026-08-09:Amos.8.5	synodal:candidate:03b0a29929922837dff5861f,synodal:candidate:59de23a00eb50cb68223871a,synodal:candidate:fe54a2a026b096958231050d	2500	Diagnostic grouping and corpus frequency are prioritization evidence only; no resolver analysis is enabled by this row.	Deferred after v0.5 review: multiple lexical identities or grammatical cells remain compatible. Independent target-recension identity and cell evidence is required before any alternative may enter Strict top-k.
synodal:family-candidate:ba52f932fc233b0938d41b5a	deferred															ponomar-elizabeth-bible-2026-08-09,wikisource-church-slavonic-bible-2026-08-09:Acts.3.2		1000	surface similarity is a proposal and does not establish lexical identity	Deferred after review: repeated corpus surfaces and diagnostic stem, prefix, or ending features do not by themselves establish a lemma, part of speech, morphological cell, principal parts, accent class, or productive rule.
synodal:family-candidate:ba98c6a6bbb12731ee2e2f0c	deferred															ponomar-elizabeth-bible-2026-08-09:Ponomar Unicode text:Acts.13.43 supplies target-recension surface evidence		1500	Diagnostic grouping and corpus frequency are prioritization evidence only; no resolver analysis is enabled by this row.	Deferred after v0.5 structured-route review: the target corpus establishes the marked surface, but semantic expansion, all compatible typed cells, exact combining-mark order, positional restrictions, and reverse-registry behavior are not jointly supported by independent target-recension evidence.
synodal:family-candidate:baac139053066d943f2e4b28	deferred															ponomar-elizabeth-bible-2026-08-09,wikisource-church-slavonic-bible-2026-08-09:Acts.1.12		1000	surface similarity is a proposal and does not establish lexical identity	Deferred after review: the target corpus establishes a recurring titlo or superscript surface, but semantic expansion, exact grammatical cells, required marks, and reversibility are not yet independently specified.
synodal:family-candidate:bb802156b7a06c6fdd0f03cb	deferred															ponomar-elizabeth-bible-2026-08-09,wikisource-church-slavonic-bible-2026-08-09:Acts.3.9		1500	surface similarity is a proposal and does not establish lexical identity	Deferred after review: repeated corpus surfaces and diagnostic stem, prefix, or ending features do not by themselves establish a lemma, part of speech, morphological cell, principal parts, accent class, or productive rule.
synodal:family-candidate:bbe309e937bf33ebfa661014	deferred															ponomar-elizabeth-bible-2026-08-09,wikisource-church-slavonic-bible-2026-08-09:Acts.7.47,Hagg.1.2		1500	Diagnostic grouping and corpus frequency are prioritization evidence only; no resolver analysis is enabled by this row.	Deferred after v0.5 review: repeated target surfaces do not establish lemma identity, semantics, exact morphological cells, principal parts, accent class, or a productive Synodal rule.
synodal:family-candidate:bbffd2649c34d4fa99be9c1b	deferred															ponomar-elizabeth-bible-2026-08-09,wikisource-church-slavonic-bible-2026-08-09:Amos.2.14,Amos.6.13	synodal:candidate:4994eaa7f5393fcd12c2e517	5500	Diagnostic grouping and corpus frequency are prioritization evidence only; no resolver analysis is enabled by this row.	Deferred after v0.5 review: OCS dictionary membership supplies candidate evidence only; target-recension identity, semantics, exact typed cells, accents, and any productive metadata remain independently unsupported.
synodal:family-candidate:bc82f226c34a6c3aeef72cbe	deferred															ponomar-elizabeth-bible-2026-08-09,wikisource-church-slavonic-bible-2026-08-09:Amos.3.13		1000	Diagnostic grouping and corpus frequency are prioritization evidence only; no resolver analysis is enabled by this row.	Deferred after v0.5 review: repeated target surfaces do not establish lemma identity, semantics, exact morphological cells, principal parts, accent class, or a productive Synodal rule.
synodal:family-candidate:bcf80cfc98e035c9d87dcbac	deferred	synodal:noun:glas														ponomar-elizabeth-bible-2026-08-09,wikisource-church-slavonic-bible-2026-08-09:Acts.22.9,Acts.7.57	synodal:candidate:e1db7e5d0d5691e4be755a09	5500	surface similarity is a proposal and does not establish lexical identity	Deferred after review: one reviewed runtime lexeme is compatible, but the unresolved surfaces still lack independently typed target cells, exact accent or positional evidence, or a complete cited Synodal class.
synodal:family-candidate:bde496fdf825f759b3b93486	deferred															ponomar-elizabeth-bible-2026-08-09,wikisource-church-slavonic-bible-2026-08-09:Acts.1.3,Dan.11.11,Dan.3.14,Deut.16.18	synodal:candidate:076d1c8a0addaf52fcccf844	5500	surface similarity is a proposal and does not establish lexical identity	Deferred after review: the OCS Kaikki entry supplies candidate identity or form evidence only. No independently cited Synodal class, exact cell mapping, accent behavior, and target semantic continuity jointly support admission.
synodal:family-candidate:be1517232d983ba05ea26d07	deferred															ponomar-elizabeth-bible-2026-08-09,wikisource-church-slavonic-bible-2026-08-09:Acts.4.14		1000	surface similarity is a proposal and does not establish lexical identity	Deferred after review: repeated corpus surfaces and diagnostic stem, prefix, or ending features do not by themselves establish a lemma, part of speech, morphological cell, principal parts, accent class, or productive rule.
synodal:family-candidate:be482c7573010f8c3450b1db	deferred															ponomar-elizabeth-bible-2026-08-09,wikisource-church-slavonic-bible-2026-08-09:Acts.12.20		1500	Diagnostic grouping and corpus frequency are prioritization evidence only; no resolver analysis is enabled by this row.	Deferred after v0.5 review: repeated target surfaces do not establish lemma identity, semantics, exact morphological cells, principal parts, accent class, or a productive Synodal rule.
synodal:family-candidate:bef5c1f80e6062ce9f5fa3d6	deferred															ponomar-elizabeth-bible-2026-08-09,wikisource-church-slavonic-bible-2026-08-09:Acts.10.39,Acts.2.10,Dan.3.2	synodal:candidate:bed493d2f679af61b7d427b7	5500	Diagnostic grouping and corpus frequency are prioritization evidence only; no resolver analysis is enabled by this row.	Deferred after v0.5 review: OCS dictionary membership supplies candidate evidence only; target-recension identity, semantics, exact typed cells, accents, and any productive metadata remain independently unsupported.
synodal:family-candidate:bf73459730af4799c837c8b9	deferred															ponomar-elizabeth-bible-2026-08-09,wikisource-church-slavonic-bible-2026-08-09:Acts.2.19,Acts.2.2	synodal:candidate:7790891c2704c96890e42dde	5500	Diagnostic grouping and corpus frequency are prioritization evidence only; no resolver analysis is enabled by this row.	Deferred after v0.5 review: OCS dictionary membership supplies candidate evidence only; target-recension identity, semantics, exact typed cells, accents, and any productive metadata remain independently unsupported.
synodal:family-candidate:bf83622b899553b967433d32	deferred															ponomar-elizabeth-bible-2026-08-09,wikisource-church-slavonic-bible-2026-08-09:Acts.3.13,Baruch.2.20,Dan.1.17	synodal:candidate:7b1e864dda89753fee90499f	5500	Diagnostic grouping and corpus frequency are prioritization evidence only; no resolver analysis is enabled by this row.	Deferred after v0.5 review: OCS dictionary membership supplies candidate evidence only; target-recension identity, semantics, exact typed cells, accents, and any productive metadata remain independently unsupported.
synodal:family-candidate:bfae6efabd417ea1482616c6	deferred															ponomar-elizabeth-bible-2026-08-09,wikisource-church-slavonic-bible-2026-08-09:Acts.2.6		1000	surface similarity is a proposal and does not establish lexical identity	Deferred after review: repeated corpus surfaces and diagnostic stem, prefix, or ending features do not by themselves establish a lemma, part of speech, morphological cell, principal parts, accent class, or productive rule.
synodal:family-candidate:bfb6eb35b6d16ff077d1888b	deferred															ponomar-elizabeth-bible-2026-08-09:Ponomar Unicode text:Acts.1.15 supplies a source-partition target-recension surface occurrence		1000	Diagnostic grouping and frequency are prioritization evidence only; evaluation passages remain excluded from runtime evidence.	Deferred after v0.6 top-200 review: inspected diagnostic surfaces воста́въ. Target frequency and grouping do not establish target-lexeme-identity, target-morphological-cell; no runtime fact is enabled.
synodal:family-candidate:c00ad7de23cdb66b1c7b650d	deferred															ponomar-elizabeth-bible-2026-08-09,wikisource-church-slavonic-bible-2026-08-09:Acts.1.12		1500	Diagnostic grouping and corpus frequency are prioritization evidence only; no resolver analysis is enabled by this row.	Deferred after v0.5 review: repeated target surfaces do not establish lemma identity, semantics, exact morphological cells, principal parts, accent class, or a productive Synodal rule.
synodal:family-candidate:c0305d5181d7de90f9a3f3e2	deferred															ponomar-elizabeth-bible-2026-08-09:Ponomar Unicode text:Acts.12.10 supplies a source-partition target-recension surface occurrence; ponomar-elizabeth-bible-2026-08-09:Ponomar Unicode text:Acts.22.29 supplies a source-partition target-recension surface occurrence; ponomar-elizabeth-bible-2026-08-09:Ponomar Unicode text:Deut.31.6 supplies a source-partition target-recension surface occurrence		1500	Diagnostic grouping and frequency are prioritization evidence only; evaluation passages remain excluded from runtime evidence.	Deferred after v0.6 top-200 review: inspected diagnostic surfaces ѿстꙋпѝ, ѿстꙋпи́ша, ѿстꙋ́питъ. Target frequency and grouping do not establish target-lexeme-identity, target-morphological-cell; no runtime fact is enabled.
synodal:family-candidate:c3697ad28f74152db0ce0d6a	admitted	synodal:noun:angel	exact-abbreviation-variant	not-inferred	masculine			singular			exact printed form	exact lowercase breathing and titlo	initial breathing and titlo required	alypy-gamanovich-grammar-web-2023	§§2–3	v06-target-angel-lower-nom-abbreviation	alypy-3-abbreviation-inventory	10000	No blanket case folding or untitled normalization is inferred.	Admitted as the exact lowercase nominative contraction only; the untitled evil-spirit spelling remains a separate identity.
synodal:family-candidate:c3aa7d4230dd67bd81f59e50	deferred															ponomar-elizabeth-bible-2026-08-09,wikisource-church-slavonic-bible-2026-08-09:Acts.2.28,Acts.8.36		1500	surface similarity is a proposal and does not establish lexical identity	Deferred after review: repeated corpus surfaces and diagnostic stem, prefix, or ending features do not by themselves establish a lemma, part of speech, morphological cell, principal parts, accent class, or productive rule.
synodal:family-candidate:c3aeaf06e32b2eed973f9086	deferred															ponomar-elizabeth-bible-2026-08-09,wikisource-church-slavonic-bible-2026-08-09:Amos.9.8		1000	Diagnostic grouping and corpus frequency are prioritization evidence only; no resolver analysis is enabled by this row.	Deferred after v0.5 review: repeated target surfaces do not establish lemma identity, semantics, exact morphological cells, principal parts, accent class, or a productive Synodal rule.
synodal:family-candidate:c3dbb33e68bd308b6ebb65ac	deferred															ponomar-elizabeth-bible-2026-08-09,wikisource-church-slavonic-bible-2026-08-09:Acts.2.31,Acts.7.34	synodal:candidate:a18629b39c2df655d4a3651f	5500	surface similarity is a proposal and does not establish lexical identity	Deferred after review: the OCS Kaikki entry supplies candidate identity or form evidence only. No independently cited Synodal class, exact cell mapping, accent behavior, and target semantic continuity jointly support admission.
synodal:family-candidate:c3ea05a94ae4630e4353e727	deferred															ponomar-elizabeth-bible-2026-08-09,wikisource-church-slavonic-bible-2026-08-09:Acts.3.23	synodal:candidate:3aca5352494439da2531e4e7,synodal:candidate:ba743663535793622def4f2b	2500	surface similarity is a proposal and does not establish lexical identity	Deferred after review: multiple lexical identities or grammatical cells remain compatible. Corpus frequency and OCS dictionary candidates cannot resolve the target-recension ambiguity; all candidates must remain visible.
synodal:family-candidate:c65f3c90ce0fc79987f0c494	deferred															ponomar-elizabeth-bible-2026-08-09:Ponomar Unicode text:Acts.4.33 supplies target-recension surface evidence		1000	Diagnostic grouping and corpus frequency are prioritization evidence only; no resolver analysis is enabled by this row.	Deferred after v0.5 structured-route review: the target corpus establishes the marked surface, but semantic expansion, all compatible typed cells, exact combining-mark order, positional restrictions, and reverse-registry behavior are not jointly supported by independent target-recension evidence.
synodal:family-candidate:c7a75439f885ec11e208a657	deferred															ponomar-elizabeth-bible-2026-08-09:Ponomar Unicode text:Acts.17.33 supplies a source-partition target-recension surface occurrence		1500	Diagnostic grouping and frequency are prioritization evidence only; evaluation passages remain excluded from runtime evidence.	Deferred after v0.6 top-200 review: inspected diagnostic surfaces среды̀. Target frequency and grouping do not establish target-lexeme-identity, target-morphological-cell; no runtime fact is enabled.
synodal:family-candidate:c875b0d0276cf6b342525d33	deferred															ponomar-elizabeth-bible-2026-08-09,wikisource-church-slavonic-bible-2026-08-09:Acts.14.17,Acts.27.32,Apoc.11.8		1500	surface similarity is a proposal and does not establish lexical identity	Deferred after review: repeated corpus surfaces and diagnostic stem, prefix, or ending features do not by themselves establish a lemma, part of speech, morphological cell, principal parts, accent class, or productive rule.
synodal:family-candidate:c8da6ab79d289eaf8f196b6c	deferred															ponomar-elizabeth-bible-2026-08-09,wikisource-church-slavonic-bible-2026-08-09:Acts.14.2,Acts.2.27		1500	surface similarity is a proposal and does not establish lexical identity	Deferred after review: repeated corpus surfaces and diagnostic stem, prefix, or ending features do not by themselves establish a lemma, part of speech, morphological cell, principal parts, accent class, or productive rule.
synodal:family-candidate:c98f947b745b5bf3de8c03c8	deferred															ponomar-elizabeth-bible-2026-08-09:Ponomar Unicode text:III_Esdra.7.40 supplies a source-partition target-recension surface occurrence; ponomar-elizabeth-bible-2026-08-09:Ponomar Unicode text:II_Macc.15.22 supplies a source-partition target-recension surface occurrence		1500	Diagnostic grouping and frequency are prioritization evidence only; evaluation passages remain excluded from runtime evidence.	Deferred after v0.6 top-200 review: inspected diagnostic surfaces є҆зекі́а, є҆зекі́и. Target frequency and grouping do not establish target-lexeme-identity, target-morphological-cell; no runtime fact is enabled.
synodal:family-candidate:c993ee484cebcad7fac9c44c	deferred															ponomar-elizabeth-bible-2026-08-09,wikisource-church-slavonic-bible-2026-08-09:Acts.7.3		1000	surface similarity is a proposal and does not establish lexical identity	Deferred after review: repeated corpus surfaces and diagnostic stem, prefix, or ending features do not by themselves establish a lemma, part of speech, morphological cell, principal parts, accent class, or productive rule.
synodal:family-candidate:ca01001bfea19ec6e7b18245	deferred	synodal:noun:sila														ponomar-elizabeth-bible-2026-08-09,wikisource-church-slavonic-bible-2026-08-09:Acts.1.8,Acts.3.12,Acts.6.8	synodal:noun:sila	1000	surface similarity is a proposal and does not establish lexical identity	Deferred after review: one reviewed runtime lexeme is compatible, but the unresolved surfaces still lack independently typed target cells, exact accent or positional evidence, or a complete cited Synodal class.
synodal:family-candidate:caac0002968c86ed8db3e4b5	deferred															ponomar-elizabeth-bible-2026-08-09,wikisource-church-slavonic-bible-2026-08-09:Acts.10.33		1000	surface similarity is a proposal and does not establish lexical identity	Deferred after review: multiple lexical identities or grammatical cells remain compatible. Corpus frequency and OCS dictionary candidates cannot resolve the target-recension ambiguity; all candidates must remain visible.
synodal:family-candidate:cb4895b1e298df52c7563069	deferred															ponomar-elizabeth-bible-2026-08-09,wikisource-church-slavonic-bible-2026-08-09:Acts.11.8		1000	Diagnostic grouping and corpus frequency are prioritization evidence only; no resolver analysis is enabled by this row.	Deferred after v0.5 review: repeated target surfaces do not establish lemma identity, semantics, exact morphological cells, principal parts, accent class, or a productive Synodal rule.
synodal:family-candidate:cd55c50168aa43b6a4945865	deferred															english-wiktionary-ocs-kaikki-2026-08-07:synodal:candidate:b8c98d0a94475f2f81a73c3c supplies an OCS dictionary identity/form candidate (for); ponomar-elizabeth-bible-2026-08-09:Ponomar Unicode text:Acts.2.15 supplies target-recension surface evidence		5500	Diagnostic grouping and corpus frequency are prioritization evidence only; no resolver analysis is enabled by this row.	Deferred after v0.5 structured-route review: a spelling relationship is diagnostic only; exact target identity, printed accent or positional behavior, and every compatible typed cell are not independently cited together.
synodal:family-candidate:cdcdd48073d6087c35df18ba	deferred															ponomar-elizabeth-bible-2026-08-09:Ponomar Unicode text:Dan.8.4 supplies a source-partition target-recension surface occurrence; ponomar-elizabeth-bible-2026-08-09:Ponomar Unicode text:Ezek.45.23 supplies a source-partition target-recension surface occurrence		1500	Diagnostic grouping and frequency are prioritization evidence only; evaluation passages remain excluded from runtime evidence.	Deferred after v0.6 top-200 review: inspected diagnostic surfaces ѻ҆вна̀, ѻ҆внѡ́въ. Target frequency and grouping do not establish target-lexeme-identity, target-morphological-cell; no runtime fact is enabled.
synodal:family-candidate:ce15d5de735b0d47ca7c5101	deferred															wikisource-church-slavonic-bible-2026-08-09:Judg.7.15,Judg.9.7,Nehem.4.4		1500	Diagnostic grouping and corpus frequency are prioritization evidence only; no resolver analysis is enabled by this row.	Deferred after v0.5 review: repeated target surfaces do not establish lemma identity, semantics, exact morphological cells, principal parts, accent class, or a productive Synodal rule.
synodal:family-candidate:ce5a7686cda4d6e54b9b068b	deferred															ponomar-elizabeth-bible-2026-08-09,wikisource-church-slavonic-bible-2026-08-09:Acts.12.6		1000	surface similarity is a proposal and does not establish lexical identity	Deferred after review: repeated corpus surfaces and diagnostic stem, prefix, or ending features do not by themselves establish a lemma, part of speech, morphological cell, principal parts, accent class, or productive rule.
synodal:family-candidate:cf4d354e20403dfe0c71a85c	deferred															ponomar-elizabeth-bible-2026-08-09,wikisource-church-slavonic-bible-2026-08-09:Acts.1.16,Acts.3.22,Acts.7.23	synodal:candidate:a06b957f82e5eb27d573c5d5	5500	surface similarity is a proposal and does not establish lexical identity	Deferred after review: the OCS Kaikki entry supplies candidate identity or form evidence only. No independently cited Synodal class, exact cell mapping, accent behavior, and target semantic continuity jointly support admission.
synodal:family-candidate:d089e68e79b6ea720c8f801c	deferred															ponomar-elizabeth-bible-2026-08-09,wikisource-church-slavonic-bible-2026-08-09:Apoc.2.27		1500	Diagnostic grouping and corpus frequency are prioritization evidence only; no resolver analysis is enabled by this row.	Deferred after v0.5 review: repeated target surfaces do not establish lemma identity, semantics, exact morphological cells, principal parts, accent class, or a productive Synodal rule.
synodal:family-candidate:d16377350f264f506f0199b5	deferred															ponomar-elizabeth-bible-2026-08-09:Ponomar Unicode text:Acts.4.25 supplies a evaluation-partition target-recension surface occurrence		1500	Diagnostic grouping and frequency are prioritization evidence only; evaluation passages remain excluded from runtime evidence.	Deferred after v0.6 top-200 review: inspected diagnostic surfaces вскꙋ́ю. Target frequency and grouping do not establish target-lexeme-identity, target-morphological-cell; no runtime fact is enabled.
synodal:family-candidate:d1f0f2c3e89337acc9c4ab47	deferred															ponomar-elizabeth-bible-2026-08-09,wikisource-church-slavonic-bible-2026-08-09:Acts.2.27		1500	surface similarity is a proposal and does not establish lexical identity	Deferred after review: repeated corpus surfaces and diagnostic stem, prefix, or ending features do not by themselves establish a lemma, part of speech, morphological cell, principal parts, accent class, or productive rule.
synodal:family-candidate:d2da03313906ae8539bb0f22	deferred															ponomar-elizabeth-bible-2026-08-09:Acts.1.1,Acts.1.6		1000	surface similarity is a proposal and does not establish lexical identity	Deferred after review: repeated corpus surfaces and diagnostic stem, prefix, or ending features do not by themselves establish a lemma, part of speech, morphological cell, principal parts, accent class, or productive rule.
synodal:family-candidate:d36afbed075ee0a8863d5f6d	deferred															ponomar-elizabeth-bible-2026-08-09,wikisource-church-slavonic-bible-2026-08-09:Acts.7.36		1000	Diagnostic grouping and corpus frequency are prioritization evidence only; no resolver analysis is enabled by this row.	Deferred after v0.5 review: repeated target surfaces do not establish lemma identity, semantics, exact morphological cells, principal parts, accent class, or a productive Synodal rule.
synodal:family-candidate:d3cd8319ae71dca5427673e9	deferred	synodal:determiner:ves														ponomar-elizabeth-bible-2026-08-09,wikisource-church-slavonic-bible-2026-08-09:Acts.1.19,Acts.1.8,Acts.15.22,Acts.2.44,Acts.2.5	synodal:determiner:ves	8000	surface similarity is a proposal and does not establish lexical identity	Deferred after review: one reviewed runtime lexeme is compatible, but the unresolved surfaces still lack independently typed target cells, exact accent or positional evidence, or a complete cited Synodal class.
synodal:family-candidate:d4ac6fbf18901487d2e5638a	deferred															ponomar-elizabeth-bible-2026-08-09,wikisource-church-slavonic-bible-2026-08-09:Acts.20.29,Acts.9.6,Apoc.11.11,Deut.1.37		1500	surface similarity is a proposal and does not establish lexical identity	Deferred after review: repeated corpus surfaces and diagnostic stem, prefix, or ending features do not by themselves establish a lemma, part of speech, morphological cell, principal parts, accent class, or productive rule.
synodal:family-candidate:d5994f5ec5529c44828684f0	deferred															ponomar-elizabeth-bible-2026-08-09,wikisource-church-slavonic-bible-2026-08-09:Acts.10.15		1500	surface similarity is a proposal and does not establish lexical identity	Deferred after review: repeated corpus surfaces and diagnostic stem, prefix, or ending features do not by themselves establish a lemma, part of speech, morphological cell, principal parts, accent class, or productive rule.
synodal:family-candidate:d5e173e47a089ea4d070683e	deferred															ponomar-elizabeth-bible-2026-08-09,wikisource-church-slavonic-bible-2026-08-09:Acts.3.24,Acts.4.32		1500	Diagnostic grouping and corpus frequency are prioritization evidence only; no resolver analysis is enabled by this row.	Deferred after v0.5 review: repeated target surfaces do not establish lemma identity, semantics, exact morphological cells, principal parts, accent class, or a productive Synodal rule.
synodal:family-candidate:d66b8332cd750efceb8d8093	deferred															ponomar-elizabeth-bible-2026-08-09:Acts.1.16,Acts.8.35,Apoc.9.19		1500	Diagnostic grouping and corpus frequency are prioritization evidence only; no resolver analysis is enabled by this row.	Deferred after v0.5 review: repeated target surfaces do not establish lemma identity, semantics, exact morphological cells, principal parts, accent class, or a productive Synodal rule.
synodal:family-candidate:d7e62492841896500f447fa9	deferred															ponomar-elizabeth-bible-2026-08-09,wikisource-church-slavonic-bible-2026-08-09:Composite.6.17,Dan.3.38		1500	Diagnostic grouping and corpus frequency are prioritization evidence only; no resolver analysis is enabled by this row.	Deferred after v0.5 review: repeated target surfaces do not establish lemma identity, semantics, exact morphological cells, principal parts, accent class, or a productive Synodal rule.
synodal:family-candidate:d7ed82b5d1aeaf96b5d29dbd	deferred															ponomar-elizabeth-bible-2026-08-09,wikisource-church-slavonic-bible-2026-08-09:Acts.4.17		1000	Diagnostic grouping and corpus frequency are prioritization evidence only; no resolver analysis is enabled by this row.	Deferred after v0.5 review: a reviewed runtime lexeme is compatible, but the exact printed variant, accent or positional behavior, and typed cell are not independently cited together. Accentless similarity is not an admission.
synodal:family-candidate:d7fd21bf8bb6fa0535cd6ce8	deferred															ponomar-elizabeth-bible-2026-08-09:Ponomar Unicode text:Acts.7.40 supplies target-recension surface evidence		1000	Diagnostic grouping and corpus frequency are prioritization evidence only; no resolver analysis is enabled by this row.	Deferred after v0.5 structured-route review: a spelling relationship is diagnostic only; exact target identity, printed accent or positional behavior, and every compatible typed cell are not independently cited together.
synodal:family-candidate:d8aad826dcf5c2a750fe8e9e	deferred															ponomar-elizabeth-bible-2026-08-09,wikisource-church-slavonic-bible-2026-08-09:Acts.25.8,Deut.19.15,Deut.32.5		1500	Diagnostic grouping and corpus frequency are prioritization evidence only; no resolver analysis is enabled by this row.	Deferred after v0.5 review: repeated target surfaces do not establish lemma identity, semantics, exact morphological cells, principal parts, accent class, or a productive Synodal rule.
synodal:family-candidate:d8eba2b2e1a35a4d3101b72d	deferred	synodal:noun:slava														ponomar-elizabeth-bible-2026-08-09,wikisource-church-slavonic-bible-2026-08-09:Acts.7.2,Acts.7.55,Baruch.4.24	synodal:noun:slava	1000	surface similarity is a proposal and does not establish lexical identity	Deferred after review: one reviewed runtime lexeme is compatible, but the unresolved surfaces still lack independently typed target cells, exact accent or positional evidence, or a complete cited Synodal class.
synodal:family-candidate:d980f60ad89212d807bffe53	deferred															ponomar-elizabeth-bible-2026-08-09:Ponomar Unicode text:Acts.28.13 supplies target-recension surface evidence		1000	Diagnostic grouping and corpus frequency are prioritization evidence only; no resolver analysis is enabled by this row.	Deferred after v0.5 structured-route review: a spelling relationship is diagnostic only; exact target identity, printed accent or positional behavior, and every compatible typed cell are not independently cited together.
synodal:family-candidate:da0faa95f7d10ad75d9d1e79	deferred															ponomar-elizabeth-bible-2026-08-09,wikisource-church-slavonic-bible-2026-08-09:Acts.17.15	synodal:candidate:1d7350acf29179ffe5237dfc	5500	Diagnostic grouping and corpus frequency are prioritization evidence only; no resolver analysis is enabled by this row.	Deferred after v0.5 review: OCS dictionary membership supplies candidate evidence only; target-recension identity, semantics, exact typed cells, accents, and any productive metadata remain independently unsupported.
synodal:family-candidate:da7fdb89b2a2893ddb9a7700	deferred															wikisource-church-slavonic-bible-2026-08-09:Col.1.23,Col.2.1		1000	surface similarity is a proposal and does not establish lexical identity	Deferred after review: repeated corpus surfaces and diagnostic stem, prefix, or ending features do not by themselves establish a lemma, part of speech, morphological cell, principal parts, accent class, or productive rule.
synodal:family-candidate:db048e616c0c6d72a07f40c7	deferred															ponomar-elizabeth-bible-2026-08-09,wikisource-church-slavonic-bible-2026-08-09:Acts.15.7,Acts.20.34,Acts.7.34,Acts.7.49,Apoc.3.5	synodal:candidate:ab7115ba090975e4dce40585,synodal:candidate:c202e5f7ea2fc346d1e49f3a	2500	surface similarity is a proposal and does not establish lexical identity	Deferred after review: multiple lexical identities or grammatical cells remain compatible. Corpus frequency and OCS dictionary candidates cannot resolve the target-recension ambiguity; all candidates must remain visible.
synodal:family-candidate:dbb12f804702a0c9a1689eb4	deferred	synodal:noun:mesto														ponomar-elizabeth-bible-2026-08-09,wikisource-church-slavonic-bible-2026-08-09:Acts.1.25,Acts.27.2,Acts.7.7	synodal:candidate:cadee5c9f1e67b0719d4a840	5500	surface similarity is a proposal and does not establish lexical identity	Deferred after review: one reviewed runtime lexeme is compatible, but the unresolved surfaces still lack independently typed target cells, exact accent or positional evidence, or a complete cited Synodal class.
synodal:family-candidate:dcd30bc38dddb4995d6584b7	deferred															ponomar-elizabeth-bible-2026-08-09,wikisource-church-slavonic-bible-2026-08-09:Acts.5.21		1000	surface similarity is a proposal and does not establish lexical identity	Deferred after review: the target corpus establishes a recurring titlo or superscript surface, but semantic expansion, exact grammatical cells, required marks, and reversibility are not yet independently specified.
synodal:family-candidate:deb1220774805199643c86e8	deferred															ponomar-elizabeth-bible-2026-08-09,wikisource-church-slavonic-bible-2026-08-09:Acts.1.2	synodal:candidate:014692ff6c5b51458bec236c,synodal:candidate:474b7bd8b5fdc5f61f07665d	2500	surface similarity is a proposal and does not establish lexical identity	Deferred after review: multiple lexical identities or grammatical cells remain compatible. Corpus frequency and OCS dictionary candidates cannot resolve the target-recension ambiguity; all candidates must remain visible.
synodal:family-candidate:df374166e5afeecf518894a0	deferred															ponomar-elizabeth-bible-2026-08-09,wikisource-church-slavonic-bible-2026-08-09:Apoc.6.9,Apoc.8.5,Apoc.9.13		1500	Diagnostic grouping and corpus frequency are prioritization evidence only; no resolver analysis is enabled by this row.	Deferred after v0.5 review: repeated target surfaces do not establish lemma identity, semantics, exact morphological cells, principal parts, accent class, or a productive Synodal rule.
synodal:family-candidate:e0473ff1a662454dffb61933	deferred															ponomar-elizabeth-bible-2026-08-09,wikisource-church-slavonic-bible-2026-08-09:Acts.18.14,Acts.8.23		1500	Diagnostic grouping and corpus frequency are prioritization evidence only; no resolver analysis is enabled by this row.	Deferred after v0.5 review: repeated target surfaces do not establish lemma identity, semantics, exact morphological cells, principal parts, accent class, or a productive Synodal rule.
synodal:family-candidate:e07abe93741ccd65a87d9f26	deferred															ponomar-elizabeth-bible-2026-08-09,wikisource-church-slavonic-bible-2026-08-09:Acts.2.22	synodal:candidate:094503a2d9cefbf62e5c3cf2,synodal:candidate:4fe5137e233e66953cb49096	2500	Diagnostic grouping and corpus frequency are prioritization evidence only; no resolver analysis is enabled by this row.	Deferred after v0.5 review: multiple lexical identities or grammatical cells remain compatible. Independent target-recension identity and cell evidence is required before any alternative may enter Strict top-k.
synodal:family-candidate:e09df4f39e042dfe8302f1b7	deferred															ponomar-elizabeth-bible-2026-08-09,wikisource-church-slavonic-bible-2026-08-09:Acts.2.34,Amos.8.8,Apoc.4.1		1500	surface similarity is a proposal and does not establish lexical identity	Deferred after review: repeated corpus surfaces and diagnostic stem, prefix, or ending features do not by themselves establish a lemma, part of speech, morphological cell, principal parts, accent class, or productive rule.
synodal:family-candidate:e0c357a006a1ca85140aaf76	deferred															ponomar-elizabeth-bible-2026-08-09,wikisource-church-slavonic-bible-2026-08-09:Acts.3.2,Amos.1.11,Deut.33.9	synodal:candidate:a0a33dfa77c79c20e37dedad	5500	Diagnostic grouping and corpus frequency are prioritization evidence only; no resolver analysis is enabled by this row.	Deferred after v0.5 review: OCS dictionary membership supplies candidate evidence only; target-recension identity, semantics, exact typed cells, accents, and any productive metadata remain independently unsupported.
synodal:family-candidate:e0d824f85a5ffea1a2236106	deferred															ponomar-elizabeth-bible-2026-08-09:Ponomar Unicode text:Composite.6.10 supplies a source-partition target-recension surface occurrence		1500	Diagnostic grouping and frequency are prioritization evidence only; evaluation passages remain excluded from runtime evidence.	Deferred after v0.6 top-200 review: inspected diagnostic surfaces є҆гѵ́пта. Target frequency and grouping do not establish target-lexeme-identity, target-morphological-cell; no runtime fact is enabled.
synodal:family-candidate:e11da4fb4c6cf6c23c6fec11	deferred															ponomar-elizabeth-bible-2026-08-09,wikisource-church-slavonic-bible-2026-08-09:Acts.1.5	synodal:candidate:47fa23a7ed6be05442a2fd88,synodal:candidate:5471d4207f6490854e1f5d0c	2500	surface similarity is a proposal and does not establish lexical identity	Deferred after review: multiple lexical identities or grammatical cells remain compatible. Corpus frequency and OCS dictionary candidates cannot resolve the target-recension ambiguity; all candidates must remain visible.
synodal:family-candidate:e147831bf0d7950f6e4dc87a	deferred															ponomar-elizabeth-bible-2026-08-09:Ponomar Unicode text:Acts.15.23 supplies a source-partition target-recension surface occurrence		1000	Diagnostic grouping and frequency are prioritization evidence only; evaluation passages remain excluded from runtime evidence.	Deferred after v0.6 top-200 review: inspected diagnostic surfaces сꙋ́щымъ. Target frequency and grouping do not establish target-lexeme-identity, target-morphological-cell; no runtime fact is enabled.
synodal:family-candidate:e1f48fe7b3d835b0fb312493	deferred															ponomar-elizabeth-bible-2026-08-09:Ponomar Unicode text:Apoc.2.4 supplies target-recension surface evidence		1000	Diagnostic grouping and corpus frequency are prioritization evidence only; no resolver analysis is enabled by this row.	Deferred after v0.5 structured-route review: a spelling relationship is diagnostic only; exact target identity, printed accent or positional behavior, and every compatible typed cell are not independently cited together.
synodal:family-candidate:e20a49bdb7afdd1e58d29ff6	deferred															ponomar-elizabeth-bible-2026-08-09:Ponomar Unicode text:Acts.9.25 supplies target-recension surface evidence		1500	Diagnostic grouping and corpus frequency are prioritization evidence only; no resolver analysis is enabled by this row.	Deferred after v0.5 structured-route review: the target corpus establishes the marked surface, but semantic expansion, all compatible typed cells, exact combining-mark order, positional restrictions, and reverse-registry behavior are not jointly supported by independent target-recension evidence.
synodal:family-candidate:e2df9775c4cb8e7ca9e4bfc3	deferred	synodal:noun:wikt-f7edd7b689ae														ponomar-elizabeth-bible-2026-08-09,wikisource-church-slavonic-bible-2026-08-09:Acts.3.19,Acts.7.60,Amos.5.12,Ex.32.30,Ezek.3.20	synodal:candidate:f7edd7b689ae7347980af3cf	5500	surface similarity is a proposal and does not establish lexical identity	Deferred after review: one reviewed runtime lexeme is compatible, but the unresolved surfaces still lack independently typed target cells, exact accent or positional evidence, or a complete cited Synodal class.
synodal:family-candidate:e3d6285cbf0a627df77c169e	deferred															ponomar-elizabeth-bible-2026-08-09,wikisource-church-slavonic-bible-2026-08-09:III_Kings.1.42		1000	Diagnostic grouping and corpus frequency are prioritization evidence only; no resolver analysis is enabled by this row.	Deferred after v0.5 review: repeated target surfaces do not establish lemma identity, semantics, exact morphological cells, principal parts, accent class, or a productive Synodal rule.
synodal:family-candidate:e3f332600a3e0c963e149665	deferred															ponomar-elizabeth-bible-2026-08-09,wikisource-church-slavonic-bible-2026-08-09:Apoc.1.9	synodal:candidate:2f9f5375974fc02242125059,synodal:candidate:b8bf2323a51907e002e7e66c	2500	Diagnostic grouping and corpus frequency are prioritization evidence only; no resolver analysis is enabled by this row.	Deferred after v0.5 review: multiple lexical identities or grammatical cells remain compatible. Independent target-recension identity and cell evidence is required before any alternative may enter Strict top-k.
synodal:family-candidate:e3f9beda140b07d38e739175	deferred															ponomar-elizabeth-bible-2026-08-09:Ponomar Unicode text:Amos.8.5 supplies a source-partition target-recension surface occurrence; ponomar-elizabeth-bible-2026-08-09:Ponomar Unicode text:Baruch.3.30 supplies a source-partition target-recension surface occurrence		1500	Diagnostic grouping and frequency are prioritization evidence only; evaluation passages remain excluded from runtime evidence.	Deferred after v0.6 top-200 review: inspected diagnostic surfaces пре́йде, пре́йдетъ, пре́йдꙋтъ. Target frequency and grouping do not establish target-lexeme-identity, target-morphological-cell; no runtime fact is enabled.
synodal:family-candidate:e4dac5c791492ed53610da5d	deferred															ponomar-elizabeth-bible-2026-08-09,wikisource-church-slavonic-bible-2026-08-09:Acts.10.24,Acts.7.26,Dan.2.13		1500	Diagnostic grouping and corpus frequency are prioritization evidence only; no resolver analysis is enabled by this row.	Deferred after v0.5 review: repeated target surfaces do not establish lemma identity, semantics, exact morphological cells, principal parts, accent class, or a productive Synodal rule.
synodal:family-candidate:e5066a4c8d64a2b13a59cc3a	deferred															ponomar-elizabeth-bible-2026-08-09,wikisource-church-slavonic-bible-2026-08-09:Acts.7.13	synodal:candidate:05132a491d72da073e7b451b	5500	surface similarity is a proposal and does not establish lexical identity	Deferred after review: the OCS Kaikki entry supplies candidate identity or form evidence only. No independently cited Synodal class, exact cell mapping, accent behavior, and target semantic continuity jointly support admission.
synodal:family-candidate:e54338bf650d255567051b86	deferred															ponomar-elizabeth-bible-2026-08-09:Ponomar Unicode text:Acts.12.20 supplies a evaluation-partition target-recension surface occurrence		1500	Diagnostic grouping and frequency are prioritization evidence only; evaluation passages remain excluded from runtime evidence.	Deferred after v0.6 top-200 review: inspected diagnostic surfaces ца́рства. Target frequency and grouping do not establish target-lexeme-identity, target-morphological-cell; no runtime fact is enabled.
synodal:family-candidate:e61ed36390a4529fcdbda736	deferred															ponomar-elizabeth-bible-2026-08-09,wikisource-church-slavonic-bible-2026-08-09:Acts.4.25,Acts.4.27		1000	surface similarity is a proposal and does not establish lexical identity	Deferred after review: repeated corpus surfaces and diagnostic stem, prefix, or ending features do not by themselves establish a lemma, part of speech, morphological cell, principal parts, accent class, or productive rule.
synodal:family-candidate:e777721e35de175752771fa0	deferred															ponomar-elizabeth-bible-2026-08-09:Ponomar Unicode text:Amos.8.3 supplies a source-partition target-recension surface occurrence; ud-ocs-proiel-r2.18:synodal:candidate:4edf7c2e864a91e77829a449 supplies a source-partition typed OCS token witness for lemma вьсь (Case=Loc|Gender=Neut|Number=Sing); ud-ocs-proiel-r2.18:synodal:candidate:781af2599bcb08c299f945a0 supplies a source-partition typed OCS token witness for lemma вьсь (Case=Loc|Gender=Neut|Number=Sing)		1000	Diagnostic grouping and frequency are prioritization evidence only; evaluation passages remain excluded from runtime evidence.	Deferred after v0.6 top-200 review: inspected diagnostic surfaces все́мъ. Target frequency and grouping do not establish target-lexeme-identity, target-morphological-cell; no runtime fact is enabled.
synodal:family-candidate:e7ae52627d9fa49550a6499c	deferred															ponomar-elizabeth-bible-2026-08-09,wikisource-church-slavonic-bible-2026-08-09:Acts.7.60,Apoc.6.10		1500	Diagnostic grouping and corpus frequency are prioritization evidence only; no resolver analysis is enabled by this row.	Deferred after v0.5 review: repeated target surfaces do not establish lemma identity, semantics, exact morphological cells, principal parts, accent class, or a productive Synodal rule.
synodal:family-candidate:e7fb71e46d1e750ce1f149ae	deferred															ponomar-elizabeth-bible-2026-08-09,wikisource-church-slavonic-bible-2026-08-09:Acts.2.17		1500	Diagnostic grouping and corpus frequency are prioritization evidence only; no resolver analysis is enabled by this row.	Deferred after v0.5 review: repeated target surfaces do not establish lemma identity, semantics, exact morphological cells, principal parts, accent class, or a productive Synodal rule.
synodal:family-candidate:ea375f29f2b2410357af637d	deferred	synodal:noun:zhena														ponomar-elizabeth-bible-2026-08-09,wikisource-church-slavonic-bible-2026-08-09:Acts.5.14,Acts.5.2,Acts.5.7	synodal:candidate:4feeb91643d66e386f00a177	5500	surface similarity is a proposal and does not establish lexical identity	Deferred after review: one reviewed runtime lexeme is compatible, but the unresolved surfaces still lack independently typed target cells, exact accent or positional evidence, or a complete cited Synodal class.
synodal:family-candidate:ea4f1380578b2ee07ca73aaa	deferred															ponomar-elizabeth-bible-2026-08-09:Ponomar Unicode text:Acts.7.2 supplies target-recension surface evidence		1000	Diagnostic grouping and corpus frequency are prioritization evidence only; no resolver analysis is enabled by this row.	Deferred after v0.5 structured-route review: the target corpus establishes the marked surface, but semantic expansion, all compatible typed cells, exact combining-mark order, positional restrictions, and reverse-registry behavior are not jointly supported by independent target-recension evidence.
synodal:family-candidate:eaaaaedede723fce4ebd855e	deferred	synodal:noun:vera														ponomar-elizabeth-bible-2026-08-09,wikisource-church-slavonic-bible-2026-08-09:Acts.14.9,Acts.15.9,Acts.6.5	synodal:noun:vera	1000	surface similarity is a proposal and does not establish lexical identity	Deferred after review: one reviewed runtime lexeme is compatible, but the unresolved surfaces still lack independently typed target cells, exact accent or positional evidence, or a complete cited Synodal class.
synodal:family-candidate:ec27221de167e4a94c99a86d	deferred															ponomar-elizabeth-bible-2026-08-09,wikisource-church-slavonic-bible-2026-08-09:Acts.10.29		1000	Diagnostic grouping and corpus frequency are prioritization evidence only; no resolver analysis is enabled by this row.	Deferred after v0.5 review: repeated target surfaces do not establish lemma identity, semantics, exact morphological cells, principal parts, accent class, or a productive Synodal rule.
synodal:family-candidate:ec872cf43c8ecb5fcb71e8ca	deferred															ponomar-elizabeth-bible-2026-08-09,wikisource-church-slavonic-bible-2026-08-09:Acts.3.12		1000	surface similarity is a proposal and does not establish lexical identity	Deferred after review: repeated corpus surfaces and diagnostic stem, prefix, or ending features do not by themselves establish a lemma, part of speech, morphological cell, principal parts, accent class, or productive rule.
synodal:family-candidate:edbee044ed1b73b8fd0e7d8e	admitted	synodal:pronoun:izhe	exact-cell-table	not-inferred			reviewed singular and plural cells only	agreement-conditioned accusative	third-person forms plus invariant -же; prepositional н- only in exact rows		explicit singular/plural and genitive/accusative accent contrasts	exact positional letters and printed forms		alypy-gamanovich-grammar-web-2023	§47 notes 1, 3, and 5	ponomar-acts-3-24-izhe-plural,ponomar-acts-1-7-izhe-yazhe,ponomar-acts-1-24-izhe-egozhe,ponomar-acts-5-25-izhe-ikhzhe,ponomar-acts-7-3-izhe-yuzhe,ponomar-acts-1-11-izhe-imzhe,ponomar-acts-10-6-izhe-nikhzhe,ponomar-acts-2-8-izhe-nemzhe,ponomar-acts-2-32-izhe-emuzhe,ponomar-acts-2-45-izhe-egozhe-genitive,ponomar-apoc-19-20-izhe-imizhe,ponomar-baruch-2-34-izhe-eyuzhe,ponomar-acts-7-4-izhe-neyzhe,ponomar-acts-1-25-izhe-negozhe,ponomar-acts-10-21-izhe-eyazhe,ponomar-acts-11-6-izhe-nyuzhe,ponomar-dan-1-18-izhe-nyazhe	sense:relative-who; alypy-47-relative	10000	Only target-witnessed printed surfaces and all normatively compatible cells for those surfaces are admitted; unreviewed dual forms remain absent	Admitted as an exact-cell relative-pronoun expansion preserving animate, gender, accent, omega/o, and prepositional n distinctions.
synodal:family-candidate:edfdf3629f45dd80d6e8542a	deferred															english-wiktionary-ocs-kaikki-2026-08-07:synodal:candidate:18c9a96e1e8b816e0558a1e6 supplies an OCS dictionary identity/form candidate (to give; to allow); english-wiktionary-ocs-kaikki-2026-08-07:synodal:candidate:3ef2283960f6623cd8be53bb supplies an OCS dictionary identity/form candidate (given; Participe past passive masculine singular of дати (dati, “to give”).); english-wiktionary-ocs-kaikki-2026-08-07:synodal:candidate:42620cbc302fae04fdad827b supplies an OCS dictionary identity/form candidate (to give); ponomar-elizabeth-bible-2026-08-09:Ponomar Unicode text:Apoc.6.4 supplies target-recension surface evidence; ponomar-elizabeth-bible-2026-08-09:Ponomar Unicode text:Apoc.6.8 supplies target-recension surface evidence		2500	Diagnostic grouping and corpus frequency are prioritization evidence only; no resolver analysis is enabled by this row.	Deferred after v0.5 structured-route review: a spelling relationship is diagnostic only; exact target identity, printed accent or positional behavior, and every compatible typed cell are not independently cited together.
synodal:family-candidate:ee55310d98844a9dfc25eb5c	deferred															ponomar-elizabeth-bible-2026-08-09,wikisource-church-slavonic-bible-2026-08-09:Acts.26.12,Composite.7.11,Dan.2.13		1500	Diagnostic grouping and corpus frequency are prioritization evidence only; no resolver analysis is enabled by this row.	Deferred after v0.5 review: repeated target surfaces do not establish lemma identity, semantics, exact morphological cells, principal parts, accent class, or a productive Synodal rule.
synodal:family-candidate:ee886d048afa62c3509f7ef1	deferred															ponomar-elizabeth-bible-2026-08-09,wikisource-church-slavonic-bible-2026-08-09:Composite.4.3,Eccles.4.14		1500	Diagnostic grouping and corpus frequency are prioritization evidence only; no resolver analysis is enabled by this row.	Deferred after v0.5 review: repeated target surfaces do not establish lemma identity, semantics, exact morphological cells, principal parts, accent class, or a productive Synodal rule.
synodal:family-candidate:eff61065f32ca530b2450f60	deferred															ponomar-elizabeth-bible-2026-08-09,wikisource-church-slavonic-bible-2026-08-09:Amos.4.2,Baruch.3.30,Deut.14.25		1500	Diagnostic grouping and corpus frequency are prioritization evidence only; no resolver analysis is enabled by this row.	Deferred after v0.5 review: repeated target surfaces do not establish lemma identity, semantics, exact morphological cells, principal parts, accent class, or a productive Synodal rule.
synodal:family-candidate:f01738ebf4d8fc5ec84c519a	deferred															ponomar-elizabeth-bible-2026-08-09,wikisource-church-slavonic-bible-2026-08-09:Acts.1.7,Acts.24.17,Acts.3.21	synodal:candidate:d1fac33ea5654299e089c653	5500	surface similarity is a proposal and does not establish lexical identity	Deferred after review: the OCS Kaikki entry supplies candidate identity or form evidence only. No independently cited Synodal class, exact cell mapping, accent behavior, and target semantic continuity jointly support admission.
synodal:family-candidate:f0d31c4e08329c294a19bf5d	deferred															ponomar-elizabeth-bible-2026-08-09,wikisource-church-slavonic-bible-2026-08-09:Acts.2.26		1000	surface similarity is a proposal and does not establish lexical identity	Deferred after review: repeated corpus surfaces and diagnostic stem, prefix, or ending features do not by themselves establish a lemma, part of speech, morphological cell, principal parts, accent class, or productive rule.
synodal:family-candidate:f130db4b320221f3e152becb	deferred															ponomar-elizabeth-bible-2026-08-09,wikisource-church-slavonic-bible-2026-08-09:Acts.3.12,Acts.3.2		1500	surface similarity is a proposal and does not establish lexical identity	Deferred after review: repeated corpus surfaces and diagnostic stem, prefix, or ending features do not by themselves establish a lemma, part of speech, morphological cell, principal parts, accent class, or productive rule.
synodal:family-candidate:f1a4ae8f343299b546b343ac	deferred															ponomar-elizabeth-bible-2026-08-09,wikisource-church-slavonic-bible-2026-08-09:Acts.2.19,Acts.28.8,Amos.4.10,Amos.4.11	synodal:candidate:f1793208f7c93f69ce38d25d	5500	surface similarity is a proposal and does not establish lexical identity	Deferred after review: the OCS Kaikki entry supplies candidate identity or form evidence only. No independently cited Synodal class, exact cell mapping, accent behavior, and target semantic continuity jointly support admission.
synodal:family-candidate:f1b41e75b926724e3e96ca7f	deferred															ponomar-elizabeth-bible-2026-08-09:Ponomar Unicode text:Acts.13.29 supplies a source-partition target-recension surface occurrence; ponomar-elizabeth-bible-2026-08-09:Ponomar Unicode text:Dan.13.54 supplies a source-partition target-recension surface occurrence		1500	Diagnostic grouping and frequency are prioritization evidence only; evaluation passages remain excluded from runtime evidence.	Deferred after v0.6 top-200 review: inspected diagnostic surfaces дре́ва, дре́вомъ. Target frequency and grouping do not establish target-lexeme-identity, target-morphological-cell; no runtime fact is enabled.
synodal:family-candidate:f23aa921e0e260b7714a78ea	deferred															ponomar-elizabeth-bible-2026-08-09:Ponomar Unicode text:Acts.2.47 supplies target-recension surface evidence		1500	Diagnostic grouping and corpus frequency are prioritization evidence only; no resolver analysis is enabled by this row.	Deferred after v0.5 structured-route review: the target corpus establishes the marked surface, but semantic expansion, all compatible typed cells, exact combining-mark order, positional restrictions, and reverse-registry behavior are not jointly supported by independent target-recension evidence.
synodal:family-candidate:f2c6279ea6468c2f30b71f0f	deferred															ponomar-elizabeth-bible-2026-08-09,wikisource-church-slavonic-bible-2026-08-09:Acts.3.9		1500	Diagnostic grouping and corpus frequency are prioritization evidence only; no resolver analysis is enabled by this row.	Deferred after v0.5 review: repeated target surfaces do not establish lemma identity, semantics, exact morphological cells, principal parts, accent class, or a productive Synodal rule.
synodal:family-candidate:f302ecb7d5fa10534b466178	deferred															ponomar-elizabeth-bible-2026-08-09,wikisource-church-slavonic-bible-2026-08-09:Acts.3.7		1000	surface similarity is a proposal and does not establish lexical identity	Deferred after review: repeated corpus surfaces and diagnostic stem, prefix, or ending features do not by themselves establish a lemma, part of speech, morphological cell, principal parts, accent class, or productive rule.
synodal:family-candidate:f4355f73427ae5fb419f42fc	deferred															ponomar-elizabeth-bible-2026-08-09,wikisource-church-slavonic-bible-2026-08-09:Acts.4.28		1000	surface similarity is a proposal and does not establish lexical identity	Deferred after review: repeated corpus surfaces and diagnostic stem, prefix, or ending features do not by themselves establish a lemma, part of speech, morphological cell, principal parts, accent class, or productive rule.
synodal:family-candidate:f4468ccc7e59b72ead02f3ab	deferred															ponomar-elizabeth-bible-2026-08-09:Ponomar Unicode text:Acts.8.32 supplies a source-partition target-recension surface occurrence		1000	Diagnostic grouping and frequency are prioritization evidence only; evaluation passages remain excluded from runtime evidence.	Deferred after v0.6 top-200 review: inspected diagnostic surfaces прѧ́мѡ. Target frequency and grouping do not establish target-lexeme-identity, target-morphological-cell; no runtime fact is enabled.
synodal:family-candidate:f4af2f6e19329caeaaccaad0	deferred															ponomar-elizabeth-bible-2026-08-09:Ponomar Unicode text:Acts.6.9 supplies a evaluation-partition target-recension surface occurrence		1500	Diagnostic grouping and frequency are prioritization evidence only; evaluation passages remain excluded from runtime evidence.	Deferred after v0.6 top-200 review: inspected diagnostic surfaces нѣ́цыи. Target frequency and grouping do not establish target-lexeme-identity, target-morphological-cell; no runtime fact is enabled.
synodal:family-candidate:f4f74d133ec6a9950f92705b	deferred															ponomar-elizabeth-bible-2026-08-09:Ponomar Unicode text:Acts.10.22 supplies target-recension surface evidence		1000	Diagnostic grouping and corpus frequency are prioritization evidence only; no resolver analysis is enabled by this row.	Deferred after v0.5 structured-route review: the target corpus establishes the marked surface, but semantic expansion, all compatible typed cells, exact combining-mark order, positional restrictions, and reverse-registry behavior are not jointly supported by independent target-recension evidence.
synodal:family-candidate:f551845305729d1cdf660920	deferred															ponomar-elizabeth-bible-2026-08-09,wikisource-church-slavonic-bible-2026-08-09:Acts.2.36		1000	Diagnostic grouping and corpus frequency are prioritization evidence only; no resolver analysis is enabled by this row.	Deferred after v0.5 review: repeated target surfaces do not establish lemma identity, semantics, exact morphological cells, principal parts, accent class, or a productive Synodal rule.
synodal:family-candidate:f6a9086bfeda6da6309a8206	deferred															ponomar-elizabeth-bible-2026-08-09,wikisource-church-slavonic-bible-2026-08-09:Acts.12.2,Acts.9.17	synodal:candidate:2f9f5375974fc02242125059	5500	surface similarity is a proposal and does not establish lexical identity	Deferred after review: the OCS Kaikki entry supplies candidate identity or form evidence only. No independently cited Synodal class, exact cell mapping, accent behavior, and target semantic continuity jointly support admission.
synodal:family-candidate:f78b9424421788bbea73a5cf	deferred															ponomar-elizabeth-bible-2026-08-09:Ponomar Unicode text:Dan.9.2 supplies a source-partition target-recension surface occurrence; ponomar-elizabeth-bible-2026-08-09:Ponomar Unicode text:Epistle.1.1 supplies a source-partition target-recension surface occurrence		1500	Diagnostic grouping and frequency are prioritization evidence only; evaluation passages remain excluded from runtime evidence.	Deferred after v0.6 top-200 review: inspected diagnostic surfaces і҆еремі́а, і҆еремі́и. Target frequency and grouping do not establish target-lexeme-identity, target-morphological-cell; no runtime fact is enabled.
synodal:family-candidate:f82ab71e7c2fc87eaf94976e	deferred															ponomar-elizabeth-bible-2026-08-09,wikisource-church-slavonic-bible-2026-08-09:Acts.5.35	synodal:candidate:afe4c07be8fbfd2b50163fdc	5500	surface similarity is a proposal and does not establish lexical identity	Deferred after review: the OCS Kaikki entry supplies candidate identity or form evidence only. No independently cited Synodal class, exact cell mapping, accent behavior, and target semantic continuity jointly support admission.
synodal:family-candidate:f85ca5458d69dd6387a90fe3	deferred															ponomar-elizabeth-bible-2026-08-09:Ponomar Unicode text:Acts.1.1 supplies a evaluation-partition target-recension surface occurrence		1000	Diagnostic grouping and frequency are prioritization evidence only; evaluation passages remain excluded from runtime evidence.	Deferred after v0.6 top-200 review: inspected diagnostic surfaces ѽ. Target frequency and grouping do not establish identity-or-spelling-variant-decision; no runtime fact is enabled.
synodal:family-candidate:f899d3817c6d9a6789187715	deferred															ponomar-elizabeth-bible-2026-08-09,wikisource-church-slavonic-bible-2026-08-09:Acts.5.2		1000	Diagnostic grouping and corpus frequency are prioritization evidence only; no resolver analysis is enabled by this row.	Deferred after v0.5 review: repeated target surfaces do not establish lemma identity, semantics, exact morphological cells, principal parts, accent class, or a productive Synodal rule.
synodal:family-candidate:f9150909972411bffbe10440	deferred															ponomar-elizabeth-bible-2026-08-09:Ponomar Unicode text:Acts.6.14 supplies a source-partition target-recension surface occurrence		1500	Diagnostic grouping and frequency are prioritization evidence only; evaluation passages remain excluded from runtime evidence.	Deferred after v0.6 top-200 review: inspected diagnostic surfaces предадѐ. Target frequency and grouping do not establish target-lexeme-identity, target-morphological-cell; no runtime fact is enabled.
synodal:family-candidate:fa61ad9f13d34c6e350702f6	deferred															ponomar-elizabeth-bible-2026-08-09,wikisource-church-slavonic-bible-2026-08-09:Apoc.1.6		1500	Diagnostic grouping and corpus frequency are prioritization evidence only; no resolver analysis is enabled by this row.	Deferred after v0.5 review: repeated target surfaces do not establish lemma identity, semantics, exact morphological cells, principal parts, accent class, or a productive Synodal rule.
synodal:family-candidate:fa89609e01c59e4c14678bd6	deferred															ponomar-elizabeth-bible-2026-08-09:Ponomar Unicode text:Composite.3.1 supplies target-recension surface evidence		1000	Diagnostic grouping and corpus frequency are prioritization evidence only; no resolver analysis is enabled by this row.	Deferred after v0.5 structured-route review: the target corpus establishes the marked surface, but semantic expansion, all compatible typed cells, exact combining-mark order, positional restrictions, and reverse-registry behavior are not jointly supported by independent target-recension evidence.
synodal:family-candidate:faa6d7808ae9ca507bf61735	deferred															ponomar-elizabeth-bible-2026-08-09,wikisource-church-slavonic-bible-2026-08-09:Acts.3.13,Acts.7.20		1000	surface similarity is a proposal and does not establish lexical identity	Deferred after review: repeated corpus surfaces and diagnostic stem, prefix, or ending features do not by themselves establish a lemma, part of speech, morphological cell, principal parts, accent class, or productive rule.
synodal:family-candidate:fb8c1d62a628f914220aa044	deferred															ponomar-elizabeth-bible-2026-08-09,wikisource-church-slavonic-bible-2026-08-09:Acts.11.18,Acts.2.5,Acts.4.27,Acts.7.45		1500	surface similarity is a proposal and does not establish lexical identity	Deferred after review: repeated corpus surfaces and diagnostic stem, prefix, or ending features do not by themselves establish a lemma, part of speech, morphological cell, principal parts, accent class, or productive rule.
synodal:family-candidate:fd17c5b380a69c6c2514c93d	deferred															ponomar-elizabeth-bible-2026-08-09,wikisource-church-slavonic-bible-2026-08-09:Acts.11.19		1000	surface similarity is a proposal and does not establish lexical identity	Deferred after review: repeated corpus surfaces and diagnostic stem, prefix, or ending features do not by themselves establish a lemma, part of speech, morphological cell, principal parts, accent class, or productive rule.
synodal:family-candidate:fed04ced335d5bb505fc6f65	deferred															ponomar-elizabeth-bible-2026-08-09:Ponomar Unicode text:Acts.21.34 supplies a source-partition target-recension surface occurrence		1000	Diagnostic grouping and frequency are prioritization evidence only; evaluation passages remain excluded from runtime evidence.	Deferred after v0.6 top-200 review: inspected diagnostic surfaces по́лкъ. Target frequency and grouping do not establish target-lexeme-identity, target-morphological-cell; no runtime fact is enabled.
synodal:family-candidate:ff0393b977ea0fd3e030ee0e	deferred															ponomar-elizabeth-bible-2026-08-09,wikisource-church-slavonic-bible-2026-08-09:Ex.6.15		1000	Diagnostic grouping and corpus frequency are prioritization evidence only; no resolver analysis is enabled by this row.	Deferred after v0.5 review: repeated target surfaces do not establish lemma identity, semantics, exact morphological cells, principal parts, accent class, or a productive Synodal rule.
synodal:family-candidate:6491312e1e44f95cc2214d5c	deferred																	1000	surface similarity is a proposal and does not establish lexical identity	Deferred after v0.7 horizon review: the proposal lacks accent-or-printed-orthography, accentclass. Surface similarity, possible endings, corpus frequency, and evaluation-partition occurrences are diagnostic only and cannot license a runtime identity, cell, spelling rule, or productive family.
synodal:family-candidate:e8e41c05f87696e02d274bcc	deferred																	1000	surface similarity is a proposal and does not establish lexical identity	Deferred after v0.7 horizon review: the proposal lacks accent-or-printed-orthography, accentclass. Surface similarity, possible endings, corpus frequency, and evaluation-partition occurrences are diagnostic only and cannot license a runtime identity, cell, spelling rule, or productive family.
synodal:family-candidate:0f28dab5c00695f00ecd0917	deferred																	1500	surface similarity is a proposal and does not establish lexical identity	Deferred after v0.7 horizon review: the proposal lacks target-lexeme-identity, target-morphological-cell. Surface similarity, possible endings, corpus frequency, and evaluation-partition occurrences are diagnostic only and cannot license a runtime identity, cell, spelling rule, or productive family.
synodal:family-candidate:120c6dfff80ae80affc57b4b	deferred																	1000	surface similarity is a proposal and does not establish lexical identity	Deferred after v0.7 horizon review: the proposal lacks target-lexeme-identity, target-morphological-cell. Surface similarity, possible endings, corpus frequency, and evaluation-partition occurrences are diagnostic only and cannot license a runtime identity, cell, spelling rule, or productive family.
synodal:family-candidate:3fd62d5099871072e61c8b8f	deferred																	1000	surface similarity is a proposal and does not establish lexical identity	Deferred after v0.7 horizon review: the proposal lacks target-lexeme-identity, target-morphological-cell. Surface similarity, possible endings, corpus frequency, and evaluation-partition occurrences are diagnostic only and cannot license a runtime identity, cell, spelling rule, or productive family.
synodal:family-candidate:5c84dc40254d5ecc5a36a362	deferred																	1500	surface similarity is a proposal and does not establish lexical identity	Deferred after v0.7 horizon review: the proposal lacks target-lexeme-identity, target-morphological-cell. Surface similarity, possible endings, corpus frequency, and evaluation-partition occurrences are diagnostic only and cannot license a runtime identity, cell, spelling rule, or productive family.
synodal:family-candidate:37b97d6d7f126377ffe44dde	deferred																	1500	surface similarity is a proposal and does not establish lexical identity	Deferred after v0.7 horizon review: the proposal lacks target-lexeme-identity, target-morphological-cell. Surface similarity, possible endings, corpus frequency, and evaluation-partition occurrences are diagnostic only and cannot license a runtime identity, cell, spelling rule, or productive family.
synodal:family-candidate:f3eacc9397a2a3df06d8155b	deferred																	1500	surface similarity is a proposal and does not establish lexical identity	Deferred after v0.7 horizon review: the proposal lacks target-lexeme-identity, target-morphological-cell. Surface similarity, possible endings, corpus frequency, and evaluation-partition occurrences are diagnostic only and cannot license a runtime identity, cell, spelling rule, or productive family.
synodal:family-candidate:206f38d7afc7587c2aca4524	deferred																	1000	surface similarity is a proposal and does not establish lexical identity	Deferred after v0.7 horizon review: the proposal lacks target-lexeme-identity, target-morphological-cell. Surface similarity, possible endings, corpus frequency, and evaluation-partition occurrences are diagnostic only and cannot license a runtime identity, cell, spelling rule, or productive family.
synodal:family-candidate:b57d8e1794dbbe702309b6ff	deferred																	1500	surface similarity is a proposal and does not establish lexical identity	Deferred after v0.7 horizon review: the proposal lacks target-lexeme-identity, target-morphological-cell. Surface similarity, possible endings, corpus frequency, and evaluation-partition occurrences are diagnostic only and cannot license a runtime identity, cell, spelling rule, or productive family.
synodal:family-candidate:431d9c4ea52d4b3a0fb85da2	deferred																	1000	surface similarity is a proposal and does not establish lexical identity	Deferred after v0.7 horizon review: the proposal lacks target-lexeme-identity, target-morphological-cell. Surface similarity, possible endings, corpus frequency, and evaluation-partition occurrences are diagnostic only and cannot license a runtime identity, cell, spelling rule, or productive family.
synodal:family-candidate:c3e04cca25a9799ee13648b9	deferred																	1500	surface similarity is a proposal and does not establish lexical identity	Deferred after v0.7 horizon review: the proposal lacks target-lexeme-identity, target-morphological-cell. Surface similarity, possible endings, corpus frequency, and evaluation-partition occurrences are diagnostic only and cannot license a runtime identity, cell, spelling rule, or productive family.
synodal:family-candidate:cf06bc66b8f6a57bd2356fb6	deferred																	1000	surface similarity is a proposal and does not establish lexical identity	Deferred after v0.7 horizon review: the proposal lacks target-lexeme-identity, target-morphological-cell. Surface similarity, possible endings, corpus frequency, and evaluation-partition occurrences are diagnostic only and cannot license a runtime identity, cell, spelling rule, or productive family.
synodal:family-candidate:f68ba5c6c99bf6251076ee26	deferred																	1000	surface similarity is a proposal and does not establish lexical identity	Deferred after v0.7 horizon review: the proposal lacks target-lexeme-identity, target-morphological-cell. Surface similarity, possible endings, corpus frequency, and evaluation-partition occurrences are diagnostic only and cannot license a runtime identity, cell, spelling rule, or productive family.
synodal:family-candidate:0331498ca17d9dfe13e0c29f	deferred																	1500	surface similarity is a proposal and does not establish lexical identity	Deferred after v0.7 horizon review: the proposal lacks target-lexeme-identity, target-morphological-cell. Surface similarity, possible endings, corpus frequency, and evaluation-partition occurrences are diagnostic only and cannot license a runtime identity, cell, spelling rule, or productive family.
synodal:family-candidate:7a8494887a3ee770f4c38536	deferred																	1500	surface similarity is a proposal and does not establish lexical identity	Deferred after v0.7 horizon review: the proposal lacks target-lexeme-identity, target-morphological-cell. Surface similarity, possible endings, corpus frequency, and evaluation-partition occurrences are diagnostic only and cannot license a runtime identity, cell, spelling rule, or productive family.
synodal:family-candidate:c9e8d79cd365ee247a2c4d47	deferred																	1000	surface similarity is a proposal and does not establish lexical identity	Deferred after v0.7 horizon review: the proposal lacks target-lexeme-identity, target-morphological-cell. Surface similarity, possible endings, corpus frequency, and evaluation-partition occurrences are diagnostic only and cannot license a runtime identity, cell, spelling rule, or productive family.
synodal:family-candidate:a3d5ebced3a7a2fe2f5a3319	deferred																	1000	surface similarity is a proposal and does not establish lexical identity	Deferred after v0.7 horizon review: the proposal lacks target-lexeme-identity, target-morphological-cell. Surface similarity, possible endings, corpus frequency, and evaluation-partition occurrences are diagnostic only and cannot license a runtime identity, cell, spelling rule, or productive family.
synodal:family-candidate:990176010517499b75fa2aac	deferred																	1500	surface similarity is a proposal and does not establish lexical identity	Deferred after v0.7 horizon review: the proposal lacks target-lexeme-identity, target-morphological-cell. Surface similarity, possible endings, corpus frequency, and evaluation-partition occurrences are diagnostic only and cannot license a runtime identity, cell, spelling rule, or productive family.
synodal:family-candidate:ac3b8512cb01472689ef46fb	deferred																	1000	surface similarity is a proposal and does not establish lexical identity	Deferred after v0.7 horizon review: the proposal lacks target-lexeme-identity, target-morphological-cell. Surface similarity, possible endings, corpus frequency, and evaluation-partition occurrences are diagnostic only and cannot license a runtime identity, cell, spelling rule, or productive family.
synodal:family-candidate:b9475ac0905e49e86240f565	deferred																	1000	surface similarity is a proposal and does not establish lexical identity	Deferred after v0.7 horizon review: the proposal lacks target-lexeme-identity, target-morphological-cell. Surface similarity, possible endings, corpus frequency, and evaluation-partition occurrences are diagnostic only and cannot license a runtime identity, cell, spelling rule, or productive family.
synodal:family-candidate:6fbe6b7a09ba6cc5efbb1621	deferred																	1500	surface similarity is a proposal and does not establish lexical identity	Deferred after v0.7 horizon review: the proposal lacks target-lexeme-identity, target-morphological-cell. Surface similarity, possible endings, corpus frequency, and evaluation-partition occurrences are diagnostic only and cannot license a runtime identity, cell, spelling rule, or productive family.
synodal:family-candidate:c348820ac40425e7a68ec8a5	deferred																	1000	surface similarity is a proposal and does not establish lexical identity	Deferred after v0.7 horizon review: the proposal lacks target-lexeme-identity, target-morphological-cell. Surface similarity, possible endings, corpus frequency, and evaluation-partition occurrences are diagnostic only and cannot license a runtime identity, cell, spelling rule, or productive family.
synodal:family-candidate:61af2a9939b9e16e705b7ce0	deferred																	1000	surface similarity is a proposal and does not establish lexical identity	Deferred after v0.7 horizon review: the proposal lacks target-lexeme-identity, target-morphological-cell. Surface similarity, possible endings, corpus frequency, and evaluation-partition occurrences are diagnostic only and cannot license a runtime identity, cell, spelling rule, or productive family.
synodal:family-candidate:9453f47ad157cf6bad7f0301	deferred																	1500	surface similarity is a proposal and does not establish lexical identity	Deferred after v0.7 horizon review: the proposal lacks target-lexeme-identity, target-morphological-cell. Surface similarity, possible endings, corpus frequency, and evaluation-partition occurrences are diagnostic only and cannot license a runtime identity, cell, spelling rule, or productive family.
synodal:family-candidate:d588cfc2294d0b50f52d32aa	deferred																	1000	surface similarity is a proposal and does not establish lexical identity	Deferred after v0.7 horizon review: the proposal lacks target-lexeme-identity, target-morphological-cell. Surface similarity, possible endings, corpus frequency, and evaluation-partition occurrences are diagnostic only and cannot license a runtime identity, cell, spelling rule, or productive family.
synodal:family-candidate:b41e00ae1dfb31259d0dddf1	deferred																	1500	surface similarity is a proposal and does not establish lexical identity	Deferred after v0.7 horizon review: the proposal lacks target-lexeme-identity, target-morphological-cell. Surface similarity, possible endings, corpus frequency, and evaluation-partition occurrences are diagnostic only and cannot license a runtime identity, cell, spelling rule, or productive family.
synodal:family-candidate:264c21068538cb5ac2dde7f6	deferred																	1500	surface similarity is a proposal and does not establish lexical identity	Deferred after v0.7 horizon review: the proposal lacks target-lexeme-identity, target-morphological-cell. Surface similarity, possible endings, corpus frequency, and evaluation-partition occurrences are diagnostic only and cannot license a runtime identity, cell, spelling rule, or productive family.
synodal:family-candidate:18c9f4c58cd401d6663b9920	deferred																	1500	surface similarity is a proposal and does not establish lexical identity	Deferred after v0.7 horizon review: the proposal lacks target-lexeme-identity, target-morphological-cell. Surface similarity, possible endings, corpus frequency, and evaluation-partition occurrences are diagnostic only and cannot license a runtime identity, cell, spelling rule, or productive family.
synodal:family-candidate:e8ecdea0ea11375bc700e5e4	deferred																	1500	surface similarity is a proposal and does not establish lexical identity	Deferred after v0.7 horizon review: the proposal lacks target-lexeme-identity, target-morphological-cell. Surface similarity, possible endings, corpus frequency, and evaluation-partition occurrences are diagnostic only and cannot license a runtime identity, cell, spelling rule, or productive family.
synodal:family-candidate:250e1cf5936124223e01a65b	deferred																	1000	surface similarity is a proposal and does not establish lexical identity	Deferred after v0.7 horizon review: the proposal lacks target-lexeme-identity, target-morphological-cell. Surface similarity, possible endings, corpus frequency, and evaluation-partition occurrences are diagnostic only and cannot license a runtime identity, cell, spelling rule, or productive family.
synodal:family-candidate:9cac0d0b554c02699f51b10a	deferred																	1000	surface similarity is a proposal and does not establish lexical identity	Deferred after v0.7 horizon review: the proposal lacks target-lexeme-identity, target-morphological-cell. Surface similarity, possible endings, corpus frequency, and evaluation-partition occurrences are diagnostic only and cannot license a runtime identity, cell, spelling rule, or productive family.
synodal:family-candidate:f5adc6531fa5bb8139449762	deferred																	1000	surface similarity is a proposal and does not establish lexical identity	Deferred after v0.7 horizon review: the proposal lacks target-lexeme-identity, target-morphological-cell. Surface similarity, possible endings, corpus frequency, and evaluation-partition occurrences are diagnostic only and cannot license a runtime identity, cell, spelling rule, or productive family.
synodal:family-candidate:d635074ab5cd1c1b94a117c9	deferred																	1500	surface similarity is a proposal and does not establish lexical identity	Deferred after v0.7 horizon review: the proposal lacks target-lexeme-identity, target-morphological-cell. Surface similarity, possible endings, corpus frequency, and evaluation-partition occurrences are diagnostic only and cannot license a runtime identity, cell, spelling rule, or productive family.
synodal:family-candidate:ba49fb0644a14e1f3f8ded57	deferred																	1500	surface similarity is a proposal and does not establish lexical identity	Deferred after v0.7 horizon review: the proposal lacks target-lexeme-identity, target-morphological-cell. Surface similarity, possible endings, corpus frequency, and evaluation-partition occurrences are diagnostic only and cannot license a runtime identity, cell, spelling rule, or productive family.
synodal:family-candidate:1e980a7752941de2a7f7f9c9	deferred																	1500	surface similarity is a proposal and does not establish lexical identity	Deferred after v0.7 horizon review: the proposal lacks target-lexeme-identity, target-morphological-cell. Surface similarity, possible endings, corpus frequency, and evaluation-partition occurrences are diagnostic only and cannot license a runtime identity, cell, spelling rule, or productive family.
synodal:family-candidate:741ef5204f54e2304582a287	deferred																	1500	surface similarity is a proposal and does not establish lexical identity	Deferred after v0.7 horizon review: the proposal lacks target-lexeme-identity, target-morphological-cell. Surface similarity, possible endings, corpus frequency, and evaluation-partition occurrences are diagnostic only and cannot license a runtime identity, cell, spelling rule, or productive family.
synodal:family-candidate:ad970715f78532d233c81f19	deferred																	1000	surface similarity is a proposal and does not establish lexical identity	Deferred after v0.7 horizon review: the proposal lacks target-lexeme-identity, target-morphological-cell. Surface similarity, possible endings, corpus frequency, and evaluation-partition occurrences are diagnostic only and cannot license a runtime identity, cell, spelling rule, or productive family.
synodal:family-candidate:33132bf66db57bc53ada0d99	deferred																	1500	surface similarity is a proposal and does not establish lexical identity	Deferred after v0.7 horizon review: the proposal lacks target-lexeme-identity, target-morphological-cell. Surface similarity, possible endings, corpus frequency, and evaluation-partition occurrences are diagnostic only and cannot license a runtime identity, cell, spelling rule, or productive family.
synodal:family-candidate:8e291f5b92888b49345eb6dd	deferred																	1000	surface similarity is a proposal and does not establish lexical identity	Deferred after v0.7 horizon review: the proposal lacks target-lexeme-identity, target-morphological-cell. Surface similarity, possible endings, corpus frequency, and evaluation-partition occurrences are diagnostic only and cannot license a runtime identity, cell, spelling rule, or productive family.
synodal:family-candidate:4b7e04b8d0456ab5bf7c4c36	deferred																	1500	surface similarity is a proposal and does not establish lexical identity	Deferred after v0.7 horizon review: the proposal lacks target-lexeme-identity, target-morphological-cell. Surface similarity, possible endings, corpus frequency, and evaluation-partition occurrences are diagnostic only and cannot license a runtime identity, cell, spelling rule, or productive family.
synodal:family-candidate:242b942cfee5fea648791200	deferred																	1500	surface similarity is a proposal and does not establish lexical identity	Deferred after v0.7 horizon review: the proposal lacks target-lexeme-identity, target-morphological-cell. Surface similarity, possible endings, corpus frequency, and evaluation-partition occurrences are diagnostic only and cannot license a runtime identity, cell, spelling rule, or productive family.
synodal:family-candidate:e8814d38c174aaf85edf6ffe	deferred																	1500	surface similarity is a proposal and does not establish lexical identity	Deferred after v0.7 horizon review: the proposal lacks target-lexeme-identity, target-morphological-cell. Surface similarity, possible endings, corpus frequency, and evaluation-partition occurrences are diagnostic only and cannot license a runtime identity, cell, spelling rule, or productive family.
synodal:family-candidate:45f63c98e628bc8f355d143b	deferred																	1500	surface similarity is a proposal and does not establish lexical identity	Deferred after v0.7 horizon review: the proposal lacks target-lexeme-identity, target-morphological-cell. Surface similarity, possible endings, corpus frequency, and evaluation-partition occurrences are diagnostic only and cannot license a runtime identity, cell, spelling rule, or productive family.
synodal:family-candidate:eca2c2795c83a3badcc51761	deferred																	1500	surface similarity is a proposal and does not establish lexical identity	Deferred after v0.7 horizon review: the proposal lacks target-lexeme-identity, target-morphological-cell. Surface similarity, possible endings, corpus frequency, and evaluation-partition occurrences are diagnostic only and cannot license a runtime identity, cell, spelling rule, or productive family.
synodal:family-candidate:55f02a730288715a1a5f5781	deferred																	1500	surface similarity is a proposal and does not establish lexical identity	Deferred after v0.7 horizon review: the proposal lacks target-lexeme-identity, target-morphological-cell. Surface similarity, possible endings, corpus frequency, and evaluation-partition occurrences are diagnostic only and cannot license a runtime identity, cell, spelling rule, or productive family.
synodal:family-candidate:5b08845ec9bd8e5016204293	deferred																	1500	surface similarity is a proposal and does not establish lexical identity	Deferred after v0.7 horizon review: the proposal lacks target-lexeme-identity, target-morphological-cell. Surface similarity, possible endings, corpus frequency, and evaluation-partition occurrences are diagnostic only and cannot license a runtime identity, cell, spelling rule, or productive family.
synodal:family-candidate:c4dc34bb771b94d35e3a9b18	deferred																	1500	surface similarity is a proposal and does not establish lexical identity	Deferred after v0.7 horizon review: the proposal lacks target-lexeme-identity, target-morphological-cell. Surface similarity, possible endings, corpus frequency, and evaluation-partition occurrences are diagnostic only and cannot license a runtime identity, cell, spelling rule, or productive family.
synodal:family-candidate:30e9487febc3e0849fa4cf74	deferred																	1500	surface similarity is a proposal and does not establish lexical identity	Deferred after v0.7 horizon review: the proposal lacks target-lexeme-identity, target-morphological-cell. Surface similarity, possible endings, corpus frequency, and evaluation-partition occurrences are diagnostic only and cannot license a runtime identity, cell, spelling rule, or productive family.
synodal:family-candidate:9185ac02341cbdae3ae27b70	deferred																	1500	surface similarity is a proposal and does not establish lexical identity	Deferred after v0.7 horizon review: the proposal lacks target-lexeme-identity, target-morphological-cell. Surface similarity, possible endings, corpus frequency, and evaluation-partition occurrences are diagnostic only and cannot license a runtime identity, cell, spelling rule, or productive family.
synodal:family-candidate:48a3bfea1bd1119646b7bd1f	deferred																	1000	surface similarity is a proposal and does not establish lexical identity	Deferred after v0.7 horizon review: the proposal lacks target-lexeme-identity, target-morphological-cell. Surface similarity, possible endings, corpus frequency, and evaluation-partition occurrences are diagnostic only and cannot license a runtime identity, cell, spelling rule, or productive family.
synodal:family-candidate:a2a840eb841ca40a5e957bc0	deferred																	1000	surface similarity is a proposal and does not establish lexical identity	Deferred after v0.7 horizon review: the proposal lacks target-lexeme-identity, target-morphological-cell. Surface similarity, possible endings, corpus frequency, and evaluation-partition occurrences are diagnostic only and cannot license a runtime identity, cell, spelling rule, or productive family.
synodal:family-candidate:f331fe77d26a83d86d7b4e52	deferred																	1500	surface similarity is a proposal and does not establish lexical identity	Deferred after v0.7 horizon review: the proposal lacks target-lexeme-identity, target-morphological-cell. Surface similarity, possible endings, corpus frequency, and evaluation-partition occurrences are diagnostic only and cannot license a runtime identity, cell, spelling rule, or productive family.
synodal:family-candidate:93d9f81c018f0d7ea72db5c1	deferred																	1000	surface similarity is a proposal and does not establish lexical identity	Deferred after v0.7 horizon review: the proposal lacks target-lexeme-identity, target-morphological-cell. Surface similarity, possible endings, corpus frequency, and evaluation-partition occurrences are diagnostic only and cannot license a runtime identity, cell, spelling rule, or productive family.
synodal:family-candidate:56267ef8e381820d00a9acd3	deferred																	1000	surface similarity is a proposal and does not establish lexical identity	Deferred after v0.7 horizon review: the proposal lacks target-lexeme-identity, target-morphological-cell. Surface similarity, possible endings, corpus frequency, and evaluation-partition occurrences are diagnostic only and cannot license a runtime identity, cell, spelling rule, or productive family.
synodal:family-candidate:7c18e860012eabf1a7ecb86d	deferred																	1000	surface similarity is a proposal and does not establish lexical identity	Deferred after v0.7 horizon review: the proposal lacks target-lexeme-identity, target-morphological-cell. Surface similarity, possible endings, corpus frequency, and evaluation-partition occurrences are diagnostic only and cannot license a runtime identity, cell, spelling rule, or productive family.
synodal:family-candidate:b4dade0c4c1da08f9e61649c	deferred																	1000	surface similarity is a proposal and does not establish lexical identity	Deferred after v0.7 horizon review: the proposal lacks target-lexeme-identity, target-morphological-cell. Surface similarity, possible endings, corpus frequency, and evaluation-partition occurrences are diagnostic only and cannot license a runtime identity, cell, spelling rule, or productive family.
synodal:family-candidate:d17b0b1602a8f3c03b34219a	deferred																	1500	surface similarity is a proposal and does not establish lexical identity	Deferred after v0.7 horizon review: the proposal lacks target-lexeme-identity, target-morphological-cell. Surface similarity, possible endings, corpus frequency, and evaluation-partition occurrences are diagnostic only and cannot license a runtime identity, cell, spelling rule, or productive family.
synodal:family-candidate:e8dea258f08e94f84ff4196e	deferred																	1500	surface similarity is a proposal and does not establish lexical identity	Deferred after v0.7 horizon review: the proposal lacks target-lexeme-identity, target-morphological-cell. Surface similarity, possible endings, corpus frequency, and evaluation-partition occurrences are diagnostic only and cannot license a runtime identity, cell, spelling rule, or productive family.
synodal:family-candidate:54769ae0431ad1dfd6124667	deferred																	1500	surface similarity is a proposal and does not establish lexical identity	Deferred after v0.7 horizon review: the proposal lacks target-lexeme-identity, target-morphological-cell. Surface similarity, possible endings, corpus frequency, and evaluation-partition occurrences are diagnostic only and cannot license a runtime identity, cell, spelling rule, or productive family.
synodal:family-candidate:d1bccdff5929804a02637175	deferred																	1000	surface similarity is a proposal and does not establish lexical identity	Deferred after v0.7 horizon review: the proposal lacks target-lexeme-identity, target-morphological-cell. Surface similarity, possible endings, corpus frequency, and evaluation-partition occurrences are diagnostic only and cannot license a runtime identity, cell, spelling rule, or productive family.
synodal:family-candidate:36795a6ab50db10826e24a7c	deferred																	1500	surface similarity is a proposal and does not establish lexical identity	Deferred after v0.7 horizon review: the proposal lacks target-lexeme-identity, target-morphological-cell. Surface similarity, possible endings, corpus frequency, and evaluation-partition occurrences are diagnostic only and cannot license a runtime identity, cell, spelling rule, or productive family.
synodal:family-candidate:4640373b9e93aa740e45acb5	deferred																	1500	surface similarity is a proposal and does not establish lexical identity	Deferred after v0.7 horizon review: the proposal lacks target-lexeme-identity, target-morphological-cell. Surface similarity, possible endings, corpus frequency, and evaluation-partition occurrences are diagnostic only and cannot license a runtime identity, cell, spelling rule, or productive family.
synodal:family-candidate:1fddce653e47e98916827b9f	deferred																	1000	surface similarity is a proposal and does not establish lexical identity	Deferred after v0.7 horizon review: the proposal lacks target-lexeme-identity, target-morphological-cell. Surface similarity, possible endings, corpus frequency, and evaluation-partition occurrences are diagnostic only and cannot license a runtime identity, cell, spelling rule, or productive family.
synodal:family-candidate:56ca5edc341df887b49c635e	deferred																	1500	surface similarity is a proposal and does not establish lexical identity	Deferred after v0.7 horizon review: the proposal lacks target-lexeme-identity, target-morphological-cell. Surface similarity, possible endings, corpus frequency, and evaluation-partition occurrences are diagnostic only and cannot license a runtime identity, cell, spelling rule, or productive family.
synodal:family-candidate:32a134f8e5d65f3d19028a05	deferred																	1000	surface similarity is a proposal and does not establish lexical identity	Deferred after v0.7 horizon review: the proposal lacks target-lexeme-identity, target-morphological-cell. Surface similarity, possible endings, corpus frequency, and evaluation-partition occurrences are diagnostic only and cannot license a runtime identity, cell, spelling rule, or productive family.
synodal:family-candidate:202308681cba4d3974ecaf87	deferred																	1000	surface similarity is a proposal and does not establish lexical identity	Deferred after v0.7 horizon review: the proposal lacks target-lexeme-identity, target-morphological-cell. Surface similarity, possible endings, corpus frequency, and evaluation-partition occurrences are diagnostic only and cannot license a runtime identity, cell, spelling rule, or productive family.
synodal:family-candidate:7516269dbeec66561dfd8619	deferred																	1000	surface similarity is a proposal and does not establish lexical identity	Deferred after v0.7 horizon review: the proposal lacks target-lexeme-identity, target-morphological-cell. Surface similarity, possible endings, corpus frequency, and evaluation-partition occurrences are diagnostic only and cannot license a runtime identity, cell, spelling rule, or productive family.
synodal:family-candidate:9e4f4a5ce68d1f207665d828	deferred																	1000	surface similarity is a proposal and does not establish lexical identity	Deferred after v0.7 horizon review: the proposal lacks target-lexeme-identity, target-morphological-cell. Surface similarity, possible endings, corpus frequency, and evaluation-partition occurrences are diagnostic only and cannot license a runtime identity, cell, spelling rule, or productive family.
synodal:family-candidate:f45dd1e0e93815e178c98805	deferred																	1500	surface similarity is a proposal and does not establish lexical identity	Deferred after v0.7 horizon review: the proposal lacks target-lexeme-identity, target-morphological-cell. Surface similarity, possible endings, corpus frequency, and evaluation-partition occurrences are diagnostic only and cannot license a runtime identity, cell, spelling rule, or productive family.
synodal:family-candidate:099eadd943de437f59bc0dff	deferred																	1500	surface similarity is a proposal and does not establish lexical identity	Deferred after v0.7 horizon review: the proposal lacks target-lexeme-identity, target-morphological-cell. Surface similarity, possible endings, corpus frequency, and evaluation-partition occurrences are diagnostic only and cannot license a runtime identity, cell, spelling rule, or productive family.
synodal:family-candidate:7e0a7ecfbdaef054e3cd4572	deferred																	1500	surface similarity is a proposal and does not establish lexical identity	Deferred after v0.7 horizon review: the proposal lacks target-lexeme-identity, target-morphological-cell. Surface similarity, possible endings, corpus frequency, and evaluation-partition occurrences are diagnostic only and cannot license a runtime identity, cell, spelling rule, or productive family.
synodal:family-candidate:6d8e25611d1ad3d51748735c	deferred																	1500	surface similarity is a proposal and does not establish lexical identity	Deferred after v0.7 horizon review: the proposal lacks target-lexeme-identity, target-morphological-cell. Surface similarity, possible endings, corpus frequency, and evaluation-partition occurrences are diagnostic only and cannot license a runtime identity, cell, spelling rule, or productive family.
synodal:family-candidate:7684cda95c4da646ebebc22b	deferred																	1000	surface similarity is a proposal and does not establish lexical identity	Deferred after v0.7 horizon review: the proposal lacks target-lexeme-identity, target-morphological-cell. Surface similarity, possible endings, corpus frequency, and evaluation-partition occurrences are diagnostic only and cannot license a runtime identity, cell, spelling rule, or productive family.
synodal:family-candidate:584367792f050b302705029c	deferred																	1500	surface similarity is a proposal and does not establish lexical identity	Deferred after v0.7 horizon review: the proposal lacks target-lexeme-identity, target-morphological-cell. Surface similarity, possible endings, corpus frequency, and evaluation-partition occurrences are diagnostic only and cannot license a runtime identity, cell, spelling rule, or productive family.
synodal:family-candidate:6e87442445fa4d6f4b708ebc	deferred																	1500	surface similarity is a proposal and does not establish lexical identity	Deferred after v0.7 horizon review: the proposal lacks target-lexeme-identity, target-morphological-cell. Surface similarity, possible endings, corpus frequency, and evaluation-partition occurrences are diagnostic only and cannot license a runtime identity, cell, spelling rule, or productive family.
synodal:family-candidate:10f76cf241bafc317cea123d	deferred																	1500	surface similarity is a proposal and does not establish lexical identity	Deferred after v0.7 horizon review: the proposal lacks target-lexeme-identity, target-morphological-cell. Surface similarity, possible endings, corpus frequency, and evaluation-partition occurrences are diagnostic only and cannot license a runtime identity, cell, spelling rule, or productive family.
synodal:family-candidate:4525edc94ab629c73d327d74	deferred																	1500	surface similarity is a proposal and does not establish lexical identity	Deferred after v0.7 horizon review: the proposal lacks target-lexeme-identity, target-morphological-cell. Surface similarity, possible endings, corpus frequency, and evaluation-partition occurrences are diagnostic only and cannot license a runtime identity, cell, spelling rule, or productive family.
synodal:family-candidate:09b71e98c1366fac96583bd9	deferred																	1000	surface similarity is a proposal and does not establish lexical identity	Deferred after v0.7 horizon review: the proposal lacks target-lexeme-identity, target-morphological-cell. Surface similarity, possible endings, corpus frequency, and evaluation-partition occurrences are diagnostic only and cannot license a runtime identity, cell, spelling rule, or productive family.
synodal:family-candidate:8b73c4df251ffffb34cbef75	deferred																	1500	surface similarity is a proposal and does not establish lexical identity	Deferred after v0.7 horizon review: the proposal lacks target-lexeme-identity, target-morphological-cell. Surface similarity, possible endings, corpus frequency, and evaluation-partition occurrences are diagnostic only and cannot license a runtime identity, cell, spelling rule, or productive family.
synodal:family-candidate:aa788ce83a13beacf988cae5	deferred																	1500	surface similarity is a proposal and does not establish lexical identity	Deferred after v0.7 horizon review: the proposal lacks target-lexeme-identity, target-morphological-cell. Surface similarity, possible endings, corpus frequency, and evaluation-partition occurrences are diagnostic only and cannot license a runtime identity, cell, spelling rule, or productive family.
synodal:family-candidate:053425bfe993f43eb650f903	deferred																	1500	surface similarity is a proposal and does not establish lexical identity	Deferred after v0.7 horizon review: the proposal lacks target-lexeme-identity, target-morphological-cell. Surface similarity, possible endings, corpus frequency, and evaluation-partition occurrences are diagnostic only and cannot license a runtime identity, cell, spelling rule, or productive family.
synodal:family-candidate:ab6675bef7851e9a32a7b291	deferred																	1000	surface similarity is a proposal and does not establish lexical identity	Deferred after v0.7 horizon review: the proposal lacks target-lexeme-identity, target-morphological-cell. Surface similarity, possible endings, corpus frequency, and evaluation-partition occurrences are diagnostic only and cannot license a runtime identity, cell, spelling rule, or productive family.
