claim_id	source_id	source_record	lemma	lookup_key	part_of_speech	source_class	union_identity	classification	engine_route	support_state	evidence	notes
queue:synodal:candidate:035b5ac1afad4de3dfe257dd:synodal:candidate:4586c5ff204317d69a117aa8	english-wiktionary-ocs-kaikki-2026-08-07+ponomar-elizabeth-bible-2026-08-09	queue-rank-103	защитити	защитити	verb	lexical-form	proposal:synodal:candidate:035b5ac1afad4de3dfe257dd:verb	disputed	cross-recension-identity-unconfirmed	evidence-final	synodal:candidate:035b5ac1afad4de3dfe257dd,synodal:candidate:4586c5ff204317d69a117aa8;I_Esdra.8.22	requires human confirmation of target identity, sense continuity, and morphological status
queue:synodal:candidate:04b46be686ff1272e887b965:synodal:candidate:247d9bdd12f900c96ab9f3eb	english-wiktionary-ocs-kaikki-2026-08-07+ponomar-elizabeth-bible-2026-08-09	queue-rank-165	тѧгота	тѧгота	noun	lexical-form	proposal:synodal:candidate:04b46be686ff1272e887b965:noun	disputed	cross-recension-identity-unconfirmed	evidence-final	synodal:candidate:04b46be686ff1272e887b965,synodal:candidate:247d9bdd12f900c96ab9f3eb;II_Esdra.8.22	requires human confirmation of target identity, sense continuity, and morphological status
queue:synodal:candidate:05ba11bef72e1c80ab2f8383:synodal:candidate:68e6f7c9ffd0e55758361b0e	english-wiktionary-ocs-kaikki-2026-08-07+ponomar-elizabeth-bible-2026-08-09	queue-rank-144	кола	кола	noun	lexical-form	proposal:synodal:candidate:05ba11bef72e1c80ab2f8383:noun	ambiguous	cross-source-homograph-ambiguity	evidence-final	synodal:candidate:05ba11bef72e1c80ab2f8383,synodal:candidate:68e6f7c9ffd0e55758361b0e;Sirach.26.15	surface belongs to multiple OCS lexeme paradigms; target identity must be resolved manually
queue:synodal:candidate:05e61ca86c309b5d9281c48c:synodal:candidate:07810c3ec59844f0683f249b	english-wiktionary-ocs-kaikki-2026-08-07+ponomar-elizabeth-bible-2026-08-09	queue-rank-73	ковъ	ковъ	noun	lexical-form	proposal:synodal:candidate:05e61ca86c309b5d9281c48c:noun	disputed	cross-recension-identity-unconfirmed	evidence-final	synodal:candidate:05e61ca86c309b5d9281c48c,synodal:candidate:07810c3ec59844f0683f249b;Acts.25.3	requires human confirmation of target identity, sense continuity, and morphological status
queue:synodal:candidate:0791f206b3588ae74c8fb484:synodal:candidate:c510217790635e1d21af9216	english-wiktionary-ocs-kaikki-2026-08-07+ponomar-elizabeth-bible-2026-08-09	queue-rank-4	вїно	вїно	noun	lexical-form	proposal:synodal:candidate:0791f206b3588ae74c8fb484:noun	ambiguous	cross-source-homograph-ambiguity	evidence-final	synodal:candidate:0791f206b3588ae74c8fb484,synodal:candidate:c510217790635e1d21af9216;Amos.2.8	surface belongs to multiple OCS lexeme paradigms; target identity must be resolved manually
queue:synodal:candidate:07d891c47fbcbab57b19cdf0:synodal:candidate:27fb6a721dbf1d4ceb9cdb66	english-wiktionary-ocs-kaikki-2026-08-07+ponomar-elizabeth-bible-2026-08-09	queue-rank-114	ѡсвѣщати	ѡсвѣщати	verb	lexical-form	proposal:synodal:candidate:07d891c47fbcbab57b19cdf0:verb	disputed	cross-recension-identity-unconfirmed	evidence-final	synodal:candidate:07d891c47fbcbab57b19cdf0,synodal:candidate:27fb6a721dbf1d4ceb9cdb66;Gen.1.14	requires human confirmation of target identity, sense continuity, and morphological status
queue:synodal:candidate:087396c07b2ecb3c018a4fe7:synodal:candidate:71863e3784ca7c8c75e3e2a5	english-wiktionary-ocs-kaikki-2026-08-07+ponomar-elizabeth-bible-2026-08-09	queue-rank-169	цѣльба	цѣльба	noun	lexical-form	proposal:synodal:candidate:087396c07b2ecb3c018a4fe7:noun	disputed	cross-recension-identity-unconfirmed	evidence-final	synodal:candidate:087396c07b2ecb3c018a4fe7,synodal:candidate:71863e3784ca7c8c75e3e2a5;Wisd.16.9	requires human confirmation of target identity, sense continuity, and morphological status
queue:synodal:candidate:08d2241bbe9bf2c285e853ad:synodal:candidate:db6b68c52b5e01969948c8ed	english-wiktionary-ocs-kaikki-2026-08-07+ponomar-elizabeth-bible-2026-08-09	queue-rank-166	фїлосѡфъ	фїлосѡфъ	noun	lexical-form	proposal:synodal:candidate:08d2241bbe9bf2c285e853ad:noun	disputed	cross-recension-identity-unconfirmed	evidence-final	synodal:candidate:08d2241bbe9bf2c285e853ad,synodal:candidate:db6b68c52b5e01969948c8ed;Acts.17.18	requires human confirmation of target identity, sense continuity, and morphological status
queue:synodal:candidate:08f98d27deaeeb23b50a86a3:synodal:candidate:8233ae47623c1f15de24aa36	english-wiktionary-ocs-kaikki-2026-08-07+ponomar-elizabeth-bible-2026-08-09	queue-rank-16	ѡна	ѡна	pronoun	lexical-form	proposal:synodal:candidate:08f98d27deaeeb23b50a86a3:pronoun	ambiguous	cross-source-homograph-ambiguity	evidence-final	synodal:candidate:08f98d27deaeeb23b50a86a3,synodal:candidate:8233ae47623c1f15de24aa36;Acts.16.35	surface belongs to multiple OCS lexeme paradigms; target identity must be resolved manually
queue:synodal:candidate:08fc90adf706bd3ba279ca37:synodal:candidate:ae7936b2e19f9fea5df1a762	english-wiktionary-ocs-kaikki-2026-08-07+ponomar-elizabeth-bible-2026-08-09	queue-rank-171	ѡбрѣтатель	ѡбрѣтатель	noun	lexical-form	proposal:synodal:candidate:08fc90adf706bd3ba279ca37:noun	disputed	cross-recension-identity-unconfirmed	evidence-final	synodal:candidate:08fc90adf706bd3ba279ca37,synodal:candidate:ae7936b2e19f9fea5df1a762;Prov.16.20	requires human confirmation of target identity, sense continuity, and morphological status
queue:synodal:candidate:0a4f86c56ce269229eb20518:synodal:candidate:cb9d8de0ea8cccb03a66b727	english-wiktionary-ocs-kaikki-2026-08-07+ponomar-elizabeth-bible-2026-08-09	queue-rank-137	главизна	главизна	noun	lexical-form	proposal:synodal:candidate:0a4f86c56ce269229eb20518:noun	disputed	cross-recension-identity-unconfirmed	evidence-final	synodal:candidate:0a4f86c56ce269229eb20518,synodal:candidate:cb9d8de0ea8cccb03a66b727;I_Esdra.6.2	requires human confirmation of target identity, sense continuity, and morphological status
queue:synodal:candidate:0ae2f9c1c17753a6b9039d04:synodal:candidate:53afcc384cdf88b3cd762f42	english-wiktionary-ocs-kaikki-2026-08-07+ponomar-elizabeth-bible-2026-08-09	queue-rank-68	знои	знои	noun	lexical-form	proposal:synodal:candidate:0ae2f9c1c17753a6b9039d04:noun	disputed	cross-recension-identity-unconfirmed	evidence-final	synodal:candidate:0ae2f9c1c17753a6b9039d04,synodal:candidate:53afcc384cdf88b3cd762f42;Job.24.24	requires human confirmation of target identity, sense continuity, and morphological status
queue:synodal:candidate:0b44e7c4b8dc152051454587:synodal:candidate:396fdedb754bde0c19dac854	english-wiktionary-ocs-kaikki-2026-08-07+ponomar-elizabeth-bible-2026-08-09	queue-rank-67	житель	житель	noun	lexical-form	proposal:synodal:candidate:0b44e7c4b8dc152051454587:noun	disputed	cross-recension-identity-unconfirmed	evidence-final	synodal:candidate:0b44e7c4b8dc152051454587,synodal:candidate:396fdedb754bde0c19dac854;Acts.21.39	requires human confirmation of target identity, sense continuity, and morphological status
queue:synodal:candidate:0bf8dd5dba56973645367c2e:synodal:candidate:c4eb3a8e32fc518034a9907e	english-wiktionary-ocs-kaikki-2026-08-07+ponomar-elizabeth-bible-2026-08-09	queue-rank-174	ѡнѡ	ѡнѡ	pronoun	lexical-form	proposal:synodal:candidate:0bf8dd5dba56973645367c2e:pronoun	ambiguous	cross-source-homograph-ambiguity	evidence-final	synodal:candidate:0bf8dd5dba56973645367c2e,synodal:candidate:c4eb3a8e32fc518034a9907e;Nehem.6.2	surface belongs to multiple OCS lexeme paradigms; target identity must be resolved manually
queue:synodal:candidate:0d25e7e03ae426286cd5c3f9:synodal:candidate:d5d792d5c473112dbe4d62fb	english-wiktionary-ocs-kaikki-2026-08-07+ponomar-elizabeth-bible-2026-08-09	queue-rank-31	расти	расти	verb	lexical-form	proposal:synodal:candidate:0d25e7e03ae426286cd5c3f9:verb	ambiguous	cross-source-homograph-ambiguity	evidence-final	synodal:candidate:0d25e7e03ae426286cd5c3f9,synodal:candidate:d5d792d5c473112dbe4d62fb;Jn.3.30	surface belongs to multiple OCS lexeme paradigms; target identity must be resolved manually
queue:synodal:candidate:0f13513c9bde46f7609e13d3:synodal:candidate:5abd12d552776cb2af3b9e00	english-wiktionary-ocs-kaikki-2026-08-07+ponomar-elizabeth-bible-2026-08-09	queue-rank-78	невѣжда	невѣжда	noun	lexical-form	proposal:synodal:candidate:0f13513c9bde46f7609e13d3:noun	disputed	cross-recension-identity-unconfirmed	evidence-final	synodal:candidate:0f13513c9bde46f7609e13d3,synodal:candidate:5abd12d552776cb2af3b9e00;I_Cor.14.24	requires human confirmation of target identity, sense continuity, and morphological status
queue:synodal:candidate:11536d15af73af8254e11c7a:synodal:candidate:6d2b66be7fe400b5276b3509	english-wiktionary-ocs-kaikki-2026-08-07+ponomar-elizabeth-bible-2026-08-09	queue-rank-170	юнота	юнота	noun	lexical-form	proposal:synodal:candidate:11536d15af73af8254e11c7a:noun	disputed	cross-recension-identity-unconfirmed	evidence-final	synodal:candidate:11536d15af73af8254e11c7a,synodal:candidate:6d2b66be7fe400b5276b3509;Prov.20.11	requires human confirmation of target identity, sense continuity, and morphological status
queue:synodal:candidate:1517b4e9e11d38ab1ef77a08:synodal:candidate:26b4c08177aaeeb30b384939	english-wiktionary-ocs-kaikki-2026-08-07+ponomar-elizabeth-bible-2026-08-09	queue-rank-5	та	та	pronoun	lexical-form	proposal:synodal:candidate:1517b4e9e11d38ab1ef77a08:pronoun	ambiguous	cross-source-homograph-ambiguity	evidence-final	synodal:candidate:1517b4e9e11d38ab1ef77a08,synodal:candidate:26b4c08177aaeeb30b384939;Acts.16.15	surface belongs to multiple OCS lexeme paradigms; target identity must be resolved manually
queue:synodal:candidate:16640217c63b773e87751e0d:synodal:candidate:0fcf21050f6192112f02f6e8	english-wiktionary-ocs-kaikki-2026-08-07+ponomar-elizabeth-bible-2026-08-09	queue-rank-32	теплъ	теплъ	adjective	lexical-form	proposal:synodal:candidate:16640217c63b773e87751e0d:adjective	ambiguous	cross-source-homograph-ambiguity	evidence-final	synodal:candidate:16640217c63b773e87751e0d,synodal:candidate:0fcf21050f6192112f02f6e8;Apoc.3.15	surface belongs to multiple OCS lexeme paradigms; target identity must be resolved manually
queue:synodal:candidate:1ac46a55ca9904570ad63987:synodal:candidate:bf1c4e2fe80ab36d99bda1f1	english-wiktionary-ocs-kaikki-2026-08-07+ponomar-elizabeth-bible-2026-08-09	queue-rank-185	красти	красти	verb	lexical-form	proposal:synodal:candidate:1ac46a55ca9904570ad63987:verb	disputed	cross-recension-identity-unconfirmed	evidence-final	synodal:candidate:1ac46a55ca9904570ad63987,synodal:candidate:bf1c4e2fe80ab36d99bda1f1;Rom.2.22	requires human confirmation of target identity, sense continuity, and morphological status
queue:synodal:candidate:1c09d17fa1102685088d0100:synodal:candidate:244e25ade7c3363574eaddb3	english-wiktionary-ocs-kaikki-2026-08-07+ponomar-elizabeth-bible-2026-08-09	queue-rank-102	донести	донести	verb	lexical-form	proposal:synodal:candidate:1c09d17fa1102685088d0100:verb	disputed	cross-recension-identity-unconfirmed	evidence-final	synodal:candidate:1c09d17fa1102685088d0100,synodal:candidate:244e25ade7c3363574eaddb3;Deut.14.24	requires human confirmation of target identity, sense continuity, and morphological status
queue:synodal:candidate:1f1ec9a47a18a121a5535721:synodal:candidate:2ab9d845bcc93b4768484f51	english-wiktionary-ocs-kaikki-2026-08-07+ponomar-elizabeth-bible-2026-08-09	queue-rank-34	ѡграда	ѡграда	noun	lexical-form	proposal:synodal:candidate:1f1ec9a47a18a121a5535721:noun	ambiguous	cross-source-homograph-ambiguity	evidence-final	synodal:candidate:1f1ec9a47a18a121a5535721,synodal:candidate:2ab9d845bcc93b4768484f51;Ezek.40.5	surface belongs to multiple OCS lexeme paradigms; target identity must be resolved manually
queue:synodal:candidate:1f4f71da1a5b6276680df968:synodal:candidate:dd1fe0be11d72729bbf8a7ba	english-wiktionary-ocs-kaikki-2026-08-07+ponomar-elizabeth-bible-2026-08-09	queue-rank-33	ладїи	ладїи	noun	lexical-form	proposal:synodal:candidate:1f4f71da1a5b6276680df968:noun	ambiguous	cross-source-homograph-ambiguity	evidence-final	synodal:candidate:1f4f71da1a5b6276680df968,synodal:candidate:dd1fe0be11d72729bbf8a7ba;II_Macc.12.6	surface belongs to multiple OCS lexeme paradigms; target identity must be resolved manually
queue:synodal:candidate:205ff034e60028448a577ec9:synodal:candidate:c7e2230f0545e6bb037d1fa2	english-wiktionary-ocs-kaikki-2026-08-07+ponomar-elizabeth-bible-2026-08-09	queue-rank-135	ведро	ведро	noun	lexical-form	proposal:synodal:candidate:205ff034e60028448a577ec9:noun	disputed	cross-recension-identity-unconfirmed	evidence-final	synodal:candidate:205ff034e60028448a577ec9,synodal:candidate:c7e2230f0545e6bb037d1fa2;Mt.16.2	requires human confirmation of target identity, sense continuity, and morphological status
queue:synodal:candidate:21f1145083169394093e0ea6:synodal:candidate:942db658bc9cb2e59c8dbaa9	english-wiktionary-ocs-kaikki-2026-08-07+ponomar-elizabeth-bible-2026-08-09	queue-rank-66	жила	жила	noun	lexical-form	proposal:synodal:candidate:21f1145083169394093e0ea6:noun	disputed	cross-recension-identity-unconfirmed	evidence-final	synodal:candidate:21f1145083169394093e0ea6,synodal:candidate:942db658bc9cb2e59c8dbaa9;Ezek.16.22	requires human confirmation of target identity, sense continuity, and morphological status
queue:synodal:candidate:24305800f407fe23bfbd2ac3:synodal:candidate:15787fa4d0e4e8ca5fa30a96	english-wiktionary-ocs-kaikki-2026-08-07+ponomar-elizabeth-bible-2026-08-09	queue-rank-60	вельможа	вельможа	noun	lexical-form	proposal:synodal:candidate:24305800f407fe23bfbd2ac3:noun	disputed	cross-recension-identity-unconfirmed	evidence-final	synodal:candidate:24305800f407fe23bfbd2ac3,synodal:candidate:15787fa4d0e4e8ca5fa30a96;II_Esdra.4.49	requires human confirmation of target identity, sense continuity, and morphological status
queue:synodal:candidate:24a45fe98df3ccffeeaf8c90:synodal:candidate:d74463d90685cebd53aa2132	english-wiktionary-ocs-kaikki-2026-08-07+ponomar-elizabeth-bible-2026-08-09	queue-rank-133	благость	благость	noun	lexical-form	proposal:synodal:candidate:24a45fe98df3ccffeeaf8c90:noun	disputed	cross-recension-identity-unconfirmed	evidence-final	synodal:candidate:24a45fe98df3ccffeeaf8c90,synodal:candidate:d74463d90685cebd53aa2132;Gal.5.22	requires human confirmation of target identity, sense continuity, and morphological status
queue:synodal:candidate:2539d5806a07d48818e9d46b:synodal:candidate:77367820996e5d7bf61c79f5	english-wiktionary-ocs-kaikki-2026-08-07+ponomar-elizabeth-bible-2026-08-09	queue-rank-155	рака	рака	noun	lexical-form	proposal:synodal:candidate:2539d5806a07d48818e9d46b:noun	disputed	cross-recension-identity-unconfirmed	evidence-final	synodal:candidate:2539d5806a07d48818e9d46b,synodal:candidate:77367820996e5d7bf61c79f5;Mt.5.22	requires human confirmation of target identity, sense continuity, and morphological status
queue:synodal:candidate:263cab08ee964d49694c2ce3:synodal:candidate:2f80eace31009fcdd813e510	english-wiktionary-ocs-kaikki-2026-08-07+ponomar-elizabeth-bible-2026-08-09	queue-rank-85	позорище	позорище	noun	lexical-form	proposal:synodal:candidate:263cab08ee964d49694c2ce3:noun	disputed	cross-recension-identity-unconfirmed	evidence-final	synodal:candidate:263cab08ee964d49694c2ce3,synodal:candidate:2f80eace31009fcdd813e510;Acts.19.29	requires human confirmation of target identity, sense continuity, and morphological status
queue:synodal:candidate:281030b93d936de305d67f08:synodal:candidate:f4cf53232fd352459320fe5f	english-wiktionary-ocs-kaikki-2026-08-07+ponomar-elizabeth-bible-2026-08-09	queue-rank-116	ѿходити	ѿходити	verb	lexical-form	proposal:synodal:candidate:281030b93d936de305d67f08:verb	disputed	cross-recension-identity-unconfirmed	evidence-final	synodal:candidate:281030b93d936de305d67f08,synodal:candidate:f4cf53232fd352459320fe5f;Josh.15.18	requires human confirmation of target identity, sense continuity, and morphological status
queue:synodal:candidate:284c496756586f0587e77a2b:synodal:candidate:96f4e3d2c16980d6bdc49a85	english-wiktionary-ocs-kaikki-2026-08-07+ponomar-elizabeth-bible-2026-08-09	queue-rank-119	лѣпъ	лѣпъ	adjective	lexical-form	proposal:synodal:candidate:284c496756586f0587e77a2b:adjective	disputed	cross-recension-identity-unconfirmed	evidence-final	synodal:candidate:284c496756586f0587e77a2b,synodal:candidate:96f4e3d2c16980d6bdc49a85;I_Kings.17.42	requires human confirmation of target identity, sense continuity, and morphological status
queue:synodal:candidate:29d5a9752245c938bccf40ef:synodal:candidate:9ec4ce51fb5a96b0211f3f28	english-wiktionary-ocs-kaikki-2026-08-07+ponomar-elizabeth-bible-2026-08-09	queue-rank-25	мѣрило	мѣрило	noun	lexical-form	proposal:synodal:candidate:29d5a9752245c938bccf40ef:noun	ambiguous	cross-source-homograph-ambiguity	evidence-final	synodal:candidate:29d5a9752245c938bccf40ef,synodal:candidate:9ec4ce51fb5a96b0211f3f28;Amos.8.5	surface belongs to multiple OCS lexeme paradigms; target identity must be resolved manually
queue:synodal:candidate:29e05ba8f2e72618286db910:synodal:candidate:0dd443cf2fbd57b571b1da99	english-wiktionary-ocs-kaikki-2026-08-07+ponomar-elizabeth-bible-2026-08-09	queue-rank-55	баба	баба	noun	lexical-form	proposal:synodal:candidate:29e05ba8f2e72618286db910:noun	disputed	cross-recension-identity-unconfirmed	evidence-final	synodal:candidate:29e05ba8f2e72618286db910,synodal:candidate:0dd443cf2fbd57b571b1da99;Gen.35.17	requires human confirmation of target identity, sense continuity, and morphological status
queue:synodal:candidate:2cf3bcac85a11a4ef1886277:synodal:candidate:115ee0c482afd6485df2aa2a	english-wiktionary-ocs-kaikki-2026-08-07+ponomar-elizabeth-bible-2026-08-09	queue-rank-95	чародѣи	чародѣи	noun	lexical-form	proposal:synodal:candidate:2cf3bcac85a11a4ef1886277:noun	disputed	cross-recension-identity-unconfirmed	evidence-final	synodal:candidate:2cf3bcac85a11a4ef1886277,synodal:candidate:115ee0c482afd6485df2aa2a;Composite.7.5	requires human confirmation of target identity, sense continuity, and morphological status
queue:synodal:candidate:2d21196525e72a4fd748b2b3:synodal:candidate:39fa345a0bb3e80221d623ee	english-wiktionary-ocs-kaikki-2026-08-07+ponomar-elizabeth-bible-2026-08-09	queue-rank-172	ѡплотъ	ѡплотъ	noun	lexical-form	proposal:synodal:candidate:2d21196525e72a4fd748b2b3:noun	disputed	cross-recension-identity-unconfirmed	evidence-final	synodal:candidate:2d21196525e72a4fd748b2b3,synodal:candidate:39fa345a0bb3e80221d623ee;Psalm.79.12	requires human confirmation of target identity, sense continuity, and morphological status
queue:synodal:candidate:2d3917221200a396e6842d4d:synodal:candidate:37a72965593365bc2d21ab90	english-wiktionary-ocs-kaikki-2026-08-07+ponomar-elizabeth-bible-2026-08-09	queue-rank-123	тихъ	тихъ	adjective	lexical-form	proposal:synodal:candidate:2d3917221200a396e6842d4d:adjective	disputed	cross-recension-identity-unconfirmed	evidence-final	synodal:candidate:2d3917221200a396e6842d4d,synodal:candidate:37a72965593365bc2d21ab90;Job.4.16	requires human confirmation of target identity, sense continuity, and morphological status
queue:synodal:candidate:2e4010bed90a85216e463994:synodal:candidate:a85c817278cd48c35f4a73fe	english-wiktionary-ocs-kaikki-2026-08-07+ponomar-elizabeth-bible-2026-08-09	queue-rank-44	адовъ	адовъ	adjective	lexical-form	proposal:synodal:candidate:2e4010bed90a85216e463994:adjective	disputed	cross-recension-identity-unconfirmed	evidence-final	synodal:candidate:2e4010bed90a85216e463994,synodal:candidate:a85c817278cd48c35f4a73fe;Sirach.14.12	requires human confirmation of target identity, sense continuity, and morphological status
queue:synodal:candidate:3039f06bb6681299be642063:synodal:candidate:af941c5aa8e92f27b7629e90	english-wiktionary-ocs-kaikki-2026-08-07+ponomar-elizabeth-bible-2026-08-09	queue-rank-24	мощи	мощи	noun	lexical-form	proposal:synodal:candidate:3039f06bb6681299be642063:noun	ambiguous	cross-source-homograph-ambiguity	evidence-final	synodal:candidate:3039f06bb6681299be642063,synodal:candidate:af941c5aa8e92f27b7629e90;Deut.28.27	surface belongs to multiple OCS lexeme paradigms; target identity must be resolved manually
queue:synodal:candidate:307273c373eac13683e40bbf:synodal:candidate:42c13dcdb1af02e07ff30e65	english-wiktionary-ocs-kaikki-2026-08-07+ponomar-elizabeth-bible-2026-08-09	queue-rank-168	хранило	хранило	noun	lexical-form	proposal:synodal:candidate:307273c373eac13683e40bbf:noun	ambiguous	cross-source-homograph-ambiguity	evidence-final	synodal:candidate:307273c373eac13683e40bbf,synodal:candidate:42c13dcdb1af02e07ff30e65;Psalm.38.1	surface belongs to multiple OCS lexeme paradigms; target identity must be resolved manually
queue:synodal:candidate:30e1eab35ea748e2ce875095:synodal:candidate:3a8a4890af88f086a41ba8ed	english-wiktionary-ocs-kaikki-2026-08-07+ponomar-elizabeth-bible-2026-08-09	queue-rank-150	нить	нить	noun	lexical-form	proposal:synodal:candidate:30e1eab35ea748e2ce875095:noun	disputed	cross-recension-identity-unconfirmed	evidence-final	synodal:candidate:30e1eab35ea748e2ce875095,synodal:candidate:3a8a4890af88f086a41ba8ed;Judg.16.12	requires human confirmation of target identity, sense continuity, and morphological status
queue:synodal:candidate:30feeac7f493ad2c784b8bb9:synodal:candidate:8208cb2397d470f94b64b2ac	english-wiktionary-ocs-kaikki-2026-08-07+ponomar-elizabeth-bible-2026-08-09	queue-rank-72	клѣть	клѣть	noun	lexical-form	proposal:synodal:candidate:30feeac7f493ad2c784b8bb9:noun	disputed	cross-recension-identity-unconfirmed	evidence-final	synodal:candidate:30feeac7f493ad2c784b8bb9,synodal:candidate:8208cb2397d470f94b64b2ac;IV_Kings.9.2	requires human confirmation of target identity, sense continuity, and morphological status
queue:synodal:candidate:330b884ff475df7895ec7cac:synodal:candidate:f30ff0f8ee5b5953d2fdc4ad	english-wiktionary-ocs-kaikki-2026-08-07+ponomar-elizabeth-bible-2026-08-09	queue-rank-97	агавъ	агавъ	proper-noun	lexical-form	proposal:synodal:candidate:330b884ff475df7895ec7cac:proper-noun	disputed	cross-recension-identity-unconfirmed	evidence-final	synodal:candidate:330b884ff475df7895ec7cac,synodal:candidate:f30ff0f8ee5b5953d2fdc4ad;Acts.11.28	requires human confirmation of target identity, sense continuity, and morphological status
queue:synodal:candidate:37d016dc773b3c8f0c9ed237:synodal:candidate:271a21c233a6d2414a2616dc	english-wiktionary-ocs-kaikki-2026-08-07+ponomar-elizabeth-bible-2026-08-09	queue-rank-146	мольба	мольба	noun	lexical-form	proposal:synodal:candidate:37d016dc773b3c8f0c9ed237:noun	disputed	cross-recension-identity-unconfirmed	evidence-final	synodal:candidate:37d016dc773b3c8f0c9ed237,synodal:candidate:271a21c233a6d2414a2616dc;Job.16.20	requires human confirmation of target identity, sense continuity, and morphological status
queue:synodal:candidate:39042ae8752367a95e290d0f:synodal:candidate:31a47b8abb6c36366b1641bd	english-wiktionary-ocs-kaikki-2026-08-07+ponomar-elizabeth-bible-2026-08-09	queue-rank-15	пещи	пещи	verb	lexical-form	proposal:synodal:candidate:39042ae8752367a95e290d0f:verb	ambiguous	cross-source-homograph-ambiguity	evidence-final	synodal:candidate:39042ae8752367a95e290d0f,synodal:candidate:31a47b8abb6c36366b1641bd;Apoc.9.2	surface belongs to multiple OCS lexeme paradigms; target identity must be resolved manually
queue:synodal:candidate:39ed2ab192bbbfeef347f72c:synodal:candidate:b9357046154e5e70da5c4ef3	english-wiktionary-ocs-kaikki-2026-08-07+ponomar-elizabeth-bible-2026-08-09	queue-rank-131	аеръ	аеръ	noun	lexical-form	proposal:synodal:candidate:39ed2ab192bbbfeef347f72c:noun	disputed	cross-recension-identity-unconfirmed	evidence-final	synodal:candidate:39ed2ab192bbbfeef347f72c,synodal:candidate:b9357046154e5e70da5c4ef3;Wisd.5.12	requires human confirmation of target identity, sense continuity, and morphological status
queue:synodal:candidate:3d475c4cd1594b62a7716975:synodal:candidate:1a1ff121b79ff24e5e81e839	english-wiktionary-ocs-kaikki-2026-08-07+ponomar-elizabeth-bible-2026-08-09	queue-rank-134	блюдъ	блюдъ	noun	lexical-form	proposal:synodal:candidate:3d475c4cd1594b62a7716975:noun	ambiguous	cross-source-homograph-ambiguity	evidence-final	synodal:candidate:3d475c4cd1594b62a7716975,synodal:candidate:1a1ff121b79ff24e5e81e839;Num.7.84	surface belongs to multiple OCS lexeme paradigms; target identity must be resolved manually
queue:synodal:candidate:3dbe009ffb4af93c7782f1f2:synodal:candidate:37846ffa7da93b1d25fb0996	english-wiktionary-ocs-kaikki-2026-08-07+ponomar-elizabeth-bible-2026-08-09	queue-rank-3	вратъ	вратъ	noun	lexical-form	proposal:synodal:candidate:3dbe009ffb4af93c7782f1f2:noun	ambiguous	cross-source-homograph-ambiguity	evidence-final	synodal:candidate:3dbe009ffb4af93c7782f1f2,synodal:candidate:37846ffa7da93b1d25fb0996;Acts.9.24	surface belongs to multiple OCS lexeme paradigms; target identity must be resolved manually
queue:synodal:candidate:3ef2283960f6623cd8be53bb:synodal:candidate:814fd611a7300cb01bfe3595	english-wiktionary-ocs-kaikki-2026-08-07+ponomar-elizabeth-bible-2026-08-09	queue-rank-17	данъ	данъ	adjective	lexical-form	proposal:synodal:candidate:3ef2283960f6623cd8be53bb:adjective	ambiguous	cross-source-homograph-ambiguity	evidence-final	synodal:candidate:3ef2283960f6623cd8be53bb,synodal:candidate:814fd611a7300cb01bfe3595;Apoc.6.2	surface belongs to multiple OCS lexeme paradigms; target identity must be resolved manually
queue:synodal:candidate:42620cbc302fae04fdad827b:synodal:candidate:15637ccf02de7a6dedfe0338	english-wiktionary-ocs-kaikki-2026-08-07+ponomar-elizabeth-bible-2026-08-09	queue-rank-179	давати	давати	verb	lexical-form	proposal:synodal:candidate:42620cbc302fae04fdad827b:verb	disputed	cross-recension-identity-unconfirmed	evidence-final	synodal:candidate:42620cbc302fae04fdad827b,synodal:candidate:15637ccf02de7a6dedfe0338;Judith.12.3	requires human confirmation of target identity, sense continuity, and morphological status
queue:synodal:candidate:43e3bc729a65006679e882be:synodal:candidate:0c55acd3432b113be9787995	english-wiktionary-ocs-kaikki-2026-08-07+ponomar-elizabeth-bible-2026-08-09	queue-rank-98	блажимъ	блажимъ	verb	lexical-form	proposal:synodal:candidate:43e3bc729a65006679e882be:verb	disputed	cross-recension-identity-unconfirmed	evidence-final	synodal:candidate:43e3bc729a65006679e882be,synodal:candidate:0c55acd3432b113be9787995;Jas.5.11	requires human confirmation of target identity, sense continuity, and morphological status
queue:synodal:candidate:43f4eafdf89e926c24bb63e5:synodal:candidate:6f657fcd0af51ab46ba3d1fc	english-wiktionary-ocs-kaikki-2026-08-07+ponomar-elizabeth-bible-2026-08-09	queue-rank-178	гласити	гласити	verb	lexical-form	proposal:synodal:candidate:43f4eafdf89e926c24bb63e5:verb	disputed	cross-recension-identity-unconfirmed	evidence-final	synodal:candidate:43f4eafdf89e926c24bb63e5,synodal:candidate:6f657fcd0af51ab46ba3d1fc;Sirach.47.12	requires human confirmation of target identity, sense continuity, and morphological status
queue:synodal:candidate:4932bb00ee4aa1684a73c4b9:synodal:candidate:1246990adae6e6c1c2f361b6	english-wiktionary-ocs-kaikki-2026-08-07+ponomar-elizabeth-bible-2026-08-09	queue-rank-27	пира	пира	noun	lexical-form	proposal:synodal:candidate:4932bb00ee4aa1684a73c4b9:noun	ambiguous	cross-source-homograph-ambiguity	evidence-final	synodal:candidate:4932bb00ee4aa1684a73c4b9,synodal:candidate:1246990adae6e6c1c2f361b6;Esther.1.5	surface belongs to multiple OCS lexeme paradigms; target identity must be resolved manually
queue:synodal:candidate:4a4b184af31a3f1286723e45:synodal:candidate:b5497055aa23a2c1b0f45821	english-wiktionary-ocs-kaikki-2026-08-07+ponomar-elizabeth-bible-2026-08-09	queue-rank-126	дома	дома	adverb	indeclinable	proposal:synodal:candidate:4a4b184af31a3f1286723e45:adverb	disputed	cross-recension-identity-unconfirmed	evidence-final	synodal:candidate:4a4b184af31a3f1286723e45,synodal:candidate:b5497055aa23a2c1b0f45821;Jn.11.20	requires human confirmation of target identity, sense continuity, and morphological status
queue:synodal:candidate:4ac4a347fe9f9db325008979:synodal:candidate:13406145e9ff300f9f0fe40a	english-wiktionary-ocs-kaikki-2026-08-07+ponomar-elizabeth-bible-2026-08-09	queue-rank-57	блато	блато	noun	lexical-form	proposal:synodal:candidate:4ac4a347fe9f9db325008979:noun	disputed	cross-recension-identity-unconfirmed	evidence-final	synodal:candidate:4ac4a347fe9f9db325008979,synodal:candidate:13406145e9ff300f9f0fe40a;I_Macc.9.45	requires human confirmation of target identity, sense continuity, and morphological status
queue:synodal:candidate:4bf274852b57012ab5ed04d8:synodal:candidate:942ce756df38810f40e98554	english-wiktionary-ocs-kaikki-2026-08-07+ponomar-elizabeth-bible-2026-08-09	queue-rank-184	ковати	ковати	verb	lexical-form	proposal:synodal:candidate:4bf274852b57012ab5ed04d8:verb	disputed	cross-recension-identity-unconfirmed	evidence-final	synodal:candidate:4bf274852b57012ab5ed04d8,synodal:candidate:942ce756df38810f40e98554;I_Kings.13.20	requires human confirmation of target identity, sense continuity, and morphological status
queue:synodal:candidate:4d3a385260b7ce5440552540:synodal:candidate:ab9919f5f4434c04db70f827	english-wiktionary-ocs-kaikki-2026-08-07+ponomar-elizabeth-bible-2026-08-09	queue-rank-196	ѡбращати	ѡбращати	verb	lexical-form	proposal:synodal:candidate:4d3a385260b7ce5440552540:verb	disputed	cross-recension-identity-unconfirmed	evidence-final	synodal:candidate:4d3a385260b7ce5440552540,synodal:candidate:ab9919f5f4434c04db70f827;Apoc.11.6	requires human confirmation of target identity, sense continuity, and morphological status
queue:synodal:candidate:4dbdcdc3f1f27be0136b0850:synodal:candidate:3e256030918aa3c71a3d0f4b	english-wiktionary-ocs-kaikki-2026-08-07+ponomar-elizabeth-bible-2026-08-09	queue-rank-152	поносъ	поносъ	noun	lexical-form	proposal:synodal:candidate:4dbdcdc3f1f27be0136b0850:noun	disputed	cross-recension-identity-unconfirmed	evidence-final	synodal:candidate:4dbdcdc3f1f27be0136b0850,synodal:candidate:3e256030918aa3c71a3d0f4b;Psalm.118.22	requires human confirmation of target identity, sense continuity, and morphological status
queue:synodal:candidate:4efae3cd21ad51020a91bf16:synodal:candidate:66f46db0226ce1eddaaa2e70	english-wiktionary-ocs-kaikki-2026-08-07+ponomar-elizabeth-bible-2026-08-09	queue-rank-77	мразъ	мразъ	noun	lexical-form	proposal:synodal:candidate:4efae3cd21ad51020a91bf16:noun	disputed	cross-recension-identity-unconfirmed	evidence-final	synodal:candidate:4efae3cd21ad51020a91bf16,synodal:candidate:66f46db0226ce1eddaaa2e70;Dan.3.71	requires human confirmation of target identity, sense continuity, and morphological status
queue:synodal:candidate:529d754dae62edf919536a6b:synodal:candidate:294d4b9efcc402c472be66b9	english-wiktionary-ocs-kaikki-2026-08-07+ponomar-elizabeth-bible-2026-08-09	queue-rank-194	свободити	свободити	verb	lexical-form	proposal:synodal:candidate:529d754dae62edf919536a6b:verb	disputed	cross-recension-identity-unconfirmed	evidence-final	synodal:candidate:529d754dae62edf919536a6b,synodal:candidate:294d4b9efcc402c472be66b9;III_Macc.2.24	requires human confirmation of target identity, sense continuity, and morphological status
queue:synodal:candidate:5379af63e48fa6cc3c9c0cda:synodal:candidate:d58b6149193c4f21cc47e890	english-wiktionary-ocs-kaikki-2026-08-07+ponomar-elizabeth-bible-2026-08-09	queue-rank-93	токъ	токъ	noun	lexical-form	proposal:synodal:candidate:5379af63e48fa6cc3c9c0cda:noun	disputed	cross-recension-identity-unconfirmed	evidence-final	synodal:candidate:5379af63e48fa6cc3c9c0cda,synodal:candidate:d58b6149193c4f21cc47e890;Isa.25.10	requires human confirmation of target identity, sense continuity, and morphological status
queue:synodal:candidate:5471d4207f6490854e1f5d0c:synodal:candidate:2ea4e8c66b548f40594ee241	english-wiktionary-ocs-kaikki-2026-08-07+ponomar-elizabeth-bible-2026-08-09	queue-rank-1	ꙗкѡ	ꙗкѡ	adverb	indeclinable	proposal:synodal:candidate:5471d4207f6490854e1f5d0c:adverb	disputed	cross-recension-identity-unconfirmed	evidence-final	synodal:candidate:5471d4207f6490854e1f5d0c,synodal:candidate:2ea4e8c66b548f40594ee241;Acts.1.5	requires human confirmation of target identity, sense continuity, and morphological status
queue:synodal:candidate:568f2269e9bb1b206de71b4f:synodal:candidate:a7109c49ed8e87b2d1f38603	english-wiktionary-ocs-kaikki-2026-08-07+ponomar-elizabeth-bible-2026-08-09	queue-rank-128	шестищи	шестищи	adverb	indeclinable	proposal:synodal:candidate:568f2269e9bb1b206de71b4f:adverb	disputed	cross-recension-identity-unconfirmed	evidence-final	synodal:candidate:568f2269e9bb1b206de71b4f,synodal:candidate:a7109c49ed8e87b2d1f38603;IV_Kings.13.19	requires human confirmation of target identity, sense continuity, and morphological status
queue:synodal:candidate:577502b2c433f3f2f75cd08c:synodal:candidate:fcc71957bf1f701597cb0d7b	english-wiktionary-ocs-kaikki-2026-08-07+ponomar-elizabeth-bible-2026-08-09	queue-rank-117	блѣдъ	блѣдъ	adjective	lexical-form	proposal:synodal:candidate:577502b2c433f3f2f75cd08c:adjective	disputed	cross-recension-identity-unconfirmed	evidence-final	synodal:candidate:577502b2c433f3f2f75cd08c,synodal:candidate:fcc71957bf1f701597cb0d7b;Apoc.6.8	requires human confirmation of target identity, sense continuity, and morphological status
queue:synodal:candidate:579716158f287cd9f352dd26:synodal:candidate:b73cca027896347363c2df97	english-wiktionary-ocs-kaikki-2026-08-07+ponomar-elizabeth-bible-2026-08-09	queue-rank-105	нарицати	нарицати	verb	lexical-form	proposal:synodal:candidate:579716158f287cd9f352dd26:verb	disputed	cross-recension-identity-unconfirmed	evidence-final	synodal:candidate:579716158f287cd9f352dd26,synodal:candidate:b73cca027896347363c2df97;Heb.2.11	requires human confirmation of target identity, sense continuity, and morphological status
queue:synodal:candidate:58ac9524c3f57ec19a850f72:synodal:candidate:a734f70e1e9c7128de4ab122	english-wiktionary-ocs-kaikki-2026-08-07+ponomar-elizabeth-bible-2026-08-09	queue-rank-29	подвигъ	подвигъ	noun	lexical-form	proposal:synodal:candidate:58ac9524c3f57ec19a850f72:noun	ambiguous	cross-source-homograph-ambiguity	evidence-final	synodal:candidate:58ac9524c3f57ec19a850f72,synodal:candidate:a734f70e1e9c7128de4ab122;Col.2.1	surface belongs to multiple OCS lexeme paradigms; target identity must be resolved manually
queue:synodal:candidate:5a6f4b289d8892302f759e47:synodal:candidate:30c9dc3b3343a6e57d2eea16	english-wiktionary-ocs-kaikki-2026-08-07+ponomar-elizabeth-bible-2026-08-09	queue-rank-7	пѧти	пѧти	verb	lexical-form	proposal:synodal:candidate:5a6f4b289d8892302f759e47:verb	ambiguous	cross-source-homograph-ambiguity	evidence-final	synodal:candidate:5a6f4b289d8892302f759e47,synodal:candidate:30c9dc3b3343a6e57d2eea16;Deut.10.22	surface belongs to multiple OCS lexeme paradigms; target identity must be resolved manually
queue:synodal:candidate:5c8d1827834c109c16bbc9e2:synodal:candidate:5bd067b063351a709c6bd838	english-wiktionary-ocs-kaikki-2026-08-07+ponomar-elizabeth-bible-2026-08-09	queue-rank-124	широкъ	широкъ	adjective	lexical-form	proposal:synodal:candidate:5c8d1827834c109c16bbc9e2:adjective	disputed	cross-recension-identity-unconfirmed	evidence-final	synodal:candidate:5c8d1827834c109c16bbc9e2,synodal:candidate:5bd067b063351a709c6bd838;Nehem.7.4	requires human confirmation of target identity, sense continuity, and morphological status
queue:synodal:candidate:5e21584fb1a05777b2b99afe:synodal:candidate:ba877bd75f4aa19c2fc056a7	english-wiktionary-ocs-kaikki-2026-08-07+ponomar-elizabeth-bible-2026-08-09	queue-rank-69	исто	исто	noun	lexical-form	proposal:synodal:candidate:5e21584fb1a05777b2b99afe:noun	ambiguous	cross-source-homograph-ambiguity	evidence-final	synodal:candidate:5e21584fb1a05777b2b99afe,synodal:candidate:ba877bd75f4aa19c2fc056a7;Lev.13.51	surface belongs to multiple OCS lexeme paradigms; target identity must be resolved manually
queue:synodal:candidate:5e5819cfa3d792ed3fd93406:synodal:candidate:642383c8190269d962155bbd	english-wiktionary-ocs-kaikki-2026-08-07+ponomar-elizabeth-bible-2026-08-09	queue-rank-38	ловити	ловити	verb	lexical-form	proposal:synodal:candidate:5e5819cfa3d792ed3fd93406:verb	disputed	cross-recension-identity-unconfirmed	evidence-final	synodal:candidate:5e5819cfa3d792ed3fd93406,synodal:candidate:642383c8190269d962155bbd;Gen.25.27	requires human confirmation of target identity, sense continuity, and morphological status
queue:synodal:candidate:5eebfb0d4930cd0f61576aab:synodal:candidate:8d9e0afaca8b26cad5b68d8d	english-wiktionary-ocs-kaikki-2026-08-07+ponomar-elizabeth-bible-2026-08-09	queue-rank-26	колъ	колъ	noun	lexical-form	proposal:synodal:candidate:5eebfb0d4930cd0f61576aab:noun	ambiguous	cross-source-homograph-ambiguity	evidence-final	synodal:candidate:5eebfb0d4930cd0f61576aab,synodal:candidate:8d9e0afaca8b26cad5b68d8d;Ezek.15.3	surface belongs to multiple OCS lexeme paradigms; target identity must be resolved manually
queue:synodal:candidate:5f465bbcd690eb2e7da724f7:synodal:candidate:eeedbaf3c9cf2a6ed96f7ee1	english-wiktionary-ocs-kaikki-2026-08-07+ponomar-elizabeth-bible-2026-08-09	queue-rank-92	татьба	татьба	noun	lexical-form	proposal:synodal:candidate:5f465bbcd690eb2e7da724f7:noun	disputed	cross-recension-identity-unconfirmed	evidence-final	synodal:candidate:5f465bbcd690eb2e7da724f7,synodal:candidate:eeedbaf3c9cf2a6ed96f7ee1;Wisd.14.25	requires human confirmation of target identity, sense continuity, and morphological status
queue:synodal:candidate:5febf44c8ca9b47c45c186ef:synodal:candidate:7b0ea2f1aa15350d1906ac51	english-wiktionary-ocs-kaikki-2026-08-07+ponomar-elizabeth-bible-2026-08-09	queue-rank-53	седмицею	седмицею	adverb	indeclinable	proposal:synodal:candidate:5febf44c8ca9b47c45c186ef:adverb	disputed	cross-recension-identity-unconfirmed	evidence-final	synodal:candidate:5febf44c8ca9b47c45c186ef,synodal:candidate:7b0ea2f1aa15350d1906ac51;Gen.4.24	requires human confirmation of target identity, sense continuity, and morphological status
queue:synodal:candidate:6516be27a929fda0c89967f0:synodal:candidate:1c163185c345382c32faf0c0	english-wiktionary-ocs-kaikki-2026-08-07+ponomar-elizabeth-bible-2026-08-09	queue-rank-121	пѣшь	пѣшь	adjective	lexical-form	proposal:synodal:candidate:6516be27a929fda0c89967f0:adjective	disputed	cross-recension-identity-unconfirmed	evidence-final	synodal:candidate:6516be27a929fda0c89967f0,synodal:candidate:1c163185c345382c32faf0c0;Acts.20.13	requires human confirmation of target identity, sense continuity, and morphological status
queue:synodal:candidate:6545f257f8afceb40fe36972:synodal:candidate:cff671f4f59c55572ea63ba8	english-wiktionary-ocs-kaikki-2026-08-07+ponomar-elizabeth-bible-2026-08-09	queue-rank-151	писмѧ	писмѧ	noun	lexical-form	proposal:synodal:candidate:6545f257f8afceb40fe36972:noun	disputed	cross-recension-identity-unconfirmed	evidence-final	synodal:candidate:6545f257f8afceb40fe36972,synodal:candidate:cff671f4f59c55572ea63ba8;II_Cor.3.6	requires human confirmation of target identity, sense continuity, and morphological status
queue:synodal:candidate:66c0fe56c866ce6249a25828:synodal:candidate:c88dc2ca8a5393fce274f058	english-wiktionary-ocs-kaikki-2026-08-07+ponomar-elizabeth-bible-2026-08-09	queue-rank-198	ѡстрищи	ѡстрищи	verb	lexical-form	proposal:synodal:candidate:66c0fe56c866ce6249a25828:verb	disputed	cross-recension-identity-unconfirmed	evidence-final	synodal:candidate:66c0fe56c866ce6249a25828,synodal:candidate:c88dc2ca8a5393fce274f058;Gen.31.19	requires human confirmation of target identity, sense continuity, and morphological status
queue:synodal:candidate:6bc925cae5703dfbd88d2a28:synodal:candidate:f9d34ae94062b3decc9208b3	english-wiktionary-ocs-kaikki-2026-08-07+ponomar-elizabeth-bible-2026-08-09	queue-rank-110	развратити	развратити	verb	lexical-form	proposal:synodal:candidate:6bc925cae5703dfbd88d2a28:verb	disputed	cross-recension-identity-unconfirmed	evidence-final	synodal:candidate:6bc925cae5703dfbd88d2a28,synodal:candidate:f9d34ae94062b3decc9208b3;Acts.13.8	requires human confirmation of target identity, sense continuity, and morphological status
queue:synodal:candidate:6c5324cf0d3f5ebae19014e3:synodal:candidate:04f6feae95862dcb89a2f97c	english-wiktionary-ocs-kaikki-2026-08-07+ponomar-elizabeth-bible-2026-08-09	queue-rank-47	радъ	радъ	adjective	lexical-form	proposal:synodal:candidate:6c5324cf0d3f5ebae19014e3:adjective	disputed	cross-recension-identity-unconfirmed	evidence-final	synodal:candidate:6c5324cf0d3f5ebae19014e3,synodal:candidate:04f6feae95862dcb89a2f97c;Jn.8.56	requires human confirmation of target identity, sense continuity, and morphological status
queue:synodal:candidate:6d6967abdd64ce8a3defc5b5:synodal:candidate:0a95a7407f6dbbc2ae8453b1	english-wiktionary-ocs-kaikki-2026-08-07+ponomar-elizabeth-bible-2026-08-09	queue-rank-49	сланъ	сланъ	adjective	lexical-form	proposal:synodal:candidate:6d6967abdd64ce8a3defc5b5:adjective	ambiguous	cross-source-homograph-ambiguity	evidence-final	synodal:candidate:6d6967abdd64ce8a3defc5b5,synodal:candidate:0a95a7407f6dbbc2ae8453b1;Gen.19.26	surface belongs to multiple OCS lexeme paradigms; target identity must be resolved manually
queue:synodal:candidate:6dada3f5fd2d914558c3b088:synodal:candidate:46e523214440f493ff07f92a	english-wiktionary-ocs-kaikki-2026-08-07+ponomar-elizabeth-bible-2026-08-09	queue-rank-76	лопата	лопата	noun	lexical-form	proposal:synodal:candidate:6dada3f5fd2d914558c3b088:noun	disputed	cross-recension-identity-unconfirmed	evidence-final	synodal:candidate:6dada3f5fd2d914558c3b088,synodal:candidate:46e523214440f493ff07f92a;Lk.3.17	requires human confirmation of target identity, sense continuity, and morphological status
queue:synodal:candidate:6e38303ca04cb1f030efdf79:synodal:candidate:4afc953ea1bea457c3a22636	english-wiktionary-ocs-kaikki-2026-08-07+ponomar-elizabeth-bible-2026-08-09	queue-rank-167	хоботъ	хоботъ	noun	lexical-form	proposal:synodal:candidate:6e38303ca04cb1f030efdf79:noun	disputed	cross-recension-identity-unconfirmed	evidence-final	synodal:candidate:6e38303ca04cb1f030efdf79,synodal:candidate:4afc953ea1bea457c3a22636;Apoc.12.4	requires human confirmation of target identity, sense continuity, and morphological status
queue:synodal:candidate:6e4ca0db86f592bbb8c67648:synodal:candidate:68fdf88d14d2ca153ed6d9f0	english-wiktionary-ocs-kaikki-2026-08-07+ponomar-elizabeth-bible-2026-08-09	queue-rank-140	затворъ	затворъ	noun	lexical-form	proposal:synodal:candidate:6e4ca0db86f592bbb8c67648:noun	disputed	cross-recension-identity-unconfirmed	evidence-final	synodal:candidate:6e4ca0db86f592bbb8c67648,synodal:candidate:68fdf88d14d2ca153ed6d9f0;Jerem.29.26	requires human confirmation of target identity, sense continuity, and morphological status
queue:synodal:candidate:6ec35b38ca1200ef72728546:synodal:candidate:bffb8afdbf9ee4703abc53b1	english-wiktionary-ocs-kaikki-2026-08-07+ponomar-elizabeth-bible-2026-08-09	queue-rank-113	ѡбличити	ѡбличити	verb	lexical-form	proposal:synodal:candidate:6ec35b38ca1200ef72728546:verb	disputed	cross-recension-identity-unconfirmed	evidence-final	synodal:candidate:6ec35b38ca1200ef72728546,synodal:candidate:bffb8afdbf9ee4703abc53b1;Mt.1.19	requires human confirmation of target identity, sense continuity, and morphological status
queue:synodal:candidate:6eceeb7f560d1f670a0e9cb2:synodal:candidate:6f2fd135c1d40a1e9ef3757e	english-wiktionary-ocs-kaikki-2026-08-07+ponomar-elizabeth-bible-2026-08-09	queue-rank-138	дѣдъ	дѣдъ	noun	lexical-form	proposal:synodal:candidate:6eceeb7f560d1f670a0e9cb2:noun	disputed	cross-recension-identity-unconfirmed	evidence-final	synodal:candidate:6eceeb7f560d1f670a0e9cb2,synodal:candidate:6f2fd135c1d40a1e9ef3757e;Sirach.1.0	requires human confirmation of target identity, sense continuity, and morphological status
queue:synodal:candidate:6eda8e5588a34e94b8d3d9e7:synodal:candidate:4532b6012848bdb963743058	english-wiktionary-ocs-kaikki-2026-08-07+ponomar-elizabeth-bible-2026-08-09	queue-rank-11	помощи	помощи	verb	lexical-form	proposal:synodal:candidate:6eda8e5588a34e94b8d3d9e7:verb	ambiguous	cross-source-homograph-ambiguity	evidence-final	synodal:candidate:6eda8e5588a34e94b8d3d9e7,synodal:candidate:4532b6012848bdb963743058;Esther.4.17	surface belongs to multiple OCS lexeme paradigms; target identity must be resolved manually
queue:synodal:candidate:710091b967c580aa43d7f1d2:synodal:candidate:3e83e13556e53b589b932dd4	english-wiktionary-ocs-kaikki-2026-08-07+ponomar-elizabeth-bible-2026-08-09	queue-rank-125	істѡвъ	істѡвъ	adjective	lexical-form	proposal:synodal:candidate:710091b967c580aa43d7f1d2:adjective	disputed	cross-recension-identity-unconfirmed	evidence-final	synodal:candidate:710091b967c580aa43d7f1d2,synodal:candidate:3e83e13556e53b589b932dd4;II_Kings.10.8	requires human confirmation of target identity, sense continuity, and morphological status
queue:synodal:candidate:7126c129860ed736ede2339c:synodal:candidate:1123d23017be89d086456218	english-wiktionary-ocs-kaikki-2026-08-07+ponomar-elizabeth-bible-2026-08-09	queue-rank-180	дремати	дремати	verb	lexical-form	proposal:synodal:candidate:7126c129860ed736ede2339c:verb	disputed	cross-recension-identity-unconfirmed	evidence-final	synodal:candidate:7126c129860ed736ede2339c,synodal:candidate:1123d23017be89d086456218;Isa.56.10	requires human confirmation of target identity, sense continuity, and morphological status
queue:synodal:candidate:7240e1de3b46d31dff8f0b87:synodal:candidate:c7aac3f89a72e283531801a8	english-wiktionary-ocs-kaikki-2026-08-07+ponomar-elizabeth-bible-2026-08-09	queue-rank-132	афедрѡнъ	афедрѡнъ	noun	lexical-form	proposal:synodal:candidate:7240e1de3b46d31dff8f0b87:noun	disputed	cross-recension-identity-unconfirmed	evidence-final	synodal:candidate:7240e1de3b46d31dff8f0b87,synodal:candidate:c7aac3f89a72e283531801a8;IV_Kings.10.27	requires human confirmation of target identity, sense continuity, and morphological status
queue:synodal:candidate:72ac39c1d48508ff0fc499eb:synodal:candidate:0a69ad42465cc93f1738fec0	english-wiktionary-ocs-kaikki-2026-08-07+ponomar-elizabeth-bible-2026-08-09	queue-rank-84	пила	пила	noun	lexical-form	proposal:synodal:candidate:72ac39c1d48508ff0fc499eb:noun	ambiguous	cross-source-homograph-ambiguity	evidence-final	synodal:candidate:72ac39c1d48508ff0fc499eb,synodal:candidate:0a69ad42465cc93f1738fec0;Isa.10.15	surface belongs to multiple OCS lexeme paradigms; target identity must be resolved manually
queue:synodal:candidate:7330bea2ca87df4817b9bd75:synodal:candidate:68b7d05009bf839171b79766	english-wiktionary-ocs-kaikki-2026-08-07+ponomar-elizabeth-bible-2026-08-09	queue-rank-129	любо	любо	conjunction	indeclinable	proposal:synodal:candidate:7330bea2ca87df4817b9bd75:conjunction	disputed	cross-recension-identity-unconfirmed	evidence-final	synodal:candidate:7330bea2ca87df4817b9bd75,synodal:candidate:68b7d05009bf839171b79766;Mt.6.24	requires human confirmation of target identity, sense continuity, and morphological status
queue:synodal:candidate:782c716510e2246737ade0ee:synodal:candidate:23a359d3321b1e26dccc324c	english-wiktionary-ocs-kaikki-2026-08-07+ponomar-elizabeth-bible-2026-08-09	queue-rank-82	патрїархъ	патрїархъ	noun	lexical-form	proposal:synodal:candidate:782c716510e2246737ade0ee:noun	disputed	cross-recension-identity-unconfirmed	evidence-final	synodal:candidate:782c716510e2246737ade0ee,synodal:candidate:23a359d3321b1e26dccc324c;Heb.7.4	requires human confirmation of target identity, sense continuity, and morphological status
queue:synodal:candidate:783693e6f37937d6d4ed1394:synodal:candidate:7c9011b987295153ec6ada2f	english-wiktionary-ocs-kaikki-2026-08-07+ponomar-elizabeth-bible-2026-08-09	queue-rank-186	мести	мести	verb	lexical-form	proposal:synodal:candidate:783693e6f37937d6d4ed1394:verb	disputed	cross-recension-identity-unconfirmed	evidence-final	synodal:candidate:783693e6f37937d6d4ed1394,synodal:candidate:7c9011b987295153ec6ada2f;Sirach.18.24	requires human confirmation of target identity, sense continuity, and morphological status
queue:synodal:candidate:79f98fdf0b48c0b89ad96784:synodal:candidate:b9a122535270c5402de7aaae	english-wiktionary-ocs-kaikki-2026-08-07+ponomar-elizabeth-bible-2026-08-09	queue-rank-106	плавати	плавати	verb	lexical-form	proposal:synodal:candidate:79f98fdf0b48c0b89ad96784:verb	disputed	cross-recension-identity-unconfirmed	evidence-final	synodal:candidate:79f98fdf0b48c0b89ad96784,synodal:candidate:b9a122535270c5402de7aaae;Acts.27.43	requires human confirmation of target identity, sense continuity, and morphological status
queue:synodal:candidate:7ac363a86644f54ed5b474f5:synodal:candidate:426453eb1761b25ec930cfd4	english-wiktionary-ocs-kaikki-2026-08-07+ponomar-elizabeth-bible-2026-08-09	queue-rank-107	подвизати	подвизати	verb	lexical-form	proposal:synodal:candidate:7ac363a86644f54ed5b474f5:verb	disputed	cross-recension-identity-unconfirmed	evidence-final	synodal:candidate:7ac363a86644f54ed5b474f5,synodal:candidate:426453eb1761b25ec930cfd4;Jerem.14.10	requires human confirmation of target identity, sense continuity, and morphological status
queue:synodal:candidate:7bcbf8c502ca910dc6b0477a:synodal:candidate:49cdc70478e5386c4db3201c	english-wiktionary-ocs-kaikki-2026-08-07+ponomar-elizabeth-bible-2026-08-09	queue-rank-101	доити	доити	verb	lexical-form	proposal:synodal:candidate:7bcbf8c502ca910dc6b0477a:verb	disputed	cross-recension-identity-unconfirmed	evidence-final	synodal:candidate:7bcbf8c502ca910dc6b0477a,synodal:candidate:49cdc70478e5386c4db3201c;Acts.26.7	requires human confirmation of target identity, sense continuity, and morphological status
queue:synodal:candidate:7c5c241c520f666a81cbb271:synodal:candidate:e97d281f643ff8cc70cedff3	english-wiktionary-ocs-kaikki-2026-08-07+ponomar-elizabeth-bible-2026-08-09	queue-rank-183	испещи	испещи	verb	lexical-form	proposal:synodal:candidate:7c5c241c520f666a81cbb271:verb	disputed	cross-recension-identity-unconfirmed	evidence-final	synodal:candidate:7c5c241c520f666a81cbb271,synodal:candidate:e97d281f643ff8cc70cedff3;I_Kings.2.15	requires human confirmation of target identity, sense continuity, and morphological status
queue:synodal:candidate:7c8a84abbe611d4bace90b01:synodal:candidate:798a98cf786a9b9f0825a893	english-wiktionary-ocs-kaikki-2026-08-07+ponomar-elizabeth-bible-2026-08-09	queue-rank-45	дрѧхлъ	дрѧхлъ	adjective	lexical-form	proposal:synodal:candidate:7c8a84abbe611d4bace90b01:adjective	disputed	cross-recension-identity-unconfirmed	evidence-final	synodal:candidate:7c8a84abbe611d4bace90b01,synodal:candidate:798a98cf786a9b9f0825a893;Isa.57.17	requires human confirmation of target identity, sense continuity, and morphological status
queue:synodal:candidate:7f1b386b1544fff04527d1b2:synodal:candidate:32723f7d9c4e64af935f48da	english-wiktionary-ocs-kaikki-2026-08-07+ponomar-elizabeth-bible-2026-08-09	queue-rank-115	ѡсвѧтити	ѡсвѧтити	verb	lexical-form	proposal:synodal:candidate:7f1b386b1544fff04527d1b2:verb	disputed	cross-recension-identity-unconfirmed	evidence-final	synodal:candidate:7f1b386b1544fff04527d1b2,synodal:candidate:32723f7d9c4e64af935f48da;Ex.29.36	requires human confirmation of target identity, sense continuity, and morphological status
queue:synodal:candidate:811065940a27594417284dc9:synodal:candidate:ff220d2703be4c5005d95a8f	english-wiktionary-ocs-kaikki-2026-08-07+ponomar-elizabeth-bible-2026-08-09	queue-rank-36	ꙗсли	ꙗсли	noun	lexical-form	proposal:synodal:candidate:811065940a27594417284dc9:noun	disputed	cross-recension-identity-unconfirmed	evidence-final	synodal:candidate:811065940a27594417284dc9,synodal:candidate:ff220d2703be4c5005d95a8f;II_Paral.32.28	requires human confirmation of target identity, sense continuity, and morphological status
queue:synodal:candidate:84fe28ade720ce00d8be5d05:synodal:candidate:d4624b5e8a75cbe746cbad13	english-wiktionary-ocs-kaikki-2026-08-07+ponomar-elizabeth-bible-2026-08-09	queue-rank-112	ѡбличати	ѡбличати	verb	lexical-form	proposal:synodal:candidate:84fe28ade720ce00d8be5d05:verb	disputed	cross-recension-identity-unconfirmed	evidence-final	synodal:candidate:84fe28ade720ce00d8be5d05,synodal:candidate:d4624b5e8a75cbe746cbad13;Habak.1.12	requires human confirmation of target identity, sense continuity, and morphological status
queue:synodal:candidate:850ec6be31029038c38ab167:synodal:candidate:d433c04e91c172a59fdf42cb	english-wiktionary-ocs-kaikki-2026-08-07+ponomar-elizabeth-bible-2026-08-09	queue-rank-158	санъ	санъ	noun	lexical-form	proposal:synodal:candidate:850ec6be31029038c38ab167:noun	disputed	cross-recension-identity-unconfirmed	evidence-final	synodal:candidate:850ec6be31029038c38ab167,synodal:candidate:d433c04e91c172a59fdf42cb;Gen.40.13	requires human confirmation of target identity, sense continuity, and morphological status
queue:synodal:candidate:8558e378e4549a2d61c12fc7:synodal:candidate:77d4729c2602af4f577e885c	english-wiktionary-ocs-kaikki-2026-08-07+ponomar-elizabeth-bible-2026-08-09	queue-rank-99	болѣти	болѣти	verb	lexical-form	proposal:synodal:candidate:8558e378e4549a2d61c12fc7:verb	disputed	cross-recension-identity-unconfirmed	evidence-final	synodal:candidate:8558e378e4549a2d61c12fc7,synodal:candidate:77d4729c2602af4f577e885c;III_Kings.15.23	requires human confirmation of target identity, sense continuity, and morphological status
queue:synodal:candidate:8673f00d7c6de65dc7a8ff19:synodal:candidate:36ce6f798000c10cf1ada315	english-wiktionary-ocs-kaikki-2026-08-07+ponomar-elizabeth-bible-2026-08-09	queue-rank-182	зажещи	зажещи	verb	lexical-form	proposal:synodal:candidate:8673f00d7c6de65dc7a8ff19:verb	disputed	cross-recension-identity-unconfirmed	evidence-final	synodal:candidate:8673f00d7c6de65dc7a8ff19,synodal:candidate:36ce6f798000c10cf1ada315;II_Macc.14.41	requires human confirmation of target identity, sense continuity, and morphological status
queue:synodal:candidate:86d40673ff07bb7f2dee1191:synodal:candidate:c003be844e4398b5be0a64e9	english-wiktionary-ocs-kaikki-2026-08-07+ponomar-elizabeth-bible-2026-08-09	queue-rank-63	динарь	динарь	noun	lexical-form	proposal:synodal:candidate:86d40673ff07bb7f2dee1191:noun	disputed	cross-recension-identity-unconfirmed	evidence-final	synodal:candidate:86d40673ff07bb7f2dee1191,synodal:candidate:c003be844e4398b5be0a64e9;Apoc.6.6	requires human confirmation of target identity, sense continuity, and morphological status
queue:synodal:candidate:8730a8e32acbf19ac2b6bd4c:synodal:candidate:ec306fe0ed074e07270c1af5	english-wiktionary-ocs-kaikki-2026-08-07+ponomar-elizabeth-bible-2026-08-09	queue-rank-191	произнести	произнести	verb	lexical-form	proposal:synodal:candidate:8730a8e32acbf19ac2b6bd4c:verb	disputed	cross-recension-identity-unconfirmed	evidence-final	synodal:candidate:8730a8e32acbf19ac2b6bd4c,synodal:candidate:ec306fe0ed074e07270c1af5;Prov.17.27	requires human confirmation of target identity, sense continuity, and morphological status
queue:synodal:candidate:87b5a4825089564b6e17aad0:synodal:candidate:402234594d4ae0242d30481a	english-wiktionary-ocs-kaikki-2026-08-07+ponomar-elizabeth-bible-2026-08-09	queue-rank-80	оужасъ	оужасъ	noun	lexical-form	proposal:synodal:candidate:87b5a4825089564b6e17aad0:noun	ambiguous	cross-source-homograph-ambiguity	evidence-final	synodal:candidate:87b5a4825089564b6e17aad0,synodal:candidate:402234594d4ae0242d30481a;Jerem.5.30	surface belongs to multiple OCS lexeme paradigms; target identity must be resolved manually
queue:synodal:candidate:882689afb81f2f9c73430aed:synodal:candidate:9b23d0459b77013a6c036024	english-wiktionary-ocs-kaikki-2026-08-07+ponomar-elizabeth-bible-2026-08-09	queue-rank-96	ꙗма	ꙗма	noun	lexical-form	proposal:synodal:candidate:882689afb81f2f9c73430aed:noun	disputed	cross-recension-identity-unconfirmed	evidence-final	synodal:candidate:882689afb81f2f9c73430aed,synodal:candidate:9b23d0459b77013a6c036024;Psalm.93.13	requires human confirmation of target identity, sense continuity, and morphological status
queue:synodal:candidate:88cb86cc7a7b54d198f869ca:synodal:candidate:cd48f4e53c66ca4562497c11	english-wiktionary-ocs-kaikki-2026-08-07+ponomar-elizabeth-bible-2026-08-09	queue-rank-188	падати	падати	verb	lexical-form	proposal:synodal:candidate:88cb86cc7a7b54d198f869ca:verb	disputed	cross-recension-identity-unconfirmed	evidence-final	synodal:candidate:88cb86cc7a7b54d198f869ca,synodal:candidate:cd48f4e53c66ca4562497c11;Jerem.51.49	requires human confirmation of target identity, sense continuity, and morphological status
queue:synodal:candidate:8b35ba035f358e53296dc318:synodal:candidate:bf7b741e76f91cf0c05fe850	english-wiktionary-ocs-kaikki-2026-08-07+ponomar-elizabeth-bible-2026-08-09	queue-rank-42	строити	строити	verb	lexical-form	proposal:synodal:candidate:8b35ba035f358e53296dc318:verb	disputed	cross-recension-identity-unconfirmed	evidence-final	synodal:candidate:8b35ba035f358e53296dc318,synodal:candidate:bf7b741e76f91cf0c05fe850;I_Tim.5.14	requires human confirmation of target identity, sense continuity, and morphological status
queue:synodal:candidate:8b6b97af0e66a92a15bfc22f:synodal:candidate:4be556911444c89f99e1408c	english-wiktionary-ocs-kaikki-2026-08-07+ponomar-elizabeth-bible-2026-08-09	queue-rank-30	кадило	кадило	noun	lexical-form	proposal:synodal:candidate:8b6b97af0e66a92a15bfc22f:noun	ambiguous	cross-source-homograph-ambiguity	evidence-final	synodal:candidate:8b6b97af0e66a92a15bfc22f,synodal:candidate:4be556911444c89f99e1408c;Isa.1.13	surface belongs to multiple OCS lexeme paradigms; target identity must be resolved manually
queue:synodal:candidate:8ec2775d77f731808bfbb043:synodal:candidate:d9c236b019d89733d4ddafab	english-wiktionary-ocs-kaikki-2026-08-07+ponomar-elizabeth-bible-2026-08-09	queue-rank-109	пристати	пристати	verb	lexical-form	proposal:synodal:candidate:8ec2775d77f731808bfbb043:verb	disputed	cross-recension-identity-unconfirmed	evidence-final	synodal:candidate:8ec2775d77f731808bfbb043,synodal:candidate:d9c236b019d89733d4ddafab;Acts.27.26	requires human confirmation of target identity, sense continuity, and morphological status
queue:synodal:candidate:8ff119fd6443e2e34f5751a9:synodal:candidate:e635134c5ea98dd554d42758	english-wiktionary-ocs-kaikki-2026-08-07+ponomar-elizabeth-bible-2026-08-09	queue-rank-86	правость	правость	noun	lexical-form	proposal:synodal:candidate:8ff119fd6443e2e34f5751a9:noun	disputed	cross-recension-identity-unconfirmed	evidence-final	synodal:candidate:8ff119fd6443e2e34f5751a9,synodal:candidate:e635134c5ea98dd554d42758;Song.1.3	requires human confirmation of target identity, sense continuity, and morphological status
queue:synodal:candidate:90a0997dc00efa91eb6a84d4:synodal:candidate:9cbf79739107abd3ce529136	english-wiktionary-ocs-kaikki-2026-08-07+ponomar-elizabeth-bible-2026-08-09	queue-rank-14	сѣти	сѣти	verb	lexical-form	proposal:synodal:candidate:90a0997dc00efa91eb6a84d4:verb	ambiguous	cross-source-homograph-ambiguity	evidence-final	synodal:candidate:90a0997dc00efa91eb6a84d4,synodal:candidate:9cbf79739107abd3ce529136;Eccles.9.12	surface belongs to multiple OCS lexeme paradigms; target identity must be resolved manually
queue:synodal:candidate:910398b7d91e1e41a14dd8b5:synodal:candidate:4f7733783a20db2fa48f327e	english-wiktionary-ocs-kaikki-2026-08-07+ponomar-elizabeth-bible-2026-08-09	queue-rank-9	дѣти	дѣти	verb	lexical-form	proposal:synodal:candidate:910398b7d91e1e41a14dd8b5:verb	ambiguous	cross-source-homograph-ambiguity	evidence-final	synodal:candidate:910398b7d91e1e41a14dd8b5,synodal:candidate:4f7733783a20db2fa48f327e;Dan.14.21	surface belongs to multiple OCS lexeme paradigms; target identity must be resolved manually
queue:synodal:candidate:9552ef13f676bbf4f6e8e940:synodal:candidate:12cb65779f4a1fb3249c6e57	english-wiktionary-ocs-kaikki-2026-08-07+ponomar-elizabeth-bible-2026-08-09	queue-rank-50	храбръ	храбръ	adjective	lexical-form	proposal:synodal:candidate:9552ef13f676bbf4f6e8e940:adjective	disputed	cross-recension-identity-unconfirmed	evidence-final	synodal:candidate:9552ef13f676bbf4f6e8e940,synodal:candidate:12cb65779f4a1fb3249c6e57;Joel.3.11	requires human confirmation of target identity, sense continuity, and morphological status
queue:synodal:candidate:96cfa329cd08fcb6b9683024:synodal:candidate:56cecc7dd4da74d66d56f574	english-wiktionary-ocs-kaikki-2026-08-07+ponomar-elizabeth-bible-2026-08-09	queue-rank-149	мощь	мощь	noun	lexical-form	proposal:synodal:candidate:96cfa329cd08fcb6b9683024:noun	ambiguous	cross-source-homograph-ambiguity	evidence-final	synodal:candidate:96cfa329cd08fcb6b9683024,synodal:candidate:56cecc7dd4da74d66d56f574;Job.16.15	surface belongs to multiple OCS lexeme paradigms; target identity must be resolved manually
queue:synodal:candidate:9766969fe0b158842a265c86:synodal:candidate:cb06f083ba0dbe9dcee509c3	english-wiktionary-ocs-kaikki-2026-08-07+ponomar-elizabeth-bible-2026-08-09	queue-rank-19	видимъ	видимъ	adjective	lexical-form	proposal:synodal:candidate:9766969fe0b158842a265c86:adjective	ambiguous	cross-source-homograph-ambiguity	evidence-final	synodal:candidate:9766969fe0b158842a265c86,synodal:candidate:cb06f083ba0dbe9dcee509c3;Composite.8.54	surface belongs to multiple OCS lexeme paradigms; target identity must be resolved manually
queue:synodal:candidate:976c20a960b478dd0cf4b88c:synodal:candidate:06e42567200657dabd57bcdd	english-wiktionary-ocs-kaikki-2026-08-07+ponomar-elizabeth-bible-2026-08-09	queue-rank-164	тина	тина	noun	lexical-form	proposal:synodal:candidate:976c20a960b478dd0cf4b88c:noun	disputed	cross-recension-identity-unconfirmed	evidence-final	synodal:candidate:976c20a960b478dd0cf4b88c,synodal:candidate:06e42567200657dabd57bcdd;Jerem.38.6	requires human confirmation of target identity, sense continuity, and morphological status
queue:synodal:candidate:97d912462d68e2b252042b5d:synodal:candidate:fc0d66d53da7a545305ea21d	english-wiktionary-ocs-kaikki-2026-08-07+ponomar-elizabeth-bible-2026-08-09	queue-rank-108	правити	правити	verb	lexical-form	proposal:synodal:candidate:97d912462d68e2b252042b5d:verb	disputed	cross-recension-identity-unconfirmed	evidence-final	synodal:candidate:97d912462d68e2b252042b5d,synodal:candidate:fc0d66d53da7a545305ea21d;Esther.5.11	requires human confirmation of target identity, sense continuity, and morphological status
queue:synodal:candidate:98193417ee3896fe973b0f32:synodal:candidate:8724a7a5c17e0e85fab640f2	english-wiktionary-ocs-kaikki-2026-08-07+ponomar-elizabeth-bible-2026-08-09	queue-rank-59	бритва	бритва	noun	lexical-form	proposal:synodal:candidate:98193417ee3896fe973b0f32:noun	disputed	cross-recension-identity-unconfirmed	evidence-final	synodal:candidate:98193417ee3896fe973b0f32,synodal:candidate:8724a7a5c17e0e85fab640f2;Num.6.5	requires human confirmation of target identity, sense continuity, and morphological status
queue:synodal:candidate:982c45dadd5b9de8721c6e79:synodal:candidate:ca95578e0c8c0a2ae9af2e9a	english-wiktionary-ocs-kaikki-2026-08-07+ponomar-elizabeth-bible-2026-08-09	queue-rank-64	дира	дира	noun	lexical-form	proposal:synodal:candidate:982c45dadd5b9de8721c6e79:noun	disputed	cross-recension-identity-unconfirmed	evidence-final	synodal:candidate:982c45dadd5b9de8721c6e79,synodal:candidate:ca95578e0c8c0a2ae9af2e9a;Mk.2.21	requires human confirmation of target identity, sense continuity, and morphological status
queue:synodal:candidate:987d323c0ce4b0430b46bc2d:synodal:candidate:f6a69f59f8c0d8efb9f1e1fd	english-wiktionary-ocs-kaikki-2026-08-07+ponomar-elizabeth-bible-2026-08-09	queue-rank-88	проповѣдь	проповѣдь	noun	lexical-form	proposal:synodal:candidate:987d323c0ce4b0430b46bc2d:noun	disputed	cross-recension-identity-unconfirmed	evidence-final	synodal:candidate:987d323c0ce4b0430b46bc2d,synodal:candidate:f6a69f59f8c0d8efb9f1e1fd;II_Paral.30.5	requires human confirmation of target identity, sense continuity, and morphological status
queue:synodal:candidate:9a2b861ce4bef03e5f7f5d80:synodal:candidate:696b607b77998d8f362a7587	english-wiktionary-ocs-kaikki-2026-08-07+ponomar-elizabeth-bible-2026-08-09	queue-rank-130	агнѧ	агнѧ	noun	lexical-form	proposal:synodal:candidate:9a2b861ce4bef03e5f7f5d80:noun	disputed	cross-recension-identity-unconfirmed	evidence-final	synodal:candidate:9a2b861ce4bef03e5f7f5d80,synodal:candidate:696b607b77998d8f362a7587;Jerem.11.19	requires human confirmation of target identity, sense continuity, and morphological status
queue:synodal:candidate:9b39ca1010000b2ce1cc98e3:synodal:candidate:93bc27b64d44354d860d70a6	english-wiktionary-ocs-kaikki-2026-08-07+ponomar-elizabeth-bible-2026-08-09	queue-rank-58	брада	брада	noun	lexical-form	proposal:synodal:candidate:9b39ca1010000b2ce1cc98e3:noun	disputed	cross-recension-identity-unconfirmed	evidence-final	synodal:candidate:9b39ca1010000b2ce1cc98e3,synodal:candidate:93bc27b64d44354d860d70a6;Jerem.48.37	requires human confirmation of target identity, sense continuity, and morphological status
queue:synodal:candidate:9b3d522859b920c56b7081a1:synodal:candidate:2e45c512619594a38fb22813	english-wiktionary-ocs-kaikki-2026-08-07+ponomar-elizabeth-bible-2026-08-09	queue-rank-46	лѣнивъ	лѣнивъ	adjective	lexical-form	proposal:synodal:candidate:9b3d522859b920c56b7081a1:adjective	disputed	cross-recension-identity-unconfirmed	evidence-final	synodal:candidate:9b3d522859b920c56b7081a1,synodal:candidate:2e45c512619594a38fb22813;Prov.6.11	requires human confirmation of target identity, sense continuity, and morphological status
queue:synodal:candidate:9c0c270c0aa012016c7aeade:synodal:candidate:9f19ea695b40e7741161f2d7	english-wiktionary-ocs-kaikki-2026-08-07+ponomar-elizabeth-bible-2026-08-09	queue-rank-190	попирати	попирати	verb	lexical-form	proposal:synodal:candidate:9c0c270c0aa012016c7aeade:verb	disputed	cross-recension-identity-unconfirmed	evidence-final	synodal:candidate:9c0c270c0aa012016c7aeade,synodal:candidate:9f19ea695b40e7741161f2d7;Lk.12.1	requires human confirmation of target identity, sense continuity, and morphological status
queue:synodal:candidate:9e17f69693feab056adf0fe6:synodal:candidate:53a128448732e3e3b6f61c3e	english-wiktionary-ocs-kaikki-2026-08-07+ponomar-elizabeth-bible-2026-08-09	queue-rank-142	китъ	китъ	noun	lexical-form	proposal:synodal:candidate:9e17f69693feab056adf0fe6:noun	disputed	cross-recension-identity-unconfirmed	evidence-final	synodal:candidate:9e17f69693feab056adf0fe6,synodal:candidate:53a128448732e3e3b6f61c3e;Job.26.12	requires human confirmation of target identity, sense continuity, and morphological status
queue:synodal:candidate:9e4eaead7b584acaf97261e3:synodal:candidate:114207c55435749dc4244570	english-wiktionary-ocs-kaikki-2026-08-07+ponomar-elizabeth-bible-2026-08-09	queue-rank-51	инамѡ	инамѡ	adverb	indeclinable	proposal:synodal:candidate:9e4eaead7b584acaf97261e3:adverb	disputed	cross-recension-identity-unconfirmed	evidence-final	synodal:candidate:9e4eaead7b584acaf97261e3,synodal:candidate:114207c55435749dc4244570;Jerem.48.27	requires human confirmation of target identity, sense continuity, and morphological status
queue:synodal:candidate:a09ee9bbda4f7b41b5d06149:synodal:candidate:37b1e20852817e6a69bfe4b7	english-wiktionary-ocs-kaikki-2026-08-07+ponomar-elizabeth-bible-2026-08-09	queue-rank-195	трепетати	трепетати	verb	lexical-form	proposal:synodal:candidate:a09ee9bbda4f7b41b5d06149:verb	disputed	cross-recension-identity-unconfirmed	evidence-final	synodal:candidate:a09ee9bbda4f7b41b5d06149,synodal:candidate:37b1e20852817e6a69bfe4b7;III_Esdra.3.18	requires human confirmation of target identity, sense continuity, and morphological status
queue:synodal:candidate:a386d89489805d56e02904fa:synodal:candidate:8457da24089db71039b184cf	english-wiktionary-ocs-kaikki-2026-08-07+ponomar-elizabeth-bible-2026-08-09	queue-rank-28	ключь	ключь	noun	lexical-form	proposal:synodal:candidate:a386d89489805d56e02904fa:noun	ambiguous	cross-source-homograph-ambiguity	evidence-final	synodal:candidate:a386d89489805d56e02904fa,synodal:candidate:8457da24089db71039b184cf;Apoc.3.7	surface belongs to multiple OCS lexeme paradigms; target identity must be resolved manually
queue:synodal:candidate:a507123296b41f91f9ed6501:synodal:candidate:455cecfb505b99160a80658d	english-wiktionary-ocs-kaikki-2026-08-07+ponomar-elizabeth-bible-2026-08-09	queue-rank-156	рало	рало	noun	lexical-form	proposal:synodal:candidate:a507123296b41f91f9ed6501:noun	disputed	cross-recension-identity-unconfirmed	evidence-final	synodal:candidate:a507123296b41f91f9ed6501,synodal:candidate:455cecfb505b99160a80658d;Lk.9.62	requires human confirmation of target identity, sense continuity, and morphological status
queue:synodal:candidate:a53a66f598b63a4e8947eedc:synodal:candidate:867a237d60aa14ca9254801e	english-wiktionary-ocs-kaikki-2026-08-07+ponomar-elizabeth-bible-2026-08-09	queue-rank-141	зѣница	зѣница	noun	lexical-form	proposal:synodal:candidate:a53a66f598b63a4e8947eedc:noun	disputed	cross-recension-identity-unconfirmed	evidence-final	synodal:candidate:a53a66f598b63a4e8947eedc,synodal:candidate:867a237d60aa14ca9254801e;Lamen.2.18	requires human confirmation of target identity, sense continuity, and morphological status
queue:synodal:candidate:a66f00bcc74587ffb8b0c930:synodal:candidate:3a27c677547772146d19b0c0	english-wiktionary-ocs-kaikki-2026-08-07+ponomar-elizabeth-bible-2026-08-09	queue-rank-61	вепрь	вепрь	noun	lexical-form	proposal:synodal:candidate:a66f00bcc74587ffb8b0c930:noun	disputed	cross-recension-identity-unconfirmed	evidence-final	synodal:candidate:a66f00bcc74587ffb8b0c930,synodal:candidate:3a27c677547772146d19b0c0;II_Kings.17.8	requires human confirmation of target identity, sense continuity, and morphological status
queue:synodal:candidate:a71bbb7fccf768080c64a4e1:synodal:candidate:ae6f20a67fb462b911f9611f	english-wiktionary-ocs-kaikki-2026-08-07+ponomar-elizabeth-bible-2026-08-09	queue-rank-48	синь	синь	adjective	lexical-form	proposal:synodal:candidate:a71bbb7fccf768080c64a4e1:adjective	ambiguous	cross-source-homograph-ambiguity	evidence-final	synodal:candidate:a71bbb7fccf768080c64a4e1,synodal:candidate:ae6f20a67fb462b911f9611f;Ex.36.8	surface belongs to multiple OCS lexeme paradigms; target identity must be resolved manually
queue:synodal:candidate:aa1df7f1fe52b1bac17e78a1:synodal:candidate:d5bfd6d8244d58f1d2b6c5e8	english-wiktionary-ocs-kaikki-2026-08-07+ponomar-elizabeth-bible-2026-08-09	queue-rank-100	горѣти	горѣти	verb	lexical-form	proposal:synodal:candidate:aa1df7f1fe52b1bac17e78a1:verb	disputed	cross-recension-identity-unconfirmed	evidence-final	synodal:candidate:aa1df7f1fe52b1bac17e78a1,synodal:candidate:d5bfd6d8244d58f1d2b6c5e8;Jerem.15.14	requires human confirmation of target identity, sense continuity, and morphological status
queue:synodal:candidate:ab7115ba090975e4dce40585:synodal:candidate:ee2d5947ec0b5fadeafa4dab	english-wiktionary-ocs-kaikki-2026-08-07+ponomar-elizabeth-bible-2026-08-09	queue-rank-2	мои	мои	pronoun	lexical-form	proposal:synodal:candidate:ab7115ba090975e4dce40585:pronoun	ambiguous	cross-source-homograph-ambiguity	evidence-final	synodal:candidate:ab7115ba090975e4dce40585,synodal:candidate:ee2d5947ec0b5fadeafa4dab;Acts.20.34	surface belongs to multiple OCS lexeme paradigms; target identity must be resolved manually
queue:synodal:candidate:acf926ff95d3d6540842277b:synodal:candidate:cb06f083ba0dbe9dcee509c3	english-wiktionary-ocs-kaikki-2026-08-07+ponomar-elizabeth-bible-2026-08-09	queue-rank-20	видимъ	видимъ	verb	lexical-form	proposal:synodal:candidate:acf926ff95d3d6540842277b:verb	ambiguous	cross-source-homograph-ambiguity	evidence-final	synodal:candidate:acf926ff95d3d6540842277b,synodal:candidate:cb06f083ba0dbe9dcee509c3;Composite.8.54	surface belongs to multiple OCS lexeme paradigms; target identity must be resolved manually
queue:synodal:candidate:ae5c4248fa50c9b656063c4a:synodal:candidate:00af0a200982ce92dfe83ca4	english-wiktionary-ocs-kaikki-2026-08-07+ponomar-elizabeth-bible-2026-08-09	queue-rank-118	веселъ	веселъ	adjective	lexical-form	proposal:synodal:candidate:ae5c4248fa50c9b656063c4a:adjective	disputed	cross-recension-identity-unconfirmed	evidence-final	synodal:candidate:ae5c4248fa50c9b656063c4a,synodal:candidate:00af0a200982ce92dfe83ca4;Esther.5.9	requires human confirmation of target identity, sense continuity, and morphological status
queue:synodal:candidate:aef331a00dec2e3fced22d30:synodal:candidate:f5ef7c88ce6869a4e8688b6c	english-wiktionary-ocs-kaikki-2026-08-07+ponomar-elizabeth-bible-2026-08-09	queue-rank-189	парити	парити	verb	lexical-form	proposal:synodal:candidate:aef331a00dec2e3fced22d30:verb	disputed	cross-recension-identity-unconfirmed	evidence-final	synodal:candidate:aef331a00dec2e3fced22d30,synodal:candidate:f5ef7c88ce6869a4e8688b6c;Prov.7.10	requires human confirmation of target identity, sense continuity, and morphological status
queue:synodal:candidate:b09f052011b5c37bd33ab092:synodal:candidate:3de67508968f57f38d883070	english-wiktionary-ocs-kaikki-2026-08-07+ponomar-elizabeth-bible-2026-08-09	queue-rank-6	ими	ими	pronoun	lexical-form	proposal:synodal:candidate:b09f052011b5c37bd33ab092:pronoun	ambiguous	cross-source-homograph-ambiguity	evidence-final	synodal:candidate:b09f052011b5c37bd33ab092,synodal:candidate:3de67508968f57f38d883070;Acts.20.36	surface belongs to multiple OCS lexeme paradigms; target identity must be resolved manually
queue:synodal:candidate:b24863dbb7f8a3988208881e:synodal:candidate:33e37f9b0806181d0cd0b6b9	english-wiktionary-ocs-kaikki-2026-08-07+ponomar-elizabeth-bible-2026-08-09	queue-rank-10	власти	власти	verb	lexical-form	proposal:synodal:candidate:b24863dbb7f8a3988208881e:verb	ambiguous	cross-source-homograph-ambiguity	evidence-final	synodal:candidate:b24863dbb7f8a3988208881e,synodal:candidate:33e37f9b0806181d0cd0b6b9;Acts.1.7	surface belongs to multiple OCS lexeme paradigms; target identity must be resolved manually
queue:synodal:candidate:b2b60d0fe5b98380e5cc53e4:synodal:candidate:2605d9f00975587056549850	english-wiktionary-ocs-kaikki-2026-08-07+ponomar-elizabeth-bible-2026-08-09	queue-rank-111	славити	славити	verb	lexical-form	proposal:synodal:candidate:b2b60d0fe5b98380e5cc53e4:verb	disputed	cross-recension-identity-unconfirmed	evidence-final	synodal:candidate:b2b60d0fe5b98380e5cc53e4,synodal:candidate:2605d9f00975587056549850;Mk.2.12	requires human confirmation of target identity, sense continuity, and morphological status
queue:synodal:candidate:b364607d1f1c5eeda0092e8d:synodal:candidate:a7109c49ed8e87b2d1f38603	english-wiktionary-ocs-kaikki-2026-08-07+ponomar-elizabeth-bible-2026-08-09	queue-rank-127	пѧтищи	пѧтищи	adverb	indeclinable	proposal:synodal:candidate:b364607d1f1c5eeda0092e8d:adverb	disputed	cross-recension-identity-unconfirmed	evidence-final	synodal:candidate:b364607d1f1c5eeda0092e8d,synodal:candidate:a7109c49ed8e87b2d1f38603;IV_Kings.13.19	requires human confirmation of target identity, sense continuity, and morphological status
queue:synodal:candidate:b4bbbdeca6110cae4eab50ae:synodal:candidate:012a10de7c6da9f8e39a0949	english-wiktionary-ocs-kaikki-2026-08-07+ponomar-elizabeth-bible-2026-08-09	queue-rank-160	слѣпота	слѣпота	noun	lexical-form	proposal:synodal:candidate:b4bbbdeca6110cae4eab50ae:noun	disputed	cross-recension-identity-unconfirmed	evidence-final	synodal:candidate:b4bbbdeca6110cae4eab50ae,synodal:candidate:012a10de7c6da9f8e39a0949;Deut.15.21	requires human confirmation of target identity, sense continuity, and morphological status
queue:synodal:candidate:b52b93a9cfe4dde307fa222b:synodal:candidate:3dd081a2082a925b510a75d6	english-wiktionary-ocs-kaikki-2026-08-07+ponomar-elizabeth-bible-2026-08-09	queue-rank-94	тѧжесть	тѧжесть	noun	lexical-form	proposal:synodal:candidate:b52b93a9cfe4dde307fa222b:noun	disputed	cross-recension-identity-unconfirmed	evidence-final	synodal:candidate:b52b93a9cfe4dde307fa222b,synodal:candidate:3dd081a2082a925b510a75d6;II_Kings.19.35	requires human confirmation of target identity, sense continuity, and morphological status
queue:synodal:candidate:b5c0e2e06920a8c2e6cf4818:synodal:candidate:a2e93c072a96d9013058fa2d	english-wiktionary-ocs-kaikki-2026-08-07+ponomar-elizabeth-bible-2026-08-09	queue-rank-176	борѧ	борѧ	verb	lexical-form	proposal:synodal:candidate:b5c0e2e06920a8c2e6cf4818:verb	disputed	cross-recension-identity-unconfirmed	evidence-final	synodal:candidate:b5c0e2e06920a8c2e6cf4818,synodal:candidate:a2e93c072a96d9013058fa2d;Psalm.55.1	requires human confirmation of target identity, sense continuity, and morphological status
queue:synodal:candidate:b5f6a0a71310308e6ba745db:synodal:candidate:8272afc02d36f45cb1347d02	english-wiktionary-ocs-kaikki-2026-08-07+ponomar-elizabeth-bible-2026-08-09	queue-rank-136	воина	воина	noun	lexical-form	proposal:synodal:candidate:b5f6a0a71310308e6ba745db:noun	ambiguous	cross-source-homograph-ambiguity	evidence-final	synodal:candidate:b5f6a0a71310308e6ba745db,synodal:candidate:8272afc02d36f45cb1347d02;Acts.10.7	surface belongs to multiple OCS lexeme paradigms; target identity must be resolved manually
queue:synodal:candidate:b7cc6871b5ed320284566dec:synodal:candidate:183a78dc42ee2b8aff95b264	english-wiktionary-ocs-kaikki-2026-08-07+ponomar-elizabeth-bible-2026-08-09	queue-rank-87	прагъ	прагъ	noun	lexical-form	proposal:synodal:candidate:b7cc6871b5ed320284566dec:noun	disputed	cross-recension-identity-unconfirmed	evidence-final	synodal:candidate:b7cc6871b5ed320284566dec,synodal:candidate:183a78dc42ee2b8aff95b264;Ex.21.6	requires human confirmation of target identity, sense continuity, and morphological status
queue:synodal:candidate:b90407db2967d0f9ebfcead3:synodal:candidate:6f4403caa953ca0882495aeb	english-wiktionary-ocs-kaikki-2026-08-07+ponomar-elizabeth-bible-2026-08-09	queue-rank-91	слана	слана	noun	lexical-form	proposal:synodal:candidate:b90407db2967d0f9ebfcead3:noun	ambiguous	cross-source-homograph-ambiguity	evidence-final	synodal:candidate:b90407db2967d0f9ebfcead3,synodal:candidate:6f4403caa953ca0882495aeb;Job.38.24	surface belongs to multiple OCS lexeme paradigms; target identity must be resolved manually
queue:synodal:candidate:ba43b1a19e49463239917776:synodal:candidate:fd4265f51fe2bff1c70cefab	english-wiktionary-ocs-kaikki-2026-08-07+ponomar-elizabeth-bible-2026-08-09	queue-rank-70	исходище	исходище	noun	lexical-form	proposal:synodal:candidate:ba43b1a19e49463239917776:noun	disputed	cross-recension-identity-unconfirmed	evidence-final	synodal:candidate:ba43b1a19e49463239917776,synodal:candidate:fd4265f51fe2bff1c70cefab;Prov.25.13	requires human confirmation of target identity, sense continuity, and morphological status
queue:synodal:candidate:bd74159b491b0c125bba854a:synodal:candidate:7ee5b9ddbbe1a6279c0355c9	english-wiktionary-ocs-kaikki-2026-08-07+ponomar-elizabeth-bible-2026-08-09	queue-rank-89	пѧдь	пѧдь	noun	lexical-form	proposal:synodal:candidate:bd74159b491b0c125bba854a:noun	disputed	cross-recension-identity-unconfirmed	evidence-final	synodal:candidate:bd74159b491b0c125bba854a,synodal:candidate:7ee5b9ddbbe1a6279c0355c9;I_Kings.17.4	requires human confirmation of target identity, sense continuity, and morphological status
queue:synodal:candidate:be6569dc7e9752edede9a015:synodal:candidate:fa31604ba83898016112e5ea	english-wiktionary-ocs-kaikki-2026-08-07+ponomar-elizabeth-bible-2026-08-09	queue-rank-43	ѡстати	ѡстати	verb	lexical-form	proposal:synodal:candidate:be6569dc7e9752edede9a015:verb	disputed	cross-recension-identity-unconfirmed	evidence-final	synodal:candidate:be6569dc7e9752edede9a015,synodal:candidate:fa31604ba83898016112e5ea;Mk.13.2	requires human confirmation of target identity, sense continuity, and morphological status
queue:synodal:candidate:befa9ff16435e1eec79a9439:synodal:candidate:f98caab74077488685646837	english-wiktionary-ocs-kaikki-2026-08-07+ponomar-elizabeth-bible-2026-08-09	queue-rank-21	женихъ	женихъ	noun	lexical-form	proposal:synodal:candidate:befa9ff16435e1eec79a9439:noun	ambiguous	cross-source-homograph-ambiguity	evidence-final	synodal:candidate:befa9ff16435e1eec79a9439,synodal:candidate:f98caab74077488685646837;I_Macc.9.39	surface belongs to multiple OCS lexeme paradigms; target identity must be resolved manually
queue:synodal:candidate:c09260174c058ba256aa9ffb:synodal:candidate:0ce2f7f06e5fa7a707c5cd74	english-wiktionary-ocs-kaikki-2026-08-07+ponomar-elizabeth-bible-2026-08-09	queue-rank-83	пиво	пиво	noun	lexical-form	proposal:synodal:candidate:c09260174c058ba256aa9ffb:noun	disputed	cross-recension-identity-unconfirmed	evidence-final	synodal:candidate:c09260174c058ba256aa9ffb,synodal:candidate:0ce2f7f06e5fa7a707c5cd74;I_Cor.10.4	requires human confirmation of target identity, sense continuity, and morphological status
queue:synodal:candidate:c2cfa915a4b2350ac713abfd:synodal:candidate:2a77d5d77096426b6d52cf54	english-wiktionary-ocs-kaikki-2026-08-07+ponomar-elizabeth-bible-2026-08-09	queue-rank-40	плѧсати	плѧсати	verb	lexical-form	proposal:synodal:candidate:c2cfa915a4b2350ac713abfd:verb	disputed	cross-recension-identity-unconfirmed	evidence-final	synodal:candidate:c2cfa915a4b2350ac713abfd,synodal:candidate:2a77d5d77096426b6d52cf54;II_Kings.6.21	requires human confirmation of target identity, sense continuity, and morphological status
queue:synodal:candidate:c4560f55fd5e908f1264b41f:synodal:candidate:3b17b1fccadf64ab2598d279	english-wiktionary-ocs-kaikki-2026-08-07+ponomar-elizabeth-bible-2026-08-09	queue-rank-143	клевета	клевета	noun	lexical-form	proposal:synodal:candidate:c4560f55fd5e908f1264b41f:noun	ambiguous	cross-source-homograph-ambiguity	evidence-final	synodal:candidate:c4560f55fd5e908f1264b41f,synodal:candidate:3b17b1fccadf64ab2598d279;Eccles.7.8	surface belongs to multiple OCS lexeme paradigms; target identity must be resolved manually
queue:synodal:candidate:c4b5f6f29df3f03c274f0387:synodal:candidate:bd759d4443f7ad55bc44f9bd	english-wiktionary-ocs-kaikki-2026-08-07+ponomar-elizabeth-bible-2026-08-09	queue-rank-81	палица	палица	noun	lexical-form	proposal:synodal:candidate:c4b5f6f29df3f03c274f0387:noun	disputed	cross-recension-identity-unconfirmed	evidence-final	synodal:candidate:c4b5f6f29df3f03c274f0387,synodal:candidate:bd759d4443f7ad55bc44f9bd;Jerem.48.17	requires human confirmation of target identity, sense continuity, and morphological status
queue:synodal:candidate:c4c57d2a6056351142904e91:synodal:candidate:db0faaf55331f35c67ee88b0	english-wiktionary-ocs-kaikki-2026-08-07+ponomar-elizabeth-bible-2026-08-09	queue-rank-162	стропъ	стропъ	noun	lexical-form	proposal:synodal:candidate:c4c57d2a6056351142904e91:noun	disputed	cross-recension-identity-unconfirmed	evidence-final	synodal:candidate:c4c57d2a6056351142904e91,synodal:candidate:db0faaf55331f35c67ee88b0;Eccles.10.18	requires human confirmation of target identity, sense continuity, and morphological status
queue:synodal:candidate:c595f749d86b9e9ec2057a4d:synodal:candidate:1339513372b65f9f5bd4b931	english-wiktionary-ocs-kaikki-2026-08-07+ponomar-elizabeth-bible-2026-08-09	queue-rank-147	моръ	моръ	noun	lexical-form	proposal:synodal:candidate:c595f749d86b9e9ec2057a4d:noun	disputed	cross-recension-identity-unconfirmed	evidence-final	synodal:candidate:c595f749d86b9e9ec2057a4d,synodal:candidate:1339513372b65f9f5bd4b931;Jerem.29.17	requires human confirmation of target identity, sense continuity, and morphological status
queue:synodal:candidate:c61eaf9a6ac4a7d6e894ff6a:synodal:candidate:1fd9e4217539934f7b0d4015	english-wiktionary-ocs-kaikki-2026-08-07+ponomar-elizabeth-bible-2026-08-09	queue-rank-79	носъ	носъ	noun	lexical-form	proposal:synodal:candidate:c61eaf9a6ac4a7d6e894ff6a:noun	disputed	cross-recension-identity-unconfirmed	evidence-final	synodal:candidate:c61eaf9a6ac4a7d6e894ff6a,synodal:candidate:1fd9e4217539934f7b0d4015;Acts.27.41	requires human confirmation of target identity, sense continuity, and morphological status
queue:synodal:candidate:c625f04977dff927f3bec2a0:synodal:candidate:09d9aadadf8fe5e05f96aa5c	english-wiktionary-ocs-kaikki-2026-08-07+ponomar-elizabeth-bible-2026-08-09	queue-rank-75	лихва	лихва	noun	lexical-form	proposal:synodal:candidate:c625f04977dff927f3bec2a0:noun	disputed	cross-recension-identity-unconfirmed	evidence-final	synodal:candidate:c625f04977dff927f3bec2a0,synodal:candidate:09d9aadadf8fe5e05f96aa5c;Psalm.54.11	requires human confirmation of target identity, sense continuity, and morphological status
queue:synodal:candidate:c631f4dc6a653d2786e008f7:synodal:candidate:50f5747cad4049b0eb4bf623	english-wiktionary-ocs-kaikki-2026-08-07+ponomar-elizabeth-bible-2026-08-09	queue-rank-8	чистъ	чистъ	adjective	lexical-form	proposal:synodal:candidate:c631f4dc6a653d2786e008f7:adjective	ambiguous	cross-source-homograph-ambiguity	evidence-final	synodal:candidate:c631f4dc6a653d2786e008f7,synodal:candidate:50f5747cad4049b0eb4bf623;Acts.18.6	surface belongs to multiple OCS lexeme paradigms; target identity must be resolved manually
queue:synodal:candidate:c6a1554948ca3968f947aa6c:synodal:candidate:a01d80eb2b68664f538532a0	english-wiktionary-ocs-kaikki-2026-08-07+ponomar-elizabeth-bible-2026-08-09	queue-rank-153	потъ	потъ	noun	lexical-form	proposal:synodal:candidate:c6a1554948ca3968f947aa6c:noun	disputed	cross-recension-identity-unconfirmed	evidence-final	synodal:candidate:c6a1554948ca3968f947aa6c,synodal:candidate:a01d80eb2b68664f538532a0;Lk.22.44	requires human confirmation of target identity, sense continuity, and morphological status
queue:synodal:candidate:cbaf3dfd528daea20dcd7700:synodal:candidate:39f552fb9ab1cbdcce2b41cf	english-wiktionary-ocs-kaikki-2026-08-07+ponomar-elizabeth-bible-2026-08-09	queue-rank-177	вести	вести	verb	lexical-form	proposal:synodal:candidate:cbaf3dfd528daea20dcd7700:verb	disputed	cross-recension-identity-unconfirmed	evidence-final	synodal:candidate:cbaf3dfd528daea20dcd7700,synodal:candidate:39f552fb9ab1cbdcce2b41cf;Acts.23.10	requires human confirmation of target identity, sense continuity, and morphological status
queue:synodal:candidate:ce87c8ad2d7dde5b485e0464:synodal:candidate:79d1f8c60d99b3ef5808493c	english-wiktionary-ocs-kaikki-2026-08-07+ponomar-elizabeth-bible-2026-08-09	queue-rank-37	бесѣдовати	бесѣдовати	verb	lexical-form	proposal:synodal:candidate:ce87c8ad2d7dde5b485e0464:verb	disputed	cross-recension-identity-unconfirmed	evidence-final	synodal:candidate:ce87c8ad2d7dde5b485e0464,synodal:candidate:79d1f8c60d99b3ef5808493c;I_Macc.11.22	requires human confirmation of target identity, sense continuity, and morphological status
queue:synodal:candidate:cf09dd27bd7ec0883f3c1b79:synodal:candidate:93dc99d1944e3df4649f5c7a	english-wiktionary-ocs-kaikki-2026-08-07+ponomar-elizabeth-bible-2026-08-09	queue-rank-41	страдати	страдати	verb	lexical-form	proposal:synodal:candidate:cf09dd27bd7ec0883f3c1b79:verb	disputed	cross-recension-identity-unconfirmed	evidence-final	synodal:candidate:cf09dd27bd7ec0883f3c1b79,synodal:candidate:93dc99d1944e3df4649f5c7a;Heb.9.26	requires human confirmation of target identity, sense continuity, and morphological status
queue:synodal:candidate:d1be0740c2a86fa1872aa4a5:synodal:candidate:d1d0e2dafcc6a46e653e86e7	english-wiktionary-ocs-kaikki-2026-08-07+ponomar-elizabeth-bible-2026-08-09	queue-rank-157	ребро	ребро	noun	lexical-form	proposal:synodal:candidate:d1be0740c2a86fa1872aa4a5:noun	disputed	cross-recension-identity-unconfirmed	evidence-final	synodal:candidate:d1be0740c2a86fa1872aa4a5,synodal:candidate:d1d0e2dafcc6a46e653e86e7;Gen.2.22	requires human confirmation of target identity, sense continuity, and morphological status
queue:synodal:candidate:d2450e5ca52f46a1fb7a515d:synodal:candidate:20ae5601cab28d89a3e5380e	english-wiktionary-ocs-kaikki-2026-08-07+ponomar-elizabeth-bible-2026-08-09	queue-rank-145	копръ	копръ	noun	lexical-form	proposal:synodal:candidate:d2450e5ca52f46a1fb7a515d:noun	disputed	cross-recension-identity-unconfirmed	evidence-final	synodal:candidate:d2450e5ca52f46a1fb7a515d,synodal:candidate:20ae5601cab28d89a3e5380e;Mt.23.23	requires human confirmation of target identity, sense continuity, and morphological status
queue:synodal:candidate:d3e79143491833d3dfa75aef:synodal:candidate:de4cf5d3e65a3a96728c0725	english-wiktionary-ocs-kaikki-2026-08-07+ponomar-elizabeth-bible-2026-08-09	queue-rank-120	простъ	простъ	adjective	lexical-form	proposal:synodal:candidate:d3e79143491833d3dfa75aef:adjective	disputed	cross-recension-identity-unconfirmed	evidence-final	synodal:candidate:d3e79143491833d3dfa75aef,synodal:candidate:de4cf5d3e65a3a96728c0725;Job.22.3	requires human confirmation of target identity, sense continuity, and morphological status
queue:synodal:candidate:ddc87fde15cadc78c741e85d:synodal:candidate:67f7bee5e3a2d020957d1fd8	english-wiktionary-ocs-kaikki-2026-08-07+ponomar-elizabeth-bible-2026-08-09	queue-rank-13	ровъ	ровъ	noun	lexical-form	proposal:synodal:candidate:ddc87fde15cadc78c741e85d:noun	ambiguous	cross-source-homograph-ambiguity	evidence-final	synodal:candidate:ddc87fde15cadc78c741e85d,synodal:candidate:67f7bee5e3a2d020957d1fd8;Dan.6.12	surface belongs to multiple OCS lexeme paradigms; target identity must be resolved manually
queue:synodal:candidate:df972e231d5526645c2c96e4:synodal:candidate:1045c486b0ab606371281744	english-wiktionary-ocs-kaikki-2026-08-07+ponomar-elizabeth-bible-2026-08-09	queue-rank-104	измѣнити	измѣнити	verb	lexical-form	proposal:synodal:candidate:df972e231d5526645c2c96e4:verb	disputed	cross-recension-identity-unconfirmed	evidence-final	synodal:candidate:df972e231d5526645c2c96e4,synodal:candidate:1045c486b0ab606371281744;Gal.4.20	requires human confirmation of target identity, sense continuity, and morphological status
queue:synodal:candidate:e0735018766abb2499427cad:synodal:candidate:22b18d416ca301fe96992f36	english-wiktionary-ocs-kaikki-2026-08-07+ponomar-elizabeth-bible-2026-08-09	queue-rank-139	жиръ	жиръ	noun	lexical-form	proposal:synodal:candidate:e0735018766abb2499427cad:noun	disputed	cross-recension-identity-unconfirmed	evidence-final	synodal:candidate:e0735018766abb2499427cad,synodal:candidate:22b18d416ca301fe96992f36;II_Tim.2.17	requires human confirmation of target identity, sense continuity, and morphological status
queue:synodal:candidate:e0c589508e7a91b8e992a80c:synodal:candidate:34b64859177c5b30e00ea790	english-wiktionary-ocs-kaikki-2026-08-07+ponomar-elizabeth-bible-2026-08-09	queue-rank-35	ѡградъ	ѡградъ	noun	lexical-form	proposal:synodal:candidate:e0c589508e7a91b8e992a80c:noun	ambiguous	cross-source-homograph-ambiguity	evidence-final	synodal:candidate:e0c589508e7a91b8e992a80c,synodal:candidate:34b64859177c5b30e00ea790;Isa.58.12	surface belongs to multiple OCS lexeme paradigms; target identity must be resolved manually
queue:synodal:candidate:e0f737771f707004495ef56a:synodal:candidate:2f581f2a9872c854e5a11371	english-wiktionary-ocs-kaikki-2026-08-07+ponomar-elizabeth-bible-2026-08-09	queue-rank-71	калъ	калъ	noun	lexical-form	proposal:synodal:candidate:e0f737771f707004495ef56a:noun	ambiguous	cross-source-homograph-ambiguity	evidence-final	synodal:candidate:e0f737771f707004495ef56a,synodal:candidate:2f581f2a9872c854e5a11371;Mica.7.10	surface belongs to multiple OCS lexeme paradigms; target identity must be resolved manually
queue:synodal:candidate:e3292b9bf0b71170b4d9ebd9:synodal:candidate:7a4853eebad43e0924a88df9	english-wiktionary-ocs-kaikki-2026-08-07+ponomar-elizabeth-bible-2026-08-09	queue-rank-22	стража	стража	noun	lexical-form	proposal:synodal:candidate:e3292b9bf0b71170b4d9ebd9:noun	ambiguous	cross-source-homograph-ambiguity	evidence-final	synodal:candidate:e3292b9bf0b71170b4d9ebd9,synodal:candidate:7a4853eebad43e0924a88df9;Ezek.3.17	surface belongs to multiple OCS lexeme paradigms; target identity must be resolved manually
queue:synodal:candidate:e4f5700e6dc1ffa495a6e899:synodal:candidate:4688dcad04800f6d4f0d19a1	english-wiktionary-ocs-kaikki-2026-08-07+ponomar-elizabeth-bible-2026-08-09	queue-rank-163	сѣдалище	сѣдалище	noun	lexical-form	proposal:synodal:candidate:e4f5700e6dc1ffa495a6e899:noun	disputed	cross-recension-identity-unconfirmed	evidence-final	synodal:candidate:e4f5700e6dc1ffa495a6e899,synodal:candidate:4688dcad04800f6d4f0d19a1;Judith.11.19	requires human confirmation of target identity, sense continuity, and morphological status
queue:synodal:candidate:e5333867ac7d874e7a1e6244:synodal:candidate:af5a7ce981841a9517b7b403	english-wiktionary-ocs-kaikki-2026-08-07+ponomar-elizabeth-bible-2026-08-09	queue-rank-54	архїтрїклінъ	архїтрїклінъ	noun	lexical-form	proposal:synodal:candidate:e5333867ac7d874e7a1e6244:noun	disputed	cross-recension-identity-unconfirmed	evidence-final	synodal:candidate:e5333867ac7d874e7a1e6244,synodal:candidate:af5a7ce981841a9517b7b403;Jn.2.9	requires human confirmation of target identity, sense continuity, and morphological status
queue:synodal:candidate:e5705b5bbb1b458b81000e36:synodal:candidate:62e691cea08502a1192b3b3b	english-wiktionary-ocs-kaikki-2026-08-07+ponomar-elizabeth-bible-2026-08-09	queue-rank-74	ластовица	ластовица	noun	lexical-form	proposal:synodal:candidate:e5705b5bbb1b458b81000e36:noun	disputed	cross-recension-identity-unconfirmed	evidence-final	synodal:candidate:e5705b5bbb1b458b81000e36,synodal:candidate:62e691cea08502a1192b3b3b;Jerem.8.7	requires human confirmation of target identity, sense continuity, and morphological status
queue:synodal:candidate:e64cdf1e2e56df74dc2f559d:synodal:candidate:75430e0d024975b707cabfa2	english-wiktionary-ocs-kaikki-2026-08-07+ponomar-elizabeth-bible-2026-08-09	queue-rank-175	алкати	алкати	verb	lexical-form	proposal:synodal:candidate:e64cdf1e2e56df74dc2f559d:verb	ambiguous	cross-source-homograph-ambiguity	evidence-final	synodal:candidate:e64cdf1e2e56df74dc2f559d,synodal:candidate:75430e0d024975b707cabfa2;Philip.4.12	surface belongs to multiple OCS lexeme paradigms; target identity must be resolved manually
queue:synodal:candidate:e6541f1d98624bf7bd3909bf:synodal:candidate:ec1a1da33cd3c2061dea7a81	english-wiktionary-ocs-kaikki-2026-08-07+ponomar-elizabeth-bible-2026-08-09	queue-rank-187	наити	наити	verb	lexical-form	proposal:synodal:candidate:e6541f1d98624bf7bd3909bf:verb	disputed	cross-recension-identity-unconfirmed	evidence-final	synodal:candidate:e6541f1d98624bf7bd3909bf,synodal:candidate:ec1a1da33cd3c2061dea7a81;Wisd.16.4	requires human confirmation of target identity, sense continuity, and morphological status
queue:synodal:candidate:e701ff694a23ed34919f4842:synodal:candidate:0be16fbcbe177f0d28d72eef	english-wiktionary-ocs-kaikki-2026-08-07+ponomar-elizabeth-bible-2026-08-09	queue-rank-90	свѣща	свѣща	noun	lexical-form	proposal:synodal:candidate:e701ff694a23ed34919f4842:noun	disputed	cross-recension-identity-unconfirmed	evidence-final	synodal:candidate:e701ff694a23ed34919f4842,synodal:candidate:0be16fbcbe177f0d28d72eef;Sirach.48.1	requires human confirmation of target identity, sense continuity, and morphological status
queue:synodal:candidate:e702ff2a7886cfb2e5fc82b5:synodal:candidate:b137aabfe275c60435b8067c	english-wiktionary-ocs-kaikki-2026-08-07+ponomar-elizabeth-bible-2026-08-09	queue-rank-12	пиръ	пиръ	noun	lexical-form	proposal:synodal:candidate:e702ff2a7886cfb2e5fc82b5:noun	ambiguous	cross-source-homograph-ambiguity	evidence-final	synodal:candidate:e702ff2a7886cfb2e5fc82b5,synodal:candidate:b137aabfe275c60435b8067c;Esther.1.9	surface belongs to multiple OCS lexeme paradigms; target identity must be resolved manually
queue:synodal:candidate:e7e24f4e68424e8c3ea6d4ea:synodal:candidate:7fa7a567df1994c62d2b2a32	english-wiktionary-ocs-kaikki-2026-08-07+ponomar-elizabeth-bible-2026-08-09	queue-rank-62	година	година	noun	lexical-form	proposal:synodal:candidate:e7e24f4e68424e8c3ea6d4ea:noun	disputed	cross-recension-identity-unconfirmed	evidence-final	synodal:candidate:e7e24f4e68424e8c3ea6d4ea,synodal:candidate:7fa7a567df1994c62d2b2a32;I_Jn.2.18	requires human confirmation of target identity, sense continuity, and morphological status
queue:synodal:candidate:e847e36f5cbebadd3e2e13fb:synodal:candidate:154dd62494f3af04f66f5830	english-wiktionary-ocs-kaikki-2026-08-07+ponomar-elizabeth-bible-2026-08-09	queue-rank-65	жидовинъ	жидовинъ	noun	lexical-form	proposal:synodal:candidate:e847e36f5cbebadd3e2e13fb:noun	disputed	cross-recension-identity-unconfirmed	evidence-final	synodal:candidate:e847e36f5cbebadd3e2e13fb,synodal:candidate:154dd62494f3af04f66f5830;Jn.4.9	requires human confirmation of target identity, sense continuity, and morphological status
queue:synodal:candidate:ea03b75de2dcc80ff1092aa6:synodal:candidate:cdecf39480180210a8467cda	english-wiktionary-ocs-kaikki-2026-08-07+ponomar-elizabeth-bible-2026-08-09	queue-rank-159	сласть	сласть	noun	lexical-form	proposal:synodal:candidate:ea03b75de2dcc80ff1092aa6:noun	disputed	cross-recension-identity-unconfirmed	evidence-final	synodal:candidate:ea03b75de2dcc80ff1092aa6,synodal:candidate:cdecf39480180210a8467cda;II_Pet.2.13	requires human confirmation of target identity, sense continuity, and morphological status
queue:synodal:candidate:eb21827c4c03af15ed83eac9:synodal:candidate:990389a10042212fbb1cf3e7	english-wiktionary-ocs-kaikki-2026-08-07+ponomar-elizabeth-bible-2026-08-09	queue-rank-56	бичь	бичь	noun	lexical-form	proposal:synodal:candidate:eb21827c4c03af15ed83eac9:noun	disputed	cross-recension-identity-unconfirmed	evidence-final	synodal:candidate:eb21827c4c03af15ed83eac9,synodal:candidate:990389a10042212fbb1cf3e7;Jn.2.15	requires human confirmation of target identity, sense continuity, and morphological status
queue:synodal:candidate:eb44353905486fc4750cdbfb:synodal:candidate:e6c49fc4e75576531b8bbc54	english-wiktionary-ocs-kaikki-2026-08-07+ponomar-elizabeth-bible-2026-08-09	queue-rank-148	мостъ	мостъ	noun	lexical-form	proposal:synodal:candidate:eb44353905486fc4750cdbfb:noun	disputed	cross-recension-identity-unconfirmed	evidence-final	synodal:candidate:eb44353905486fc4750cdbfb,synodal:candidate:e6c49fc4e75576531b8bbc54;Isa.37.25	requires human confirmation of target identity, sense continuity, and morphological status
queue:synodal:candidate:ec73404e06d07251f2af5c4d:synodal:candidate:b5890b7709b45c1d253e490e	english-wiktionary-ocs-kaikki-2026-08-07+ponomar-elizabeth-bible-2026-08-09	queue-rank-39	мимоити	мимоити	verb	lexical-form	proposal:synodal:candidate:ec73404e06d07251f2af5c4d:verb	disputed	cross-recension-identity-unconfirmed	evidence-final	synodal:candidate:ec73404e06d07251f2af5c4d,synodal:candidate:b5890b7709b45c1d253e490e;Amos.7.8	requires human confirmation of target identity, sense continuity, and morphological status
queue:synodal:candidate:f1b27cfe90b14bc680ec755c:synodal:candidate:b9bd3b01f161b7a49640300d	english-wiktionary-ocs-kaikki-2026-08-07+ponomar-elizabeth-bible-2026-08-09	queue-rank-193	садити	садити	verb	lexical-form	proposal:synodal:candidate:f1b27cfe90b14bc680ec755c:verb	disputed	cross-recension-identity-unconfirmed	evidence-final	synodal:candidate:f1b27cfe90b14bc680ec755c,synodal:candidate:b9bd3b01f161b7a49640300d;Eccles.3.2	requires human confirmation of target identity, sense continuity, and morphological status
queue:synodal:candidate:f1e4539a71ff3252caa6d6db:synodal:candidate:37bf8dc13460aef73e9c26e7	english-wiktionary-ocs-kaikki-2026-08-07+ponomar-elizabeth-bible-2026-08-09	queue-rank-161	степень	степень	noun	lexical-form	proposal:synodal:candidate:f1e4539a71ff3252caa6d6db:noun	disputed	cross-recension-identity-unconfirmed	evidence-final	synodal:candidate:f1e4539a71ff3252caa6d6db,synodal:candidate:37bf8dc13460aef73e9c26e7;I_Tim.3.13	requires human confirmation of target identity, sense continuity, and morphological status
queue:synodal:candidate:f2987addf34f45e497834791:synodal:candidate:3010ebddc27c7ee521faa789	english-wiktionary-ocs-kaikki-2026-08-07+ponomar-elizabeth-bible-2026-08-09	queue-rank-173	ѡрало	ѡрало	noun	lexical-form	proposal:synodal:candidate:f2987addf34f45e497834791:noun	ambiguous	cross-source-homograph-ambiguity	evidence-final	synodal:candidate:f2987addf34f45e497834791,synodal:candidate:3010ebddc27c7ee521faa789;Sirach.38.25	surface belongs to multiple OCS lexeme paradigms; target identity must be resolved manually
queue:synodal:candidate:f6598ce25bf6e61f4c6f6fb0:synodal:candidate:abb0c7dc2cb75d42aa1c0725	english-wiktionary-ocs-kaikki-2026-08-07+ponomar-elizabeth-bible-2026-08-09	queue-rank-18	львѡвъ	львѡвъ	adjective	lexical-form	proposal:synodal:candidate:f6598ce25bf6e61f4c6f6fb0:adjective	ambiguous	cross-source-homograph-ambiguity	evidence-final	synodal:candidate:f6598ce25bf6e61f4c6f6fb0,synodal:candidate:abb0c7dc2cb75d42aa1c0725;Dan.14.32	surface belongs to multiple OCS lexeme paradigms; target identity must be resolved manually
queue:synodal:candidate:f6f2d337add5aa73d68b3696:synodal:candidate:15787fa4d0e4e8ca5fa30a96	english-wiktionary-ocs-kaikki-2026-08-07+ponomar-elizabeth-bible-2026-08-09	queue-rank-154	правитель	правитель	noun	lexical-form	proposal:synodal:candidate:f6f2d337add5aa73d68b3696:noun	disputed	cross-recension-identity-unconfirmed	evidence-final	synodal:candidate:f6f2d337add5aa73d68b3696,synodal:candidate:15787fa4d0e4e8ca5fa30a96;II_Esdra.4.49	requires human confirmation of target identity, sense continuity, and morphological status
queue:synodal:candidate:f765d8a7ae236b0eb5b26413:synodal:candidate:e364039bf49f1d61d5b2868d	english-wiktionary-ocs-kaikki-2026-08-07+ponomar-elizabeth-bible-2026-08-09	queue-rank-192	распѧти	распѧти	verb	lexical-form	proposal:synodal:candidate:f765d8a7ae236b0eb5b26413:verb	disputed	cross-recension-identity-unconfirmed	evidence-final	synodal:candidate:f765d8a7ae236b0eb5b26413,synodal:candidate:e364039bf49f1d61d5b2868d;Jn.19.10	requires human confirmation of target identity, sense continuity, and morphological status
queue:synodal:candidate:fa022cf4980bfe92490635bd:synodal:candidate:6f0324579d33a6e2dab5b5a7	english-wiktionary-ocs-kaikki-2026-08-07+ponomar-elizabeth-bible-2026-08-09	queue-rank-23	видомъ	видомъ	adjective	lexical-form	proposal:synodal:candidate:fa022cf4980bfe92490635bd:adjective	ambiguous	cross-source-homograph-ambiguity	evidence-final	synodal:candidate:fa022cf4980bfe92490635bd,synodal:candidate:6f0324579d33a6e2dab5b5a7;Gen.29.17	surface belongs to multiple OCS lexeme paradigms; target identity must be resolved manually
queue:synodal:candidate:fc98d19bdd771cca4c05691a:synodal:candidate:e00dc2692910f6b09f24ae82	english-wiktionary-ocs-kaikki-2026-08-07+ponomar-elizabeth-bible-2026-08-09	queue-rank-197	ѡжидати	ѡжидати	verb	lexical-form	proposal:synodal:candidate:fc98d19bdd771cca4c05691a:verb	disputed	cross-recension-identity-unconfirmed	evidence-final	synodal:candidate:fc98d19bdd771cca4c05691a,synodal:candidate:e00dc2692910f6b09f24ae82;Isa.51.5	requires human confirmation of target identity, sense continuity, and morphological status
queue:synodal:candidate:fd7a22fddbbd318dd15d24af:synodal:candidate:6a6c35aa358d350febc2a168	english-wiktionary-ocs-kaikki-2026-08-07+ponomar-elizabeth-bible-2026-08-09	queue-rank-122	сиръ	сиръ	adjective	lexical-form	proposal:synodal:candidate:fd7a22fddbbd318dd15d24af:adjective	disputed	cross-recension-identity-unconfirmed	evidence-final	synodal:candidate:fd7a22fddbbd318dd15d24af,synodal:candidate:6a6c35aa358d350febc2a168;Tobit.1.8	requires human confirmation of target identity, sense continuity, and morphological status
queue:synodal:candidate:fe891b0d76f6078cdf97af6d:synodal:candidate:e2abfd43e83849ecc2640593	english-wiktionary-ocs-kaikki-2026-08-07+ponomar-elizabeth-bible-2026-08-09	queue-rank-181	дѣлити	дѣлити	verb	lexical-form	proposal:synodal:candidate:fe891b0d76f6078cdf97af6d:verb	disputed	cross-recension-identity-unconfirmed	evidence-final	synodal:candidate:fe891b0d76f6078cdf97af6d,synodal:candidate:e2abfd43e83849ecc2640593;Josh.19.51	requires human confirmation of target identity, sense continuity, and morphological status
queue:synodal:candidate:feb1a0f115f67d20ae9de03c:synodal:candidate:2c7bf2a5c6d27407f08f52b9	english-wiktionary-ocs-kaikki-2026-08-07+ponomar-elizabeth-bible-2026-08-09	queue-rank-52	колиждо	колиждо	adverb	indeclinable	proposal:synodal:candidate:feb1a0f115f67d20ae9de03c:adverb	disputed	cross-recension-identity-unconfirmed	evidence-final	synodal:candidate:feb1a0f115f67d20ae9de03c,synodal:candidate:2c7bf2a5c6d27407f08f52b9;Mk.9.18	requires human confirmation of target identity, sense continuity, and morphological status
review:review:v03:00fc7dcfccbe	english-wiktionary-ocs-kaikki-2026-08-07+ponomar-elizabeth-bible-2026-08-09	review:v03:00fc7dcfccbe	казнь	казнь	noun	lexical-form	synodal:noun:wikt-00fc7dcfccbe	ambiguous	reviewed-exact-form-without-paradigm-metadata	evidence-final	synodal:candidate:00fc7dcfccbe4be215bf3e12,synodal:candidate:1955b1c9170003ca18b8ab6e;Ezek.43.11;review:v03:00fc7dcfccbe	Reviewer confirmed the source-partition Synodal context and conservative OCS sense continuity; exact lexical evidence only, with no productive class inferred.
review:review:v03:01ae95673081	english-wiktionary-ocs-kaikki-2026-08-07+ponomar-elizabeth-bible-2026-08-09	review:v03:01ae95673081	сѣчь	сѣчь	noun	lexical-form	synodal:noun:wikt-01ae95673081	ambiguous	reviewed-exact-form-without-paradigm-metadata	evidence-final	synodal:candidate:01ae956730817fce15f88114,synodal:candidate:6dcaecaca68232857d88927a;III_Kings.22.30;review:v03:01ae95673081	Reviewer confirmed the source-partition Synodal context and conservative OCS sense continuity; exact lexical evidence only, with no productive class inferred.
review:review:v03:023680f16755	english-wiktionary-ocs-kaikki-2026-08-07+ponomar-elizabeth-bible-2026-08-09	review:v03:023680f16755	избавитель	избавитель	noun	lexical-form	synodal:noun:wikt-023680f16755	ambiguous	reviewed-exact-form-without-paradigm-metadata	evidence-final	synodal:candidate:023680f16755a3de86f632cd,synodal:candidate:d7277f4507c8697e72ffcf90;III_Macc.7.20;review:v03:023680f16755	Reviewer confirmed the source-partition Synodal context and conservative OCS sense continuity; exact lexical evidence only, with no productive class inferred.
review:review:v03:0262fd349b56	english-wiktionary-ocs-kaikki-2026-08-07+ponomar-elizabeth-bible-2026-08-09	review:v03:0262fd349b56	до	до	preposition	indeclinable	synodal:preposition:wikt-0262fd349b56	indeclinable	reviewed-exact-indeclinable	implemented	synodal:candidate:0262fd349b56ce84ebf6c7ca,synodal:candidate:da3be8b88f8120e9fc660a79;Acts.1.22;review:v03:0262fd349b56	Reviewer confirmed the source-partition Synodal context and conservative OCS sense continuity; exact lexical evidence only, with no productive class inferred.
review:review:v03:02f6e46669e2	english-wiktionary-ocs-kaikki-2026-08-07+ponomar-elizabeth-bible-2026-08-09	review:v03:02f6e46669e2	свѣтило	свѣтило	noun	lexical-form	rejected:review:v03:02f6e46669e2	out-of-scope	reviewed-rejection	not-applicable	synodal:candidate:02f6e46669e2730d1d3b7b1b,synodal:candidate:f96dffb6054c384f232fa942;Gen.1.16;review:v03:02f6e46669e2	Rejected: surface belongs to multiple OCS lexeme paradigms; target identity must be resolved manually
review:review:v03:0455864dfaa2	english-wiktionary-ocs-kaikki-2026-08-07+ponomar-elizabeth-bible-2026-08-09	review:v03:0455864dfaa2	пища	пища	noun	lexical-form	rejected:review:v03:0455864dfaa2	out-of-scope	reviewed-rejection	not-applicable	synodal:candidate:0455864dfaa20015244439b1,synodal:candidate:af9469b287746891fe4d724f;Dan.4.9;review:v03:0455864dfaa2	Rejected: surface belongs to multiple OCS lexeme paradigms; target identity must be resolved manually
review:review:v03:04f311cf0bd0	english-wiktionary-ocs-kaikki-2026-08-07+ponomar-elizabeth-bible-2026-08-09	review:v03:04f311cf0bd0	девѧть	девѧть	numeral	lexical-form	synodal:numeral:wikt-04f311cf0bd0	ambiguous	reviewed-exact-form-without-paradigm-metadata	evidence-final	synodal:candidate:04f311cf0bd0609f3e08712c,synodal:candidate:5b4336de0d1968ad9fb1fd6e;Dan.3.47;review:v03:04f311cf0bd0	Reviewer confirmed the source-partition Synodal context and conservative OCS sense continuity; exact lexical evidence only, with no productive class inferred.
review:review:v03:04fd757a9147	english-wiktionary-ocs-kaikki-2026-08-07+ponomar-elizabeth-bible-2026-08-09	review:v03:04fd757a9147	лоно	лоно	noun	lexical-form	synodal:noun:wikt-04fd757a9147	ambiguous	reviewed-exact-form-without-paradigm-metadata	evidence-final	synodal:candidate:04fd757a9147a26e2815bceb,synodal:candidate:bcfb0bcd6e4873869fb9421a;II_Kings.12.8;review:v03:04fd757a9147	Reviewer confirmed the source-partition Synodal context and conservative OCS sense continuity; exact lexical evidence only, with no productive class inferred.
review:review:v03:05a4aa9772c7	english-wiktionary-ocs-kaikki-2026-08-07+ponomar-elizabeth-bible-2026-08-09	review:v03:05a4aa9772c7	зракъ	зракъ	noun	lexical-form	synodal:noun:wikt-05a4aa9772c7	ambiguous	reviewed-exact-form-without-paradigm-metadata	evidence-final	synodal:candidate:05a4aa9772c74e3f8944cd2c,synodal:candidate:f2802c824b19d6e1a46338fa;Dan.3.19;review:v03:05a4aa9772c7	Reviewer confirmed the source-partition Synodal context and conservative OCS sense continuity; exact lexical evidence only, with no productive class inferred.
review:review:v03:05ba11bef72e	english-wiktionary-ocs-kaikki-2026-08-07+ponomar-elizabeth-bible-2026-08-09	review:v03:05ba11bef72e	кола	кола	noun	lexical-form	rejected:review:v03:05ba11bef72e	out-of-scope	reviewed-rejection	not-applicable	synodal:candidate:05ba11bef72e1c80ab2f8383,synodal:candidate:68e6f7c9ffd0e55758361b0e;Sirach.26.15;review:v03:05ba11bef72e	Rejected: surface belongs to multiple OCS lexeme paradigms; target identity must be resolved manually
review:review:v03:06af096688df	english-wiktionary-ocs-kaikki-2026-08-07+ponomar-elizabeth-bible-2026-08-09	review:v03:06af096688df	рещи	рещи	verb	lexical-form	synodal:verb:wikt-06af096688df	ambiguous	reviewed-exact-form-without-paradigm-metadata	evidence-final	synodal:candidate:06af096688dfb5a7c067149b,synodal:candidate:bd3aa98b46636d5006084946;Acts.2.29;review:v03:06af096688df	Reviewer confirmed the source-partition Synodal context and conservative OCS sense continuity; exact lexical evidence only, with no productive class inferred.
review:review:v03:070505e82800	english-wiktionary-ocs-kaikki-2026-08-07+ponomar-elizabeth-bible-2026-08-09	review:v03:070505e82800	хотѣти	хотѣти	verb	lexical-form	synodal:verb:wikt-070505e82800	ambiguous	reviewed-exact-form-without-paradigm-metadata	evidence-final	synodal:candidate:070505e82800a685e990deb1,synodal:candidate:7c1587daa3c9db24116497f0;II_Cor.8.10;review:v03:070505e82800	Reviewer confirmed the source-partition Synodal context and conservative OCS sense continuity; exact lexical evidence only, with no productive class inferred.
review:review:v03:0759085b29f5	english-wiktionary-ocs-kaikki-2026-08-07+ponomar-elizabeth-bible-2026-08-09	review:v03:0759085b29f5	напасти	напасти	verb	lexical-form	rejected:review:v03:0759085b29f5	out-of-scope	reviewed-rejection	not-applicable	synodal:candidate:0759085b29f5fd9fa00a13fe,synodal:candidate:412a404201a71659f900cd34;III_Esdra.12.47;review:v03:0759085b29f5	Rejected: surface belongs to multiple OCS lexeme paradigms; target identity must be resolved manually
review:review:v03:076d1c8a0add	english-wiktionary-ocs-kaikki-2026-08-07+ponomar-elizabeth-bible-2026-08-09	review:v03:076d1c8a0add	поставити	поставити	verb	lexical-form	synodal:verb:wikt-076d1c8a0add	ambiguous	reviewed-exact-form-without-paradigm-metadata	evidence-final	synodal:candidate:076d1c8a0addaf52fcccf844,synodal:candidate:5ee14b269112a9668d6ab624;Dan.11.14;review:v03:076d1c8a0add	Reviewer confirmed the source-partition Synodal context and conservative OCS sense continuity; exact lexical evidence only, with no productive class inferred.
review:review:v03:0791f206b358	english-wiktionary-ocs-kaikki-2026-08-07+ponomar-elizabeth-bible-2026-08-09	review:v03:0791f206b358	вїно	вїно	noun	lexical-form	rejected:review:v03:0791f206b358	out-of-scope	reviewed-rejection	not-applicable	synodal:candidate:0791f206b3588ae74c8fb484,synodal:candidate:c510217790635e1d21af9216;Amos.2.8;review:v03:0791f206b358	Rejected: surface belongs to multiple OCS lexeme paradigms; target identity must be resolved manually
review:review:v03:0815a5aaa06c	english-wiktionary-ocs-kaikki-2026-08-07+ponomar-elizabeth-bible-2026-08-09	review:v03:0815a5aaa06c	понеже	понеже	conjunction	indeclinable	synodal:conjunction:wikt-0815a5aaa06c	indeclinable	reviewed-exact-indeclinable	implemented	synodal:candidate:0815a5aaa06c8383a240ef27,synodal:candidate:9285c42afc6fa21679431133;Acts.13.46;review:v03:0815a5aaa06c	Reviewer confirmed the source-partition Synodal context and conservative OCS sense continuity; exact lexical evidence only, with no productive class inferred.
review:review:v03:0884b01d2a6d	english-wiktionary-ocs-kaikki-2026-08-07+ponomar-elizabeth-bible-2026-08-09	review:v03:0884b01d2a6d	сѣщи	сѣщи	verb	lexical-form	synodal:verb:wikt-0884b01d2a6d	ambiguous	reviewed-exact-form-without-paradigm-metadata	evidence-final	synodal:candidate:0884b01d2a6d75f3ed89f78a,synodal:candidate:c02c266f78a10e5d46de091a;II_Macc.5.12;review:v03:0884b01d2a6d	Reviewer confirmed the source-partition Synodal context and conservative OCS sense continuity; exact lexical evidence only, with no productive class inferred.
review:review:v03:08f98d27deae	english-wiktionary-ocs-kaikki-2026-08-07+ponomar-elizabeth-bible-2026-08-09	review:v03:08f98d27deae	ѡна	ѡна	pronoun	lexical-form	rejected:review:v03:08f98d27deae	out-of-scope	reviewed-rejection	not-applicable	synodal:candidate:08f98d27deaeeb23b50a86a3,synodal:candidate:8233ae47623c1f15de24aa36;Acts.16.35;review:v03:08f98d27deae	Rejected: surface belongs to multiple OCS lexeme paradigms; target identity must be resolved manually
review:review:v03:08fbc901c845	english-wiktionary-ocs-kaikki-2026-08-07+ponomar-elizabeth-bible-2026-08-09	review:v03:08fbc901c845	цвѣтъ	цвѣтъ	noun	lexical-form	synodal:noun:wikt-08fbc901c845	ambiguous	reviewed-exact-form-without-paradigm-metadata	evidence-final	synodal:candidate:08fbc901c845d2ce0046d01e,synodal:candidate:dfb50ecbe1950dc2988a165a;Ex.28.34;review:v03:08fbc901c845	Reviewer confirmed the source-partition Synodal context and conservative OCS sense continuity; exact lexical evidence only, with no productive class inferred.
review:review:v03:09a36df30ab5	english-wiktionary-ocs-kaikki-2026-08-07+ponomar-elizabeth-bible-2026-08-09	review:v03:09a36df30ab5	дѣвица	дѣвица	noun	lexical-form	synodal:noun:wikt-09a36df30ab5	ambiguous	reviewed-exact-form-without-paradigm-metadata	evidence-final	synodal:candidate:09a36df30ab537b2fd568a85,synodal:candidate:96a24d0df22eece9a596821c;Amos.5.2;review:v03:09a36df30ab5	Reviewer confirmed the source-partition Synodal context and conservative OCS sense continuity; exact lexical evidence only, with no productive class inferred.
review:review:v03:0bf5c230381c	english-wiktionary-ocs-kaikki-2026-08-07+ponomar-elizabeth-bible-2026-08-09	review:v03:0bf5c230381c	маслина	маслина	noun	lexical-form	synodal:noun:wikt-0bf5c230381c	ambiguous	reviewed-exact-form-without-paradigm-metadata	evidence-final	synodal:candidate:0bf5c230381c6e7c90dba47d,synodal:candidate:4e28e428cd53c58a88f3eb86;Deut.28.40;review:v03:0bf5c230381c	Reviewer confirmed the source-partition Synodal context and conservative OCS sense continuity; exact lexical evidence only, with no productive class inferred.
review:review:v03:0bf8dd5dba56	english-wiktionary-ocs-kaikki-2026-08-07+ponomar-elizabeth-bible-2026-08-09	review:v03:0bf8dd5dba56	ѡнѡ	ѡнѡ	pronoun	lexical-form	rejected:review:v03:0bf8dd5dba56	out-of-scope	reviewed-rejection	not-applicable	synodal:candidate:0bf8dd5dba56973645367c2e,synodal:candidate:c4eb3a8e32fc518034a9907e;Nehem.6.2;review:v03:0bf8dd5dba56	Rejected: surface belongs to multiple OCS lexeme paradigms; target identity must be resolved manually
review:review:v03:0c0af50265fe	english-wiktionary-ocs-kaikki-2026-08-07+ponomar-elizabeth-bible-2026-08-09	review:v03:0c0af50265fe	лѣсъ	лѣсъ	noun	lexical-form	synodal:noun:wikt-0c0af50265fe	ambiguous	reviewed-exact-form-without-paradigm-metadata	evidence-final	synodal:candidate:0c0af50265fe14b27af4eeeb,synodal:candidate:b7f49c6c11cc0cfbe1dff273;Deut.19.5;review:v03:0c0af50265fe	Reviewer confirmed the source-partition Synodal context and conservative OCS sense continuity; exact lexical evidence only, with no productive class inferred.
review:review:v03:0c6c8db63b7c	english-wiktionary-ocs-kaikki-2026-08-07+ponomar-elizabeth-bible-2026-08-09	review:v03:0c6c8db63b7c	имѣти	имѣти	verb	lexical-form	synodal:verb:wikt-0c6c8db63b7c	ambiguous	reviewed-exact-form-without-paradigm-metadata	evidence-final	synodal:candidate:0c6c8db63b7c6b044157fd56,synodal:candidate:05aef44009a73fe8a572a8fc;Acts.24.23;review:v03:0c6c8db63b7c	Reviewer confirmed the source-partition Synodal context and conservative OCS sense continuity; exact lexical evidence only, with no productive class inferred.
review:review:v03:0cf369042ac9	english-wiktionary-ocs-kaikki-2026-08-07+ponomar-elizabeth-bible-2026-08-09	review:v03:0cf369042ac9	дань	дань	noun	lexical-form	synodal:noun:wikt-0cf369042ac9	ambiguous	reviewed-exact-form-without-paradigm-metadata	evidence-final	synodal:candidate:0cf369042ac9df376a96c44b,synodal:candidate:0c902344644adb29aa83dc54;Deut.20.11;review:v03:0cf369042ac9	Reviewer confirmed the source-partition Synodal context and conservative OCS sense continuity; exact lexical evidence only, with no productive class inferred.
review:review:v03:0d25e7e03ae4	english-wiktionary-ocs-kaikki-2026-08-07+ponomar-elizabeth-bible-2026-08-09	review:v03:0d25e7e03ae4	расти	расти	verb	lexical-form	rejected:review:v03:0d25e7e03ae4	out-of-scope	reviewed-rejection	not-applicable	synodal:candidate:0d25e7e03ae426286cd5c3f9,synodal:candidate:d5d792d5c473112dbe4d62fb;Jn.3.30;review:v03:0d25e7e03ae4	Rejected: surface belongs to multiple OCS lexeme paradigms; target identity must be resolved manually
review:review:v03:0e30b392f62c	english-wiktionary-ocs-kaikki-2026-08-07+ponomar-elizabeth-bible-2026-08-09	review:v03:0e30b392f62c	избавити	избавити	verb	lexical-form	synodal:verb:wikt-0e30b392f62c	ambiguous	reviewed-exact-form-without-paradigm-metadata	evidence-final	synodal:candidate:0e30b392f62ccdb7a03f263f,synodal:candidate:a6a24ca0d92113683741c58b;Dan.3.17;review:v03:0e30b392f62c	Reviewer confirmed the source-partition Synodal context and conservative OCS sense continuity; exact lexical evidence only, with no productive class inferred.
review:review:v03:0e8f360a6d3d	english-wiktionary-ocs-kaikki-2026-08-07+ponomar-elizabeth-bible-2026-08-09	review:v03:0e8f360a6d3d	мѧсо	мѧсо	noun	lexical-form	synodal:noun:wikt-0e8f360a6d3d	ambiguous	reviewed-exact-form-without-paradigm-metadata	evidence-final	synodal:candidate:0e8f360a6d3d4578ea6f9137,synodal:candidate:678f4427d9553eaa6943bf99;Isa.44.16;review:v03:0e8f360a6d3d	Reviewer confirmed the source-partition Synodal context and conservative OCS sense continuity; exact lexical evidence only, with no productive class inferred.
review:review:v03:0f90480ac003	english-wiktionary-ocs-kaikki-2026-08-07+ponomar-elizabeth-bible-2026-08-09	review:v03:0f90480ac003	оуже	оуже	adverb	indeclinable	synodal:adverb:wikt-0f90480ac003	indeclinable	reviewed-exact-indeclinable	implemented	synodal:candidate:0f90480ac003bf58bf4469f6,synodal:candidate:255c7c7ae64c26e4f71ba37b;III_Esdra.15.27;review:v03:0f90480ac003	Reviewer confirmed the source-partition Synodal context and conservative OCS sense continuity; exact lexical evidence only, with no productive class inferred.
review:review:v03:11096eed23a1	english-wiktionary-ocs-kaikki-2026-08-07+ponomar-elizabeth-bible-2026-08-09	review:v03:11096eed23a1	мимѡ	мимѡ	preposition	indeclinable	synodal:preposition:wikt-11096eed23a1	indeclinable	reviewed-exact-indeclinable	implemented	synodal:candidate:11096eed23a1163d723d3370,synodal:candidate:2a32351310d91e5dc731fd08;Dan.11.10;review:v03:11096eed23a1	Reviewer confirmed the source-partition Synodal context and conservative OCS sense continuity; exact lexical evidence only, with no productive class inferred.
review:review:v03:1110785de9ba	english-wiktionary-ocs-kaikki-2026-08-07+ponomar-elizabeth-bible-2026-08-09	review:v03:1110785de9ba	кадити	кадити	verb	lexical-form	synodal:verb:wikt-1110785de9ba	ambiguous	reviewed-exact-form-without-paradigm-metadata	evidence-final	synodal:candidate:1110785de9baf7c7627cd8ef,synodal:candidate:4330237ac4841f0e1d125e38;II_Paral.2.4;review:v03:1110785de9ba	Reviewer confirmed the source-partition Synodal context and conservative OCS sense continuity; exact lexical evidence only, with no productive class inferred.
review:review:v03:121f3af5b5aa	english-wiktionary-ocs-kaikki-2026-08-07+ponomar-elizabeth-bible-2026-08-09	review:v03:121f3af5b5aa	пропасть	пропасть	noun	lexical-form	synodal:noun:wikt-121f3af5b5aa	ambiguous	reviewed-exact-form-without-paradigm-metadata	evidence-final	synodal:candidate:121f3af5b5aa2a5641c4ffde,synodal:candidate:3cc6f627c4639a8b9743f535;Ezek.31.14;review:v03:121f3af5b5aa	Reviewer confirmed the source-partition Synodal context and conservative OCS sense continuity; exact lexical evidence only, with no productive class inferred.
review:review:v03:1325cb23f93e	english-wiktionary-ocs-kaikki-2026-08-07+ponomar-elizabeth-bible-2026-08-09	review:v03:1325cb23f93e	предъ	предъ	preposition	indeclinable	synodal:preposition:wikt-1325cb23f93e	indeclinable	reviewed-exact-indeclinable	implemented	synodal:candidate:1325cb23f93ee3cdd59bc86d,synodal:candidate:356409b4b0d48a6963f53576;Acts.1.10;review:v03:1325cb23f93e	Reviewer confirmed the target preposition and printed final hard-sign abbreviation mark in the locked source passage.
review:review:v03:1348cff35032	english-wiktionary-ocs-kaikki-2026-08-07+ponomar-elizabeth-bible-2026-08-09	review:v03:1348cff35032	кожа	кожа	noun	lexical-form	synodal:noun:wikt-1348cff35032	ambiguous	reviewed-exact-form-without-paradigm-metadata	evidence-final	synodal:candidate:1348cff350327b07745e90fb,synodal:candidate:aaa67d6da8ff206520107a00;Gen.25.25;review:v03:1348cff35032	Reviewer confirmed the source-partition Synodal context and conservative OCS sense continuity; exact lexical evidence only, with no productive class inferred.
review:review:v03:1366b7801c1c	english-wiktionary-ocs-kaikki-2026-08-07+ponomar-elizabeth-bible-2026-08-09	review:v03:1366b7801c1c	рѣка	рѣка	noun	lexical-form	synodal:noun:wikt-1366b7801c1c	ambiguous	reviewed-exact-form-without-paradigm-metadata	evidence-final	synodal:candidate:1366b7801c1c80071f0ed0ef,synodal:candidate:eb0a2a9a9857c633fb405e25;Amos.8.8;review:v03:1366b7801c1c	Reviewer confirmed the source-partition Synodal context and conservative OCS sense continuity; exact lexical evidence only, with no productive class inferred.
review:review:v03:13fb137e551e	english-wiktionary-ocs-kaikki-2026-08-07+ponomar-elizabeth-bible-2026-08-09	review:v03:13fb137e551e	воскъ	воскъ	noun	lexical-form	synodal:noun:wikt-13fb137e551e	ambiguous	reviewed-exact-form-without-paradigm-metadata	evidence-final	synodal:candidate:13fb137e551e717a24bba556,synodal:candidate:e0026b0920c61a3d4e48c339;Isa.64.2;review:v03:13fb137e551e	Reviewer confirmed the source-partition Synodal context and conservative OCS sense continuity; exact lexical evidence only, with no productive class inferred.
review:review:v03:149f5ba72213	english-wiktionary-ocs-kaikki-2026-08-07+ponomar-elizabeth-bible-2026-08-09	review:v03:149f5ba72213	нѡсила	нѡсила	noun	lexical-form	rejected:review:v03:149f5ba72213	out-of-scope	reviewed-rejection	not-applicable	synodal:candidate:149f5ba72213ecec8f0c2271,synodal:candidate:60d8e20cde306c953bba530c;Ex.25.13;review:v03:149f5ba72213	Rejected: surface belongs to multiple OCS lexeme paradigms; target identity must be resolved manually
review:review:v03:14d1431cf181	english-wiktionary-ocs-kaikki-2026-08-07+ponomar-elizabeth-bible-2026-08-09	review:v03:14d1431cf181	знати	знати	verb	lexical-form	synodal:verb:wikt-14d1431cf181	ambiguous	reviewed-exact-form-without-paradigm-metadata	evidence-final	synodal:candidate:14d1431cf181a8d3a1349e6d,synodal:candidate:822248711e06f7df27468d70;III_Esdra.13.52;review:v03:14d1431cf181	Reviewer confirmed the source-partition Synodal context and conservative OCS sense continuity; exact lexical evidence only, with no productive class inferred.
review:review:v03:1502ca77beeb	english-wiktionary-ocs-kaikki-2026-08-07+ponomar-elizabeth-bible-2026-08-09	review:v03:1502ca77beeb	архїстратигъ	архїстратигъ	noun	lexical-form	synodal:noun:wikt-1502ca77beeb	ambiguous	reviewed-exact-form-without-paradigm-metadata	evidence-final	synodal:candidate:1502ca77beeb70ce2ff5be64,synodal:candidate:96034e61cf4af029e5c8dd1f;Dan.8.11;review:v03:1502ca77beeb	Reviewer confirmed the source-partition Synodal context and conservative OCS sense continuity; exact lexical evidence only, with no productive class inferred.
review:review:v03:1517b4e9e11d	english-wiktionary-ocs-kaikki-2026-08-07+ponomar-elizabeth-bible-2026-08-09	review:v03:1517b4e9e11d	та	та	pronoun	lexical-form	rejected:review:v03:1517b4e9e11d	out-of-scope	reviewed-rejection	not-applicable	synodal:candidate:1517b4e9e11d38ab1ef77a08,synodal:candidate:26b4c08177aaeeb30b384939;Acts.16.15;review:v03:1517b4e9e11d	Rejected: surface belongs to multiple OCS lexeme paradigms; target identity must be resolved manually
review:review:v03:164b8f0d21df	english-wiktionary-ocs-kaikki-2026-08-07+ponomar-elizabeth-bible-2026-08-09	review:v03:164b8f0d21df	число	число	noun	lexical-form	synodal:noun:wikt-164b8f0d21df	ambiguous	reviewed-exact-form-without-paradigm-metadata	evidence-final	synodal:candidate:164b8f0d21dffd5c44d4cd7d,synodal:candidate:69ee68e90a3ce71a8259d88e;Acts.4.4;review:v03:164b8f0d21df	Reviewer confirmed the source-partition Synodal context and conservative OCS sense continuity; exact lexical evidence only, with no productive class inferred.
review:review:v03:165721a95108	english-wiktionary-ocs-kaikki-2026-08-07+ponomar-elizabeth-bible-2026-08-09	review:v03:165721a95108	ѿѧти	ѿѧти	verb	lexical-form	synodal:verb:wikt-165721a95108	ambiguous	reviewed-exact-form-without-paradigm-metadata	evidence-final	synodal:candidate:165721a951085dbef54f10ae,synodal:candidate:c5b972fd7161350d621d348a;Eccles.3.14;review:v03:165721a95108	Reviewer confirmed the source-partition Synodal context and conservative OCS sense continuity; exact lexical evidence only, with no productive class inferred.
review:review:v03:16640217c63b	english-wiktionary-ocs-kaikki-2026-08-07+ponomar-elizabeth-bible-2026-08-09	review:v03:16640217c63b	теплъ	теплъ	adjective	lexical-form	rejected:review:v03:16640217c63b	out-of-scope	reviewed-rejection	not-applicable	synodal:candidate:16640217c63b773e87751e0d,synodal:candidate:0fcf21050f6192112f02f6e8;Apoc.3.15;review:v03:16640217c63b	Rejected: surface belongs to multiple OCS lexeme paradigms; target identity must be resolved manually
review:review:v03:16664aa52c77	english-wiktionary-ocs-kaikki-2026-08-07+ponomar-elizabeth-bible-2026-08-09	review:v03:16664aa52c77	стати	стати	verb	lexical-form	synodal:verb:wikt-16664aa52c77	ambiguous	reviewed-exact-form-without-paradigm-metadata	evidence-final	synodal:candidate:16664aa52c77c4eb41ebc32d,synodal:candidate:cfe02a9037ec33fd14fb2c6d;Acts.8.38;review:v03:16664aa52c77	Reviewer confirmed the source-partition Synodal context and conservative OCS sense continuity; exact lexical evidence only, with no productive class inferred.
review:review:v03:1734c53f8298	english-wiktionary-ocs-kaikki-2026-08-07+ponomar-elizabeth-bible-2026-08-09	review:v03:1734c53f8298	корабль	корабль	noun	lexical-form	synodal:noun:wikt-1734c53f8298	ambiguous	reviewed-exact-form-without-paradigm-metadata	evidence-final	synodal:candidate:1734c53f8298ac64b3550207,synodal:candidate:1c163185c345382c32faf0c0;Acts.20.13;review:v03:1734c53f8298	Reviewer confirmed the source-partition Synodal context and conservative OCS sense continuity; exact lexical evidence only, with no productive class inferred.
review:review:v03:1789484a1fa6	english-wiktionary-ocs-kaikki-2026-08-07+ponomar-elizabeth-bible-2026-08-09	review:v03:1789484a1fa6	вѣтвь	вѣтвь	noun	lexical-form	synodal:noun:wikt-1789484a1fa6	ambiguous	reviewed-exact-form-without-paradigm-metadata	evidence-final	synodal:candidate:1789484a1fa6b128698d6491,synodal:candidate:8ebaa424a8983722b99b701d;Judg.9.48;review:v03:1789484a1fa6	Reviewer confirmed the source-partition Synodal context and conservative OCS sense continuity; exact lexical evidence only, with no productive class inferred.
review:review:v03:1815089bd101	english-wiktionary-ocs-kaikki-2026-08-07+ponomar-elizabeth-bible-2026-08-09	review:v03:1815089bd101	юница	юница	noun	lexical-form	synodal:noun:wikt-1815089bd101	ambiguous	reviewed-exact-form-without-paradigm-metadata	evidence-final	synodal:candidate:1815089bd101dfa5360bd55c,synodal:candidate:b90e39d1427b1d90cf9098ac;Hos.4.16;review:v03:1815089bd101	Reviewer confirmed the source-partition Synodal context and conservative OCS sense continuity; exact lexical evidence only, with no productive class inferred.
review:review:v03:19788f5ce3d7	english-wiktionary-ocs-kaikki-2026-08-07+ponomar-elizabeth-bible-2026-08-09	review:v03:19788f5ce3d7	просвѣтити	просвѣтити	verb	lexical-form	synodal:verb:wikt-19788f5ce3d7	ambiguous	reviewed-exact-form-without-paradigm-metadata	evidence-final	synodal:candidate:19788f5ce3d79a9ffbf67190,synodal:candidate:ddfbfcf0d1805f54e0da345a;I_Esdra.9.8;review:v03:19788f5ce3d7	Reviewer confirmed the source-partition Synodal context and conservative OCS sense continuity; exact lexical evidence only, with no productive class inferred.
review:review:v03:1a2ae4fd7b81	english-wiktionary-ocs-kaikki-2026-08-07+ponomar-elizabeth-bible-2026-08-09	review:v03:1a2ae4fd7b81	изнести	изнести	verb	lexical-form	synodal:verb:wikt-1a2ae4fd7b81	ambiguous	reviewed-exact-form-without-paradigm-metadata	evidence-final	synodal:candidate:1a2ae4fd7b814b80ec42ffd0,synodal:candidate:085b46fcba6f887083e6b828;Amos.6.10;review:v03:1a2ae4fd7b81	Reviewer confirmed the source-partition Synodal context and conservative OCS sense continuity; exact lexical evidence only, with no productive class inferred.
review:review:v03:1b5ae19347da	english-wiktionary-ocs-kaikki-2026-08-07+ponomar-elizabeth-bible-2026-08-09	review:v03:1b5ae19347da	водити	водити	verb	lexical-form	synodal:verb:wikt-1b5ae19347da	ambiguous	reviewed-exact-form-without-paradigm-metadata	evidence-final	synodal:candidate:1b5ae19347da390d2aab2dca,synodal:candidate:15d7aedb03a4e7f44fa23de0;Deut.1.9;review:v03:1b5ae19347da	Reviewer confirmed the source-partition Synodal context and conservative OCS sense continuity; exact lexical evidence only, with no productive class inferred.
review:review:v03:1e3e95702ecb	english-wiktionary-ocs-kaikki-2026-08-07+ponomar-elizabeth-bible-2026-08-09	review:v03:1e3e95702ecb	ловитва	ловитва	noun	lexical-form	synodal:noun:wikt-1e3e95702ecb	ambiguous	reviewed-exact-form-without-paradigm-metadata	evidence-final	synodal:candidate:1e3e95702ecb0f49ea400ff8,synodal:candidate:8acba9d22afb3987c7d16693;Eccles.7.27;review:v03:1e3e95702ecb	Reviewer confirmed the source-partition Synodal context and conservative OCS sense continuity; exact lexical evidence only, with no productive class inferred.
review:review:v03:1f1ec9a47a18	english-wiktionary-ocs-kaikki-2026-08-07+ponomar-elizabeth-bible-2026-08-09	review:v03:1f1ec9a47a18	ѡграда	ѡграда	noun	lexical-form	rejected:review:v03:1f1ec9a47a18	out-of-scope	reviewed-rejection	not-applicable	synodal:candidate:1f1ec9a47a18a121a5535721,synodal:candidate:2ab9d845bcc93b4768484f51;Ezek.40.5;review:v03:1f1ec9a47a18	Rejected: surface belongs to multiple OCS lexeme paradigms; target identity must be resolved manually
review:review:v03:1f4f71da1a5b	english-wiktionary-ocs-kaikki-2026-08-07+ponomar-elizabeth-bible-2026-08-09	review:v03:1f4f71da1a5b	ладїи	ладїи	noun	lexical-form	rejected:review:v03:1f4f71da1a5b	out-of-scope	reviewed-rejection	not-applicable	synodal:candidate:1f4f71da1a5b6276680df968,synodal:candidate:dd1fe0be11d72729bbf8a7ba;II_Macc.12.6;review:v03:1f4f71da1a5b	Rejected: surface belongs to multiple OCS lexeme paradigms; target identity must be resolved manually
review:review:v03:1fa2b9d72fa1	english-wiktionary-ocs-kaikki-2026-08-07+ponomar-elizabeth-bible-2026-08-09	review:v03:1fa2b9d72fa1	вельми	вельми	adverb	indeclinable	synodal:adverb:wikt-1fa2b9d72fa1	indeclinable	reviewed-exact-indeclinable	implemented	synodal:candidate:1fa2b9d72fa13cdc8bdf9ede,synodal:candidate:ce4ad1330331f2bd9aba8a44;Dan.6.23;review:v03:1fa2b9d72fa1	Reviewer confirmed the source-partition Synodal context and conservative OCS sense continuity; exact lexical evidence only, with no productive class inferred.
review:review:v03:217128dc4931	english-wiktionary-ocs-kaikki-2026-08-07+ponomar-elizabeth-bible-2026-08-09	review:v03:217128dc4931	зачало	зачало	noun	lexical-form	synodal:noun:wikt-217128dc4931	ambiguous	reviewed-exact-form-without-paradigm-metadata	evidence-final	synodal:candidate:217128dc493124160e0ecf04,synodal:candidate:8f34d866256794f7f3ef778f;Acts.2.1;review:v03:217128dc4931	Reviewer confirmed the source-partition Synodal context and conservative OCS sense continuity; exact lexical evidence only, with no productive class inferred.
review:review:v03:246df9e425fa	english-wiktionary-ocs-kaikki-2026-08-07+ponomar-elizabeth-bible-2026-08-09	review:v03:246df9e425fa	аарѡнъ	аарѡнъ	proper-noun	lexical-form	synodal:proper-noun:wikt-246df9e425fa	ambiguous	reviewed-exact-form-without-paradigm-metadata	evidence-final	synodal:candidate:246df9e425fab1012cb12dfe,synodal:candidate:25a27fca63ef64ffa5fa79fa;Composite.6.11;review:v03:246df9e425fa	Reviewer confirmed the source-partition Synodal context and conservative OCS sense continuity; exact lexical evidence only, with no productive class inferred.
review:review:v03:249e101e839e	english-wiktionary-ocs-kaikki-2026-08-07+ponomar-elizabeth-bible-2026-08-09	review:v03:249e101e839e	ѳѡма	ѳѡма	proper-noun	lexical-form	synodal:proper-noun:wikt-249e101e839e	ambiguous	reviewed-exact-form-without-paradigm-metadata	evidence-final	synodal:candidate:249e101e839e60a12fd13a76,synodal:candidate:08bdc9202813a009be46f43b;Acts.1.13;review:v03:249e101e839e	Reviewer confirmed the source-partition Synodal context and conservative OCS sense continuity; exact lexical evidence only, with no productive class inferred.
review:review:v03:24d45635ea03	english-wiktionary-ocs-kaikki-2026-08-07+ponomar-elizabeth-bible-2026-08-09	review:v03:24d45635ea03	вїноградъ	вїноградъ	noun	lexical-form	synodal:noun:wikt-24d45635ea03	ambiguous	reviewed-exact-form-without-paradigm-metadata	evidence-final	synodal:candidate:24d45635ea03ffa68db3fdf6,synodal:candidate:1d1002e72545d865be658a90;Apoc.14.19;review:v03:24d45635ea03	Reviewer confirmed the source-partition Synodal context and conservative OCS sense continuity; exact lexical evidence only, with no productive class inferred.
review:review:v03:25524f282db4	english-wiktionary-ocs-kaikki-2026-08-07+ponomar-elizabeth-bible-2026-08-09	review:v03:25524f282db4	снопъ	снопъ	noun	lexical-form	synodal:noun:wikt-25524f282db4	ambiguous	reviewed-exact-form-without-paradigm-metadata	evidence-final	synodal:candidate:25524f282db4c1401a730a2d,synodal:candidate:d34b2f5e76abe9893f46130c;Gen.37.7;review:v03:25524f282db4	Reviewer confirmed the source-partition Synodal context and conservative OCS sense continuity; exact lexical evidence only, with no productive class inferred.
review:review:v03:255d419c6d4f	english-wiktionary-ocs-kaikki-2026-08-07+ponomar-elizabeth-bible-2026-08-09	review:v03:255d419c6d4f	потопъ	потопъ	noun	lexical-form	synodal:noun:wikt-255d419c6d4f	ambiguous	reviewed-exact-form-without-paradigm-metadata	evidence-final	synodal:candidate:255d419c6d4f0a6b98b32504,synodal:candidate:15806a37a67cd0c0e9e20591;Gen.6.17;review:v03:255d419c6d4f	Reviewer confirmed the source-partition Synodal context and conservative OCS sense continuity; exact lexical evidence only, with no productive class inferred.
review:review:v03:25f6c76b99ba	english-wiktionary-ocs-kaikki-2026-08-07+ponomar-elizabeth-bible-2026-08-09	review:v03:25f6c76b99ba	стрѣла	стрѣла	noun	lexical-form	synodal:noun:wikt-25f6c76b99ba	ambiguous	reviewed-exact-form-without-paradigm-metadata	evidence-final	synodal:candidate:25f6c76b99bafcd4da7d0bde,synodal:candidate:4208f67dfb9fbb8327c3af86;III_Esdra.16.16;review:v03:25f6c76b99ba	Reviewer confirmed the source-partition Synodal context and conservative OCS sense continuity; exact lexical evidence only, with no productive class inferred.
review:review:v03:26040ed02071	english-wiktionary-ocs-kaikki-2026-08-07+ponomar-elizabeth-bible-2026-08-09	review:v03:26040ed02071	листъ	листъ	noun	lexical-form	synodal:noun:wikt-26040ed02071	ambiguous	reviewed-exact-form-without-paradigm-metadata	evidence-final	synodal:candidate:26040ed02071fec34d26203a,synodal:candidate:ce3297f8ab824e7f9fa6f46f;Jerem.36.23;review:v03:26040ed02071	Reviewer confirmed the source-partition Synodal context and conservative OCS sense continuity; exact lexical evidence only, with no productive class inferred.
review:review:v03:273a821aeb28	english-wiktionary-ocs-kaikki-2026-08-07+ponomar-elizabeth-bible-2026-08-09	review:v03:273a821aeb28	цѣлъ	цѣлъ	adjective	lexical-form	synodal:adjective:wikt-273a821aeb28	ambiguous	reviewed-exact-form-without-paradigm-metadata	evidence-final	synodal:candidate:273a821aeb287c12fbd8d9a2,synodal:candidate:f52fcf3f7ac1782723154236;Josh.10.28;review:v03:273a821aeb28	Reviewer confirmed the source-partition Synodal context and conservative OCS sense continuity; exact lexical evidence only, with no productive class inferred.
review:review:v03:28f49d546e1e	english-wiktionary-ocs-kaikki-2026-08-07+ponomar-elizabeth-bible-2026-08-09	review:v03:28f49d546e1e	трищи	трищи	adverb	indeclinable	synodal:adverb:wikt-28f49d546e1e	indeclinable	reviewed-exact-indeclinable	implemented	synodal:candidate:28f49d546e1e072afb213adb,synodal:candidate:5caaac335ced033c8faf721d;Acts.10.16;review:v03:28f49d546e1e	Reviewer confirmed the source-partition Synodal context and conservative OCS sense continuity; exact lexical evidence only, with no productive class inferred.
review:review:v03:290243fa40aa	english-wiktionary-ocs-kaikki-2026-08-07+ponomar-elizabeth-bible-2026-08-09	review:v03:290243fa40aa	по	по	preposition	indeclinable	synodal:preposition:wikt-290243fa40aa	indeclinable	reviewed-exact-indeclinable	implemented	synodal:candidate:290243fa40aadd2da0e7d7cb,synodal:candidate:2ea4e8c66b548f40594ee241;Acts.1.5;review:v03:290243fa40aa	Reviewer confirmed the source-partition Synodal context and conservative OCS sense continuity; exact lexical evidence only, with no productive class inferred.
review:review:v03:2941d1bd0d7e	english-wiktionary-ocs-kaikki-2026-08-07+ponomar-elizabeth-bible-2026-08-09	review:v03:2941d1bd0d7e	внити	внити	verb	lexical-form	synodal:verb:wikt-2941d1bd0d7e	ambiguous	reviewed-exact-form-without-paradigm-metadata	evidence-final	synodal:candidate:2941d1bd0d7e35d6121531f5,synodal:candidate:317239dde4be7111d319472f;Acts.3.3;review:v03:2941d1bd0d7e	Reviewer confirmed the source-partition Synodal context and conservative OCS sense continuity; exact lexical evidence only, with no productive class inferred.
review:review:v03:29d5a9752245	english-wiktionary-ocs-kaikki-2026-08-07+ponomar-elizabeth-bible-2026-08-09	review:v03:29d5a9752245	мѣрило	мѣрило	noun	lexical-form	rejected:review:v03:29d5a9752245	out-of-scope	reviewed-rejection	not-applicable	synodal:candidate:29d5a9752245c938bccf40ef,synodal:candidate:9ec4ce51fb5a96b0211f3f28;Amos.8.5;review:v03:29d5a9752245	Rejected: surface belongs to multiple OCS lexeme paradigms; target identity must be resolved manually
review:review:v03:2a1a322a0eb4	english-wiktionary-ocs-kaikki-2026-08-07+ponomar-elizabeth-bible-2026-08-09	review:v03:2a1a322a0eb4	работа	работа	noun	lexical-form	rejected:review:v03:2a1a322a0eb4	out-of-scope	reviewed-rejection	not-applicable	synodal:candidate:2a1a322a0eb41be5d399b68b,synodal:candidate:68b0705afda57442a04b8f98;Deut.15.18;review:v03:2a1a322a0eb4	Rejected: surface belongs to multiple OCS lexeme paradigms; target identity must be resolved manually
review:review:v03:2b045bde1e7d	english-wiktionary-ocs-kaikki-2026-08-07+ponomar-elizabeth-bible-2026-08-09	review:v03:2b045bde1e7d	алеѯандръ	алеѯандръ	proper-noun	lexical-form	synodal:proper-noun:wikt-2b045bde1e7d	ambiguous	reviewed-exact-form-without-paradigm-metadata	evidence-final	synodal:candidate:2b045bde1e7dac3b79ebc5b0,synodal:candidate:49bfa64f694dcfadafb02533;I_Macc.1.1;review:v03:2b045bde1e7d	Reviewer confirmed the source-partition Synodal context and conservative OCS sense continuity; exact lexical evidence only, with no productive class inferred.
review:review:v03:2c492d6e898b	english-wiktionary-ocs-kaikki-2026-08-07+ponomar-elizabeth-bible-2026-08-09	review:v03:2c492d6e898b	ловъ	ловъ	noun	lexical-form	synodal:noun:wikt-2c492d6e898b	ambiguous	reviewed-exact-form-without-paradigm-metadata	evidence-final	synodal:candidate:2c492d6e898b9c3d02c3169b,synodal:candidate:b61b79c598a77e325d982cb1;Gen.27.3;review:v03:2c492d6e898b	Reviewer confirmed the source-partition Synodal context and conservative OCS sense continuity; exact lexical evidence only, with no productive class inferred.
review:review:v03:2c514aa5920f	english-wiktionary-ocs-kaikki-2026-08-07+ponomar-elizabeth-bible-2026-08-09	review:v03:2c514aa5920f	ѡсобь	ѡсобь	adverb	indeclinable	synodal:adverb:wikt-2c514aa5920f	indeclinable	reviewed-exact-indeclinable	implemented	synodal:candidate:2c514aa5920f8afef64bd8c0,synodal:candidate:1bc893244732119505d03856;II_Macc.4.46;review:v03:2c514aa5920f	Reviewer confirmed the source-partition Synodal context and conservative OCS sense continuity; exact lexical evidence only, with no productive class inferred.
review:review:v03:2cc9c25675c9	english-wiktionary-ocs-kaikki-2026-08-07+ponomar-elizabeth-bible-2026-08-09	review:v03:2cc9c25675c9	цѣна	цѣна	noun	lexical-form	synodal:noun:wikt-2cc9c25675c9	ambiguous	reviewed-exact-form-without-paradigm-metadata	evidence-final	synodal:candidate:2cc9c25675c94770b7808d97,synodal:candidate:386174bab27b7c8532ab4399;Composite.8.6;review:v03:2cc9c25675c9	Reviewer confirmed the source-partition Synodal context and conservative OCS sense continuity; exact lexical evidence only, with no productive class inferred.
review:review:v03:2d68e170f796	english-wiktionary-ocs-kaikki-2026-08-07+ponomar-elizabeth-bible-2026-08-09	review:v03:2d68e170f796	страсть	страсть	noun	lexical-form	synodal:noun:wikt-2d68e170f796	ambiguous	reviewed-exact-form-without-paradigm-metadata	evidence-final	synodal:candidate:2d68e170f796297730a3cda2,synodal:candidate:32a38e150b60ca602b07c499;Amos.3.10;review:v03:2d68e170f796	Reviewer confirmed the source-partition Synodal context and conservative OCS sense continuity; exact lexical evidence only, with no productive class inferred.
review:review:v03:2da7c1aa5984	english-wiktionary-ocs-kaikki-2026-08-07+ponomar-elizabeth-bible-2026-08-09	review:v03:2da7c1aa5984	раждати	раждати	verb	lexical-form	synodal:verb:wikt-2da7c1aa5984	ambiguous	reviewed-exact-form-without-paradigm-metadata	evidence-final	synodal:candidate:2da7c1aa598489cf069e4137,synodal:candidate:b9bd3b01f161b7a49640300d;Eccles.3.2;review:v03:2da7c1aa5984	Reviewer confirmed the source-partition Synodal context and conservative OCS sense continuity; exact lexical evidence only, with no productive class inferred.
review:review:v03:2dc4ff592b84	english-wiktionary-ocs-kaikki-2026-08-07+ponomar-elizabeth-bible-2026-08-09	review:v03:2dc4ff592b84	родити	родити	verb	lexical-form	synodal:verb:wikt-2dc4ff592b84	ambiguous	reviewed-exact-form-without-paradigm-metadata	evidence-final	synodal:candidate:2dc4ff592b841ee5ddf0bbfe,synodal:candidate:9085efe451ee6e93fe0c5dc5;Apoc.12.2;review:v03:2dc4ff592b84	Reviewer confirmed the source-partition Synodal context and conservative OCS sense continuity; exact lexical evidence only, with no productive class inferred.
review:review:v03:2dfa11728211	english-wiktionary-ocs-kaikki-2026-08-07+ponomar-elizabeth-bible-2026-08-09	review:v03:2dfa11728211	проказа	проказа	noun	lexical-form	synodal:noun:wikt-2dfa11728211	ambiguous	reviewed-exact-form-without-paradigm-metadata	evidence-final	synodal:candidate:2dfa117282114856546c6b79,synodal:candidate:722ac9bb453bb9a1fb15a7fa;II_Paral.26.19;review:v03:2dfa11728211	Reviewer confirmed the source-partition Synodal context and conservative OCS sense continuity; exact lexical evidence only, with no productive class inferred.
review:review:v03:2e0496e36fd3	english-wiktionary-ocs-kaikki-2026-08-07+ponomar-elizabeth-bible-2026-08-09	review:v03:2e0496e36fd3	животъ	животъ	noun	lexical-form	synodal:noun:wikt-2e0496e36fd3	ambiguous	reviewed-exact-form-without-paradigm-metadata	evidence-final	synodal:candidate:2e0496e36fd35c2729f50ae5,synodal:candidate:e0ba9388dfb68f0fb19bedfb;Acts.11.18;review:v03:2e0496e36fd3	Reviewer confirmed the source-partition Synodal context and conservative OCS sense continuity; exact lexical evidence only, with no productive class inferred.
review:review:v03:2ead150001eb	english-wiktionary-ocs-kaikki-2026-08-07+ponomar-elizabeth-bible-2026-08-09	review:v03:2ead150001eb	сестра	сестра	noun	lexical-form	synodal:noun:wikt-2ead150001eb	ambiguous	reviewed-exact-form-without-paradigm-metadata	evidence-final	synodal:candidate:2ead150001eb813bb3a0f805,synodal:candidate:b62e4d07bd73d0027aa12941;Ex.2.4;review:v03:2ead150001eb	Reviewer confirmed the source-partition Synodal context and conservative OCS sense continuity; exact lexical evidence only, with no productive class inferred.
review:review:v03:2fe80b81eaf8	english-wiktionary-ocs-kaikki-2026-08-07+ponomar-elizabeth-bible-2026-08-09	review:v03:2fe80b81eaf8	седмь	седмь	numeral	lexical-form	synodal:numeral:wikt-2fe80b81eaf8	ambiguous	reviewed-exact-form-without-paradigm-metadata	evidence-final	synodal:candidate:2fe80b81eaf87ad5043de72d,synodal:candidate:dc7a6cedb422521753f1d5c4;Acts.6.3;review:v03:2fe80b81eaf8	Reviewer confirmed the source-partition Synodal context and conservative OCS sense continuity; exact lexical evidence only, with no productive class inferred.
review:review:v03:2feeeb057ed9	english-wiktionary-ocs-kaikki-2026-08-07+ponomar-elizabeth-bible-2026-08-09	review:v03:2feeeb057ed9	сѣно	сѣно	noun	lexical-form	synodal:noun:wikt-2feeeb057ed9	ambiguous	reviewed-exact-form-without-paradigm-metadata	evidence-final	synodal:candidate:2feeeb057ed9802bc5b75607,synodal:candidate:b78bcc7402fcc662b40ccee4;Deut.32.2;review:v03:2feeeb057ed9	Reviewer confirmed the source-partition Synodal context and conservative OCS sense continuity; exact lexical evidence only, with no productive class inferred.
review:review:v03:3039f06bb668	english-wiktionary-ocs-kaikki-2026-08-07+ponomar-elizabeth-bible-2026-08-09	review:v03:3039f06bb668	мощи	мощи	noun	lexical-form	rejected:review:v03:3039f06bb668	out-of-scope	reviewed-rejection	not-applicable	synodal:candidate:3039f06bb6681299be642063,synodal:candidate:af941c5aa8e92f27b7629e90;Deut.28.27;review:v03:3039f06bb668	Rejected: surface belongs to multiple OCS lexeme paradigms; target identity must be resolved manually
review:review:v03:307273c373ea	english-wiktionary-ocs-kaikki-2026-08-07+ponomar-elizabeth-bible-2026-08-09	review:v03:307273c373ea	хранило	хранило	noun	lexical-form	rejected:review:v03:307273c373ea	out-of-scope	reviewed-rejection	not-applicable	synodal:candidate:307273c373eac13683e40bbf,synodal:candidate:42c13dcdb1af02e07ff30e65;Psalm.38.1;review:v03:307273c373ea	Rejected: surface belongs to multiple OCS lexeme paradigms; target identity must be resolved manually
review:review:v03:3090f99843dd	english-wiktionary-ocs-kaikki-2026-08-07+ponomar-elizabeth-bible-2026-08-09	review:v03:3090f99843dd	кость	кость	noun	lexical-form	synodal:noun:wikt-3090f99843dd	ambiguous	reviewed-exact-form-without-paradigm-metadata	evidence-final	synodal:candidate:3090f99843dd7c9962464270,synodal:candidate:bac2b040ad06f02b48885378;Ezek.39.15;review:v03:3090f99843dd	Reviewer confirmed the source-partition Synodal context and conservative OCS sense continuity; exact lexical evidence only, with no productive class inferred.
review:review:v03:3109ff501cc5	english-wiktionary-ocs-kaikki-2026-08-07+ponomar-elizabeth-bible-2026-08-09	review:v03:3109ff501cc5	молити	молити	verb	lexical-form	synodal:verb:wikt-3109ff501cc5	ambiguous	reviewed-exact-form-without-paradigm-metadata	evidence-final	synodal:candidate:3109ff501cc58297cea1c6c3,synodal:candidate:7bbacf663df9507e7ca85080;Mk.5.17;review:v03:3109ff501cc5	Reviewer confirmed the source-partition Synodal context and conservative OCS sense continuity; exact lexical evidence only, with no productive class inferred.
review:review:v03:315c47beb63a	english-wiktionary-ocs-kaikki-2026-08-07+ponomar-elizabeth-bible-2026-08-09	review:v03:315c47beb63a	стопа	стопа	noun	lexical-form	synodal:noun:wikt-315c47beb63a	ambiguous	reviewed-exact-form-without-paradigm-metadata	evidence-final	synodal:candidate:315c47beb63a6a2436c09b54,synodal:candidate:846815ae83c7378ce7817d05;Deut.11.24;review:v03:315c47beb63a	Reviewer confirmed the source-partition Synodal context and conservative OCS sense continuity; exact lexical evidence only, with no productive class inferred.
review:review:v03:31d30b4ef4ed	english-wiktionary-ocs-kaikki-2026-08-07+ponomar-elizabeth-bible-2026-08-09	review:v03:31d30b4ef4ed	свѧтити	свѧтити	verb	lexical-form	synodal:verb:wikt-31d30b4ef4ed	ambiguous	reviewed-exact-form-without-paradigm-metadata	evidence-final	synodal:candidate:31d30b4ef4ede01177cbccc9,synodal:candidate:6960c89b4573a038037b5f82;Deut.5.12;review:v03:31d30b4ef4ed	Reviewer confirmed the source-partition Synodal context and conservative OCS sense continuity; exact lexical evidence only, with no productive class inferred.
review:review:v03:31ebfafd9595	english-wiktionary-ocs-kaikki-2026-08-07+ponomar-elizabeth-bible-2026-08-09	review:v03:31ebfafd9595	помиловати	помиловати	verb	lexical-form	synodal:verb:wikt-31ebfafd9595	ambiguous	reviewed-exact-form-without-paradigm-metadata	evidence-final	synodal:candidate:31ebfafd959567aefa796d6e,synodal:candidate:909a8175e81b46319a116073;Hos.1.6;review:v03:31ebfafd9595	Reviewer confirmed the source-partition Synodal context and conservative OCS sense continuity; exact lexical evidence only, with no productive class inferred.
review:review:v03:3232c6ef6003	english-wiktionary-ocs-kaikki-2026-08-07+ponomar-elizabeth-bible-2026-08-09	review:v03:3232c6ef6003	тать	тать	noun	lexical-form	synodal:noun:wikt-3232c6ef6003	ambiguous	reviewed-exact-form-without-paradigm-metadata	evidence-final	synodal:candidate:3232c6ef600347c36797c6e7,synodal:candidate:44194b6e7d275553768e78c9;Apoc.3.3;review:v03:3232c6ef6003	Reviewer confirmed the source-partition Synodal context and conservative OCS sense continuity; exact lexical evidence only, with no productive class inferred.
review:review:v03:329fdac29b56	english-wiktionary-ocs-kaikki-2026-08-07+ponomar-elizabeth-bible-2026-08-09	review:v03:329fdac29b56	оуста	оуста	noun	lexical-form	synodal:noun:wikt-329fdac29b56	ambiguous	reviewed-exact-form-without-paradigm-metadata	evidence-final	synodal:candidate:329fdac29b56d84fc3d5dc7d,synodal:candidate:e47ff9b91ec739509b0c0f58;Composite.4.1;review:v03:329fdac29b56	Reviewer confirmed the source-partition Synodal context and conservative OCS sense continuity; exact lexical evidence only, with no productive class inferred.
review:review:v03:332544509d0c	english-wiktionary-ocs-kaikki-2026-08-07+ponomar-elizabeth-bible-2026-08-09	review:v03:332544509d0c	принести	принести	verb	lexical-form	synodal:verb:wikt-332544509d0c	ambiguous	reviewed-exact-form-without-paradigm-metadata	evidence-final	synodal:candidate:332544509d0c4f443df388e0,synodal:candidate:d83e97129b7ac9e069d08728;Dan.5.2;review:v03:332544509d0c	Reviewer confirmed the source-partition Synodal context and conservative OCS sense continuity; exact lexical evidence only, with no productive class inferred.
review:review:v03:3379a6fab3cf	english-wiktionary-ocs-kaikki-2026-08-07+ponomar-elizabeth-bible-2026-08-09	review:v03:3379a6fab3cf	фараѡнъ	фараѡнъ	noun	lexical-form	synodal:noun:wikt-3379a6fab3cf	ambiguous	reviewed-exact-form-without-paradigm-metadata	evidence-final	synodal:candidate:3379a6fab3cf08f1088a5e9b,synodal:candidate:392aa0ac034bf25f68fe0bba;Composite.6.9;review:v03:3379a6fab3cf	Reviewer confirmed the source-partition Synodal context and conservative OCS sense continuity; exact lexical evidence only, with no productive class inferred.
review:review:v03:33fa8ee7c606	english-wiktionary-ocs-kaikki-2026-08-07+ponomar-elizabeth-bible-2026-08-09	review:v03:33fa8ee7c606	бракъ	бракъ	noun	lexical-form	synodal:noun:wikt-33fa8ee7c606	ambiguous	reviewed-exact-form-without-paradigm-metadata	evidence-final	synodal:candidate:33fa8ee7c60607b6aebfd710,synodal:candidate:0bb4c7464e4caa6cf621ea29;Apoc.19.7;review:v03:33fa8ee7c606	Reviewer confirmed the source-partition Synodal context and conservative OCS sense continuity; exact lexical evidence only, with no productive class inferred.
review:review:v03:344019576e96	english-wiktionary-ocs-kaikki-2026-08-07+ponomar-elizabeth-bible-2026-08-09	review:v03:344019576e96	клѧтва	клѧтва	noun	lexical-form	synodal:noun:wikt-344019576e96	ambiguous	reviewed-exact-form-without-paradigm-metadata	evidence-final	synodal:candidate:344019576e963598dd01b607,synodal:candidate:890456f20aa5893588f9c334;Baruch.1.20;review:v03:344019576e96	Reviewer confirmed the source-partition Synodal context and conservative OCS sense continuity; exact lexical evidence only, with no productive class inferred.
review:review:v03:344ef5abedda	english-wiktionary-ocs-kaikki-2026-08-07+ponomar-elizabeth-bible-2026-08-09	review:v03:344ef5abedda	слѣпъ	слѣпъ	adjective	lexical-form	synodal:adjective:wikt-344ef5abedda	ambiguous	reviewed-exact-form-without-paradigm-metadata	evidence-final	synodal:candidate:344ef5abedda3d90fcc23060,synodal:candidate:da148a98b5816dbd1a0bb399;Acts.13.11;review:v03:344ef5abedda	Reviewer confirmed the source-partition Synodal context and conservative OCS sense continuity; exact lexical evidence only, with no productive class inferred.
review:review:v03:34a574308ceb	english-wiktionary-ocs-kaikki-2026-08-07+ponomar-elizabeth-bible-2026-08-09	review:v03:34a574308ceb	глаголъ	глаголъ	noun	lexical-form	synodal:noun:wikt-34a574308ceb	ambiguous	reviewed-exact-form-without-paradigm-metadata	evidence-final	synodal:candidate:34a574308ceb260829952a77,synodal:candidate:f5ee9d189e43afb542185be9;Acts.10.37;review:v03:34a574308ceb	Reviewer confirmed the source-partition Synodal context and conservative OCS sense continuity; exact lexical evidence only, with no productive class inferred.
review:review:v03:34a97d0572e7	english-wiktionary-ocs-kaikki-2026-08-07+ponomar-elizabeth-bible-2026-08-09	review:v03:34a97d0572e7	болѣзнь	болѣзнь	noun	lexical-form	synodal:noun:wikt-34a97d0572e7	ambiguous	reviewed-exact-form-without-paradigm-metadata	evidence-final	synodal:candidate:34a97d0572e7477f2599894e,synodal:candidate:6ec072e5c200e640eda50aa6;Col.4.13;review:v03:34a97d0572e7	Reviewer confirmed the source-partition Synodal context and conservative OCS sense continuity; exact lexical evidence only, with no productive class inferred.
review:review:v03:34b94f67f33b	english-wiktionary-ocs-kaikki-2026-08-07+ponomar-elizabeth-bible-2026-08-09	review:v03:34b94f67f33b	свѣтильникъ	свѣтильникъ	noun	lexical-form	synodal:noun:wikt-34b94f67f33b	ambiguous	reviewed-exact-form-without-paradigm-metadata	evidence-final	synodal:candidate:34b94f67f33b5ad0a0d69185,synodal:candidate:35fdae74697425ae72ed52b8;Apoc.1.12;review:v03:34b94f67f33b	Reviewer confirmed the source-partition Synodal context and conservative OCS sense continuity; exact lexical evidence only, with no productive class inferred.
review:review:v03:35032b291327	english-wiktionary-ocs-kaikki-2026-08-07+ponomar-elizabeth-bible-2026-08-09	review:v03:35032b291327	хощете	хощете	verb	lexical-form	synodal:verb:wikt-35032b291327	ambiguous	reviewed-exact-form-without-paradigm-metadata	evidence-final	synodal:candidate:35032b291327fa4b231afafc,synodal:candidate:08a7ebc9044dfd9c46dccad7;Acts.5.28;review:v03:35032b291327	Reviewer confirmed the source-partition Synodal context and conservative OCS sense continuity; exact lexical evidence only, with no productive class inferred.
review:review:v03:35225ddb572d	english-wiktionary-ocs-kaikki-2026-08-07+ponomar-elizabeth-bible-2026-08-09	review:v03:35225ddb572d	авва	авва	noun	lexical-form	synodal:noun:wikt-35225ddb572d	ambiguous	reviewed-exact-form-without-paradigm-metadata	evidence-final	synodal:candidate:35225ddb572d6b2d8c5ef5c3,synodal:candidate:00c905ba16edb2cdc60a1d95;Gal.4.6;review:v03:35225ddb572d	Reviewer confirmed the source-partition Synodal context and conservative OCS sense continuity; exact lexical evidence only, with no productive class inferred.
review:review:v03:355aa48cc761	english-wiktionary-ocs-kaikki-2026-08-07+ponomar-elizabeth-bible-2026-08-09	review:v03:355aa48cc761	надежда	надежда	noun	lexical-form	synodal:noun:wikt-355aa48cc761	ambiguous	reviewed-exact-form-without-paradigm-metadata	evidence-final	synodal:candidate:355aa48cc761a6806cca2584,synodal:candidate:2a77f111f5bd2b3f63112574;Acts.16.19;review:v03:355aa48cc761	Reviewer confirmed the source-partition Synodal context and conservative OCS sense continuity; exact lexical evidence only, with no productive class inferred.
review:review:v03:3566ada72e8b	english-wiktionary-ocs-kaikki-2026-08-07+ponomar-elizabeth-bible-2026-08-09	review:v03:3566ada72e8b	гнѣвъ	гнѣвъ	noun	lexical-form	synodal:noun:wikt-3566ada72e8b	ambiguous	reviewed-exact-form-without-paradigm-metadata	evidence-final	synodal:candidate:3566ada72e8b2fb1ebf3fce1,synodal:candidate:87601eb483f9e7a0ad43f4b0;Amos.6.12;review:v03:3566ada72e8b	Reviewer confirmed the source-partition Synodal context and conservative OCS sense continuity; exact lexical evidence only, with no productive class inferred.
review:review:v03:36c3b79376c2	english-wiktionary-ocs-kaikki-2026-08-07+ponomar-elizabeth-bible-2026-08-09	review:v03:36c3b79376c2	потокъ	потокъ	noun	lexical-form	synodal:noun:wikt-36c3b79376c2	ambiguous	reviewed-exact-form-without-paradigm-metadata	evidence-final	synodal:candidate:36c3b79376c20aa0e27f9158,synodal:candidate:f6413909cf808099337c763b;Ezek.47.5;review:v03:36c3b79376c2	Reviewer confirmed the source-partition Synodal context and conservative OCS sense continuity; exact lexical evidence only, with no productive class inferred.
review:review:v03:3787ede34e8b	english-wiktionary-ocs-kaikki-2026-08-07+ponomar-elizabeth-bible-2026-08-09	review:v03:3787ede34e8b	немощь	немощь	noun	lexical-form	synodal:noun:wikt-3787ede34e8b	ambiguous	reviewed-exact-form-without-paradigm-metadata	evidence-final	synodal:candidate:3787ede34e8b5c636c5c2388,synodal:candidate:57c5a9e472413d22c4f7581f;Gal.4.13;review:v03:3787ede34e8b	Reviewer confirmed the source-partition Synodal context and conservative OCS sense continuity; exact lexical evidence only, with no productive class inferred.
review:review:v03:3788d12f26f2	english-wiktionary-ocs-kaikki-2026-08-07+ponomar-elizabeth-bible-2026-08-09	review:v03:3788d12f26f2	хромъ	хромъ	adjective	lexical-form	synodal:adjective:wikt-3788d12f26f2	ambiguous	reviewed-exact-form-without-paradigm-metadata	evidence-final	synodal:candidate:3788d12f26f2e2fb65c71326,synodal:candidate:6042852a40caebb53d1511eb;Acts.3.2;review:v03:3788d12f26f2	Reviewer confirmed the source-partition Synodal context and conservative OCS sense continuity; exact lexical evidence only, with no productive class inferred.
review:review:v03:37dee5d34a0d	english-wiktionary-ocs-kaikki-2026-08-07+ponomar-elizabeth-bible-2026-08-09	review:v03:37dee5d34a0d	ꙗзва	ꙗзва	noun	lexical-form	synodal:noun:wikt-37dee5d34a0d	ambiguous	reviewed-exact-form-without-paradigm-metadata	evidence-final	synodal:candidate:37dee5d34a0d0511bb10c0ce,synodal:candidate:f45629b051ce3aa85b57a313;Apoc.13.3;review:v03:37dee5d34a0d	Reviewer confirmed the source-partition Synodal context and conservative OCS sense continuity; exact lexical evidence only, with no productive class inferred.
review:review:v03:39042ae87523	english-wiktionary-ocs-kaikki-2026-08-07+ponomar-elizabeth-bible-2026-08-09	review:v03:39042ae87523	пещи	пещи	verb	lexical-form	rejected:review:v03:39042ae87523	out-of-scope	reviewed-rejection	not-applicable	synodal:candidate:39042ae8752367a95e290d0f,synodal:candidate:31a47b8abb6c36366b1641bd;Apoc.9.2;review:v03:39042ae87523	Rejected: surface belongs to multiple OCS lexeme paradigms; target identity must be resolved manually
review:review:v03:3966a05e1c74	english-wiktionary-ocs-kaikki-2026-08-07+ponomar-elizabeth-bible-2026-08-09	review:v03:3966a05e1c74	сѣсти	сѣсти	verb	lexical-form	synodal:verb:wikt-3966a05e1c74	ambiguous	reviewed-exact-form-without-paradigm-metadata	evidence-final	synodal:candidate:3966a05e1c745f1e80afdd7c,synodal:candidate:9c73d66b91b09ed9e04a411c;Apoc.3.21;review:v03:3966a05e1c74	Reviewer confirmed the source-partition Synodal context and conservative OCS sense continuity; exact lexical evidence only, with no productive class inferred.
review:review:v03:39a6ab0724c1	english-wiktionary-ocs-kaikki-2026-08-07+ponomar-elizabeth-bible-2026-08-09	review:v03:39a6ab0724c1	льстивъ	льстивъ	adjective	lexical-form	synodal:adjective:wikt-39a6ab0724c1	ambiguous	reviewed-exact-form-without-paradigm-metadata	evidence-final	synodal:candidate:39a6ab0724c1977bd2050cfa,synodal:candidate:cbd2e30c0566621eea93f0c9;Prov.12.17;review:v03:39a6ab0724c1	Reviewer confirmed the source-partition Synodal context and conservative OCS sense continuity; exact lexical evidence only, with no productive class inferred.
review:review:v03:39cd088071da	english-wiktionary-ocs-kaikki-2026-08-07+ponomar-elizabeth-bible-2026-08-09	review:v03:39cd088071da	кромѣ	кромѣ	preposition	indeclinable	synodal:preposition:wikt-39cd088071da	indeclinable	reviewed-exact-indeclinable	implemented	synodal:candidate:39cd088071dab45c53a7aa81,synodal:candidate:4c7dcc9b3e8a45b4e6aa5d84;Acts.8.1;review:v03:39cd088071da	Reviewer confirmed the source-partition Synodal context and conservative OCS sense continuity; exact lexical evidence only, with no productive class inferred.
review:review:v03:3a397c4979cb	english-wiktionary-ocs-kaikki-2026-08-07+ponomar-elizabeth-bible-2026-08-09	review:v03:3a397c4979cb	иго	иго	noun	lexical-form	synodal:noun:wikt-3a397c4979cb	ambiguous	reviewed-exact-form-without-paradigm-metadata	evidence-final	synodal:candidate:3a397c4979cbdf20896511b0,synodal:candidate:ab277f380ad3dce3b3467e42;Acts.15.10;review:v03:3a397c4979cb	Reviewer confirmed the source-partition Synodal context and conservative OCS sense continuity; exact lexical evidence only, with no productive class inferred.
review:review:v03:3b27d8de6bc6	english-wiktionary-ocs-kaikki-2026-08-07+ponomar-elizabeth-bible-2026-08-09	review:v03:3b27d8de6bc6	ставъ	ставъ	noun	lexical-form	synodal:noun:wikt-3b27d8de6bc6	ambiguous	reviewed-exact-form-without-paradigm-metadata	evidence-final	synodal:candidate:3b27d8de6bc6d1473b2f3b6a,synodal:candidate:519240a4285b229acef1e802;Acts.22.13;review:v03:3b27d8de6bc6	Reviewer confirmed the source-partition Synodal context and conservative OCS sense continuity; exact lexical evidence only, with no productive class inferred.
review:review:v03:3bed227ec28b	english-wiktionary-ocs-kaikki-2026-08-07+ponomar-elizabeth-bible-2026-08-09	review:v03:3bed227ec28b	завѣтъ	завѣтъ	noun	lexical-form	synodal:noun:wikt-3bed227ec28b	ambiguous	reviewed-exact-form-without-paradigm-metadata	evidence-final	synodal:candidate:3bed227ec28b558e4752dff1,synodal:candidate:6fb6d71189efb7f203a31459;Baruch.2.35;review:v03:3bed227ec28b	Reviewer confirmed the source-partition Synodal context and conservative OCS sense continuity; exact lexical evidence only, with no productive class inferred.
review:review:v03:3c0ac0c2e796	english-wiktionary-ocs-kaikki-2026-08-07+ponomar-elizabeth-bible-2026-08-09	review:v03:3c0ac0c2e796	тѣло	тѣло	noun	lexical-form	synodal:noun:wikt-3c0ac0c2e796	ambiguous	reviewed-exact-form-without-paradigm-metadata	evidence-final	synodal:candidate:3c0ac0c2e7963dc73d7d0718,synodal:candidate:f909a521b002e87e152c4992;Composite.8.70;review:v03:3c0ac0c2e796	Reviewer confirmed the source-partition Synodal context and conservative OCS sense continuity; exact lexical evidence only, with no productive class inferred.
review:review:v03:3c19155b1d57	english-wiktionary-ocs-kaikki-2026-08-07+ponomar-elizabeth-bible-2026-08-09	review:v03:3c19155b1d57	адъ	адъ	noun	lexical-form	synodal:noun:wikt-3c19155b1d57	ambiguous	reviewed-exact-form-without-paradigm-metadata	evidence-final	synodal:candidate:3c19155b1d57b81eb3b5d479,synodal:candidate:fcc71957bf1f701597cb0d7b;Apoc.6.8;review:v03:3c19155b1d57	Reviewer confirmed the source-partition Synodal context and conservative OCS sense continuity; exact lexical evidence only, with no productive class inferred.
review:review:v03:3c771d4eab2b	english-wiktionary-ocs-kaikki-2026-08-07+ponomar-elizabeth-bible-2026-08-09	review:v03:3c771d4eab2b	тьма	тьма	noun	lexical-form	synodal:noun:wikt-3c771d4eab2b	ambiguous	reviewed-exact-form-without-paradigm-metadata	evidence-final	synodal:candidate:3c771d4eab2b32a5cd4fe6b6,synodal:candidate:da148a98b5816dbd1a0bb399;Acts.13.11;review:v03:3c771d4eab2b	Reviewer confirmed the source-partition Synodal context and conservative OCS sense continuity; exact lexical evidence only, with no productive class inferred.
review:review:v03:3ca5f600ecca	english-wiktionary-ocs-kaikki-2026-08-07+ponomar-elizabeth-bible-2026-08-09	review:v03:3ca5f600ecca	ѡбратити	ѡбратити	verb	lexical-form	synodal:verb:wikt-3ca5f600ecca	ambiguous	reviewed-exact-form-without-paradigm-metadata	evidence-final	synodal:candidate:3ca5f600ecca5a9ec8f0b4da,synodal:candidate:f0419822a6bfc33b3b7a93e8;Ezek.38.12;review:v03:3ca5f600ecca	Reviewer confirmed the source-partition Synodal context and conservative OCS sense continuity; exact lexical evidence only, with no productive class inferred.
review:review:v03:3cdb1523336c	english-wiktionary-ocs-kaikki-2026-08-07+ponomar-elizabeth-bible-2026-08-09	review:v03:3cdb1523336c	лоза	лоза	noun	lexical-form	synodal:noun:wikt-3cdb1523336c	ambiguous	reviewed-exact-form-without-paradigm-metadata	evidence-final	synodal:candidate:3cdb1523336ca9ef754ea9db,synodal:candidate:a41d6d3bc507593d4368ded8;Ezek.15.6;review:v03:3cdb1523336c	Reviewer confirmed the source-partition Synodal context and conservative OCS sense continuity; exact lexical evidence only, with no productive class inferred.
review:review:v03:3d475c4cd159	english-wiktionary-ocs-kaikki-2026-08-07+ponomar-elizabeth-bible-2026-08-09	review:v03:3d475c4cd159	блюдъ	блюдъ	noun	lexical-form	rejected:review:v03:3d475c4cd159	out-of-scope	reviewed-rejection	not-applicable	synodal:candidate:3d475c4cd1594b62a7716975,synodal:candidate:1a1ff121b79ff24e5e81e839;Num.7.84;review:v03:3d475c4cd159	Rejected: surface belongs to multiple OCS lexeme paradigms; target identity must be resolved manually
review:review:v03:3d7bedbb0094	english-wiktionary-ocs-kaikki-2026-08-07+ponomar-elizabeth-bible-2026-08-09	review:v03:3d7bedbb0094	широта	широта	noun	lexical-form	synodal:noun:wikt-3d7bedbb0094	ambiguous	reviewed-exact-form-without-paradigm-metadata	evidence-final	synodal:candidate:3d7bedbb0094d70432ad45c7,synodal:candidate:1df8ec8368acecadede85051;Apoc.21.16;review:v03:3d7bedbb0094	Reviewer confirmed the source-partition Synodal context and conservative OCS sense continuity; exact lexical evidence only, with no productive class inferred.
review:review:v03:3dbe009ffb4a	english-wiktionary-ocs-kaikki-2026-08-07+ponomar-elizabeth-bible-2026-08-09	review:v03:3dbe009ffb4a	вратъ	вратъ	noun	lexical-form	rejected:review:v03:3dbe009ffb4a	out-of-scope	reviewed-rejection	not-applicable	synodal:candidate:3dbe009ffb4af93c7782f1f2,synodal:candidate:37846ffa7da93b1d25fb0996;Acts.9.24;review:v03:3dbe009ffb4a	Rejected: surface belongs to multiple OCS lexeme paradigms; target identity must be resolved manually
review:review:v03:3def1355a9a6	english-wiktionary-ocs-kaikki-2026-08-07+ponomar-elizabeth-bible-2026-08-09	review:v03:3def1355a9a6	вѣсть	вѣсть	noun	lexical-form	synodal:noun:wikt-3def1355a9a6	ambiguous	reviewed-exact-form-without-paradigm-metadata	evidence-final	synodal:candidate:3def1355a9a639bb3c170458,synodal:candidate:04488d43bfec44154c5ed3da;Acts.19.35;review:v03:3def1355a9a6	Reviewer confirmed the source-partition Synodal context and conservative OCS sense continuity; exact lexical evidence only, with no productive class inferred.
review:review:v03:3e5b70064769	english-wiktionary-ocs-kaikki-2026-08-07+ponomar-elizabeth-bible-2026-08-09	review:v03:3e5b70064769	соль	соль	noun	lexical-form	synodal:noun:wikt-3e5b70064769	ambiguous	reviewed-exact-form-without-paradigm-metadata	evidence-final	synodal:candidate:3e5b7006476967f69b4a27ee,synodal:candidate:20e0d56ec597b65193a85829;Deut.29.23;review:v03:3e5b70064769	Reviewer confirmed the source-partition Synodal context and conservative OCS sense continuity; exact lexical evidence only, with no productive class inferred.
review:review:v03:3ed58a49777e	english-wiktionary-ocs-kaikki-2026-08-07+ponomar-elizabeth-bible-2026-08-09	review:v03:3ed58a49777e	ѡ	ѡ	preposition	indeclinable	synodal:preposition:wikt-3ed58a49777e	indeclinable	reviewed-exact-indeclinable	implemented	synodal:candidate:3ed58a49777efc1aaa7043d1,synodal:candidate:c12b2d6555dcce5dff4e1477;Acts.2.25;review:v03:3ed58a49777e	Reviewer confirmed the source-partition Synodal context and conservative OCS sense continuity; exact lexical evidence only, with no productive class inferred.
review:review:v03:3ef2283960f6	english-wiktionary-ocs-kaikki-2026-08-07+ponomar-elizabeth-bible-2026-08-09	review:v03:3ef2283960f6	данъ	данъ	adjective	lexical-form	rejected:review:v03:3ef2283960f6	out-of-scope	reviewed-rejection	not-applicable	synodal:candidate:3ef2283960f6623cd8be53bb,synodal:candidate:814fd611a7300cb01bfe3595;Apoc.6.2;review:v03:3ef2283960f6	Rejected: surface belongs to multiple OCS lexeme paradigms; target identity must be resolved manually
review:review:v03:3f82957840cf	english-wiktionary-ocs-kaikki-2026-08-07+ponomar-elizabeth-bible-2026-08-09	review:v03:3f82957840cf	ложесна	ложесна	noun	lexical-form	synodal:noun:wikt-3f82957840cf	ambiguous	reviewed-exact-form-without-paradigm-metadata	evidence-final	synodal:candidate:3f82957840cf8bdb6ac22043,synodal:candidate:9386d732b82f00b08c3fbc64;Composite.6.7;review:v03:3f82957840cf	Reviewer confirmed the source-partition Synodal context and conservative OCS sense continuity; exact lexical evidence only, with no productive class inferred.
review:review:v03:3fc656e987c2	english-wiktionary-ocs-kaikki-2026-08-07+ponomar-elizabeth-bible-2026-08-09	review:v03:3fc656e987c2	ни	ни	conjunction	indeclinable	synodal:conjunction:wikt-3fc656e987c2	indeclinable	reviewed-exact-indeclinable	implemented	synodal:candidate:3fc656e987c28e5f2e0470c6,synodal:candidate:238ccbe441abd7f0858c0d7c;Acts.2.31;review:v03:3fc656e987c2	Reviewer confirmed the source-partition Synodal context and conservative OCS sense continuity; exact lexical evidence only, with no productive class inferred.
review:review:v03:3fed69aff872	english-wiktionary-ocs-kaikki-2026-08-07+ponomar-elizabeth-bible-2026-08-09	review:v03:3fed69aff872	хранилище	хранилище	noun	lexical-form	synodal:noun:wikt-3fed69aff872	ambiguous	reviewed-exact-form-without-paradigm-metadata	evidence-final	synodal:candidate:3fed69aff872ec435bfb85eb,synodal:candidate:ad7c2d112bbce7dbe7b4e33b;Apoc.18.2;review:v03:3fed69aff872	Reviewer confirmed the source-partition Synodal context and conservative OCS sense continuity; exact lexical evidence only, with no productive class inferred.
review:review:v03:4053f0ccdc76	english-wiktionary-ocs-kaikki-2026-08-07+ponomar-elizabeth-bible-2026-08-09	review:v03:4053f0ccdc76	строительство	строительство	noun	lexical-form	synodal:noun:wikt-4053f0ccdc76	ambiguous	reviewed-exact-form-without-paradigm-metadata	evidence-final	synodal:candidate:4053f0ccdc76efaae361525a,synodal:candidate:b2e008c8e48f21516ae394bc;Composite.4.7;review:v03:4053f0ccdc76	Reviewer confirmed the source-partition Synodal context and conservative OCS sense continuity; exact lexical evidence only, with no productive class inferred.
review:review:v03:4059a334d9ab	english-wiktionary-ocs-kaikki-2026-08-07+ponomar-elizabeth-bible-2026-08-09	review:v03:4059a334d9ab	прибѣжище	прибѣжище	noun	lexical-form	synodal:noun:wikt-4059a334d9ab	ambiguous	reviewed-exact-form-without-paradigm-metadata	evidence-final	synodal:candidate:4059a334d9aba3b11237d73d,synodal:candidate:afcd3d3ac1fdb5461fff50c0;Ex.17.15;review:v03:4059a334d9ab	Reviewer confirmed the source-partition Synodal context and conservative OCS sense continuity; exact lexical evidence only, with no productive class inferred.
review:review:v03:40d850d9d97a	english-wiktionary-ocs-kaikki-2026-08-07+ponomar-elizabeth-bible-2026-08-09	review:v03:40d850d9d97a	нѡздри	нѡздри	noun	lexical-form	synodal:noun:wikt-40d850d9d97a	ambiguous	reviewed-exact-form-without-paradigm-metadata	evidence-final	synodal:candidate:40d850d9d97ac1d0e3e3dcbc,synodal:candidate:1aab205a7b3e7308e0b47b64;Isa.37.29;review:v03:40d850d9d97a	Reviewer confirmed the source-partition Synodal context and conservative OCS sense continuity; exact lexical evidence only, with no productive class inferred.
review:review:v03:4110b1c667a8	english-wiktionary-ocs-kaikki-2026-08-07+ponomar-elizabeth-bible-2026-08-09	review:v03:4110b1c667a8	хранити	хранити	verb	lexical-form	synodal:verb:wikt-4110b1c667a8	ambiguous	reviewed-exact-form-without-paradigm-metadata	evidence-final	synodal:candidate:4110b1c667a8bbd95c712d85,synodal:candidate:6f298b1783c3b75da05bcbd7;Acts.16.4;review:v03:4110b1c667a8	Reviewer confirmed the source-partition Synodal context and conservative OCS sense continuity; exact lexical evidence only, with no productive class inferred.
review:review:v03:413197da6f31	english-wiktionary-ocs-kaikki-2026-08-07+ponomar-elizabeth-bible-2026-08-09	review:v03:413197da6f31	людъ	людъ	noun	lexical-form	synodal:noun:wikt-413197da6f31	ambiguous	reviewed-exact-form-without-paradigm-metadata	evidence-final	synodal:candidate:413197da6f316a6ac7b3eb78,synodal:candidate:e09e2b1ff3f780f97dae9b59;Deut.28.9;review:v03:413197da6f31	Reviewer confirmed the source-partition Synodal context and conservative OCS sense continuity; exact lexical evidence only, with no productive class inferred.
review:review:v03:4269288a7756	english-wiktionary-ocs-kaikki-2026-08-07+ponomar-elizabeth-bible-2026-08-09	review:v03:4269288a7756	нощь	нощь	noun	lexical-form	synodal:noun:wikt-4269288a7756	ambiguous	reviewed-exact-form-without-paradigm-metadata	evidence-final	synodal:candidate:4269288a775682e8cc69cbe1,synodal:candidate:37846ffa7da93b1d25fb0996;Acts.9.24;review:v03:4269288a7756	Reviewer confirmed the source-partition Synodal context and conservative OCS sense continuity; exact lexical evidence only, with no productive class inferred.
review:review:v03:427019173cd4	english-wiktionary-ocs-kaikki-2026-08-07+ponomar-elizabeth-bible-2026-08-09	review:v03:427019173cd4	бѣгати	бѣгати	verb	lexical-form	synodal:verb:wikt-427019173cd4	ambiguous	reviewed-exact-form-without-paradigm-metadata	evidence-final	synodal:candidate:427019173cd48be41f4c14b1,synodal:candidate:592fd55e515990e0da7c5517;II_Kings.19.3;review:v03:427019173cd4	Reviewer confirmed the source-partition Synodal context and conservative OCS sense continuity; exact lexical evidence only, with no productive class inferred.
review:review:v03:42c5d78bab14	english-wiktionary-ocs-kaikki-2026-08-07+ponomar-elizabeth-bible-2026-08-09	review:v03:42c5d78bab14	пѧть	пѧть	numeral	lexical-form	synodal:numeral:wikt-42c5d78bab14	ambiguous	reviewed-exact-form-without-paradigm-metadata	evidence-final	synodal:candidate:42c5d78bab14e1204982f6e7,synodal:candidate:69ee68e90a3ce71a8259d88e;Acts.4.4;review:v03:42c5d78bab14	Reviewer confirmed the source-partition Synodal context and conservative OCS sense continuity; exact lexical evidence only, with no productive class inferred.
review:review:v03:44581a9b2b3a	english-wiktionary-ocs-kaikki-2026-08-07+ponomar-elizabeth-bible-2026-08-09	review:v03:44581a9b2b3a	арѡматъ	арѡматъ	noun	lexical-form	synodal:noun:wikt-44581a9b2b3a	ambiguous	reviewed-exact-form-without-paradigm-metadata	evidence-final	synodal:candidate:44581a9b2b3a1b2dbfb7dceb,synodal:candidate:44fa4e9cfe09f28dffa0915e;I_Paral.9.30;review:v03:44581a9b2b3a	Reviewer confirmed the source-partition Synodal context and conservative OCS sense continuity; exact lexical evidence only, with no productive class inferred.
review:review:v03:44a4b1465e69	english-wiktionary-ocs-kaikki-2026-08-07+ponomar-elizabeth-bible-2026-08-09	review:v03:44a4b1465e69	исправити	исправити	verb	lexical-form	synodal:verb:wikt-44a4b1465e69	ambiguous	reviewed-exact-form-without-paradigm-metadata	evidence-final	synodal:candidate:44a4b1465e6957e6ca935be0,synodal:candidate:2cecebc710fecd3b99d319ab;Epistle.1.26;review:v03:44a4b1465e69	Reviewer confirmed the source-partition Synodal context and conservative OCS sense continuity; exact lexical evidence only, with no productive class inferred.
review:review:v03:46289cacfc02	english-wiktionary-ocs-kaikki-2026-08-07+ponomar-elizabeth-bible-2026-08-09	review:v03:46289cacfc02	вѡи	вѡи	noun	lexical-form	synodal:noun:wikt-46289cacfc02	ambiguous	reviewed-exact-form-without-paradigm-metadata	evidence-final	synodal:candidate:46289cacfc02ace32ed8279e,synodal:candidate:3e927de8906cd77f0b7c686a;Apoc.19.19;review:v03:46289cacfc02	Reviewer confirmed the source-partition Synodal context and conservative OCS sense continuity; exact lexical evidence only, with no productive class inferred.
review:review:v03:46b15460d077	english-wiktionary-ocs-kaikki-2026-08-07+ponomar-elizabeth-bible-2026-08-09	review:v03:46b15460d077	похоть	похоть	noun	lexical-form	synodal:noun:wikt-46b15460d077	ambiguous	reviewed-exact-form-without-paradigm-metadata	evidence-final	synodal:candidate:46b15460d077337dff96c1ba,synodal:candidate:01cf15dfbbd0cd250ea67f72;Col.3.5;review:v03:46b15460d077	Reviewer confirmed the source-partition Synodal context and conservative OCS sense continuity; exact lexical evidence only, with no productive class inferred.
review:review:v03:4712a304cc74	english-wiktionary-ocs-kaikki-2026-08-07+ponomar-elizabeth-bible-2026-08-09	review:v03:4712a304cc74	мракъ	мракъ	noun	lexical-form	synodal:noun:wikt-4712a304cc74	ambiguous	reviewed-exact-form-without-paradigm-metadata	evidence-final	synodal:candidate:4712a304cc74d395d48fe1ac,synodal:candidate:da148a98b5816dbd1a0bb399;Acts.13.11;review:v03:4712a304cc74	Reviewer confirmed the source-partition Synodal context and conservative OCS sense continuity; exact lexical evidence only, with no productive class inferred.
review:review:v03:474b39de7e9e	english-wiktionary-ocs-kaikki-2026-08-07+ponomar-elizabeth-bible-2026-08-09	review:v03:474b39de7e9e	правъ	правъ	adjective	lexical-form	synodal:adjective:wikt-474b39de7e9e	ambiguous	reviewed-exact-form-without-paradigm-metadata	evidence-final	synodal:candidate:474b39de7e9ec91e19e57ea0,synodal:candidate:6379db3a1629c9d480160c2e;Acts.14.10;review:v03:474b39de7e9e	Reviewer confirmed the source-partition Synodal context and conservative OCS sense continuity; exact lexical evidence only, with no productive class inferred.
review:review:v03:47fa23a7ed6b	english-wiktionary-ocs-kaikki-2026-08-07+ponomar-elizabeth-bible-2026-08-09	review:v03:47fa23a7ed6b	ꙗкѡ	ꙗкѡ	conjunction	indeclinable	synodal:conjunction:wikt-47fa23a7ed6b	indeclinable	reviewed-exact-indeclinable	implemented	synodal:candidate:47fa23a7ed6be05442a2fd88,synodal:candidate:2ea4e8c66b548f40594ee241;Acts.1.5;review:v03:47fa23a7ed6b	Reviewer confirmed the source-partition Synodal context and conservative OCS sense continuity; exact lexical evidence only, with no productive class inferred.
review:review:v03:484ded0194e3	english-wiktionary-ocs-kaikki-2026-08-07+ponomar-elizabeth-bible-2026-08-09	review:v03:484ded0194e3	богатъ	богатъ	adjective	lexical-form	synodal:adjective:wikt-484ded0194e3	ambiguous	reviewed-exact-form-without-paradigm-metadata	evidence-final	synodal:candidate:484ded0194e3fa6afbe03b18,synodal:candidate:db18812f43b4fad5d58b910e;Apoc.2.9;review:v03:484ded0194e3	Reviewer confirmed the source-partition Synodal context and conservative OCS sense continuity; exact lexical evidence only, with no productive class inferred.
review:review:v03:4862208ad399	english-wiktionary-ocs-kaikki-2026-08-07+ponomar-elizabeth-bible-2026-08-09	review:v03:4862208ad399	притворъ	притворъ	noun	lexical-form	synodal:noun:wikt-4862208ad399	ambiguous	reviewed-exact-form-without-paradigm-metadata	evidence-final	synodal:candidate:4862208ad399dd8244add4be,synodal:candidate:9e7059905f3abc79aa301a6a;Acts.3.11;review:v03:4862208ad399	Reviewer confirmed the source-partition Synodal context and conservative OCS sense continuity; exact lexical evidence only, with no productive class inferred.
review:review:v03:4932bb00ee4a	english-wiktionary-ocs-kaikki-2026-08-07+ponomar-elizabeth-bible-2026-08-09	review:v03:4932bb00ee4a	пира	пира	noun	lexical-form	rejected:review:v03:4932bb00ee4a	out-of-scope	reviewed-rejection	not-applicable	synodal:candidate:4932bb00ee4aa1684a73c4b9,synodal:candidate:1246990adae6e6c1c2f361b6;Esther.1.5;review:v03:4932bb00ee4a	Rejected: surface belongs to multiple OCS lexeme paradigms; target identity must be resolved manually
review:review:v03:4994eaa7f539	english-wiktionary-ocs-kaikki-2026-08-07+ponomar-elizabeth-bible-2026-08-09	review:v03:4994eaa7f539	крѣпость	крѣпость	noun	lexical-form	synodal:noun:wikt-4994eaa7f539	ambiguous	reviewed-exact-form-without-paradigm-metadata	evidence-final	synodal:candidate:4994eaa7f5393fcd12c2e517,synodal:candidate:51a4a324c90fa100d703f07b;Amos.5.9;review:v03:4994eaa7f539	Reviewer confirmed the source-partition Synodal context and conservative OCS sense continuity; exact lexical evidence only, with no productive class inferred.
review:review:v03:49acf1cda8a5	english-wiktionary-ocs-kaikki-2026-08-07+ponomar-elizabeth-bible-2026-08-09	review:v03:49acf1cda8a5	каженикъ	каженикъ	noun	lexical-form	synodal:noun:wikt-49acf1cda8a5	ambiguous	reviewed-exact-form-without-paradigm-metadata	evidence-final	synodal:candidate:49acf1cda8a567df18bae5b5,synodal:candidate:e407e14fd98a67cd20108e55;Acts.8.34;review:v03:49acf1cda8a5	Reviewer confirmed the source-partition Synodal context and conservative OCS sense continuity; exact lexical evidence only, with no productive class inferred.
review:review:v03:49b7c283f575	english-wiktionary-ocs-kaikki-2026-08-07+ponomar-elizabeth-bible-2026-08-09	review:v03:49b7c283f575	ликъ	ликъ	noun	lexical-form	synodal:noun:wikt-49b7c283f575	ambiguous	reviewed-exact-form-without-paradigm-metadata	evidence-final	synodal:candidate:49b7c283f575eef001c625e3,synodal:candidate:d44fc2d704cfe2ef06540773;III_Macc.6.32;review:v03:49b7c283f575	Reviewer confirmed the source-partition Synodal context and conservative OCS sense continuity; exact lexical evidence only, with no productive class inferred.
review:review:v03:4a310e2fb5be	english-wiktionary-ocs-kaikki-2026-08-07+ponomar-elizabeth-bible-2026-08-09	review:v03:4a310e2fb5be	гладъ	гладъ	noun	lexical-form	synodal:noun:wikt-4a310e2fb5be	ambiguous	reviewed-exact-form-without-paradigm-metadata	evidence-final	synodal:candidate:4a310e2fb5befea35befa4f0,synodal:candidate:f30ff0f8ee5b5953d2fdc4ad;Acts.11.28;review:v03:4a310e2fb5be	Reviewer confirmed the source-partition Synodal context and conservative OCS sense continuity; exact lexical evidence only, with no productive class inferred.
review:review:v03:4ae674490a32	english-wiktionary-ocs-kaikki-2026-08-07+ponomar-elizabeth-bible-2026-08-09	review:v03:4ae674490a32	гнои	гнои	noun	lexical-form	synodal:noun:wikt-4ae674490a32	ambiguous	reviewed-exact-form-without-paradigm-metadata	evidence-final	synodal:candidate:4ae674490a322a49fa33f7e0,synodal:candidate:56ef8dc84172f2269ef9aa09;Job.2.9;review:v03:4ae674490a32	Reviewer confirmed the source-partition Synodal context and conservative OCS sense continuity; exact lexical evidence only, with no productive class inferred.
review:review:v03:4b110ac5f2b3	english-wiktionary-ocs-kaikki-2026-08-07+ponomar-elizabeth-bible-2026-08-09	review:v03:4b110ac5f2b3	врата	врата	noun	lexical-form	rejected:review:v03:4b110ac5f2b3	out-of-scope	reviewed-rejection	not-applicable	synodal:candidate:4b110ac5f2b338499089258b,synodal:candidate:b8fb8aeb1512220052e314a7;Acts.14.13;review:v03:4b110ac5f2b3	Rejected: surface belongs to multiple OCS lexeme paradigms; target identity must be resolved manually
review:review:v03:4b75495729a3	english-wiktionary-ocs-kaikki-2026-08-07+ponomar-elizabeth-bible-2026-08-09	review:v03:4b75495729a3	длань	длань	noun	lexical-form	synodal:noun:wikt-4b75495729a3	ambiguous	reviewed-exact-form-without-paradigm-metadata	evidence-final	synodal:candidate:4b75495729a33e2a6cd2006a,synodal:candidate:a505dfc1085291523e91258a;III_Kings.7.26;review:v03:4b75495729a3	Reviewer confirmed the source-partition Synodal context and conservative OCS sense continuity; exact lexical evidence only, with no productive class inferred.
review:review:v03:4beadd43eb79	english-wiktionary-ocs-kaikki-2026-08-07+ponomar-elizabeth-bible-2026-08-09	review:v03:4beadd43eb79	да	да	conjunction	indeclinable	synodal:conjunction:wikt-4beadd43eb79	indeclinable	reviewed-exact-indeclinable	implemented	synodal:candidate:4beadd43eb79623d9fe294fe,synodal:candidate:9e509590cb5359ebe73937ea;Acts.1.20;review:v03:4beadd43eb79	Reviewer confirmed the source-partition Synodal context and conservative OCS sense continuity; exact lexical evidence only, with no productive class inferred.
review:review:v03:4cb1c846ffc4	english-wiktionary-ocs-kaikki-2026-08-07+ponomar-elizabeth-bible-2026-08-09	review:v03:4cb1c846ffc4	годъ	годъ	noun	lexical-form	synodal:noun:wikt-4cb1c846ffc4	ambiguous	reviewed-exact-form-without-paradigm-metadata	evidence-final	synodal:candidate:4cb1c846ffc4e1a51c5badc1,synodal:candidate:01f8391a3260eb4051fe0239;II_Paral.8.13;review:v03:4cb1c846ffc4	Reviewer confirmed the source-partition Synodal context and conservative OCS sense continuity; exact lexical evidence only, with no productive class inferred.
review:review:v03:4d387300eb68	english-wiktionary-ocs-kaikki-2026-08-07+ponomar-elizabeth-bible-2026-08-09	review:v03:4d387300eb68	солило	солило	noun	lexical-form	synodal:noun:wikt-4d387300eb68	ambiguous	reviewed-exact-form-without-paradigm-metadata	evidence-final	synodal:candidate:4d387300eb68d78f1312da90,synodal:candidate:aef3c8083bc5531ced57119b;Mk.14.20;review:v03:4d387300eb68	Reviewer confirmed the source-partition Synodal context and conservative OCS sense continuity; exact lexical evidence only, with no productive class inferred.
review:review:v03:4db2455c1f3f	english-wiktionary-ocs-kaikki-2026-08-07+ponomar-elizabeth-bible-2026-08-09	review:v03:4db2455c1f3f	вождь	вождь	noun	lexical-form	rejected:review:v03:4db2455c1f3f	out-of-scope	reviewed-rejection	not-applicable	synodal:candidate:4db2455c1f3f6057d3dd898b,synodal:candidate:0c9adfaddda202aff10f07ef;Gen.49.10;review:v03:4db2455c1f3f	Rejected: surface belongs to multiple OCS lexeme paradigms; target identity must be resolved manually
review:review:v03:4ddd824b8609	english-wiktionary-ocs-kaikki-2026-08-07+ponomar-elizabeth-bible-2026-08-09	review:v03:4ddd824b8609	показати	показати	verb	lexical-form	synodal:verb:wikt-4ddd824b8609	ambiguous	reviewed-exact-form-without-paradigm-metadata	evidence-final	synodal:candidate:4ddd824b8609843a255a4b40,synodal:candidate:28247a495d87519655701daf;Apoc.1.1;review:v03:4ddd824b8609	Reviewer confirmed the source-partition Synodal context and conservative OCS sense continuity; exact lexical evidence only, with no productive class inferred.
review:review:v03:4f4b6240f36e	english-wiktionary-ocs-kaikki-2026-08-07+ponomar-elizabeth-bible-2026-08-09	review:v03:4f4b6240f36e	горѣ	горѣ	adverb	indeclinable	synodal:adverb:wikt-4f4b6240f36e	indeclinable	reviewed-exact-indeclinable	implemented	synodal:candidate:4f4b6240f36ec1dfc329ee4f,synodal:candidate:3bd3bd21ae25c5192e60f509;Acts.2.19;review:v03:4f4b6240f36e	Reviewer confirmed the source-partition Synodal context and conservative OCS sense continuity; exact lexical evidence only, with no productive class inferred.
review:review:v03:4f7bc7946643	english-wiktionary-ocs-kaikki-2026-08-07+ponomar-elizabeth-bible-2026-08-09	review:v03:4f7bc7946643	младъ	младъ	adjective	lexical-form	synodal:adjective:wikt-4f7bc7946643	ambiguous	reviewed-exact-form-without-paradigm-metadata	evidence-final	synodal:candidate:4f7bc7946643beb44bbe1168,synodal:candidate:6590d5ab8fd22b35f6b9fc86;Gal.4.1;review:v03:4f7bc7946643	Reviewer confirmed the source-partition Synodal context and conservative OCS sense continuity; exact lexical evidence only, with no productive class inferred.
review:review:v03:5067104cbfea	english-wiktionary-ocs-kaikki-2026-08-07+ponomar-elizabeth-bible-2026-08-09	review:v03:5067104cbfea	побити	побити	verb	lexical-form	synodal:verb:wikt-5067104cbfea	ambiguous	reviewed-exact-form-without-paradigm-metadata	evidence-final	synodal:candidate:5067104cbfeaead1f73c2bca,synodal:candidate:280da275659ed23c5debda14;Acts.14.5;review:v03:5067104cbfea	Reviewer confirmed the source-partition Synodal context and conservative OCS sense continuity; exact lexical evidence only, with no productive class inferred.
review:review:v03:512a2b47758d	english-wiktionary-ocs-kaikki-2026-08-07+ponomar-elizabeth-bible-2026-08-09	review:v03:512a2b47758d	колѣно	колѣно	noun	lexical-form	synodal:noun:wikt-512a2b47758d	ambiguous	reviewed-exact-form-without-paradigm-metadata	evidence-final	synodal:candidate:512a2b47758d7ff6c841048e,synodal:candidate:44fdb1f540d252e4dfe0ddbb;IV_Kings.17.18;review:v03:512a2b47758d	Reviewer confirmed the source-partition Synodal context and conservative OCS sense continuity; exact lexical evidence only, with no productive class inferred.
review:review:v03:53bd0a6941e5	english-wiktionary-ocs-kaikki-2026-08-07+ponomar-elizabeth-bible-2026-08-09	review:v03:53bd0a6941e5	легеѡнъ	легеѡнъ	noun	lexical-form	synodal:noun:wikt-53bd0a6941e5	ambiguous	reviewed-exact-form-without-paradigm-metadata	evidence-final	synodal:candidate:53bd0a6941e5390a5af4a523,synodal:candidate:e9280a5513caaa404f03870d;Lk.8.30;review:v03:53bd0a6941e5	Reviewer confirmed the source-partition Synodal context and conservative OCS sense continuity; exact lexical evidence only, with no productive class inferred.
review:review:v03:53f0aace1342	english-wiktionary-ocs-kaikki-2026-08-07+ponomar-elizabeth-bible-2026-08-09	review:v03:53f0aace1342	сѣнь	сѣнь	noun	lexical-form	synodal:noun:wikt-53f0aace1342	ambiguous	reviewed-exact-form-without-paradigm-metadata	evidence-final	synodal:candidate:53f0aace1342a6a812364ac0,synodal:candidate:8e86723ce25259e0c81acd36;Acts.5.15;review:v03:53f0aace1342	Reviewer confirmed the source-partition Synodal context and conservative OCS sense continuity; exact lexical evidence only, with no productive class inferred.
review:review:v03:54184498f8d6	english-wiktionary-ocs-kaikki-2026-08-07+ponomar-elizabeth-bible-2026-08-09	review:v03:54184498f8d6	разорити	разорити	verb	lexical-form	synodal:verb:wikt-54184498f8d6	ambiguous	reviewed-exact-form-without-paradigm-metadata	evidence-final	synodal:candidate:54184498f8d6a7ddbccfb4f6,synodal:candidate:726b67c0da89b0a447cc2c7d;Acts.5.39;review:v03:54184498f8d6	Reviewer confirmed the source-partition Synodal context and conservative OCS sense continuity; exact lexical evidence only, with no productive class inferred.
review:review:v03:5429d2b94873	english-wiktionary-ocs-kaikki-2026-08-07+ponomar-elizabeth-bible-2026-08-09	review:v03:5429d2b94873	изгнати	изгнати	verb	lexical-form	synodal:verb:wikt-5429d2b94873	ambiguous	reviewed-exact-form-without-paradigm-metadata	evidence-final	synodal:candidate:5429d2b94873b5c94647ee27,synodal:candidate:0549cfc749f138589c990460;II_Esdra.8.90;review:v03:5429d2b94873	Reviewer confirmed the source-partition Synodal context and conservative OCS sense continuity; exact lexical evidence only, with no productive class inferred.
review:review:v03:5471d4207f64	english-wiktionary-ocs-kaikki-2026-08-07+ponomar-elizabeth-bible-2026-08-09	review:v03:5471d4207f64	ꙗкѡ	ꙗкѡ	adverb	indeclinable	rejected:review:v03:5471d4207f64	out-of-scope	reviewed-rejection	not-applicable	synodal:candidate:5471d4207f6490854e1f5d0c,synodal:candidate:2ea4e8c66b548f40594ee241;Acts.1.5;review:v03:5471d4207f64	Corrective contextual review found Acts.1.5 and the held-out Acts.1.16 use ꙗкѡ as a conjunction meaning for or because, not the adverb how.
review:review:v03:54edb72ddb01	english-wiktionary-ocs-kaikki-2026-08-07+ponomar-elizabeth-bible-2026-08-09	review:v03:54edb72ddb01	вѡинъ	вѡинъ	noun	lexical-form	rejected:review:v03:54edb72ddb01	out-of-scope	reviewed-rejection	not-applicable	synodal:candidate:54edb72ddb014ddabfb8a702,synodal:candidate:69ab8e6e598a35fa98234fc8;Acts.21.35;review:v03:54edb72ddb01	Rejected: surface belongs to multiple OCS lexeme paradigms; target identity must be resolved manually
review:review:v03:551a03f1df94	english-wiktionary-ocs-kaikki-2026-08-07+ponomar-elizabeth-bible-2026-08-09	review:v03:551a03f1df94	имѧ	имѧ	noun	lexical-form	synodal:noun:wikt-551a03f1df94	ambiguous	reviewed-exact-form-without-paradigm-metadata	evidence-final	synodal:candidate:551a03f1df944f63f0734a32,synodal:candidate:7b0b21ffbc9dfe11c4160ed2;Acts.2.21;review:v03:551a03f1df94	Reviewer confirmed the source-partition Synodal context and conservative OCS sense continuity; exact lexical evidence only, with no productive class inferred.
review:review:v03:57276eea35a2	english-wiktionary-ocs-kaikki-2026-08-07+ponomar-elizabeth-bible-2026-08-09	review:v03:57276eea35a2	каїнъ	каїнъ	proper-noun	lexical-form	synodal:proper-noun:wikt-57276eea35a2	ambiguous	reviewed-exact-form-without-paradigm-metadata	evidence-final	synodal:candidate:57276eea35a2244082b3796b,synodal:candidate:7fb01b3140083300828bbb16;Gen.4.2;review:v03:57276eea35a2	Reviewer confirmed the source-partition Synodal context and conservative OCS sense continuity; exact lexical evidence only, with no productive class inferred.
review:review:v03:576d5db53af7	english-wiktionary-ocs-kaikki-2026-08-07+ponomar-elizabeth-bible-2026-08-09	review:v03:576d5db53af7	ѡнъ	ѡнъ	pronoun	lexical-form	rejected:review:v03:576d5db53af7	out-of-scope	reviewed-rejection	not-applicable	synodal:candidate:576d5db53af73d640cb82fec,synodal:candidate:c34d0fc3b208664e15d92247;Composite.6.1;review:v03:576d5db53af7	Rejected: surface belongs to multiple OCS lexeme paradigms; target identity must be resolved manually
review:review:v03:577896b0cbc6	english-wiktionary-ocs-kaikki-2026-08-07+ponomar-elizabeth-bible-2026-08-09	review:v03:577896b0cbc6	и	и	conjunction	indeclinable	synodal:conjunction:wikt-577896b0cbc6	indeclinable	reviewed-exact-indeclinable	implemented	synodal:candidate:577896b0cbc63a489863a123,synodal:candidate:f1fd5cb7e8bc638b308a2a0d;Acts.1.4;review:v03:577896b0cbc6	Reviewer confirmed the source-partition Synodal context and conservative OCS sense continuity; exact lexical evidence only, with no productive class inferred.
review:review:v03:586163254439	english-wiktionary-ocs-kaikki-2026-08-07+ponomar-elizabeth-bible-2026-08-09	review:v03:586163254439	полъ	полъ	noun	lexical-form	synodal:noun:wikt-586163254439	ambiguous	reviewed-exact-form-without-paradigm-metadata	evidence-final	synodal:candidate:586163254439a5f3ddf85ba3,synodal:candidate:a2a6b662d295e7913443c071;Apoc.8.1;review:v03:586163254439	Reviewer confirmed the source-partition Synodal context and conservative OCS sense continuity; exact lexical evidence only, with no productive class inferred.
review:review:v03:5889f47b19aa	english-wiktionary-ocs-kaikki-2026-08-07+ponomar-elizabeth-bible-2026-08-09	review:v03:5889f47b19aa	хвала	хвала	noun	lexical-form	synodal:noun:wikt-5889f47b19aa	ambiguous	reviewed-exact-form-without-paradigm-metadata	evidence-final	synodal:candidate:5889f47b19aa64c9727fb86d,synodal:candidate:c20c7d01222546eca45deb49;Apoc.7.12;review:v03:5889f47b19aa	Reviewer confirmed the source-partition Synodal context and conservative OCS sense continuity; exact lexical evidence only, with no productive class inferred.
review:review:v03:58a4f8eb4197	english-wiktionary-ocs-kaikki-2026-08-07+ponomar-elizabeth-bible-2026-08-09	review:v03:58a4f8eb4197	шесть	шесть	numeral	lexical-form	synodal:numeral:wikt-58a4f8eb4197	ambiguous	reviewed-exact-form-without-paradigm-metadata	evidence-final	synodal:candidate:58a4f8eb41978072e87965ce,synodal:candidate:d09483d22b603f8e33d0e85f;Acts.11.12;review:v03:58a4f8eb4197	Reviewer confirmed the source-partition Synodal context and conservative OCS sense continuity; exact lexical evidence only, with no productive class inferred.
review:review:v03:58ac9524c3f5	english-wiktionary-ocs-kaikki-2026-08-07+ponomar-elizabeth-bible-2026-08-09	review:v03:58ac9524c3f5	подвигъ	подвигъ	noun	lexical-form	rejected:review:v03:58ac9524c3f5	out-of-scope	reviewed-rejection	not-applicable	synodal:candidate:58ac9524c3f57ec19a850f72,synodal:candidate:a734f70e1e9c7128de4ab122;Col.2.1;review:v03:58ac9524c3f5	Rejected: surface belongs to multiple OCS lexeme paradigms; target identity must be resolved manually
review:review:v03:598268a54855	english-wiktionary-ocs-kaikki-2026-08-07+ponomar-elizabeth-bible-2026-08-09	review:v03:598268a54855	храмина	храмина	noun	lexical-form	synodal:noun:wikt-598268a54855	ambiguous	reviewed-exact-form-without-paradigm-metadata	evidence-final	synodal:candidate:598268a5485551450d56f1a2,synodal:candidate:60e5906c25c79e79f3106119;Acts.18.7;review:v03:598268a54855	Reviewer confirmed the source-partition Synodal context and conservative OCS sense continuity; exact lexical evidence only, with no productive class inferred.
review:review:v03:59a9e8945fdf	english-wiktionary-ocs-kaikki-2026-08-07+ponomar-elizabeth-bible-2026-08-09	review:v03:59a9e8945fdf	позоръ	позоръ	noun	lexical-form	synodal:noun:wikt-59a9e8945fdf	ambiguous	reviewed-exact-form-without-paradigm-metadata	evidence-final	synodal:candidate:59a9e8945fdf10846f906324,synodal:candidate:bb7295f7185c5158403c26ab;Acts.19.31;review:v03:59a9e8945fdf	Reviewer confirmed the source-partition Synodal context and conservative OCS sense continuity; exact lexical evidence only, with no productive class inferred.
review:review:v03:59c9bd064d66	english-wiktionary-ocs-kaikki-2026-08-07+ponomar-elizabeth-bible-2026-08-09	review:v03:59c9bd064d66	громъ	громъ	noun	lexical-form	synodal:noun:wikt-59c9bd064d66	ambiguous	reviewed-exact-form-without-paradigm-metadata	evidence-final	synodal:candidate:59c9bd064d66bd092944988c,synodal:candidate:6b1d0107dfbe9bf71c32cdf9;Amos.4.13;review:v03:59c9bd064d66	Reviewer confirmed the source-partition Synodal context and conservative OCS sense continuity; exact lexical evidence only, with no productive class inferred.
review:review:v03:5a6f4b289d88	english-wiktionary-ocs-kaikki-2026-08-07+ponomar-elizabeth-bible-2026-08-09	review:v03:5a6f4b289d88	пѧти	пѧти	verb	lexical-form	rejected:review:v03:5a6f4b289d88	out-of-scope	reviewed-rejection	not-applicable	synodal:candidate:5a6f4b289d8892302f759e47,synodal:candidate:30c9dc3b3343a6e57d2eea16;Deut.10.22;review:v03:5a6f4b289d88	Rejected: surface belongs to multiple OCS lexeme paradigms; target identity must be resolved manually
review:review:v03:5c652bfd3f26	english-wiktionary-ocs-kaikki-2026-08-07+ponomar-elizabeth-bible-2026-08-09	review:v03:5c652bfd3f26	господинъ	господинъ	noun	lexical-form	synodal:noun:wikt-5c652bfd3f26	ambiguous	reviewed-exact-form-without-paradigm-metadata	evidence-final	synodal:candidate:5c652bfd3f265d83078fa538,synodal:candidate:2a4826d028cb8047c00eb05a;Composite.1.6;review:v03:5c652bfd3f26	Reviewer confirmed the source-partition Synodal context and conservative OCS sense continuity; exact lexical evidence only, with no productive class inferred.
review:review:v03:5cc903a5e412	english-wiktionary-ocs-kaikki-2026-08-07+ponomar-elizabeth-bible-2026-08-09	review:v03:5cc903a5e412	ꙗрость	ꙗрость	noun	lexical-form	synodal:noun:wikt-5cc903a5e412	ambiguous	reviewed-exact-form-without-paradigm-metadata	evidence-final	synodal:candidate:5cc903a5e412ac33cede329e,synodal:candidate:e5c894c4ab73b5fbfcfb30db;Apoc.12.12;review:v03:5cc903a5e412	Reviewer confirmed the source-partition Synodal context and conservative OCS sense continuity; exact lexical evidence only, with no productive class inferred.
review:review:v03:5d565b0c75bf	english-wiktionary-ocs-kaikki-2026-08-07+ponomar-elizabeth-bible-2026-08-09	review:v03:5d565b0c75bf	зане	зане	conjunction	indeclinable	synodal:conjunction:wikt-5d565b0c75bf	indeclinable	reviewed-exact-indeclinable	implemented	synodal:candidate:5d565b0c75bf6e4bedb8d73e,synodal:candidate:33f3d39b3f6ca4ec915625c1;Acts.8.11;review:v03:5d565b0c75bf	Reviewer confirmed the source-partition Synodal context and conservative OCS sense continuity; exact lexical evidence only, with no productive class inferred.
review:review:v03:5db6c354e674	english-wiktionary-ocs-kaikki-2026-08-07+ponomar-elizabeth-bible-2026-08-09	review:v03:5db6c354e674	бѣсте	бѣсте	verb	lexical-form	synodal:verb:wikt-5db6c354e674	ambiguous	reviewed-exact-form-without-paradigm-metadata	evidence-final	synodal:candidate:5db6c354e674deb4e854d2bc,synodal:candidate:f868c8efb2707237f03dc0e5;Deut.10.19;review:v03:5db6c354e674	Reviewer confirmed the source-partition Synodal context and conservative OCS sense continuity; exact lexical evidence only, with no productive class inferred.
review:review:v03:5e21584fb1a0	english-wiktionary-ocs-kaikki-2026-08-07+ponomar-elizabeth-bible-2026-08-09	review:v03:5e21584fb1a0	исто	исто	noun	lexical-form	rejected:review:v03:5e21584fb1a0	out-of-scope	reviewed-rejection	not-applicable	synodal:candidate:5e21584fb1a05777b2b99afe,synodal:candidate:ba877bd75f4aa19c2fc056a7;Lev.13.51;review:v03:5e21584fb1a0	Rejected: surface belongs to multiple OCS lexeme paradigms; target identity must be resolved manually
review:review:v03:5e7decaf3d4a	english-wiktionary-ocs-kaikki-2026-08-07+ponomar-elizabeth-bible-2026-08-09	review:v03:5e7decaf3d4a	стадо	стадо	noun	lexical-form	synodal:noun:wikt-5e7decaf3d4a	ambiguous	reviewed-exact-form-without-paradigm-metadata	evidence-final	synodal:candidate:5e7decaf3d4af5be4952a766,synodal:candidate:d036bfd4a1488a15323b62dd;Baruch.4.26;review:v03:5e7decaf3d4a	Reviewer confirmed the source-partition Synodal context and conservative OCS sense continuity; exact lexical evidence only, with no productive class inferred.
review:review:v03:5e9e5de35a0c	english-wiktionary-ocs-kaikki-2026-08-07+ponomar-elizabeth-bible-2026-08-09	review:v03:5e9e5de35a0c	приносъ	приносъ	noun	lexical-form	synodal:noun:wikt-5e9e5de35a0c	ambiguous	reviewed-exact-form-without-paradigm-metadata	evidence-final	synodal:candidate:5e9e5de35a0cb37ff7c4ffec,synodal:candidate:e0cf7907f3d26985cea80b28;Lev.2.16;review:v03:5e9e5de35a0c	Reviewer confirmed the source-partition Synodal context and conservative OCS sense continuity; exact lexical evidence only, with no productive class inferred.
review:review:v03:5eebfb0d4930	english-wiktionary-ocs-kaikki-2026-08-07+ponomar-elizabeth-bible-2026-08-09	review:v03:5eebfb0d4930	колъ	колъ	noun	lexical-form	rejected:review:v03:5eebfb0d4930	out-of-scope	reviewed-rejection	not-applicable	synodal:candidate:5eebfb0d4930cd0f61576aab,synodal:candidate:8d9e0afaca8b26cad5b68d8d;Ezek.15.3;review:v03:5eebfb0d4930	Rejected: surface belongs to multiple OCS lexeme paradigms; target identity must be resolved manually
review:review:v03:5fc330427f69	english-wiktionary-ocs-kaikki-2026-08-07+ponomar-elizabeth-bible-2026-08-09	review:v03:5fc330427f69	напасть	напасть	noun	lexical-form	synodal:noun:wikt-5fc330427f69	ambiguous	reviewed-exact-form-without-paradigm-metadata	evidence-final	synodal:candidate:5fc330427f699b339039dd30,synodal:candidate:c6b67dff5329c55974051cc1;Lk.22.40;review:v03:5fc330427f69	Reviewer confirmed the source-partition Synodal context and conservative OCS sense continuity; exact lexical evidence only, with no productive class inferred.
review:review:v03:61a99171906f	english-wiktionary-ocs-kaikki-2026-08-07+ponomar-elizabeth-bible-2026-08-09	review:v03:61a99171906f	творити	творити	verb	lexical-form	synodal:verb:wikt-61a99171906f	ambiguous	reviewed-exact-form-without-paradigm-metadata	evidence-final	synodal:candidate:61a99171906ff4e0b51d5ab2,synodal:candidate:5ffa97726ec892b9a5edc330;Acts.9.6;review:v03:61a99171906f	Reviewer confirmed the source-partition Synodal context and conservative OCS sense continuity; exact lexical evidence only, with no productive class inferred.
review:review:v03:623810a5090c	english-wiktionary-ocs-kaikki-2026-08-07+ponomar-elizabeth-bible-2026-08-09	review:v03:623810a5090c	власть	власть	noun	lexical-form	synodal:noun:wikt-623810a5090c	ambiguous	reviewed-exact-form-without-paradigm-metadata	evidence-final	synodal:candidate:623810a5090c7a66bc500863,synodal:candidate:9e1b9389e938973dd4ad2716;Acts.8.19;review:v03:623810a5090c	Reviewer confirmed the source-partition Synodal context and conservative OCS sense continuity; exact lexical evidence only, with no productive class inferred.
review:review:v03:624046c11275	english-wiktionary-ocs-kaikki-2026-08-07+ponomar-elizabeth-bible-2026-08-09	review:v03:624046c11275	ѡрати	ѡрати	verb	lexical-form	synodal:verb:wikt-624046c11275	ambiguous	reviewed-exact-form-without-paradigm-metadata	evidence-final	synodal:candidate:624046c112750e9f63c29c3c,synodal:candidate:a864ad108c8acf43034c3409;I_Cor.9.10;review:v03:624046c11275	Reviewer confirmed the source-partition Synodal context and conservative OCS sense continuity; exact lexical evidence only, with no productive class inferred.
review:review:v03:628b06c0979e	english-wiktionary-ocs-kaikki-2026-08-07+ponomar-elizabeth-bible-2026-08-09	review:v03:628b06c0979e	юность	юность	noun	lexical-form	synodal:noun:wikt-628b06c0979e	ambiguous	reviewed-exact-form-without-paradigm-metadata	evidence-final	synodal:candidate:628b06c0979e53d70a1a7be8,synodal:candidate:d7084f6b13a27a5519d9f71d;Eccles.11.10;review:v03:628b06c0979e	Reviewer confirmed the source-partition Synodal context and conservative OCS sense continuity; exact lexical evidence only, with no productive class inferred.
review:review:v03:62f6e7bafefb	english-wiktionary-ocs-kaikki-2026-08-07+ponomar-elizabeth-bible-2026-08-09	review:v03:62f6e7bafefb	рамо	рамо	noun	lexical-form	synodal:noun:wikt-62f6e7bafefb	ambiguous	reviewed-exact-form-without-paradigm-metadata	evidence-final	synodal:candidate:62f6e7bafefb19b763827f10,synodal:candidate:8c0b80e08c1f0b5765f81870;Deut.18.3;review:v03:62f6e7bafefb	Reviewer confirmed the source-partition Synodal context and conservative OCS sense continuity; exact lexical evidence only, with no productive class inferred.
review:review:v03:636074b18d16	english-wiktionary-ocs-kaikki-2026-08-07+ponomar-elizabeth-bible-2026-08-09	review:v03:636074b18d16	ѡбидѣти	ѡбидѣти	verb	lexical-form	synodal:verb:wikt-636074b18d16	ambiguous	reviewed-exact-form-without-paradigm-metadata	evidence-final	synodal:candidate:636074b18d1648ee3bec8ff0,synodal:candidate:efa9d50f590e6b6572691dd3;Apoc.11.5;review:v03:636074b18d16	Reviewer confirmed the source-partition Synodal context and conservative OCS sense continuity; exact lexical evidence only, with no productive class inferred.
review:review:v03:63d3fffebc66	english-wiktionary-ocs-kaikki-2026-08-07+ponomar-elizabeth-bible-2026-08-09	review:v03:63d3fffebc66	крило	крило	noun	lexical-form	synodal:noun:wikt-63d3fffebc66	ambiguous	reviewed-exact-form-without-paradigm-metadata	evidence-final	synodal:candidate:63d3fffebc6640af4808ffdb,synodal:candidate:02aadb394011f4d99e2e74eb;III_Kings.6.24;review:v03:63d3fffebc66	Reviewer confirmed the source-partition Synodal context and conservative OCS sense continuity; exact lexical evidence only, with no productive class inferred.
review:review:v03:63ff1354644b	english-wiktionary-ocs-kaikki-2026-08-07+ponomar-elizabeth-bible-2026-08-09	review:v03:63ff1354644b	кровъ	кровъ	noun	lexical-form	synodal:noun:wikt-63ff1354644b	ambiguous	reviewed-exact-form-without-paradigm-metadata	evidence-final	synodal:candidate:63ff1354644ba05374b53793,synodal:candidate:4c949c25cf81bcab0e71821c;Acts.15.16;review:v03:63ff1354644b	Reviewer confirmed the source-partition Synodal context and conservative OCS sense continuity; exact lexical evidence only, with no productive class inferred.
review:review:v03:6508515ed6de	english-wiktionary-ocs-kaikki-2026-08-07+ponomar-elizabeth-bible-2026-08-09	review:v03:6508515ed6de	раба	раба	noun	lexical-form	rejected:review:v03:6508515ed6de	out-of-scope	reviewed-rejection	not-applicable	synodal:candidate:6508515ed6de07ec2ad4992e,synodal:candidate:e23f58f05d873cb00c00db99;Apoc.15.3;review:v03:6508515ed6de	Rejected: surface belongs to multiple OCS lexeme paradigms; target identity must be resolved manually
review:review:v03:650a82bfd2ce	english-wiktionary-ocs-kaikki-2026-08-07+ponomar-elizabeth-bible-2026-08-09	review:v03:650a82bfd2ce	трепетъ	трепетъ	noun	lexical-form	synodal:noun:wikt-650a82bfd2ce	ambiguous	reviewed-exact-form-without-paradigm-metadata	evidence-final	synodal:candidate:650a82bfd2ce1b62224455bf,synodal:candidate:a9140c3c9fa16be1317336e4;Deut.2.25;review:v03:650a82bfd2ce	Reviewer confirmed the source-partition Synodal context and conservative OCS sense continuity; exact lexical evidence only, with no productive class inferred.
review:review:v03:650de55c780b	english-wiktionary-ocs-kaikki-2026-08-07+ponomar-elizabeth-bible-2026-08-09	review:v03:650de55c780b	сѣмѧ	сѣмѧ	noun	lexical-form	synodal:noun:wikt-650de55c780b	ambiguous	reviewed-exact-form-without-paradigm-metadata	evidence-final	synodal:candidate:650de55c780b4abd817730d6,synodal:candidate:e3245089ccd3cf8e3526986b;Acts.7.6;review:v03:650de55c780b	Reviewer confirmed the source-partition Synodal context and conservative OCS sense continuity; exact lexical evidence only, with no productive class inferred.
review:review:v03:651592bf9c45	english-wiktionary-ocs-kaikki-2026-08-07+ponomar-elizabeth-bible-2026-08-09	review:v03:651592bf9c45	хранитель	хранитель	noun	lexical-form	synodal:noun:wikt-651592bf9c45	ambiguous	reviewed-exact-form-without-paradigm-metadata	evidence-final	synodal:candidate:651592bf9c457e81bbd280f0,synodal:candidate:ad7c2d112bbce7dbe7b4e33b;Apoc.18.2;review:v03:651592bf9c45	Reviewer confirmed the source-partition Synodal context and conservative OCS sense continuity; exact lexical evidence only, with no productive class inferred.
review:review:v03:655a963a412d	english-wiktionary-ocs-kaikki-2026-08-07+ponomar-elizabeth-bible-2026-08-09	review:v03:655a963a412d	млатъ	млатъ	noun	lexical-form	synodal:noun:wikt-655a963a412d	ambiguous	reviewed-exact-form-without-paradigm-metadata	evidence-final	synodal:candidate:655a963a412d696af1b8fb4a,synodal:candidate:57db7c607dae187f7242c95f;Jerem.23.29;review:v03:655a963a412d	Reviewer confirmed the source-partition Synodal context and conservative OCS sense continuity; exact lexical evidence only, with no productive class inferred.
review:review:v03:6568ea255d7c	english-wiktionary-ocs-kaikki-2026-08-07+ponomar-elizabeth-bible-2026-08-09	review:v03:6568ea255d7c	гнѣздо	гнѣздо	noun	lexical-form	synodal:noun:wikt-6568ea255d7c	ambiguous	reviewed-exact-form-without-paradigm-metadata	evidence-final	synodal:candidate:6568ea255d7c96551d0a624a,synodal:candidate:12ce46f217ad39483d730cf3;Deut.22.6;review:v03:6568ea255d7c	Reviewer confirmed the source-partition Synodal context and conservative OCS sense continuity; exact lexical evidence only, with no productive class inferred.
review:review:v03:6581de9ff070	english-wiktionary-ocs-kaikki-2026-08-07+ponomar-elizabeth-bible-2026-08-09	review:v03:6581de9ff070	врагъ	врагъ	noun	lexical-form	synodal:noun:wikt-6581de9ff070	ambiguous	reviewed-exact-form-without-paradigm-metadata	evidence-final	synodal:candidate:6581de9ff0705fe615d3a62e,synodal:candidate:65cc0198b6ac4b09f8459602;Amos.9.4;review:v03:6581de9ff070	Reviewer confirmed the source-partition Synodal context and conservative OCS sense continuity; exact lexical evidence only, with no productive class inferred.
review:review:v03:65b7fff504e8	english-wiktionary-ocs-kaikki-2026-08-07+ponomar-elizabeth-bible-2026-08-09	review:v03:65b7fff504e8	ꙗдь	ꙗдь	noun	lexical-form	synodal:noun:wikt-65b7fff504e8	ambiguous	reviewed-exact-form-without-paradigm-metadata	evidence-final	synodal:candidate:65b7fff504e80be03264811e,synodal:candidate:5c9065553a1ad44ec6540a51;Ezek.21.32;review:v03:65b7fff504e8	Reviewer confirmed the source-partition Synodal context and conservative OCS sense continuity; exact lexical evidence only, with no productive class inferred.
review:review:v03:6602cb1a9103	english-wiktionary-ocs-kaikki-2026-08-07+ponomar-elizabeth-bible-2026-08-09	review:v03:6602cb1a9103	ꙗръ	ꙗръ	adjective	lexical-form	synodal:adjective:wikt-6602cb1a9103	ambiguous	reviewed-exact-form-without-paradigm-metadata	evidence-final	synodal:candidate:6602cb1a91035d789d65435e,synodal:candidate:a6896ea38c2808cd800aa84e;Jerem.30.23;review:v03:6602cb1a9103	Reviewer confirmed the source-partition Synodal context and conservative OCS sense continuity; exact lexical evidence only, with no productive class inferred.
review:review:v03:661a0f950071	english-wiktionary-ocs-kaikki-2026-08-07+ponomar-elizabeth-bible-2026-08-09	review:v03:661a0f950071	почити	почити	verb	lexical-form	synodal:verb:wikt-661a0f950071	ambiguous	reviewed-exact-form-without-paradigm-metadata	evidence-final	synodal:candidate:661a0f9500716277b0aaa918,synodal:candidate:3a27c677547772146d19b0c0;II_Kings.17.8;review:v03:661a0f950071	Reviewer confirmed the source-partition Synodal context and conservative OCS sense continuity; exact lexical evidence only, with no productive class inferred.
review:review:v03:66c1248b9c23	english-wiktionary-ocs-kaikki-2026-08-07+ponomar-elizabeth-bible-2026-08-09	review:v03:66c1248b9c23	вещь	вещь	noun	lexical-form	synodal:noun:wikt-66c1248b9c23	ambiguous	reviewed-exact-form-without-paradigm-metadata	evidence-final	synodal:candidate:66c1248b9c23d1a28d34900a,synodal:candidate:60e1dd232a542d974d7500ed;Acts.5.4;review:v03:66c1248b9c23	Reviewer confirmed the source-partition Synodal context and conservative OCS sense continuity; exact lexical evidence only, with no productive class inferred.
review:review:v03:672195fe4c96	english-wiktionary-ocs-kaikki-2026-08-07+ponomar-elizabeth-bible-2026-08-09	review:v03:672195fe4c96	римъ	римъ	proper-noun	lexical-form	synodal:proper-noun:wikt-672195fe4c96	ambiguous	reviewed-exact-form-without-paradigm-metadata	evidence-final	synodal:candidate:672195fe4c967113959573fc,synodal:candidate:596511e90d87605226556a28;Acts.19.21;review:v03:672195fe4c96	Reviewer confirmed the source-partition Synodal context and conservative OCS sense continuity; exact lexical evidence only, with no productive class inferred.
review:review:v03:6866c977a2b7	english-wiktionary-ocs-kaikki-2026-08-07+ponomar-elizabeth-bible-2026-08-09	review:v03:6866c977a2b7	сѣмѡ	сѣмѡ	adverb	indeclinable	synodal:adverb:wikt-6866c977a2b7	indeclinable	reviewed-exact-indeclinable	implemented	synodal:candidate:6866c977a2b777614c939194,synodal:candidate:7880687bd92821d812dbcc36;Apoc.11.12;review:v03:6866c977a2b7	Reviewer confirmed the source-partition Synodal context and conservative OCS sense continuity; exact lexical evidence only, with no productive class inferred.
review:review:v03:687bab9c0ca6	english-wiktionary-ocs-kaikki-2026-08-07+ponomar-elizabeth-bible-2026-08-09	review:v03:687bab9c0ca6	пещера	пещера	noun	lexical-form	synodal:noun:wikt-687bab9c0ca6	ambiguous	reviewed-exact-form-without-paradigm-metadata	evidence-final	synodal:candidate:687bab9c0ca63ce2375023ab,synodal:candidate:bc6c2d626a6b1ab698bb393a;Gen.23.17;review:v03:687bab9c0ca6	Reviewer confirmed the source-partition Synodal context and conservative OCS sense continuity; exact lexical evidence only, with no productive class inferred.
review:review:v03:68c10fac7a67	english-wiktionary-ocs-kaikki-2026-08-07+ponomar-elizabeth-bible-2026-08-09	review:v03:68c10fac7a67	вѣтръ	вѣтръ	noun	lexical-form	synodal:noun:wikt-68c10fac7a67	ambiguous	reviewed-exact-form-without-paradigm-metadata	evidence-final	synodal:candidate:68c10fac7a67b02c2e47a697,synodal:candidate:b4ed180dc963f649011a2ca6;Acts.27.14;review:v03:68c10fac7a67	Reviewer confirmed the source-partition Synodal context and conservative OCS sense continuity; exact lexical evidence only, with no productive class inferred.
review:review:v03:68d9730bbab3	english-wiktionary-ocs-kaikki-2026-08-07+ponomar-elizabeth-bible-2026-08-09	review:v03:68d9730bbab3	скоръ	скоръ	adjective	lexical-form	synodal:adjective:wikt-68d9730bbab3	ambiguous	reviewed-exact-form-without-paradigm-metadata	evidence-final	synodal:candidate:68d9730bbab392892d241c39,synodal:candidate:115ee0c482afd6485df2aa2a;Composite.7.5;review:v03:68d9730bbab3	Reviewer confirmed the source-partition Synodal context and conservative OCS sense continuity; exact lexical evidence only, with no productive class inferred.
review:review:v03:690610d7fe8f	english-wiktionary-ocs-kaikki-2026-08-07+ponomar-elizabeth-bible-2026-08-09	review:v03:690610d7fe8f	порокъ	порокъ	noun	lexical-form	synodal:noun:wikt-690610d7fe8f	ambiguous	reviewed-exact-form-without-paradigm-metadata	evidence-final	synodal:candidate:690610d7fe8ff72a3bd8649a,synodal:candidate:012a10de7c6da9f8e39a0949;Deut.15.21;review:v03:690610d7fe8f	Reviewer confirmed the source-partition Synodal context and conservative OCS sense continuity; exact lexical evidence only, with no productive class inferred.
review:review:v03:69edad9503a8	english-wiktionary-ocs-kaikki-2026-08-07+ponomar-elizabeth-bible-2026-08-09	review:v03:69edad9503a8	ѕѣлѡ	ѕѣлѡ	adverb	indeclinable	synodal:adverb:wikt-69edad9503a8	indeclinable	reviewed-exact-indeclinable	implemented	synodal:candidate:69edad9503a82e067a6b2d0a,synodal:candidate:87ac1a938af6fb7bc6984617;Acts.6.7;review:v03:69edad9503a8	Reviewer confirmed the source-partition Synodal context and conservative OCS sense continuity; exact lexical evidence only, with no productive class inferred.
review:review:v03:6bf7af061673	english-wiktionary-ocs-kaikki-2026-08-07+ponomar-elizabeth-bible-2026-08-09	review:v03:6bf7af061673	дѣтищь	дѣтищь	noun	lexical-form	synodal:noun:wikt-6bf7af061673	ambiguous	reviewed-exact-form-without-paradigm-metadata	evidence-final	synodal:candidate:6bf7af061673fa54dbae49ef,synodal:candidate:9c082aaa2d851df2e3d3dec5;Gen.22.5;review:v03:6bf7af061673	Reviewer confirmed the source-partition Synodal context and conservative OCS sense continuity; exact lexical evidence only, with no productive class inferred.
review:review:v03:6c9cbc0daadc	english-wiktionary-ocs-kaikki-2026-08-07+ponomar-elizabeth-bible-2026-08-09	review:v03:6c9cbc0daadc	бити	бити	verb	lexical-form	synodal:verb:wikt-6c9cbc0daadc	ambiguous	reviewed-exact-form-without-paradigm-metadata	evidence-final	synodal:candidate:6c9cbc0daadc7f875d5c07f8,synodal:candidate:109fd9c1cdcdf868cd391091;Acts.16.22;review:v03:6c9cbc0daadc	Reviewer confirmed the source-partition Synodal context and conservative OCS sense continuity; exact lexical evidence only, with no productive class inferred.
review:review:v03:6cada5a24cd2	english-wiktionary-ocs-kaikki-2026-08-07+ponomar-elizabeth-bible-2026-08-09	review:v03:6cada5a24cd2	невѣста	невѣста	noun	lexical-form	synodal:noun:wikt-6cada5a24cd2	ambiguous	reviewed-exact-form-without-paradigm-metadata	evidence-final	synodal:candidate:6cada5a24cd27d24b557c295,synodal:candidate:19030dbdcaa247523cb2dc50;Apoc.22.17;review:v03:6cada5a24cd2	Reviewer confirmed the source-partition Synodal context and conservative OCS sense continuity; exact lexical evidence only, with no productive class inferred.
review:review:v03:6ceeefbe4e9e	english-wiktionary-ocs-kaikki-2026-08-07+ponomar-elizabeth-bible-2026-08-09	review:v03:6ceeefbe4e9e	ꙗсти	ꙗсти	verb	lexical-form	synodal:verb:wikt-6ceeefbe4e9e	ambiguous	reviewed-exact-form-without-paradigm-metadata	evidence-final	synodal:candidate:6ceeefbe4e9ec6181b5e28d6,synodal:candidate:8d9b9600db53d508ae468315;Acts.23.12;review:v03:6ceeefbe4e9e	Reviewer confirmed the source-partition Synodal context and conservative OCS sense continuity; exact lexical evidence only, with no productive class inferred.
review:review:v03:6d6967abdd64	english-wiktionary-ocs-kaikki-2026-08-07+ponomar-elizabeth-bible-2026-08-09	review:v03:6d6967abdd64	сланъ	сланъ	adjective	lexical-form	rejected:review:v03:6d6967abdd64	out-of-scope	reviewed-rejection	not-applicable	synodal:candidate:6d6967abdd64ce8a3defc5b5,synodal:candidate:0a95a7407f6dbbc2ae8453b1;Gen.19.26;review:v03:6d6967abdd64	Rejected: surface belongs to multiple OCS lexeme paradigms; target identity must be resolved manually
review:review:v03:6eda8e5588a3	english-wiktionary-ocs-kaikki-2026-08-07+ponomar-elizabeth-bible-2026-08-09	review:v03:6eda8e5588a3	помощи	помощи	verb	lexical-form	rejected:review:v03:6eda8e5588a3	out-of-scope	reviewed-rejection	not-applicable	synodal:candidate:6eda8e5588a34e94b8d3d9e7,synodal:candidate:4532b6012848bdb963743058;Esther.4.17;review:v03:6eda8e5588a3	Rejected: surface belongs to multiple OCS lexeme paradigms; target identity must be resolved manually
review:review:v03:6f6cb44e5f18	english-wiktionary-ocs-kaikki-2026-08-07+ponomar-elizabeth-bible-2026-08-09	review:v03:6f6cb44e5f18	помощь	помощь	noun	lexical-form	rejected:review:v03:6f6cb44e5f18	out-of-scope	reviewed-rejection	not-applicable	synodal:candidate:6f6cb44e5f1840358615b5ca,synodal:candidate:926ae94b759c62dffeed4579;Esther.4.14;review:v03:6f6cb44e5f18	Rejected: surface belongs to multiple OCS lexeme paradigms; target identity must be resolved manually
review:review:v03:72ac39c1d485	english-wiktionary-ocs-kaikki-2026-08-07+ponomar-elizabeth-bible-2026-08-09	review:v03:72ac39c1d485	пила	пила	noun	lexical-form	rejected:review:v03:72ac39c1d485	out-of-scope	reviewed-rejection	not-applicable	synodal:candidate:72ac39c1d48508ff0fc499eb,synodal:candidate:0a69ad42465cc93f1738fec0;Isa.10.15;review:v03:72ac39c1d485	Rejected: surface belongs to multiple OCS lexeme paradigms; target identity must be resolved manually
review:review:v03:731bbfe3c5b6	english-wiktionary-ocs-kaikki-2026-08-07+ponomar-elizabeth-bible-2026-08-09	review:v03:731bbfe3c5b6	сноха	сноха	noun	lexical-form	synodal:noun:wikt-731bbfe3c5b6	ambiguous	reviewed-exact-form-without-paradigm-metadata	evidence-final	synodal:candidate:731bbfe3c5b6f0fd96c1134f,synodal:candidate:272085dbed020052cdc15665;Ruth.1.22;review:v03:731bbfe3c5b6	Reviewer confirmed the source-partition Synodal context and conservative OCS sense continuity; exact lexical evidence only, with no productive class inferred.
review:review:v03:73e46fa372de	english-wiktionary-ocs-kaikki-2026-08-07+ponomar-elizabeth-bible-2026-08-09	review:v03:73e46fa372de	смрадъ	смрадъ	noun	lexical-form	synodal:noun:wikt-73e46fa372de	ambiguous	reviewed-exact-form-without-paradigm-metadata	evidence-final	synodal:candidate:73e46fa372de87453c7e41d9,synodal:candidate:215cca21b17887ac63ca957b;Isa.34.3;review:v03:73e46fa372de	Reviewer confirmed the source-partition Synodal context and conservative OCS sense continuity; exact lexical evidence only, with no productive class inferred.
review:review:v03:73f4685d4e00	english-wiktionary-ocs-kaikki-2026-08-07+ponomar-elizabeth-bible-2026-08-09	review:v03:73f4685d4e00	блаженъ	блаженъ	adjective	lexical-form	rejected:review:v03:73f4685d4e00	out-of-scope	reviewed-rejection	not-applicable	synodal:candidate:73f4685d4e007ee3a19394da,synodal:candidate:59f1e5692dd91a57a2804e92;III_Esdra.10.57;review:v03:73f4685d4e00	Rejected: surface belongs to multiple OCS lexeme paradigms; target identity must be resolved manually
review:review:v03:744933bc1ff9	english-wiktionary-ocs-kaikki-2026-08-07+ponomar-elizabeth-bible-2026-08-09	review:v03:744933bc1ff9	волъ	волъ	noun	lexical-form	synodal:noun:wikt-744933bc1ff9	ambiguous	reviewed-exact-form-without-paradigm-metadata	evidence-final	synodal:candidate:744933bc1ff9f553710f68a6,synodal:candidate:42ad1822a123df49483fa6e6;Dan.4.30;review:v03:744933bc1ff9	Reviewer confirmed the source-partition Synodal context and conservative OCS sense continuity; exact lexical evidence only, with no productive class inferred.
review:review:v03:7467d1a550ea	english-wiktionary-ocs-kaikki-2026-08-07+ponomar-elizabeth-bible-2026-08-09	review:v03:7467d1a550ea	скинїи	скинїи	noun	lexical-form	synodal:noun:wikt-7467d1a550ea	ambiguous	reviewed-exact-form-without-paradigm-metadata	evidence-final	synodal:candidate:7467d1a550ea1742f15bc816,synodal:candidate:6f77f26a11c68976de441ef9;Apoc.15.5;review:v03:7467d1a550ea	Reviewer confirmed the source-partition Synodal context and conservative OCS sense continuity; exact lexical evidence only, with no productive class inferred.
review:review:v03:74918c792dd6	english-wiktionary-ocs-kaikki-2026-08-07+ponomar-elizabeth-bible-2026-08-09	review:v03:74918c792dd6	козла	козла	noun	lexical-form	synodal:noun:wikt-74918c792dd6	ambiguous	reviewed-exact-form-without-paradigm-metadata	evidence-final	synodal:candidate:74918c792dd624acac3ad662,synodal:candidate:168106f99275bba16caf267d;Deut.14.4;review:v03:74918c792dd6	Reviewer confirmed the source-partition Synodal context and conservative OCS sense continuity; exact lexical evidence only, with no productive class inferred.
review:review:v03:74cc67f3f26b	english-wiktionary-ocs-kaikki-2026-08-07+ponomar-elizabeth-bible-2026-08-09	review:v03:74cc67f3f26b	садъ	садъ	noun	lexical-form	synodal:noun:wikt-74cc67f3f26b	ambiguous	reviewed-exact-form-without-paradigm-metadata	evidence-final	synodal:candidate:74cc67f3f26b2f6fcb47d5ed,synodal:candidate:b47659065857e0a56be294d7;Dan.11.20;review:v03:74cc67f3f26b	Reviewer confirmed the source-partition Synodal context and conservative OCS sense continuity; exact lexical evidence only, with no productive class inferred.
review:review:v03:75512ff48174	english-wiktionary-ocs-kaikki-2026-08-07+ponomar-elizabeth-bible-2026-08-09	review:v03:75512ff48174	гроздъ	гроздъ	noun	lexical-form	synodal:noun:wikt-75512ff48174	ambiguous	reviewed-exact-form-without-paradigm-metadata	evidence-final	synodal:candidate:75512ff48174e18255be59d1,synodal:candidate:ef51c82990f23999a1f5a765;III_Esdra.12.42;review:v03:75512ff48174	Reviewer confirmed the source-partition Synodal context and conservative OCS sense continuity; exact lexical evidence only, with no productive class inferred.
review:review:v03:776662ef739b	english-wiktionary-ocs-kaikki-2026-08-07+ponomar-elizabeth-bible-2026-08-09	review:v03:776662ef739b	ложе	ложе	noun	lexical-form	synodal:noun:wikt-776662ef739b	ambiguous	reviewed-exact-form-without-paradigm-metadata	evidence-final	synodal:candidate:776662ef739ba38126a3148b,synodal:candidate:816509fe835ec4a58a732c1f;Ezek.23.17;review:v03:776662ef739b	Reviewer confirmed the source-partition Synodal context and conservative OCS sense continuity; exact lexical evidence only, with no productive class inferred.
review:review:v03:7790891c2704	english-wiktionary-ocs-kaikki-2026-08-07+ponomar-elizabeth-bible-2026-08-09	review:v03:7790891c2704	небо	небо	noun	lexical-form	synodal:noun:wikt-7790891c2704	ambiguous	reviewed-exact-form-without-paradigm-metadata	evidence-final	synodal:candidate:7790891c2704c96890e42dde,synodal:candidate:356409b4b0d48a6963f53576;Acts.1.10;review:v03:7790891c2704	Reviewer confirmed the source-partition Synodal context and conservative OCS sense continuity; exact lexical evidence only, with no productive class inferred.
review:review:v03:77998a1b179f	english-wiktionary-ocs-kaikki-2026-08-07+ponomar-elizabeth-bible-2026-08-09	review:v03:77998a1b179f	къ	къ	preposition	indeclinable	synodal:preposition:wikt-77998a1b179f	indeclinable	reviewed-exact-indeclinable	implemented	synodal:candidate:77998a1b179f80c57ba4a3c0,synodal:candidate:33e37f9b0806181d0cd0b6b9;Acts.1.7;review:v03:77998a1b179f	Reviewer confirmed the source-partition Synodal context and conservative OCS sense continuity; exact lexical evidence only, with no productive class inferred.
review:review:v03:77c5af0d1191	english-wiktionary-ocs-kaikki-2026-08-07+ponomar-elizabeth-bible-2026-08-09	review:v03:77c5af0d1191	ити	ити	verb	lexical-form	synodal:verb:wikt-77c5af0d1191	ambiguous	reviewed-exact-form-without-paradigm-metadata	evidence-final	synodal:candidate:77c5af0d11913610cf9c614b,synodal:candidate:9777a13845ae27ead26bd230;Acts.1.25;review:v03:77c5af0d1191	Reviewer confirmed the source-partition Synodal context and conservative OCS sense continuity; exact lexical evidence only, with no productive class inferred.
review:review:v03:78da2d05497d	english-wiktionary-ocs-kaikki-2026-08-07+ponomar-elizabeth-bible-2026-08-09	review:v03:78da2d05497d	видѣти	видѣти	verb	lexical-form	synodal:verb:wikt-78da2d05497d	ambiguous	reviewed-exact-form-without-paradigm-metadata	evidence-final	synodal:candidate:78da2d05497d949776e34ec6,synodal:candidate:e16b0075a675fed932bc25c8;Acts.2.27;review:v03:78da2d05497d	Reviewer confirmed the source-partition Synodal context and conservative OCS sense continuity; exact lexical evidence only, with no productive class inferred.
review:review:v03:79de8d039ef7	english-wiktionary-ocs-kaikki-2026-08-07+ponomar-elizabeth-bible-2026-08-09	review:v03:79de8d039ef7	искони	искони	adverb	indeclinable	synodal:adverb:wikt-79de8d039ef7	indeclinable	reviewed-exact-indeclinable	implemented	synodal:candidate:79de8d039ef765f82fb622fc,synodal:candidate:d4624b5e8a75cbe746cbad13;Habak.1.12;review:v03:79de8d039ef7	Reviewer confirmed the source-partition Synodal context and conservative OCS sense continuity; exact lexical evidence only, with no productive class inferred.
review:review:v03:7aa6991d4c6b	english-wiktionary-ocs-kaikki-2026-08-07+ponomar-elizabeth-bible-2026-08-09	review:v03:7aa6991d4c6b	раи	раи	noun	lexical-form	synodal:noun:wikt-7aa6991d4c6b	ambiguous	reviewed-exact-form-without-paradigm-metadata	evidence-final	synodal:candidate:7aa6991d4c6b5af016988618,synodal:candidate:479ba4f1df9c3e5a7d3e7d72;Composite.8.43;review:v03:7aa6991d4c6b	Reviewer confirmed the source-partition Synodal context and conservative OCS sense continuity; exact lexical evidence only, with no productive class inferred.
review:review:v03:7b0a71feaffb	english-wiktionary-ocs-kaikki-2026-08-07+ponomar-elizabeth-bible-2026-08-09	review:v03:7b0a71feaffb	просити	просити	verb	lexical-form	synodal:verb:wikt-7b0a71feaffb	ambiguous	reviewed-exact-form-without-paradigm-metadata	evidence-final	synodal:candidate:7b0a71feaffbf3f84ec4cdb3,synodal:candidate:6042852a40caebb53d1511eb;Acts.3.2;review:v03:7b0a71feaffb	Reviewer confirmed the source-partition Synodal context and conservative OCS sense continuity; exact lexical evidence only, with no productive class inferred.
review:review:v03:7babd090b258	english-wiktionary-ocs-kaikki-2026-08-07+ponomar-elizabeth-bible-2026-08-09	review:v03:7babd090b258	дворъ	дворъ	noun	lexical-form	synodal:noun:wikt-7babd090b258	ambiguous	reviewed-exact-form-without-paradigm-metadata	evidence-final	synodal:candidate:7babd090b258428db4e04ae4,synodal:candidate:9e509590cb5359ebe73937ea;Acts.1.20;review:v03:7babd090b258	Reviewer confirmed the source-partition Synodal context and conservative OCS sense continuity; exact lexical evidence only, with no productive class inferred.
review:review:v03:7bbc11a3d55b	english-wiktionary-ocs-kaikki-2026-08-07+ponomar-elizabeth-bible-2026-08-09	review:v03:7bbc11a3d55b	готовъ	готовъ	adjective	lexical-form	synodal:adjective:wikt-7bbc11a3d55b	ambiguous	reviewed-exact-form-without-paradigm-metadata	evidence-final	synodal:candidate:7bbc11a3d55b9ddb50cf455a,synodal:candidate:4f478684aa1aca9df721fe61;Acts.21.13;review:v03:7bbc11a3d55b	Reviewer confirmed the source-partition Synodal context and conservative OCS sense continuity; exact lexical evidence only, with no productive class inferred.
review:review:v03:7c6914eff782	english-wiktionary-ocs-kaikki-2026-08-07+ponomar-elizabeth-bible-2026-08-09	review:v03:7c6914eff782	сѧ	сѧ	pronoun	lexical-form	synodal:pronoun:wikt-7c6914eff782	ambiguous	reviewed-exact-form-without-paradigm-metadata	evidence-final	synodal:candidate:7c6914eff7828d3e664b2bc0,synodal:candidate:de12761c9d54675fe448cac0;Ex.28.43;review:v03:7c6914eff782	Reviewer confirmed the source-partition Synodal context and conservative OCS sense continuity; exact lexical evidence only, with no productive class inferred.
review:review:v03:7cb9fbdd604c	english-wiktionary-ocs-kaikki-2026-08-07+ponomar-elizabeth-bible-2026-08-09	review:v03:7cb9fbdd604c	и	и	pronoun	lexical-form	rejected:review:v03:7cb9fbdd604c	out-of-scope	reviewed-rejection	not-applicable	synodal:candidate:7cb9fbdd604c5a7043e416c1,synodal:candidate:f1fd5cb7e8bc638b308a2a0d;Acts.1.4;review:v03:7cb9fbdd604c	Rejected: surface belongs to multiple OCS lexeme paradigms; target identity must be resolved manually
review:review:v03:7d4c99faff8a	english-wiktionary-ocs-kaikki-2026-08-07+ponomar-elizabeth-bible-2026-08-09	review:v03:7d4c99faff8a	именитъ	именитъ	adjective	lexical-form	synodal:adjective:wikt-7d4c99faff8a	ambiguous	reviewed-exact-form-without-paradigm-metadata	evidence-final	synodal:candidate:7d4c99faff8aa65fbd5202cd,synodal:candidate:5d9f0e9056c2d1624f7b586a;I_Macc.3.9;review:v03:7d4c99faff8a	Reviewer confirmed the source-partition Synodal context and conservative OCS sense continuity; exact lexical evidence only, with no productive class inferred.
review:review:v03:7d677b075dfd	english-wiktionary-ocs-kaikki-2026-08-07+ponomar-elizabeth-bible-2026-08-09	review:v03:7d677b075dfd	хвалити	хвалити	verb	lexical-form	synodal:verb:wikt-7d677b075dfd	ambiguous	reviewed-exact-form-without-paradigm-metadata	evidence-final	synodal:candidate:7d677b075dfd754bf5acb3f2,synodal:candidate:7c435bc3b0ca4d7580ee3964;II_Paral.20.19;review:v03:7d677b075dfd	Reviewer confirmed the source-partition Synodal context and conservative OCS sense continuity; exact lexical evidence only, with no productive class inferred.
review:review:v03:7d7a5288d389	english-wiktionary-ocs-kaikki-2026-08-07+ponomar-elizabeth-bible-2026-08-09	review:v03:7d7a5288d389	желѣзо	желѣзо	noun	lexical-form	synodal:noun:wikt-7d7a5288d389	ambiguous	reviewed-exact-form-without-paradigm-metadata	evidence-final	synodal:candidate:7d7a5288d38979014e0bb5ca,synodal:candidate:57e9abf5c7161f0633936f30;Dan.2.40;review:v03:7d7a5288d389	Reviewer confirmed the source-partition Synodal context and conservative OCS sense continuity; exact lexical evidence only, with no productive class inferred.
review:review:v03:7e8cde57afa5	english-wiktionary-ocs-kaikki-2026-08-07+ponomar-elizabeth-bible-2026-08-09	review:v03:7e8cde57afa5	бѣсъ	бѣсъ	noun	lexical-form	synodal:noun:wikt-7e8cde57afa5	ambiguous	reviewed-exact-form-without-paradigm-metadata	evidence-final	synodal:candidate:7e8cde57afa505e08de8f01c,synodal:candidate:ea891209d598cc1a5207d8c8;Jn.10.21;review:v03:7e8cde57afa5	Reviewer confirmed the source-partition Synodal context and conservative OCS sense continuity; exact lexical evidence only, with no productive class inferred.
review:review:v03:7edbe8aea3ab	english-wiktionary-ocs-kaikki-2026-08-07+ponomar-elizabeth-bible-2026-08-09	review:v03:7edbe8aea3ab	страхъ	страхъ	noun	lexical-form	synodal:noun:wikt-7edbe8aea3ab	ambiguous	reviewed-exact-form-without-paradigm-metadata	evidence-final	synodal:candidate:7edbe8aea3ab0f53e7877f00,synodal:candidate:00bbbe5a17470e52cf25c8bf;Acts.2.43;review:v03:7edbe8aea3ab	Reviewer confirmed the source-partition Synodal context and conservative OCS sense continuity; exact lexical evidence only, with no productive class inferred.
review:review:v03:7eec293185a0	english-wiktionary-ocs-kaikki-2026-08-07+ponomar-elizabeth-bible-2026-08-09	review:v03:7eec293185a0	западъ	западъ	noun	lexical-form	synodal:noun:wikt-7eec293185a0	ambiguous	reviewed-exact-form-without-paradigm-metadata	evidence-final	synodal:candidate:7eec293185a049e282146d7e,synodal:candidate:0372af5cbfe033e563e29329;Baruch.4.37;review:v03:7eec293185a0	Reviewer confirmed the source-partition Synodal context and conservative OCS sense continuity; exact lexical evidence only, with no productive class inferred.
review:review:v03:7f1b6f1905bb	english-wiktionary-ocs-kaikki-2026-08-07+ponomar-elizabeth-bible-2026-08-09	review:v03:7f1b6f1905bb	зависть	зависть	noun	lexical-form	synodal:noun:wikt-7f1b6f1905bb	ambiguous	reviewed-exact-form-without-paradigm-metadata	evidence-final	synodal:candidate:7f1b6f1905bb83395a5a4b22,synodal:candidate:139e770781dd3738833a2ec4;I_Pet.2.1;review:v03:7f1b6f1905bb	Reviewer confirmed the source-partition Synodal context and conservative OCS sense continuity; exact lexical evidence only, with no productive class inferred.
review:review:v03:8003b7989b71	english-wiktionary-ocs-kaikki-2026-08-07+ponomar-elizabeth-bible-2026-08-09	review:v03:8003b7989b71	свободь	свободь	adjective	lexical-form	synodal:adjective:wikt-8003b7989b71	ambiguous	reviewed-exact-form-without-paradigm-metadata	evidence-final	synodal:candidate:8003b7989b712867f7586019,synodal:candidate:e6bc18d55bb37a6b79d463a8;Apoc.6.15;review:v03:8003b7989b71	Reviewer confirmed the source-partition Synodal context and conservative OCS sense continuity; exact lexical evidence only, with no productive class inferred.
review:review:v03:80390ae2e0ec	english-wiktionary-ocs-kaikki-2026-08-07+ponomar-elizabeth-bible-2026-08-09	review:v03:80390ae2e0ec	паче	паче	adverb	indeclinable	synodal:adverb:wikt-80390ae2e0ec	indeclinable	reviewed-exact-indeclinable	implemented	synodal:candidate:80390ae2e0ec9bdda1635ce5,synodal:candidate:9d1cb1fad7b328106d98a3d8;Acts.4.19;review:v03:80390ae2e0ec	Reviewer confirmed the source-partition Synodal context and conservative OCS sense continuity; exact lexical evidence only, with no productive class inferred.
review:review:v03:803addd320b1	english-wiktionary-ocs-kaikki-2026-08-07+ponomar-elizabeth-bible-2026-08-09	review:v03:803addd320b1	пророкъ	пророкъ	noun	lexical-form	synodal:noun:wikt-803addd320b1	ambiguous	reviewed-exact-form-without-paradigm-metadata	evidence-final	synodal:candidate:803addd320b10b257d5e5554,synodal:candidate:02e683c4a199d792c5a355e3;Apoc.19.20;review:v03:803addd320b1	Reviewer confirmed the source-partition Synodal context and conservative OCS sense continuity; exact lexical evidence only, with no productive class inferred.
review:review:v03:804d9a9cde41	english-wiktionary-ocs-kaikki-2026-08-07+ponomar-elizabeth-bible-2026-08-09	review:v03:804d9a9cde41	живъ	живъ	adjective	lexical-form	synodal:adjective:wikt-804d9a9cde41	ambiguous	reviewed-exact-form-without-paradigm-metadata	evidence-final	synodal:candidate:804d9a9cde4121658296fa80,synodal:candidate:6d3114d641b2ecad6c3ff590;Amos.8.14;review:v03:804d9a9cde41	Reviewer confirmed the source-partition Synodal context and conservative OCS sense continuity; exact lexical evidence only, with no productive class inferred.
review:review:v03:81007eb09d63	english-wiktionary-ocs-kaikki-2026-08-07+ponomar-elizabeth-bible-2026-08-09	review:v03:81007eb09d63	чаша	чаша	noun	lexical-form	synodal:noun:wikt-81007eb09d63	ambiguous	reviewed-exact-form-without-paradigm-metadata	evidence-final	synodal:candidate:81007eb09d63469c16e66d63,synodal:candidate:ae51a23a3d089b7dea8f6d36;Esther.1.8;review:v03:81007eb09d63	Reviewer confirmed the source-partition Synodal context and conservative OCS sense continuity; exact lexical evidence only, with no productive class inferred.
review:review:v03:81609cb401e0	english-wiktionary-ocs-kaikki-2026-08-07+ponomar-elizabeth-bible-2026-08-09	review:v03:81609cb401e0	работати	работати	verb	lexical-form	synodal:verb:wikt-81609cb401e0	ambiguous	reviewed-exact-form-without-paradigm-metadata	evidence-final	synodal:candidate:81609cb401e097c38c85ee02,synodal:candidate:aafd15ce1ab9c5356f505e46;Baruch.1.22;review:v03:81609cb401e0	Reviewer confirmed the source-partition Synodal context and conservative OCS sense continuity; exact lexical evidence only, with no productive class inferred.
review:review:v03:81653f4a2e14	english-wiktionary-ocs-kaikki-2026-08-07+ponomar-elizabeth-bible-2026-08-09	review:v03:81653f4a2e14	юнъ	юнъ	adjective	lexical-form	synodal:adjective:wikt-81653f4a2e14	ambiguous	reviewed-exact-form-without-paradigm-metadata	evidence-final	synodal:candidate:81653f4a2e14239f5d56c506,synodal:candidate:55262968ed41748ebedf6501;Gen.37.2;review:v03:81653f4a2e14	Reviewer confirmed the source-partition Synodal context and conservative OCS sense continuity; exact lexical evidence only, with no productive class inferred.
review:review:v03:817be6545c7b	english-wiktionary-ocs-kaikki-2026-08-07+ponomar-elizabeth-bible-2026-08-09	review:v03:817be6545c7b	зѧть	зѧть	noun	lexical-form	synodal:noun:wikt-817be6545c7b	ambiguous	reviewed-exact-form-without-paradigm-metadata	evidence-final	synodal:candidate:817be6545c7bbef13f76568b,synodal:candidate:6e68d1a176083a37e2541961;IV_Kings.8.27;review:v03:817be6545c7b	Reviewer confirmed the source-partition Synodal context and conservative OCS sense continuity; exact lexical evidence only, with no productive class inferred.
review:review:v03:833afd91deda	english-wiktionary-ocs-kaikki-2026-08-07+ponomar-elizabeth-bible-2026-08-09	review:v03:833afd91deda	родъ	родъ	noun	lexical-form	synodal:noun:wikt-833afd91deda	ambiguous	reviewed-exact-form-without-paradigm-metadata	evidence-final	synodal:candidate:833afd91dedab97850211715,synodal:candidate:85c46398dbeef0ac2feaf091;Acts.7.13;review:v03:833afd91deda	Reviewer confirmed the source-partition Synodal context and conservative OCS sense continuity; exact lexical evidence only, with no productive class inferred.
review:review:v03:833c90610c4d	english-wiktionary-ocs-kaikki-2026-08-07+ponomar-elizabeth-bible-2026-08-09	review:v03:833c90610c4d	глаголати	глаголати	verb	lexical-form	synodal:verb:wikt-833c90610c4d	ambiguous	reviewed-exact-form-without-paradigm-metadata	evidence-final	synodal:candidate:833c90610c4d8ecd70fb61a2,synodal:candidate:28429957193b651f9823e237;Acts.2.4;review:v03:833c90610c4d	Reviewer confirmed the source-partition Synodal context and conservative OCS sense continuity; exact lexical evidence only, with no productive class inferred.
review:review:v03:83848429ea44	english-wiktionary-ocs-kaikki-2026-08-07+ponomar-elizabeth-bible-2026-08-09	review:v03:83848429ea44	господа	господа	noun	lexical-form	synodal:noun:wikt-83848429ea44	ambiguous	reviewed-exact-form-without-paradigm-metadata	evidence-final	synodal:candidate:83848429ea44607f929859f8,synodal:candidate:8f2827e58564136c878499a2;II_Kings.14.17;review:v03:83848429ea44	Reviewer confirmed the source-partition Synodal context and conservative OCS sense continuity; exact lexical evidence only, with no productive class inferred.
review:review:v03:8399d66c1083	english-wiktionary-ocs-kaikki-2026-08-07+ponomar-elizabeth-bible-2026-08-09	review:v03:8399d66c1083	или	или	conjunction	indeclinable	synodal:conjunction:wikt-8399d66c1083	indeclinable	reviewed-exact-indeclinable	implemented	synodal:candidate:8399d66c1083ea0388e6441a,synodal:candidate:266315fe7d6b5f5ed4eac3f6;Acts.3.12;review:v03:8399d66c1083	Reviewer confirmed the source-partition Synodal context and conservative OCS sense continuity; exact lexical evidence only, with no productive class inferred.
review:review:v03:858f094bb980	english-wiktionary-ocs-kaikki-2026-08-07+ponomar-elizabeth-bible-2026-08-09	review:v03:858f094bb980	нищета	нищета	noun	lexical-form	synodal:noun:wikt-858f094bb980	ambiguous	reviewed-exact-form-without-paradigm-metadata	evidence-final	synodal:candidate:858f094bb9809bb5177142e5,synodal:candidate:caf81f3b26649a26ebd7fb3f;II_Cor.8.2;review:v03:858f094bb980	Reviewer confirmed the source-partition Synodal context and conservative OCS sense continuity; exact lexical evidence only, with no productive class inferred.
review:review:v03:8591cd8cbf93	english-wiktionary-ocs-kaikki-2026-08-07+ponomar-elizabeth-bible-2026-08-09	review:v03:8591cd8cbf93	памѧть	памѧть	noun	lexical-form	synodal:noun:wikt-8591cd8cbf93	ambiguous	reviewed-exact-form-without-paradigm-metadata	evidence-final	synodal:candidate:8591cd8cbf932497f33c224f,synodal:candidate:88ea6f11069cb2ee8da92d7f;Acts.10.4;review:v03:8591cd8cbf93	Reviewer confirmed the source-partition Synodal context and conservative OCS sense continuity; exact lexical evidence only, with no productive class inferred.
review:review:v03:859a18c1d2a3	english-wiktionary-ocs-kaikki-2026-08-07+ponomar-elizabeth-bible-2026-08-09	review:v03:859a18c1d2a3	медвѣдь	медвѣдь	noun	lexical-form	synodal:noun:wikt-859a18c1d2a3	ambiguous	reviewed-exact-form-without-paradigm-metadata	evidence-final	synodal:candidate:859a18c1d2a3d2c1678ab384,synodal:candidate:a64da2fe525fe105c1be4853;Isa.11.7;review:v03:859a18c1d2a3	Reviewer confirmed the source-partition Synodal context and conservative OCS sense continuity; exact lexical evidence only, with no productive class inferred.
review:review:v03:862895caf8e4	english-wiktionary-ocs-kaikki-2026-08-07+ponomar-elizabeth-bible-2026-08-09	review:v03:862895caf8e4	конь	конь	noun	lexical-form	synodal:noun:wikt-862895caf8e4	ambiguous	reviewed-exact-form-without-paradigm-metadata	evidence-final	synodal:candidate:862895caf8e406d9218ce6e0,synodal:candidate:814fd611a7300cb01bfe3595;Apoc.6.2;review:v03:862895caf8e4	Reviewer confirmed the source-partition Synodal context and conservative OCS sense continuity; exact lexical evidence only, with no productive class inferred.
review:review:v03:86eaad933b28	english-wiktionary-ocs-kaikki-2026-08-07+ponomar-elizabeth-bible-2026-08-09	review:v03:86eaad933b28	исполинъ	исполинъ	noun	lexical-form	synodal:noun:wikt-86eaad933b28	ambiguous	reviewed-exact-form-without-paradigm-metadata	evidence-final	synodal:candidate:86eaad933b282431114a247c,synodal:candidate:4e0dc300fe8b79dfeef07433;Gen.10.9;review:v03:86eaad933b28	Reviewer confirmed the source-partition Synodal context and conservative OCS sense continuity; exact lexical evidence only, with no productive class inferred.
review:review:v03:8788a898ec50	english-wiktionary-ocs-kaikki-2026-08-07+ponomar-elizabeth-bible-2026-08-09	review:v03:8788a898ec50	часъ	часъ	noun	lexical-form	synodal:noun:wikt-8788a898ec50	ambiguous	reviewed-exact-form-without-paradigm-metadata	evidence-final	synodal:candidate:8788a898ec50412845e5aeea,synodal:candidate:4cf5825e2c7590ba741f181e;Acts.2.15;review:v03:8788a898ec50	Reviewer confirmed the source-partition Synodal context and conservative OCS sense continuity; exact lexical evidence only, with no productive class inferred.
review:review:v03:87b5a4825089	english-wiktionary-ocs-kaikki-2026-08-07+ponomar-elizabeth-bible-2026-08-09	review:v03:87b5a4825089	оужасъ	оужасъ	noun	lexical-form	rejected:review:v03:87b5a4825089	out-of-scope	reviewed-rejection	not-applicable	synodal:candidate:87b5a4825089564b6e17aad0,synodal:candidate:402234594d4ae0242d30481a;Jerem.5.30;review:v03:87b5a4825089	Rejected: surface belongs to multiple OCS lexeme paradigms; target identity must be resolved manually
review:review:v03:87e34beda6e6	english-wiktionary-ocs-kaikki-2026-08-07+ponomar-elizabeth-bible-2026-08-09	review:v03:87e34beda6e6	розга	розга	noun	lexical-form	synodal:noun:wikt-87e34beda6e6	ambiguous	reviewed-exact-form-without-paradigm-metadata	evidence-final	synodal:candidate:87e34beda6e6ed3c6e34d6d7,synodal:candidate:27418a6d4a46699323bb8d14;Jn.15.4;review:v03:87e34beda6e6	Reviewer confirmed the source-partition Synodal context and conservative OCS sense continuity; exact lexical evidence only, with no productive class inferred.
review:review:v03:88143c1bc503	english-wiktionary-ocs-kaikki-2026-08-07+ponomar-elizabeth-bible-2026-08-09	review:v03:88143c1bc503	ꙗдъ	ꙗдъ	noun	lexical-form	synodal:noun:wikt-88143c1bc503	ambiguous	reviewed-exact-form-without-paradigm-metadata	evidence-final	synodal:candidate:88143c1bc503485989261ca4,synodal:candidate:e2afa92c1fa816f7c2ebd9d0;Ezek.24.11;review:v03:88143c1bc503	Reviewer confirmed the source-partition Synodal context and conservative OCS sense continuity; exact lexical evidence only, with no productive class inferred.
review:review:v03:888f1052c6db	english-wiktionary-ocs-kaikki-2026-08-07+ponomar-elizabeth-bible-2026-08-09	review:v03:888f1052c6db	оу	оу	preposition	indeclinable	synodal:preposition:wikt-888f1052c6db	indeclinable	reviewed-exact-indeclinable	implemented	synodal:candidate:888f1052c6db679cfdf053e7,synodal:candidate:5287abce4ed786985ddb160f;Gen.29.16;review:v03:888f1052c6db	Reviewer confirmed the source-partition Synodal context and conservative OCS sense continuity; exact lexical evidence only, with no productive class inferred.
review:review:v03:889207ff8e35	english-wiktionary-ocs-kaikki-2026-08-07+ponomar-elizabeth-bible-2026-08-09	review:v03:889207ff8e35	благословити	благословити	verb	lexical-form	synodal:verb:wikt-889207ff8e35	ambiguous	reviewed-exact-form-without-paradigm-metadata	evidence-final	synodal:candidate:889207ff8e35954bd084ac00,synodal:candidate:7804e4bec115b0a2860b24a6;Deut.18.5;review:v03:889207ff8e35	Reviewer confirmed the source-partition Synodal context and conservative OCS sense continuity; exact lexical evidence only, with no productive class inferred.
review:review:v03:88abef3b5e70	english-wiktionary-ocs-kaikki-2026-08-07+ponomar-elizabeth-bible-2026-08-09	review:v03:88abef3b5e70	срамота	срамота	noun	lexical-form	synodal:noun:wikt-88abef3b5e70	ambiguous	reviewed-exact-form-without-paradigm-metadata	evidence-final	synodal:candidate:88abef3b5e70b8a1a6a083f1,synodal:candidate:c9cdec681dedc3e21c1a1e0f;Apoc.3.18;review:v03:88abef3b5e70	Reviewer confirmed the source-partition Synodal context and conservative OCS sense continuity; exact lexical evidence only, with no productive class inferred.
review:review:v03:8903b7f79bf6	english-wiktionary-ocs-kaikki-2026-08-07+ponomar-elizabeth-bible-2026-08-09	review:v03:8903b7f79bf6	смѣхъ	смѣхъ	noun	lexical-form	synodal:noun:wikt-8903b7f79bf6	ambiguous	reviewed-exact-form-without-paradigm-metadata	evidence-final	synodal:candidate:8903b7f79bf636ab0b72dee4,synodal:candidate:b71e18082d4df40f86cf39ad;Composite.1.13;review:v03:8903b7f79bf6	Reviewer confirmed the source-partition Synodal context and conservative OCS sense continuity; exact lexical evidence only, with no productive class inferred.
review:review:v03:898508efd32f	english-wiktionary-ocs-kaikki-2026-08-07+ponomar-elizabeth-bible-2026-08-09	review:v03:898508efd32f	покровъ	покровъ	noun	lexical-form	synodal:noun:wikt-898508efd32f	ambiguous	reviewed-exact-form-without-paradigm-metadata	evidence-final	synodal:candidate:898508efd32f09dc057a656a,synodal:candidate:926ae94b759c62dffeed4579;Esther.4.14;review:v03:898508efd32f	Reviewer confirmed the source-partition Synodal context and conservative OCS sense continuity; exact lexical evidence only, with no productive class inferred.
review:review:v03:8a084860d2ef	english-wiktionary-ocs-kaikki-2026-08-07+ponomar-elizabeth-bible-2026-08-09	review:v03:8a084860d2ef	вѣдѣти	вѣдѣти	verb	lexical-form	synodal:verb:wikt-8a084860d2ef	ambiguous	reviewed-exact-form-without-paradigm-metadata	evidence-final	synodal:candidate:8a084860d2ef88916a77ee7e,synodal:candidate:a734f70e1e9c7128de4ab122;Col.2.1;review:v03:8a084860d2ef	Reviewer confirmed the source-partition Synodal context and conservative OCS sense continuity; exact lexical evidence only, with no productive class inferred.
review:review:v03:8a85b1d05c99	english-wiktionary-ocs-kaikki-2026-08-07+ponomar-elizabeth-bible-2026-08-09	review:v03:8a85b1d05c99	зима	зима	noun	lexical-form	synodal:noun:wikt-8a85b1d05c99	ambiguous	reviewed-exact-form-without-paradigm-metadata	evidence-final	synodal:candidate:8a85b1d05c99272cfe415303,synodal:candidate:eba6da64677809d313a030a8;Jn.10.22;review:v03:8a85b1d05c99	Reviewer confirmed the source-partition Synodal context and conservative OCS sense continuity; exact lexical evidence only, with no productive class inferred.
review:review:v03:8b23e9da3ffd	english-wiktionary-ocs-kaikki-2026-08-07+ponomar-elizabeth-bible-2026-08-09	review:v03:8b23e9da3ffd	ѡбласть	ѡбласть	noun	lexical-form	synodal:noun:wikt-8b23e9da3ffd	ambiguous	reviewed-exact-form-without-paradigm-metadata	evidence-final	synodal:candidate:8b23e9da3ffd82b7f7848492,synodal:candidate:fcc71957bf1f701597cb0d7b;Apoc.6.8;review:v03:8b23e9da3ffd	Reviewer confirmed the source-partition Synodal context and conservative OCS sense continuity; exact lexical evidence only, with no productive class inferred.
review:review:v03:8b40bc3f9667	english-wiktionary-ocs-kaikki-2026-08-07+ponomar-elizabeth-bible-2026-08-09	review:v03:8b40bc3f9667	старъ	старъ	adjective	lexical-form	synodal:adjective:wikt-8b40bc3f9667	ambiguous	reviewed-exact-form-without-paradigm-metadata	evidence-final	synodal:candidate:8b40bc3f9667e496eddf455d,synodal:candidate:2a4826d028cb8047c00eb05a;Composite.1.6;review:v03:8b40bc3f9667	Reviewer confirmed the source-partition Synodal context and conservative OCS sense continuity; exact lexical evidence only, with no productive class inferred.
review:review:v03:8b6b97af0e66	english-wiktionary-ocs-kaikki-2026-08-07+ponomar-elizabeth-bible-2026-08-09	review:v03:8b6b97af0e66	кадило	кадило	noun	lexical-form	rejected:review:v03:8b6b97af0e66	out-of-scope	reviewed-rejection	not-applicable	synodal:candidate:8b6b97af0e66a92a15bfc22f,synodal:candidate:4be556911444c89f99e1408c;Isa.1.13;review:v03:8b6b97af0e66	Rejected: surface belongs to multiple OCS lexeme paradigms; target identity must be resolved manually
review:review:v03:8b6d9af7234f	english-wiktionary-ocs-kaikki-2026-08-07+ponomar-elizabeth-bible-2026-08-09	review:v03:8b6d9af7234f	вторицею	вторицею	adverb	indeclinable	synodal:adverb:wikt-8b6d9af7234f	indeclinable	reviewed-exact-indeclinable	implemented	synodal:candidate:8b6d9af7234f54e78841827b,synodal:candidate:1929529f720df1774a4c8f1f;Acts.10.15;review:v03:8b6d9af7234f	Reviewer confirmed the source-partition Synodal context and conservative OCS sense continuity; exact lexical evidence only, with no productive class inferred.
review:review:v03:8c3c3a86f335	english-wiktionary-ocs-kaikki-2026-08-07+ponomar-elizabeth-bible-2026-08-09	review:v03:8c3c3a86f335	нагъ	нагъ	adjective	lexical-form	synodal:adjective:wikt-8c3c3a86f335	ambiguous	reviewed-exact-form-without-paradigm-metadata	evidence-final	synodal:candidate:8c3c3a86f33508ebeffd5050,synodal:candidate:d20037a2196d75f054696cd5;Amos.2.16;review:v03:8c3c3a86f335	Reviewer confirmed the source-partition Synodal context and conservative OCS sense continuity; exact lexical evidence only, with no productive class inferred.
review:review:v03:8e44f6232ff8	english-wiktionary-ocs-kaikki-2026-08-07+ponomar-elizabeth-bible-2026-08-09	review:v03:8e44f6232ff8	ѿити	ѿити	verb	lexical-form	synodal:verb:wikt-8e44f6232ff8	ambiguous	reviewed-exact-form-without-paradigm-metadata	evidence-final	synodal:candidate:8e44f6232ff8c855e88d84a8,synodal:candidate:79365ea846ba4562c8108ebf;Acts.14.18;review:v03:8e44f6232ff8	Reviewer confirmed the source-partition Synodal context and conservative OCS sense continuity; exact lexical evidence only, with no productive class inferred.
review:review:v03:905c425cfe42	english-wiktionary-ocs-kaikki-2026-08-07+ponomar-elizabeth-bible-2026-08-09	review:v03:905c425cfe42	строитель	строитель	noun	lexical-form	synodal:noun:wikt-905c425cfe42	ambiguous	reviewed-exact-form-without-paradigm-metadata	evidence-final	synodal:candidate:905c425cfe42bd136d3eddc9,synodal:candidate:6a3902b900cbfbdbe5943b60;III_Kings.4.6;review:v03:905c425cfe42	Reviewer confirmed the source-partition Synodal context and conservative OCS sense continuity; exact lexical evidence only, with no productive class inferred.
review:review:v03:907af9980abe	english-wiktionary-ocs-kaikki-2026-08-07+ponomar-elizabeth-bible-2026-08-09	review:v03:907af9980abe	витати	витати	verb	lexical-form	synodal:verb:wikt-907af9980abe	ambiguous	reviewed-exact-form-without-paradigm-metadata	evidence-final	synodal:candidate:907af9980abec6ad9cdb4f2a,synodal:candidate:330612902b8ce7dfd08f9ca3;Gen.24.23;review:v03:907af9980abe	Reviewer confirmed the source-partition Synodal context and conservative OCS sense continuity; exact lexical evidence only, with no productive class inferred.
review:review:v03:90a0997dc00e	english-wiktionary-ocs-kaikki-2026-08-07+ponomar-elizabeth-bible-2026-08-09	review:v03:90a0997dc00e	сѣти	сѣти	verb	lexical-form	rejected:review:v03:90a0997dc00e	out-of-scope	reviewed-rejection	not-applicable	synodal:candidate:90a0997dc00efa91eb6a84d4,synodal:candidate:9cbf79739107abd3ce529136;Eccles.9.12;review:v03:90a0997dc00e	Rejected: surface belongs to multiple OCS lexeme paradigms; target identity must be resolved manually
review:review:v03:910398b7d91e	english-wiktionary-ocs-kaikki-2026-08-07+ponomar-elizabeth-bible-2026-08-09	review:v03:910398b7d91e	дѣти	дѣти	verb	lexical-form	rejected:review:v03:910398b7d91e	out-of-scope	reviewed-rejection	not-applicable	synodal:candidate:910398b7d91e1e41a14dd8b5,synodal:candidate:4f7733783a20db2fa48f327e;Dan.14.21;review:v03:910398b7d91e	Rejected: surface belongs to multiple OCS lexeme paradigms; target identity must be resolved manually
review:review:v03:91c5632d6b85	english-wiktionary-ocs-kaikki-2026-08-07+ponomar-elizabeth-bible-2026-08-09	review:v03:91c5632d6b85	злато	злато	noun	lexical-form	rejected:review:v03:91c5632d6b85	out-of-scope	reviewed-rejection	not-applicable	synodal:candidate:91c5632d6b85a0859359a812,synodal:candidate:c9cdec681dedc3e21c1a1e0f;Apoc.3.18;review:v03:91c5632d6b85	Rejected: surface belongs to multiple OCS lexeme paradigms; target identity must be resolved manually
review:review:v03:928bf31442d9	english-wiktionary-ocs-kaikki-2026-08-07+ponomar-elizabeth-bible-2026-08-09	review:v03:928bf31442d9	не	не	particle	indeclinable	synodal:particle:wikt-928bf31442d9	indeclinable	reviewed-exact-indeclinable	implemented	synodal:candidate:928bf31442d9b3d07f9cd629,synodal:candidate:f1fd5cb7e8bc638b308a2a0d;Acts.1.4;review:v03:928bf31442d9	Reviewer confirmed the source-partition Synodal context and conservative OCS sense continuity; exact lexical evidence only, with no productive class inferred.
review:review:v03:929f4ea98ebd	english-wiktionary-ocs-kaikki-2026-08-07+ponomar-elizabeth-bible-2026-08-09	review:v03:929f4ea98ebd	стѣна	стѣна	noun	lexical-form	synodal:noun:wikt-929f4ea98ebd	ambiguous	reviewed-exact-form-without-paradigm-metadata	evidence-final	synodal:candidate:929f4ea98ebd9375157442ad,synodal:candidate:d0c3f3f6fbd6ae56d3b849c1;Apoc.21.14;review:v03:929f4ea98ebd	Reviewer confirmed the source-partition Synodal context and conservative OCS sense continuity; exact lexical evidence only, with no productive class inferred.
review:review:v03:930e81293cca	english-wiktionary-ocs-kaikki-2026-08-07+ponomar-elizabeth-bible-2026-08-09	review:v03:930e81293cca	масло	масло	noun	lexical-form	synodal:noun:wikt-930e81293cca	ambiguous	reviewed-exact-form-without-paradigm-metadata	evidence-final	synodal:candidate:930e81293ccab1563f543152,synodal:candidate:1d837a26793806f3e5f4cc0f;Dan.13.17;review:v03:930e81293cca	Reviewer confirmed the source-partition Synodal context and conservative OCS sense continuity; exact lexical evidence only, with no productive class inferred.
review:review:v03:9322daf7b953	english-wiktionary-ocs-kaikki-2026-08-07+ponomar-elizabeth-bible-2026-08-09	review:v03:9322daf7b953	красота	красота	noun	lexical-form	synodal:noun:wikt-9322daf7b953	ambiguous	reviewed-exact-form-without-paradigm-metadata	evidence-final	synodal:candidate:9322daf7b9537ade8e89c55e,synodal:candidate:4e8171349bfdb4cfd8109dce;I_Macc.1.26;review:v03:9322daf7b953	Reviewer confirmed the source-partition Synodal context and conservative OCS sense continuity; exact lexical evidence only, with no productive class inferred.
review:review:v03:9345bf8dd103	english-wiktionary-ocs-kaikki-2026-08-07+ponomar-elizabeth-bible-2026-08-09	review:v03:9345bf8dd103	идѣже	идѣже	adverb	indeclinable	synodal:adverb:wikt-9345bf8dd103	indeclinable	reviewed-exact-indeclinable	implemented	synodal:candidate:9345bf8dd103848baf27233d,synodal:candidate:08bdc9202813a009be46f43b;Acts.1.13;review:v03:9345bf8dd103	Reviewer confirmed the source-partition Synodal context and conservative OCS sense continuity; exact lexical evidence only, with no productive class inferred.
review:review:v03:93efdf93523a	english-wiktionary-ocs-kaikki-2026-08-07+ponomar-elizabeth-bible-2026-08-09	review:v03:93efdf93523a	вечеръ	вечеръ	noun	lexical-form	synodal:noun:wikt-93efdf93523a	ambiguous	reviewed-exact-form-without-paradigm-metadata	evidence-final	synodal:candidate:93efdf93523af3fd14e7d6c7,synodal:candidate:bfae9041d88f39b2efa68606;Acts.4.3;review:v03:93efdf93523a	Reviewer confirmed the source-partition Synodal context and conservative OCS sense continuity; exact lexical evidence only, with no productive class inferred.
review:review:v03:9410a0c6ae47	english-wiktionary-ocs-kaikki-2026-08-07+ponomar-elizabeth-bible-2026-08-09	review:v03:9410a0c6ae47	при	при	preposition	indeclinable	synodal:preposition:wikt-9410a0c6ae47	indeclinable	reviewed-exact-indeclinable	implemented	synodal:candidate:9410a0c6ae47c1ee31411cbc,synodal:candidate:2f0d1a4e5888cd71290bf6cf;Acts.2.10;review:v03:9410a0c6ae47	Reviewer confirmed the source-partition Synodal context and conservative OCS sense continuity; exact lexical evidence only, with no productive class inferred.
review:review:v03:9426297191aa	english-wiktionary-ocs-kaikki-2026-08-07+ponomar-elizabeth-bible-2026-08-09	review:v03:9426297191aa	самъ	самъ	adjective	lexical-form	synodal:adjective:wikt-9426297191aa	ambiguous	reviewed-exact-form-without-paradigm-metadata	evidence-final	synodal:candidate:9426297191aa8781aa9935b0,synodal:candidate:fc0bd20d8cd0b64d5258e2b8;Acts.2.34;review:v03:9426297191aa	Reviewer confirmed the source-partition Synodal context and conservative OCS sense continuity; exact lexical evidence only, with no productive class inferred.
review:review:v03:9444ca7bd2ab	english-wiktionary-ocs-kaikki-2026-08-07+ponomar-elizabeth-bible-2026-08-09	review:v03:9444ca7bd2ab	гадъ	гадъ	noun	lexical-form	synodal:noun:wikt-9444ca7bd2ab	ambiguous	reviewed-exact-form-without-paradigm-metadata	evidence-final	synodal:candidate:9444ca7bd2ab59b4fd5eaf6f,synodal:candidate:12383721f9dc4e8beea9a180;Deut.27.13;review:v03:9444ca7bd2ab	Reviewer confirmed the source-partition Synodal context and conservative OCS sense continuity; exact lexical evidence only, with no productive class inferred.
review:review:v03:949f8d24f46c	english-wiktionary-ocs-kaikki-2026-08-07+ponomar-elizabeth-bible-2026-08-09	review:v03:949f8d24f46c	класъ	класъ	noun	lexical-form	synodal:noun:wikt-949f8d24f46c	ambiguous	reviewed-exact-form-without-paradigm-metadata	evidence-final	synodal:candidate:949f8d24f46c990b8b639968,synodal:candidate:53afcc384cdf88b3cd762f42;Job.24.24;review:v03:949f8d24f46c	Reviewer confirmed the source-partition Synodal context and conservative OCS sense continuity; exact lexical evidence only, with no productive class inferred.
review:review:v03:94e07f09b935	english-wiktionary-ocs-kaikki-2026-08-07+ponomar-elizabeth-bible-2026-08-09	review:v03:94e07f09b935	понести	понести	verb	lexical-form	synodal:verb:wikt-94e07f09b935	ambiguous	reviewed-exact-form-without-paradigm-metadata	evidence-final	synodal:candidate:94e07f09b93595e6a36faed1,synodal:candidate:ab277f380ad3dce3b3467e42;Acts.15.10;review:v03:94e07f09b935	Reviewer confirmed the source-partition Synodal context and conservative OCS sense continuity; exact lexical evidence only, with no productive class inferred.
review:review:v03:950934f2f7ac	english-wiktionary-ocs-kaikki-2026-08-07+ponomar-elizabeth-bible-2026-08-09	review:v03:950934f2f7ac	чело	чело	noun	lexical-form	synodal:noun:wikt-950934f2f7ac	ambiguous	reviewed-exact-form-without-paradigm-metadata	evidence-final	synodal:candidate:950934f2f7ac242c2be49106,synodal:candidate:722ac9bb453bb9a1fb15a7fa;II_Paral.26.19;review:v03:950934f2f7ac	Reviewer confirmed the source-partition Synodal context and conservative OCS sense continuity; exact lexical evidence only, with no productive class inferred.
review:review:v03:95a5a738f393	english-wiktionary-ocs-kaikki-2026-08-07+ponomar-elizabeth-bible-2026-08-09	review:v03:95a5a738f393	пламень	пламень	noun	lexical-form	rejected:review:v03:95a5a738f393	out-of-scope	reviewed-rejection	not-applicable	synodal:candidate:95a5a738f393c80f26f1d0c1,synodal:candidate:3b8a5c313091241fafdd47e8;Apoc.1.14;review:v03:95a5a738f393	Rejected: surface belongs to multiple OCS lexeme paradigms; target identity must be resolved manually
review:review:v03:95e7e3d90514	english-wiktionary-ocs-kaikki-2026-08-07+ponomar-elizabeth-bible-2026-08-09	review:v03:95e7e3d90514	крінъ	крінъ	noun	lexical-form	synodal:noun:wikt-95e7e3d90514	ambiguous	reviewed-exact-form-without-paradigm-metadata	evidence-final	synodal:candidate:95e7e3d9051446c0352311cd,synodal:candidate:c59f4c8fe76f08a36ecb6f08;Ex.25.33;review:v03:95e7e3d90514	Reviewer confirmed the source-partition Synodal context and conservative OCS sense continuity; exact lexical evidence only, with no productive class inferred.
review:review:v03:96cfa329cd08	english-wiktionary-ocs-kaikki-2026-08-07+ponomar-elizabeth-bible-2026-08-09	review:v03:96cfa329cd08	мощь	мощь	noun	lexical-form	rejected:review:v03:96cfa329cd08	out-of-scope	reviewed-rejection	not-applicable	synodal:candidate:96cfa329cd08fcb6b9683024,synodal:candidate:56cecc7dd4da74d66d56f574;Job.16.15;review:v03:96cfa329cd08	Rejected: surface belongs to multiple OCS lexeme paradigms; target identity must be resolved manually
review:review:v03:970c62819eb0	english-wiktionary-ocs-kaikki-2026-08-07+ponomar-elizabeth-bible-2026-08-09	review:v03:970c62819eb0	точило	точило	noun	lexical-form	synodal:noun:wikt-970c62819eb0	ambiguous	reviewed-exact-form-without-paradigm-metadata	evidence-final	synodal:candidate:970c62819eb08efd5ac1ea6f,synodal:candidate:1d1002e72545d865be658a90;Apoc.14.19;review:v03:970c62819eb0	Reviewer confirmed the source-partition Synodal context and conservative OCS sense continuity; exact lexical evidence only, with no productive class inferred.
review:review:v03:9766969fe0b1	english-wiktionary-ocs-kaikki-2026-08-07+ponomar-elizabeth-bible-2026-08-09	review:v03:9766969fe0b1	видимъ	видимъ	adjective	lexical-form	rejected:review:v03:9766969fe0b1	out-of-scope	reviewed-rejection	not-applicable	synodal:candidate:9766969fe0b158842a265c86,synodal:candidate:cb06f083ba0dbe9dcee509c3;Composite.8.54;review:v03:9766969fe0b1	Rejected: surface belongs to multiple OCS lexeme paradigms; target identity must be resolved manually
review:review:v03:9a0b7e580bef	english-wiktionary-ocs-kaikki-2026-08-07+ponomar-elizabeth-bible-2026-08-09	review:v03:9a0b7e580bef	поне	поне	conjunction	indeclinable	synodal:conjunction:wikt-9a0b7e580bef	indeclinable	reviewed-exact-indeclinable	implemented	synodal:candidate:9a0b7e580bef29243f62066f,synodal:candidate:8e86723ce25259e0c81acd36;Acts.5.15;review:v03:9a0b7e580bef	Reviewer confirmed the source-partition Synodal context and conservative OCS sense continuity; exact lexical evidence only, with no productive class inferred.
review:review:v03:9a26baea70f0	english-wiktionary-ocs-kaikki-2026-08-07+ponomar-elizabeth-bible-2026-08-09	review:v03:9a26baea70f0	камѡ	камѡ	adverb	indeclinable	synodal:adverb:wikt-9a26baea70f0	indeclinable	reviewed-exact-indeclinable	implemented	synodal:candidate:9a26baea70f0a630b5272a58,synodal:candidate:bd2759c2b7556dafc8e7af4c;Deut.1.28;review:v03:9a26baea70f0	Reviewer confirmed the source-partition Synodal context and conservative OCS sense continuity; exact lexical evidence only, with no productive class inferred.
review:review:v03:9bc9229b1648	english-wiktionary-ocs-kaikki-2026-08-07+ponomar-elizabeth-bible-2026-08-09	review:v03:9bc9229b1648	трава	трава	noun	lexical-form	synodal:noun:wikt-9bc9229b1648	ambiguous	reviewed-exact-form-without-paradigm-metadata	evidence-final	synodal:candidate:9bc9229b1648e29585949544,synodal:candidate:d31c719f326c1044b984ae6a;Apoc.8.7;review:v03:9bc9229b1648	Reviewer confirmed the source-partition Synodal context and conservative OCS sense continuity; exact lexical evidence only, with no productive class inferred.
review:review:v03:9c77102d5441	english-wiktionary-ocs-kaikki-2026-08-07+ponomar-elizabeth-bible-2026-08-09	review:v03:9c77102d5441	въ	въ	preposition	indeclinable	synodal:preposition:wikt-9c77102d5441	indeclinable	reviewed-exact-indeclinable	implemented	synodal:candidate:9c77102d5441eded9c2fc438,synodal:candidate:74ed9ea2a22a7faaf945cdf6;Acts.1.6;review:v03:9c77102d5441	Reviewer confirmed the source-partition Synodal context and conservative OCS sense continuity; exact lexical evidence only, with no productive class inferred.
review:review:v03:9d7335013020	english-wiktionary-ocs-kaikki-2026-08-07+ponomar-elizabeth-bible-2026-08-09	review:v03:9d7335013020	старость	старость	noun	lexical-form	synodal:noun:wikt-9d7335013020	ambiguous	reviewed-exact-form-without-paradigm-metadata	evidence-final	synodal:candidate:9d733501302010f89a1f296d,synodal:candidate:f3fcec64c80c16587dd672a7;Gen.44.20;review:v03:9d7335013020	Reviewer confirmed the source-partition Synodal context and conservative OCS sense continuity; exact lexical evidence only, with no productive class inferred.
review:review:v03:9d806d6820a3	english-wiktionary-ocs-kaikki-2026-08-07+ponomar-elizabeth-bible-2026-08-09	review:v03:9d806d6820a3	юноша	юноша	noun	lexical-form	synodal:noun:wikt-9d806d6820a3	ambiguous	reviewed-exact-form-without-paradigm-metadata	evidence-final	synodal:candidate:9d806d6820a327db2a469d35,synodal:candidate:0f8960cdd55e4e5fbadbcd8a;Dan.13.37;review:v03:9d806d6820a3	Reviewer confirmed the source-partition Synodal context and conservative OCS sense continuity; exact lexical evidence only, with no productive class inferred.
review:review:v03:9e01e365b0c1	english-wiktionary-ocs-kaikki-2026-08-07+ponomar-elizabeth-bible-2026-08-09	review:v03:9e01e365b0c1	конобъ	конобъ	noun	lexical-form	synodal:noun:wikt-9e01e365b0c1	ambiguous	reviewed-exact-form-without-paradigm-metadata	evidence-final	synodal:candidate:9e01e365b0c1d38d38bcf7fb,synodal:candidate:d886964d260ffc2ab1ae63cf;Ezek.11.7;review:v03:9e01e365b0c1	Reviewer confirmed the source-partition Synodal context and conservative OCS sense continuity; exact lexical evidence only, with no productive class inferred.
review:review:v03:9e3893b05794	english-wiktionary-ocs-kaikki-2026-08-07+ponomar-elizabeth-bible-2026-08-09	review:v03:9e3893b05794	побѣда	побѣда	noun	lexical-form	synodal:noun:wikt-9e3893b05794	ambiguous	reviewed-exact-form-without-paradigm-metadata	evidence-final	synodal:candidate:9e3893b057940d207907ece7,synodal:candidate:bfc033d7de2411ff453470e2;II_Esdra.3.9;review:v03:9e3893b05794	Reviewer confirmed the source-partition Synodal context and conservative OCS sense continuity; exact lexical evidence only, with no productive class inferred.
review:review:v03:9e403ba8e97c	english-wiktionary-ocs-kaikki-2026-08-07+ponomar-elizabeth-bible-2026-08-09	review:v03:9e403ba8e97c	знамѧ	знамѧ	noun	lexical-form	synodal:noun:wikt-9e403ba8e97c	ambiguous	reviewed-exact-form-without-paradigm-metadata	evidence-final	synodal:candidate:9e403ba8e97c8cea23d83769,synodal:candidate:d9538b91b3304d3086668f33;Isa.30.17;review:v03:9e403ba8e97c	Reviewer confirmed the source-partition Synodal context and conservative OCS sense continuity; exact lexical evidence only, with no productive class inferred.
review:review:v03:9e60ca100659	english-wiktionary-ocs-kaikki-2026-08-07+ponomar-elizabeth-bible-2026-08-09	review:v03:9e60ca100659	закровъ	закровъ	noun	lexical-form	synodal:noun:wikt-9e60ca100659	ambiguous	reviewed-exact-form-without-paradigm-metadata	evidence-final	synodal:candidate:9e60ca100659f9b29973bd16,synodal:candidate:11a968d18e3c49fb2fe1df7c;Ex.26.36;review:v03:9e60ca100659	Reviewer confirmed the source-partition Synodal context and conservative OCS sense continuity; exact lexical evidence only, with no productive class inferred.
review:review:v03:9e77be5c72f8	english-wiktionary-ocs-kaikki-2026-08-07+ponomar-elizabeth-bible-2026-08-09	review:v03:9e77be5c72f8	лѣть	лѣть	noun	lexical-form	synodal:noun:wikt-9e77be5c72f8	ambiguous	reviewed-exact-form-without-paradigm-metadata	evidence-final	synodal:candidate:9e77be5c72f889fcd9820cd1,synodal:candidate:ec72282aff022c7a0074525a;Acts.21.37;review:v03:9e77be5c72f8	Reviewer confirmed the source-partition Synodal context and conservative OCS sense continuity; exact lexical evidence only, with no productive class inferred.
review:review:v03:9eb57461f31e	english-wiktionary-ocs-kaikki-2026-08-07+ponomar-elizabeth-bible-2026-08-09	review:v03:9eb57461f31e	постъ	постъ	noun	lexical-form	synodal:noun:wikt-9eb57461f31e	ambiguous	reviewed-exact-form-without-paradigm-metadata	evidence-final	synodal:candidate:9eb57461f31e3721597694d9,synodal:candidate:bc574066be8125fae9d32ccf;III_Kings.21.12;review:v03:9eb57461f31e	Reviewer confirmed the source-partition Synodal context and conservative OCS sense continuity; exact lexical evidence only, with no productive class inferred.
review:review:v03:9efd2390f9c0	english-wiktionary-ocs-kaikki-2026-08-07+ponomar-elizabeth-bible-2026-08-09	review:v03:9efd2390f9c0	повѣсть	повѣсть	noun	lexical-form	synodal:noun:wikt-9efd2390f9c0	ambiguous	reviewed-exact-form-without-paradigm-metadata	evidence-final	synodal:candidate:9efd2390f9c07a8255f8c735,synodal:candidate:674ca1ae0c95d60365a6733e;Ezek.17.2;review:v03:9efd2390f9c0	Reviewer confirmed the source-partition Synodal context and conservative OCS sense continuity; exact lexical evidence only, with no productive class inferred.
review:review:v03:9f799208c963	english-wiktionary-ocs-kaikki-2026-08-07+ponomar-elizabeth-bible-2026-08-09	review:v03:9f799208c963	плѣнъ	плѣнъ	noun	lexical-form	synodal:noun:wikt-9f799208c963	ambiguous	reviewed-exact-form-without-paradigm-metadata	evidence-final	synodal:candidate:9f799208c963bdd023e03d87,synodal:candidate:9ba80a722b5ce87a7bbdc03d;Amos.1.15;review:v03:9f799208c963	Reviewer confirmed the source-partition Synodal context and conservative OCS sense continuity; exact lexical evidence only, with no productive class inferred.
review:review:v03:9fbb97835974	english-wiktionary-ocs-kaikki-2026-08-07+ponomar-elizabeth-bible-2026-08-09	review:v03:9fbb97835974	хвостъ	хвостъ	noun	lexical-form	synodal:noun:wikt-9fbb97835974	ambiguous	reviewed-exact-form-without-paradigm-metadata	evidence-final	synodal:candidate:9fbb97835974eaed5544f028,synodal:candidate:3a19f1841fbf7f5888c85a95;Deut.28.13;review:v03:9fbb97835974	Reviewer confirmed the source-partition Synodal context and conservative OCS sense continuity; exact lexical evidence only, with no productive class inferred.
review:review:v03:9fe1de3368c3	english-wiktionary-ocs-kaikki-2026-08-07+ponomar-elizabeth-bible-2026-08-09	review:v03:9fe1de3368c3	хлѣбъ	хлѣбъ	noun	lexical-form	synodal:noun:wikt-9fe1de3368c3	ambiguous	reviewed-exact-form-without-paradigm-metadata	evidence-final	synodal:candidate:9fe1de3368c3b21feb0e3715,synodal:candidate:da2b9bf16fdaca5853846af3;Acts.2.46;review:v03:9fe1de3368c3	Reviewer confirmed the source-partition Synodal context and conservative OCS sense continuity; exact lexical evidence only, with no productive class inferred.
review:review:v03:a0460e26ad87	english-wiktionary-ocs-kaikki-2026-08-07+ponomar-elizabeth-bible-2026-08-09	review:v03:a0460e26ad87	скотъ	скотъ	noun	lexical-form	synodal:noun:wikt-a0460e26ad87	ambiguous	reviewed-exact-form-without-paradigm-metadata	evidence-final	synodal:candidate:a0460e26ad87ef9f5b436bb5,synodal:candidate:8d2ac0ca0ed549f4d2c3dff7;Deut.3.19;review:v03:a0460e26ad87	Reviewer confirmed the source-partition Synodal context and conservative OCS sense continuity; exact lexical evidence only, with no productive class inferred.
review:review:v03:a0a33dfa77c7	english-wiktionary-ocs-kaikki-2026-08-07+ponomar-elizabeth-bible-2026-08-09	review:v03:a0a33dfa77c7	мати	мати	noun	lexical-form	synodal:noun:wikt-a0a33dfa77c7	ambiguous	reviewed-exact-form-without-paradigm-metadata	evidence-final	synodal:candidate:a0a33dfa77c79c20e37dedad,synodal:candidate:5930049907e62672a85a880c;Apoc.17.5;review:v03:a0a33dfa77c7	Reviewer confirmed the source-partition Synodal context and conservative OCS sense continuity; exact lexical evidence only, with no productive class inferred.
review:review:v03:a0dc1a363208	english-wiktionary-ocs-kaikki-2026-08-07+ponomar-elizabeth-bible-2026-08-09	review:v03:a0dc1a363208	оубо	оубо	conjunction	indeclinable	synodal:conjunction:wikt-a0dc1a363208	indeclinable	reviewed-exact-indeclinable	implemented	synodal:candidate:a0dc1a36320853f8795091e6,synodal:candidate:70c8369c4a1fea72a08b27c9;Heb.4.9;review:v03:a0dc1a363208	Reviewer confirmed the source-partition Synodal context and conservative OCS sense continuity; exact lexical evidence only, with no productive class inferred.
review:review:v03:a18629b39c2d	english-wiktionary-ocs-kaikki-2026-08-07+ponomar-elizabeth-bible-2026-08-09	review:v03:a18629b39c2d	видъ	видъ	noun	lexical-form	synodal:noun:wikt-a18629b39c2d	ambiguous	reviewed-exact-form-without-paradigm-metadata	evidence-final	synodal:candidate:a18629b39c2df655d4a3651f,synodal:candidate:c715dc43ac39fc23476579eb;Ezek.1.26;review:v03:a18629b39c2d	Reviewer confirmed the source-partition Synodal context and conservative OCS sense continuity; exact lexical evidence only, with no productive class inferred.
review:review:v03:a1a656a49417	english-wiktionary-ocs-kaikki-2026-08-07+ponomar-elizabeth-bible-2026-08-09	review:v03:a1a656a49417	капище	капище	noun	lexical-form	synodal:noun:wikt-a1a656a49417	ambiguous	reviewed-exact-form-without-paradigm-metadata	evidence-final	synodal:candidate:a1a656a49417531a9c4b0fb2,synodal:candidate:feeb8b1940dc87d236fa179d;Acts.17.23;review:v03:a1a656a49417	Reviewer confirmed the source-partition Synodal context and conservative OCS sense continuity; exact lexical evidence only, with no productive class inferred.
review:review:v03:a261d72d93f6	english-wiktionary-ocs-kaikki-2026-08-07+ponomar-elizabeth-bible-2026-08-09	review:v03:a261d72d93f6	ѡбида	ѡбида	noun	lexical-form	synodal:noun:wikt-a261d72d93f6	ambiguous	reviewed-exact-form-without-paradigm-metadata	evidence-final	synodal:candidate:a261d72d93f69860063d3a19,synodal:candidate:439ab8c312dbebc4cd661a2c;Gen.16.5;review:v03:a261d72d93f6	Reviewer confirmed the source-partition Synodal context and conservative OCS sense continuity; exact lexical evidence only, with no productive class inferred.
review:review:v03:a2790a319b8f	english-wiktionary-ocs-kaikki-2026-08-07+ponomar-elizabeth-bible-2026-08-09	review:v03:a2790a319b8f	ѡбѣтъ	ѡбѣтъ	noun	lexical-form	synodal:noun:wikt-a2790a319b8f	ambiguous	reviewed-exact-form-without-paradigm-metadata	evidence-final	synodal:candidate:a2790a319b8f5954f146263f,synodal:candidate:fa952ff8da4edf422321c06b;Deut.23.18;review:v03:a2790a319b8f	Reviewer confirmed the source-partition Synodal context and conservative OCS sense continuity; exact lexical evidence only, with no productive class inferred.
review:review:v03:a284cda01217	english-wiktionary-ocs-kaikki-2026-08-07+ponomar-elizabeth-bible-2026-08-09	review:v03:a284cda01217	тамѡ	тамѡ	adverb	indeclinable	synodal:adverb:wikt-a284cda01217	indeclinable	reviewed-exact-indeclinable	implemented	synodal:candidate:a284cda012172a1236d5f71e,synodal:candidate:8220b95e72881ee58d592ecf;Acts.9.33;review:v03:a284cda01217	Reviewer confirmed the source-partition Synodal context and conservative OCS sense continuity; exact lexical evidence only, with no productive class inferred.
review:review:v03:a35c79b9abad	english-wiktionary-ocs-kaikki-2026-08-07+ponomar-elizabeth-bible-2026-08-09	review:v03:a35c79b9abad	ради	ради	preposition	indeclinable	synodal:preposition:wikt-a35c79b9abad	indeclinable	reviewed-exact-indeclinable	implemented	synodal:candidate:a35c79b9abadfa832020206f,synodal:candidate:1ea8f8196096f278c80574ce;Acts.2.26;review:v03:a35c79b9abad	Reviewer confirmed the source-partition Synodal context and conservative OCS sense continuity; exact lexical evidence only, with no productive class inferred.
review:review:v03:a3753d32f6e6	english-wiktionary-ocs-kaikki-2026-08-07+ponomar-elizabeth-bible-2026-08-09	review:v03:a3753d32f6e6	жилище	жилище	noun	lexical-form	synodal:noun:wikt-a3753d32f6e6	ambiguous	reviewed-exact-form-without-paradigm-metadata	evidence-final	synodal:candidate:a3753d32f6e63f5639067f66,synodal:candidate:ad7c2d112bbce7dbe7b4e33b;Apoc.18.2;review:v03:a3753d32f6e6	Reviewer confirmed the source-partition Synodal context and conservative OCS sense continuity; exact lexical evidence only, with no productive class inferred.
review:review:v03:a37ef61183ba	english-wiktionary-ocs-kaikki-2026-08-07+ponomar-elizabeth-bible-2026-08-09	review:v03:a37ef61183ba	слабъ	слабъ	adjective	lexical-form	synodal:adjective:wikt-a37ef61183ba	ambiguous	reviewed-exact-form-without-paradigm-metadata	evidence-final	synodal:candidate:a37ef61183ba2b6e454132b9,synodal:candidate:d275695b3cbc0cc7546e96fe;Deut.20.8;review:v03:a37ef61183ba	Reviewer confirmed the source-partition Synodal context and conservative OCS sense continuity; exact lexical evidence only, with no productive class inferred.
review:review:v03:a386d8948980	english-wiktionary-ocs-kaikki-2026-08-07+ponomar-elizabeth-bible-2026-08-09	review:v03:a386d8948980	ключь	ключь	noun	lexical-form	rejected:review:v03:a386d8948980	out-of-scope	reviewed-rejection	not-applicable	synodal:candidate:a386d89489805d56e02904fa,synodal:candidate:8457da24089db71039b184cf;Apoc.3.7;review:v03:a386d8948980	Rejected: surface belongs to multiple OCS lexeme paradigms; target identity must be resolved manually
review:review:v03:a3d0138616f5	english-wiktionary-ocs-kaikki-2026-08-07+ponomar-elizabeth-bible-2026-08-09	review:v03:a3d0138616f5	поити	поити	verb	lexical-form	synodal:verb:wikt-a3d0138616f5	ambiguous	reviewed-exact-form-without-paradigm-metadata	evidence-final	synodal:candidate:a3d0138616f5662edfea67b8,synodal:candidate:60a445c539a851701f20971f;Acts.16.7;review:v03:a3d0138616f5	Reviewer confirmed the source-partition Synodal context and conservative OCS sense continuity; exact lexical evidence only, with no productive class inferred.
review:review:v03:a40ccf1752e6	english-wiktionary-ocs-kaikki-2026-08-07+ponomar-elizabeth-bible-2026-08-09	review:v03:a40ccf1752e6	проити	проити	verb	lexical-form	synodal:verb:wikt-a40ccf1752e6	ambiguous	reviewed-exact-form-without-paradigm-metadata	evidence-final	synodal:candidate:a40ccf1752e654a62f17aa60,synodal:candidate:96343e6d81cc0364484a9df8;II_Cor.1.16;review:v03:a40ccf1752e6	Reviewer confirmed the source-partition Synodal context and conservative OCS sense continuity; exact lexical evidence only, with no productive class inferred.
review:review:v03:a429d7480a31	english-wiktionary-ocs-kaikki-2026-08-07+ponomar-elizabeth-bible-2026-08-09	review:v03:a429d7480a31	дѣлатель	дѣлатель	noun	lexical-form	synodal:noun:wikt-a429d7480a31	ambiguous	reviewed-exact-form-without-paradigm-metadata	evidence-final	synodal:candidate:a429d7480a31a3ff39aa6c10,synodal:candidate:be3e837b5216951451fe15a0;III_Esdra.9.17;review:v03:a429d7480a31	Reviewer confirmed the source-partition Synodal context and conservative OCS sense continuity; exact lexical evidence only, with no productive class inferred.
review:review:v03:a4923d0e43b2	english-wiktionary-ocs-kaikki-2026-08-07+ponomar-elizabeth-bible-2026-08-09	review:v03:a4923d0e43b2	свобода	свобода	noun	lexical-form	synodal:noun:wikt-a4923d0e43b2	ambiguous	reviewed-exact-form-without-paradigm-metadata	evidence-final	synodal:candidate:a4923d0e43b27171277e622b,synodal:candidate:7124d27ec76b5bbc14c3c14e;Gal.5.13;review:v03:a4923d0e43b2	Reviewer confirmed the source-partition Synodal context and conservative OCS sense continuity; exact lexical evidence only, with no productive class inferred.
review:review:v03:a4bc4c95c980	english-wiktionary-ocs-kaikki-2026-08-07+ponomar-elizabeth-bible-2026-08-09	review:v03:a4bc4c95c980	сѣверъ	сѣверъ	noun	lexical-form	synodal:noun:wikt-a4bc4c95c980	ambiguous	reviewed-exact-form-without-paradigm-metadata	evidence-final	synodal:candidate:a4bc4c95c98021f3b1237523,synodal:candidate:c49e44cb6ed65740238875fb;Dan.8.4;review:v03:a4bc4c95c980	Reviewer confirmed the source-partition Synodal context and conservative OCS sense continuity; exact lexical evidence only, with no productive class inferred.
review:review:v03:a505eda50c12	english-wiktionary-ocs-kaikki-2026-08-07+ponomar-elizabeth-bible-2026-08-09	review:v03:a505eda50c12	ѡблакъ	ѡблакъ	noun	lexical-form	synodal:noun:wikt-a505eda50c12	ambiguous	reviewed-exact-form-without-paradigm-metadata	evidence-final	synodal:candidate:a505eda50c129420ed6916ca,synodal:candidate:82a6ac5f89ca7d5aaab80fff;Acts.1.9;review:v03:a505eda50c12	Reviewer confirmed the source-partition Synodal context and conservative OCS sense continuity; exact lexical evidence only, with no productive class inferred.
review:review:v03:a525429c2611	english-wiktionary-ocs-kaikki-2026-08-07+ponomar-elizabeth-bible-2026-08-09	review:v03:a525429c2611	тварь	тварь	noun	lexical-form	synodal:noun:wikt-a525429c2611	ambiguous	reviewed-exact-form-without-paradigm-metadata	evidence-final	synodal:candidate:a525429c2611f22b4a235f48,synodal:candidate:f8e143755f1bfd7674bd7356;Gal.6.15;review:v03:a525429c2611	Reviewer confirmed the source-partition Synodal context and conservative OCS sense continuity; exact lexical evidence only, with no productive class inferred.
review:review:v03:a574507d33e1	english-wiktionary-ocs-kaikki-2026-08-07+ponomar-elizabeth-bible-2026-08-09	review:v03:a574507d33e1	свои	свои	pronoun	lexical-form	synodal:pronoun:wikt-a574507d33e1	ambiguous	reviewed-exact-form-without-paradigm-metadata	evidence-final	synodal:candidate:a574507d33e1c2038d40c472,synodal:candidate:14ef4353c3a2155c357ee5b9;Acts.9.40;review:v03:a574507d33e1	Reviewer confirmed the source-partition Synodal context and conservative OCS sense continuity; exact lexical evidence only, with no productive class inferred.
review:review:v03:a589a95f8b48	english-wiktionary-ocs-kaikki-2026-08-07+ponomar-elizabeth-bible-2026-08-09	review:v03:a589a95f8b48	дѣти	дѣти	noun	lexical-form	rejected:review:v03:a589a95f8b48	out-of-scope	reviewed-rejection	not-applicable	synodal:candidate:a589a95f8b485bbbf2de33f6,synodal:candidate:4f7733783a20db2fa48f327e;Dan.14.21;review:v03:a589a95f8b48	Rejected: surface belongs to multiple OCS lexeme paradigms; target identity must be resolved manually
review:review:v03:a5aa84541043	english-wiktionary-ocs-kaikki-2026-08-07+ponomar-elizabeth-bible-2026-08-09	review:v03:a5aa84541043	жестокъ	жестокъ	adjective	lexical-form	synodal:adjective:wikt-a5aa84541043	ambiguous	reviewed-exact-form-without-paradigm-metadata	evidence-final	synodal:candidate:a5aa84541043ce2eb40a1676,synodal:candidate:9f2ce0b8d9089fecc25808d4;Eccles.7.18;review:v03:a5aa84541043	Reviewer confirmed the source-partition Synodal context and conservative OCS sense continuity; exact lexical evidence only, with no productive class inferred.
review:review:v03:a601ebe6bbf1	english-wiktionary-ocs-kaikki-2026-08-07+ponomar-elizabeth-bible-2026-08-09	review:v03:a601ebe6bbf1	плакати	плакати	verb	lexical-form	synodal:verb:wikt-a601ebe6bbf1	ambiguous	reviewed-exact-form-without-paradigm-metadata	evidence-final	synodal:candidate:a601ebe6bbf1d00c194fec30,synodal:candidate:2d48bddb38bc8b37843ce6b7;Eccles.3.4;review:v03:a601ebe6bbf1	Reviewer confirmed the source-partition Synodal context and conservative OCS sense continuity; exact lexical evidence only, with no productive class inferred.
review:review:v03:a61007519ae8	english-wiktionary-ocs-kaikki-2026-08-07+ponomar-elizabeth-bible-2026-08-09	review:v03:a61007519ae8	рогъ	рогъ	noun	lexical-form	synodal:noun:wikt-a61007519ae8	ambiguous	reviewed-exact-form-without-paradigm-metadata	evidence-final	synodal:candidate:a61007519ae891b2288b10eb,synodal:candidate:f01917356df286b85f6c6426;Dan.7.8;review:v03:a61007519ae8	Reviewer confirmed the source-partition Synodal context and conservative OCS sense continuity; exact lexical evidence only, with no productive class inferred.
review:review:v03:a6817cab5929	english-wiktionary-ocs-kaikki-2026-08-07+ponomar-elizabeth-bible-2026-08-09	review:v03:a6817cab5929	бѣда	бѣда	noun	lexical-form	synodal:noun:wikt-a6817cab5929	ambiguous	reviewed-exact-form-without-paradigm-metadata	evidence-final	synodal:candidate:a6817cab5929505aef790e1d,synodal:candidate:4532b6012848bdb963743058;Esther.4.17;review:v03:a6817cab5929	Reviewer confirmed the source-partition Synodal context and conservative OCS sense continuity; exact lexical evidence only, with no productive class inferred.
review:review:v03:a699ead0c3a0	english-wiktionary-ocs-kaikki-2026-08-07+ponomar-elizabeth-bible-2026-08-09	review:v03:a699ead0c3a0	достоинъ	достоинъ	adjective	lexical-form	synodal:adjective:wikt-a699ead0c3a0	ambiguous	reviewed-exact-form-without-paradigm-metadata	evidence-final	synodal:candidate:a699ead0c3a0b03ff74117ba,synodal:candidate:f8d1245f4ae7c4af920121e4;Acts.13.25;review:v03:a699ead0c3a0	Reviewer confirmed the source-partition Synodal context and conservative OCS sense continuity; exact lexical evidence only, with no productive class inferred.
review:review:v03:a71bbb7fccf7	english-wiktionary-ocs-kaikki-2026-08-07+ponomar-elizabeth-bible-2026-08-09	review:v03:a71bbb7fccf7	синь	синь	adjective	lexical-form	rejected:review:v03:a71bbb7fccf7	out-of-scope	reviewed-rejection	not-applicable	synodal:candidate:a71bbb7fccf768080c64a4e1,synodal:candidate:ae6f20a67fb462b911f9611f;Ex.36.8;review:v03:a71bbb7fccf7	Rejected: surface belongs to multiple OCS lexeme paradigms; target identity must be resolved manually
review:review:v03:a779a9e0de4c	english-wiktionary-ocs-kaikki-2026-08-07+ponomar-elizabeth-bible-2026-08-09	review:v03:a779a9e0de4c	мѣхъ	мѣхъ	noun	lexical-form	synodal:noun:wikt-a779a9e0de4c	ambiguous	reviewed-exact-form-without-paradigm-metadata	evidence-final	synodal:candidate:a779a9e0de4ccaad96aad90d,synodal:candidate:d28733605e6f9468b15a1e64;Gen.21.14;review:v03:a779a9e0de4c	Reviewer confirmed the source-partition Synodal context and conservative OCS sense continuity; exact lexical evidence only, with no productive class inferred.
review:review:v03:a85269b71b16	english-wiktionary-ocs-kaikki-2026-08-07+ponomar-elizabeth-bible-2026-08-09	review:v03:a85269b71b16	краи	краи	noun	lexical-form	synodal:noun:wikt-a85269b71b16	ambiguous	reviewed-exact-form-without-paradigm-metadata	evidence-final	synodal:candidate:a85269b71b1633b139f7d7b7,synodal:candidate:d6ca0a82a77ba04a6c6eb40d;Ex.14.30;review:v03:a85269b71b16	Reviewer confirmed the source-partition Synodal context and conservative OCS sense continuity; exact lexical evidence only, with no productive class inferred.
review:review:v03:a9cef2fd54e7	english-wiktionary-ocs-kaikki-2026-08-07+ponomar-elizabeth-bible-2026-08-09	review:v03:a9cef2fd54e7	благъ	благъ	adjective	lexical-form	synodal:adjective:wikt-a9cef2fd54e7	ambiguous	reviewed-exact-form-without-paradigm-metadata	evidence-final	synodal:candidate:a9cef2fd54e7bd9b152cd607,synodal:candidate:5f486ddcf8db5c5c69db59ea;Composite.4.9;review:v03:a9cef2fd54e7	Reviewer confirmed the source-partition Synodal context and conservative OCS sense continuity; exact lexical evidence only, with no productive class inferred.
review:review:v03:a9d4bcddc46d	english-wiktionary-ocs-kaikki-2026-08-07+ponomar-elizabeth-bible-2026-08-09	review:v03:a9d4bcddc46d	сице	сице	adverb	indeclinable	synodal:adverb:wikt-a9d4bcddc46d	indeclinable	reviewed-exact-indeclinable	implemented	synodal:candidate:a9d4bcddc46d6c7a712a09b3,synodal:candidate:e3245089ccd3cf8e3526986b;Acts.7.6;review:v03:a9d4bcddc46d	Reviewer confirmed the source-partition Synodal context and conservative OCS sense continuity; exact lexical evidence only, with no productive class inferred.
review:review:v03:ab7115ba0909	english-wiktionary-ocs-kaikki-2026-08-07+ponomar-elizabeth-bible-2026-08-09	review:v03:ab7115ba0909	мои	мои	pronoun	lexical-form	rejected:review:v03:ab7115ba0909	out-of-scope	reviewed-rejection	not-applicable	synodal:candidate:ab7115ba090975e4dce40585,synodal:candidate:ee2d5947ec0b5fadeafa4dab;Acts.20.34;review:v03:ab7115ba0909	Rejected: surface belongs to multiple OCS lexeme paradigms; target identity must be resolved manually
review:review:v03:abc6b7472112	english-wiktionary-ocs-kaikki-2026-08-07+ponomar-elizabeth-bible-2026-08-09	review:v03:abc6b7472112	инъ	инъ	pronoun	lexical-form	synodal:pronoun:wikt-abc6b7472112	ambiguous	reviewed-exact-form-without-paradigm-metadata	evidence-final	synodal:candidate:abc6b7472112d042d5e5c1b8,synodal:candidate:9e509590cb5359ebe73937ea;Acts.1.20;review:v03:abc6b7472112	Reviewer confirmed the source-partition Synodal context and conservative OCS sense continuity; exact lexical evidence only, with no productive class inferred.
review:review:v03:acf926ff95d3	english-wiktionary-ocs-kaikki-2026-08-07+ponomar-elizabeth-bible-2026-08-09	review:v03:acf926ff95d3	видимъ	видимъ	verb	lexical-form	rejected:review:v03:acf926ff95d3	out-of-scope	reviewed-rejection	not-applicable	synodal:candidate:acf926ff95d3d6540842277b,synodal:candidate:cb06f083ba0dbe9dcee509c3;Composite.8.54;review:v03:acf926ff95d3	Rejected: surface belongs to multiple OCS lexeme paradigms; target identity must be resolved manually
review:review:v03:b043f1ad924f	english-wiktionary-ocs-kaikki-2026-08-07+ponomar-elizabeth-bible-2026-08-09	review:v03:b043f1ad924f	єгда	єгда	adverb	indeclinable	synodal:adverb:wikt-b043f1ad924f	indeclinable	reviewed-exact-indeclinable	implemented	synodal:candidate:b043f1ad924fafd45d62dd19,synodal:candidate:356409b4b0d48a6963f53576;Acts.1.10;review:v03:b043f1ad924f	Reviewer confirmed the temporal-adverb identity, target spelling, breathing, and accent in the locked source passage.
review:review:v03:b09f052011b5	english-wiktionary-ocs-kaikki-2026-08-07+ponomar-elizabeth-bible-2026-08-09	review:v03:b09f052011b5	ими	ими	pronoun	lexical-form	rejected:review:v03:b09f052011b5	out-of-scope	reviewed-rejection	not-applicable	synodal:candidate:b09f052011b5c37bd33ab092,synodal:candidate:3de67508968f57f38d883070;Acts.20.36;review:v03:b09f052011b5	Rejected: surface belongs to multiple OCS lexeme paradigms; target identity must be resolved manually
review:review:v03:b12afc859d36	english-wiktionary-ocs-kaikki-2026-08-07+ponomar-elizabeth-bible-2026-08-09	review:v03:b12afc859d36	аще	аще	conjunction	indeclinable	synodal:conjunction:wikt-b12afc859d36	indeclinable	reviewed-exact-indeclinable	implemented	synodal:candidate:b12afc859d36b6be5cbdd776,synodal:candidate:74ed9ea2a22a7faaf945cdf6;Acts.1.6;review:v03:b12afc859d36	Reviewer confirmed the source-partition Synodal context and conservative OCS sense continuity; exact lexical evidence only, with no productive class inferred.
review:review:v03:b132885ebd57	english-wiktionary-ocs-kaikki-2026-08-07+ponomar-elizabeth-bible-2026-08-09	review:v03:b132885ebd57	дѣлати	дѣлати	verb	lexical-form	synodal:verb:wikt-b132885ebd57	ambiguous	reviewed-exact-form-without-paradigm-metadata	evidence-final	synodal:candidate:b132885ebd572d64e6868a14,synodal:candidate:eaf6684bdc24d26b25a13998;Deut.4.1;review:v03:b132885ebd57	Reviewer confirmed the source-partition Synodal context and conservative OCS sense continuity; exact lexical evidence only, with no productive class inferred.
review:review:v03:b19c69ac9180	english-wiktionary-ocs-kaikki-2026-08-07+ponomar-elizabeth-bible-2026-08-09	review:v03:b19c69ac9180	лежати	лежати	verb	lexical-form	synodal:verb:wikt-b19c69ac9180	ambiguous	reviewed-exact-form-without-paradigm-metadata	evidence-final	synodal:candidate:b19c69ac9180671f1c451654,synodal:candidate:a813f44f88e3bd791e7fa5a2;Acts.28.8;review:v03:b19c69ac9180	Reviewer confirmed the source-partition Synodal context and conservative OCS sense continuity; exact lexical evidence only, with no productive class inferred.
review:review:v03:b1ecaaa2d2e1	english-wiktionary-ocs-kaikki-2026-08-07+ponomar-elizabeth-bible-2026-08-09	review:v03:b1ecaaa2d2e1	ненависть	ненависть	noun	lexical-form	synodal:noun:wikt-b1ecaaa2d2e1	ambiguous	reviewed-exact-form-without-paradigm-metadata	evidence-final	synodal:candidate:b1ecaaa2d2e1aed6f5a830df,synodal:candidate:b88f6863326d30670c6c6ace;II_Macc.6.25;review:v03:b1ecaaa2d2e1	Reviewer confirmed the source-partition Synodal context and conservative OCS sense continuity; exact lexical evidence only, with no productive class inferred.
review:review:v03:b24863dbb7f8	english-wiktionary-ocs-kaikki-2026-08-07+ponomar-elizabeth-bible-2026-08-09	review:v03:b24863dbb7f8	власти	власти	verb	lexical-form	rejected:review:v03:b24863dbb7f8	out-of-scope	reviewed-rejection	not-applicable	synodal:candidate:b24863dbb7f8a3988208881e,synodal:candidate:33e37f9b0806181d0cd0b6b9;Acts.1.7;review:v03:b24863dbb7f8	Rejected: surface belongs to multiple OCS lexeme paradigms; target identity must be resolved manually
review:review:v03:b2d0a0ba44c7	english-wiktionary-ocs-kaikki-2026-08-07+ponomar-elizabeth-bible-2026-08-09	review:v03:b2d0a0ba44c7	исходити	исходити	verb	lexical-form	synodal:verb:wikt-b2d0a0ba44c7	ambiguous	reviewed-exact-form-without-paradigm-metadata	evidence-final	synodal:candidate:b2d0a0ba44c7299239e300ad,synodal:candidate:9a936980385b4f65bc64e218;Deut.28.6;review:v03:b2d0a0ba44c7	Reviewer confirmed the source-partition Synodal context and conservative OCS sense continuity; exact lexical evidence only, with no productive class inferred.
review:review:v03:b2f329ba83b8	english-wiktionary-ocs-kaikki-2026-08-07+ponomar-elizabeth-bible-2026-08-09	review:v03:b2f329ba83b8	мѣдь	мѣдь	noun	lexical-form	synodal:noun:wikt-b2f329ba83b8	ambiguous	reviewed-exact-form-without-paradigm-metadata	evidence-final	synodal:candidate:b2f329ba83b88e991faa5130,synodal:candidate:df199e8f0a259fe57b7c94e4;Dan.2.39;review:v03:b2f329ba83b8	Reviewer confirmed the source-partition Synodal context and conservative OCS sense continuity; exact lexical evidence only, with no productive class inferred.
review:review:v03:b3c2de32740b	english-wiktionary-ocs-kaikki-2026-08-07+ponomar-elizabeth-bible-2026-08-09	review:v03:b3c2de32740b	ѿпасти	ѿпасти	verb	lexical-form	synodal:verb:wikt-b3c2de32740b	ambiguous	reviewed-exact-form-without-paradigm-metadata	evidence-final	synodal:candidate:b3c2de32740bb4bfc5ea3295,synodal:candidate:f0c5e2570ddd7ed73d56c924;Acts.27.32;review:v03:b3c2de32740b	Reviewer confirmed the source-partition Synodal context and conservative OCS sense continuity; exact lexical evidence only, with no productive class inferred.
review:review:v03:b4e3cb563142	english-wiktionary-ocs-kaikki-2026-08-07+ponomar-elizabeth-bible-2026-08-09	review:v03:b4e3cb563142	сѣть	сѣть	noun	lexical-form	synodal:noun:wikt-b4e3cb563142	ambiguous	reviewed-exact-form-without-paradigm-metadata	evidence-final	synodal:candidate:b4e3cb56314239ad555602e6,synodal:candidate:6c36d34bd93de22dc3e26eab;Habak.1.16;review:v03:b4e3cb563142	Reviewer confirmed the source-partition Synodal context and conservative OCS sense continuity; exact lexical evidence only, with no productive class inferred.
review:review:v03:b5bb7739c281	english-wiktionary-ocs-kaikki-2026-08-07+ponomar-elizabeth-bible-2026-08-09	review:v03:b5bb7739c281	сѣдъ	сѣдъ	adjective	lexical-form	synodal:adjective:wikt-b5bb7739c281	ambiguous	reviewed-exact-form-without-paradigm-metadata	evidence-final	synodal:candidate:b5bb7739c281a5193cbdaea9,synodal:candidate:abd06285a84609f6ab903b43;Acts.12.21;review:v03:b5bb7739c281	Reviewer confirmed the source-partition Synodal context and conservative OCS sense continuity; exact lexical evidence only, with no productive class inferred.
review:review:v03:b5f6a0a71310	english-wiktionary-ocs-kaikki-2026-08-07+ponomar-elizabeth-bible-2026-08-09	review:v03:b5f6a0a71310	воина	воина	noun	lexical-form	rejected:review:v03:b5f6a0a71310	out-of-scope	reviewed-rejection	not-applicable	synodal:candidate:b5f6a0a71310308e6ba745db,synodal:candidate:8272afc02d36f45cb1347d02;Acts.10.7;review:v03:b5f6a0a71310	Rejected: surface belongs to multiple OCS lexeme paradigms; target identity must be resolved manually
review:review:v03:b61cd9e5a5e1	english-wiktionary-ocs-kaikki-2026-08-07+ponomar-elizabeth-bible-2026-08-09	review:v03:b61cd9e5a5e1	проклѧтъ	проклѧтъ	adjective	lexical-form	rejected:review:v03:b61cd9e5a5e1	out-of-scope	reviewed-rejection	not-applicable	synodal:candidate:b61cd9e5a5e1d6a6fd4b8a1c,synodal:candidate:a22af22d97c177d6b6517d45;Deut.7.26;review:v03:b61cd9e5a5e1	Rejected: surface belongs to multiple OCS lexeme paradigms; target identity must be resolved manually
review:review:v03:b63b03d40852	english-wiktionary-ocs-kaikki-2026-08-07+ponomar-elizabeth-bible-2026-08-09	review:v03:b63b03d40852	сїѡнъ	сїѡнъ	proper-noun	lexical-form	synodal:proper-noun:wikt-b63b03d40852	ambiguous	reviewed-exact-form-without-paradigm-metadata	evidence-final	synodal:candidate:b63b03d40852bfe56dbc18b8,synodal:candidate:df9cc5cafa491b123b7c3dd5;III_Esdra.10.7;review:v03:b63b03d40852	Reviewer confirmed the source-partition Synodal context and conservative OCS sense continuity; exact lexical evidence only, with no productive class inferred.
review:review:v03:b656255241f9	english-wiktionary-ocs-kaikki-2026-08-07+ponomar-elizabeth-bible-2026-08-09	review:v03:b656255241f9	вїна	вїна	noun	lexical-form	rejected:review:v03:b656255241f9	out-of-scope	reviewed-rejection	not-applicable	synodal:candidate:b656255241f904d4c0134b85,synodal:candidate:4594d3f9cdacf5494f1d7bc8;Amos.5.11;review:v03:b656255241f9	Rejected: surface belongs to multiple OCS lexeme paradigms; target identity must be resolved manually
review:review:v03:b7b34fff650b	english-wiktionary-ocs-kaikki-2026-08-07+ponomar-elizabeth-bible-2026-08-09	review:v03:b7b34fff650b	нѣсте	нѣсте	verb	lexical-form	synodal:verb:wikt-b7b34fff650b	ambiguous	reviewed-exact-form-without-paradigm-metadata	evidence-final	synodal:candidate:b7b34fff650b158deab576f9,synodal:candidate:3cdd00658f38fe56ad357cb0;Eph.2.19;review:v03:b7b34fff650b	Reviewer confirmed the source-partition Synodal context and conservative OCS sense continuity; exact lexical evidence only, with no productive class inferred.
review:review:v03:b846c92e3f2b	english-wiktionary-ocs-kaikki-2026-08-07+ponomar-elizabeth-bible-2026-08-09	review:v03:b846c92e3f2b	на	на	preposition	indeclinable	synodal:preposition:wikt-b846c92e3f2b	indeclinable	reviewed-exact-indeclinable	implemented	synodal:candidate:b846c92e3f2bf6e72e684bf6,synodal:candidate:356409b4b0d48a6963f53576;Acts.1.10;review:v03:b846c92e3f2b	Reviewer confirmed the source-partition Synodal context and conservative OCS sense continuity; exact lexical evidence only, with no productive class inferred.
review:review:v03:b8c98d0a9447	english-wiktionary-ocs-kaikki-2026-08-07+ponomar-elizabeth-bible-2026-08-09	review:v03:b8c98d0a9447	бо	бо	conjunction	indeclinable	synodal:conjunction:wikt-b8c98d0a9447	indeclinable	reviewed-exact-indeclinable	implemented	synodal:candidate:b8c98d0a94475f2f81a73c3c,synodal:candidate:9e509590cb5359ebe73937ea;Acts.1.20;review:v03:b8c98d0a9447	Reviewer confirmed the source-partition Synodal context and conservative OCS sense continuity; exact lexical evidence only, with no productive class inferred.
review:review:v03:b90407db2967	english-wiktionary-ocs-kaikki-2026-08-07+ponomar-elizabeth-bible-2026-08-09	review:v03:b90407db2967	слана	слана	noun	lexical-form	rejected:review:v03:b90407db2967	out-of-scope	reviewed-rejection	not-applicable	synodal:candidate:b90407db2967d0f9ebfcead3,synodal:candidate:6f4403caa953ca0882495aeb;Job.38.24;review:v03:b90407db2967	Rejected: surface belongs to multiple OCS lexeme paradigms; target identity must be resolved manually
review:review:v03:b94058de7e1f	english-wiktionary-ocs-kaikki-2026-08-07+ponomar-elizabeth-bible-2026-08-09	review:v03:b94058de7e1f	свѧтилище	свѧтилище	noun	lexical-form	synodal:noun:wikt-b94058de7e1f	ambiguous	reviewed-exact-form-without-paradigm-metadata	evidence-final	synodal:candidate:b94058de7e1f94459f866fac,synodal:candidate:0bf108dd4d10aef391cebe98;Acts.3.1;review:v03:b94058de7e1f	Reviewer confirmed the source-partition Synodal context and conservative OCS sense continuity; exact lexical evidence only, with no productive class inferred.
review:review:v03:ba969a84cc33	english-wiktionary-ocs-kaikki-2026-08-07+ponomar-elizabeth-bible-2026-08-09	review:v03:ba969a84cc33	тѧгость	тѧгость	noun	lexical-form	synodal:noun:wikt-ba969a84cc33	ambiguous	reviewed-exact-form-without-paradigm-metadata	evidence-final	synodal:candidate:ba969a84cc334e8b133b66ec,synodal:candidate:f13634512b0e899e04c32deb;III_Esdra.4.5;review:v03:ba969a84cc33	Reviewer confirmed the source-partition Synodal context and conservative OCS sense continuity; exact lexical evidence only, with no productive class inferred.
review:review:v03:ba9b83ba4187	english-wiktionary-ocs-kaikki-2026-08-07+ponomar-elizabeth-bible-2026-08-09	review:v03:ba9b83ba4187	коло	коло	noun	lexical-form	synodal:noun:wikt-ba9b83ba4187	ambiguous	reviewed-exact-form-without-paradigm-metadata	evidence-final	synodal:candidate:ba9b83ba4187434030b4e992,synodal:candidate:ca64e1511deb1fa0308148a1;Ezek.1.16;review:v03:ba9b83ba4187	Reviewer confirmed the source-partition Synodal context and conservative OCS sense continuity; exact lexical evidence only, with no productive class inferred.
review:review:v03:baa1f561a7e4	english-wiktionary-ocs-kaikki-2026-08-07+ponomar-elizabeth-bible-2026-08-09	review:v03:baa1f561a7e4	привести	привести	verb	lexical-form	synodal:verb:wikt-baa1f561a7e4	ambiguous	reviewed-exact-form-without-paradigm-metadata	evidence-final	synodal:candidate:baa1f561a7e430a402371474,synodal:candidate:edfe633c60a50fa243f229d5;Acts.5.21;review:v03:baa1f561a7e4	Reviewer confirmed the source-partition Synodal context and conservative OCS sense continuity; exact lexical evidence only, with no productive class inferred.
review:review:v03:bb9d50d72e1e	english-wiktionary-ocs-kaikki-2026-08-07+ponomar-elizabeth-bible-2026-08-09	review:v03:bb9d50d72e1e	трꙋпъ	трꙋпъ	noun	lexical-form	synodal:noun:wikt-bb9d50d72e1e	ambiguous	reviewed-exact-form-without-paradigm-metadata	evidence-final	synodal:candidate:bb9d50d72e1e2a8a861c58b4,synodal:candidate:bc2df416a4782d51987944d9;IV_Kings.9.37;review:v03:bb9d50d72e1e	Reviewer confirmed the source-partition Synodal context and conservative OCS sense continuity; exact lexical evidence only, with no productive class inferred.
review:review:v03:bba31c88723c	english-wiktionary-ocs-kaikki-2026-08-07+ponomar-elizabeth-bible-2026-08-09	review:v03:bba31c88723c	жити	жити	verb	lexical-form	rejected:review:v03:bba31c88723c	out-of-scope	reviewed-rejection	not-applicable	synodal:candidate:bba31c88723cae5c9e252c0b,synodal:candidate:8ab095b5ecec6aea6226f2e7;Acts.22.22;review:v03:bba31c88723c	Rejected: surface belongs to multiple OCS lexeme paradigms; target identity must be resolved manually
review:review:v03:bbe1760d7910	english-wiktionary-ocs-kaikki-2026-08-07+ponomar-elizabeth-bible-2026-08-09	review:v03:bbe1760d7910	послꙋшати	послꙋшати	verb	lexical-form	synodal:verb:wikt-bbe1760d7910	ambiguous	reviewed-exact-form-without-paradigm-metadata	evidence-final	synodal:candidate:bbe1760d79107bca766f696e,synodal:candidate:9d1cb1fad7b328106d98a3d8;Acts.4.19;review:v03:bbe1760d7910	Reviewer confirmed the source-partition Synodal context and conservative OCS sense continuity; exact lexical evidence only, with no productive class inferred.
review:review:v03:bbeeeb7ea3e2	english-wiktionary-ocs-kaikki-2026-08-07+ponomar-elizabeth-bible-2026-08-09	review:v03:bbeeeb7ea3e2	нога	нога	noun	lexical-form	synodal:noun:wikt-bbeeeb7ea3e2	ambiguous	reviewed-exact-form-without-paradigm-metadata	evidence-final	synodal:candidate:bbeeeb7ea3e26e84cdc61545,synodal:candidate:3f42ae629c121dcfc848295b;Deut.28.56;review:v03:bbeeeb7ea3e2	Reviewer confirmed the source-partition Synodal context and conservative OCS sense continuity; exact lexical evidence only, with no productive class inferred.
review:review:v03:bc270882d39d	english-wiktionary-ocs-kaikki-2026-08-07+ponomar-elizabeth-bible-2026-08-09	review:v03:bc270882d39d	десѧть	десѧть	numeral	lexical-form	synodal:numeral:wikt-bc270882d39d	ambiguous	reviewed-exact-form-without-paradigm-metadata	evidence-final	synodal:candidate:bc270882d39d5806a69bd95a,synodal:candidate:8dbe9d6148782728143026cc;Amos.5.3;review:v03:bc270882d39d	Reviewer confirmed the source-partition Synodal context and conservative OCS sense continuity; exact lexical evidence only, with no productive class inferred.
review:review:v03:bc46dec09111	english-wiktionary-ocs-kaikki-2026-08-07+ponomar-elizabeth-bible-2026-08-09	review:v03:bc46dec09111	кратъ	кратъ	noun	lexical-form	synodal:noun:wikt-bc46dec09111	ambiguous	reviewed-exact-form-without-paradigm-metadata	evidence-final	synodal:candidate:bc46dec09111e55caef26ddb,synodal:candidate:1d8ceb221fc5a79ec5195910;II_Paral.18.15;review:v03:bc46dec09111	Reviewer confirmed the source-partition Synodal context and conservative OCS sense continuity; exact lexical evidence only, with no productive class inferred.
review:review:v03:bcfe43fd2077	english-wiktionary-ocs-kaikki-2026-08-07+ponomar-elizabeth-bible-2026-08-09	review:v03:bcfe43fd2077	лице	лице	noun	lexical-form	synodal:noun:wikt-bcfe43fd2077	ambiguous	reviewed-exact-form-without-paradigm-metadata	evidence-final	synodal:candidate:bcfe43fd207746075afbf8a5,synodal:candidate:4b59f1921b9dc6e8541f3911;Acts.6.15;review:v03:bcfe43fd2077	Reviewer confirmed the source-partition Synodal context and conservative OCS sense continuity; exact lexical evidence only, with no productive class inferred.
review:review:v03:bd620b6b7b8a	english-wiktionary-ocs-kaikki-2026-08-07+ponomar-elizabeth-bible-2026-08-09	review:v03:bd620b6b7b8a	развѣ	развѣ	adverb	indeclinable	synodal:adverb:wikt-bd620b6b7b8a	indeclinable	reviewed-exact-indeclinable	implemented	synodal:candidate:bd620b6b7b8af2ffc2296782,synodal:candidate:aaf480685d2c24a21817a6ba;Acts.15.28;review:v03:bd620b6b7b8a	Reviewer confirmed the source-partition Synodal context and conservative OCS sense continuity; exact lexical evidence only, with no productive class inferred.
review:review:v03:be4898378c58	english-wiktionary-ocs-kaikki-2026-08-07+ponomar-elizabeth-bible-2026-08-09	review:v03:be4898378c58	бесѣда	бесѣда	noun	lexical-form	synodal:noun:wikt-be4898378c58	ambiguous	reviewed-exact-form-without-paradigm-metadata	evidence-final	synodal:candidate:be4898378c58688d8b612249,synodal:candidate:cb25c8308cb00351dd13867d;Mt.26.73;review:v03:be4898378c58	Reviewer confirmed the source-partition Synodal context and conservative OCS sense continuity; exact lexical evidence only, with no productive class inferred.
review:review:v03:becd33c30222	english-wiktionary-ocs-kaikki-2026-08-07+ponomar-elizabeth-bible-2026-08-09	review:v03:becd33c30222	щитъ	щитъ	noun	lexical-form	synodal:noun:wikt-becd33c30222	ambiguous	reviewed-exact-form-without-paradigm-metadata	evidence-final	synodal:candidate:becd33c302224abb6244c37f,synodal:candidate:1f2f34396c60fec6f7d5ce25;II_Kings.1.21;review:v03:becd33c30222	Reviewer confirmed the source-partition Synodal context and conservative OCS sense continuity; exact lexical evidence only, with no productive class inferred.
review:review:v03:bed493d2f679	english-wiktionary-ocs-kaikki-2026-08-07+ponomar-elizabeth-bible-2026-08-09	review:v03:bed493d2f679	страна	страна	noun	lexical-form	synodal:noun:wikt-bed493d2f679	ambiguous	reviewed-exact-form-without-paradigm-metadata	evidence-final	synodal:candidate:bed493d2f679af61b7d427b7,synodal:candidate:b42693a029af9c8dd2946bd7;Esther.8.13;review:v03:bed493d2f679	Reviewer confirmed the source-partition Synodal context and conservative OCS sense continuity; exact lexical evidence only, with no productive class inferred.
review:review:v03:befa9ff16435	english-wiktionary-ocs-kaikki-2026-08-07+ponomar-elizabeth-bible-2026-08-09	review:v03:befa9ff16435	женихъ	женихъ	noun	lexical-form	rejected:review:v03:befa9ff16435	out-of-scope	reviewed-rejection	not-applicable	synodal:candidate:befa9ff16435e1eec79a9439,synodal:candidate:f98caab74077488685646837;I_Macc.9.39;review:v03:befa9ff16435	Rejected: surface belongs to multiple OCS lexeme paradigms; target identity must be resolved manually
review:review:v03:bf7332eebde1	english-wiktionary-ocs-kaikki-2026-08-07+ponomar-elizabeth-bible-2026-08-09	review:v03:bf7332eebde1	сваръ	сваръ	noun	lexical-form	synodal:noun:wikt-bf7332eebde1	ambiguous	reviewed-exact-form-without-paradigm-metadata	evidence-final	synodal:candidate:bf7332eebde18d0abc11e846,synodal:candidate:01e759bb1db550dfc27e8888;Prov.26.20;review:v03:bf7332eebde1	Reviewer confirmed the source-partition Synodal context and conservative OCS sense continuity; exact lexical evidence only, with no productive class inferred.
review:review:v03:c00fd3a9428d	english-wiktionary-ocs-kaikki-2026-08-07+ponomar-elizabeth-bible-2026-08-09	review:v03:c00fd3a9428d	проклѧти	проклѧти	verb	lexical-form	rejected:review:v03:c00fd3a9428d	out-of-scope	reviewed-rejection	not-applicable	synodal:candidate:c00fd3a9428d139705ec219c,synodal:candidate:b8e7abd2a65ae842154caa5c;Jn.7.49;review:v03:c00fd3a9428d	Rejected: surface belongs to multiple OCS lexeme paradigms; target identity must be resolved manually
review:review:v03:c128aea92a1f	english-wiktionary-ocs-kaikki-2026-08-07+ponomar-elizabeth-bible-2026-08-09	review:v03:c128aea92a1f	избити	избити	verb	lexical-form	synodal:verb:wikt-c128aea92a1f	ambiguous	reviewed-exact-form-without-paradigm-metadata	evidence-final	synodal:candidate:c128aea92a1f5c0a698dcf1b,synodal:candidate:e1c0c243a0ebd24010e87ef1;I_Macc.5.10;review:v03:c128aea92a1f	Reviewer confirmed the source-partition Synodal context and conservative OCS sense continuity; exact lexical evidence only, with no productive class inferred.
review:review:v03:c14b66c13e65	english-wiktionary-ocs-kaikki-2026-08-07+ponomar-elizabeth-bible-2026-08-09	review:v03:c14b66c13e65	лѣпота	лѣпота	noun	lexical-form	synodal:noun:wikt-c14b66c13e65	ambiguous	reviewed-exact-form-without-paradigm-metadata	evidence-final	synodal:candidate:c14b66c13e6513bea5688c65,synodal:candidate:7fa8f42aeb31161178d28f5e;I_Pet.3.3;review:v03:c14b66c13e65	Reviewer confirmed the source-partition Synodal context and conservative OCS sense continuity; exact lexical evidence only, with no productive class inferred.
review:review:v03:c20d0b9d2bc9	english-wiktionary-ocs-kaikki-2026-08-07+ponomar-elizabeth-bible-2026-08-09	review:v03:c20d0b9d2bc9	защититель	защититель	noun	lexical-form	synodal:noun:wikt-c20d0b9d2bc9	ambiguous	reviewed-exact-form-without-paradigm-metadata	evidence-final	synodal:candidate:c20d0b9d2bc92e6004bbb3e8,synodal:candidate:8242bc40b68d1c8282e26264;Psalm.17.2;review:v03:c20d0b9d2bc9	Reviewer confirmed the source-partition Synodal context and conservative OCS sense continuity; exact lexical evidence only, with no productive class inferred.
review:review:v03:c2cc5dd81830	english-wiktionary-ocs-kaikki-2026-08-07+ponomar-elizabeth-bible-2026-08-09	review:v03:c2cc5dd81830	рать	рать	noun	lexical-form	synodal:noun:wikt-c2cc5dd81830	ambiguous	reviewed-exact-form-without-paradigm-metadata	evidence-final	synodal:candidate:c2cc5dd81830eed081c7be13,synodal:candidate:13f13c941eed03c81ee47928;Dan.7.21;review:v03:c2cc5dd81830	Reviewer confirmed the source-partition Synodal context and conservative OCS sense continuity; exact lexical evidence only, with no productive class inferred.
review:review:v03:c2efc410480b	english-wiktionary-ocs-kaikki-2026-08-07+ponomar-elizabeth-bible-2026-08-09	review:v03:c2efc410480b	искати	искати	verb	lexical-form	synodal:verb:wikt-c2efc410480b	ambiguous	reviewed-exact-form-without-paradigm-metadata	evidence-final	synodal:candidate:c2efc410480b6ea8fab267af,synodal:candidate:a87e1762994566672f849fdc;Eccles.3.6;review:v03:c2efc410480b	Reviewer confirmed the source-partition Synodal context and conservative OCS sense continuity; exact lexical evidence only, with no productive class inferred.
review:review:v03:c32b2b5de862	english-wiktionary-ocs-kaikki-2026-08-07+ponomar-elizabeth-bible-2026-08-09	review:v03:c32b2b5de862	блюсти	блюсти	verb	lexical-form	synodal:verb:wikt-c32b2b5de862	ambiguous	reviewed-exact-form-without-paradigm-metadata	evidence-final	synodal:candidate:c32b2b5de862164dd6a4dbed,synodal:candidate:33005d115413f86f7e9f05be;Acts.15.5;review:v03:c32b2b5de862	Reviewer confirmed the source-partition Synodal context and conservative OCS sense continuity; exact lexical evidence only, with no productive class inferred.
review:review:v03:c4560f55fd5e	english-wiktionary-ocs-kaikki-2026-08-07+ponomar-elizabeth-bible-2026-08-09	review:v03:c4560f55fd5e	клевета	клевета	noun	lexical-form	rejected:review:v03:c4560f55fd5e	out-of-scope	reviewed-rejection	not-applicable	synodal:candidate:c4560f55fd5e908f1264b41f,synodal:candidate:3b17b1fccadf64ab2598d279;Eccles.7.8;review:v03:c4560f55fd5e	Rejected: surface belongs to multiple OCS lexeme paradigms; target identity must be resolved manually
review:review:v03:c4e2f33072ed	english-wiktionary-ocs-kaikki-2026-08-07+ponomar-elizabeth-bible-2026-08-09	review:v03:c4e2f33072ed	покои	покои	noun	lexical-form	synodal:noun:wikt-c4e2f33072ed	ambiguous	reviewed-exact-form-without-paradigm-metadata	evidence-final	synodal:candidate:c4e2f33072edb0863c218c8a,synodal:candidate:4091f66ebe779928057f5309;Eccles.9.17;review:v03:c4e2f33072ed	Reviewer confirmed the source-partition Synodal context and conservative OCS sense continuity; exact lexical evidence only, with no productive class inferred.
review:review:v03:c4f076285d6c	english-wiktionary-ocs-kaikki-2026-08-07+ponomar-elizabeth-bible-2026-08-09	review:v03:c4f076285d6c	ѕвѣзда	ѕвѣзда	noun	lexical-form	synodal:noun:wikt-c4f076285d6c	ambiguous	reviewed-exact-form-without-paradigm-metadata	evidence-final	synodal:candidate:c4f076285d6cd2659e5b717a,synodal:candidate:0d79f3027d8e505b227a4ff2;Apoc.22.16;review:v03:c4f076285d6c	Reviewer confirmed the source-partition Synodal context and conservative OCS sense continuity; exact lexical evidence only, with no productive class inferred.
review:review:v03:c50de9a2243e	english-wiktionary-ocs-kaikki-2026-08-07+ponomar-elizabeth-bible-2026-08-09	review:v03:c50de9a2243e	малъ	малъ	adjective	lexical-form	synodal:adjective:wikt-c50de9a2243e	ambiguous	reviewed-exact-form-without-paradigm-metadata	evidence-final	synodal:candidate:c50de9a2243eab547e7ac0b7,synodal:candidate:d63d1ddc546300e5a80f7891;Amos.7.2;review:v03:c50de9a2243e	Reviewer confirmed the source-partition Synodal context and conservative OCS sense continuity; exact lexical evidence only, with no productive class inferred.
review:review:v03:c523c227fc1e	english-wiktionary-ocs-kaikki-2026-08-07+ponomar-elizabeth-bible-2026-08-09	review:v03:c523c227fc1e	пити	пити	verb	lexical-form	synodal:verb:wikt-c523c227fc1e	ambiguous	reviewed-exact-form-without-paradigm-metadata	evidence-final	synodal:candidate:c523c227fc1ec6b57aae783f,synodal:candidate:8d9b9600db53d508ae468315;Acts.23.12;review:v03:c523c227fc1e	Reviewer confirmed the source-partition Synodal context and conservative OCS sense continuity; exact lexical evidence only, with no productive class inferred.
review:review:v03:c5953940bb1d	english-wiktionary-ocs-kaikki-2026-08-07+ponomar-elizabeth-bible-2026-08-09	review:v03:c5953940bb1d	нива	нива	noun	lexical-form	synodal:noun:wikt-c5953940bb1d	ambiguous	reviewed-exact-form-without-paradigm-metadata	evidence-final	synodal:candidate:c5953940bb1d54d15f80d911,synodal:candidate:be3e837b5216951451fe15a0;III_Esdra.9.17;review:v03:c5953940bb1d	Reviewer confirmed the source-partition Synodal context and conservative OCS sense continuity; exact lexical evidence only, with no productive class inferred.
review:review:v03:c631f4dc6a65	english-wiktionary-ocs-kaikki-2026-08-07+ponomar-elizabeth-bible-2026-08-09	review:v03:c631f4dc6a65	чистъ	чистъ	adjective	lexical-form	rejected:review:v03:c631f4dc6a65	out-of-scope	reviewed-rejection	not-applicable	synodal:candidate:c631f4dc6a653d2786e008f7,synodal:candidate:50f5747cad4049b0eb4bf623;Acts.18.6;review:v03:c631f4dc6a65	Rejected: surface belongs to multiple OCS lexeme paradigms; target identity must be resolved manually
review:review:v03:c63ef675e22e	english-wiktionary-ocs-kaikki-2026-08-07+ponomar-elizabeth-bible-2026-08-09	review:v03:c63ef675e22e	съ	съ	preposition	indeclinable	synodal:preposition:wikt-c63ef675e22e	indeclinable	reviewed-exact-indeclinable	implemented	synodal:candidate:c63ef675e22eea052ec179c8,synodal:candidate:f1fd5cb7e8bc638b308a2a0d;Acts.1.4;review:v03:c63ef675e22e	Reviewer confirmed the source-partition Synodal context and conservative OCS sense continuity; exact lexical evidence only, with no productive class inferred.
review:review:v03:c789afb8ac4f	english-wiktionary-ocs-kaikki-2026-08-07+ponomar-elizabeth-bible-2026-08-09	review:v03:c789afb8ac4f	плачь	плачь	noun	lexical-form	synodal:noun:wikt-c789afb8ac4f	ambiguous	reviewed-exact-form-without-paradigm-metadata	evidence-final	synodal:candidate:c789afb8ac4f6d6c5af4f740,synodal:candidate:416a92442841e4af01a74ba9;Acts.8.2;review:v03:c789afb8ac4f	Reviewer confirmed the source-partition Synodal context and conservative OCS sense continuity; exact lexical evidence only, with no productive class inferred.
review:review:v03:c8923787d4f4	english-wiktionary-ocs-kaikki-2026-08-07+ponomar-elizabeth-bible-2026-08-09	review:v03:c8923787d4f4	ледъ	ледъ	noun	lexical-form	synodal:noun:wikt-c8923787d4f4	ambiguous	reviewed-exact-form-without-paradigm-metadata	evidence-final	synodal:candidate:c8923787d4f493b85edd1b75,synodal:candidate:66f46db0226ce1eddaaa2e70;Dan.3.71;review:v03:c8923787d4f4	Reviewer confirmed the source-partition Synodal context and conservative OCS sense continuity; exact lexical evidence only, with no productive class inferred.
review:review:v03:c8b75d2f425c	english-wiktionary-ocs-kaikki-2026-08-07+ponomar-elizabeth-bible-2026-08-09	review:v03:c8b75d2f425c	мощи	мощи	verb	lexical-form	rejected:review:v03:c8b75d2f425c	out-of-scope	reviewed-rejection	not-applicable	synodal:candidate:c8b75d2f425c16e543060087,synodal:candidate:af941c5aa8e92f27b7629e90;Deut.28.27;review:v03:c8b75d2f425c	Rejected: surface belongs to multiple OCS lexeme paradigms; target identity must be resolved manually
review:review:v03:c96e00520110	english-wiktionary-ocs-kaikki-2026-08-07+ponomar-elizabeth-bible-2026-08-09	review:v03:c96e00520110	слѣдъ	слѣдъ	noun	lexical-form	synodal:noun:wikt-c96e00520110	ambiguous	reviewed-exact-form-without-paradigm-metadata	evidence-final	synodal:candidate:c96e00520110988f38dca975,synodal:candidate:9a07f5599ffc6acce703ec14;III_Kings.2.28;review:v03:c96e00520110	Reviewer confirmed the source-partition Synodal context and conservative OCS sense continuity; exact lexical evidence only, with no productive class inferred.
review:review:v03:c983b0c026d8	english-wiktionary-ocs-kaikki-2026-08-07+ponomar-elizabeth-bible-2026-08-09	review:v03:c983b0c026d8	бѣжати	бѣжати	verb	lexical-form	synodal:verb:wikt-c983b0c026d8	ambiguous	reviewed-exact-form-without-paradigm-metadata	evidence-final	synodal:candidate:c983b0c026d84390a0debd70,synodal:candidate:9114edd30369b4ad9120efe5;Ex.32.18;review:v03:c983b0c026d8	Reviewer confirmed the source-partition Synodal context and conservative OCS sense continuity; exact lexical evidence only, with no productive class inferred.
review:review:v03:c9ef59d94910	english-wiktionary-ocs-kaikki-2026-08-07+ponomar-elizabeth-bible-2026-08-09	review:v03:c9ef59d94910	дващи	дващи	adverb	indeclinable	synodal:adverb:wikt-c9ef59d94910	indeclinable	reviewed-exact-indeclinable	implemented	synodal:candidate:c9ef59d9491061bf96768c07,synodal:candidate:204ed44454d13fe157794b6a;Ezek.41.6;review:v03:c9ef59d94910	Reviewer confirmed the source-partition Synodal context and conservative OCS sense continuity; exact lexical evidence only, with no productive class inferred.
review:review:v03:cab2350c2b15	english-wiktionary-ocs-kaikki-2026-08-07+ponomar-elizabeth-bible-2026-08-09	review:v03:cab2350c2b15	вѣровати	вѣровати	verb	lexical-form	synodal:verb:wikt-cab2350c2b15	ambiguous	reviewed-exact-form-without-paradigm-metadata	evidence-final	synodal:candidate:cab2350c2b15a8cd70ce9ad1,synodal:candidate:b9093e1b2f4256522a2da183;Acts.13.41;review:v03:cab2350c2b15	Reviewer confirmed the source-partition Synodal context and conservative OCS sense continuity; exact lexical evidence only, with no productive class inferred.
review:review:v03:cc294a5ba8a0	english-wiktionary-ocs-kaikki-2026-08-07+ponomar-elizabeth-bible-2026-08-09	review:v03:cc294a5ba8a0	ходити	ходити	verb	lexical-form	synodal:verb:wikt-cc294a5ba8a0	ambiguous	reviewed-exact-form-without-paradigm-metadata	evidence-final	synodal:candidate:cc294a5ba8a00f65429f1b8a,synodal:candidate:266315fe7d6b5f5ed4eac3f6;Acts.3.12;review:v03:cc294a5ba8a0	Reviewer confirmed the source-partition Synodal context and conservative OCS sense continuity; exact lexical evidence only, with no productive class inferred.
review:review:v03:cce7d30e9b64	english-wiktionary-ocs-kaikki-2026-08-07+ponomar-elizabeth-bible-2026-08-09	review:v03:cce7d30e9b64	тишина	тишина	noun	lexical-form	synodal:noun:wikt-cce7d30e9b64	ambiguous	reviewed-exact-form-without-paradigm-metadata	evidence-final	synodal:candidate:cce7d30e9b64aafd7f93d5ea,synodal:candidate:41056464ddd20372b86c2a42;Lk.8.24;review:v03:cce7d30e9b64	Reviewer confirmed the source-partition Synodal context and conservative OCS sense continuity; exact lexical evidence only, with no productive class inferred.
review:review:v03:ccef5ed46ad3	english-wiktionary-ocs-kaikki-2026-08-07+ponomar-elizabeth-bible-2026-08-09	review:v03:ccef5ed46ad3	пѣти	пѣти	verb	lexical-form	synodal:verb:wikt-ccef5ed46ad3	ambiguous	reviewed-exact-form-without-paradigm-metadata	evidence-final	synodal:candidate:ccef5ed46ad3f6be285b4b89,synodal:candidate:3af50cb1159a75588b341673;II_Paral.34.12;review:v03:ccef5ed46ad3	Reviewer confirmed the source-partition Synodal context and conservative OCS sense continuity; exact lexical evidence only, with no productive class inferred.
review:review:v03:ccfc01108eba	english-wiktionary-ocs-kaikki-2026-08-07+ponomar-elizabeth-bible-2026-08-09	review:v03:ccfc01108eba	гробъ	гробъ	noun	lexical-form	synodal:noun:wikt-ccfc01108eba	ambiguous	reviewed-exact-form-without-paradigm-metadata	evidence-final	synodal:candidate:ccfc01108ebad8500d1b50ae,synodal:candidate:bd3aa98b46636d5006084946;Acts.2.29;review:v03:ccfc01108eba	Reviewer confirmed the source-partition Synodal context and conservative OCS sense continuity; exact lexical evidence only, with no productive class inferred.
review:review:v03:cd7335c89cc6	english-wiktionary-ocs-kaikki-2026-08-07+ponomar-elizabeth-bible-2026-08-09	review:v03:cd7335c89cc6	а	а	conjunction	indeclinable	synodal:conjunction:wikt-cd7335c89cc6	indeclinable	reviewed-exact-indeclinable	implemented	synodal:candidate:cd7335c89cc619e61ffe1687,synodal:candidate:9285c42afc6fa21679431133;Acts.13.46;review:v03:cd7335c89cc6	Reviewer confirmed the source-partition Synodal context and conservative OCS sense continuity; exact lexical evidence only, with no productive class inferred.
review:review:v03:cd779af5c1bb	english-wiktionary-ocs-kaikki-2026-08-07+ponomar-elizabeth-bible-2026-08-09	review:v03:cd779af5c1bb	внести	внести	verb	lexical-form	synodal:verb:wikt-cd779af5c1bb	ambiguous	reviewed-exact-form-without-paradigm-metadata	evidence-final	synodal:candidate:cd779af5c1bb3294f5da01a8,synodal:candidate:caf67808bd2f4f2c962a2f85;IV_Kings.12.4;review:v03:cd779af5c1bb	Reviewer confirmed the source-partition Synodal context and conservative OCS sense continuity; exact lexical evidence only, with no productive class inferred.
review:review:v03:cd806082bd3e	english-wiktionary-ocs-kaikki-2026-08-07+ponomar-elizabeth-bible-2026-08-09	review:v03:cd806082bd3e	плодъ	плодъ	noun	lexical-form	synodal:noun:wikt-cd806082bd3e	ambiguous	reviewed-exact-form-without-paradigm-metadata	evidence-final	synodal:candidate:cd806082bd3ef5d8bea259b3,synodal:candidate:87601eb483f9e7a0ad43f4b0;Amos.6.12;review:v03:cd806082bd3e	Reviewer confirmed the source-partition Synodal context and conservative OCS sense continuity; exact lexical evidence only, with no productive class inferred.
review:review:v03:cde2f69600bb	english-wiktionary-ocs-kaikki-2026-08-07+ponomar-elizabeth-bible-2026-08-09	review:v03:cde2f69600bb	ѿ	ѿ	preposition	indeclinable	synodal:preposition:wikt-cde2f69600bb	indeclinable	reviewed-exact-indeclinable	implemented	synodal:candidate:cde2f69600bb3a08cd89a942,synodal:candidate:f1fd5cb7e8bc638b308a2a0d;Acts.1.4;review:v03:cde2f69600bb	Reviewer confirmed the target preposition and conservative OCS sense continuity; the fused ot ligature is exact target evidence, not an inferred variant.
review:review:v03:ce9a074ba1e6	english-wiktionary-ocs-kaikki-2026-08-07+ponomar-elizabeth-bible-2026-08-09	review:v03:ce9a074ba1e6	власъ	власъ	noun	lexical-form	synodal:noun:wikt-ce9a074ba1e6	ambiguous	reviewed-exact-form-without-paradigm-metadata	evidence-final	synodal:candidate:ce9a074ba1e68c927fdb1905,synodal:candidate:5926468984b5310163301347;Acts.27.34;review:v03:ce9a074ba1e6	Reviewer confirmed the source-partition Synodal context and conservative OCS sense continuity; exact lexical evidence only, with no productive class inferred.
review:review:v03:d01902db4fbc	english-wiktionary-ocs-kaikki-2026-08-07+ponomar-elizabeth-bible-2026-08-09	review:v03:d01902db4fbc	же	же	conjunction	indeclinable	synodal:conjunction:wikt-d01902db4fbc	indeclinable	reviewed-exact-indeclinable	implemented	synodal:candidate:d01902db4fbc812b47dc193b,synodal:candidate:2ea4e8c66b548f40594ee241;Acts.1.5;review:v03:d01902db4fbc	Reviewer confirmed the source-partition Synodal context and conservative OCS sense continuity; exact lexical evidence only, with no productive class inferred.
review:review:v03:d09b075fa7b0	english-wiktionary-ocs-kaikki-2026-08-07+ponomar-elizabeth-bible-2026-08-09	review:v03:d09b075fa7b0	наслѣдити	наслѣдити	verb	lexical-form	synodal:verb:wikt-d09b075fa7b0	ambiguous	reviewed-exact-form-without-paradigm-metadata	evidence-final	synodal:candidate:d09b075fa7b033006afa9775,synodal:candidate:2fc097ab6220db997d4d4c68;Deut.2.9;review:v03:d09b075fa7b0	Reviewer confirmed the source-partition Synodal context and conservative OCS sense continuity; exact lexical evidence only, with no productive class inferred.
review:review:v03:d1fac33ea565	english-wiktionary-ocs-kaikki-2026-08-07+ponomar-elizabeth-bible-2026-08-09	review:v03:d1fac33ea565	лѣто	лѣто	noun	lexical-form	synodal:noun:wikt-d1fac33ea565	ambiguous	reviewed-exact-form-without-paradigm-metadata	evidence-final	synodal:candidate:d1fac33ea5654299e089c653,synodal:candidate:74ed9ea2a22a7faaf945cdf6;Acts.1.6;review:v03:d1fac33ea565	Reviewer confirmed the source-partition Synodal context and conservative OCS sense continuity; exact lexical evidence only, with no productive class inferred.
review:review:v03:d22978bd0517	english-wiktionary-ocs-kaikki-2026-08-07+ponomar-elizabeth-bible-2026-08-09	review:v03:d22978bd0517	игемѡнъ	игемѡнъ	noun	lexical-form	synodal:noun:wikt-d22978bd0517	ambiguous	reviewed-exact-form-without-paradigm-metadata	evidence-final	synodal:candidate:d22978bd0517e3e687d8c599,synodal:candidate:b8671fb224fdaf4568464b8d;Acts.23.34;review:v03:d22978bd0517	Reviewer confirmed the source-partition Synodal context and conservative OCS sense continuity; exact lexical evidence only, with no productive class inferred.
review:review:v03:d2523a86a783	english-wiktionary-ocs-kaikki-2026-08-07+ponomar-elizabeth-bible-2026-08-09	review:v03:d2523a86a783	доброта	доброта	noun	lexical-form	synodal:noun:wikt-d2523a86a783	ambiguous	reviewed-exact-form-without-paradigm-metadata	evidence-final	synodal:candidate:d2523a86a78364bf81f69e0c,synodal:candidate:302be7a2b88332c365cd9033;Dan.13.56;review:v03:d2523a86a783	Reviewer confirmed the source-partition Synodal context and conservative OCS sense continuity; exact lexical evidence only, with no productive class inferred.
review:review:v03:d27a3f2e1995	english-wiktionary-ocs-kaikki-2026-08-07+ponomar-elizabeth-bible-2026-08-09	review:v03:d27a3f2e1995	кѵпръ	кѵпръ	proper-noun	lexical-form	synodal:proper-noun:wikt-d27a3f2e1995	ambiguous	reviewed-exact-form-without-paradigm-metadata	evidence-final	synodal:candidate:d27a3f2e199585daf82308d2,synodal:candidate:cdc031f64679885e846ab516;Acts.13.4;review:v03:d27a3f2e1995	Reviewer confirmed the source-partition Synodal context and conservative OCS sense continuity; exact lexical evidence only, with no productive class inferred.
review:review:v03:d2ac10c1ea90	english-wiktionary-ocs-kaikki-2026-08-07+ponomar-elizabeth-bible-2026-08-09	review:v03:d2ac10c1ea90	ремень	ремень	noun	lexical-form	synodal:noun:wikt-d2ac10c1ea90	ambiguous	reviewed-exact-form-without-paradigm-metadata	evidence-final	synodal:candidate:d2ac10c1ea90e68a1c3e3011,synodal:candidate:f8d1245f4ae7c4af920121e4;Acts.13.25;review:v03:d2ac10c1ea90	Reviewer confirmed the source-partition Synodal context and conservative OCS sense continuity; exact lexical evidence only, with no productive class inferred.
review:review:v03:d3a34e383711	english-wiktionary-ocs-kaikki-2026-08-07+ponomar-elizabeth-bible-2026-08-09	review:v03:d3a34e383711	цѣлити	цѣлити	verb	lexical-form	synodal:verb:wikt-d3a34e383711	ambiguous	reviewed-exact-form-without-paradigm-metadata	evidence-final	synodal:candidate:d3a34e383711c6ee669e3e22,synodal:candidate:a3c8ccdcc319246121b50fa5;Eccles.3.3;review:v03:d3a34e383711	Reviewer confirmed the source-partition Synodal context and conservative OCS sense continuity; exact lexical evidence only, with no productive class inferred.
review:review:v03:d450d011fe40	english-wiktionary-ocs-kaikki-2026-08-07+ponomar-elizabeth-bible-2026-08-09	review:v03:d450d011fe40	нищь	нищь	adjective	lexical-form	synodal:adjective:wikt-d450d011fe40	ambiguous	reviewed-exact-form-without-paradigm-metadata	evidence-final	synodal:candidate:d450d011fe40033b3da1343a,synodal:candidate:272c63acbd73bda2cb924859;Acts.4.34;review:v03:d450d011fe40	Reviewer confirmed the source-partition Synodal context and conservative OCS sense continuity; exact lexical evidence only, with no productive class inferred.
review:review:v03:d452428cbc3b	english-wiktionary-ocs-kaikki-2026-08-07+ponomar-elizabeth-bible-2026-08-09	review:v03:d452428cbc3b	ѡброкъ	ѡброкъ	noun	lexical-form	synodal:noun:wikt-d452428cbc3b	ambiguous	reviewed-exact-form-without-paradigm-metadata	evidence-final	synodal:candidate:d452428cbc3ba7df3fcba32d,synodal:candidate:1c2a613384d923a610e68535;II_Cor.11.8;review:v03:d452428cbc3b	Reviewer confirmed the source-partition Synodal context and conservative OCS sense continuity; exact lexical evidence only, with no productive class inferred.
review:review:v03:d466404ca999	english-wiktionary-ocs-kaikki-2026-08-07+ponomar-elizabeth-bible-2026-08-09	review:v03:d466404ca999	брань	брань	noun	lexical-form	synodal:noun:wikt-d466404ca999	ambiguous	reviewed-exact-form-without-paradigm-metadata	evidence-final	synodal:candidate:d466404ca999cd8cc5d5a257,synodal:candidate:4e668de174921128eb675863;Apoc.2.16;review:v03:d466404ca999	Reviewer confirmed the source-partition Synodal context and conservative OCS sense continuity; exact lexical evidence only, with no productive class inferred.
review:review:v03:d49b358ae9fa	english-wiktionary-ocs-kaikki-2026-08-07+ponomar-elizabeth-bible-2026-08-09	review:v03:d49b358ae9fa	пещь	пещь	noun	lexical-form	synodal:noun:wikt-d49b358ae9fa	ambiguous	reviewed-exact-form-without-paradigm-metadata	evidence-final	synodal:candidate:d49b358ae9fa489f458c51f3,synodal:candidate:4a53d80075184e4f389d7eda;Dan.3.6;review:v03:d49b358ae9fa	Reviewer confirmed the source-partition Synodal context and conservative OCS sense continuity; exact lexical evidence only, with no productive class inferred.
review:review:v03:d4dfbc42cf96	english-wiktionary-ocs-kaikki-2026-08-07+ponomar-elizabeth-bible-2026-08-09	review:v03:d4dfbc42cf96	квасъ	квасъ	noun	lexical-form	synodal:noun:wikt-d4dfbc42cf96	ambiguous	reviewed-exact-form-without-paradigm-metadata	evidence-final	synodal:candidate:d4dfbc42cf9648fbc94ecb71,synodal:candidate:c4ad9c55db906afc389025a6;Ex.12.15;review:v03:d4dfbc42cf96	Reviewer confirmed the source-partition Synodal context and conservative OCS sense continuity; exact lexical evidence only, with no productive class inferred.
review:review:v03:d5e8b80c64e6	english-wiktionary-ocs-kaikki-2026-08-07+ponomar-elizabeth-bible-2026-08-09	review:v03:d5e8b80c64e6	исцѣлити	исцѣлити	verb	lexical-form	synodal:verb:wikt-d5e8b80c64e6	ambiguous	reviewed-exact-form-without-paradigm-metadata	evidence-final	synodal:candidate:d5e8b80c64e65cbe8be87255,synodal:candidate:2623235958216e4d5e4fc05c;Hos.5.13;review:v03:d5e8b80c64e6	Reviewer confirmed the source-partition Synodal context and conservative OCS sense continuity; exact lexical evidence only, with no productive class inferred.
review:review:v03:d655bdc91222	english-wiktionary-ocs-kaikki-2026-08-07+ponomar-elizabeth-bible-2026-08-09	review:v03:d655bdc91222	мечь	мечь	noun	lexical-form	synodal:noun:wikt-d655bdc91222	ambiguous	reviewed-exact-form-without-paradigm-metadata	evidence-final	synodal:candidate:d655bdc91222f5db00d34cc1,synodal:candidate:d84fa55943c603f0664ea9c4;Apoc.1.16;review:v03:d655bdc91222	Reviewer confirmed the source-partition Synodal context and conservative OCS sense continuity; exact lexical evidence only, with no productive class inferred.
review:review:v03:d65c6ae81047	english-wiktionary-ocs-kaikki-2026-08-07+ponomar-elizabeth-bible-2026-08-09	review:v03:d65c6ae81047	радость	радость	noun	lexical-form	synodal:noun:wikt-d65c6ae81047	ambiguous	reviewed-exact-form-without-paradigm-metadata	evidence-final	synodal:candidate:d65c6ae81047fb3bff731d25,synodal:candidate:26b39edfb9decff954a499bd;Acts.8.8;review:v03:d65c6ae81047	Reviewer confirmed the source-partition Synodal context and conservative OCS sense continuity; exact lexical evidence only, with no productive class inferred.
review:review:v03:d68ba52adfc1	english-wiktionary-ocs-kaikki-2026-08-07+ponomar-elizabeth-bible-2026-08-09	review:v03:d68ba52adfc1	племѧ	племѧ	noun	lexical-form	synodal:noun:wikt-d68ba52adfc1	ambiguous	reviewed-exact-form-without-paradigm-metadata	evidence-final	synodal:candidate:d68ba52adfc187a087d05e61,synodal:candidate:2844e600c556f734d0d8420b;Amos.1.5;review:v03:d68ba52adfc1	Reviewer confirmed the source-partition Synodal context and conservative OCS sense continuity; exact lexical evidence only, with no productive class inferred.
review:review:v03:d73bf6651f5e	english-wiktionary-ocs-kaikki-2026-08-07+ponomar-elizabeth-bible-2026-08-09	review:v03:d73bf6651f5e	владѣти	владѣти	verb	lexical-form	synodal:verb:wikt-d73bf6651f5e	ambiguous	reviewed-exact-form-without-paradigm-metadata	evidence-final	synodal:candidate:d73bf6651f5ee237f7d65f5e,synodal:candidate:32f7a5c0b28318b4ccd71414;Dan.11.43;review:v03:d73bf6651f5e	Reviewer confirmed the source-partition Synodal context and conservative OCS sense continuity; exact lexical evidence only, with no productive class inferred.
review:review:v03:d82850b9084c	english-wiktionary-ocs-kaikki-2026-08-07+ponomar-elizabeth-bible-2026-08-09	review:v03:d82850b9084c	новъ	новъ	adjective	lexical-form	synodal:adjective:wikt-d82850b9084c	ambiguous	reviewed-exact-form-without-paradigm-metadata	evidence-final	synodal:candidate:d82850b9084cc24ac1f41a83,synodal:candidate:e2d29e044dab28e9d332ebf7;Apoc.21.2;review:v03:d82850b9084c	Reviewer confirmed the source-partition Synodal context and conservative OCS sense continuity; exact lexical evidence only, with no productive class inferred.
review:review:v03:d931586058c2	english-wiktionary-ocs-kaikki-2026-08-07+ponomar-elizabeth-bible-2026-08-09	review:v03:d931586058c2	клеветати	клеветати	verb	lexical-form	synodal:verb:wikt-d931586058c2	ambiguous	reviewed-exact-form-without-paradigm-metadata	evidence-final	synodal:candidate:d931586058c2333654d773fa,synodal:candidate:611c8fb08f1e8ac00c88021a;Acts.24.2;review:v03:d931586058c2	Reviewer confirmed the source-partition Synodal context and conservative OCS sense continuity; exact lexical evidence only, with no productive class inferred.
review:review:v03:d941ad616a6f	english-wiktionary-ocs-kaikki-2026-08-07+ponomar-elizabeth-bible-2026-08-09	review:v03:d941ad616a6f	твои	твои	pronoun	lexical-form	synodal:pronoun:wikt-d941ad616a6f	ambiguous	reviewed-exact-form-without-paradigm-metadata	evidence-final	synodal:candidate:d941ad616a6f430e867a1fc3,synodal:candidate:9b18a8c5352d919406790b1b;Amos.7.17;review:v03:d941ad616a6f	Reviewer confirmed the source-partition Synodal context and conservative OCS sense continuity; exact lexical evidence only, with no productive class inferred.
review:review:v03:d9b72ee49d72	english-wiktionary-ocs-kaikki-2026-08-07+ponomar-elizabeth-bible-2026-08-09	review:v03:d9b72ee49d72	миръ	миръ	noun	lexical-form	synodal:noun:wikt-d9b72ee49d72	ambiguous	reviewed-exact-form-without-paradigm-metadata	evidence-final	synodal:candidate:d9b72ee49d7253ed8a556f50,synodal:candidate:6766bbacdd63718cc545f50e;Acts.9.31;review:v03:d9b72ee49d72	Reviewer confirmed the source-partition Synodal context and conservative OCS sense continuity; exact lexical evidence only, with no productive class inferred.
review:review:v03:da4145567bd3	english-wiktionary-ocs-kaikki-2026-08-07+ponomar-elizabeth-bible-2026-08-09	review:v03:da4145567bd3	клѧти	клѧти	verb	lexical-form	synodal:verb:wikt-da4145567bd3	ambiguous	reviewed-exact-form-without-paradigm-metadata	evidence-final	synodal:candidate:da4145567bd3c9b689d8e807,synodal:candidate:8cb3f6f206f2203032ac35de;III_Kings.8.31;review:v03:da4145567bd3	Reviewer confirmed the source-partition Synodal context and conservative OCS sense continuity; exact lexical evidence only, with no productive class inferred.
review:review:v03:dc4ae86961de	english-wiktionary-ocs-kaikki-2026-08-07+ponomar-elizabeth-bible-2026-08-09	review:v03:dc4ae86961de	преити	преити	verb	lexical-form	synodal:verb:wikt-dc4ae86961de	ambiguous	reviewed-exact-form-without-paradigm-metadata	evidence-final	synodal:candidate:dc4ae86961def3e1654ea3d0,synodal:candidate:9d8ecd23d03d9257ae35b2d9;III_Esdra.4.26;review:v03:dc4ae86961de	Reviewer confirmed the source-partition Synodal context and conservative OCS sense continuity; exact lexical evidence only, with no productive class inferred.
review:review:v03:ddc87fde15ca	english-wiktionary-ocs-kaikki-2026-08-07+ponomar-elizabeth-bible-2026-08-09	review:v03:ddc87fde15ca	ровъ	ровъ	noun	lexical-form	rejected:review:v03:ddc87fde15ca	out-of-scope	reviewed-rejection	not-applicable	synodal:candidate:ddc87fde15cadc78c741e85d,synodal:candidate:67f7bee5e3a2d020957d1fd8;Dan.6.12;review:v03:ddc87fde15ca	Rejected: surface belongs to multiple OCS lexeme paradigms; target identity must be resolved manually
review:review:v03:ddd4a6d79172	english-wiktionary-ocs-kaikki-2026-08-07+ponomar-elizabeth-bible-2026-08-09	review:v03:ddd4a6d79172	сирота	сирота	noun	lexical-form	synodal:noun:wikt-ddd4a6d79172	ambiguous	reviewed-exact-form-without-paradigm-metadata	evidence-final	synodal:candidate:ddd4a6d791728bdb64f31d78,synodal:candidate:e6964086afc8d7983a38d80f;Deut.14.29;review:v03:ddd4a6d79172	Reviewer confirmed the source-partition Synodal context and conservative OCS sense continuity; exact lexical evidence only, with no productive class inferred.
review:review:v03:deef35edb9b4	english-wiktionary-ocs-kaikki-2026-08-07+ponomar-elizabeth-bible-2026-08-09	review:v03:deef35edb9b4	вранъ	вранъ	noun	lexical-form	synodal:noun:wikt-deef35edb9b4	ambiguous	reviewed-exact-form-without-paradigm-metadata	evidence-final	synodal:candidate:deef35edb9b4f277d53769cb,synodal:candidate:32c72edb44324f12232c782e;I_Kings.26.20;review:v03:deef35edb9b4	Reviewer confirmed the source-partition Synodal context and conservative OCS sense continuity; exact lexical evidence only, with no productive class inferred.
review:review:v03:e00c0a63fc09	english-wiktionary-ocs-kaikki-2026-08-07+ponomar-elizabeth-bible-2026-08-09	review:v03:e00c0a63fc09	нарещи	нарещи	verb	lexical-form	synodal:verb:wikt-e00c0a63fc09	ambiguous	reviewed-exact-form-without-paradigm-metadata	evidence-final	synodal:candidate:e00c0a63fc09073c447202eb,synodal:candidate:ea1ed6493540305eb4a8a39c;Acts.28.19;review:v03:e00c0a63fc09	Reviewer confirmed the source-partition Synodal context and conservative OCS sense continuity; exact lexical evidence only, with no productive class inferred.
review:review:v03:e0181cf8a673	english-wiktionary-ocs-kaikki-2026-08-07+ponomar-elizabeth-bible-2026-08-09	review:v03:e0181cf8a673	пристанище	пристанище	noun	lexical-form	synodal:noun:wikt-e0181cf8a673	ambiguous	reviewed-exact-form-without-paradigm-metadata	evidence-final	synodal:candidate:e0181cf8a67352d0a702f458,synodal:candidate:3c984c4b95ad19bab3286da4;Acts.27.8;review:v03:e0181cf8a673	Reviewer confirmed the source-partition Synodal context and conservative OCS sense continuity; exact lexical evidence only, with no productive class inferred.
review:review:v03:e0c589508e7a	english-wiktionary-ocs-kaikki-2026-08-07+ponomar-elizabeth-bible-2026-08-09	review:v03:e0c589508e7a	ѡградъ	ѡградъ	noun	lexical-form	rejected:review:v03:e0c589508e7a	out-of-scope	reviewed-rejection	not-applicable	synodal:candidate:e0c589508e7a91b8e992a80c,synodal:candidate:34b64859177c5b30e00ea790;Isa.58.12;review:v03:e0c589508e7a	Rejected: surface belongs to multiple OCS lexeme paradigms; target identity must be resolved manually
review:review:v03:e0c91b5eb837	english-wiktionary-ocs-kaikki-2026-08-07+ponomar-elizabeth-bible-2026-08-09	review:v03:e0c91b5eb837	ѡставити	ѡставити	verb	lexical-form	synodal:verb:wikt-e0c91b5eb837	ambiguous	reviewed-exact-form-without-paradigm-metadata	evidence-final	synodal:candidate:e0c91b5eb8371a411cb28b87,synodal:candidate:660160ea7629f309ed845b1b;Epistle.1.41;review:v03:e0c91b5eb837	Reviewer confirmed the source-partition Synodal context and conservative OCS sense continuity; exact lexical evidence only, with no productive class inferred.
review:review:v03:e0d6b61a9ce0	english-wiktionary-ocs-kaikki-2026-08-07+ponomar-elizabeth-bible-2026-08-09	review:v03:e0d6b61a9ce0	тꙋ	тꙋ	adverb	indeclinable	synodal:adverb:wikt-e0d6b61a9ce0	indeclinable	reviewed-exact-indeclinable	implemented	synodal:candidate:e0d6b61a9ce05a60948b39e2,synodal:candidate:9c07b4705bd4b776374a35dc;Acts.16.1;review:v03:e0d6b61a9ce0	Reviewer confirmed the source-partition Synodal context and conservative OCS sense continuity; exact lexical evidence only, with no productive class inferred.
review:review:v03:e0f737771f70	english-wiktionary-ocs-kaikki-2026-08-07+ponomar-elizabeth-bible-2026-08-09	review:v03:e0f737771f70	калъ	калъ	noun	lexical-form	rejected:review:v03:e0f737771f70	out-of-scope	reviewed-rejection	not-applicable	synodal:candidate:e0f737771f707004495ef56a,synodal:candidate:2f581f2a9872c854e5a11371;Mica.7.10;review:v03:e0f737771f70	Rejected: surface belongs to multiple OCS lexeme paradigms; target identity must be resolved manually
review:review:v03:e11721b94b57	english-wiktionary-ocs-kaikki-2026-08-07+ponomar-elizabeth-bible-2026-08-09	review:v03:e11721b94b57	медъ	медъ	noun	lexical-form	synodal:noun:wikt-e11721b94b57	ambiguous	reviewed-exact-form-without-paradigm-metadata	evidence-final	synodal:candidate:e11721b94b57c7d4303afaea,synodal:candidate:ba93cf6deec6b8bd9a867a4f;Apoc.10.9;review:v03:e11721b94b57	Reviewer confirmed the source-partition Synodal context and conservative OCS sense continuity; exact lexical evidence only, with no productive class inferred.
review:review:v03:e3292b9bf0b7	english-wiktionary-ocs-kaikki-2026-08-07+ponomar-elizabeth-bible-2026-08-09	review:v03:e3292b9bf0b7	стража	стража	noun	lexical-form	rejected:review:v03:e3292b9bf0b7	out-of-scope	reviewed-rejection	not-applicable	synodal:candidate:e3292b9bf0b71170b4d9ebd9,synodal:candidate:7a4853eebad43e0924a88df9;Ezek.3.17;review:v03:e3292b9bf0b7	Rejected: surface belongs to multiple OCS lexeme paradigms; target identity must be resolved manually
review:review:v03:e35b3112c729	english-wiktionary-ocs-kaikki-2026-08-07+ponomar-elizabeth-bible-2026-08-09	review:v03:e35b3112c729	ненавидѣти	ненавидѣти	verb	lexical-form	synodal:verb:wikt-e35b3112c729	ambiguous	reviewed-exact-form-without-paradigm-metadata	evidence-final	synodal:candidate:e35b3112c729e636d25f5477,synodal:candidate:b493e02490b2f45024172d36;Eccles.3.8;review:v03:e35b3112c729	Reviewer confirmed the source-partition Synodal context and conservative OCS sense continuity; exact lexical evidence only, with no productive class inferred.
review:review:v03:e3a240ff54e2	english-wiktionary-ocs-kaikki-2026-08-07+ponomar-elizabeth-bible-2026-08-09	review:v03:e3a240ff54e2	ѡбразъ	ѡбразъ	noun	lexical-form	synodal:noun:wikt-e3a240ff54e2	ambiguous	reviewed-exact-form-without-paradigm-metadata	evidence-final	synodal:candidate:e3a240ff54e2021e40f71e12,synodal:candidate:bdccb159da40dcf026c35c79;Acts.23.25;review:v03:e3a240ff54e2	Reviewer confirmed the source-partition Synodal context and conservative OCS sense continuity; exact lexical evidence only, with no productive class inferred.
review:review:v03:e406458f5df6	english-wiktionary-ocs-kaikki-2026-08-07+ponomar-elizabeth-bible-2026-08-09	review:v03:e406458f5df6	великъ	великъ	adjective	lexical-form	synodal:adjective:wikt-e406458f5df6	ambiguous	reviewed-exact-form-without-paradigm-metadata	evidence-final	synodal:candidate:e406458f5df69c1b2515aadd,synodal:candidate:30c743b74ee49070411acf23;Acts.5.5;review:v03:e406458f5df6	Reviewer confirmed the source-partition Synodal context and conservative OCS sense continuity; exact lexical evidence only, with no productive class inferred.
review:review:v03:e457702a921e	english-wiktionary-ocs-kaikki-2026-08-07+ponomar-elizabeth-bible-2026-08-09	review:v03:e457702a921e	врачь	врачь	noun	lexical-form	synodal:noun:wikt-e457702a921e	ambiguous	reviewed-exact-form-without-paradigm-metadata	evidence-final	synodal:candidate:e457702a921ea4ad6435c6df,synodal:candidate:a2eaa1f8f615621b7adf8834;Col.4.14;review:v03:e457702a921e	Reviewer confirmed the source-partition Synodal context and conservative OCS sense continuity; exact lexical evidence only, with no productive class inferred.
review:review:v03:e4c055ada604	english-wiktionary-ocs-kaikki-2026-08-07+ponomar-elizabeth-bible-2026-08-09	review:v03:e4c055ada604	лѣторасль	лѣторасль	noun	lexical-form	synodal:noun:wikt-e4c055ada604	ambiguous	reviewed-exact-form-without-paradigm-metadata	evidence-final	synodal:candidate:e4c055ada604de02a55d99e3,synodal:candidate:bea99f26cf2e9f58775d5109;Job.14.7;review:v03:e4c055ada604	Reviewer confirmed the source-partition Synodal context and conservative OCS sense continuity; exact lexical evidence only, with no productive class inferred.
review:review:v03:e4d34a35620b	english-wiktionary-ocs-kaikki-2026-08-07+ponomar-elizabeth-bible-2026-08-09	review:v03:e4d34a35620b	нѣмъ	нѣмъ	adjective	lexical-form	synodal:adjective:wikt-e4d34a35620b	ambiguous	reviewed-exact-form-without-paradigm-metadata	evidence-final	synodal:candidate:e4d34a35620b8fa2aeed3a53,synodal:candidate:fd3d9f6d8cb5bea34c85e413;Lk.1.22;review:v03:e4d34a35620b	Reviewer confirmed the source-partition Synodal context and conservative OCS sense continuity; exact lexical evidence only, with no productive class inferred.
review:review:v03:e55002e5bf25	english-wiktionary-ocs-kaikki-2026-08-07+ponomar-elizabeth-bible-2026-08-09	review:v03:e55002e5bf25	маріа	маріа	proper-noun	lexical-form	synodal:proper-noun:wikt-e55002e5bf25	ambiguous	reviewed-exact-form-without-paradigm-metadata	evidence-final	synodal:candidate:e55002e5bf25737811c67cef,synodal:candidate:82637fe8f0e36241bd4150a6;Composite.8.73;review:v03:e55002e5bf25	Reviewer confirmed the source-partition Synodal context and conservative OCS sense continuity; exact lexical evidence only, with no productive class inferred.
review:review:v03:e582b56810b4	english-wiktionary-ocs-kaikki-2026-08-07+ponomar-elizabeth-bible-2026-08-09	review:v03:e582b56810b4	прахъ	прахъ	noun	lexical-form	synodal:noun:wikt-e582b56810b4	ambiguous	reviewed-exact-form-without-paradigm-metadata	evidence-final	synodal:candidate:e582b56810b406c628ae090d,synodal:candidate:e52460b08a9e81041d59bacc;Acts.22.23;review:v03:e582b56810b4	Reviewer confirmed the source-partition Synodal context and conservative OCS sense continuity; exact lexical evidence only, with no productive class inferred.
review:review:v03:e5c9cda55930	english-wiktionary-ocs-kaikki-2026-08-07+ponomar-elizabeth-bible-2026-08-09	review:v03:e5c9cda55930	нежели	нежели	conjunction	indeclinable	synodal:conjunction:wikt-e5c9cda55930	indeclinable	reviewed-exact-indeclinable	implemented	synodal:candidate:e5c9cda5593089bfecd43afb,synodal:candidate:9d1cb1fad7b328106d98a3d8;Acts.4.19;review:v03:e5c9cda55930	Reviewer confirmed the source-partition Synodal context and conservative OCS sense continuity; exact lexical evidence only, with no productive class inferred.
review:review:v03:e64cdf1e2e56	english-wiktionary-ocs-kaikki-2026-08-07+ponomar-elizabeth-bible-2026-08-09	review:v03:e64cdf1e2e56	алкати	алкати	verb	lexical-form	rejected:review:v03:e64cdf1e2e56	out-of-scope	reviewed-rejection	not-applicable	synodal:candidate:e64cdf1e2e56df74dc2f559d,synodal:candidate:75430e0d024975b707cabfa2;Philip.4.12;review:v03:e64cdf1e2e56	Rejected: surface belongs to multiple OCS lexeme paradigms; target identity must be resolved manually
review:review:v03:e6a152932fce	english-wiktionary-ocs-kaikki-2026-08-07+ponomar-elizabeth-bible-2026-08-09	review:v03:e6a152932fce	сѣчиво	сѣчиво	noun	lexical-form	synodal:noun:wikt-e6a152932fce	ambiguous	reviewed-exact-form-without-paradigm-metadata	evidence-final	synodal:candidate:e6a152932fce09aaa58f616e,synodal:candidate:05beb92f24d4953737265582;Eccles.10.10;review:v03:e6a152932fce	Reviewer confirmed the source-partition Synodal context and conservative OCS sense continuity; exact lexical evidence only, with no productive class inferred.
review:review:v03:e702ff2a7886	english-wiktionary-ocs-kaikki-2026-08-07+ponomar-elizabeth-bible-2026-08-09	review:v03:e702ff2a7886	пиръ	пиръ	noun	lexical-form	rejected:review:v03:e702ff2a7886	out-of-scope	reviewed-rejection	not-applicable	synodal:candidate:e702ff2a7886cfb2e5fc82b5,synodal:candidate:b137aabfe275c60435b8067c;Esther.1.9;review:v03:e702ff2a7886	Rejected: surface belongs to multiple OCS lexeme paradigms; target identity must be resolved manually
review:review:v03:e9c47229a5f2	english-wiktionary-ocs-kaikki-2026-08-07+ponomar-elizabeth-bible-2026-08-09	review:v03:e9c47229a5f2	сладость	сладость	noun	lexical-form	synodal:noun:wikt-e9c47229a5f2	ambiguous	reviewed-exact-form-without-paradigm-metadata	evidence-final	synodal:candidate:e9c47229a5f21c6740606a65,synodal:candidate:1a79835a2f90bcd5efa6881e;Eccles.10.1;review:v03:e9c47229a5f2	Reviewer confirmed the source-partition Synodal context and conservative OCS sense continuity; exact lexical evidence only, with no productive class inferred.
review:review:v03:ea34e8ebdfdf	english-wiktionary-ocs-kaikki-2026-08-07+ponomar-elizabeth-bible-2026-08-09	review:v03:ea34e8ebdfdf	вѣкъ	вѣкъ	noun	lexical-form	rejected:review:v03:ea34e8ebdfdf	out-of-scope	reviewed-rejection	not-applicable	synodal:candidate:ea34e8ebdfdfe6f948b9c613,synodal:candidate:796715c99842847274eee104;Baruch.3.3;review:v03:ea34e8ebdfdf	Rejected: surface belongs to multiple OCS lexeme paradigms; target identity must be resolved manually
review:review:v03:ea57f4139813	english-wiktionary-ocs-kaikki-2026-08-07+ponomar-elizabeth-bible-2026-08-09	review:v03:ea57f4139813	дѣва	дѣва	noun	lexical-form	synodal:noun:wikt-ea57f4139813	ambiguous	reviewed-exact-form-without-paradigm-metadata	evidence-final	synodal:candidate:ea57f4139813df5a7caa83f6,synodal:candidate:1360ee61dab7cc1964bbf111;Dan.11.6;review:v03:ea57f4139813	Reviewer confirmed the source-partition Synodal context and conservative OCS sense continuity; exact lexical evidence only, with no productive class inferred.
review:review:v03:eb542a45226b	english-wiktionary-ocs-kaikki-2026-08-07+ponomar-elizabeth-bible-2026-08-09	review:v03:eb542a45226b	ѡбрѣсти	ѡбрѣсти	verb	lexical-form	synodal:verb:wikt-eb542a45226b	ambiguous	reviewed-exact-form-without-paradigm-metadata	evidence-final	synodal:candidate:eb542a45226b9da8c4c85879,synodal:candidate:f66045ea259cb6faeb246a4d;Acts.7.46;review:v03:eb542a45226b	Reviewer confirmed the source-partition Synodal context and conservative OCS sense continuity; exact lexical evidence only, with no productive class inferred.
review:review:v03:ebb84a9b0fb1	english-wiktionary-ocs-kaikki-2026-08-07+ponomar-elizabeth-bible-2026-08-09	review:v03:ebb84a9b0fb1	но	но	conjunction	indeclinable	synodal:conjunction:wikt-ebb84a9b0fb1	indeclinable	reviewed-exact-indeclinable	implemented	synodal:candidate:ebb84a9b0fb1c161dd6cc26f,synodal:candidate:f1fd5cb7e8bc638b308a2a0d;Acts.1.4;review:v03:ebb84a9b0fb1	Reviewer confirmed the source-partition Synodal context and the transparent OCS conjunction sense mapping.
review:review:v03:ebf824b37802	english-wiktionary-ocs-kaikki-2026-08-07+ponomar-elizabeth-bible-2026-08-09	review:v03:ebf824b37802	рѧдъ	рѧдъ	noun	lexical-form	synodal:noun:wikt-ebf824b37802	ambiguous	reviewed-exact-form-without-paradigm-metadata	evidence-final	synodal:candidate:ebf824b37802f32f048d53f1,synodal:candidate:f5f76c90117a94125679057d;Ex.28.18;review:v03:ebf824b37802	Reviewer confirmed the source-partition Synodal context and conservative OCS sense continuity; exact lexical evidence only, with no productive class inferred.
review:review:v03:ec5aa7663727	english-wiktionary-ocs-kaikki-2026-08-07+ponomar-elizabeth-bible-2026-08-09	review:v03:ec5aa7663727	ѡбладати	ѡбладати	verb	lexical-form	synodal:verb:wikt-ec5aa7663727	ambiguous	reviewed-exact-form-without-paradigm-metadata	evidence-final	synodal:candidate:ec5aa76637271c6b6f2685d9,synodal:candidate:20da5dd07d943747375cc251;Dan.5.7;review:v03:ec5aa7663727	Reviewer confirmed the source-partition Synodal context and conservative OCS sense continuity; exact lexical evidence only, with no productive class inferred.
review:review:v03:ed67a3345df1	english-wiktionary-ocs-kaikki-2026-08-07+ponomar-elizabeth-bible-2026-08-09	review:v03:ed67a3345df1	господь	господь	noun	lexical-form	synodal:noun:wikt-ed67a3345df1	ambiguous	reviewed-exact-form-without-paradigm-metadata	evidence-final	synodal:candidate:ed67a3345df17a6e1742158c,synodal:candidate:9cb69216b196dc1cb3ab4950;Dan.10.19;review:v03:ed67a3345df1	Reviewer confirmed the source-partition Synodal context and conservative OCS sense continuity; exact lexical evidence only, with no productive class inferred.
review:review:v03:ee77eedb1a1a	english-wiktionary-ocs-kaikki-2026-08-07+ponomar-elizabeth-bible-2026-08-09	review:v03:ee77eedb1a1a	бѣлъ	бѣлъ	adjective	lexical-form	synodal:adjective:wikt-ee77eedb1a1a	ambiguous	reviewed-exact-form-without-paradigm-metadata	evidence-final	synodal:candidate:ee77eedb1a1a8543424e93d3,synodal:candidate:6ddaccf5c467f12f94f4bc1f;Apoc.2.17;review:v03:ee77eedb1a1a	Reviewer confirmed the source-partition Synodal context and conservative OCS sense continuity; exact lexical evidence only, with no productive class inferred.
review:review:v03:eeb6e1a8c744	english-wiktionary-ocs-kaikki-2026-08-07+ponomar-elizabeth-bible-2026-08-09	review:v03:eeb6e1a8c744	кіи	кіи	pronoun	lexical-form	synodal:pronoun:wikt-eeb6e1a8c744	ambiguous	reviewed-exact-form-without-paradigm-metadata	evidence-final	synodal:candidate:eeb6e1a8c744c23e0750b272,synodal:candidate:7d95b13b98aeb01171a0a3b0;III_Esdra.4.7;review:v03:eeb6e1a8c744	Reviewer confirmed the source-partition Synodal context and conservative OCS sense continuity; exact lexical evidence only, with no productive class inferred.
review:review:v03:ef7c614e84d4	english-wiktionary-ocs-kaikki-2026-08-07+ponomar-elizabeth-bible-2026-08-09	review:v03:ef7c614e84d4	свѣтити	свѣтити	verb	lexical-form	synodal:verb:wikt-ef7c614e84d4	ambiguous	reviewed-exact-form-without-paradigm-metadata	evidence-final	synodal:candidate:ef7c614e84d41928fadbeb88,synodal:candidate:5253a6b61930b18fab63dc94;Apoc.18.23;review:v03:ef7c614e84d4	Reviewer confirmed the source-partition Synodal context and conservative OCS sense continuity; exact lexical evidence only, with no productive class inferred.
review:review:v03:f026188d8dc1	english-wiktionary-ocs-kaikki-2026-08-07+ponomar-elizabeth-bible-2026-08-09	review:v03:f026188d8dc1	носити	носити	verb	lexical-form	synodal:verb:wikt-f026188d8dc1	ambiguous	reviewed-exact-form-without-paradigm-metadata	evidence-final	synodal:candidate:f026188d8dc1b1189b1466cf,synodal:candidate:6224cbb6575d20d549a3c5a6;Apoc.2.2;review:v03:f026188d8dc1	Reviewer confirmed the source-partition Synodal context and conservative OCS sense continuity; exact lexical evidence only, with no productive class inferred.
review:review:v03:f0839864e6c2	english-wiktionary-ocs-kaikki-2026-08-07+ponomar-elizabeth-bible-2026-08-09	review:v03:f0839864e6c2	рана	рана	noun	lexical-form	synodal:noun:wikt-f0839864e6c2	ambiguous	reviewed-exact-form-without-paradigm-metadata	evidence-final	synodal:candidate:f0839864e6c27b9810b00e77,synodal:candidate:f53d3cd31dc7134b853f9924;Isa.1.6;review:v03:f0839864e6c2	Reviewer confirmed the source-partition Synodal context and conservative OCS sense continuity; exact lexical evidence only, with no productive class inferred.
review:review:v03:f09eee315b3f	english-wiktionary-ocs-kaikki-2026-08-07+ponomar-elizabeth-bible-2026-08-09	review:v03:f09eee315b3f	станъ	станъ	noun	lexical-form	synodal:noun:wikt-f09eee315b3f	ambiguous	reviewed-exact-form-without-paradigm-metadata	evidence-final	synodal:candidate:f09eee315b3fc5de65e30d1f,synodal:candidate:7504072688861eccb1cdf6a2;Apoc.20.8;review:v03:f09eee315b3f	Reviewer confirmed the source-partition Synodal context and conservative OCS sense continuity; exact lexical evidence only, with no productive class inferred.
review:review:v03:f18d6b1624bc	english-wiktionary-ocs-kaikki-2026-08-07+ponomar-elizabeth-bible-2026-08-09	review:v03:f18d6b1624bc	милостивъ	милостивъ	adjective	lexical-form	synodal:adjective:wikt-f18d6b1624bc	ambiguous	reviewed-exact-form-without-paradigm-metadata	evidence-final	synodal:candidate:f18d6b1624bcecb07d7ee52a,synodal:candidate:e047daa979d55f9bebb9fa71;II_Kings.20.20;review:v03:f18d6b1624bc	Reviewer confirmed the source-partition Synodal context and conservative OCS sense continuity; exact lexical evidence only, with no productive class inferred.
review:review:v03:f1f996ebadaa	english-wiktionary-ocs-kaikki-2026-08-07+ponomar-elizabeth-bible-2026-08-09	review:v03:f1f996ebadaa	пасти	пасти	verb	lexical-form	rejected:review:v03:f1f996ebadaa	out-of-scope	reviewed-rejection	not-applicable	synodal:candidate:f1f996ebadaa0a76331c82ac,synodal:candidate:2054ca2b15266e16525ba6bd;Acts.28.6;review:v03:f1f996ebadaa	Corrective contextual review found Acts.28.6 uses пасти in the fall or perish identity, so the same token cannot attest the feed or pasture identity.
review:review:v03:f2987addf34f	english-wiktionary-ocs-kaikki-2026-08-07+ponomar-elizabeth-bible-2026-08-09	review:v03:f2987addf34f	ѡрало	ѡрало	noun	lexical-form	rejected:review:v03:f2987addf34f	out-of-scope	reviewed-rejection	not-applicable	synodal:candidate:f2987addf34f45e497834791,synodal:candidate:3010ebddc27c7ee521faa789;Sirach.38.25;review:v03:f2987addf34f	Rejected: surface belongs to multiple OCS lexeme paradigms; target identity must be resolved manually
review:review:v03:f2a9817d8801	english-wiktionary-ocs-kaikki-2026-08-07+ponomar-elizabeth-bible-2026-08-09	review:v03:f2a9817d8801	добръ	добръ	adjective	lexical-form	synodal:adjective:wikt-f2a9817d8801	ambiguous	reviewed-exact-form-without-paradigm-metadata	evidence-final	synodal:candidate:f2a9817d8801659ce874dd23,synodal:candidate:21b0fac81c42e3fa4b7d9e28;Ezek.31.7;review:v03:f2a9817d8801	Reviewer confirmed the source-partition Synodal context and conservative OCS sense continuity; exact lexical evidence only, with no productive class inferred.
review:review:v03:f2f8b6208bb1	english-wiktionary-ocs-kaikki-2026-08-07+ponomar-elizabeth-bible-2026-08-09	review:v03:f2f8b6208bb1	кротость	кротость	noun	lexical-form	synodal:noun:wikt-f2f8b6208bb1	ambiguous	reviewed-exact-form-without-paradigm-metadata	evidence-final	synodal:candidate:f2f8b6208bb1ac4f3c9aa324,synodal:candidate:529420743aef320c8cd6136c;Esther.5.1;review:v03:f2f8b6208bb1	Reviewer confirmed the source-partition Synodal context and conservative OCS sense continuity; exact lexical evidence only, with no productive class inferred.
review:review:v03:f3161825d638	english-wiktionary-ocs-kaikki-2026-08-07+ponomar-elizabeth-bible-2026-08-09	review:v03:f3161825d638	таинъ	таинъ	adjective	lexical-form	synodal:adjective:wikt-f3161825d638	ambiguous	reviewed-exact-form-without-paradigm-metadata	evidence-final	synodal:candidate:f3161825d638a10378a2d4ea,synodal:candidate:d14f97bf84e121c7d9f82b40;I_Cor.4.1;review:v03:f3161825d638	Reviewer confirmed the source-partition Synodal context and conservative OCS sense continuity; exact lexical evidence only, with no productive class inferred.
review:review:v03:f330683bc04d	english-wiktionary-ocs-kaikki-2026-08-07+ponomar-elizabeth-bible-2026-08-09	review:v03:f330683bc04d	югъ	югъ	noun	lexical-form	synodal:noun:wikt-f330683bc04d	ambiguous	reviewed-exact-form-without-paradigm-metadata	evidence-final	synodal:candidate:f330683bc04d634a59831c19,synodal:candidate:c49e44cb6ed65740238875fb;Dan.8.4;review:v03:f330683bc04d	Reviewer confirmed the source-partition Synodal context and conservative OCS sense continuity; exact lexical evidence only, with no productive class inferred.
review:review:v03:f3678fc94b53	english-wiktionary-ocs-kaikki-2026-08-07+ponomar-elizabeth-bible-2026-08-09	review:v03:f3678fc94b53	срамъ	срамъ	noun	lexical-form	synodal:noun:wikt-f3678fc94b53	ambiguous	reviewed-exact-form-without-paradigm-metadata	evidence-final	synodal:candidate:f3678fc94b5348084b9c7f6b,synodal:candidate:323c88ce381d05a694aaf476;Deut.25.3;review:v03:f3678fc94b53	Reviewer confirmed the source-partition Synodal context and conservative OCS sense continuity; exact lexical evidence only, with no productive class inferred.
review:review:v03:f3833c75403b	english-wiktionary-ocs-kaikki-2026-08-07+ponomar-elizabeth-bible-2026-08-09	review:v03:f3833c75403b	риза	риза	noun	lexical-form	synodal:noun:wikt-f3833c75403b	ambiguous	reviewed-exact-form-without-paradigm-metadata	evidence-final	synodal:candidate:f3833c75403b6fd261c7e4ca,synodal:candidate:0bc470fe6585416d86b92506;Ex.22.27;review:v03:f3833c75403b	Reviewer confirmed the source-partition Synodal context and conservative OCS sense continuity; exact lexical evidence only, with no productive class inferred.
review:review:v03:f442c728d9d0	english-wiktionary-ocs-kaikki-2026-08-07+ponomar-elizabeth-bible-2026-08-09	review:v03:f442c728d9d0	сѣдѣти	сѣдѣти	verb	lexical-form	synodal:verb:wikt-f442c728d9d0	ambiguous	reviewed-exact-form-without-paradigm-metadata	evidence-final	synodal:candidate:f442c728d9d08de41acc3077,synodal:candidate:fc2bb252a5825eb98c3e2260;III_Kings.3.6;review:v03:f442c728d9d0	Reviewer confirmed the source-partition Synodal context and conservative OCS sense continuity; exact lexical evidence only, with no productive class inferred.
review:review:v03:f5010315b352	english-wiktionary-ocs-kaikki-2026-08-07+ponomar-elizabeth-bible-2026-08-09	review:v03:f5010315b352	пѣснь	пѣснь	noun	lexical-form	synodal:noun:wikt-f5010315b352	ambiguous	reviewed-exact-form-without-paradigm-metadata	evidence-final	synodal:candidate:f5010315b3528f3b945a58c1,synodal:candidate:2c71dc907f8f9f5e64cb3dd5;Apoc.5.9;review:v03:f5010315b352	Reviewer confirmed the source-partition Synodal context and conservative OCS sense continuity; exact lexical evidence only, with no productive class inferred.
review:review:v03:f641099e2194	english-wiktionary-ocs-kaikki-2026-08-07+ponomar-elizabeth-bible-2026-08-09	review:v03:f641099e2194	познати	познати	verb	lexical-form	synodal:verb:wikt-f641099e2194	ambiguous	reviewed-exact-form-without-paradigm-metadata	evidence-final	synodal:candidate:f641099e2194d7c96a2f5ed4,synodal:candidate:8822573a8ee8c558d4f55a7c;Acts.24.8;review:v03:f641099e2194	Reviewer confirmed the source-partition Synodal context and conservative OCS sense continuity; exact lexical evidence only, with no productive class inferred.
review:review:v03:f6598ce25bf6	english-wiktionary-ocs-kaikki-2026-08-07+ponomar-elizabeth-bible-2026-08-09	review:v03:f6598ce25bf6	львѡвъ	львѡвъ	adjective	lexical-form	rejected:review:v03:f6598ce25bf6	out-of-scope	reviewed-rejection	not-applicable	synodal:candidate:f6598ce25bf6e61f4c6f6fb0,synodal:candidate:abb0c7dc2cb75d42aa1c0725;Dan.14.32;review:v03:f6598ce25bf6	Rejected: surface belongs to multiple OCS lexeme paradigms; target identity must be resolved manually
review:review:v03:f73fbd627926	english-wiktionary-ocs-kaikki-2026-08-07+ponomar-elizabeth-bible-2026-08-09	review:v03:f73fbd627926	снѣгъ	снѣгъ	noun	lexical-form	synodal:noun:wikt-f73fbd627926	ambiguous	reviewed-exact-form-without-paradigm-metadata	evidence-final	synodal:candidate:f73fbd6279268f689536465d,synodal:candidate:3b8a5c313091241fafdd47e8;Apoc.1.14;review:v03:f73fbd627926	Reviewer confirmed the source-partition Synodal context and conservative OCS sense continuity; exact lexical evidence only, with no productive class inferred.
review:review:v03:f7edd7b689ae	english-wiktionary-ocs-kaikki-2026-08-07+ponomar-elizabeth-bible-2026-08-09	review:v03:f7edd7b689ae	грѣхъ	грѣхъ	noun	lexical-form	synodal:noun:wikt-f7edd7b689ae	ambiguous	reviewed-exact-form-without-paradigm-metadata	evidence-final	synodal:candidate:f7edd7b689ae7347980af3cf,synodal:candidate:b57bfa7fbd8ce2808e6e0010;Dan.8.12;review:v03:f7edd7b689ae	Reviewer confirmed the source-partition Synodal context and conservative OCS sense continuity; exact lexical evidence only, with no productive class inferred.
review:review:v03:f7f46531d6bf	english-wiktionary-ocs-kaikki-2026-08-07+ponomar-elizabeth-bible-2026-08-09	review:v03:f7f46531d6bf	щедръ	щедръ	adjective	lexical-form	synodal:adjective:wikt-f7f46531d6bf	ambiguous	reviewed-exact-form-without-paradigm-metadata	evidence-final	synodal:candidate:f7f46531d6bf1e6f21172ecb,synodal:candidate:6682565f509e1e5f12bd9b98;Deut.4.31;review:v03:f7f46531d6bf	Reviewer confirmed the source-partition Synodal context and conservative OCS sense continuity; exact lexical evidence only, with no productive class inferred.
review:review:v03:f87119aa55fa	english-wiktionary-ocs-kaikki-2026-08-07+ponomar-elizabeth-bible-2026-08-09	review:v03:f87119aa55fa	зазоръ	зазоръ	noun	lexical-form	synodal:noun:wikt-f87119aa55fa	ambiguous	reviewed-exact-form-without-paradigm-metadata	evidence-final	synodal:candidate:f87119aa55fa10a717cd2a91,synodal:candidate:c238d50ca10c9a553ff43e41;Job.33.10;review:v03:f87119aa55fa	Reviewer confirmed the source-partition Synodal context and conservative OCS sense continuity; exact lexical evidence only, with no productive class inferred.
review:review:v03:fa022cf4980b	english-wiktionary-ocs-kaikki-2026-08-07+ponomar-elizabeth-bible-2026-08-09	review:v03:fa022cf4980b	видомъ	видомъ	adjective	lexical-form	rejected:review:v03:fa022cf4980b	out-of-scope	reviewed-rejection	not-applicable	synodal:candidate:fa022cf4980bfe92490635bd,synodal:candidate:6f0324579d33a6e2dab5b5a7;Gen.29.17;review:v03:fa022cf4980b	Rejected: surface belongs to multiple OCS lexeme paradigms; target identity must be resolved manually
review:review:v03:fa71939e0b9c	english-wiktionary-ocs-kaikki-2026-08-07+ponomar-elizabeth-bible-2026-08-09	review:v03:fa71939e0b9c	рѣчь	рѣчь	noun	lexical-form	synodal:noun:wikt-fa71939e0b9c	ambiguous	reviewed-exact-form-without-paradigm-metadata	evidence-final	synodal:candidate:fa71939e0b9c0a003773362c,synodal:candidate:7cf4cfc058b778bd71589ce9;I_Kings.17.29;review:v03:fa71939e0b9c	Reviewer confirmed the source-partition Synodal context and conservative OCS sense continuity; exact lexical evidence only, with no productive class inferred.
review:review:v03:fa8d4b47acd3	english-wiktionary-ocs-kaikki-2026-08-07+ponomar-elizabeth-bible-2026-08-09	review:v03:fa8d4b47acd3	мѣра	мѣра	noun	lexical-form	synodal:noun:wikt-fa8d4b47acd3	ambiguous	reviewed-exact-form-without-paradigm-metadata	evidence-final	synodal:candidate:fa8d4b47acd3a0aba2bd2f35,synodal:candidate:c003be844e4398b5be0a64e9;Apoc.6.6;review:v03:fa8d4b47acd3	Reviewer confirmed the source-partition Synodal context and conservative OCS sense continuity; exact lexical evidence only, with no productive class inferred.
review:review:v03:faa8f7095833	english-wiktionary-ocs-kaikki-2026-08-07+ponomar-elizabeth-bible-2026-08-09	review:v03:faa8f7095833	чинъ	чинъ	noun	lexical-form	synodal:noun:wikt-faa8f7095833	ambiguous	reviewed-exact-form-without-paradigm-metadata	evidence-final	synodal:candidate:faa8f70958333894522004da,synodal:candidate:8246cbd8538639b9afd24a93;Col.2.5;review:v03:faa8f7095833	Reviewer confirmed the source-partition Synodal context and conservative OCS sense continuity; exact lexical evidence only, with no productive class inferred.
review:review:v03:fb14e06aa83a	english-wiktionary-ocs-kaikki-2026-08-07+ponomar-elizabeth-bible-2026-08-09	review:v03:fb14e06aa83a	лютъ	лютъ	adjective	lexical-form	synodal:adjective:wikt-fb14e06aa83a	ambiguous	reviewed-exact-form-without-paradigm-metadata	evidence-final	synodal:candidate:fb14e06aa83adcbc39850b8b,synodal:candidate:dbeb01a091248dd3e0274472;Apoc.16.2;review:v03:fb14e06aa83a	Reviewer confirmed the source-partition Synodal context and conservative OCS sense continuity; exact lexical evidence only, with no productive class inferred.
review:review:v03:fb574d200bb8	english-wiktionary-ocs-kaikki-2026-08-07+ponomar-elizabeth-bible-2026-08-09	review:v03:fb574d200bb8	ѡбѣдъ	ѡбѣдъ	noun	lexical-form	synodal:noun:wikt-fb574d200bb8	ambiguous	reviewed-exact-form-without-paradigm-metadata	evidence-final	synodal:candidate:fb574d200bb8fea0feaf6130,synodal:candidate:dd223149dc6fef606b716bae;Dan.14.34;review:v03:fb574d200bb8	Reviewer confirmed the source-partition Synodal context and conservative OCS sense continuity; exact lexical evidence only, with no productive class inferred.
review:review:v03:fca54147b786	english-wiktionary-ocs-kaikki-2026-08-07+ponomar-elizabeth-bible-2026-08-09	review:v03:fca54147b786	раздѣлити	раздѣлити	verb	lexical-form	synodal:verb:wikt-fca54147b786	ambiguous	reviewed-exact-form-without-paradigm-metadata	evidence-final	synodal:candidate:fca54147b78646de8ef9738e,synodal:candidate:96b1a4a5ab2b920f9ab6ce5f;I_Macc.3.36;review:v03:fca54147b786	Reviewer confirmed the source-partition Synodal context and conservative OCS sense continuity; exact lexical evidence only, with no productive class inferred.
review:review:v03:fd21ffa8fd91	english-wiktionary-ocs-kaikki-2026-08-07+ponomar-elizabeth-bible-2026-08-09	review:v03:fd21ffa8fd91	корень	корень	noun	lexical-form	synodal:noun:wikt-fd21ffa8fd91	ambiguous	reviewed-exact-form-without-paradigm-metadata	evidence-final	synodal:candidate:fd21ffa8fd916843666540da,synodal:candidate:0d79f3027d8e505b227a4ff2;Apoc.22.16;review:v03:fd21ffa8fd91	Reviewer confirmed the source-partition Synodal context and conservative OCS sense continuity; exact lexical evidence only, with no productive class inferred.
review:review:v03:fd691ce3ca48	english-wiktionary-ocs-kaikki-2026-08-07+ponomar-elizabeth-bible-2026-08-09	review:v03:fd691ce3ca48	гора	гора	noun	lexical-form	synodal:noun:wikt-fd691ce3ca48	ambiguous	reviewed-exact-form-without-paradigm-metadata	evidence-final	synodal:candidate:fd691ce3ca488799da69a1df,synodal:candidate:7dfe805cf0c7c897696036c4;Deut.4.11;review:v03:fd691ce3ca48	Reviewer confirmed the source-partition Synodal context and conservative OCS sense continuity; exact lexical evidence only, with no productive class inferred.
review:review:v03:fdf95335239b	english-wiktionary-ocs-kaikki-2026-08-07+ponomar-elizabeth-bible-2026-08-09	review:v03:fdf95335239b	стегно	стегно	noun	lexical-form	synodal:noun:wikt-fdf95335239b	ambiguous	reviewed-exact-form-without-paradigm-metadata	evidence-final	synodal:candidate:fdf95335239b5b6c36446995,synodal:candidate:bc0addd798d44a4d539aa131;Gen.24.9;review:v03:fdf95335239b	Reviewer confirmed the source-partition Synodal context and conservative OCS sense continuity; exact lexical evidence only, with no productive class inferred.
review:review:v03:ff0e77e28364	english-wiktionary-ocs-kaikki-2026-08-07+ponomar-elizabeth-bible-2026-08-09	review:v03:ff0e77e28364	печаль	печаль	noun	lexical-form	synodal:noun:wikt-ff0e77e28364	ambiguous	reviewed-exact-form-without-paradigm-metadata	evidence-final	synodal:candidate:ff0e77e2836461f08c4d98ca,synodal:candidate:964bb76e59ef955aa02b4de9;Heb.12.11;review:v03:ff0e77e28364	Reviewer confirmed the source-partition Synodal context and conservative OCS sense continuity; exact lexical evidence only, with no productive class inferred.
review:review:v03:ff14201e08b1	english-wiktionary-ocs-kaikki-2026-08-07+ponomar-elizabeth-bible-2026-08-09	review:v03:ff14201e08b1	сапогъ	сапогъ	noun	lexical-form	synodal:noun:wikt-ff14201e08b1	ambiguous	reviewed-exact-form-without-paradigm-metadata	evidence-final	synodal:candidate:ff14201e08b1d5c07f9fc939,synodal:candidate:7b17e4c409f654f4fe228bfe;Deut.33.25;review:v03:ff14201e08b1	Reviewer confirmed the source-partition Synodal context and conservative OCS sense continuity; exact lexical evidence only, with no productive class inferred.
review:review:v03:ff9d5d56a476	english-wiktionary-ocs-kaikki-2026-08-07+ponomar-elizabeth-bible-2026-08-09	review:v03:ff9d5d56a476	мїхаилъ	мїхаилъ	proper-noun	lexical-form	synodal:proper-noun:wikt-ff9d5d56a476	ambiguous	reviewed-exact-form-without-paradigm-metadata	evidence-final	synodal:candidate:ff9d5d56a476c9bb43728810,synodal:candidate:392c610e32cc06bbd84e38d1;Dan.10.13;review:v03:ff9d5d56a476	Reviewer confirmed the source-partition Synodal context and conservative OCS sense continuity; exact lexical evidence only, with no productive class inferred.
review:review:v03:ffe65f68245a	english-wiktionary-ocs-kaikki-2026-08-07+ponomar-elizabeth-bible-2026-08-09	review:v03:ffe65f68245a	написати	написати	verb	lexical-form	synodal:verb:wikt-ffe65f68245a	ambiguous	reviewed-exact-form-without-paradigm-metadata	evidence-final	synodal:candidate:ffe65f68245afbf1279d20b2,synodal:candidate:4e7b9050bfbc744d5a1c1fd3;I_Macc.3.48;review:v03:ffe65f68245a	Reviewer confirmed the source-partition Synodal context and conservative OCS sense continuity; exact lexical evidence only, with no productive class inferred.
review:review:v05:adjective:mnog	alypy-gamanovich-grammar-web-2023+ponomar-elizabeth-bible-2026-08-09	review:v05:adjective:mnog	многъ	многъ	adjective	lexical-form	synodal:adjective:mnog	ambiguous	reviewed-exact-form-without-paradigm-metadata	evidence-final	synodal:candidate:fc5b29d73f71a7434d23bf42,synodal:candidate:87ac1a938af6fb7bc6984617;Acts.6.7;review:v05:adjective:mnog	Alypy §117 explicitly uses мно́гихъ as the inflected quantity adjective and the target passage independently witnesses the short masculine singular base. Only separately witnessed exact cells and spelling variants are admitted.
review:review:v05:adverb:vmesto	alypy-gamanovich-grammar-web-2023+ponomar-elizabeth-bible-2026-08-09	review:v05:adverb:vmesto	вмѣстѡ	вмѣстѡ	adverb	indeclinable	synodal:adverb:vmesto	indeclinable	reviewed-exact-indeclinable	implemented	synodal:candidate:45702ed88057c4b4ea8aa213,synodal:candidate:4ec2fb3a957d73586f397261;Baruch.3.19;review:v05:adverb:vmesto	Alypy §144 uses вмѣ́стѡ in its exact replacement sense and the independent target passage confirms the same construction. The entry is exact and indeclinable.
review:review:v05:adverb:zde	alypy-gamanovich-grammar-web-2023+ponomar-elizabeth-bible-2026-08-09	review:v05:adverb:zde	здѣ	здѣ	adverb	indeclinable	synodal:adverb:zde	indeclinable	reviewed-exact-indeclinable	implemented	synodal:candidate:4fb9580f859be049540a07e2,synodal:candidate:8ef1429487feccc0e74f3525;Acts.9.14;review:v05:adverb:zde	Alypy §107 explicitly classifies здѣ̀ as a place adverb; the independent target passage confirms the exact grave-accented form and meaning.
review:review:v05:indeclinable:abie	alypy-gamanovich-grammar-web-2023+ponomar-elizabeth-bible-2026-08-09	review:v05:indeclinable:abie	абїе	абїе	adverb	indeclinable	synodal:adverb:abie	indeclinable	reviewed-exact-indeclinable	implemented	synodal:candidate:3b10045bc8acd9beec5915d8,synodal:candidate:8312dd1823bff0ff015ccdf4;Acts.3.7;review:v05:indeclinable:abie	Alypy §107 explicitly lists а҆́бїе as a primary adverb; the target passage independently confirms the exact form.
review:review:v05:indeclinable:aki	alypy-gamanovich-grammar-web-2023+ponomar-elizabeth-bible-2026-08-09	review:v05:indeclinable:aki	аки	аки	conjunction	indeclinable	synodal:conjunction:aki	indeclinable	reviewed-exact-indeclinable	implemented	synodal:candidate:27a023edcdc84a9417a52aeb,synodal:candidate:679bae4460e7398eed3dc754;Acts.23.15;review:v05:indeclinable:aki	Alypy §114 classifies а҆́ки with comparative conjunctions; the target passage confirms the breathing, accent, and clause-linking identity.
review:review:v05:indeclinable:bliz	alypy-gamanovich-grammar-web-2023+ponomar-elizabeth-bible-2026-08-09	review:v05:indeclinable:bliz	близъ	близъ	preposition	indeclinable	synodal:preposition:bliz	indeclinable	reviewed-exact-indeclinable	implemented	synodal:candidate:18e282ff98af67838c7c82f4,synodal:candidate:1024927abf0aecd2d6076da9;Acts.5.10;review:v05:indeclinable:bliz	Alypy §110 explicitly lists бли́зъ among derived prepositions; the target passage independently confirms the exact paerok spelling and prepositional context.
review:review:v05:indeclinable:dazhe	alypy-gamanovich-grammar-web-2023+ponomar-elizabeth-bible-2026-08-09	review:v05:indeclinable:dazhe	даже	даже	adverb	indeclinable	synodal:adverb:dazhe	indeclinable	reviewed-exact-indeclinable	implemented	synodal:candidate:6bdef48469b2ea2bd10790b2,synodal:candidate:da3be8b88f8120e9fc660a79;Acts.1.22;review:v05:indeclinable:dazhe	Alypy §107 explicitly lists да́же as an adverb; the target source witnesses its bounded temporal use in the construction даже до.
review:review:v05:indeclinable:dnes	alypy-gamanovich-grammar-web-2023+ponomar-elizabeth-bible-2026-08-09	review:v05:indeclinable:dnes	днесь	днесь	adverb	indeclinable	synodal:adverb:dnes	indeclinable	reviewed-exact-indeclinable	implemented	synodal:candidate:31eb2b4dbee9944664b257d6,synodal:candidate:453a84ce7867fcdf0d4c6cb8;Acts.4.9;review:v05:indeclinable:dnes	Alypy §§106 and 108 explicitly classify дне́сь as an adverb of time; the target passage independently confirms the exact form.
review:review:v05:indeclinable:dondezhe	alypy-gamanovich-grammar-web-2023+ponomar-elizabeth-bible-2026-08-09	review:v05:indeclinable:dondezhe	дондеже	дондеже	conjunction	indeclinable	synodal:conjunction:dondezhe	indeclinable	reviewed-exact-indeclinable	implemented	synodal:candidate:a18a84f005768dd625fdec4f,synodal:candidate:3de546464abaf18f1b15163a;Acts.2.35;review:v05:indeclinable:dondezhe	Alypy §114 classifies до́ндеже among temporal conjunctions; the target passage confirms the exact accent and clause-linking use.
review:review:v05:indeclinable:eda	alypy-gamanovich-grammar-web-2023+ponomar-elizabeth-bible-2026-08-09	review:v05:indeclinable:eda	єда	єда	conjunction	indeclinable	synodal:conjunction:eda	indeclinable	reviewed-exact-indeclinable	implemented	synodal:candidate:a5cc2599c63c481e340a3c3a,synodal:candidate:91044b0d2fbe098e41c708cb;Acts.7.28;review:v05:indeclinable:eda	Alypy §114 classifies the exact marked form as an interrogative conjunction; the target passage confirms the standalone form and question use.
review:review:v05:indeclinable:eshche	alypy-gamanovich-grammar-web-2023+ponomar-elizabeth-bible-2026-08-09	review:v05:indeclinable:eshche	єще	єще	adverb	indeclinable	synodal:adverb:eshche	indeclinable	reviewed-exact-indeclinable	implemented	synodal:candidate:fe66f651cd745770fd544ca4,synodal:candidate:1ea8f8196096f278c80574ce;Acts.2.26;review:v05:indeclinable:eshche	Alypy §107 explicitly lists є҆щѐ as a primary adverb; the target passage independently witnesses the acute printed variant admitted here.
review:review:v05:indeclinable:gde	alypy-gamanovich-grammar-web-2023+ponomar-elizabeth-bible-2026-08-09	review:v05:indeclinable:gde	гдѣ	гдѣ	adverb	indeclinable	synodal:adverb:gde	indeclinable	reviewed-exact-indeclinable	implemented	synodal:candidate:4fb9580f859be049540a07e2,synodal:candidate:5bbb47d2ac1c0f9bc8ffb7d2;Baruch.3.14;review:v05:indeclinable:gde	Alypy §§107–109 explicitly list гдѣ̀ as an adverb of place; the target passage independently confirms the exact form.
review:review:v05:indeclinable:ibo	alypy-gamanovich-grammar-web-2023+ponomar-elizabeth-bible-2026-08-09	review:v05:indeclinable:ibo	ибо	ибо	conjunction	indeclinable	synodal:conjunction:ibo	indeclinable	reviewed-exact-indeclinable	implemented	synodal:candidate:88df1ced0e8d0235c49bbb75,synodal:candidate:43b16d4034a50ea0281f6ce3;Acts.2.18;review:v05:indeclinable:ibo	Alypy §§114 and 182 explicitly classify и҆́бо as a causal conjunction; the target passage independently confirms the exact form.
review:review:v05:indeclinable:iz	alypy-gamanovich-grammar-web-2023+ponomar-elizabeth-bible-2026-08-09	review:v05:indeclinable:iz	изъ	изъ	preposition	indeclinable	synodal:preposition:iz	indeclinable	reviewed-exact-indeclinable	implemented	synodal:candidate:a044b15a3a394673f4e5665e,synodal:candidate:9777a13845ae27ead26bd230;Acts.1.25;review:v05:indeclinable:iz	Alypy §110 lists the preposition with its printed final hard-sign mark; the source passage confirms a standalone governed preposition rather than the same character sequence inside a verb.
review:review:v05:indeclinable:kako	alypy-gamanovich-grammar-web-2023+ponomar-elizabeth-bible-2026-08-09	review:v05:indeclinable:kako	какѡ	какѡ	adverb	indeclinable	synodal:adverb:kako	indeclinable	reviewed-exact-indeclinable	implemented	synodal:candidate:bbdf24b1d8f73be5c2e47a4b,synodal:candidate:9424bf19a03ef5fcf623dbcd;Acts.2.8;review:v05:indeclinable:kako	Alypy §107 explicitly lists ка́кѡ among pronominal adverbs; the target passage independently confirms the marked interrogative adverb.
review:review:v05:indeclinable:ktomu	alypy-gamanovich-grammar-web-2023+ponomar-elizabeth-bible-2026-08-09	review:v05:indeclinable:ktomu	ктомꙋ	ктомꙋ	adverb	indeclinable	synodal:adverb:ktomu	indeclinable	reviewed-exact-indeclinable	implemented	synodal:candidate:89a622f3125b3e893a2293a0,synodal:candidate:23d57229827880efb641ffb0;Acts.4.17;review:v05:indeclinable:ktomu	Alypy §107 gives ктому̀ as an adverb; the locked target passage confirms the exact spelling and negative-polarity temporal use.
review:review:v05:indeclinable:li	alypy-gamanovich-grammar-web-2023+ponomar-elizabeth-bible-2026-08-09	review:v05:indeclinable:li	ли	ли	conjunction	indeclinable	synodal:conjunction:li	indeclinable	reviewed-exact-indeclinable	implemented	synodal:candidate:34912b0f7c8fbbf062b156d1,synodal:candidate:266315fe7d6b5f5ed4eac3f6;Acts.3.12;review:v05:indeclinable:li	Alypy §114 lists ли among conjunctions; the source passage confirms the standalone question-particle token, not a substring of an inflected word.
review:review:v05:indeclinable:mezhdu	english-wiktionary-ocs-kaikki-2026-08-07+ponomar-elizabeth-bible-2026-08-09	review:v05:indeclinable:mezhdu	междꙋ	междꙋ	preposition	indeclinable	synodal:preposition:mezhdu	indeclinable	reviewed-exact-indeclinable	implemented	synodal:candidate:1cb49036ccdb1e1d1143a226,synodal:candidate:eba42b49e61259c3b659529d;Acts.12.6;review:v05:indeclinable:mezhdu	The OCS entry establishes the prepositional identity and senses; Alypy §§69 and 106 and the target passage independently establish Synodal continuity and the exact marked form.
review:review:v05:indeclinable:nad	alypy-gamanovich-grammar-web-2023+ponomar-elizabeth-bible-2026-08-09	review:v05:indeclinable:nad	надъ	надъ	preposition	indeclinable	synodal:preposition:nad	indeclinable	reviewed-exact-indeclinable	implemented	synodal:candidate:a044b15a3a394673f4e5665e,synodal:candidate:dc7a6cedb422521753f1d5c4;Acts.6.3;review:v05:indeclinable:nad	Alypy §110 lists the exact marked preposition; the target passage independently confirms its governed use and printed hard-sign mark.
review:review:v05:indeclinable:nizhe	alypy-gamanovich-grammar-web-2023+ponomar-elizabeth-bible-2026-08-09	review:v05:indeclinable:nizhe	ниже	ниже	conjunction	indeclinable	synodal:conjunction:nizhe	indeclinable	reviewed-exact-indeclinable	implemented	synodal:candidate:45ec34d11174bad0f4f5207d,synodal:candidate:e16b0075a675fed932bc25c8;Acts.2.27;review:v05:indeclinable:nizhe	Alypy §114 explicitly classifies нижѐ as a coordinating conjunction; the source passage independently confirms the exact target spelling and accent.
review:review:v05:indeclinable:obache	alypy-gamanovich-grammar-web-2023+ponomar-elizabeth-bible-2026-08-09	review:v05:indeclinable:obache	обаче	обаче	conjunction	indeclinable	synodal:conjunction:obache	indeclinable	reviewed-exact-indeclinable	implemented	synodal:candidate:af8e8d2e365fb723ab3a89f2,synodal:candidate:32014a1887fd0a392cba0029;Amos.4.12;review:v05:indeclinable:obache	Alypy §114 explicitly classifies ѻ҆ба́че as an adversative conjunction; the target passage independently confirms the exact form.
review:review:v05:indeclinable:okrest	alypy-gamanovich-grammar-web-2023+ponomar-elizabeth-bible-2026-08-09	review:v05:indeclinable:okrest	окрестъ	окрестъ	adverb	indeclinable	synodal:adverb:okrest	indeclinable	reviewed-exact-indeclinable	implemented	synodal:candidate:c9209fe3765ec47ae3a6a08a,synodal:candidate:a721f8e9f8ecc891a7fa57b8;Acts.14.20;review:v05:indeclinable:okrest	Alypy §106 explicitly lists ѻ҆́крестъ as an adverb; the target passage independently confirms its sentence-initial capitalized form.
review:review:v05:indeclinable:paki	alypy-gamanovich-grammar-web-2023+ponomar-elizabeth-bible-2026-08-09	review:v05:indeclinable:paki	паки	паки	adverb	indeclinable	synodal:adverb:paki	indeclinable	reviewed-exact-indeclinable	implemented	synodal:candidate:fe66f651cd745770fd544ca4,synodal:candidate:1929529f720df1774a4c8f1f;Acts.10.15;review:v05:indeclinable:paki	Alypy §107 explicitly lists па́ки as a primary adverb; the target passage independently confirms the exact marked form.
review:review:v05:indeclinable:pochto	alypy-gamanovich-grammar-web-2023+ponomar-elizabeth-bible-2026-08-09	review:v05:indeclinable:pochto	почто	почто	adverb	indeclinable	synodal:adverb:pochto	indeclinable	reviewed-exact-indeclinable	implemented	synodal:candidate:1c427f02ae4616698c15a655,synodal:candidate:3c2cc7227b0f7e4365c12def;Acts.5.3;review:v05:indeclinable:pochto	Alypy §§108 and 141 explicitly classify почто̀ as an adverb of cause; the target passage independently confirms the exact form.
review:review:v05:indeclinable:pod	alypy-gamanovich-grammar-web-2023+ponomar-elizabeth-bible-2026-08-09	review:v05:indeclinable:pod	подъ	подъ	preposition	indeclinable	synodal:preposition:pod	indeclinable	reviewed-exact-indeclinable	implemented	synodal:candidate:a044b15a3a394673f4e5665e,synodal:candidate:143c65e590373b32a555f0c1;Acts.2.5;review:v05:indeclinable:pod	Alypy §110 explicitly lists the primary preposition под̾; the target passage independently confirms the exact paerok spelling.
review:review:v05:indeclinable:posrede	alypy-gamanovich-grammar-web-2023+ponomar-elizabeth-bible-2026-08-09	review:v05:indeclinable:posrede	посредѣ	посредѣ	preposition	indeclinable	synodal:preposition:posrede	indeclinable	reviewed-exact-indeclinable	implemented	synodal:candidate:18e282ff98af67838c7c82f4,synodal:candidate:d86363075a8f2e850283fe4d;Acts.1.15;review:v05:indeclinable:posrede	Alypy §110 explicitly lists посредѣ̀ among derived prepositions; the target passage independently confirms the exact form and prepositional context.
review:review:v05:indeclinable:prezhde	alypy-gamanovich-grammar-web-2023+ponomar-elizabeth-bible-2026-08-09	review:v05:indeclinable:prezhde	прежде	прежде	adverb	indeclinable	synodal:adverb:prezhde	indeclinable	reviewed-exact-indeclinable	implemented	synodal:candidate:2744b4dae26db758351d6bb1,synodal:candidate:179e6d3a34ee0f5a86b8759a;Acts.2.20;review:v05:indeclinable:prezhde	Alypy §107 explicitly lists пре́жде as an adverb; the target passage confirms the exact form, including its use before the compound conjunction даже.
review:review:v05:indeclinable:protivu	alypy-gamanovich-grammar-web-2023+ponomar-elizabeth-bible-2026-08-09	review:v05:indeclinable:protivu	противꙋ	противꙋ	preposition	indeclinable	synodal:preposition:protivu	indeclinable	reviewed-exact-indeclinable	implemented	synodal:candidate:18e282ff98af67838c7c82f4,synodal:candidate:75a2502c619d92d912904a37;Acts.4.14;review:v05:indeclinable:protivu	Alypy §110 treats проти́вꙋ as a derived preposition; the target passage independently confirms the exact form and prepositional context.
review:review:v05:indeclinable:se	alypy-gamanovich-grammar-web-2023+ponomar-elizabeth-bible-2026-08-09	review:v05:indeclinable:se	се	се	interjection	indeclinable	synodal:interjection:se	indeclinable	reviewed-exact-indeclinable	implemented	synodal:candidate:48d78381e3081ff8edc4160f,synodal:candidate:356409b4b0d48a6963f53576;Acts.1.10;review:v05:indeclinable:se	Alypy §117 identifies сѐ as an interjection; the target passage confirms the marked form and presentational use without collapsing it into the demonstrative pronoun.
review:review:v05:indeclinable:tako	alypy-gamanovich-grammar-web-2023+ponomar-elizabeth-bible-2026-08-09	review:v05:indeclinable:tako	такѡ	такѡ	adverb	indeclinable	synodal:adverb:tako	indeclinable	reviewed-exact-indeclinable	implemented	synodal:candidate:bbdf24b1d8f73be5c2e47a4b,synodal:candidate:6c6d14e7d0e21ad31b36a9cb;Acts.7.1;review:v05:indeclinable:tako	Alypy §107 explicitly lists the accented form among pronominal adverbs; the target passage confirms the exact Synodal spelling and adverbial use.
review:review:v05:indeclinable:takozhde	alypy-gamanovich-grammar-web-2023+ponomar-elizabeth-bible-2026-08-09	review:v05:indeclinable:takozhde	такожде	такожде	conjunction	indeclinable	synodal:conjunction:takozhde	indeclinable	reviewed-exact-indeclinable	implemented	synodal:candidate:45ec34d11174bad0f4f5207d,synodal:candidate:b62dc808e637e7790bb1e6a5;Acts.1.11;review:v05:indeclinable:takozhde	Alypy §114 explicitly classifies та́кожде as a coordinating conjunction; the target passage independently confirms the exact form.
review:review:v05:indeclinable:togda	alypy-gamanovich-grammar-web-2023+ponomar-elizabeth-bible-2026-08-09	review:v05:indeclinable:togda	тогда	тогда	adverb	indeclinable	synodal:adverb:togda	indeclinable	reviewed-exact-indeclinable	implemented	synodal:candidate:30a0c8b56462597abda56776,synodal:candidate:8362494faf95dcea02b4613f;Acts.8.17;review:v05:indeclinable:togda	Alypy §107 explicitly lists the grave-accented form among pronominal adverbs; the target passage confirms the same spelling and temporal use.
review:review:v05:indeclinable:tokmo	alypy-gamanovich-grammar-web-2023+ponomar-elizabeth-bible-2026-08-09	review:v05:indeclinable:tokmo	токмѡ	токмѡ	adverb	indeclinable	synodal:adverb:tokmo	indeclinable	reviewed-exact-indeclinable	implemented	synodal:candidate:69cd4e5eb5a287f59ba6eb2c,synodal:candidate:db0be7972a457b9e1bab4ec6;Acts.11.19;review:v05:indeclinable:tokmo	Alypy §107 explicitly lists то́кмѡ as an adverb and §144 explains its restrictive sense; the target passage independently confirms the exact form.
review:review:v05:indeclinable:vkupye	alypy-gamanovich-grammar-web-2023+ponomar-elizabeth-bible-2026-08-09	review:v05:indeclinable:vkupye	вкꙋпѣ	вкꙋпѣ	adverb	indeclinable	synodal:adverb:vkupye	indeclinable	reviewed-exact-indeclinable	implemented	synodal:candidate:0db522a4a0bae9cb9a54c3c1,synodal:candidate:8f34d866256794f7f3ef778f;Acts.2.1;review:v05:indeclinable:vkupye	Alypy §§106 and 109 explicitly list вкꙋ́пѣ as an adverb; the target passage independently confirms the exact form.
review:review:v05:indeclinable:vnegda	alypy-gamanovich-grammar-web-2023+ponomar-elizabeth-bible-2026-08-09	review:v05:indeclinable:vnegda	внегда	внегда	conjunction	indeclinable	synodal:conjunction:vnegda	indeclinable	reviewed-exact-indeclinable	implemented	synodal:candidate:594717798bfb24d37b7a460c,synodal:candidate:184dd0df6226e5421a8b46ff;Acts.4.30;review:v05:indeclinable:vnegda	Alypy §§143 and 188 explicitly use внегда̀ as a temporal conjunction; the target passage independently confirms the exact form.
review:review:v05:indeclinable:yakozhe	alypy-gamanovich-grammar-web-2023+ponomar-elizabeth-bible-2026-08-09	review:v05:indeclinable:yakozhe	ꙗкоже	ꙗкоже	conjunction	indeclinable	synodal:conjunction:yakozhe	indeclinable	reviewed-exact-indeclinable	implemented	synodal:candidate:27a023edcdc84a9417a52aeb,synodal:candidate:28429957193b651f9823e237;Acts.2.4;review:v05:indeclinable:yakozhe	Alypy §114 classifies the exact marked form as a conjunction; the locked source passage independently confirms the Synodal spelling and comparative connective use.
review:review:v05:indeclinable:za	alypy-gamanovich-grammar-web-2023+ponomar-elizabeth-bible-2026-08-09	review:v05:indeclinable:za	за	за	preposition	indeclinable	synodal:preposition:za	indeclinable	reviewed-exact-indeclinable	implemented	synodal:candidate:a044b15a3a394673f4e5665e,synodal:candidate:8312dd1823bff0ff015ccdf4;Acts.3.7;review:v05:indeclinable:za	Alypy §110 lists за as a preposition; the locked target passage confirms the standalone governed token while the broad gloss avoids inferring a single government rule.
review:review:v05:indeclinable:zautra	alypy-gamanovich-grammar-web-2023+ponomar-elizabeth-bible-2026-08-09	review:v05:indeclinable:zautra	заꙋтра	заꙋтра	adverb	indeclinable	synodal:adverb:zautra	indeclinable	reviewed-exact-indeclinable	implemented	synodal:candidate:4393bff080d0c8ffa7af95cc,synodal:candidate:3f02a6e837074a36e5f9cabb;Dan.14.12;review:v05:indeclinable:zautra	Alypy §§106 and 108 explicitly classify заꙋ́тра as an adverb of time; the target passage independently confirms the exact form.
review:review:v05:interjection:amin	english-wiktionary-ocs-kaikki-2026-08-07+ponomar-elizabeth-bible-2026-08-09	review:v05:interjection:amin	аминь	аминь	interjection	indeclinable	synodal:interjection:amin	indeclinable	reviewed-exact-indeclinable	implemented	synodal:candidate:ca11f0a4643abec0c017c96a,synodal:candidate:709db3bb02db2a4eadfe2753;Apoc.1.6;review:v05:interjection:amin	The source-partition OCS entry establishes the liturgical interjection and the independent target doxology witnesses the capitalized Synodal printed form. No unmarked or malformed breathing variant is admitted.
review:review:v05:interjection:ni	alypy-gamanovich-grammar-web-2023+ponomar-elizabeth-bible-2026-08-09	review:v05:interjection:ni	ни	ни	interjection	indeclinable	synodal:interjection:ni	indeclinable	reviewed-exact-indeclinable	implemented	synodal:candidate:ce8feddfc822671acb613b07,synodal:candidate:874298e3cc54e7f2d36114d6;Ex.10.25;review:v05:interjection:ni	Alypy §117 identifies the accented response нѝ as an interjection; the independent source-partition target passage confirms the same negative-response identity. The unaccented conjunction ни remains a distinct reviewed lexeme.
review:review:v05:negative-copula	alypy-gamanovich-grammar-web-2023+ponomar-elizabeth-bible-2026-08-09	review:v05:negative-copula	нѣсть	нѣсть	verb	lexical-form	synodal:verb:negative-copula	ambiguous	reviewed-exact-form-without-paradigm-metadata	evidence-final	synodal:candidate:19fbc7a555efb67affa8d3d6,synodal:candidate:33e37f9b0806181d0cd0b6b9;Acts.1.7;review:v05:negative-copula	Alypy §81 explicitly derives нѣ́сть by fusion of не with the third-person singular present of быти. It is registered as a separate exact identity because the public grammatical cell has no polarity feature; this preserves the positive copula as the top-1 form while exposing both analyses.
review:review:v05:noun:angel	english-wiktionary-ocs-kaikki-2026-08-07+ponomar-elizabeth-bible-2026-08-09	review:v05:noun:angel	ангелъ	ангелъ	noun	lexical-form	synodal:noun:angel	ambiguous	reviewed-exact-form-without-paradigm-metadata	evidence-final	synodal:candidate:37667072f105826dbd9fd135,synodal:candidate:d472bc6cd6d9813dfe4e683b;II_Cor.12.7;review:v05:noun:angel	The source-partition lexical entry establishes the angel identity; the independent target passage supplies the full Synodal spelling, while §3 explicitly supplies the reverential contraction.
review:review:v05:noun:day	english-wiktionary-ocs-kaikki-2026-08-07+ponomar-elizabeth-bible-2026-08-09	review:v05:noun:day	день	день	noun	lexical-form	synodal:noun:day	ambiguous	reviewed-exact-form-without-paradigm-metadata	evidence-final	synodal:candidate:decc745a17a2032dbbcfb35e,synodal:candidate:ef90a515798f5b1a411dcff0;Acts.2.41;review:v05:noun:day	The semantic source establishes OCS дьнь identity and Alypy §43 supplies the Synodal table; the source partition independently confirms the exact target lemma.
review:review:v05:noun:father	english-wiktionary-ocs-kaikki-2026-08-07+ponomar-elizabeth-bible-2026-08-09	review:v05:noun:father	отецъ	отецъ	noun	lexical-form	synodal:noun:father	ambiguous	reviewed-exact-form-without-paradigm-metadata	evidence-final	synodal:candidate:7a1b22a24969a786e4c0c417,synodal:candidate:a097f72aac9667202583c5b9;Amos.2.7;review:v05:noun:father	The semantic source establishes OCS отьць continuity; Alypy §34 and the target partition independently establish the Synodal lexeme and its exact witnessed cells.
review:review:v05:noun:fire	english-wiktionary-ocs-kaikki-2026-08-07+ponomar-elizabeth-bible-2026-08-09	review:v05:noun:fire	огнь	огнь	noun	lexical-form	synodal:noun:fire	ambiguous	reviewed-exact-form-without-paradigm-metadata	evidence-final	synodal:candidate:f1793208f7c93f69ce38d25d,synodal:candidate:3bd3bd21ae25c5192e60f509;Acts.2.19;review:v05:noun:fire	The semantic source establishes OCS огнь identity; Alypy §34 and the target passage independently establish the Synodal spelling, breathing, and typed cells.
review:review:v05:noun:hand	english-wiktionary-ocs-kaikki-2026-08-07+ponomar-elizabeth-bible-2026-08-09	review:v05:noun:hand	рꙋка	рꙋка	noun	lexical-form	synodal:noun:hand	ambiguous	reviewed-exact-form-without-paradigm-metadata	evidence-final	synodal:candidate:31dd72c39f59931d9b1662fd,synodal:candidate:a39703f4a3a1b0f6bd731e9a;Acts.4.28;review:v05:noun:hand	The semantic source establishes OCS рѫка identity; Alypy §39 supplies the exact Synodal table and the target partition independently confirms the lemma.
review:review:v05:noun:heart	english-wiktionary-ocs-kaikki-2026-08-07+ponomar-elizabeth-bible-2026-08-09	review:v05:noun:heart	сердце	сердце	noun	lexical-form	synodal:noun:heart	ambiguous	reviewed-exact-form-without-paradigm-metadata	evidence-final	synodal:candidate:54feeede6feaaf7f82ac804a,synodal:candidate:1ea8f8196096f278c80574ce;Acts.2.26;review:v05:noun:heart	The semantic source establishes OCS срьдьце continuity, Alypy §35 names the Synodal form, and the target passage independently confirms the exact lemma.
review:review:v05:noun:human	english-wiktionary-ocs-kaikki-2026-08-07+ponomar-elizabeth-bible-2026-08-09	review:v05:noun:human	человѣкъ	человѣкъ	noun	lexical-form	synodal:noun:human	ambiguous	reviewed-exact-form-without-paradigm-metadata	evidence-final	synodal:candidate:e545131df7ae21270912034a,synodal:candidate:23d57229827880efb641ffb0;Acts.4.17;review:v05:noun:human	The semantic source establishes OCS чловѣкъ continuity; the target passage confirms the exact Synodal lemma and only independently reviewed cells are admitted.
review:review:v05:noun:kingdom	alypy-gamanovich-grammar-web-2023+ponomar-elizabeth-bible-2026-08-09	review:v05:noun:kingdom	царствїе	царствїе	noun	lexical-form	synodal:noun:kingdom	ambiguous	reviewed-exact-form-without-paradigm-metadata	evidence-final	synodal:candidate:b978a69e07fe45e8a256d322,synodal:candidate:74ed9ea2a22a7faaf945cdf6;Acts.1.6;review:v05:noun:kingdom	Alypy §3 explicitly expands Црⷭ҇тво as царство and the independent full-form target passage establishes the kingdom identity. The registry admits only the separately witnessed Church-Slavonic -їе cells.
review:review:v05:noun:man	english-wiktionary-ocs-kaikki-2026-08-07+ponomar-elizabeth-bible-2026-08-09	review:v05:noun:man	мꙋжъ	мꙋжъ	noun	lexical-form	synodal:noun:man	ambiguous	reviewed-exact-form-without-paradigm-metadata	evidence-final	synodal:candidate:9fc9d7f4d5d95fdc6254986a,synodal:candidate:6042852a40caebb53d1511eb;Acts.3.2;review:v05:noun:man	The semantic source establishes OCS мѫжь identity; Alypy §34 and the target passage independently establish the mixed masculine Synodal lexeme.
review:review:v05:noun:path	english-wiktionary-ocs-kaikki-2026-08-07+ponomar-elizabeth-bible-2026-08-09	review:v05:noun:path	пꙋть	пꙋть	noun	lexical-form	synodal:noun:path	ambiguous	reviewed-exact-form-without-paradigm-metadata	evidence-final	synodal:candidate:cdbacf031bc01432cbb667a0,synodal:candidate:b7b72b2743e222ba746418c1;Acts.8.39;review:v05:noun:path	The semantic source establishes OCS пѫть identity; Alypy §41 supplies the exact Synodal table and the target passage independently confirms the lexeme.
review:review:v05:noun:people	english-wiktionary-ocs-kaikki-2026-08-07+ponomar-elizabeth-bible-2026-08-09	review:v05:noun:people	людїе	людїе	noun	lexical-form	synodal:noun:people	ambiguous	reviewed-exact-form-without-paradigm-metadata	evidence-final	synodal:candidate:981398cdf395de00db843a3c,synodal:candidate:c5472480d11ab39f9f51372c;Acts.3.9;review:v05:noun:people	The semantic source establishes the collective people identity; Alypy §§32 and 41 and the target passage independently establish the plural-only Synodal lexeme.
review:review:v05:noun:spirit	english-wiktionary-ocs-kaikki-2026-08-07+ponomar-elizabeth-bible-2026-08-09	review:v05:noun:spirit	дꙋхъ	дꙋхъ	noun	lexical-form	synodal:noun:spirit	ambiguous	reviewed-exact-form-without-paradigm-metadata	evidence-final	synodal:candidate:95c4c1fc105ec5db98932ba9,synodal:candidate:4cff132c5c66ee6013f8f120;Acts.17.16;review:v05:noun:spirit	The source-partition lexical evidence establishes the breath/spirit identity and the independent full-form target passage establishes the Synodal spelling. §3 separately licenses only the exact reverential contractions below.
review:review:v05:noun:time	english-wiktionary-ocs-kaikki-2026-08-07+ponomar-elizabeth-bible-2026-08-09	review:v05:noun:time	времѧ	времѧ	noun	lexical-form	synodal:noun:time	ambiguous	reviewed-exact-form-without-paradigm-metadata	evidence-final	synodal:candidate:c67a13bfc77901cc5a00d358,synodal:candidate:aeb18be146934d7cb9a132d6;Acts.7.17;review:v05:noun:time	The semantic source establishes OCS врѣмѧ continuity; Alypy §42 and the target partition independently establish the fourth-declension Synodal lexeme.
review:review:v05:noun:yazyk	alypy-gamanovich-grammar-web-2023+ponomar-elizabeth-bible-2026-08-09	review:v05:noun:yazyk	ꙗзыкъ	ꙗзыкъ	noun	lexical-form	synodal:noun:yazyk	ambiguous	reviewed-exact-form-without-paradigm-metadata	evidence-final	synodal:candidate:0fbc026ec56d51e22c0e0a88,synodal:candidate:c2e1c84a9044c6adea391586;Acts.8.9;review:v05:noun:yazyk	Alypy §2 explicitly uses ꙗ҆зы́къ as the target lexical example and the independent target passage establishes the people/nation sense. The review records the historically continuous polysemy without licensing an inferred declension.
review:review:v05:numeral:edin	alypy-gamanovich-grammar-web-2023+ponomar-elizabeth-bible-2026-08-09	review:v05:numeral:edin	єдинъ	єдинъ	numeral	lexical-form	synodal:numeral:edin	ambiguous	reviewed-exact-form-without-paradigm-metadata	evidence-final	synodal:candidate:60bd6dc746599b6e6466f0b2,synodal:candidate:0198bb61d7d1e8915d3455f1;Acts.2.6;review:v05:numeral:edin	Alypy §62 explicitly classifies and declines є҆ди́нъ as a cardinal numeral; the target passage independently witnesses its exact masculine nominative form. This review does not infer uncited cells.
review:review:v05:numeral:twenty	alypy-gamanovich-grammar-web-2023+ponomar-elizabeth-bible-2026-08-09	review:v05:numeral:twenty	двадесѧть	двадесѧть	numeral	lexical-form	synodal:numeral:twenty	ambiguous	reviewed-exact-form-without-paradigm-metadata	evidence-final	synodal:candidate:91780d0f95d5f12b6130564b,synodal:candidate:41eaa5cdd3884624f70523e6;Acts.27.28;review:v05:numeral:twenty	Alypy §63 explicitly gives два́десѧть in the formation of compound cardinals; the independent sounding-depth context in Acts 27:28 confirms its exact target meaning and spelling.
review:review:v05:pronoun:elik	alypy-gamanovich-grammar-web-2023+ponomar-elizabeth-bible-2026-08-09	review:v05:pronoun:elik	єликъ	єликъ	pronoun	lexical-form	synodal:pronoun:elik	ambiguous	reviewed-exact-form-without-paradigm-metadata	evidence-final	synodal:candidate:0be04ac6d682aca3242ce24a,synodal:candidate:560e960c087eb90eead87db0;Apoc.18.17;review:v05:pronoun:elik	Alypy §116 explicitly lists є҆ли̑ка among relative connective words, and the independent target passage witnesses the masculine base. Only the two target-witnessed plural relative cells are added.
review:review:v05:pronoun:kiizhdo	alypy-gamanovich-grammar-web-2023+ponomar-elizabeth-bible-2026-08-09	review:v05:pronoun:kiizhdo	кійждо	кійждо	pronoun	lexical-form	synodal:pronoun:kiizhdo	ambiguous	reviewed-exact-form-without-paradigm-metadata	evidence-final	synodal:candidate:aafc4c38d9afa91ebcc51c4b,synodal:candidate:0198bb61d7d1e8915d3455f1;Acts.2.6;review:v05:pronoun:kiizhdo	Alypy §48 explicitly lists кі́йждо among the pronouns and the independent target passage supplies a distributive context. The indeclinable-looking surface is registered as an exact lexical form, not as a productive class.
review:review:v05:proper-noun:christ	alypy-gamanovich-grammar-web-2023+ponomar-elizabeth-bible-2026-08-09	review:v05:proper-noun:christ	христосъ	христосъ	proper-noun	lexical-form	synodal:proper-noun:christ	ambiguous	reviewed-exact-form-without-paradigm-metadata	evidence-final	synodal:candidate:b978a69e07fe45e8a256d322,synodal:candidate:52909675351f50868fb81156;I_Kings.12.5;review:v05:proper-noun:christ	Alypy §3 explicitly expands Хрⷭ҇то́съ as Христос; the independent full-form target passage establishes the anointed-person title. Exact target-witnessed contracted cells only are admitted.
review:review:v05:proper-noun:david	alypy-gamanovich-grammar-web-2023+ponomar-elizabeth-bible-2026-08-09	review:v05:proper-noun:david	давідъ	давідъ	proper-noun	lexical-form	synodal:proper-noun:david	ambiguous	reviewed-exact-form-without-paradigm-metadata	evidence-final	synodal:candidate:9e7442519319a82aab232ed0,synodal:candidate:cb8a7fbf48d4befc0aaa9bd5;Ezek.37.24;review:v05:proper-noun:david	Alypy §144 names David as the agent in a fully inflected target example; the independent target passage explicitly identifies David as king. Exact nominative and separately witnessed oblique cells only are admitted.
review:review:v05:proper-noun:jerusalem	alypy-gamanovich-grammar-web-2023+wikisource-church-slavonic-bible-2026-08-09	review:v05:proper-noun:jerusalem	іерꙋсалимъ	іерꙋсалимъ	proper-noun	lexical-form	synodal:proper-noun:jerusalem	ambiguous	reviewed-exact-form-without-paradigm-metadata	evidence-final	synodal:candidate:b978a69e07fe45e8a256d322,synodal:candidate:1e590abf445a6afd21464a56;Mt.16.21;review:v05:proper-noun:jerusalem	Alypy §3 explicitly expands І҆ерⷭ҇ли́мъ as Иерусалим; the independent target passage establishes the biblical place identity. Only target-witnessed singular cells are admitted.
review:review:v05:proper-noun:jesus	alypy-gamanovich-grammar-web-2023+ponomar-elizabeth-bible-2026-08-09	review:v05:proper-noun:jesus	іисꙋсъ	іисꙋсъ	proper-noun	lexical-form	synodal:proper-noun:jesus	ambiguous	reviewed-exact-form-without-paradigm-metadata	evidence-final	synodal:candidate:38f57fd241c952f1d77040ba,synodal:candidate:6fc3e341b5e1dcb64ed9a089;Col.4.11;review:v05:proper-noun:jesus	Alypy §3 explicitly expands І҆и҃съ as Иисус; the source-partition full form independently establishes the target proper-name identity without using the contraction to infer morphology.
review:review:v05:proper-noun:moses	alypy-gamanovich-grammar-web-2023+ponomar-elizabeth-bible-2026-08-09	review:v05:proper-noun:moses	мѡѷсей	мѡѷсей	proper-noun	lexical-form	synodal:proper-noun:moses	ambiguous	reviewed-exact-form-without-paradigm-metadata	evidence-final	synodal:candidate:83ea515d3cf941685ddda98b,synodal:candidate:ed36b746fe8716c977c987c0;Acts.3.22;review:v05:proper-noun:moses	Alypy §73 supplies the full proper-name identity in a target example; Acts 3:22 independently names Moses as the speaker. Only the witnessed nominative and oblique spellings are admitted.
review:review:v05:verb:priiti	alypy-gamanovich-grammar-web-2023+ponomar-elizabeth-bible-2026-08-09	review:v05:verb:priiti	прїити	прїити	verb	lexical-form	synodal:verb:priiti	ambiguous	reviewed-exact-form-without-paradigm-metadata	evidence-final	synodal:candidate:a497572f70021026cc252021,synodal:candidate:179e6d3a34ee0f5a86b8759a;Acts.2.20;review:v05:verb:priiti	Alypy §156 explicitly identifies прїитѝ as the infinitive behind the cited aorist; the source-partition target witness independently establishes the exact lemma. Only independently witnessed finite cells are registered.
review:review:v05:verb:sotvoriti	alypy-gamanovich-grammar-web-2023+ponomar-elizabeth-bible-2026-08-09	review:v05:verb:sotvoriti	сотворити	сотворити	verb	lexical-form	synodal:verb:sotvoriti	ambiguous	reviewed-exact-form-without-paradigm-metadata	evidence-final	synodal:candidate:c8fd9a4b368379da3645f0a5,synodal:candidate:a39703f4a3a1b0f6bd731e9a;Acts.4.28;review:v05:verb:sotvoriti	Alypy §86 explicitly identifies сотвори́ти and its sigmatic aorist formation; the source-partition target witness independently establishes the exact Synodal infinitive. Only separately witnessed finite cells are admitted.
review:review:v06:02f6e46669e2730d	english-wiktionary-ocs-kaikki-2026-08-07+ponomar-elizabeth-bible-2026-08-09	review:v06:02f6e46669e2730d	свѣтило	свѣтило	noun	lexical-form	synodal:noun:v06-02f6e46669e2730d	ambiguous	reviewed-exact-form-without-paradigm-metadata	evidence-final	synodal:candidate:02f6e46669e2730d1d3b7b1b,synodal:candidate:f96dffb6054c384f232fa942;Gen.1.16;review:v06:02f6e46669e2730d	Reviewer confirmed the unique source-partition OCS identity and sense, then independently confirmed this exact whole-token Synodal source witness. This licenses only the lexical form and separately reviewed exact cells; no productive paradigm is inferred.
review:review:v06:03b0a29929922837	english-wiktionary-ocs-kaikki-2026-08-07+ponomar-elizabeth-bible-2026-08-09	review:v06:03b0a29929922837	когда	когда	adverb	indeclinable	synodal:adverb:v06-03b0a29929922837	indeclinable	reviewed-exact-indeclinable	implemented	synodal:candidate:03b0a29929922837dff5861f,synodal:candidate:9ec4ce51fb5a96b0211f3f28;Amos.8.5;review:v06:03b0a29929922837	Reviewer confirmed the unique source-partition OCS identity and sense, then independently confirmed this exact whole-token Synodal source witness. This licenses only the lexical form and separately reviewed exact cells; no productive paradigm is inferred.
review:review:v06:04e20c2d91d51075	english-wiktionary-ocs-kaikki-2026-08-07+ponomar-elizabeth-bible-2026-08-09	review:v06:04e20c2d91d51075	іѡаннъ	іѡаннъ	proper-noun	lexical-form	synodal:proper-noun:v06-04e20c2d91d51075	ambiguous	reviewed-exact-form-without-paradigm-metadata	evidence-final	synodal:candidate:04e20c2d91d510753286f58d,synodal:candidate:2ea4e8c66b548f40594ee241;Acts.1.5;review:v06:04e20c2d91d51075	Reviewer confirmed the unique source-partition OCS identity and sense, then independently confirmed this exact whole-token Synodal source witness. This licenses only the lexical form and separately reviewed exact cells; no productive paradigm is inferred.
review:review:v06:0759085b29f5fd9f	english-wiktionary-ocs-kaikki-2026-08-07+ponomar-elizabeth-bible-2026-08-09	review:v06:0759085b29f5fd9f	напасти	напасти	verb	lexical-form	synodal:verb:v06-0759085b29f5fd9f	ambiguous	reviewed-exact-form-without-paradigm-metadata	evidence-final	synodal:candidate:0759085b29f5fd9fa00a13fe,synodal:candidate:b7b72b2743e222ba746418c1;Acts.8.39;review:v06:0759085b29f5fd9f	Reviewer confirmed the unique source-partition OCS identity and sense, then independently confirmed this exact whole-token Synodal source witness. This licenses only the lexical form and separately reviewed exact cells; no productive paradigm is inferred.
review:review:v06:12a8217f518604ae	english-wiktionary-ocs-kaikki-2026-08-07+ponomar-elizabeth-bible-2026-08-09	review:v06:12a8217f518604ae	коньць	коньць	noun	lexical-form	synodal:noun:v06-12a8217f518604ae	ambiguous	reviewed-exact-form-without-paradigm-metadata	evidence-final	synodal:candidate:12a8217f518604ae1a746e7a,synodal:candidate:012c61e6cc198f3ce3d658e6;Amos.8.7;review:v06:12a8217f518604ae	Reviewer confirmed the unique source-partition OCS identity and sense, then independently confirmed this exact whole-token Synodal source witness. This licenses only the lexical form and separately reviewed exact cells; no productive paradigm is inferred.
review:review:v06:18c9a96e1e8b816e	english-wiktionary-ocs-kaikki-2026-08-07+ponomar-elizabeth-bible-2026-08-09	review:v06:18c9a96e1e8b816e	даꙗти	даꙗти	verb	lexical-form	synodal:verb:v06-18c9a96e1e8b816e	ambiguous	reviewed-exact-form-without-paradigm-metadata	evidence-final	synodal:candidate:18c9a96e1e8b816e0558a1e6,synodal:candidate:09051f98548ae1d560031212;Deut.1.20;review:v06:18c9a96e1e8b816e	Reviewer confirmed the unique source-partition OCS identity and sense, then independently confirmed this exact whole-token Synodal source witness. This licenses only the lexical form and separately reviewed exact cells; no productive paradigm is inferred.
review:review:v06:1a7ee491487fbd39	english-wiktionary-ocs-kaikki-2026-08-07+ponomar-elizabeth-bible-2026-08-09	review:v06:1a7ee491487fbd39	крѣпъкъ	крѣпъкъ	adjective	lexical-form	synodal:adjective:v06-1a7ee491487fbd39	ambiguous	reviewed-exact-form-without-paradigm-metadata	evidence-final	synodal:candidate:1a7ee491487fbd397193ae5d,synodal:candidate:5277960bc008ee0cd007e2c6;Apoc.18.8;review:v06:1a7ee491487fbd39	Reviewer confirmed the unique source-partition OCS identity and sense, then independently confirmed this exact whole-token Synodal source witness. This licenses only the lexical form and separately reviewed exact cells; no productive paradigm is inferred.
review:review:v06:1fc14fc46faec861	english-wiktionary-ocs-kaikki-2026-08-07+ponomar-elizabeth-bible-2026-08-09	review:v06:1fc14fc46faec861	Илиꙗ	илиꙗ	proper-noun	lexical-form	synodal:proper-noun:v06-1fc14fc46faec861	ambiguous	reviewed-exact-form-without-paradigm-metadata	evidence-final	synodal:candidate:1fc14fc46faec861c562fddb,synodal:candidate:54bdd67b56afb27e525bc8bc;Composite.5.1;review:v06:1fc14fc46faec861	Reviewer confirmed the unique source-partition OCS identity and sense, then independently confirmed this exact whole-token Synodal source witness. This licenses only the lexical form and separately reviewed exact cells; no productive paradigm is inferred.
review:review:v06:229617fbab1efaa6	english-wiktionary-ocs-kaikki-2026-08-07+ponomar-elizabeth-bible-2026-08-09	review:v06:229617fbab1efaa6	копиѥ	копиѥ	noun	lexical-form	synodal:noun:v06-229617fbab1efaa6	ambiguous	reviewed-exact-form-without-paradigm-metadata	evidence-final	synodal:candidate:229617fbab1efaa63cc73ea1,synodal:candidate:a3a43aa36c302443d5fd6f3c;II_Kings.1.6;review:v06:229617fbab1efaa6	Reviewer confirmed the unique source-partition OCS identity and sense, then independently confirmed this exact whole-token Synodal source witness. This licenses only the lexical form and separately reviewed exact cells; no productive paradigm is inferred.
review:review:v06:2bad9587e8b70547	english-wiktionary-ocs-kaikki-2026-08-07+ponomar-elizabeth-bible-2026-08-09	review:v06:2bad9587e8b70547	дождь	дождь	noun	lexical-form	synodal:noun:v06-2bad9587e8b70547	ambiguous	reviewed-exact-form-without-paradigm-metadata	evidence-final	synodal:candidate:2bad9587e8b70547cc21db0d,synodal:candidate:9e6bcbbc286dbbeb6ed3e102;Acts.28.2;review:v06:2bad9587e8b70547	Reviewer confirmed the unique source-partition OCS identity and sense, then independently confirmed this exact whole-token Synodal source witness. This licenses only the lexical form and separately reviewed exact cells; no productive paradigm is inferred.
review:review:v06:2e0573086fb92642	english-wiktionary-ocs-kaikki-2026-08-07+ponomar-elizabeth-bible-2026-08-09	review:v06:2e0573086fb92642	бꙑти	бꙑти	verb	lexical-form	synodal:verb:v06-2e0573086fb92642	ambiguous	reviewed-exact-form-without-paradigm-metadata	evidence-final	synodal:candidate:2e0573086fb926424bcd4daa,synodal:candidate:0fcf21050f6192112f02f6e8;Apoc.3.15;review:v06:2e0573086fb92642	Reviewer confirmed the unique source-partition OCS identity and sense, then independently confirmed this exact whole-token Synodal source witness. This licenses only the lexical form and separately reviewed exact cells; no productive paradigm is inferred.
review:review:v06:2e1a405928915529	english-wiktionary-ocs-kaikki-2026-08-07+ponomar-elizabeth-bible-2026-08-09	review:v06:2e1a405928915529	пагоуба	пагоуба	noun	lexical-form	synodal:noun:v06-2e1a405928915529	ambiguous	reviewed-exact-form-without-paradigm-metadata	evidence-final	synodal:candidate:2e1a405928915529ef4a9422,synodal:candidate:e6d807aea699067e74009abf;Ezek.28.19;review:v06:2e1a405928915529	Reviewer confirmed the unique source-partition OCS identity and sense, then independently confirmed this exact whole-token Synodal source witness. This licenses only the lexical form and separately reviewed exact cells; no productive paradigm is inferred.
review:review:v06:3524b116551ebe06	english-wiktionary-ocs-kaikki-2026-08-07+ponomar-elizabeth-bible-2026-08-09	review:v06:3524b116551ebe06	жезлъ	жезлъ	noun	lexical-form	synodal:noun:v06-3524b116551ebe06	ambiguous	reviewed-exact-form-without-paradigm-metadata	evidence-final	synodal:candidate:3524b116551ebe06e62d743b,synodal:candidate:a42334b6784abec552d6b5f1;Esther.4.11;review:v06:3524b116551ebe06	Reviewer confirmed the unique source-partition OCS identity and sense, then independently confirmed this exact whole-token Synodal source witness. This licenses only the lexical form and separately reviewed exact cells; no productive paradigm is inferred.
review:review:v06:36fe0fb38aa5b01f	english-wiktionary-ocs-kaikki-2026-08-07+ponomar-elizabeth-bible-2026-08-09	review:v06:36fe0fb38aa5b01f	постигнѫти	постигнѫти	verb	lexical-form	synodal:verb:v06-36fe0fb38aa5b01f	ambiguous	reviewed-exact-form-without-paradigm-metadata	evidence-final	synodal:candidate:36fe0fb38aa5b01fefacf464,synodal:candidate:456c727c69fa4865d4b5c4c6;Deut.19.6;review:v06:36fe0fb38aa5b01f	Reviewer confirmed the unique source-partition OCS identity and sense, then independently confirmed this exact whole-token Synodal source witness. This licenses only the lexical form and separately reviewed exact cells; no productive paradigm is inferred.
review:review:v06:396b7b7e0bf4e59e	english-wiktionary-ocs-kaikki-2026-08-07+ponomar-elizabeth-bible-2026-08-09	review:v06:396b7b7e0bf4e59e	чоудо	чоудо	noun	lexical-form	synodal:noun:v06-396b7b7e0bf4e59e	ambiguous	reviewed-exact-form-without-paradigm-metadata	evidence-final	synodal:candidate:396b7b7e0bf4e59e6629a0fa,synodal:candidate:3bd3bd21ae25c5192e60f509;Acts.2.19;review:v06:396b7b7e0bf4e59e	Reviewer confirmed the unique source-partition OCS identity and sense, then independently confirmed this exact whole-token Synodal source witness. This licenses only the lexical form and separately reviewed exact cells; no productive paradigm is inferred.
review:review:v06:3fb2ff1e1c3b7ac8	english-wiktionary-ocs-kaikki-2026-08-07+ponomar-elizabeth-bible-2026-08-09	review:v06:3fb2ff1e1c3b7ac8	вопль	вопль	noun	lexical-form	synodal:noun:v06-3fb2ff1e1c3b7ac8	ambiguous	reviewed-exact-form-without-paradigm-metadata	evidence-final	synodal:candidate:3fb2ff1e1c3b7ac82e5bf8d0,synodal:candidate:ab9c9e1fa4d1871a4e6f468c;Deut.26.7;review:v06:3fb2ff1e1c3b7ac8	Reviewer confirmed the unique source-partition OCS identity and sense, then independently confirmed this exact whole-token Synodal source witness. This licenses only the lexical form and separately reviewed exact cells; no productive paradigm is inferred.
review:review:v06:44fe6aceed3a2563	english-wiktionary-ocs-kaikki-2026-08-07+ponomar-elizabeth-bible-2026-08-09	review:v06:44fe6aceed3a2563	разꙋмъ	разꙋмъ	noun	lexical-form	synodal:noun:v06-44fe6aceed3a2563	ambiguous	reviewed-exact-form-without-paradigm-metadata	evidence-final	synodal:candidate:44fe6aceed3a25635168f856,synodal:candidate:b790c7b6e057c322072dd4bd;Col.3.10;review:v06:44fe6aceed3a2563	Reviewer confirmed the unique source-partition OCS identity and sense, then independently confirmed this exact whole-token Synodal source witness. This licenses only the lexical form and separately reviewed exact cells; no productive paradigm is inferred.
review:review:v06:4b110ac5f2b33849	english-wiktionary-ocs-kaikki-2026-08-07+ponomar-elizabeth-bible-2026-08-09	review:v06:4b110ac5f2b33849	врата	врата	noun	lexical-form	synodal:noun:v06-4b110ac5f2b33849	ambiguous	reviewed-exact-form-without-paradigm-metadata	evidence-final	synodal:candidate:4b110ac5f2b338499089258b,synodal:candidate:b8fb8aeb1512220052e314a7;Acts.14.13;review:v06:4b110ac5f2b33849	Reviewer confirmed the unique source-partition OCS identity and sense, then independently confirmed this exact whole-token Synodal source witness. This licenses only the lexical form and separately reviewed exact cells; no productive paradigm is inferred.
review:review:v06:4b5409194023ee78	english-wiktionary-ocs-kaikki-2026-08-07+ponomar-elizabeth-bible-2026-08-09	review:v06:4b5409194023ee78	молѥниѥ	молѥниѥ	noun	lexical-form	synodal:noun:v06-4b5409194023ee78	ambiguous	reviewed-exact-form-without-paradigm-metadata	evidence-final	synodal:candidate:4b5409194023ee78aaaf199a,synodal:candidate:c43b0fc5ad61402727bbef7a;Dan.9.18;review:v06:4b5409194023ee78	Reviewer confirmed the unique source-partition OCS identity and sense, then independently confirmed this exact whole-token Synodal source witness. This licenses only the lexical form and separately reviewed exact cells; no productive paradigm is inferred.
review:review:v06:54edb72ddb014dda	english-wiktionary-ocs-kaikki-2026-08-07+ponomar-elizabeth-bible-2026-08-09	review:v06:54edb72ddb014dda	вѡинъ	вѡинъ	noun	lexical-form	synodal:noun:v06-54edb72ddb014dda	ambiguous	reviewed-exact-form-without-paradigm-metadata	evidence-final	synodal:candidate:54edb72ddb014ddabfb8a702,synodal:candidate:69ab8e6e598a35fa98234fc8;Acts.21.35;review:v06:54edb72ddb014dda	Reviewer confirmed the unique source-partition OCS identity and sense, then independently confirmed this exact whole-token Synodal source witness. This licenses only the lexical form and separately reviewed exact cells; no productive paradigm is inferred.
review:review:v06:55cc70e240bb7ee2	english-wiktionary-ocs-kaikki-2026-08-07+ponomar-elizabeth-bible-2026-08-09	review:v06:55cc70e240bb7ee2	посълати	посълати	verb	lexical-form	synodal:verb:v06-55cc70e240bb7ee2	ambiguous	reviewed-exact-form-without-paradigm-metadata	evidence-final	synodal:candidate:55cc70e240bb7ee2d01bd7de,synodal:candidate:49d088e20f151e44d293e52a;Dan.10.11;review:v06:55cc70e240bb7ee2	Reviewer confirmed the unique source-partition OCS identity and sense, then independently confirmed this exact whole-token Synodal source witness. This licenses only the lexical form and separately reviewed exact cells; no productive paradigm is inferred.
review:review:v06:605bcfa1ed51dfb4	english-wiktionary-ocs-kaikki-2026-08-07+ponomar-elizabeth-bible-2026-08-09	review:v06:605bcfa1ed51dfb4	имѣниѥ	имѣниѥ	noun	lexical-form	synodal:noun:v06-605bcfa1ed51dfb4	ambiguous	reviewed-exact-form-without-paradigm-metadata	evidence-final	synodal:candidate:605bcfa1ed51dfb478957958,synodal:candidate:5b83a0c6e57307d6907bc7bf;Dan.11.24;review:v06:605bcfa1ed51dfb4	Reviewer confirmed the unique source-partition OCS identity and sense, then independently confirmed this exact whole-token Synodal source witness. This licenses only the lexical form and separately reviewed exact cells; no productive paradigm is inferred.
review:review:v06:64bd1811dbd024b5	english-wiktionary-ocs-kaikki-2026-08-07+ponomar-elizabeth-bible-2026-08-09	review:v06:64bd1811dbd024b5	око	око	noun	lexical-form	synodal:noun:v06-64bd1811dbd024b5	ambiguous	reviewed-exact-form-without-paradigm-metadata	evidence-final	synodal:candidate:64bd1811dbd024b56ce00b67,synodal:candidate:f2087ae2cd226801aa53e34d;Deut.7.16;review:v06:64bd1811dbd024b5	Reviewer confirmed the unique source-partition OCS identity and sense, then independently confirmed this exact whole-token Synodal source witness. This licenses only the lexical form and separately reviewed exact cells; no productive paradigm is inferred.
review:review:v06:673b2df93b4f89a8	english-wiktionary-ocs-kaikki-2026-08-07+ponomar-elizabeth-bible-2026-08-09	review:v06:673b2df93b4f89a8	знаменїе	знаменїе	noun	lexical-form	synodal:noun:v06-673b2df93b4f89a8	ambiguous	reviewed-exact-form-without-paradigm-metadata	evidence-final	synodal:candidate:673b2df93b4f89a808545a88,synodal:candidate:2a3328ef832e93c5078a1f14;Acts.4.16;review:v06:673b2df93b4f89a8	Reviewer confirmed the unique source-partition OCS identity and sense, then independently confirmed this exact whole-token Synodal source witness. This licenses only the lexical form and separately reviewed exact cells; no productive paradigm is inferred.
review:review:v06:67fa4c88721fcbe8	english-wiktionary-ocs-kaikki-2026-08-07+ponomar-elizabeth-bible-2026-08-09	review:v06:67fa4c88721fcbe8	честь	честь	noun	lexical-form	synodal:noun:v06-67fa4c88721fcbe8	ambiguous	reviewed-exact-form-without-paradigm-metadata	evidence-final	synodal:candidate:67fa4c88721fcbe8c8fa59b1,synodal:candidate:c0261e7e447b0d7a517709e4;Apoc.21.24;review:v06:67fa4c88721fcbe8	Reviewer confirmed the unique source-partition OCS identity and sense, then independently confirmed this exact whole-token Synodal source witness. This licenses only the lexical form and separately reviewed exact cells; no productive paradigm is inferred.
review:review:v06:6d8cbd0ea412c4e9	english-wiktionary-ocs-kaikki-2026-08-07+ponomar-elizabeth-bible-2026-08-09	review:v06:6d8cbd0ea412c4e9	подобьнъ	подобьнъ	adjective	lexical-form	synodal:adjective:v06-6d8cbd0ea412c4e9	ambiguous	reviewed-exact-form-without-paradigm-metadata	evidence-final	synodal:candidate:6d8cbd0ea412c4e9821d2902,synodal:candidate:909120125302407f1d411eac;Apoc.4.3;review:v06:6d8cbd0ea412c4e9	Reviewer confirmed the unique source-partition OCS identity and sense, then independently confirmed this exact whole-token Synodal source witness. This licenses only the lexical form and separately reviewed exact cells; no productive paradigm is inferred.
review:review:v06:6f6cb44e5f184035	english-wiktionary-ocs-kaikki-2026-08-07+ponomar-elizabeth-bible-2026-08-09	review:v06:6f6cb44e5f184035	помощь	помощь	noun	lexical-form	synodal:noun:v06-6f6cb44e5f184035	ambiguous	reviewed-exact-form-without-paradigm-metadata	evidence-final	synodal:candidate:6f6cb44e5f1840358615b5ca,synodal:candidate:b3295dc624ee43d4ac531535;Acts.26.22;review:v06:6f6cb44e5f184035	Reviewer confirmed the unique source-partition OCS identity and sense, then independently confirmed this exact whole-token Synodal source witness. This licenses only the lexical form and separately reviewed exact cells; no productive paradigm is inferred.
review:review:v06:72858c58897d9d01	english-wiktionary-ocs-kaikki-2026-08-07+ponomar-elizabeth-bible-2026-08-09	review:v06:72858c58897d9d01	послоушати	послоушати	verb	lexical-form	synodal:verb:v06-72858c58897d9d01	ambiguous	reviewed-exact-form-without-paradigm-metadata	evidence-final	synodal:candidate:72858c58897d9d0194df96f1,synodal:candidate:ef7da210e5c590831a4023ca;Dan.1.14;review:v06:72858c58897d9d01	Reviewer confirmed the unique source-partition OCS identity and sense, then independently confirmed this exact whole-token Synodal source witness. This licenses only the lexical form and separately reviewed exact cells; no productive paradigm is inferred.
review:review:v06:7391e80a474691c3	english-wiktionary-ocs-kaikki-2026-08-07+ponomar-elizabeth-bible-2026-08-09	review:v06:7391e80a474691c3	осмь	осмь	numeral	lexical-form	synodal:numeral:v06-7391e80a474691c3	ambiguous	reviewed-exact-form-without-paradigm-metadata	evidence-final	synodal:candidate:7391e80a474691c314c6c3d4,synodal:candidate:4facb30edec37dad3f83ff01;Deut.2.14;review:v06:7391e80a474691c3	Reviewer confirmed the unique source-partition OCS identity and sense, then independently confirmed this exact whole-token Synodal source witness. This licenses only the lexical form and separately reviewed exact cells; no productive paradigm is inferred.
review:review:v06:73f4685d4e007ee3	english-wiktionary-ocs-kaikki-2026-08-07+ponomar-elizabeth-bible-2026-08-09	review:v06:73f4685d4e007ee3	блаженъ	блаженъ	adjective	lexical-form	synodal:adjective:v06-73f4685d4e007ee3	ambiguous	reviewed-exact-form-without-paradigm-metadata	evidence-final	synodal:candidate:73f4685d4e007ee3a19394da,synodal:candidate:36504de862cc13bc8882abc3;Composite.3.8;review:v06:73f4685d4e007ee3	Reviewer confirmed the unique source-partition OCS identity and sense, then independently confirmed this exact whole-token Synodal source witness. This licenses only the lexical form and separately reviewed exact cells; no productive paradigm is inferred.
review:review:v06:7572c074fcdb7753	english-wiktionary-ocs-kaikki-2026-08-07+ponomar-elizabeth-bible-2026-08-09	review:v06:7572c074fcdb7753	подобати	подобати	verb	lexical-form	synodal:verb:v06-7572c074fcdb7753	ambiguous	reviewed-exact-form-without-paradigm-metadata	evidence-final	synodal:candidate:7572c074fcdb77539252f620,synodal:candidate:629cb0302416802ca465b33b;Acts.1.21;review:v06:7572c074fcdb7753	Reviewer confirmed the unique source-partition OCS identity and sense, then independently confirmed this exact whole-token Synodal source witness. This licenses only the lexical form and separately reviewed exact cells; no productive paradigm is inferred.
review:review:v06:7621ccb58f48f437	english-wiktionary-ocs-kaikki-2026-08-07+ponomar-elizabeth-bible-2026-08-09	review:v06:7621ccb58f48f437	скрижаль	скрижаль	noun	lexical-form	synodal:noun:v06-7621ccb58f48f437	ambiguous	reviewed-exact-form-without-paradigm-metadata	evidence-final	synodal:candidate:7621ccb58f48f43739c4c7cf,synodal:candidate:3ae72adb4961c314e39bd5b0;Deut.9.9;review:v06:7621ccb58f48f437	Reviewer confirmed the unique source-partition OCS identity and sense, then independently confirmed this exact whole-token Synodal source witness. This licenses only the lexical form and separately reviewed exact cells; no productive paradigm is inferred.
review:review:v06:7b1e864dda89753f	english-wiktionary-ocs-kaikki-2026-08-07+ponomar-elizabeth-bible-2026-08-09	review:v06:7b1e864dda89753f	отрѡкъ	отрѡкъ	noun	lexical-form	synodal:noun:v06-7b1e864dda89753f	ambiguous	reviewed-exact-form-without-paradigm-metadata	evidence-final	synodal:candidate:7b1e864dda89753fee90499f,synodal:candidate:504d3a987e0b535abd5ced0a;Baruch.2.20;review:v06:7b1e864dda89753f	Reviewer confirmed the unique source-partition OCS identity and sense, then independently confirmed this exact whole-token Synodal source witness. This licenses only the lexical form and separately reviewed exact cells; no productive paradigm is inferred.
review:review:v06:7cb9fbdd604c5a70	english-wiktionary-ocs-kaikki-2026-08-07+ponomar-elizabeth-bible-2026-08-09	review:v06:7cb9fbdd604c5a70	и	и	pronoun	lexical-form	rejected:review:v06:7cb9fbdd604c5a70	out-of-scope	reviewed-rejection	not-applicable	synodal:candidate:7cb9fbdd604c5a7043e416c1,synodal:candidate:f1fd5cb7e8bc638b308a2a0d;Acts.1.4;review:v06:7cb9fbdd604c5a70	Rejected after precision review: the bare target token is the conjunction and does not establish the oblique-pronoun lexical form. The pronoun identity and separately reviewed exact oblique cells remain independently evidenced.
review:review:v06:7e1f8ebc46490213	english-wiktionary-ocs-kaikki-2026-08-07+ponomar-elizabeth-bible-2026-08-09	review:v06:7e1f8ebc46490213	брьниѥ	брьниѥ	noun	lexical-form	synodal:noun:v06-7e1f8ebc46490213	ambiguous	reviewed-exact-form-without-paradigm-metadata	evidence-final	synodal:candidate:7e1f8ebc464902135b8b6eda,synodal:candidate:6ab2dd448e6e5cea802da44e;Isa.41.25;review:v06:7e1f8ebc46490213	Reviewer confirmed the unique source-partition OCS identity and sense, then independently confirmed this exact whole-token Synodal source witness. This licenses only the lexical form and separately reviewed exact cells; no productive paradigm is inferred.
review:review:v06:8469d334b5dc4483	english-wiktionary-ocs-kaikki-2026-08-07+ponomar-elizabeth-bible-2026-08-09	review:v06:8469d334b5dc4483	брашно	брашно	noun	lexical-form	synodal:noun:v06-8469d334b5dc4483	ambiguous	reviewed-exact-form-without-paradigm-metadata	evidence-final	synodal:candidate:8469d334b5dc448352421368,synodal:candidate:162a64371a9ce4455e21eee8;Dan.14.8;review:v06:8469d334b5dc4483	Reviewer confirmed the unique source-partition OCS identity and sense, then independently confirmed this exact whole-token Synodal source witness. This licenses only the lexical form and separately reviewed exact cells; no productive paradigm is inferred.
review:review:v06:8673185ecc70a12e	english-wiktionary-ocs-kaikki-2026-08-07+ponomar-elizabeth-bible-2026-08-09	review:v06:8673185ecc70a12e	прїѧти	прїѧти	verb	lexical-form	synodal:verb:v06-8673185ecc70a12e	ambiguous	reviewed-exact-form-without-paradigm-metadata	evidence-final	synodal:candidate:8673185ecc70a12e75d07f29,synodal:candidate:9777a13845ae27ead26bd230;Acts.1.25;review:v06:8673185ecc70a12e	Reviewer confirmed the unique source-partition OCS identity and sense, then independently confirmed this exact whole-token Synodal source witness. This licenses only the lexical form and separately reviewed exact cells; no productive paradigm is inferred.
review:review:v06:8b9d05677b0275a2	english-wiktionary-ocs-kaikki-2026-08-07+ponomar-elizabeth-bible-2026-08-09	review:v06:8b9d05677b0275a2	заклати	заклати	verb	lexical-form	synodal:verb:v06-8b9d05677b0275a2	ambiguous	reviewed-exact-form-without-paradigm-metadata	evidence-final	synodal:candidate:8b9d05677b0275a2581dea18,synodal:candidate:d4645c4fa184ea612ace9fe4;Gen.22.10;review:v06:8b9d05677b0275a2	Reviewer confirmed the unique source-partition OCS identity and sense, then independently confirmed this exact whole-token Synodal source witness. This licenses only the lexical form and separately reviewed exact cells; no productive paradigm is inferred.
review:review:v06:9ad083fbc3393615	english-wiktionary-ocs-kaikki-2026-08-07+ponomar-elizabeth-bible-2026-08-09	review:v06:9ad083fbc3393615	прити	прити	verb	lexical-form	synodal:verb:v06-9ad083fbc3393615	ambiguous	reviewed-exact-form-without-paradigm-metadata	evidence-final	synodal:candidate:9ad083fbc3393615c1620a5d,synodal:candidate:edfe633c60a50fa243f229d5;Acts.5.21;review:v06:9ad083fbc3393615	Reviewer confirmed the unique source-partition OCS identity and sense, then independently confirmed this exact whole-token Synodal source witness. This licenses only the lexical form and separately reviewed exact cells; no productive paradigm is inferred.
review:review:v06:9c74840d41a83b98	english-wiktionary-ocs-kaikki-2026-08-07+ponomar-elizabeth-bible-2026-08-09	review:v06:9c74840d41a83b98	пасти	пасти	verb	lexical-form	synodal:verb:v06-9c74840d41a83b98	ambiguous	reviewed-exact-form-without-paradigm-metadata	evidence-final	synodal:candidate:9c74840d41a83b98b24cdc41,synodal:candidate:2054ca2b15266e16525ba6bd;Acts.28.6;review:v06:9c74840d41a83b98	Reviewer confirmed the unique source-partition OCS identity and sense, then independently confirmed this exact whole-token Synodal source witness. This licenses only the lexical form and separately reviewed exact cells; no productive paradigm is inferred.
review:review:v06:9eafebde7d74bfcb	english-wiktionary-ocs-kaikki-2026-08-07+ponomar-elizabeth-bible-2026-08-09	review:v06:9eafebde7d74bfcb	поѩти	поѩти	verb	lexical-form	synodal:verb:v06-9eafebde7d74bfcb	ambiguous	reviewed-exact-form-without-paradigm-metadata	evidence-final	synodal:candidate:9eafebde7d74bfcb2effaf5e,synodal:candidate:be307c173ed88820bce3e4c9;Ex.17.5;review:v06:9eafebde7d74bfcb	Reviewer confirmed the unique source-partition OCS identity and sense, then independently confirmed this exact whole-token Synodal source witness. This licenses only the lexical form and separately reviewed exact cells; no productive paradigm is inferred.
review:review:v06:a589a95f8b485bbb	english-wiktionary-ocs-kaikki-2026-08-07+ponomar-elizabeth-bible-2026-08-09	review:v06:a589a95f8b485bbb	дѣти	дѣти	noun	lexical-form	synodal:noun:v06-a589a95f8b485bbb	ambiguous	reviewed-exact-form-without-paradigm-metadata	evidence-final	synodal:candidate:a589a95f8b485bbbf2de33f6,synodal:candidate:4f7733783a20db2fa48f327e;Dan.14.21;review:v06:a589a95f8b485bbb	Reviewer confirmed the unique source-partition OCS identity and sense, then independently confirmed this exact whole-token Synodal source witness. This licenses only the lexical form and separately reviewed exact cells; no productive paradigm is inferred.
review:review:v06:a6e60a3f60e607cb	english-wiktionary-ocs-kaikki-2026-08-07+ponomar-elizabeth-bible-2026-08-09	review:v06:a6e60a3f60e607cb	чьто	чьто	pronoun	lexical-form	synodal:pronoun:v06-a6e60a3f60e607cb	ambiguous	reviewed-exact-form-without-paradigm-metadata	evidence-final	synodal:candidate:a6e60a3f60e607cbb4064744,synodal:candidate:13ae0e5f9ee57ffcd9f45a23;Acts.22.30;review:v06:a6e60a3f60e607cb	Reviewer confirmed the unique source-partition OCS identity and sense, then independently confirmed this exact whole-token Synodal source witness. This licenses only the lexical form and separately reviewed exact cells; no productive paradigm is inferred.
review:review:v06:a6fdc71e0c673600	english-wiktionary-ocs-kaikki-2026-08-07+ponomar-elizabeth-bible-2026-08-09	review:v06:a6fdc71e0c673600	стоꙗти	стоꙗти	verb	lexical-form	synodal:verb:v06-a6fdc71e0c673600	ambiguous	reviewed-exact-form-without-paradigm-metadata	evidence-final	synodal:candidate:a6fdc71e0c6736003f1ff535,synodal:candidate:9731b36555991624599a7a7c;Acts.4.10;review:v06:a6fdc71e0c673600	Reviewer confirmed the unique source-partition OCS identity and sense, then independently confirmed this exact whole-token Synodal source witness. This licenses only the lexical form and separately reviewed exact cells; no productive paradigm is inferred.
review:review:v06:a79476be07ef953c	english-wiktionary-ocs-kaikki-2026-08-07+ponomar-elizabeth-bible-2026-08-09	review:v06:a79476be07ef953c	вѣрьнъ	вѣрьнъ	adjective	lexical-form	synodal:adjective:v06-a79476be07ef953c	ambiguous	reviewed-exact-form-without-paradigm-metadata	evidence-final	synodal:candidate:a79476be07ef953cd96f9981,synodal:candidate:bd91950a8e475b5dac8f911f;Apoc.2.10;review:v06:a79476be07ef953c	Reviewer confirmed the unique source-partition OCS identity and sense, then independently confirmed this exact whole-token Synodal source witness. This licenses only the lexical form and separately reviewed exact cells; no productive paradigm is inferred.
review:review:v06:a7b239a702ce4216	english-wiktionary-ocs-kaikki-2026-08-07+ponomar-elizabeth-bible-2026-08-09	review:v06:a7b239a702ce4216	повелѣти	повелѣти	verb	lexical-form	synodal:verb:v06-a7b239a702ce4216	ambiguous	reviewed-exact-form-without-paradigm-metadata	evidence-final	synodal:candidate:a7b239a702ce42165ccadb41,synodal:candidate:f1fd5cb7e8bc638b308a2a0d;Acts.1.4;review:v06:a7b239a702ce4216	Reviewer confirmed the unique source-partition OCS identity and sense, then independently confirmed this exact whole-token Synodal source witness. This licenses only the lexical form and separately reviewed exact cells; no productive paradigm is inferred.
review:review:v06:adverb:nynye	alypy-gamanovich-grammar-web-2023+wikisource-church-slavonic-bible-2026-08-09	review:v06:adverb:nynye	нынѣ	нынѣ	adverb	indeclinable	synodal:adverb:nynye	indeclinable	reviewed-exact-indeclinable	implemented	synodal:candidate:3b10045bc8acd9beec5915d8,synodal:candidate:a99baabaaa62a7730bf0d5f9;Psalm.2.10;review:v06:adverb:nynye	Alypy §107 explicitly classifies ны́нѣ as an adverb, while the independent source-partition target passage supplies the exact expanded spelling; the contracted form is licensed separately and non-productively.
review:review:v06:b23133f0dc954885	english-wiktionary-ocs-kaikki-2026-08-07+ponomar-elizabeth-bible-2026-08-09	review:v06:b23133f0dc954885	лесть	лесть	noun	lexical-form	synodal:noun:v06-b23133f0dc954885	ambiguous	reviewed-exact-form-without-paradigm-metadata	evidence-final	synodal:candidate:b23133f0dc954885800062b5,synodal:candidate:1a160930327eaa0d3154a2c0;Dan.8.25;review:v06:b23133f0dc954885	Reviewer confirmed the unique source-partition OCS identity and sense, then independently confirmed this exact whole-token Synodal source witness. This licenses only the lexical form and separately reviewed exact cells; no productive paradigm is inferred.
review:review:v06:b656255241f904d4	english-wiktionary-ocs-kaikki-2026-08-07+ponomar-elizabeth-bible-2026-08-09	review:v06:b656255241f904d4	вина	вина	noun	lexical-form	synodal:noun:v06-b656255241f904d4	ambiguous	reviewed-exact-form-without-paradigm-metadata	evidence-final	synodal:candidate:b656255241f904d4c0134b85,synodal:candidate:e9dd45b13f0bb833c6479450;Acts.10.21;review:v06:b656255241f904d4	Reviewer confirmed the unique source-partition OCS identity and sense, then independently confirmed this exact whole-token Synodal source witness. This licenses only the lexical form and separately reviewed exact cells; no productive paradigm is inferred.
review:review:v06:ba5b8abd7b0756e9	english-wiktionary-ocs-kaikki-2026-08-07+ponomar-elizabeth-bible-2026-08-09	review:v06:ba5b8abd7b0756e9	поле	поле	noun	lexical-form	synodal:noun:v06-ba5b8abd7b0756e9	ambiguous	reviewed-exact-form-without-paradigm-metadata	evidence-final	synodal:candidate:ba5b8abd7b0756e9f5e2769f,synodal:candidate:7dc36601b0bf1b4331b47249;Deut.1.7;review:v06:ba5b8abd7b0756e9	Reviewer confirmed the unique source-partition OCS identity and sense, then independently confirmed this exact whole-token Synodal source witness. This licenses only the lexical form and separately reviewed exact cells; no productive paradigm is inferred.
review:review:v06:bba31c88723cae5c	english-wiktionary-ocs-kaikki-2026-08-07+ponomar-elizabeth-bible-2026-08-09	review:v06:bba31c88723cae5c	жити	жити	verb	lexical-form	synodal:verb:v06-bba31c88723cae5c	ambiguous	reviewed-exact-form-without-paradigm-metadata	evidence-final	synodal:candidate:bba31c88723cae5c9e252c0b,synodal:candidate:8ab095b5ecec6aea6226f2e7;Acts.22.22;review:v06:bba31c88723cae5c	Reviewer confirmed the unique source-partition OCS identity and sense, then independently confirmed this exact whole-token Synodal source witness. This licenses only the lexical form and separately reviewed exact cells; no productive paradigm is inferred.
review:review:v06:c83e3264f4da24ce	english-wiktionary-ocs-kaikki-2026-08-07+ponomar-elizabeth-bible-2026-08-09	review:v06:c83e3264f4da24ce	пьсати	пьсати	verb	lexical-form	synodal:verb:v06-c83e3264f4da24ce	ambiguous	reviewed-exact-form-without-paradigm-metadata	evidence-final	synodal:candidate:c83e3264f4da24ce2795ce66,synodal:candidate:c8588eed4560fcd5d31fe7e9;Acts.7.42;review:v06:c83e3264f4da24ce	Reviewer confirmed the unique source-partition OCS identity and sense, then independently confirmed this exact whole-token Synodal source witness. This licenses only the lexical form and separately reviewed exact cells; no productive paradigm is inferred.
review:review:v06:c8b75d2f425c16e5	english-wiktionary-ocs-kaikki-2026-08-07+ponomar-elizabeth-bible-2026-08-09	review:v06:c8b75d2f425c16e5	мощи	мощи	verb	lexical-form	synodal:verb:v06-c8b75d2f425c16e5	ambiguous	reviewed-exact-form-without-paradigm-metadata	evidence-final	synodal:candidate:c8b75d2f425c16e543060087,synodal:candidate:af941c5aa8e92f27b7629e90;Deut.28.27;review:v06:c8b75d2f425c16e5	Reviewer confirmed the unique source-partition OCS identity and sense, then independently confirmed this exact whole-token Synodal source witness. This licenses only the lexical form and separately reviewed exact cells; no productive paradigm is inferred.
review:review:v06:cb21a2bc6b898b02	english-wiktionary-ocs-kaikki-2026-08-07+ponomar-elizabeth-bible-2026-08-09	review:v06:cb21a2bc6b898b02	левъ	левъ	noun	lexical-form	synodal:noun:v06-cb21a2bc6b898b02	ambiguous	reviewed-exact-form-without-paradigm-metadata	evidence-final	synodal:candidate:cb21a2bc6b898b0264d64319,synodal:candidate:1351d3290c2389bee23bba40;Amos.3.4;review:v06:cb21a2bc6b898b02	Reviewer confirmed the unique source-partition OCS identity and sense, then independently confirmed this exact whole-token Synodal source witness. This licenses only the lexical form and separately reviewed exact cells; no productive paradigm is inferred.
review:review:v06:dce2b2486b64fd57	english-wiktionary-ocs-kaikki-2026-08-07+ponomar-elizabeth-bible-2026-08-09	review:v06:dce2b2486b64fd57	пътица	пътица	noun	lexical-form	synodal:noun:v06-dce2b2486b64fd57	ambiguous	reviewed-exact-form-without-paradigm-metadata	evidence-final	synodal:candidate:dce2b2486b64fd57c74920d3,synodal:candidate:ad7c2d112bbce7dbe7b4e33b;Apoc.18.2;review:v06:dce2b2486b64fd57	Reviewer confirmed the unique source-partition OCS identity and sense, then independently confirmed this exact whole-token Synodal source witness. This licenses only the lexical form and separately reviewed exact cells; no productive paradigm is inferred.
review:review:v06:dd281666539ac305	english-wiktionary-ocs-kaikki-2026-08-07+ponomar-elizabeth-bible-2026-08-09	review:v06:dd281666539ac305	плоть	плоть	noun	lexical-form	synodal:noun:v06-dd281666539ac305	ambiguous	reviewed-exact-form-without-paradigm-metadata	evidence-final	synodal:candidate:dd281666539ac3053c8898f2,synodal:candidate:1ea8f8196096f278c80574ce;Acts.2.26;review:v06:dd281666539ac305	Reviewer confirmed the unique source-partition OCS identity and sense, then independently confirmed this exact whole-token Synodal source witness. This licenses only the lexical form and separately reviewed exact cells; no productive paradigm is inferred.
review:review:v06:dee1bb18e959484d	english-wiktionary-ocs-kaikki-2026-08-07+ponomar-elizabeth-bible-2026-08-09	review:v06:dee1bb18e959484d	горѥсть	горѥсть	noun	lexical-form	synodal:noun:v06-dee1bb18e959484d	ambiguous	reviewed-exact-form-without-paradigm-metadata	evidence-final	synodal:candidate:dee1bb18e959484dd3d3afa8,synodal:candidate:41dec12d7e656bf4c4c05bf0;Acts.8.23;review:v06:dee1bb18e959484d	Reviewer confirmed the unique source-partition OCS identity and sense, then independently confirmed this exact whole-token Synodal source witness. This licenses only the lexical form and separately reviewed exact cells; no productive paradigm is inferred.
review:review:v06:e3bdc69bb0fe41f0	english-wiktionary-ocs-kaikki-2026-08-07+ponomar-elizabeth-bible-2026-08-09	review:v06:e3bdc69bb0fe41f0	мъногъ	мъногъ	adjective	lexical-form	synodal:adjective:v06-e3bdc69bb0fe41f0	ambiguous	reviewed-exact-form-without-paradigm-metadata	evidence-final	synodal:candidate:e3bdc69bb0fe41f0ec2ff9c8,synodal:candidate:b2289a22d63517c30067f3a2;Apoc.5.4;review:v06:e3bdc69bb0fe41f0	Reviewer confirmed the unique source-partition OCS identity and sense, then independently confirmed this exact whole-token Synodal source witness. This licenses only the lexical form and separately reviewed exact cells; no productive paradigm is inferred.
review:review:v06:e5f5efea52ec5e2e	english-wiktionary-ocs-kaikki-2026-08-07+ponomar-elizabeth-bible-2026-08-09	review:v06:e5f5efea52ec5e2e	пламень	пламень	noun	lexical-form	synodal:noun:v06-e5f5efea52ec5e2e	ambiguous	reviewed-exact-form-without-paradigm-metadata	evidence-final	synodal:candidate:e5f5efea52ec5e2eb321e9fd,synodal:candidate:3b8a5c313091241fafdd47e8;Apoc.1.14;review:v06:e5f5efea52ec5e2e	Reviewer confirmed the unique source-partition OCS identity and sense, then independently confirmed this exact whole-token Synodal source witness. This licenses only the lexical form and separately reviewed exact cells; no productive paradigm is inferred.
review:review:v06:e66ef6e1727178e2	english-wiktionary-ocs-kaikki-2026-08-07+ponomar-elizabeth-bible-2026-08-09	review:v06:e66ef6e1727178e2	погрети	погрети	verb	lexical-form	synodal:verb:v06-e66ef6e1727178e2	ambiguous	reviewed-exact-form-without-paradigm-metadata	evidence-final	synodal:candidate:e66ef6e1727178e26c4a3a54,synodal:candidate:bd3aa98b46636d5006084946;Acts.2.29;review:v06:e66ef6e1727178e2	Reviewer confirmed the unique source-partition OCS identity and sense, then independently confirmed this exact whole-token Synodal source witness. This licenses only the lexical form and separately reviewed exact cells; no productive paradigm is inferred.
review:review:v06:e75e4ecfdf94b8aa	english-wiktionary-ocs-kaikki-2026-08-07+ponomar-elizabeth-bible-2026-08-09	review:v06:e75e4ecfdf94b8aa	двьрь	двьрь	noun	lexical-form	synodal:noun:v06-e75e4ecfdf94b8aa	ambiguous	reviewed-exact-form-without-paradigm-metadata	evidence-final	synodal:candidate:e75e4ecfdf94b8aa96ab2b19,synodal:candidate:6042852a40caebb53d1511eb;Acts.3.2;review:v06:e75e4ecfdf94b8aa	Reviewer confirmed the unique source-partition OCS identity and sense, then independently confirmed this exact whole-token Synodal source witness. This licenses only the lexical form and separately reviewed exact cells; no productive paradigm is inferred.
review:review:v06:e893231169afc767	english-wiktionary-ocs-kaikki-2026-08-07+ponomar-elizabeth-bible-2026-08-09	review:v06:e893231169afc767	сънити	сънити	verb	lexical-form	synodal:verb:v06-e893231169afc767	ambiguous	reviewed-exact-form-without-paradigm-metadata	evidence-final	synodal:candidate:e893231169afc767970e8a48,synodal:candidate:5ae4989589232e72fb95ce4f;Ex.2.5;review:v06:e893231169afc767	Reviewer confirmed the unique source-partition OCS identity and sense, then independently confirmed this exact whole-token Synodal source witness. This licenses only the lexical form and separately reviewed exact cells; no productive paradigm is inferred.
review:review:v06:ea34e8ebdfdfe6f9	english-wiktionary-ocs-kaikki-2026-08-07+ponomar-elizabeth-bible-2026-08-09	review:v06:ea34e8ebdfdfe6f9	вѣкъ	вѣкъ	noun	lexical-form	synodal:noun:v06-ea34e8ebdfdfe6f9	ambiguous	reviewed-exact-form-without-paradigm-metadata	evidence-final	synodal:candidate:ea34e8ebdfdfe6f948b9c613,synodal:candidate:796715c99842847274eee104;Baruch.3.3;review:v06:ea34e8ebdfdfe6f9	Reviewer confirmed the unique source-partition OCS identity and sense, then independently confirmed this exact whole-token Synodal source witness. This licenses only the lexical form and separately reviewed exact cells; no productive paradigm is inferred.
review:review:v06:ecc31fb0e3271807	english-wiktionary-ocs-kaikki-2026-08-07+ponomar-elizabeth-bible-2026-08-09	review:v06:ecc31fb0e3271807	Павьлъ	павьлъ	proper-noun	lexical-form	synodal:proper-noun:v06-ecc31fb0e3271807	ambiguous	reviewed-exact-form-without-paradigm-metadata	evidence-final	synodal:candidate:ecc31fb0e32718071ec2c7b9,synodal:candidate:5fcc4660d246f202bc4632c1;Acts.13.45;review:v06:ecc31fb0e3271807	Reviewer confirmed the unique source-partition OCS identity and sense, then independently confirmed this exact whole-token Synodal source witness. This licenses only the lexical form and separately reviewed exact cells; no productive paradigm is inferred.
review:review:v06:noun:brethren-collective	alypy-gamanovich-grammar-web-2023+ponomar-elizabeth-bible-2026-08-09	review:v06:noun:brethren-collective	братїѧ	братїѧ	noun	lexical-form	synodal:noun:brethren-collective	ambiguous	reviewed-exact-form-without-paradigm-metadata	evidence-final	synodal:candidate:e2eb4da46316edd3018fe3a8,synodal:candidate:bfde8f44d5d48d37baff5bbc;Acts.9.30;review:v06:noun:brethren-collective	Alypy §37 explicitly distinguishes the collective братїѧ from the plural of братъ and supplies its genitive and vocative; the family is therefore split into a stable collective identity instead of being merged by stem similarity.
review:review:v06:noun:brother	english-wiktionary-ocs-kaikki-2026-08-07+ponomar-elizabeth-bible-2026-08-09	review:v06:noun:brother	братъ	братъ	noun	lexical-form	synodal:noun:brother	ambiguous	reviewed-exact-form-without-paradigm-metadata	evidence-final	synodal:candidate:b8bf2323a51907e002e7e66c,synodal:candidate:4f716a1fa73d786330696ab3;Apoc.1.9;review:v06:noun:brother	The source-partition OCS entry explicitly lists братъ as an alternative with the brother sense; the independent target passage confirms the exact Synodal lemma, while Alypy §37 alone licenses the admitted irregular plural cells.
review:review:v07:01ada09c0128bf6f	english-wiktionary-ocs-kaikki-2026-08-07+ponomar-elizabeth-bible-2026-08-09	review:v07:01ada09c0128bf6f	носила	носила	noun	lexical-form	synodal:noun:v07-0623a17d2a0d20e9	ambiguous	reviewed-exact-form-without-paradigm-metadata	evidence-final	synodal:candidate:149f5ba72213ecec8f0c2271,synodal:candidate:193b695e66eb2e799c4db3db;Num.4.11;review:v07:01ada09c0128bf6f	Reviewer confirmed the source-partition lexical and semantic identity, the independent exact Synodal whole-token witness, and the bounded historical spelling continuity. Only the separately listed exact cells are admitted.
review:review:v07:03b44b4bfc2f3e3e	english-wiktionary-ocs-kaikki-2026-08-07+ponomar-elizabeth-bible-2026-08-09	review:v07:03b44b4bfc2f3e3e	послѣдъкъ	послѣдъкъ	noun	lexical-form	synodal:noun:v07-2e0b234368d01c83	ambiguous	reviewed-exact-form-without-paradigm-metadata	evidence-final	synodal:candidate:28c28c1929d24971c727d0c5,synodal:candidate:0008505f1a0cc25683f049ae;Prov.29.21;review:v07:03b44b4bfc2f3e3e	Reviewer confirmed the source-partition lexical and semantic identity, the independent exact Synodal whole-token witness, and the bounded historical spelling continuity. Only the separately listed exact cells are admitted.
review:review:v07:03c236251a5fb8e9	english-wiktionary-ocs-kaikki-2026-08-07+wikisource-church-slavonic-bible-2026-08-09	review:v07:03c236251a5fb8e9	запрѣтити	запрѣтити	verb	lexical-form	synodal:verb:v07-26db71c2e6acc4ef	ambiguous	reviewed-exact-form-without-paradigm-metadata	evidence-final	synodal:candidate:bd292251993e773428a2b6a8,synodal:candidate:c448a1f26d4ef196f7c8441b;Psalm.67.31;review:v07:03c236251a5fb8e9	Reviewer confirmed the source-partition lexical and semantic identity, the independent exact Synodal whole-token witness, and the bounded historical spelling continuity. Only the separately listed exact cells are admitted.
review:review:v07:071b5956795448a7	english-wiktionary-ocs-kaikki-2026-08-07+ponomar-elizabeth-bible-2026-08-09	review:v07:071b5956795448a7	дръжава	дръжава	noun	lexical-form	synodal:noun:v07-b53e7604042245c2	ambiguous	reviewed-exact-form-without-paradigm-metadata	evidence-final	synodal:candidate:0dbf3ba9be8250cf02eaf1e5,synodal:candidate:e766f15e32bdc353d4966fa2;Sirach.18.4;review:v07:071b5956795448a7	Reviewer confirmed the source-partition lexical and semantic identity, the independent exact Synodal whole-token witness, and the bounded historical spelling continuity. Only the separately listed exact cells are admitted.
review:review:v07:0923853fe8af5070	english-wiktionary-ocs-kaikki-2026-08-07+ponomar-elizabeth-bible-2026-08-09	review:v07:0923853fe8af5070	листвиѥ	листвиѥ	noun	lexical-form	synodal:noun:v07-29c233edb918ef36	ambiguous	reviewed-exact-form-without-paradigm-metadata	evidence-final	synodal:candidate:cb962de3ceb77eed6f9d2118,synodal:candidate:1fada4157ba162f41cb98a4b;Dan.4.11;review:v07:0923853fe8af5070	Reviewer confirmed the source-partition lexical and semantic identity, the independent exact Synodal whole-token witness, and the bounded historical spelling continuity. Only the separately listed exact cells are admitted.
review:review:v07:09fe497cb63183f2	english-wiktionary-ocs-kaikki-2026-08-07+ponomar-elizabeth-bible-2026-08-09	review:v07:09fe497cb63183f2	пища	пища	noun	lexical-form	synodal:noun:v07-d5b38bd0a6c28441	ambiguous	reviewed-exact-form-without-paradigm-metadata	evidence-final	synodal:candidate:0455864dfaa20015244439b1,synodal:candidate:062352504fcff6c28520afb8;Gen.42.2;review:v07:09fe497cb63183f2	Reviewer confirmed the source-partition lexical and semantic identity, the independent exact Synodal whole-token witness, and the bounded historical spelling continuity. Only the separately listed exact cells are admitted.
review:review:v07:0a0d8395b3a775d2	english-wiktionary-ocs-kaikki-2026-08-07+ponomar-elizabeth-bible-2026-08-09	review:v07:0a0d8395b3a775d2	дроужьба	дроужьба	noun	lexical-form	synodal:noun:v07-d31d3385a372b942	ambiguous	reviewed-exact-form-without-paradigm-metadata	evidence-final	synodal:candidate:15be573304bce13f20457777,synodal:candidate:0ecf57f64cb2b47bd6745f77;I_Macc.10.20;review:v07:0a0d8395b3a775d2	Reviewer confirmed the source-partition lexical and semantic identity, the independent exact Synodal whole-token witness, and the bounded historical spelling continuity. Only the separately listed exact cells are admitted.
review:review:v07:0b2a4cc8b57dd259	english-wiktionary-ocs-kaikki-2026-08-07+ponomar-elizabeth-bible-2026-08-09	review:v07:0b2a4cc8b57dd259	лѫкавьство	лѫкавьство	noun	lexical-form	synodal:noun:v07-9c2563bd3383fa6d	ambiguous	reviewed-exact-form-without-paradigm-metadata	evidence-final	synodal:candidate:7f1f9945d7b9166d16983742,synodal:candidate:07293ffb7be3f7da185ccb3c;III_Esdra.4.29;review:v07:0b2a4cc8b57dd259	Reviewer confirmed the source-partition lexical and semantic identity, the independent exact Synodal whole-token witness, and the bounded historical spelling continuity. Only the separately listed exact cells are admitted.
review:review:v07:0b5a9c05df141d53	english-wiktionary-ocs-kaikki-2026-08-07+ponomar-elizabeth-bible-2026-08-09	review:v07:0b5a9c05df141d53	готовити	готовити	verb	lexical-form	rejected:review:v07:0b5a9c05df141d53	out-of-scope	reviewed-rejection	not-applicable	synodal:candidate:21e1dfed5a8ebea41fdd9eb5,synodal:candidate:3289189924994676a1deb9e3;I_Macc.13.37;review:v07:0b5a9c05df141d53	Corrective contextual review found I_Macc.13.37 uses готови as a predicative plural adjective, not an imperative form of готовити.
review:review:v07:0dd0aba3f389687e	english-wiktionary-ocs-kaikki-2026-08-07+ponomar-elizabeth-bible-2026-08-09	review:v07:0dd0aba3f389687e	грѣшьникъ	грѣшьникъ	noun	lexical-form	synodal:noun:v07-585307dd05dff9c9	ambiguous	reviewed-exact-form-without-paradigm-metadata	evidence-final	synodal:candidate:3f1670c8afaab85acb0ea017,synodal:candidate:03a315be23eb64fabf6446e0;Jude.1.15;review:v07:0dd0aba3f389687e	Reviewer confirmed the source-partition lexical and semantic identity, the independent exact Synodal whole-token witness, and the bounded historical spelling continuity. Only the separately listed exact cells are admitted.
review:review:v07:0f52d74a89ff34dd	english-wiktionary-ocs-kaikki-2026-08-07+ponomar-elizabeth-bible-2026-08-09	review:v07:0f52d74a89ff34dd	бꙑвати	бꙑвати	verb	lexical-form	synodal:verb:v07-372b58779d23aeda	ambiguous	reviewed-exact-form-without-paradigm-metadata	evidence-final	synodal:candidate:bf3471e1392ee45286be02c7,synodal:candidate:0502cd02a9518d56059cff83;Prov.10.5;review:v07:0f52d74a89ff34dd	Reviewer confirmed the source-partition lexical and semantic identity, the independent exact Synodal whole-token witness, and the bounded historical spelling continuity. Only the separately listed exact cells are admitted.
review:review:v07:11488e3e30e5d479	english-wiktionary-ocs-kaikki-2026-08-07+ponomar-elizabeth-bible-2026-08-09	review:v07:11488e3e30e5d479	овъ	овъ	pronoun	lexical-form	synodal:pronoun:v07-97002c43d9dd87c3	ambiguous	reviewed-exact-form-without-paradigm-metadata	evidence-final	synodal:candidate:074f45899508dc1d5d17fcc1,synodal:candidate:4b104ca8f99506b5a91e893e;Rom.14.5;review:v07:11488e3e30e5d479	Reviewer confirmed the source-partition lexical and semantic identity, the independent exact Synodal whole-token witness, and the bounded historical spelling continuity. Only the separately listed exact cells are admitted.
review:review:v07:11591759308eefa4	english-wiktionary-ocs-kaikki-2026-08-07+ponomar-elizabeth-bible-2026-08-09	review:v07:11591759308eefa4	избьрати	избьрати	verb	lexical-form	synodal:verb:v07-f40bf5c095d40411	ambiguous	reviewed-exact-form-without-paradigm-metadata	evidence-final	synodal:candidate:c38c926afdcb2158a7ae9217,synodal:candidate:a2fc0f9bf79deb57d7b0bb2b;Sirach.45.20;review:v07:11591759308eefa4	Reviewer confirmed the source-partition lexical and semantic identity, the independent exact Synodal whole-token witness, and the bounded historical spelling continuity. Only the separately listed exact cells are admitted.
review:review:v07:132597ac0246a38b	english-wiktionary-ocs-kaikki-2026-08-07+ponomar-elizabeth-bible-2026-08-09	review:v07:132597ac0246a38b	събрати	събрати	verb	lexical-form	synodal:verb:v07-553feeb14b8be67e	ambiguous	reviewed-exact-form-without-paradigm-metadata	evidence-final	synodal:candidate:5940de5ecf09d4c1d9d46312,synodal:candidate:098069e2b126ff5b0d2a48b1;Gen.29.22;review:v07:132597ac0246a38b	Reviewer confirmed the source-partition lexical and semantic identity, the independent exact Synodal whole-token witness, and the bounded historical spelling continuity. Only the separately listed exact cells are admitted.
review:review:v07:151cb836c28c6109	dyachenko-1900-scan+ponomar-elizabeth-bible-2026-08-09	review:v07:151cb836c28c6109	правьда	правьда	noun	lexical-form	synodal:noun:v07-256e70c23b1ca476	ambiguous	reviewed-exact-form-without-paradigm-metadata	evidence-final	synodal:candidate:60ea154b25acaa0f986348e2,synodal:candidate:6ddfe785488e128636a9c8ad;Psalm.39.10;review:v07:151cb836c28c6109	Reviewer confirmed the source-partition lexical and semantic identity, the independent exact Synodal whole-token witness, and the bounded historical spelling continuity. Only the separately listed exact cells are admitted.
review:review:v07:166272422b835260	english-wiktionary-ocs-kaikki-2026-08-07+ponomar-elizabeth-bible-2026-08-09	review:v07:166272422b835260	прѣбꙑти	прѣбꙑти	verb	lexical-form	synodal:verb:v07-07d4e5f8f9c7c557	ambiguous	reviewed-exact-form-without-paradigm-metadata	evidence-final	synodal:candidate:6b5b796620fdc280b0676e2e,synodal:candidate:3617854081c1013282eea90b;Acts.18.11;review:v07:166272422b835260	Reviewer confirmed the source-partition lexical and semantic identity, the independent exact Synodal whole-token witness, and the bounded historical spelling continuity. Only the separately listed exact cells are admitted.
review:review:v07:172ced65acc0beb5	english-wiktionary-ocs-kaikki-2026-08-07+ponomar-elizabeth-bible-2026-08-09	review:v07:172ced65acc0beb5	вънѫтрь	вънѫтрь	preposition	indeclinable	synodal:preposition:v07-e641383a9b5b2cdc	indeclinable	reviewed-exact-indeclinable	implemented	synodal:candidate:6d14c13c8325a617e6491915,synodal:candidate:04baafc8625fe39c88b16d8b;Acts.5.23;review:v07:172ced65acc0beb5	Reviewer confirmed the source-partition lexical and semantic identity, the independent exact Synodal whole-token witness, and the bounded historical spelling continuity. Only the separately listed exact cells are admitted.
review:review:v07:175fc89e473d10a8	english-wiktionary-ocs-kaikki-2026-08-07+ponomar-elizabeth-bible-2026-08-09	review:v07:175fc89e473d10a8	пѣсъкъ	пѣсъкъ	noun	lexical-form	synodal:noun:v07-35d61ae8e4953502	ambiguous	reviewed-exact-form-without-paradigm-metadata	evidence-final	synodal:candidate:a1757a73ce770429befd9c9f,synodal:candidate:032a6942f2ef6edda57ebd78;Gen.13.16;review:v07:175fc89e473d10a8	Reviewer confirmed the source-partition lexical and semantic identity, the independent exact Synodal whole-token witness, and the bounded historical spelling continuity. Only the separately listed exact cells are admitted.
review:review:v07:19fba8e2a866fad2	english-wiktionary-ocs-kaikki-2026-08-07+wikisource-church-slavonic-bible-2026-08-09	review:v07:19fba8e2a866fad2	оумъ	оумъ	noun	lexical-form	synodal:noun:v07-bcdc26825740ef65	ambiguous	reviewed-exact-form-without-paradigm-metadata	evidence-final	synodal:candidate:a2e24a94b39a89b946830918,synodal:candidate:056caed3e6cdd622f9332412;Ex.35.29;review:v07:19fba8e2a866fad2	Reviewer confirmed the source-partition lexical and semantic identity, the independent exact Synodal whole-token witness, and the bounded historical spelling continuity. Only the separately listed exact cells are admitted.
review:review:v07:1c32ee22cb3a840f	english-wiktionary-ocs-kaikki-2026-08-07+ponomar-elizabeth-bible-2026-08-09	review:v07:1c32ee22cb3a840f	ковьчегъ	ковьчегъ	noun	lexical-form	synodal:noun:v07-192630368c5da7f3	ambiguous	reviewed-exact-form-without-paradigm-metadata	evidence-final	synodal:candidate:5f0b927ca7bfb0bc3486c002,synodal:candidate:1c9036d6b21ed25938ef1662;Deut.10.2;review:v07:1c32ee22cb3a840f	Reviewer confirmed the source-partition lexical and semantic identity, the independent exact Synodal whole-token witness, and the bounded historical spelling continuity. Only the separately listed exact cells are admitted.
review:review:v07:1c77f606595516c5	english-wiktionary-ocs-kaikki-2026-08-07+ponomar-elizabeth-bible-2026-08-09	review:v07:1c77f606595516c5	въторъ	въторъ	numeral	lexical-form	synodal:numeral:v07-844820c7b6886e88	ambiguous	reviewed-exact-form-without-paradigm-metadata	evidence-final	synodal:candidate:ece63056b07e7354964c300c,synodal:candidate:05b7fab3451736e6cc47b0ce;Ex.29.19;review:v07:1c77f606595516c5	Reviewer confirmed the source-partition lexical and semantic identity, the independent exact Synodal whole-token witness, and the bounded historical spelling continuity. Only the separately listed exact cells are admitted.
review:review:v07:1db9af42c14bca36	dyachenko-1900-scan+ponomar-elizabeth-bible-2026-08-09	review:v07:1db9af42c14bca36	овьца	овьца	noun	lexical-form	synodal:noun:v07-b055d996335d7296	ambiguous	reviewed-exact-form-without-paradigm-metadata	evidence-final	synodal:candidate:ac5d8b92cff10eb792b7d60b,synodal:candidate:c96fefa4129bf401f4d06bd5;Jerem.50.6;review:v07:1db9af42c14bca36	Reviewer confirmed the source-partition lexical and semantic identity, the independent exact Synodal whole-token witness, and the bounded historical spelling continuity. Only the separately listed exact cells are admitted.
review:review:v07:1e080c41872ad7f0	english-wiktionary-ocs-kaikki-2026-08-07+ponomar-elizabeth-bible-2026-08-09	review:v07:1e080c41872ad7f0	звѣрь	звѣрь	noun	lexical-form	synodal:noun:v07-39d36c84121a0dd4	ambiguous	reviewed-exact-form-without-paradigm-metadata	evidence-final	synodal:candidate:9b1228a001c4661e1189a914,synodal:candidate:06f6d6f8e6d169c5af94e058;Epistle.1.67;review:v07:1e080c41872ad7f0	Reviewer confirmed the source-partition lexical and semantic identity, the independent exact Synodal whole-token witness, and the bounded historical spelling continuity. Only the separately listed exact cells are admitted.
review:review:v07:226c8a23492401a8	english-wiktionary-ocs-kaikki-2026-08-07+ponomar-elizabeth-bible-2026-08-09	review:v07:226c8a23492401a8	съзьдати	съзьдати	verb	lexical-form	synodal:verb:v07-8121e6caa4d6daa8	ambiguous	reviewed-exact-form-without-paradigm-metadata	evidence-final	synodal:candidate:a8c72d3a301cf3c512895525,synodal:candidate:6b6326bba880500d896a6b27;II_Paral.26.9;review:v07:226c8a23492401a8	Reviewer confirmed the source-partition lexical and semantic identity, the independent exact Synodal whole-token witness, and the bounded historical spelling continuity. Only the separately listed exact cells are admitted.
review:review:v07:244f88eb6a6efa20	english-wiktionary-ocs-kaikki-2026-08-07+ponomar-elizabeth-bible-2026-08-09	review:v07:244f88eb6a6efa20	Иꙗковъ	иꙗковъ	proper-noun	lexical-form	synodal:proper-noun:v07-25a23d2233c45069	ambiguous	reviewed-exact-form-without-paradigm-metadata	evidence-final	synodal:candidate:a3e36418af65b6fce471dfc3,synodal:candidate:68184ba279d6c29b58d6b35e;Isa.42.1;review:v07:244f88eb6a6efa20	Reviewer confirmed the source-partition lexical and semantic identity, the independent exact Synodal whole-token witness, and the bounded historical spelling continuity. Only the separately listed exact cells are admitted.
review:review:v07:27bee87bb33d86f4	english-wiktionary-ocs-kaikki-2026-08-07+ponomar-elizabeth-bible-2026-08-09	review:v07:27bee87bb33d86f4	сьребро	сьребро	noun	lexical-form	synodal:noun:v07-9e67fe4feee072bd	ambiguous	reviewed-exact-form-without-paradigm-metadata	evidence-final	synodal:candidate:3ec609d79d7fa3ff3e7f8789,synodal:candidate:0a6765bfc2d3b9174c96086e;Prov.26.23;review:v07:27bee87bb33d86f4	Reviewer confirmed the source-partition lexical and semantic identity, the independent exact Synodal whole-token witness, and the bounded historical spelling continuity. Only the separately listed exact cells are admitted.
review:review:v07:281929d4ef06c1ec	english-wiktionary-ocs-kaikki-2026-08-07+ponomar-elizabeth-bible-2026-08-09	review:v07:281929d4ef06c1ec	помощьникъ	помощьникъ	noun	lexical-form	synodal:noun:v07-74a224dbae96e363	ambiguous	reviewed-exact-form-without-paradigm-metadata	evidence-final	synodal:candidate:2000dba090b4cc47f307ebaa,synodal:candidate:20f0a9d5664012242edeebd0;Psalm.58.17;review:v07:281929d4ef06c1ec	Reviewer confirmed the source-partition lexical and semantic identity, the independent exact Synodal whole-token witness, and the bounded historical spelling continuity. Only the separately listed exact cells are admitted.
review:review:v07:28508b2ee6995819	english-wiktionary-ocs-kaikki-2026-08-07+ponomar-elizabeth-bible-2026-08-09	review:v07:28508b2ee6995819	жрѣбии	жрѣбии	noun	lexical-form	synodal:noun:v07-45ef2bf40613fb0d	ambiguous	reviewed-exact-form-without-paradigm-metadata	evidence-final	synodal:candidate:e20bb8ecd6be45d3dda7dc34,synodal:candidate:00fb98f50ec12c6968e01d1a;Lev.16.8;review:v07:28508b2ee6995819	Reviewer confirmed the source-partition lexical and semantic identity, the independent exact Synodal whole-token witness, and the bounded historical spelling continuity. Only the separately listed exact cells are admitted.
review:review:v07:285620e1ef098914	english-wiktionary-ocs-kaikki-2026-08-07+ponomar-elizabeth-bible-2026-08-09	review:v07:285620e1ef098914	тещи	тещи	verb	lexical-form	synodal:verb:v07-af1ff5ce06971a63	ambiguous	reviewed-exact-form-without-paradigm-metadata	evidence-final	synodal:candidate:cd9e1e4dd37e37ee91659eb5,synodal:candidate:033cffc116e9c04b3b1f7adc;Lk.24.12;review:v07:285620e1ef098914	Reviewer confirmed the source-partition lexical and semantic identity, the independent exact Synodal whole-token witness, and the bounded historical spelling continuity. Only the separately listed exact cells are admitted.
review:review:v07:29cbfe890fe98dda	english-wiktionary-ocs-kaikki-2026-08-07+ponomar-elizabeth-bible-2026-08-09	review:v07:29cbfe890fe98dda	довьлѣти	довьлѣти	verb	lexical-form	synodal:verb:v07-15e3f31915cf0144	ambiguous	reviewed-exact-form-without-paradigm-metadata	evidence-final	synodal:candidate:7f02533e8c6fc5bdd5ce9bdd,synodal:candidate:dfbcc406adeaf22c2d4cb028;I_Pet.4.3;review:v07:29cbfe890fe98dda	Reviewer confirmed the source-partition lexical and semantic identity, the independent exact Synodal whole-token witness, and the bounded historical spelling continuity. Only the separately listed exact cells are admitted.
review:review:v07:2a6ae84f6dcb4432	english-wiktionary-ocs-kaikki-2026-08-07+ponomar-elizabeth-bible-2026-08-09	review:v07:2a6ae84f6dcb4432	слъньце	слъньце	noun	lexical-form	synodal:noun:v07-51a011907839a167	ambiguous	reviewed-exact-form-without-paradigm-metadata	evidence-final	synodal:candidate:32e6964bf787549f97e44734,synodal:candidate:21940298d97f154292885adf;Gen.19.23;review:v07:2a6ae84f6dcb4432	Reviewer confirmed the source-partition lexical and semantic identity, the independent exact Synodal whole-token witness, and the bounded historical spelling continuity. Only the separately listed exact cells are admitted.
review:review:v07:2b532cbd0039eb51	english-wiktionary-ocs-kaikki-2026-08-07+ponomar-elizabeth-bible-2026-08-09	review:v07:2b532cbd0039eb51	отъвѣщати	отъвѣщати	verb	lexical-form	synodal:verb:v07-e7de56512e7c46b8	ambiguous	reviewed-exact-form-without-paradigm-metadata	evidence-final	synodal:candidate:d4f00bd42e27061f88c88ae9,synodal:candidate:0d2cbb65c140386e03beae2c;Jn.8.19;review:v07:2b532cbd0039eb51	Reviewer confirmed the source-partition lexical and semantic identity, the independent exact Synodal whole-token witness, and the bounded historical spelling continuity. Only the separately listed exact cells are admitted.
review:review:v07:2e3ea04fe258a8c0	dyachenko-1900-scan+ponomar-elizabeth-bible-2026-08-09	review:v07:2e3ea04fe258a8c0	поразити	поразити	verb	lexical-form	synodal:verb:v07-eb0cb66022096836	ambiguous	reviewed-exact-form-without-paradigm-metadata	evidence-final	synodal:candidate:993f4bf082c9864bc00c50f5,synodal:candidate:980a3aed4a04625abb20df0d;Job.16.10;review:v07:2e3ea04fe258a8c0	Reviewer confirmed the source-partition lexical and semantic identity, the independent exact Synodal whole-token witness, and the bounded historical spelling continuity. Only the separately listed exact cells are admitted.
review:review:v07:2f6a55444c20a643	english-wiktionary-ocs-kaikki-2026-08-07+ponomar-elizabeth-bible-2026-08-09	review:v07:2f6a55444c20a643	дръва	дръва	noun	lexical-form	synodal:noun:v07-e739226c9546e1aa	ambiguous	reviewed-exact-form-without-paradigm-metadata	evidence-final	synodal:candidate:d57118be246989caa8b7c4ee,synodal:candidate:054fee44daa2b222db809e65;II_Kings.24.22;review:v07:2f6a55444c20a643	Reviewer confirmed the source-partition lexical and semantic identity, the independent exact Synodal whole-token witness, and the bounded historical spelling continuity. Only the separately listed exact cells are admitted.
review:review:v07:2f79343e6f61491d	english-wiktionary-ocs-kaikki-2026-08-07+ponomar-elizabeth-bible-2026-08-09	review:v07:2f79343e6f61491d	възити	възити	verb	lexical-form	synodal:verb:v07-6d45884d5d054202	ambiguous	reviewed-exact-form-without-paradigm-metadata	evidence-final	synodal:candidate:b5ea78bf29a8a2d5fe2bc954,synodal:candidate:0279c5a00302fde2cde4b971;Jerem.19.5;review:v07:2f79343e6f61491d	Reviewer confirmed the source-partition lexical and semantic identity, the independent exact Synodal whole-token witness, and the bounded historical spelling continuity. Only the separately listed exact cells are admitted.
review:review:v07:30f036eb62acb097	english-wiktionary-ocs-kaikki-2026-08-07+ponomar-elizabeth-bible-2026-08-09	review:v07:30f036eb62acb097	прѫгъ	прѫгъ	noun	lexical-form	synodal:noun:v07-2375e637030bc83a	ambiguous	reviewed-exact-form-without-paradigm-metadata	evidence-final	synodal:candidate:5e4e38a1fb37a4429ee726cb,synodal:candidate:062d17f485e520c45df01fde;Judg.7.12;review:v07:30f036eb62acb097	Reviewer confirmed the source-partition lexical and semantic identity, the independent exact Synodal whole-token witness, and the bounded historical spelling continuity. Only the separately listed exact cells are admitted.
review:review:v07:317d3cb70f6c924a	english-wiktionary-ocs-kaikki-2026-08-07+ponomar-elizabeth-bible-2026-08-09	review:v07:317d3cb70f6c924a	источьникъ	источьникъ	noun	lexical-form	synodal:noun:v07-6b68e3c8ab1b77c2	ambiguous	reviewed-exact-form-without-paradigm-metadata	evidence-final	synodal:candidate:421318ff326009d601d828f5,synodal:candidate:918aef55dadd364055e38028;Prov.5.18;review:v07:317d3cb70f6c924a	Reviewer confirmed the source-partition lexical and semantic identity, the independent exact Synodal whole-token witness, and the bounded historical spelling continuity. Only the separately listed exact cells are admitted.
review:review:v07:3368716a47d98d4a	english-wiktionary-ocs-kaikki-2026-08-07+ponomar-elizabeth-bible-2026-08-09	review:v07:3368716a47d98d4a	гръдꙑни	гръдꙑни	noun	lexical-form	synodal:noun:v07-fd2e5efc6bd57112	ambiguous	reviewed-exact-form-without-paradigm-metadata	evidence-final	synodal:candidate:d41e565fafc7afd88704b802,synodal:candidate:08bd532f4647135cb657847c;II_Macc.9.7;review:v07:3368716a47d98d4a	Reviewer confirmed the source-partition lexical and semantic identity, the independent exact Synodal whole-token witness, and the bounded historical spelling continuity. Only the separately listed exact cells are admitted.
review:review:v07:336f0751344c4fea	english-wiktionary-ocs-kaikki-2026-08-07+ponomar-elizabeth-bible-2026-08-09	review:v07:336f0751344c4fea	скръбь	скръбь	noun	lexical-form	synodal:noun:v07-4ea57e089679d12a	ambiguous	reviewed-exact-form-without-paradigm-metadata	evidence-final	synodal:candidate:20e7cd7a75e9508dc209f828,synodal:candidate:ad0a23f1c74dd5b718f8dd4b;Psalm.24.17;review:v07:336f0751344c4fea	Reviewer confirmed the source-partition lexical and semantic identity, the independent exact Synodal whole-token witness, and the bounded historical spelling continuity. Only the separately listed exact cells are admitted.
review:review:v07:34dd810faafd3a7f	english-wiktionary-ocs-kaikki-2026-08-07+ponomar-elizabeth-bible-2026-08-09	review:v07:34dd810faafd3a7f	отъвратити	отъвратити	verb	lexical-form	synodal:verb:v07-954adb236e8277e5	ambiguous	reviewed-exact-form-without-paradigm-metadata	evidence-final	synodal:candidate:5b0cbd8d171f996739f2bbbd,synodal:candidate:34e42c5ca26cfbf384d9a65f;Jerem.2.25;review:v07:34dd810faafd3a7f	Reviewer confirmed the source-partition lexical and semantic identity, the independent exact Synodal whole-token witness, and the bounded historical spelling continuity. Only the separately listed exact cells are admitted.
review:review:v07:350c545219536776	english-wiktionary-ocs-kaikki-2026-08-07+ponomar-elizabeth-bible-2026-08-09	review:v07:350c545219536776	нань	нань	pronoun	lexical-form	synodal:pronoun:v07-2f384f6138f1b4bd	ambiguous	reviewed-exact-form-without-paradigm-metadata	evidence-final	synodal:candidate:9e2f8756f69be59852a33653,synodal:candidate:0060991481371cf24f3aa914;Jerem.50.29;review:v07:350c545219536776	Reviewer confirmed the source-partition lexical and semantic identity, the independent exact Synodal whole-token witness, and the bounded historical spelling continuity. Only the separately listed exact cells are admitted.
review:review:v07:37220b5de8b84cae	english-wiktionary-ocs-kaikki-2026-08-07+ponomar-elizabeth-bible-2026-08-09	review:v07:37220b5de8b84cae	троудъ	троудъ	noun	lexical-form	synodal:noun:v07-a23d3fc4f7962988	ambiguous	reviewed-exact-form-without-paradigm-metadata	evidence-final	synodal:candidate:059605bc7fcdbc6aff1d1975,synodal:candidate:0765b66d4a4f401a943744e4;Psalm.24.18;review:v07:37220b5de8b84cae	Reviewer confirmed the source-partition lexical and semantic identity, the independent exact Synodal whole-token witness, and the bounded historical spelling continuity. Only the separately listed exact cells are admitted.
review:review:v07:393f04be4c8c3deb	english-wiktionary-ocs-kaikki-2026-08-07+ponomar-elizabeth-bible-2026-08-09	review:v07:393f04be4c8c3deb	домове	домове	noun	lexical-form	rejected:review:v07:393f04be4c8c3deb	out-of-scope	reviewed-rejection	not-applicable	synodal:candidate:0d71c7f909a7eedebef65888,synodal:candidate:0fd82daea0faa70af286f772;Prov.14.11;review:v07:393f04be4c8c3deb	Corrective identity review found домове is a nominative plural form of the existing домъ lexeme, not an independent lexical identity.
review:review:v07:393f555427271d07	dyachenko-1900-scan+ponomar-elizabeth-bible-2026-08-09	review:v07:393f555427271d07	дъщи	дъщи	noun	lexical-form	synodal:noun:v07-db06c7a6afdd2e88	ambiguous	reviewed-exact-form-without-paradigm-metadata	evidence-final	synodal:candidate:7e8ffdfb5828e55ff2b8e851,synodal:candidate:23d3fcad90436c093f6dd443;Ezek.16.45;review:v07:393f555427271d07	Reviewer confirmed the source-partition lexical and semantic identity, the independent exact Synodal whole-token witness, and the bounded historical spelling continuity. Only the separately listed exact cells are admitted.
review:review:v07:3a020b19a457a576	dyachenko-1900-scan+ponomar-elizabeth-bible-2026-08-09	review:v07:3a020b19a457a576	благодать	благодать	noun	lexical-form	synodal:noun:v07-e9a3939d37e191d7	ambiguous	reviewed-exact-form-without-paradigm-metadata	evidence-final	synodal:candidate:7c52a4996bfe1704689013fd,synodal:candidate:95a7084c19bfcbc4657a3c08;Sirach.40.17;review:v07:3a020b19a457a576	Reviewer confirmed the source-partition lexical and semantic identity, the independent exact Synodal whole-token witness, and the bounded historical spelling continuity. Only the separately listed exact cells are admitted.
review:review:v07:3cc9eeb58f6e1cc6	english-wiktionary-ocs-kaikki-2026-08-07+ponomar-elizabeth-bible-2026-08-09	review:v07:3cc9eeb58f6e1cc6	ꙗто	ꙗто	noun	lexical-form	rejected:review:v07:3cc9eeb58f6e1cc6	out-of-scope	reviewed-rejection	not-applicable	synodal:candidate:d870afc31f2a4a94f3eb5a05,synodal:candidate:02e683c4a199d792c5a355e3;Apoc.19.20;review:v07:3cc9eeb58f6e1cc6	Corrective contextual review found Apoc.19.20 ꙗтъ is a passive verbal form meaning seized, not the noun food.
review:review:v07:3d106a1b7152fb1d	dyachenko-1900-scan+ponomar-elizabeth-bible-2026-08-09	review:v07:3d106a1b7152fb1d	часть	часть	noun	lexical-form	synodal:noun:v07-6ef4c1b12b34ac8c	ambiguous	reviewed-exact-form-without-paradigm-metadata	evidence-final	synodal:candidate:39584b66972d56db7ac81020,synodal:candidate:30f0fda32d6a3781a391c18d;II_Paral.31.3;review:v07:3d106a1b7152fb1d	Reviewer confirmed the source-partition lexical and semantic identity, the independent exact Synodal whole-token witness, and the bounded historical spelling continuity. Only the separately listed exact cells are admitted.
review:review:v07:3fc0d3da42fdb388	english-wiktionary-ocs-kaikki-2026-08-07+ponomar-elizabeth-bible-2026-08-09	review:v07:3fc0d3da42fdb388	польѕа	польѕа	noun	lexical-form	synodal:noun:v07-ce1c077ccec4da7b	ambiguous	reviewed-exact-form-without-paradigm-metadata	evidence-final	synodal:candidate:cc50a6800bbb4f399913bcdf,synodal:candidate:100082a19e86357a3e18ab83;Sirach.41.17;review:v07:3fc0d3da42fdb388	Reviewer confirmed the source-partition lexical and semantic identity, the independent exact Synodal whole-token witness, and the bounded historical spelling continuity. Only the separately listed exact cells are admitted.
review:review:v07:42b51f44509d639b	dyachenko-1900-scan+ponomar-elizabeth-bible-2026-08-09	review:v07:42b51f44509d639b	кивотъ	кивотъ	noun	lexical-form	synodal:noun:v07-4bdf1db925dce569	ambiguous	reviewed-exact-form-without-paradigm-metadata	evidence-final	synodal:candidate:46b91884891540a0f9d1efcd,synodal:candidate:010245846686cde47cdd187e;I_Kings.5.10;review:v07:42b51f44509d639b	Reviewer confirmed the source-partition lexical and semantic identity, the independent exact Synodal whole-token witness, and the bounded historical spelling continuity. Only the separately listed exact cells are admitted.
review:review:v07:4414bb328fcf0ed1	english-wiktionary-ocs-kaikki-2026-08-07+ponomar-elizabeth-bible-2026-08-09	review:v07:4414bb328fcf0ed1	рꙑба	рꙑба	noun	lexical-form	synodal:noun:v07-ffc74596d4245eea	ambiguous	reviewed-exact-form-without-paradigm-metadata	evidence-final	synodal:candidate:2963729fda691f23f7b52f5d,synodal:candidate:5619d772095e7bed440cd119;Jn.21.3;review:v07:4414bb328fcf0ed1	Reviewer confirmed the source-partition lexical and semantic identity, the independent exact Synodal whole-token witness, and the bounded historical spelling continuity. Only the separately listed exact cells are admitted.
review:review:v07:441b3913902e4ec9	english-wiktionary-ocs-kaikki-2026-08-07+ponomar-elizabeth-bible-2026-08-09	review:v07:441b3913902e4ec9	възлюбити	възлюбити	verb	lexical-form	synodal:verb:v07-86c26055cfbe06c8	ambiguous	reviewed-exact-form-without-paradigm-metadata	evidence-final	synodal:candidate:42289c0c2f9498aa03ddcd0e,synodal:candidate:bceca7894018c95a477d23d1;Psalm.118.20;review:v07:441b3913902e4ec9	Reviewer confirmed the source-partition lexical and semantic identity, the independent exact Synodal whole-token witness, and the bounded historical spelling continuity. Only the separately listed exact cells are admitted.
review:review:v07:48ef66a0f06c8331	english-wiktionary-ocs-kaikki-2026-08-07+ponomar-elizabeth-bible-2026-08-09	review:v07:48ef66a0f06c8331	начѧти	начѧти	verb	lexical-form	synodal:verb:v07-35ce5d83583f3639	ambiguous	reviewed-exact-form-without-paradigm-metadata	evidence-final	synodal:candidate:a040f773bcfe14991d6e72c5,synodal:candidate:6a7425d813a275125122a7c3;Mk.10.28;review:v07:48ef66a0f06c8331	Reviewer confirmed the source-partition lexical and semantic identity, the independent exact Synodal whole-token witness, and the bounded historical spelling continuity. Only the separately listed exact cells are admitted.
review:review:v07:48f9cbd25c0703f1	english-wiktionary-ocs-kaikki-2026-08-07+ponomar-elizabeth-bible-2026-08-09	review:v07:48f9cbd25c0703f1	вьседрьжитель	вьседрьжитель	noun	lexical-form	synodal:noun:v07-f34b2bdb7822ed80	ambiguous	reviewed-exact-form-without-paradigm-metadata	evidence-final	synodal:candidate:5f8ae23422e4ee227412e893,synodal:candidate:0182b351cd6288e332b85493;Nahum.3.5;review:v07:48f9cbd25c0703f1	Reviewer confirmed the source-partition lexical and semantic identity, the independent exact Synodal whole-token witness, and the bounded historical spelling continuity. Only the separately listed exact cells are admitted.
review:review:v07:4a7b753bb4514f53	dyachenko-1900-scan+ponomar-elizabeth-bible-2026-08-09	review:v07:4a7b753bb4514f53	кръвь	кръвь	noun	lexical-form	synodal:noun:v07-a08ac1c4e41a685d	ambiguous	reviewed-exact-form-without-paradigm-metadata	evidence-final	synodal:candidate:5464dd971dc47399bbe787ea,synodal:candidate:00cc5610a092e18a0e9a9d40;Lev.1.5;review:v07:4a7b753bb4514f53	Reviewer confirmed the source-partition lexical and semantic identity, the independent exact Synodal whole-token witness, and the bounded historical spelling continuity. Only the separately listed exact cells are admitted.
review:review:v07:4b42fb30c871c549	english-wiktionary-ocs-kaikki-2026-08-07+wikisource-church-slavonic-bible-2026-08-09	review:v07:4b42fb30c871c549	оугодьнъ	оугодьнъ	adjective	lexical-form	synodal:adjective:v07-04155aef09f378f0	ambiguous	reviewed-exact-form-without-paradigm-metadata	evidence-final	synodal:candidate:15ca2b8595563071b569174e,synodal:candidate:0496d514809d6fea71f96d11;I_Macc.8.21;review:v07:4b42fb30c871c549	Reviewer confirmed the source-partition lexical and semantic identity, the independent exact Synodal whole-token witness, and the bounded historical spelling continuity. Only the separately listed exact cells are admitted.
review:review:v07:4c1dba1b52dc5201	english-wiktionary-ocs-kaikki-2026-08-07+ponomar-elizabeth-bible-2026-08-09	review:v07:4c1dba1b52dc5201	жрьти	жрьти	verb	lexical-form	synodal:verb:v07-bce25b3caf708e38	ambiguous	reviewed-exact-form-without-paradigm-metadata	evidence-final	synodal:candidate:f39e0352e67918013fb69472,synodal:candidate:0a448f58936d5f49d288f4d7;IV_Kings.15.35;review:v07:4c1dba1b52dc5201	Reviewer confirmed the source-partition lexical and semantic identity, the independent exact Synodal whole-token witness, and the bounded historical spelling continuity. Only the separately listed exact cells are admitted.
review:review:v07:4cc1e42163160e3e	english-wiktionary-ocs-kaikki-2026-08-07+ponomar-elizabeth-bible-2026-08-09	review:v07:4cc1e42163160e3e	коумиръ	коумиръ	noun	lexical-form	synodal:noun:v07-afb8a7bffcc6c5b8	ambiguous	reviewed-exact-form-without-paradigm-metadata	evidence-final	synodal:candidate:2fcfdefd9b951e8f4b254f52,synodal:candidate:01742dad38262e75e389c6ef;Ex.34.13;review:v07:4cc1e42163160e3e	Reviewer confirmed the source-partition lexical and semantic identity, the independent exact Synodal whole-token witness, and the bounded historical spelling continuity. Only the separately listed exact cells are admitted.
review:review:v07:528340ad4e8605ca	english-wiktionary-ocs-kaikki-2026-08-07+ponomar-elizabeth-bible-2026-08-09	review:v07:528340ad4e8605ca	чрѣво	чрѣво	noun	lexical-form	synodal:noun:v07-23b418c82fe88408	ambiguous	reviewed-exact-form-without-paradigm-metadata	evidence-final	synodal:candidate:2223c5361b32c51d70533b5d,synodal:candidate:0093f8ab977e9076c21ee1cc;III_Macc.7.9;review:v07:528340ad4e8605ca	Reviewer confirmed the source-partition lexical and semantic identity, the independent exact Synodal whole-token witness, and the bounded historical spelling continuity. Only the separately listed exact cells are admitted.
review:review:v07:54f6cff8b0e940a5	english-wiktionary-ocs-kaikki-2026-08-07+ponomar-elizabeth-bible-2026-08-09	review:v07:54f6cff8b0e940a5	съборъ	съборъ	noun	lexical-form	synodal:noun:v07-44075006050c1854	ambiguous	reviewed-exact-form-without-paradigm-metadata	evidence-final	synodal:candidate:b5aefe2491b1c41f5adfbdb0,synodal:candidate:183d1617df0790d0c2e3e6bb;Acts.17.10;review:v07:54f6cff8b0e940a5	Reviewer confirmed the source-partition lexical and semantic identity, the independent exact Synodal whole-token witness, and the bounded historical spelling continuity. Only the separately listed exact cells are admitted.
review:review:v07:584b7ea2250b447c	english-wiktionary-ocs-kaikki-2026-08-07+ponomar-elizabeth-bible-2026-08-09	review:v07:584b7ea2250b447c	тельць	тельць	noun	lexical-form	synodal:noun:v07-e59f0846ce2a8b12	ambiguous	reviewed-exact-form-without-paradigm-metadata	evidence-final	synodal:candidate:54a9ca95543509232f999726,synodal:candidate:00cc5610a092e18a0e9a9d40;Lev.1.5;review:v07:584b7ea2250b447c	Reviewer confirmed the source-partition lexical and semantic identity, the independent exact Synodal whole-token witness, and the bounded historical spelling continuity. Only the separately listed exact cells are admitted.
review:review:v07:5a4233e558b98515	english-wiktionary-ocs-kaikki-2026-08-07+ponomar-elizabeth-bible-2026-08-09	review:v07:5a4233e558b98515	цѣсарьство	цѣсарьство	noun	lexical-form	synodal:noun:v07-328e6c95540b4c81	ambiguous	reviewed-exact-form-without-paradigm-metadata	evidence-final	synodal:candidate:1b003de4e77620ad38fb4ad0,synodal:candidate:0053f227f636742636ecaded;III_Esdra.12.11;review:v07:5a4233e558b98515	Reviewer confirmed the source-partition lexical and semantic identity, the independent exact Synodal whole-token witness, and the bounded historical spelling continuity. Only the separately listed exact cells are admitted.
review:review:v07:5b741d6c0f374be4	english-wiktionary-ocs-kaikki-2026-08-07+ponomar-elizabeth-bible-2026-08-09	review:v07:5b741d6c0f374be4	погоубити	погоубити	verb	lexical-form	synodal:verb:v07-c70b82ff98e556fa	ambiguous	reviewed-exact-form-without-paradigm-metadata	evidence-final	synodal:candidate:93f2e7194c60c3ba824e760e,synodal:candidate:01056306bfec35af5606facf;II_Macc.10.23;review:v07:5b741d6c0f374be4	Reviewer confirmed the source-partition lexical and semantic identity, the independent exact Synodal whole-token witness, and the bounded historical spelling continuity. Only the separately listed exact cells are admitted.
review:review:v07:621773f9750b2bd7	english-wiktionary-ocs-kaikki-2026-08-07+ponomar-elizabeth-bible-2026-08-09	review:v07:621773f9750b2bd7	богатьство	богатьство	noun	lexical-form	synodal:noun:v07-981df815299601b1	ambiguous	reviewed-exact-form-without-paradigm-metadata	evidence-final	synodal:candidate:2007fe494d87ac791862fa4d,synodal:candidate:0080e399289ab99b6f470560;II_Paral.1.11;review:v07:621773f9750b2bd7	Reviewer confirmed the source-partition lexical and semantic identity, the independent exact Synodal whole-token witness, and the bounded historical spelling continuity. Only the separately listed exact cells are admitted.
review:review:v07:633581ac00de6428	english-wiktionary-ocs-kaikki-2026-08-07+ponomar-elizabeth-bible-2026-08-09	review:v07:633581ac00de6428	вꙑ	вꙑ	pronoun	lexical-form	rejected:review:v07:633581ac00de6428	out-of-scope	reviewed-rejection	not-applicable	synodal:candidate:2eace692be236656459446f7,synodal:candidate:0af5c2386fa65780bf197950;Jerem.30.8;review:v07:633581ac00de6428	Corrective contextual review found Jerem.30.8 uses выи as the noun neck, not the second-person plural pronoun.
review:review:v07:63c0be1a63716a17	english-wiktionary-ocs-kaikki-2026-08-07+ponomar-elizabeth-bible-2026-08-09	review:v07:63c0be1a63716a17	изнемощи	изнемощи	verb	lexical-form	synodal:verb:v07-f4e0064ef4ceef5e	ambiguous	reviewed-exact-form-without-paradigm-metadata	evidence-final	synodal:candidate:36c7660b781aeac50aefa7e7,synodal:candidate:03d4ebf1d3d76fd92f291831;Dan.11.33;review:v07:63c0be1a63716a17	Reviewer confirmed the source-partition lexical and semantic identity, the independent exact Synodal whole-token witness, and the bounded historical spelling continuity. Only the separately listed exact cells are admitted.
review:review:v07:64213c27d61ebb67	english-wiktionary-ocs-kaikki-2026-08-07+ponomar-elizabeth-bible-2026-08-09	review:v07:64213c27d61ebb67	плъкъ	плъкъ	noun	lexical-form	synodal:noun:v07-9f3b0264c00a04b0	ambiguous	reviewed-exact-form-without-paradigm-metadata	evidence-final	synodal:candidate:5dbbeb98703e53435df894ce,synodal:candidate:0566a97bc97886a166ee6307;Josh.6.10;review:v07:64213c27d61ebb67	Reviewer confirmed the source-partition lexical and semantic identity, the independent exact Synodal whole-token witness, and the bounded historical spelling continuity. Only the separately listed exact cells are admitted.
review:review:v07:64844344d6422ecb	english-wiktionary-ocs-kaikki-2026-08-07+ponomar-elizabeth-bible-2026-08-09	review:v07:64844344d6422ecb	пьшеница	пьшеница	noun	lexical-form	synodal:noun:v07-cb119f268ab8814e	ambiguous	reviewed-exact-form-without-paradigm-metadata	evidence-final	synodal:candidate:b0c89c6df1cbceb2f96001ec,synodal:candidate:06fc57b97f5f43197f9e1bac;Num.18.12;review:v07:64844344d6422ecb	Reviewer confirmed the source-partition lexical and semantic identity, the independent exact Synodal whole-token witness, and the bounded historical spelling continuity. Only the separately listed exact cells are admitted.
review:review:v07:65336d7ecfd32bde	english-wiktionary-ocs-kaikki-2026-08-07+ponomar-elizabeth-bible-2026-08-09	review:v07:65336d7ecfd32bde	пожити	пожити	verb	lexical-form	synodal:verb:v07-c9fc2b3da9c08eb2	ambiguous	reviewed-exact-form-without-paradigm-metadata	evidence-final	synodal:candidate:b5ffc1e198fa5a7bd586e9a6,synodal:candidate:5f37abf9aed802f5d77ffcf7;Gen.47.28;review:v07:65336d7ecfd32bde	Reviewer confirmed the source-partition lexical and semantic identity, the independent exact Synodal whole-token witness, and the bounded historical spelling continuity. Only the separately listed exact cells are admitted.
review:review:v07:68e34fa001839314	english-wiktionary-ocs-kaikki-2026-08-07+ponomar-elizabeth-bible-2026-08-09	review:v07:68e34fa001839314	доуша	доуша	noun	lexical-form	synodal:noun:v07-549dec12f8aeb0c9	ambiguous	reviewed-exact-form-without-paradigm-metadata	evidence-final	synodal:candidate:ba743663535793622def4f2b,synodal:candidate:a71e335f046280168fc20dbe;Sirach.51.27;review:v07:68e34fa001839314	Reviewer confirmed the source-partition lexical and semantic identity, the independent exact Synodal whole-token witness, and the bounded historical spelling continuity. Only the separately listed exact cells are admitted.
review:review:v07:68f8f71834e8af24	english-wiktionary-ocs-kaikki-2026-08-07+ponomar-elizabeth-bible-2026-08-09	review:v07:68f8f71834e8af24	щедрота	щедрота	noun	lexical-form	synodal:noun:v07-c8464029a853f92d	ambiguous	reviewed-exact-form-without-paradigm-metadata	evidence-final	synodal:candidate:5bddda8df6dfdd0cd2013c56,synodal:candidate:02f5a356f739d9133e1017e2;Psalm.24.6;review:v07:68f8f71834e8af24	Reviewer confirmed the source-partition lexical and semantic identity, the independent exact Synodal whole-token witness, and the bounded historical spelling continuity. Only the separately listed exact cells are admitted.
review:review:v07:68f9c1013989c52d	english-wiktionary-ocs-kaikki-2026-08-07+ponomar-elizabeth-bible-2026-08-09	review:v07:68f9c1013989c52d	брѣмѧ	брѣмѧ	noun	lexical-form	synodal:noun:v07-e05d511a88f8627d	ambiguous	reviewed-exact-form-without-paradigm-metadata	evidence-final	synodal:candidate:3adac3e858f114ec44522f82,synodal:candidate:171678d9b76a270553e104ea;Jerem.23.36;review:v07:68f9c1013989c52d	Reviewer confirmed the source-partition lexical and semantic identity, the independent exact Synodal whole-token witness, and the bounded historical spelling continuity. Only the separately listed exact cells are admitted.
review:review:v07:6a1cc3ca7a526ca9	english-wiktionary-ocs-kaikki-2026-08-07+ponomar-elizabeth-bible-2026-08-09	review:v07:6a1cc3ca7a526ca9	сѫдьба	сѫдьба	noun	lexical-form	synodal:noun:v07-65353db5013d64b9	ambiguous	reviewed-exact-form-without-paradigm-metadata	evidence-final	synodal:candidate:c04dd14d8ceebe5018bdbc51,synodal:candidate:02cea066d2e4c9813c8fc866;Nehem.10.29;review:v07:6a1cc3ca7a526ca9	Reviewer confirmed the source-partition lexical and semantic identity, the independent exact Synodal whole-token witness, and the bounded historical spelling continuity. Only the separately listed exact cells are admitted.
review:review:v07:6b92a9b00e0d862b	english-wiktionary-ocs-kaikki-2026-08-07+ponomar-elizabeth-bible-2026-08-09	review:v07:6b92a9b00e0d862b	чѧсть	чѧсть	noun	lexical-form	rejected:review:v07:6b92a9b00e0d862b	out-of-scope	reviewed-rejection	not-applicable	synodal:candidate:6c4243f514da6249a784dade,synodal:candidate:0f13037b07f2096f92202532;Rom.2.7;review:v07:6b92a9b00e0d862b	Corrective contextual review found Rom.2.7 uses чести as genitive singular honour; it cannot attest the part or piece identity.
review:review:v07:6bc0969de5dc7665	english-wiktionary-ocs-kaikki-2026-08-07+ponomar-elizabeth-bible-2026-08-09	review:v07:6bc0969de5dc7665	отъврѣсти	отъврѣсти	verb	lexical-form	synodal:verb:v07-025896e1b2353c4d	ambiguous	reviewed-exact-form-without-paradigm-metadata	evidence-final	synodal:candidate:8611757bb067ebd3ac9531bf,synodal:candidate:e350ba0d357d0d42d49b22df;Gen.41.56;review:v07:6bc0969de5dc7665	Reviewer confirmed the source-partition lexical and semantic identity, the independent exact Synodal whole-token witness, and the bounded historical spelling continuity. Only the separately listed exact cells are admitted.
review:review:v07:6c6b11f14b81a5c3	english-wiktionary-ocs-kaikki-2026-08-07+ponomar-elizabeth-bible-2026-08-09	review:v07:6c6b11f14b81a5c3	раба	раба	noun	lexical-form	synodal:noun:v07-d2f9096ab3d42fc5	ambiguous	reviewed-exact-form-without-paradigm-metadata	evidence-final	synodal:candidate:6508515ed6de07ec2ad4992e,synodal:candidate:110f278f9d08ffbf4c183a18;Psalm.85.16;review:v07:6c6b11f14b81a5c3	Reviewer confirmed the source-partition lexical and semantic identity, the independent exact Synodal whole-token witness, and the bounded historical spelling continuity. Only the separately listed exact cells are admitted.
review:review:v07:6c7464338d4f33c9	english-wiktionary-ocs-kaikki-2026-08-07+ponomar-elizabeth-bible-2026-08-09	review:v07:6c7464338d4f33c9	десѧтина	десѧтина	noun	lexical-form	synodal:noun:v07-14c8473015ffe18c	ambiguous	reviewed-exact-form-without-paradigm-metadata	evidence-final	synodal:candidate:1228d875b5402503622a8d60,synodal:candidate:7cf12abc1af851a88e7879b4;Nehem.10.38;review:v07:6c7464338d4f33c9	Reviewer confirmed the source-partition lexical and semantic identity, the independent exact Synodal whole-token witness, and the bounded historical spelling continuity. Only the separately listed exact cells are admitted.
review:review:v07:6d034b0f8d1ff67d	english-wiktionary-ocs-kaikki-2026-08-07+ponomar-elizabeth-bible-2026-08-09	review:v07:6d034b0f8d1ff67d	Сѷріꙗ	сѷріꙗ	proper-noun	lexical-form	synodal:proper-noun:v07-323fa08f38d6a095	ambiguous	reviewed-exact-form-without-paradigm-metadata	evidence-final	synodal:candidate:37dbbcd15b637da45c470001,synodal:candidate:0db2eed93309f38db72ef072;II_Esdra.2.25;review:v07:6d034b0f8d1ff67d	Reviewer confirmed the source-partition lexical and semantic identity, the independent exact Synodal whole-token witness, and the bounded historical spelling continuity. Only the separately listed exact cells are admitted.
review:review:v07:6de1b2ade62bfe77	english-wiktionary-ocs-kaikki-2026-08-07+ponomar-elizabeth-bible-2026-08-09	review:v07:6de1b2ade62bfe77	сꙑнъ	сꙑнъ	proper-noun	lexical-form	synodal:proper-noun:v07-38a8f756c955a923	ambiguous	reviewed-exact-form-without-paradigm-metadata	evidence-final	synodal:candidate:37bc953ea14e3653d14abe9f,synodal:candidate:0e1cfa4859cf47a3545ad4fe;Prov.17.21;review:v07:6de1b2ade62bfe77	Reviewer confirmed the source-partition lexical and semantic identity, the independent exact Synodal whole-token witness, and the bounded historical spelling continuity. Only the separately listed exact cells are admitted.
review:review:v07:6f54f171e46d808e	english-wiktionary-ocs-kaikki-2026-08-07+ponomar-elizabeth-bible-2026-08-09	review:v07:6f54f171e46d808e	пещи	пещи	verb	lexical-form	rejected:review:v07:6f54f171e46d808e	out-of-scope	reviewed-rejection	not-applicable	synodal:candidate:39042ae8752367a95e290d0f,synodal:candidate:019971d189809d7da05b88a6;Dan.3.21;review:v07:6f54f171e46d808e	Corrective contextual review found Dan.3.21 uses пещи as the noun furnace, not a form of the verb bake or care.
review:review:v07:6fdd96fe05ae9fdc	english-wiktionary-ocs-kaikki-2026-08-07+ponomar-elizabeth-bible-2026-08-09	review:v07:6fdd96fe05ae9fdc	проклѧти	проклѧти	verb	lexical-form	synodal:verb:v07-ef3884d2694cadf5	ambiguous	reviewed-exact-form-without-paradigm-metadata	evidence-final	synodal:candidate:c00fd3a9428d139705ec219c,synodal:candidate:1a103580094de12b50386f2e;Jerem.20.15;review:v07:6fdd96fe05ae9fdc	Reviewer confirmed the source-partition lexical and semantic identity, the independent exact Synodal whole-token witness, and the bounded historical spelling continuity. Only the separately listed exact cells are admitted.
review:review:v07:70000d1115474422	dyachenko-1900-scan+ponomar-elizabeth-bible-2026-08-09	review:v07:70000d1115474422	начало	начало	noun	lexical-form	synodal:noun:v07-43077edbcc744aa2	ambiguous	reviewed-exact-form-without-paradigm-metadata	evidence-final	synodal:candidate:137b9515a6ce817356a19251,synodal:candidate:0aa70c4f3c0ccfe0703008d6;Mk.13.19;review:v07:70000d1115474422	Reviewer confirmed the source-partition lexical and semantic identity, the independent exact Synodal whole-token witness, and the bounded historical spelling continuity. Only the separately listed exact cells are admitted.
review:review:v07:70a317d66dffcb74	english-wiktionary-ocs-kaikki-2026-08-07+ponomar-elizabeth-bible-2026-08-09	review:v07:70a317d66dffcb74	лѫкавъ	лѫкавъ	adjective	lexical-form	synodal:adjective:v07-5ac21ff6bd1d1530	ambiguous	reviewed-exact-form-without-paradigm-metadata	evidence-final	synodal:candidate:2550104fa5512ff482edfb4a,synodal:candidate:29437355b22986e8ff78c8eb;Psalm.100.4;review:v07:70a317d66dffcb74	Reviewer confirmed the source-partition lexical and semantic identity, the independent exact Synodal whole-token witness, and the bounded historical spelling continuity. Only the separately listed exact cells are admitted.
review:review:v07:71599e25e6b70104	english-wiktionary-ocs-kaikki-2026-08-07+wikisource-church-slavonic-bible-2026-08-09	review:v07:71599e25e6b70104	оумьрѣти	оумьрѣти	verb	lexical-form	synodal:verb:v07-789965b2445975f1	ambiguous	reviewed-exact-form-without-paradigm-metadata	evidence-final	synodal:candidate:a1a3a4f71f937a1349ce7164,synodal:candidate:2d9ed32dd5f33a15ef43c568;Gen.35.19;review:v07:71599e25e6b70104	Reviewer confirmed the source-partition lexical and semantic identity, the independent exact Synodal whole-token witness, and the bounded historical spelling continuity. Only the separately listed exact cells are admitted.
review:review:v07:71855afb26a8d24f	english-wiktionary-ocs-kaikki-2026-08-07+ponomar-elizabeth-bible-2026-08-09	review:v07:71855afb26a8d24f	Асіꙗ	асіꙗ	proper-noun	lexical-form	synodal:proper-noun:v07-8d31d317e0b4abfc	ambiguous	reviewed-exact-form-without-paradigm-metadata	evidence-final	synodal:candidate:3c664d2b8a3f93be43adbac5,synodal:candidate:0686de829d66ed3f2d1bb576;Acts.20.4;review:v07:71855afb26a8d24f	Reviewer confirmed the source-partition lexical and semantic identity, the independent exact Synodal whole-token witness, and the bounded historical spelling continuity. Only the separately listed exact cells are admitted.
review:review:v07:7327bdb8d6b07272	english-wiktionary-ocs-kaikki-2026-08-07+ponomar-elizabeth-bible-2026-08-09	review:v07:7327bdb8d6b07272	разоумѣти	разоумѣти	verb	lexical-form	synodal:verb:v07-496708c3508480e4	ambiguous	reviewed-exact-form-without-paradigm-metadata	evidence-final	synodal:candidate:88ad37d76242135ff8cf7ab6,synodal:candidate:8db956fae24f677bb9b9e7cf;Jn.16.19;review:v07:7327bdb8d6b07272	Reviewer confirmed the source-partition lexical and semantic identity, the independent exact Synodal whole-token witness, and the bounded historical spelling continuity. Only the separately listed exact cells are admitted.
review:review:v07:73a4a6f168f7796d	english-wiktionary-ocs-kaikki-2026-08-07+ponomar-elizabeth-bible-2026-08-09	review:v07:73a4a6f168f7796d	жито	жито	noun	lexical-form	synodal:noun:v07-d46ebb477bfe6837	ambiguous	reviewed-exact-form-without-paradigm-metadata	evidence-final	synodal:candidate:621a05fd7925b8f339a20572,synodal:candidate:d7d7ddc563e6a273cea233f2;Amos.8.6;review:v07:73a4a6f168f7796d	Reviewer confirmed the source-partition lexical and semantic identity, the independent exact Synodal whole-token witness, and the bounded historical spelling continuity. Only the separately listed exact cells are admitted.
review:review:v07:750e64d19d38365c	english-wiktionary-ocs-kaikki-2026-08-07+ponomar-elizabeth-bible-2026-08-09	review:v07:750e64d19d38365c	жрьтва	жрьтва	noun	lexical-form	synodal:noun:v07-068fabd47d16b7a4	ambiguous	reviewed-exact-form-without-paradigm-metadata	evidence-final	synodal:candidate:5026327fe63db2ddc9155d8c,synodal:candidate:013a3ece6a4c0e420f1f2b4c;III_Kings.18.29;review:v07:750e64d19d38365c	Reviewer confirmed the source-partition lexical and semantic identity, the independent exact Synodal whole-token witness, and the bounded historical spelling continuity. Only the separately listed exact cells are admitted.
review:review:v07:795f7c35fe656bf3	english-wiktionary-ocs-kaikki-2026-08-07+ponomar-elizabeth-bible-2026-08-09	review:v07:795f7c35fe656bf3	врѣтище	врѣтище	noun	lexical-form	synodal:noun:v07-1a970c0f91ba4867	ambiguous	reviewed-exact-form-without-paradigm-metadata	evidence-final	synodal:candidate:ea05212c50f6bfca58942c88,synodal:candidate:0310bc2be09823860debac59;Joel.1.8;review:v07:795f7c35fe656bf3	Reviewer confirmed the source-partition lexical and semantic identity, the independent exact Synodal whole-token witness, and the bounded historical spelling continuity. Only the separately listed exact cells are admitted.
review:review:v07:7a48ca341930be40	english-wiktionary-ocs-kaikki-2026-08-07+ponomar-elizabeth-bible-2026-08-09	review:v07:7a48ca341930be40	въврѣщи	въврѣщи	verb	lexical-form	synodal:verb:v07-688e0b45db6ad534	ambiguous	reviewed-exact-form-without-paradigm-metadata	evidence-final	synodal:candidate:f01b3946d2e064aebfd0ed46,synodal:candidate:0088d10ebb6d537b208dbb44;Ex.15.21;review:v07:7a48ca341930be40	Reviewer confirmed the source-partition lexical and semantic identity, the independent exact Synodal whole-token witness, and the bounded historical spelling continuity. Only the separately listed exact cells are admitted.
review:review:v07:7afef1808805c057	english-wiktionary-ocs-kaikki-2026-08-07+ponomar-elizabeth-bible-2026-08-09	review:v07:7afef1808805c057	испльнити	испльнити	verb	lexical-form	synodal:verb:v07-ab6af4771b274488	ambiguous	reviewed-exact-form-without-paradigm-metadata	evidence-final	synodal:candidate:fe41612ede2ad434660cf9da,synodal:candidate:0d1814c2cf9d79a3514d29ac;Sirach.36.15;review:v07:7afef1808805c057	Reviewer confirmed the source-partition lexical and semantic identity, the independent exact Synodal whole-token witness, and the bounded historical spelling continuity. Only the separately listed exact cells are admitted.
review:review:v07:7c8bc0240d6f4079	english-wiktionary-ocs-kaikki-2026-08-07+ponomar-elizabeth-bible-2026-08-09	review:v07:7c8bc0240d6f4079	срѣда	срѣда	noun	lexical-form	synodal:noun:v07-a3ae863d2e278700	ambiguous	reviewed-exact-form-without-paradigm-metadata	evidence-final	synodal:candidate:fc6222a96e44b14aedce95ff,synodal:candidate:002c49b689493ee96afaf6d5;Jerem.49.19;review:v07:7c8bc0240d6f4079	Reviewer confirmed the source-partition lexical and semantic identity, the independent exact Synodal whole-token witness, and the bounded historical spelling continuity. Only the separately listed exact cells are admitted.
review:review:v07:7def60fbe2720be0	english-wiktionary-ocs-kaikki-2026-08-07+ponomar-elizabeth-bible-2026-08-09	review:v07:7def60fbe2720be0	въстати	въстати	verb	lexical-form	synodal:verb:v07-c86c24d867ae77d6	ambiguous	reviewed-exact-form-without-paradigm-metadata	evidence-final	synodal:candidate:df2ef22c8c53043e9b7eed88,synodal:candidate:08e52d392c7df52e727e4f4d;Ex.12.30;review:v07:7def60fbe2720be0	Reviewer confirmed the source-partition lexical and semantic identity, the independent exact Synodal whole-token witness, and the bounded historical spelling continuity. Only the separately listed exact cells are admitted.
review:review:v07:7e71f7ba4b24c8c8	english-wiktionary-ocs-kaikki-2026-08-07+ponomar-elizabeth-bible-2026-08-09	review:v07:7e71f7ba4b24c8c8	дрѣво	дрѣво	noun	lexical-form	synodal:noun:v07-ce9e93f2bbe58085	ambiguous	reviewed-exact-form-without-paradigm-metadata	evidence-final	synodal:candidate:05d5aa7a602a753cc1a2228f,synodal:candidate:0afd0f07c658d503348779ad;Dan.4.17;review:v07:7e71f7ba4b24c8c8	Reviewer confirmed the source-partition lexical and semantic identity, the independent exact Synodal whole-token witness, and the bounded historical spelling continuity. Only the separately listed exact cells are admitted.
review:review:v07:80f7fcdb61852e2d	english-wiktionary-ocs-kaikki-2026-08-07+wikisource-church-slavonic-bible-2026-08-09	review:v07:80f7fcdb61852e2d	оузьрѣти	оузьрѣти	verb	lexical-form	synodal:verb:v07-0581788f82e9c268	ambiguous	reviewed-exact-form-without-paradigm-metadata	evidence-final	synodal:candidate:4e092e768007b9059e7135b4,synodal:candidate:227191f81aba5f1d437b14ed;II_Paral.18.24;review:v07:80f7fcdb61852e2d	Reviewer confirmed the source-partition lexical and semantic identity, the independent exact Synodal whole-token witness, and the bounded historical spelling continuity. Only the separately listed exact cells are admitted.
review:review:v07:836382f3474eab69	dyachenko-1900-scan+ponomar-elizabeth-bible-2026-08-09	review:v07:836382f3474eab69	соломонъ	соломонъ	proper-noun	lexical-form	synodal:proper-noun:v07-8900273b1fcee3df	ambiguous	reviewed-exact-form-without-paradigm-metadata	evidence-final	synodal:candidate:7e1699258b3666a0d787f1e5,synodal:candidate:10feb451a15c5b82bc1378cc;Mt.1.7;review:v07:836382f3474eab69	Reviewer confirmed the source-partition lexical and semantic identity, the independent exact Synodal whole-token witness, and the bounded historical spelling continuity. Only the separately listed exact cells are admitted.
review:review:v07:83c3cb5b0f09baaa	dyachenko-1900-scan+ponomar-elizabeth-bible-2026-08-09	review:v07:83c3cb5b0f09baaa	чадо	чадо	noun	lexical-form	synodal:noun:v07-1678bbc390ba1d53	ambiguous	reviewed-exact-form-without-paradigm-metadata	evidence-final	synodal:candidate:a92c96dbdc794f5cbc558ac8,synodal:candidate:020f72f24b075664a285425d;Sirach.38.9;review:v07:83c3cb5b0f09baaa	Reviewer confirmed the source-partition lexical and semantic identity, the independent exact Synodal whole-token witness, and the bounded historical spelling continuity. Only the separately listed exact cells are admitted.
review:review:v07:85455cd870ca3342	english-wiktionary-ocs-kaikki-2026-08-07+ponomar-elizabeth-bible-2026-08-09	review:v07:85455cd870ca3342	тьмьница	тьмьница	noun	lexical-form	synodal:noun:v07-677c3fbe80a9defc	ambiguous	reviewed-exact-form-without-paradigm-metadata	evidence-final	synodal:candidate:2e4b2f418a4507a04de94526,synodal:candidate:04baafc8625fe39c88b16d8b;Acts.5.23;review:v07:85455cd870ca3342	Reviewer confirmed the source-partition lexical and semantic identity, the independent exact Synodal whole-token witness, and the bounded historical spelling continuity. Only the separately listed exact cells are admitted.
review:review:v07:87fe0df886c82150	dyachenko-1900-scan+ponomar-elizabeth-bible-2026-08-09	review:v07:87fe0df886c82150	камꙑ	камꙑ	noun	lexical-form	synodal:noun:v07-c27905de175a0cde	ambiguous	reviewed-exact-form-without-paradigm-metadata	evidence-final	synodal:candidate:3f4d97a87a891df937258e57,synodal:candidate:d2975f243850392be03ec3ed;Gen.29.2;review:v07:87fe0df886c82150	Reviewer confirmed the source-partition lexical and semantic identity, the independent exact Synodal whole-token witness, and the bounded historical spelling continuity. Only the separately listed exact cells are admitted.
review:review:v07:8a2912de609221b3	english-wiktionary-ocs-kaikki-2026-08-07+ponomar-elizabeth-bible-2026-08-09	review:v07:8a2912de609221b3	отъпоустити	отъпоустити	verb	lexical-form	synodal:verb:v07-b4d42124734cba64	ambiguous	reviewed-exact-form-without-paradigm-metadata	evidence-final	synodal:candidate:cbc16e2c055ea48284068c9a,synodal:candidate:5ff3d2ae7656cbee446a506f;Lk.8.38;review:v07:8a2912de609221b3	Reviewer confirmed the source-partition lexical and semantic identity, the independent exact Synodal whole-token witness, and the bounded historical spelling continuity. Only the separately listed exact cells are admitted.
review:review:v07:8aaccb19b8018436	english-wiktionary-ocs-kaikki-2026-08-07+ponomar-elizabeth-bible-2026-08-09	review:v07:8aaccb19b8018436	проклѧтъ	проклѧтъ	adjective	lexical-form	synodal:adjective:v07-2585c9e958eb4925	ambiguous	reviewed-exact-form-without-paradigm-metadata	evidence-final	synodal:candidate:b61cd9e5a5e1d6a6fd4b8a1c,synodal:candidate:1a103580094de12b50386f2e;Jerem.20.15;review:v07:8aaccb19b8018436	Reviewer confirmed the source-partition lexical and semantic identity, the independent exact Synodal whole-token witness, and the bounded historical spelling continuity. Only the separately listed exact cells are admitted.
review:review:v07:8d766ba9d13545f1	english-wiktionary-ocs-kaikki-2026-08-07+ponomar-elizabeth-bible-2026-08-09	review:v07:8d766ba9d13545f1	мъножьство	мъножьство	noun	lexical-form	synodal:noun:v07-96fba496a6a6a880	ambiguous	reviewed-exact-form-without-paradigm-metadata	evidence-final	synodal:candidate:8417c0e77708d5738948aadd,synodal:candidate:31d3ebc35b2757580b220f90;Wisd.6.26;review:v07:8d766ba9d13545f1	Reviewer confirmed the source-partition lexical and semantic identity, the independent exact Synodal whole-token witness, and the bounded historical spelling continuity. Only the separately listed exact cells are admitted.
review:review:v07:8dc87a9539e70a0e	english-wiktionary-ocs-kaikki-2026-08-07+ponomar-elizabeth-bible-2026-08-09	review:v07:8dc87a9539e70a0e	притъча	притъча	noun	lexical-form	synodal:noun:v07-1b8b92da31ce3a3f	ambiguous	reviewed-exact-form-without-paradigm-metadata	evidence-final	synodal:candidate:efda59633067ec08def48edd,synodal:candidate:0c0f46d404d8fa4d77fea31a;Jn.10.6;review:v07:8dc87a9539e70a0e	Reviewer confirmed the source-partition lexical and semantic identity, the independent exact Synodal whole-token witness, and the bounded historical spelling continuity. Only the separately listed exact cells are admitted.
review:review:v07:914aa8948382c695	english-wiktionary-ocs-kaikki-2026-08-07+ponomar-elizabeth-bible-2026-08-09	review:v07:914aa8948382c695	агньць	агньць	noun	lexical-form	synodal:noun:v07-9839b479c14a98dd	ambiguous	reviewed-exact-form-without-paradigm-metadata	evidence-final	synodal:candidate:48a56fd1a58cac5616e4f67c,synodal:candidate:01655fa8acbcf5953d4390f8;Num.7.45;review:v07:914aa8948382c695	Reviewer confirmed the source-partition lexical and semantic identity, the independent exact Synodal whole-token witness, and the bounded historical spelling continuity. Only the separately listed exact cells are admitted.
review:review:v07:920b69ebe37143e5	english-wiktionary-ocs-kaikki-2026-08-07+ponomar-elizabeth-bible-2026-08-09	review:v07:920b69ebe37143e5	зѫбъ	зѫбъ	noun	lexical-form	synodal:noun:v07-8cf3da9b62bff101	ambiguous	reviewed-exact-form-without-paradigm-metadata	evidence-final	synodal:candidate:22db0a80e04ccd40d3276020,synodal:candidate:1183cbafe58bafe62bea7f5f;Psalm.57.6;review:v07:920b69ebe37143e5	Reviewer confirmed the source-partition lexical and semantic identity, the independent exact Synodal whole-token witness, and the bounded historical spelling continuity. Only the separately listed exact cells are admitted.
review:review:v07:957fbdc98b9b2a26	english-wiktionary-ocs-kaikki-2026-08-07+ponomar-elizabeth-bible-2026-08-09	review:v07:957fbdc98b9b2a26	сънѣдь	сънѣдь	noun	lexical-form	synodal:noun:v07-bac2c01e0731daaf	ambiguous	reviewed-exact-form-without-paradigm-metadata	evidence-final	synodal:candidate:9e946db54eb298b3507b6ee1,synodal:candidate:0b4f66b894cf4d2317f56bb2;II_Kings.13.10;review:v07:957fbdc98b9b2a26	Reviewer confirmed the source-partition lexical and semantic identity, the independent exact Synodal whole-token witness, and the bounded historical spelling continuity. Only the separately listed exact cells are admitted.
review:review:v07:958c49324386ae33	english-wiktionary-ocs-kaikki-2026-08-07+ponomar-elizabeth-bible-2026-08-09	review:v07:958c49324386ae33	кънижьникъ	кънижьникъ	noun	lexical-form	synodal:noun:v07-351d57ed239f1dde	ambiguous	reviewed-exact-form-without-paradigm-metadata	evidence-final	synodal:candidate:5e2a9c5bb04a188f669e9335,synodal:candidate:04488d43bfec44154c5ed3da;Acts.19.35;review:v07:958c49324386ae33	Reviewer confirmed the source-partition lexical and semantic identity, the independent exact Synodal whole-token witness, and the bounded historical spelling continuity. Only the separately listed exact cells are admitted.
review:review:v07:9641313236bc8966	english-wiktionary-ocs-kaikki-2026-08-07+ponomar-elizabeth-bible-2026-08-09	review:v07:9641313236bc8966	възъпити	възъпити	verb	lexical-form	synodal:verb:v07-b757a2b889b8be98	ambiguous	reviewed-exact-form-without-paradigm-metadata	evidence-final	synodal:candidate:2e3fa8f46137ad14e07318d5,synodal:candidate:5b7895b3e30da35082d931f8;Ex.15.25;review:v07:9641313236bc8966	Reviewer confirmed the source-partition lexical and semantic identity, the independent exact Synodal whole-token witness, and the bounded historical spelling continuity. Only the separately listed exact cells are admitted.
review:review:v07:97733d04bc8b2112	english-wiktionary-ocs-kaikki-2026-08-07+ponomar-elizabeth-bible-2026-08-09	review:v07:97733d04bc8b2112	съкровище	съкровище	noun	lexical-form	synodal:noun:v07-01c99571fa22c383	ambiguous	reviewed-exact-form-without-paradigm-metadata	evidence-final	synodal:candidate:184c09fb46aa3169f5fe6d43,synodal:candidate:01c3c9bad95d9fee326ccb73;II_Macc.3.13;review:v07:97733d04bc8b2112	Reviewer confirmed the source-partition lexical and semantic identity, the independent exact Synodal whole-token witness, and the bounded historical spelling continuity. Only the separately listed exact cells are admitted.
review:review:v07:9876ffde291b79b2	english-wiktionary-ocs-kaikki-2026-08-07+ponomar-elizabeth-bible-2026-08-09	review:v07:9876ffde291b79b2	олътарь	олътарь	noun	lexical-form	synodal:noun:v07-316703a3d6b168cf	ambiguous	reviewed-exact-form-without-paradigm-metadata	evidence-final	synodal:candidate:9be6906e56a82756949f5d02,synodal:candidate:00cc5610a092e18a0e9a9d40;Lev.1.5;review:v07:9876ffde291b79b2	Reviewer confirmed the source-partition lexical and semantic identity, the independent exact Synodal whole-token witness, and the bounded historical spelling continuity. Only the separately listed exact cells are admitted.
review:review:v07:9a3bab1935489104	dyachenko-1900-scan+ponomar-elizabeth-bible-2026-08-09	review:v07:9a3bab1935489104	сътворити	сътворити	verb	lexical-form	synodal:verb:v07-1c4a4d92c8c26109	ambiguous	reviewed-exact-form-without-paradigm-metadata	evidence-final	synodal:candidate:4751c0b47cd6eb40e766cdb5,synodal:candidate:05e8c56ebd9ce5c0213c12e1;Job.10.14;review:v07:9a3bab1935489104	Reviewer confirmed the source-partition lexical and semantic identity, the independent exact Synodal whole-token witness, and the bounded historical spelling continuity. Only the separately listed exact cells are admitted.
review:review:v07:9cde081bdc989e12	english-wiktionary-ocs-kaikki-2026-08-07+ponomar-elizabeth-bible-2026-08-09	review:v07:9cde081bdc989e12	побѣдити	побѣдити	verb	lexical-form	synodal:verb:v07-d7490a5366c19ff9	ambiguous	reviewed-exact-form-without-paradigm-metadata	evidence-final	synodal:candidate:0cb3af261aeb3a0fcbc8e763,synodal:candidate:0db156cce9ebcc2218ebb2b5;I_Kings.19.5;review:v07:9cde081bdc989e12	Reviewer confirmed the source-partition lexical and semantic identity, the independent exact Synodal whole-token witness, and the bounded historical spelling continuity. Only the separately listed exact cells are admitted.
review:review:v07:9d784f02f01e45a9	english-wiktionary-ocs-kaikki-2026-08-07+ponomar-elizabeth-bible-2026-08-09	review:v07:9d784f02f01e45a9	дьбрь	дьбрь	noun	lexical-form	synodal:noun:v07-20cbf37da93828ed	ambiguous	reviewed-exact-form-without-paradigm-metadata	evidence-final	synodal:candidate:5685f0467c33437d752223e5,synodal:candidate:0450f0e2ab38bc69f00dfcb4;Isa.10.29;review:v07:9d784f02f01e45a9	Reviewer confirmed the source-partition lexical and semantic identity, the independent exact Synodal whole-token witness, and the bounded historical spelling continuity. Only the separately listed exact cells are admitted.
review:review:v07:9e5ec037d8bc8bb1	english-wiktionary-ocs-kaikki-2026-08-07+ponomar-elizabeth-bible-2026-08-09	review:v07:9e5ec037d8bc8bb1	деснъ	деснъ	adjective	lexical-form	synodal:adjective:v07-754731df6f1c0a4b	ambiguous	reviewed-exact-form-without-paradigm-metadata	evidence-final	synodal:candidate:9fcfadfcff9cd23d666c9183,synodal:candidate:19a4b300a3c0d8577f3c2a9f;III_Esdra.11.20;review:v07:9e5ec037d8bc8bb1	Reviewer confirmed the source-partition lexical and semantic identity, the independent exact Synodal whole-token witness, and the bounded historical spelling continuity. Only the separately listed exact cells are admitted.
review:review:v07:9eab4f478f95a713	english-wiktionary-ocs-kaikki-2026-08-07+ponomar-elizabeth-bible-2026-08-09	review:v07:9eab4f478f95a713	нѣсмь	нѣсмь	verb	lexical-form	synodal:verb:v07-195dcea9c1f53a44	ambiguous	reviewed-exact-form-without-paradigm-metadata	evidence-final	synodal:candidate:94e9acfd257ffde6dc5a48a3,synodal:candidate:010c56958dc18da5fe68f029;Apoc.18.7;review:v07:9eab4f478f95a713	Reviewer confirmed the source-partition lexical and semantic identity, the independent exact Synodal whole-token witness, and the bounded historical spelling continuity. Only the separately listed exact cells are admitted.
review:review:v07:9f6fc6dd84bc26ad	english-wiktionary-ocs-kaikki-2026-08-07+wikisource-church-slavonic-bible-2026-08-09	review:v07:9f6fc6dd84bc26ad	оухо	оухо	noun	lexical-form	synodal:noun:v07-12621bc315f78ff8	ambiguous	reviewed-exact-form-without-paradigm-metadata	evidence-final	synodal:candidate:b996ad815d6ab326cf6b2a32,synodal:candidate:2531cfac6b172f1a041184b4;Prov.20.12;review:v07:9f6fc6dd84bc26ad	Reviewer confirmed the source-partition lexical and semantic identity, the independent exact Synodal whole-token witness, and the bounded historical spelling continuity. Only the separately listed exact cells are admitted.
review:review:v07:a026631b141e1a89	english-wiktionary-ocs-kaikki-2026-08-07+ponomar-elizabeth-bible-2026-08-09	review:v07:a026631b141e1a89	вꙑꙗ	вꙑꙗ	noun	lexical-form	synodal:noun:v07-a5dbb0e98231d647	ambiguous	reviewed-exact-form-without-paradigm-metadata	evidence-final	synodal:candidate:dc4c04f7c0c72d63f97a4aee,synodal:candidate:0af5c2386fa65780bf197950;Jerem.30.8;review:v07:a026631b141e1a89	Reviewer confirmed the source-partition lexical and semantic identity, the independent exact Synodal whole-token witness, and the bounded historical spelling continuity. Only the separately listed exact cells are admitted.
review:review:v07:a1e033f853b6f206	english-wiktionary-ocs-kaikki-2026-08-07+ponomar-elizabeth-bible-2026-08-09	review:v07:a1e033f853b6f206	мьзда	мьзда	noun	lexical-form	synodal:noun:v07-f2b6da6861350ede	ambiguous	reviewed-exact-form-without-paradigm-metadata	evidence-final	synodal:candidate:95908d6d71bd7d71f0813001,synodal:candidate:0b9a214f6917338d119f955c;Sirach.20.29;review:v07:a1e033f853b6f206	Reviewer confirmed the source-partition lexical and semantic identity, the independent exact Synodal whole-token witness, and the bounded historical spelling continuity. Only the separately listed exact cells are admitted.
review:review:v07:a1fb7519dbc4a175	english-wiktionary-ocs-kaikki-2026-08-07+ponomar-elizabeth-bible-2026-08-09	review:v07:a1fb7519dbc4a175	очесъ	очесъ	noun	lexical-form	synodal:noun:v07-a516349ca9a0f818	ambiguous	reviewed-exact-form-without-paradigm-metadata	evidence-final	synodal:candidate:0484353b01a77817844fdb87,synodal:candidate:0981534efcc5e5fa5af5bc52;Prov.20.20;review:v07:a1fb7519dbc4a175	Reviewer confirmed the source-partition lexical and semantic identity, the independent exact Synodal whole-token witness, and the bounded historical spelling continuity. Only the separately listed exact cells are admitted.
review:review:v07:a2d22de085fbb0d5	english-wiktionary-ocs-kaikki-2026-08-07+ponomar-elizabeth-bible-2026-08-09	review:v07:a2d22de085fbb0d5	прѣбꙑвати	прѣбꙑвати	verb	lexical-form	synodal:verb:v07-4d9ce6736c0d4c86	ambiguous	reviewed-exact-form-without-paradigm-metadata	evidence-final	synodal:candidate:4682c69e676cc110578ac84a,synodal:candidate:00eb568e9fab77fcd092a917;I_Jn.3.14;review:v07:a2d22de085fbb0d5	Reviewer confirmed the source-partition lexical and semantic identity, the independent exact Synodal whole-token witness, and the bounded historical spelling continuity. Only the separately listed exact cells are admitted.
review:review:v07:a551db5acfee657f	english-wiktionary-ocs-kaikki-2026-08-07+ponomar-elizabeth-bible-2026-08-09	review:v07:a551db5acfee657f	сльза	сльза	noun	lexical-form	synodal:noun:v07-110562e7514bf239	ambiguous	reviewed-exact-form-without-paradigm-metadata	evidence-final	synodal:candidate:d6b973c2632ee1ad3d5720cf,synodal:candidate:0db1361ba3674433218d6726;III_Macc.4.2;review:v07:a551db5acfee657f	Reviewer confirmed the source-partition lexical and semantic identity, the independent exact Synodal whole-token witness, and the bounded historical spelling continuity. Only the separately listed exact cells are admitted.
review:review:v07:a6d8b0cf684fe18d	english-wiktionary-ocs-kaikki-2026-08-07+ponomar-elizabeth-bible-2026-08-09	review:v07:a6d8b0cf684fe18d	старьць	старьць	noun	lexical-form	synodal:noun:v07-55b8d0f486450d5c	ambiguous	reviewed-exact-form-without-paradigm-metadata	evidence-final	synodal:candidate:52fbe4f2994a6926c413751f,synodal:candidate:00c3342ddf9e7a71281971cf;Acts.21.18;review:v07:a6d8b0cf684fe18d	Reviewer confirmed the source-partition lexical and semantic identity, the independent exact Synodal whole-token witness, and the bounded historical spelling continuity. Only the separately listed exact cells are admitted.
review:review:v07:a84005948f164932	english-wiktionary-ocs-kaikki-2026-08-07+ponomar-elizabeth-bible-2026-08-09	review:v07:a84005948f164932	сьде	сьде	adverb	indeclinable	synodal:adverb:v07-9330752134b48d75	indeclinable	reviewed-exact-indeclinable	implemented	synodal:candidate:d60f01b8aa8575e32b87f889,synodal:candidate:01fb802f619b790a045a788f;Ex.23.3;review:v07:a84005948f164932	Reviewer confirmed the source-partition lexical and semantic identity, the independent exact Synodal whole-token witness, and the bounded historical spelling continuity. Only the separately listed exact cells are admitted.
review:review:v07:a8e2d5399a72a725	english-wiktionary-ocs-kaikki-2026-08-07+ponomar-elizabeth-bible-2026-08-09	review:v07:a8e2d5399a72a725	въспѧть	въспѧть	adverb	indeclinable	synodal:adverb:v07-070a284d4048d64c	indeclinable	reviewed-exact-indeclinable	implemented	synodal:candidate:7096be63c53acd7389cc50a5,synodal:candidate:04d09c4f2b1f2f9cb944b13a;Psalm.77.66;review:v07:a8e2d5399a72a725	Reviewer confirmed the source-partition lexical and semantic identity, the independent exact Synodal whole-token witness, and the bounded historical spelling continuity. Only the separately listed exact cells are admitted.
review:review:v07:ad3404086b0cd49d	english-wiktionary-ocs-kaikki-2026-08-07+ponomar-elizabeth-bible-2026-08-09	review:v07:ad3404086b0cd49d	опона	опона	noun	lexical-form	synodal:noun:v07-3f6d390d07582831	ambiguous	reviewed-exact-form-without-paradigm-metadata	evidence-final	synodal:candidate:53a9eda5059ca4453dee2c87,synodal:candidate:262643d7e1e538aede864f77;Ex.26.4;review:v07:ad3404086b0cd49d	Reviewer confirmed the source-partition lexical and semantic identity, the independent exact Synodal whole-token witness, and the bounded historical spelling continuity. Only the separately listed exact cells are admitted.
review:review:v07:ad389e632feb0784	english-wiktionary-ocs-kaikki-2026-08-07+ponomar-elizabeth-bible-2026-08-09	review:v07:ad389e632feb0784	явѣ	явѣ	adverb	indeclinable	synodal:adverb:v07-1d01379f954c962d	indeclinable	reviewed-exact-indeclinable	implemented	synodal:candidate:716e6c73c021e03cf883f8f1,synodal:candidate:1271d6135cff0d1dc2ad3e6e;Heb.7.15;review:v07:ad389e632feb0784	Reviewer confirmed the source-partition lexical and semantic identity, the independent exact Synodal whole-token witness, and the bounded historical spelling continuity. Only the separately listed exact cells are admitted.
review:review:v07:ad63834b1da54c2f	english-wiktionary-ocs-kaikki-2026-08-07+ponomar-elizabeth-bible-2026-08-09	review:v07:ad63834b1da54c2f	чѧдо	чѧдо	noun	lexical-form	synodal:noun:v07-0f504abe6f5f3639	ambiguous	reviewed-exact-form-without-paradigm-metadata	evidence-final	synodal:candidate:3dd2c81709ba5321fdca81e8,synodal:candidate:13075a33a3b17ba8bea35cae;Wisd.3.16;review:v07:ad63834b1da54c2f	Reviewer confirmed the source-partition lexical and semantic identity, the independent exact Synodal whole-token witness, and the bounded historical spelling continuity. Only the separately listed exact cells are admitted.
review:review:v07:af33e73cde470d38	english-wiktionary-ocs-kaikki-2026-08-07+ponomar-elizabeth-bible-2026-08-09	review:v07:af33e73cde470d38	вънъ	вънъ	adverb	indeclinable	synodal:adverb:v07-ad6d6e440461eead	indeclinable	reviewed-exact-indeclinable	implemented	synodal:candidate:bd061644eb5215155422a7a7,synodal:candidate:066aa09a4dc61e51592cde4f;Lk.4.29;review:v07:af33e73cde470d38	Reviewer confirmed the source-partition lexical and semantic identity, the independent exact Synodal whole-token witness, and the bounded historical spelling continuity. Only the separately listed exact cells are admitted.
review:review:v07:b02b0084bf7ca28a	english-wiktionary-ocs-kaikki-2026-08-07+ponomar-elizabeth-bible-2026-08-09	review:v07:b02b0084bf7ca28a	съхранити	съхранити	verb	lexical-form	synodal:verb:v07-f655c8a4d4cdebda	ambiguous	reviewed-exact-form-without-paradigm-metadata	evidence-final	synodal:candidate:ee4a43080a5cb7e65ba6494e,synodal:candidate:0435b27d7df06bb6f145f639;Josh.22.5;review:v07:b02b0084bf7ca28a	Reviewer confirmed the source-partition lexical and semantic identity, the independent exact Synodal whole-token witness, and the bounded historical spelling continuity. Only the separately listed exact cells are admitted.
review:review:v07:b0e8bc8730195874	english-wiktionary-ocs-kaikki-2026-08-07+ponomar-elizabeth-bible-2026-08-09	review:v07:b0e8bc8730195874	осьлѧ	осьлѧ	noun	lexical-form	synodal:noun:v07-cdf65297cb28e593	ambiguous	reviewed-exact-form-without-paradigm-metadata	evidence-final	synodal:candidate:c549f65a0c76c6f3ce34acc2,synodal:candidate:09943b8296303583d341096b;Ex.23.5;review:v07:b0e8bc8730195874	Reviewer confirmed the source-partition lexical and semantic identity, the independent exact Synodal whole-token witness, and the bounded historical spelling continuity. Only the separately listed exact cells are admitted.
review:review:v07:b122ab311df97430	english-wiktionary-ocs-kaikki-2026-08-07+ponomar-elizabeth-bible-2026-08-09	review:v07:b122ab311df97430	лоуна	лоуна	noun	lexical-form	synodal:noun:v07-d8b3fe13b49728cb	ambiguous	reviewed-exact-form-without-paradigm-metadata	evidence-final	synodal:candidate:cd592d8db86eec90a9f492bd,synodal:candidate:013da886a4bef19ce3848f75;Sirach.43.6;review:v07:b122ab311df97430	Reviewer confirmed the source-partition lexical and semantic identity, the independent exact Synodal whole-token witness, and the bounded historical spelling continuity. Only the separately listed exact cells are admitted.
review:review:v07:b2cc666cdd91a798	english-wiktionary-ocs-kaikki-2026-08-07+ponomar-elizabeth-bible-2026-08-09	review:v07:b2cc666cdd91a798	ѡчищенїе	ѡчищенїе	noun	lexical-form	synodal:noun:v07-4c67d910aa3e91d1	ambiguous	reviewed-exact-form-without-paradigm-metadata	evidence-final	synodal:candidate:60e6e7108683c80c2db2d490,synodal:candidate:1e486f45b4c6e6e3e4bdaa42;Heb.1.3;review:v07:b2cc666cdd91a798	Reviewer confirmed the source-partition lexical and semantic identity, the independent exact Synodal whole-token witness, and the bounded historical spelling continuity. Only the separately listed exact cells are admitted.
review:review:v07:b40661514e944503	english-wiktionary-ocs-kaikki-2026-08-07+ponomar-elizabeth-bible-2026-08-09	review:v07:b40661514e944503	мѫка	мѫка	noun	lexical-form	synodal:noun:v07-9ea6a4ba8d5ac5c0	ambiguous	reviewed-exact-form-without-paradigm-metadata	evidence-final	synodal:candidate:1bd01b290ab9ef638ed5c4ed,synodal:candidate:06c7f7a2e9c0e02d773ddd7e;Ezek.3.20;review:v07:b40661514e944503	Reviewer confirmed the source-partition lexical and semantic identity, the independent exact Synodal whole-token witness, and the bounded historical spelling continuity. Only the separately listed exact cells are admitted.
review:review:v07:b584c14fd214cf57	english-wiktionary-ocs-kaikki-2026-08-07+ponomar-elizabeth-bible-2026-08-09	review:v07:b584c14fd214cf57	коньчина	коньчина	noun	lexical-form	synodal:noun:v07-f88ffaaa1f16a260	ambiguous	reviewed-exact-form-without-paradigm-metadata	evidence-final	synodal:candidate:45928e726a2eb9087ab43830,synodal:candidate:1fff255323e959339890e74a;Mt.24.14;review:v07:b584c14fd214cf57	Reviewer confirmed the source-partition lexical and semantic identity, the independent exact Synodal whole-token witness, and the bounded historical spelling continuity. Only the separately listed exact cells are admitted.
review:review:v07:b632bae0cc7be4c5	dyachenko-1900-scan+ponomar-elizabeth-bible-2026-08-09	review:v07:b632bae0cc7be4c5	заповѣдати	заповѣдати	verb	lexical-form	synodal:verb:v07-ad8f1f6d34bb8a80	ambiguous	reviewed-exact-form-without-paradigm-metadata	evidence-final	synodal:candidate:861b5c2b0771755107cf638d,synodal:candidate:41a62813dea8ac1af0603b3f;Ex.5.6;review:v07:b632bae0cc7be4c5	Reviewer confirmed the source-partition lexical and semantic identity, the independent exact Synodal whole-token witness, and the bounded historical spelling continuity. Only the separately listed exact cells are admitted.
review:review:v07:b9fc5ced26fbdf78	english-wiktionary-ocs-kaikki-2026-08-07+ponomar-elizabeth-bible-2026-08-09	review:v07:b9fc5ced26fbdf78	врьхъ	врьхъ	noun	lexical-form	synodal:noun:v07-aeac24ce63059b0a	ambiguous	reviewed-exact-form-without-paradigm-metadata	evidence-final	synodal:candidate:62bffcf754749c73c7878264,synodal:candidate:0489ec3a79dfeb48fc60613b;Gen.28.18;review:v07:b9fc5ced26fbdf78	Reviewer confirmed the source-partition lexical and semantic identity, the independent exact Synodal whole-token witness, and the bounded historical spelling continuity. Only the separately listed exact cells are admitted.
review:review:v07:bc29990a06683790	english-wiktionary-ocs-kaikki-2026-08-07+ponomar-elizabeth-bible-2026-08-09	review:v07:bc29990a06683790	съвѣдѣтельство	съвѣдѣтельство	noun	lexical-form	synodal:noun:v07-deecc05399a68453	ambiguous	reviewed-exact-form-without-paradigm-metadata	evidence-final	synodal:candidate:ce0216fe6bee85fe09f231af,synodal:candidate:01d8470ab45bdf4e80dedef9;Jn.3.33;review:v07:bc29990a06683790	Reviewer confirmed the source-partition lexical and semantic identity, the independent exact Synodal whole-token witness, and the bounded historical spelling continuity. Only the separately listed exact cells are admitted.
review:review:v07:bf2f18f531b30939	english-wiktionary-ocs-kaikki-2026-08-07+ponomar-elizabeth-bible-2026-08-09	review:v07:bf2f18f531b30939	злато	злато	noun	lexical-form	synodal:noun:v07-a615c3c82bac7f9b	ambiguous	reviewed-exact-form-without-paradigm-metadata	evidence-final	synodal:candidate:8eea7e2c73e4850cbe96b1e3,synodal:candidate:3a051fac497bca05d448eee7;Jas.5.3;review:v07:bf2f18f531b30939	Reviewer confirmed the source-partition lexical and semantic identity, the independent exact Synodal whole-token witness, and the bounded historical spelling continuity. Only the separately listed exact cells are admitted.
review:review:v07:c29c43070a688651	english-wiktionary-ocs-kaikki-2026-08-07+ponomar-elizabeth-bible-2026-08-09	review:v07:c29c43070a688651	коза	коза	noun	lexical-form	synodal:noun:v07-c1cd93a4f1e61aa0	ambiguous	reviewed-exact-form-without-paradigm-metadata	evidence-final	synodal:candidate:37db2dd843e489677b92531b,synodal:candidate:0ce0d6cb3901960efde390db;Num.7.46;review:v07:c29c43070a688651	Reviewer confirmed the source-partition lexical and semantic identity, the independent exact Synodal whole-token witness, and the bounded historical spelling continuity. Only the separately listed exact cells are admitted.
review:review:v07:c66092b5ca9c213f	english-wiktionary-ocs-kaikki-2026-08-07+ponomar-elizabeth-bible-2026-08-09	review:v07:c66092b5ca9c213f	ниць	ниць	adjective	lexical-form	synodal:adjective:v07-5512f813a6466474	ambiguous	reviewed-exact-form-without-paradigm-metadata	evidence-final	synodal:candidate:253452bfe7162fd053656d2e,synodal:candidate:21a2b9455a6b210577571e45;Ezek.2.1;review:v07:c66092b5ca9c213f	Reviewer confirmed the source-partition lexical and semantic identity, the independent exact Synodal whole-token witness, and the bounded historical spelling continuity. Only the separately listed exact cells are admitted.
review:review:v07:c698c96a2f4cf37c	english-wiktionary-ocs-kaikki-2026-08-07+ponomar-elizabeth-bible-2026-08-09	review:v07:c698c96a2f4cf37c	дльгота	дльгота	noun	lexical-form	synodal:noun:v07-87de0e6dd66c2f80	ambiguous	reviewed-exact-form-without-paradigm-metadata	evidence-final	synodal:candidate:b828b2b4ad639fcf8beec74c,synodal:candidate:7bafee65e53b29d3fb6f6b97;Ex.26.2;review:v07:c698c96a2f4cf37c	Reviewer confirmed the source-partition lexical and semantic identity, the independent exact Synodal whole-token witness, and the bounded historical spelling continuity. Only the separately listed exact cells are admitted.
review:review:v07:c8fa0b93c6197e40	english-wiktionary-ocs-kaikki-2026-08-07+ponomar-elizabeth-bible-2026-08-09	review:v07:c8fa0b93c6197e40	стлъпъ	стлъпъ	noun	lexical-form	synodal:noun:v07-79d1fda682c8fca2	ambiguous	reviewed-exact-form-without-paradigm-metadata	evidence-final	synodal:candidate:198e052c7e181e4fb8dc1636,synodal:candidate:040148e72a208579d2591f03;Jerem.43.13;review:v07:c8fa0b93c6197e40	Reviewer confirmed the source-partition lexical and semantic identity, the independent exact Synodal whole-token witness, and the bounded historical spelling continuity. Only the separately listed exact cells are admitted.
review:review:v07:c9c36e0abfe561c0	english-wiktionary-ocs-kaikki-2026-08-07+ponomar-elizabeth-bible-2026-08-09	review:v07:c9c36e0abfe561c0	господине	господине	noun	lexical-form	rejected:review:v07:c9c36e0abfe561c0	out-of-scope	reviewed-rejection	not-applicable	synodal:candidate:2dbfb4f100c7dfc1d8f32d4d,synodal:candidate:0a64562b7a9978224fb72463;Judith.11.17;review:v07:c9c36e0abfe561c0	Corrective identity review found господине is the vocative singular of the existing господинъ lexeme, not an independent lexical identity.
review:review:v07:cad370f9ab67cc54	english-wiktionary-ocs-kaikki-2026-08-07+ponomar-elizabeth-bible-2026-08-09	review:v07:cad370f9ab67cc54	боурꙗ	боурꙗ	noun	lexical-form	synodal:noun:v07-c21310e0a10b8651	ambiguous	reviewed-exact-form-without-paradigm-metadata	evidence-final	synodal:candidate:fd26d760be8b7b14dfbb0e29,synodal:candidate:1e8181019bf464d06a37619e;Isa.66.15;review:v07:cad370f9ab67cc54	Reviewer confirmed the source-partition lexical and semantic identity, the independent exact Synodal whole-token witness, and the bounded historical spelling continuity. Only the separately listed exact cells are admitted.
review:review:v07:cb96d4fecd7709dc	english-wiktionary-ocs-kaikki-2026-08-07+ponomar-elizabeth-bible-2026-08-09	review:v07:cb96d4fecd7709dc	помѧнѫти	помѧнѫти	verb	lexical-form	synodal:verb:v07-b2353faaea08f340	ambiguous	reviewed-exact-form-without-paradigm-metadata	evidence-final	synodal:candidate:7eab9fbd204bd41465fb2649,synodal:candidate:47b2913eee8e9ed828a60174;Nehem.5.19;review:v07:cb96d4fecd7709dc	Reviewer confirmed the source-partition lexical and semantic identity, the independent exact Synodal whole-token witness, and the bounded historical spelling continuity. Only the separately listed exact cells are admitted.
review:review:v07:cb9c7a9876a1b71f	english-wiktionary-ocs-kaikki-2026-08-07+ponomar-elizabeth-bible-2026-08-09	review:v07:cb9c7a9876a1b71f	хлъмъ	хлъмъ	noun	lexical-form	synodal:noun:v07-06737f6f4283c5ac	ambiguous	reviewed-exact-form-without-paradigm-metadata	evidence-final	synodal:candidate:71b387c59dc4e4ba143762a1,synodal:candidate:054ec1a8d3bed44fcd8fbdee;Gen.31.46;review:v07:cb9c7a9876a1b71f	Reviewer confirmed the source-partition lexical and semantic identity, the independent exact Synodal whole-token witness, and the bounded historical spelling continuity. Only the separately listed exact cells are admitted.
review:review:v07:cc5adb9e1107791a	english-wiktionary-ocs-kaikki-2026-08-07+ponomar-elizabeth-bible-2026-08-09	review:v07:cc5adb9e1107791a	каѧ	каѧ	pronoun	lexical-form	synodal:pronoun:v07-38d66fc2f344c397	ambiguous	reviewed-exact-form-without-paradigm-metadata	evidence-final	synodal:candidate:4ccd35a635c6c0d1e37d752b,synodal:candidate:21b398b2986c8d0e0fe267bb;Jas.2.14;review:v07:cc5adb9e1107791a	Reviewer confirmed the source-partition lexical and semantic identity, the independent exact Synodal whole-token witness, and the bounded historical spelling continuity. Only the separately listed exact cells are admitted.
review:review:v07:cc77e2d46722b267	english-wiktionary-ocs-kaikki-2026-08-07+ponomar-elizabeth-bible-2026-08-09	review:v07:cc77e2d46722b267	стрѣщи	стрѣщи	verb	lexical-form	synodal:verb:v07-c0328a5d7bb7db3c	ambiguous	reviewed-exact-form-without-paradigm-metadata	evidence-final	synodal:candidate:7f992b51785152d30808d7ff,synodal:candidate:026cf78829fc4e133bcac710;Ezek.44.14;review:v07:cc77e2d46722b267	Reviewer confirmed the source-partition lexical and semantic identity, the independent exact Synodal whole-token witness, and the bounded historical spelling continuity. Only the separately listed exact cells are admitted.
review:review:v07:d3a2673ab589c00b	english-wiktionary-ocs-kaikki-2026-08-07+ponomar-elizabeth-bible-2026-08-09	review:v07:d3a2673ab589c00b	вождь	вождь	noun	lexical-form	synodal:noun:v07-513e598404690573	ambiguous	reviewed-exact-form-without-paradigm-metadata	evidence-final	synodal:candidate:4db2455c1f3f6057d3dd898b,synodal:candidate:060c9c4710cf4011abaef523;I_Paral.9.20;review:v07:d3a2673ab589c00b	Reviewer confirmed the source-partition lexical and semantic identity, the independent exact Synodal whole-token witness, and the bounded historical spelling continuity. Only the separately listed exact cells are admitted.
review:review:v07:d3fa12dab66fc170	dyachenko-1900-scan+ponomar-elizabeth-bible-2026-08-09	review:v07:d3fa12dab66fc170	сѫдъ	сѫдъ	noun	lexical-form	synodal:noun:v07-32044160fc699252	ambiguous	reviewed-exact-form-without-paradigm-metadata	evidence-final	synodal:candidate:db51cf31129cccf78535fd0c,synodal:candidate:a615abf285ba08b12445886c;Job.34.4;review:v07:d3fa12dab66fc170	Reviewer confirmed the source-partition lexical and semantic identity, the independent exact Synodal whole-token witness, and the bounded historical spelling continuity. Only the separately listed exact cells are admitted.
review:review:v07:d7f203b91ee7c8a6	english-wiktionary-ocs-kaikki-2026-08-07+ponomar-elizabeth-bible-2026-08-09	review:v07:d7f203b91ee7c8a6	ꙗрьмъ	ꙗрьмъ	noun	lexical-form	synodal:noun:v07-f967f6f493c0b446	ambiguous	reviewed-exact-form-without-paradigm-metadata	evidence-final	synodal:candidate:b908cf7a58d1d0216a53a020,synodal:candidate:0ad2f00c8d3902c989729996;Jerem.28.14;review:v07:d7f203b91ee7c8a6	Reviewer confirmed the source-partition lexical and semantic identity, the independent exact Synodal whole-token witness, and the bounded historical spelling continuity. Only the separately listed exact cells are admitted.
review:review:v07:d842be2f8300dc0a	english-wiktionary-ocs-kaikki-2026-08-07+ponomar-elizabeth-bible-2026-08-09	review:v07:d842be2f8300dc0a	въсхотѣти	въсхотѣти	verb	lexical-form	synodal:verb:v07-b36b642cc22248c0	ambiguous	reviewed-exact-form-without-paradigm-metadata	evidence-final	synodal:candidate:40ea0fb6f90de3ce2c691ae4,synodal:candidate:00b9e61dc517654effbc6416;I_Paral.10.4;review:v07:d842be2f8300dc0a	Reviewer confirmed the source-partition lexical and semantic identity, the independent exact Synodal whole-token witness, and the bounded historical spelling continuity. Only the separately listed exact cells are admitted.
review:review:v07:da9e29e1fc95bd7f	english-wiktionary-ocs-kaikki-2026-08-07+ponomar-elizabeth-bible-2026-08-09	review:v07:da9e29e1fc95bd7f	лицемѣръ	лицемѣръ	noun	lexical-form	synodal:noun:v07-6cab63b281c7dae6	ambiguous	reviewed-exact-form-without-paradigm-metadata	evidence-final	synodal:candidate:a13c85e10288528507a3eb34,synodal:candidate:169a31b2eda51c18a703c202;Mt.16.3;review:v07:da9e29e1fc95bd7f	Reviewer confirmed the source-partition lexical and semantic identity, the independent exact Synodal whole-token witness, and the bounded historical spelling continuity. Only the separately listed exact cells are admitted.
review:review:v07:dd66e40b8e95005f	english-wiktionary-ocs-kaikki-2026-08-07+ponomar-elizabeth-bible-2026-08-09	review:v07:dd66e40b8e95005f	зълоба	зълоба	noun	lexical-form	synodal:noun:v07-5d84f5e18002f8f8	ambiguous	reviewed-exact-form-without-paradigm-metadata	evidence-final	synodal:candidate:9756eb1dbe52ce38f4dbe78a,synodal:candidate:026065297617acec94bd460a;Zech.8.17;review:v07:dd66e40b8e95005f	Reviewer confirmed the source-partition lexical and semantic identity, the independent exact Synodal whole-token witness, and the bounded historical spelling continuity. Only the separately listed exact cells are admitted.
review:review:v07:dd906d01184e6582	english-wiktionary-ocs-kaikki-2026-08-07+ponomar-elizabeth-bible-2026-08-09	review:v07:dd906d01184e6582	възвратити	възвратити	verb	lexical-form	synodal:verb:v07-ff04037d9da0c605	ambiguous	reviewed-exact-form-without-paradigm-metadata	evidence-final	synodal:candidate:80ca4b391063366a3dc0d8d5,synodal:candidate:7c9dd2224f0b04d361a546bc;Psalm.125.4;review:v07:dd906d01184e6582	Reviewer confirmed the source-partition lexical and semantic identity, the independent exact Synodal whole-token witness, and the bounded historical spelling continuity. Only the separately listed exact cells are admitted.
review:review:v07:deba219d9cbbcc38	english-wiktionary-ocs-kaikki-2026-08-07+ponomar-elizabeth-bible-2026-08-09	review:v07:deba219d9cbbcc38	отъринѫти	отъринѫти	verb	lexical-form	synodal:verb:v07-94eb17f1c8d7e983	ambiguous	reviewed-exact-form-without-paradigm-metadata	evidence-final	synodal:candidate:404c3b09fb74b166d10501af,synodal:candidate:03c6d6a119e800989eedd393;Psalm.77.67;review:v07:deba219d9cbbcc38	Reviewer confirmed the source-partition lexical and semantic identity, the independent exact Synodal whole-token witness, and the bounded historical spelling continuity. Only the separately listed exact cells are admitted.
review:review:v07:df2b5211d6189718	english-wiktionary-ocs-kaikki-2026-08-07+ponomar-elizabeth-bible-2026-08-09	review:v07:df2b5211d6189718	пьрꙗ	пьрꙗ	noun	lexical-form	synodal:noun:v07-6ca2b7a291df61c3	ambiguous	reviewed-exact-form-without-paradigm-metadata	evidence-final	synodal:candidate:d461be17399c19cb0098250b,synodal:candidate:04dbd7a61634a8ab1fc49377;Psalm.73.22;review:v07:df2b5211d6189718	Reviewer confirmed the source-partition lexical and semantic identity, the independent exact Synodal whole-token witness, and the bounded historical spelling continuity. Only the separately listed exact cells are admitted.
review:review:v07:df57572e286f7872	english-wiktionary-ocs-kaikki-2026-08-07+ponomar-elizabeth-bible-2026-08-09	review:v07:df57572e286f7872	дроугъ	дроугъ	noun	lexical-form	synodal:noun:v07-f6c16ec4ae319eed	ambiguous	reviewed-exact-form-without-paradigm-metadata	evidence-final	synodal:candidate:a28bcfea9e6857f53a8037ed,synodal:candidate:163ed7b0caf213cced8b3744;Sirach.6.16;review:v07:df57572e286f7872	Reviewer confirmed the source-partition lexical and semantic identity, the independent exact Synodal whole-token witness, and the bounded historical spelling continuity. Only the separately listed exact cells are admitted.
review:review:v07:df61d79cac188c1a	english-wiktionary-ocs-kaikki-2026-08-07+ponomar-elizabeth-bible-2026-08-09	review:v07:df61d79cac188c1a	вонь	вонь	pronoun	lexical-form	synodal:pronoun:v07-61cdc8112ee912fe	ambiguous	reviewed-exact-form-without-paradigm-metadata	evidence-final	synodal:candidate:27340d780eb2b5abfbed93d9,synodal:candidate:06fedef2d78515f918f17e8b;Jn.13.27;review:v07:df61d79cac188c1a	Reviewer confirmed the source-partition lexical and semantic identity, the independent exact Synodal whole-token witness, and the bounded historical spelling continuity. Only the separately listed exact cells are admitted.
review:review:v07:e10e74b36ccb441f	english-wiktionary-ocs-kaikki-2026-08-07+ponomar-elizabeth-bible-2026-08-09	review:v07:e10e74b36ccb441f	тꙑсѫщи	тꙑсѫщи	noun	lexical-form	synodal:noun:v07-478d442bd0465a8b	ambiguous	reviewed-exact-form-without-paradigm-metadata	evidence-final	synodal:candidate:e1da09ea41b1a27d5451e977,synodal:candidate:00169596892b73093651cfbe;I_Paral.12.34;review:v07:e10e74b36ccb441f	Reviewer confirmed the source-partition lexical and semantic identity, the independent exact Synodal whole-token witness, and the bounded historical spelling continuity. Only the separately listed exact cells are admitted.
review:review:v07:e2b3738c4ff7059a	english-wiktionary-ocs-kaikki-2026-08-07+ponomar-elizabeth-bible-2026-08-09	review:v07:e2b3738c4ff7059a	сърѣсти	сърѣсти	verb	lexical-form	synodal:verb:v07-baa091a396cbb405	ambiguous	reviewed-exact-form-without-paradigm-metadata	evidence-final	synodal:candidate:7a7b3a87de496d4e438599df,synodal:candidate:05de482259490fe9b858bce4;I_Kings.25.20;review:v07:e2b3738c4ff7059a	Reviewer confirmed the source-partition lexical and semantic identity, the independent exact Synodal whole-token witness, and the bounded historical spelling continuity. Only the separately listed exact cells are admitted.
review:review:v07:e5e3747bb7029809	english-wiktionary-ocs-kaikki-2026-08-07+ponomar-elizabeth-bible-2026-08-09	review:v07:e5e3747bb7029809	прѣльстити	прѣльстити	verb	lexical-form	synodal:verb:v07-f01cf74bc22dda8b	ambiguous	reviewed-exact-form-without-paradigm-metadata	evidence-final	synodal:candidate:da0bae05e2320255339fce87,synodal:candidate:302be7a2b88332c365cd9033;Dan.13.56;review:v07:e5e3747bb7029809	Reviewer confirmed the source-partition lexical and semantic identity, the independent exact Synodal whole-token witness, and the bounded historical spelling continuity. Only the separately listed exact cells are admitted.
review:review:v07:e6b3f08591333478	english-wiktionary-ocs-kaikki-2026-08-07+ponomar-elizabeth-bible-2026-08-09	review:v07:e6b3f08591333478	величьство	величьство	noun	lexical-form	synodal:noun:v07-65be60d4d26af10f	ambiguous	reviewed-exact-form-without-paradigm-metadata	evidence-final	synodal:candidate:c2b19133673ac88b209c9f5f,synodal:candidate:0eaa5aa4757dd285f3aedad6;II_Esdra.4.46;review:v07:e6b3f08591333478	Reviewer confirmed the source-partition lexical and semantic identity, the independent exact Synodal whole-token witness, and the bounded historical spelling continuity. Only the separately listed exact cells are admitted.
review:review:v07:e84a40af8f0a48b8	english-wiktionary-ocs-kaikki-2026-08-07+ponomar-elizabeth-bible-2026-08-09	review:v07:e84a40af8f0a48b8	лѫкъ	лѫкъ	noun	lexical-form	synodal:noun:v07-6dd9144981954c80	ambiguous	reviewed-exact-form-without-paradigm-metadata	evidence-final	synodal:candidate:bbb82114698bdf4a33db913d,synodal:candidate:0060991481371cf24f3aa914;Jerem.50.29;review:v07:e84a40af8f0a48b8	Reviewer confirmed the source-partition lexical and semantic identity, the independent exact Synodal whole-token witness, and the bounded historical spelling continuity. Only the separately listed exact cells are admitted.
review:review:v07:eaa0eeb14158a453	dyachenko-1900-scan+ponomar-elizabeth-bible-2026-08-09	review:v07:eaa0eeb14158a453	кънязь	кънязь	noun	lexical-form	synodal:noun:v07-345d6105fdd39fce	ambiguous	reviewed-exact-form-without-paradigm-metadata	evidence-final	synodal:candidate:775fb08bdeb0b8a5daa1dc08,synodal:candidate:0377a789b96918c54a1879db;Zeph.3.3;review:v07:eaa0eeb14158a453	Reviewer confirmed the source-partition lexical and semantic identity, the independent exact Synodal whole-token witness, and the bounded historical spelling continuity. Only the separately listed exact cells are admitted.
review:review:v07:eb5acc9fdbf580f4	english-wiktionary-ocs-kaikki-2026-08-07+ponomar-elizabeth-bible-2026-08-09	review:v07:eb5acc9fdbf580f4	прострѣти	прострѣти	verb	lexical-form	synodal:verb:v07-a3edec94042e18a0	ambiguous	reviewed-exact-form-without-paradigm-metadata	evidence-final	synodal:candidate:ecf4675566022a5eaa28153d,synodal:candidate:28c64258f3c218993f014b3e;Ex.14.27;review:v07:eb5acc9fdbf580f4	Reviewer confirmed the source-partition lexical and semantic identity, the independent exact Synodal whole-token witness, and the bounded historical spelling continuity. Only the separately listed exact cells are admitted.
review:review:v07:ecb64330e23801da	english-wiktionary-ocs-kaikki-2026-08-07+ponomar-elizabeth-bible-2026-08-09	review:v07:ecb64330e23801da	праздьникъ	праздьникъ	noun	lexical-form	synodal:noun:v07-b91b1085819b6174	ambiguous	reviewed-exact-form-without-paradigm-metadata	evidence-final	synodal:candidate:34d39e8a30a76b0e5301ff49,synodal:candidate:01f8391a3260eb4051fe0239;II_Paral.8.13;review:v07:ecb64330e23801da	Reviewer confirmed the source-partition lexical and semantic identity, the independent exact Synodal whole-token witness, and the bounded historical spelling continuity. Only the separately listed exact cells are admitted.
review:review:v07:ee230fbb141ffc89	english-wiktionary-ocs-kaikki-2026-08-07+ponomar-elizabeth-bible-2026-08-09	review:v07:ee230fbb141ffc89	сѫдити	сѫдити	verb	lexical-form	synodal:verb:v07-f1ef0c305d451c29	ambiguous	reviewed-exact-form-without-paradigm-metadata	evidence-final	synodal:candidate:1f03c2dc220b7c28a9fdc2f1,synodal:candidate:823c10a1db16ddd75fab05ba;Psalm.34.24;review:v07:ee230fbb141ffc89	Reviewer confirmed the source-partition lexical and semantic identity, the independent exact Synodal whole-token witness, and the bounded historical spelling continuity. Only the separately listed exact cells are admitted.
review:review:v07:ee549afbb85aaa94	english-wiktionary-ocs-kaikki-2026-08-07+ponomar-elizabeth-bible-2026-08-09	review:v07:ee549afbb85aaa94	каменьѥ	каменьѥ	noun	lexical-form	synodal:noun:v07-78c519e44bf484bd	ambiguous	reviewed-exact-form-without-paradigm-metadata	evidence-final	synodal:candidate:8f11edf80d79879d6669431d,synodal:candidate:054ec1a8d3bed44fcd8fbdee;Gen.31.46;review:v07:ee549afbb85aaa94	Reviewer confirmed the source-partition lexical and semantic identity, the independent exact Synodal whole-token witness, and the bounded historical spelling continuity. Only the separately listed exact cells are admitted.
review:review:v07:ee58d95761418f4d	english-wiktionary-ocs-kaikki-2026-08-07+ponomar-elizabeth-bible-2026-08-09	review:v07:ee58d95761418f4d	прочисти	прочисти	verb	lexical-form	synodal:verb:v07-0e80f4b8081a0813	ambiguous	reviewed-exact-form-without-paradigm-metadata	evidence-final	synodal:candidate:714b249b1506f18491067076,synodal:candidate:1a09fd47ab3bc8ba85f4902a;IV_Kings.22.10;review:v07:ee58d95761418f4d	Reviewer confirmed the source-partition lexical and semantic identity, the independent exact Synodal whole-token witness, and the bounded historical spelling continuity. Only the separately listed exact cells are admitted.
review:review:v07:eed89c07fb089e24	english-wiktionary-ocs-kaikki-2026-08-07+ponomar-elizabeth-bible-2026-08-09	review:v07:eed89c07fb089e24	коуплꙗ	коуплꙗ	noun	lexical-form	synodal:noun:v07-f68f6c9084bce520	ambiguous	reviewed-exact-form-without-paradigm-metadata	evidence-final	synodal:candidate:7e73dcffd3a14847e202198d,synodal:candidate:03e18b7ef4c866969b44dd53;III_Esdra.16.48;review:v07:eed89c07fb089e24	Reviewer confirmed the source-partition lexical and semantic identity, the independent exact Synodal whole-token witness, and the bounded historical spelling continuity. Only the separately listed exact cells are admitted.
review:review:v07:efa62905a23a1cc8	english-wiktionary-ocs-kaikki-2026-08-07+ponomar-elizabeth-bible-2026-08-09	review:v07:efa62905a23a1cc8	работа	работа	noun	lexical-form	synodal:noun:v07-6c9ec0247d8bcbdf	ambiguous	reviewed-exact-form-without-paradigm-metadata	evidence-final	synodal:candidate:2a1a322a0eb41be5d399b68b,synodal:candidate:039d17e0bcf5c1f8d57a8ae7;Jerem.34.13;review:v07:efa62905a23a1cc8	Reviewer confirmed the source-partition lexical and semantic identity, the independent exact Synodal whole-token witness, and the bounded historical spelling continuity. Only the separately listed exact cells are admitted.
review:review:v07:f01d302f7bd91a58	english-wiktionary-ocs-kaikki-2026-08-07+ponomar-elizabeth-bible-2026-08-09	review:v07:f01d302f7bd91a58	црькꙑ	црькꙑ	noun	lexical-form	synodal:noun:v07-15ca6aa83f100698	ambiguous	reviewed-exact-form-without-paradigm-metadata	evidence-final	synodal:candidate:272cd7ff85043eb2e9df12bf,synodal:candidate:0a97bd4eaa9d020c5ab61a38;I_Esdra.4.1;review:v07:f01d302f7bd91a58	Reviewer confirmed the source-partition lexical and semantic identity, the independent exact Synodal whole-token witness, and the bounded historical spelling continuity. Only the separately listed exact cells are admitted.
review:review:v07:f1cf79063442066f	english-wiktionary-ocs-kaikki-2026-08-07+ponomar-elizabeth-bible-2026-08-09	review:v07:f1cf79063442066f	прѣити	прѣити	verb	lexical-form	synodal:verb:v07-b2d91a0914be324d	ambiguous	reviewed-exact-form-without-paradigm-metadata	evidence-final	synodal:candidate:7c660a5460d40059d37c3dc3,synodal:candidate:01fa4a98749607766794205d;III_Esdra.12.2;review:v07:f1cf79063442066f	Reviewer confirmed the source-partition lexical and semantic identity, the independent exact Synodal whole-token witness, and the bounded historical spelling continuity. Only the separately listed exact cells are admitted.
review:review:v07:f2465671f4dd578d	english-wiktionary-ocs-kaikki-2026-08-07+ponomar-elizabeth-bible-2026-08-09	review:v07:f2465671f4dd578d	забꙑти	забꙑти	verb	lexical-form	synodal:verb:v07-6fb4b87f3e230e11	ambiguous	reviewed-exact-form-without-paradigm-metadata	evidence-final	synodal:candidate:01ba4752c0a5b9b6b560db5f,synodal:candidate:0794f5ffc43eb6c727d8d813;Jerem.18.15;review:v07:f2465671f4dd578d	Reviewer confirmed the source-partition lexical and semantic identity, the independent exact Synodal whole-token witness, and the bounded historical spelling continuity. Only the separately listed exact cells are admitted.
review:review:v07:f2e8cebc4cee24e2	english-wiktionary-ocs-kaikki-2026-08-07+ponomar-elizabeth-bible-2026-08-09	review:v07:f2e8cebc4cee24e2	ѩти	ѩти	verb	lexical-form	synodal:verb:v07-dfd4c05f8eb21d17	ambiguous	reviewed-exact-form-without-paradigm-metadata	evidence-final	synodal:candidate:56d3911fdbaf5eaf204f196c,synodal:candidate:066cca831fa534fbd95951a8;Jerem.6.11;review:v07:f2e8cebc4cee24e2	Corrective contextual review moved lexical-form support to the independent infinitive witness ꙗ҆́ти at Jerem.6.11; Apoc.19.20 ꙗ҆́тъ supports a passive participle identity but not the previously asserted aorist cell.
review:review:v07:f4c282cecf432353	english-wiktionary-ocs-kaikki-2026-08-07+ponomar-elizabeth-bible-2026-08-09	review:v07:f4c282cecf432353	мѫдрость	мѫдрость	noun	lexical-form	synodal:noun:v07-09072ac82b797b2b	ambiguous	reviewed-exact-form-without-paradigm-metadata	evidence-final	synodal:candidate:7233bdbd0a44f57a0c64bfac,synodal:candidate:05beb92f24d4953737265582;Eccles.10.10;review:v07:f4c282cecf432353	Reviewer confirmed the source-partition lexical and semantic identity, the independent exact Synodal whole-token witness, and the bounded historical spelling continuity. Only the separately listed exact cells are admitted.
review:review:v07:f58818ec17871fc7	english-wiktionary-ocs-kaikki-2026-08-07+wikisource-church-slavonic-bible-2026-08-09	review:v07:f58818ec17871fc7	оутро	оутро	noun	lexical-form	synodal:noun:v07-c2d7f7cbabd89e59	ambiguous	reviewed-exact-form-without-paradigm-metadata	evidence-final	synodal:candidate:f0458659276ba041384560d7,synodal:candidate:09bcbb35d7919c08ebc54764;Nehem.8.3;review:v07:f58818ec17871fc7	Reviewer confirmed the source-partition lexical and semantic identity, the independent exact Synodal whole-token witness, and the bounded historical spelling continuity. Only the separately listed exact cells are admitted.
review:review:v07:f69b4b32c04f044b	english-wiktionary-ocs-kaikki-2026-08-07+ponomar-elizabeth-bible-2026-08-09	review:v07:f69b4b32c04f044b	опрѣснъкъ	опрѣснъкъ	noun	lexical-form	synodal:noun:v07-2c68091f0a79b3b2	ambiguous	reviewed-exact-form-without-paradigm-metadata	evidence-final	synodal:candidate:20fdefdd85fe8468d2d10311,synodal:candidate:1bf9872a94b251dddf80b90e;II_Esdra.1.10;review:v07:f69b4b32c04f044b	Reviewer confirmed the source-partition lexical and semantic identity, the independent exact Synodal whole-token witness, and the bounded historical spelling continuity. Only the separately listed exact cells are admitted.
review:review:v07:fa09d353d421baef	english-wiktionary-ocs-kaikki-2026-08-07+ponomar-elizabeth-bible-2026-08-09	review:v07:fa09d353d421baef	съмрьть	съмрьть	noun	lexical-form	synodal:noun:v07-dc1fad6a14b44ac1	ambiguous	reviewed-exact-form-without-paradigm-metadata	evidence-final	synodal:candidate:564b4a5cfd99b343cd273ebf,synodal:candidate:00c4708347d0b0eea750ebf9;Acts.25.11;review:v07:fa09d353d421baef	Reviewer confirmed the source-partition lexical and semantic identity, the independent exact Synodal whole-token witness, and the bounded historical spelling continuity. Only the separately listed exact cells are admitted.
review:review:v07:fb1ba47f99a82661	english-wiktionary-ocs-kaikki-2026-08-07+ponomar-elizabeth-bible-2026-08-09	review:v07:fb1ba47f99a82661	въпросити	въпросити	verb	lexical-form	synodal:verb:v07-b54cd915d3b0db0c	ambiguous	reviewed-exact-form-without-paradigm-metadata	evidence-final	synodal:candidate:19a940868235173ca377a452,synodal:candidate:5ecd4732c2b2ab74b3509743;Job.8.8;review:v07:fb1ba47f99a82661	Reviewer confirmed the source-partition lexical and semantic identity, the independent exact Synodal whole-token witness, and the bounded historical spelling continuity. Only the separately listed exact cells are admitted.
review:review:v07:fb603fa10d672fdb	english-wiktionary-ocs-kaikki-2026-08-07+ponomar-elizabeth-bible-2026-08-09	review:v07:fb603fa10d672fdb	мꙑсль	мꙑсль	noun	lexical-form	synodal:noun:v07-b1224fb84749a272	ambiguous	reviewed-exact-form-without-paradigm-metadata	evidence-final	synodal:candidate:5c3a4df367af8d85e3f040c1,synodal:candidate:224d99f674acdc6296ef5ec8;I_Cor.1.10;review:v07:fb603fa10d672fdb	Reviewer confirmed the source-partition lexical and semantic identity, the independent exact Synodal whole-token witness, and the bounded historical spelling continuity. Only the separately listed exact cells are admitted.
review:review:v07:fd8e90f5487cdd7c	english-wiktionary-ocs-kaikki-2026-08-07+ponomar-elizabeth-bible-2026-08-09	review:v07:fd8e90f5487cdd7c	потомь	потомь	adverb	indeclinable	synodal:adverb:v07-9534baf855dbc644	indeclinable	reviewed-exact-indeclinable	implemented	synodal:candidate:5b3e3d644cd5fb00a89f874b,synodal:candidate:00b4508c93c2ac4707b83363;Job.11.6;review:v07:fd8e90f5487cdd7c	Reviewer confirmed the source-partition lexical and semantic identity, the independent exact Synodal whole-token witness, and the bounded historical spelling continuity. Only the separately listed exact cells are admitted.
review:review:v07:fe9bc85e7f55bbbb	dyachenko-1900-scan+ponomar-elizabeth-bible-2026-08-09	review:v07:fe9bc85e7f55bbbb	призъвати	призъвати	verb	lexical-form	synodal:verb:v07-e487099b882161bc	ambiguous	reviewed-exact-form-without-paradigm-metadata	evidence-final	synodal:candidate:bcb37d14b91d36996ca181f8,synodal:candidate:cbba6a0f7cbc4e4cbd9e70d2;Baruch.3.35;review:v07:fe9bc85e7f55bbbb	Reviewer confirmed the source-partition lexical and semantic identity, the independent exact Synodal whole-token witness, and the bounded historical spelling continuity. Only the separately listed exact cells are admitted.
review:review:v07:ff4cbaad64d510c0	english-wiktionary-ocs-kaikki-2026-08-07+ponomar-elizabeth-bible-2026-08-09	review:v07:ff4cbaad64d510c0	тврьдь	тврьдь	noun	lexical-form	synodal:noun:v07-18aadd55ae58acdd	ambiguous	reviewed-exact-form-without-paradigm-metadata	evidence-final	synodal:candidate:2e2dd6d88b94067c56fd3bbf,synodal:candidate:0ede7a55a7df21f49d19751d;Deut.33.26;review:v07:ff4cbaad64d510c0	Reviewer confirmed the source-partition lexical and semantic identity, the independent exact Synodal whole-token witness, and the bounded historical spelling continuity. Only the separately listed exact cells are admitted.
seed:synodal:adjective:blagoslovenn	alypy-gamanovich-grammar-web-2023	synodal:adjective:blagoslovenn	благословенъ	благословенъ	adjective	hard-short	synodal:adjective:blagoslovenn	productive	typed-adjective-specification	implemented	alypy-gamanovich-grammar-web-2023	Curated seed identity has a typed productive class or explicit indeclinable specification; exact evidence remains higher priority.
seed:synodal:adjective:blazhenn	alypy-gamanovich-grammar-web-2023	synodal:adjective:blazhenn	блаженъ	блаженъ	adjective	hard-short	synodal:adjective:blazhenn	productive	typed-adjective-specification	implemented	alypy-gamanovich-grammar-web-2023	Curated seed identity has a typed productive class or explicit indeclinable specification; exact evidence remains higher priority.
seed:synodal:adjective:bozhestvenn	alypy-gamanovich-grammar-web-2023	synodal:adjective:bozhestvenn	божественный	божественный	adjective	hard-short	synodal:adjective:bozhestvenn	productive	typed-adjective-specification	implemented	alypy-gamanovich-grammar-web-2023	Curated seed identity has a typed productive class or explicit indeclinable specification; exact evidence remains higher priority.
seed:synodal:adjective:bozhii	alypy-gamanovich-grammar-web-2023	synodal:adjective:bozhii	божїй	божїй	adjective	possessive-ii	synodal:adjective:bozhii	productive	typed-adjective-specification	implemented	alypy-gamanovich-grammar-web-2023	Curated seed identity has a typed productive class or explicit indeclinable specification; exact evidence remains higher priority.
seed:synodal:adjective:chestn	alypy-gamanovich-grammar-web-2023	synodal:adjective:chestn	честный	честный	adjective	hard-short	synodal:adjective:chestn	productive	typed-adjective-specification	implemented	alypy-gamanovich-grammar-web-2023	Curated seed identity has a typed productive class or explicit indeclinable specification; exact evidence remains higher priority.
seed:synodal:adjective:chist	alypy-gamanovich-grammar-web-2023	synodal:adjective:chist	чистый	чистый	adjective	hard-short	synodal:adjective:chist	productive	typed-adjective-specification	implemented	alypy-gamanovich-grammar-web-2023	Curated seed identity has a typed productive class or explicit indeclinable specification; exact evidence remains higher priority.
seed:synodal:adjective:gospoden	alypy-gamanovich-grammar-web-2023	synodal:adjective:gospoden	господень	господень	adjective	possessive-soft-short	synodal:adjective:gospoden	productive	typed-adjective-specification	implemented	alypy-gamanovich-grammar-web-2023	Curated seed identity has a typed productive class or explicit indeclinable specification; exact evidence remains higher priority.
seed:synodal:adjective:greshn	alypy-gamanovich-grammar-web-2023	synodal:adjective:greshn	грѣшнъ	грѣшнъ	adjective	hard-short	synodal:adjective:greshn	productive	typed-adjective-specification	implemented	alypy-gamanovich-grammar-web-2023	Curated seed identity has a typed productive class or explicit indeclinable specification; exact evidence remains higher priority.
seed:synodal:adjective:mudr	alypy-gamanovich-grammar-web-2023	synodal:adjective:mudr	мꙋдръ	мꙋдръ	adjective	hard-short	synodal:adjective:mudr	productive	typed-adjective-specification	implemented	alypy-gamanovich-grammar-web-2023	Curated seed identity has a typed productive class or explicit indeclinable specification; exact evidence remains higher priority.
seed:synodal:adjective:nebesn	alypy-gamanovich-grammar-web-2023	synodal:adjective:nebesn	небеснъ	небеснъ	adjective	hard-short	synodal:adjective:nebesn	productive	typed-adjective-specification	implemented	alypy-gamanovich-grammar-web-2023	Curated seed identity has a typed productive class or explicit indeclinable specification; exact evidence remains higher priority.
seed:synodal:adjective:pravedn	alypy-gamanovich-grammar-web-2023	synodal:adjective:pravedn	праведнъ	праведнъ	adjective	hard-short	synodal:adjective:pravedn	productive	typed-adjective-specification	implemented	alypy-gamanovich-grammar-web-2023	Curated seed identity has a typed productive class or explicit indeclinable specification; exact evidence remains higher priority.
seed:synodal:adjective:prepodobn	alypy-gamanovich-grammar-web-2023	synodal:adjective:prepodobn	преподобенъ	преподобенъ	adjective	hard-short	synodal:adjective:prepodobn	productive	typed-adjective-specification	implemented	alypy-gamanovich-grammar-web-2023	Curated seed identity has a typed productive class or explicit indeclinable specification; exact evidence remains higher priority.
seed:synodal:adjective:svyat	alypy-gamanovich-grammar-web-2023	synodal:adjective:svyat	свѧтъ	свѧтъ	adjective	hard-short	synodal:adjective:svyat	productive	typed-adjective-specification	implemented	alypy-gamanovich-grammar-web-2023	Curated seed identity has a typed productive class or explicit indeclinable specification; exact evidence remains higher priority.
seed:synodal:adjective:v06-israel	alypy-gamanovich-grammar-web-2023	synodal:adjective:v06-israel	израилевъ	израилевъ	adjective	possessive-hard-short	synodal:adjective:v06-israel	productive	typed-adjective-specification	implemented	alypy-gamanovich-grammar-web-2023	Curated seed identity has a typed productive class or explicit indeclinable specification; exact evidence remains higher priority.
seed:synodal:adjective:vechn	alypy-gamanovich-grammar-web-2023	synodal:adjective:vechn	вѣчнъ	вѣчнъ	adjective	hard-short	synodal:adjective:vechn	productive	typed-adjective-specification	implemented	alypy-gamanovich-grammar-web-2023	Curated seed identity has a typed productive class or explicit indeclinable specification; exact evidence remains higher priority.
seed:synodal:adjective:wikt-a9cef2fd54e7	alypy-gamanovich-grammar-web-2023	synodal:adjective:wikt-a9cef2fd54e7	благъ	благъ	adjective	velar-short	synodal:adjective:wikt-a9cef2fd54e7	productive	typed-adjective-specification	implemented	alypy-gamanovich-grammar-web-2023	Curated seed identity has a typed productive class or explicit indeclinable specification; exact evidence remains higher priority.
seed:synodal:adverb:blagochestno	alypy-gamanovich-grammar-web-2023	synodal:adverb:blagochestno	благочестно	благочестно	adverb	-	synodal:adverb:blagochestno	indeclinable	reviewed-exact-indeclinable	implemented	alypy-3-abbreviation-inventory	The semantic abbreviation family is an invariant adverb and has no inflectional cells beyond its lexical form.
seed:synodal:determiner:sam	alypy-gamanovich-grammar-web-2023	synodal:determiner:sam	самъ	самъ	determiner	determiner-pronominal-hard	synodal:determiner:sam	productive	typed-determiner-specification	implemented	alypy-gamanovich-grammar-web-2023	Curated seed identity has a typed productive class or explicit indeclinable specification; exact evidence remains higher priority.
seed:synodal:determiner:ves	alypy-gamanovich-grammar-web-2023	synodal:determiner:ves	весь	весь	determiner	determiner-ves-mixed	synodal:determiner:ves	productive	typed-determiner-specification	implemented	alypy-gamanovich-grammar-web-2023	Curated seed identity has a typed productive class or explicit indeclinable specification; exact evidence remains higher priority.
seed:synodal:determiner:vsyacheskii	alypy-gamanovich-grammar-web-2023	synodal:determiner:vsyacheskii	всѧческїй	всѧческїй	determiner	determiner-full-sk	synodal:determiner:vsyacheskii	productive	typed-determiner-specification	implemented	alypy-gamanovich-grammar-web-2023	Curated seed identity has a typed productive class or explicit indeclinable specification; exact evidence remains higher priority.
seed:synodal:determiner:vsyak	alypy-gamanovich-grammar-web-2023	synodal:determiner:vsyak	всѧкъ	всѧкъ	determiner	determiner-vsyak-mixed	synodal:determiner:vsyak	productive	typed-determiner-specification	implemented	alypy-gamanovich-grammar-web-2023	Curated seed identity has a typed productive class or explicit indeclinable specification; exact evidence remains higher priority.
seed:synodal:noun:adonai	alypy-gamanovich-grammar-web-2023	synodal:noun:adonai	адѡнаі	адѡнаі	noun	indeclinable	synodal:noun:adonai	indeclinable	typed-indeclinable-specification	implemented	alypy-gamanovich-grammar-web-2023	Curated seed identity has a typed productive class or explicit indeclinable specification; exact evidence remains higher priority.
seed:synodal:noun:apostol	alypy-gamanovich-grammar-web-2023	synodal:noun:apostol	апостолъ	апостолъ	noun	first-hard-m	synodal:noun:apostol	productive	typed-noun-specification	implemented	alypy-gamanovich-grammar-web-2023	Curated seed identity has a typed productive class or explicit indeclinable specification; exact evidence remains higher priority.
seed:synodal:noun:bog	alypy-gamanovich-grammar-web-2023	synodal:noun:bog	богъ	богъ	noun	first-hard-m	synodal:noun:bog	productive	typed-noun-specification	implemented	alypy-gamanovich-grammar-web-2023	Curated seed identity has a typed productive class or explicit indeclinable specification; exact evidence remains higher priority.
seed:synodal:noun:bogoroditsa	alypy-gamanovich-grammar-web-2023	synodal:noun:bogoroditsa	богородица	богородица	noun	second-mixed	synodal:noun:bogoroditsa	productive	typed-noun-specification	implemented	alypy-gamanovich-grammar-web-2023	Curated seed identity has a typed productive class or explicit indeclinable specification; exact evidence remains higher priority.
seed:synodal:noun:brethren-collective	alypy-gamanovich-grammar-web-2023	synodal:noun:brethren-collective	братїѧ	братїѧ	noun	second-soft	synodal:noun:brethren-collective	productive	typed-noun-specification	implemented	alypy-gamanovich-grammar-web-2023	Curated seed identity has a typed productive class or explicit indeclinable specification; exact evidence remains higher priority.
seed:synodal:noun:brother	alypy-gamanovich-grammar-web-2023	synodal:noun:brother	братъ	братъ	noun	first-hard-m	synodal:noun:brother	productive	typed-noun-specification	implemented	alypy-gamanovich-grammar-web-2023	Curated seed identity has a typed productive class or explicit indeclinable specification; exact evidence remains higher priority.
seed:synodal:noun:chudo	alypy-gamanovich-grammar-web-2023	synodal:noun:chudo	чꙋдо	чꙋдо	noun	fourth-neuter-es-alt-first	synodal:noun:chudo	productive	typed-noun-specification	implemented	alypy-gamanovich-grammar-web-2023	Curated seed identity has a typed productive class or explicit indeclinable specification; exact evidence remains higher priority.
seed:synodal:noun:dar	alypy-gamanovich-grammar-web-2023	synodal:noun:dar	даръ	даръ	noun	first-hard-m	synodal:noun:dar	productive	typed-noun-specification	implemented	alypy-gamanovich-grammar-web-2023	Curated seed identity has a typed productive class or explicit indeclinable specification; exact evidence remains higher priority.
seed:synodal:noun:day	alypy-gamanovich-grammar-web-2023	synodal:noun:day	день	день	noun	fourth-masculine-en-day	synodal:noun:day	productive	typed-noun-specification	implemented	alypy-gamanovich-grammar-web-2023	Curated seed identity has a typed productive class or explicit indeclinable specification; exact evidence remains higher priority.
seed:synodal:noun:delo	alypy-gamanovich-grammar-web-2023	synodal:noun:delo	дѣло	дѣло	noun	first-hard-n	synodal:noun:delo	productive	typed-noun-specification	implemented	alypy-gamanovich-grammar-web-2023	Curated seed identity has a typed productive class or explicit indeclinable specification; exact evidence remains higher priority.
seed:synodal:noun:deva-title	alypy-gamanovich-grammar-web-2023	synodal:noun:deva-title	дѣва	дѣва	noun	second-hard	synodal:noun:deva-title	productive	typed-noun-specification	implemented	alypy-gamanovich-grammar-web-2023	Curated seed identity has a typed productive class or explicit indeclinable specification; exact evidence remains higher priority.
seed:synodal:noun:dom	alypy-gamanovich-grammar-web-2023	synodal:noun:dom	домъ	домъ	noun	first-hard-u-stem-m	synodal:noun:dom	productive	typed-noun-specification	implemented	alypy-gamanovich-grammar-web-2023	Curated seed identity has a typed productive class or explicit indeclinable specification; exact evidence remains higher priority.
seed:synodal:noun:episkop	alypy-gamanovich-grammar-web-2023	synodal:noun:episkop	єпископъ	єпископъ	noun	first-hard-m	synodal:noun:episkop	productive	typed-noun-specification	implemented	alypy-gamanovich-grammar-web-2023	Curated seed identity has a typed productive class or explicit indeclinable specification; exact evidence remains higher priority.
seed:synodal:noun:evangelie	alypy-gamanovich-grammar-web-2023	synodal:noun:evangelie	єѵангелїе	єѵангелїе	noun	first-soft-ie-n	synodal:noun:evangelie	productive	typed-noun-specification	implemented	alypy-gamanovich-grammar-web-2023	Curated seed identity has a typed productive class or explicit indeclinable specification; exact evidence remains higher priority.
seed:synodal:noun:galilean	alypy-gamanovich-grammar-web-2023	synodal:noun:galilean	галїлеанинъ	галїлеанинъ	noun	first-hard-in-ethnonym-m	synodal:noun:galilean	productive	typed-noun-specification	implemented	alypy-gamanovich-grammar-web-2023	Curated seed identity has a typed productive class or explicit indeclinable specification; exact evidence remains higher priority.
seed:synodal:noun:glas	alypy-gamanovich-grammar-web-2023	synodal:noun:glas	гласъ	гласъ	noun	first-hard-m	synodal:noun:glas	productive	typed-noun-specification	implemented	alypy-gamanovich-grammar-web-2023	Curated seed identity has a typed productive class or explicit indeclinable specification; exact evidence remains higher priority.
seed:synodal:noun:glava	alypy-gamanovich-grammar-web-2023	synodal:noun:glava	глава	глава	noun	second-hard	synodal:noun:glava	productive	typed-noun-specification	implemented	alypy-gamanovich-grammar-web-2023	Curated seed identity has a typed productive class or explicit indeclinable specification; exact evidence remains higher priority.
seed:synodal:noun:grad	alypy-gamanovich-grammar-web-2023	synodal:noun:grad	градъ	градъ	noun	inherited-first-hard-m	synodal:noun:grad	productive	typed-noun-specification	implemented	alypy-gamanovich-grammar-web-2023	Curated seed identity has a typed productive class or explicit indeclinable specification; exact evidence remains higher priority.
seed:synodal:noun:hand	alypy-gamanovich-grammar-web-2023	synodal:noun:hand	рꙋка	рꙋка	noun	second-hard-velar	synodal:noun:hand	productive	typed-noun-specification	implemented	alypy-gamanovich-grammar-web-2023	Curated seed identity has a typed productive class or explicit indeclinable specification; exact evidence remains higher priority.
seed:synodal:noun:ierei	alypy-gamanovich-grammar-web-2023	synodal:noun:ierei	їерей	їерей	noun	first-soft-ey-m	synodal:noun:ierei	productive	typed-noun-specification	implemented	alypy-gamanovich-grammar-web-2023	Curated seed identity has a typed productive class or explicit indeclinable specification; exact evidence remains higher priority.
seed:synodal:noun:imyarek	alypy-gamanovich-grammar-web-2023	synodal:noun:imyarek	имярекъ	имярекъ	noun	exact	synodal:noun:imyarek	indeclinable	closed-rubric-placeholder	implemented	alypy-3-imyarek-placeholder	This is a closed rubric token; grammatical case belongs to the substituted personal name, not to the placeholder.
seed:synodal:noun:infant	alypy-gamanovich-grammar-web-2023	synodal:noun:infant	младенецъ	младенецъ	noun	first-mixed-ts-m	synodal:noun:infant	productive	typed-noun-specification	implemented	alypy-gamanovich-grammar-web-2023	Curated seed identity has a typed productive class or explicit indeclinable specification; exact evidence remains higher priority.
seed:synodal:noun:isaiah	alypy-gamanovich-grammar-web-2023	synodal:noun:isaiah	исаїа	исаїа	noun	second-soft-m-ia	synodal:noun:isaiah	productive	typed-noun-specification	implemented	alypy-gamanovich-grammar-web-2023	Curated seed identity has a typed productive class or explicit indeclinable specification; exact evidence remains higher priority.
seed:synodal:noun:istina	alypy-gamanovich-grammar-web-2023	synodal:noun:istina	истина	истина	noun	second-hard	synodal:noun:istina	productive	typed-noun-specification	implemented	alypy-gamanovich-grammar-web-2023	Curated seed identity has a typed productive class or explicit indeclinable specification; exact evidence remains higher priority.
seed:synodal:noun:khram	alypy-gamanovich-grammar-web-2023	synodal:noun:khram	храмъ	храмъ	noun	first-hard-m	synodal:noun:khram	productive	typed-noun-specification	implemented	alypy-gamanovich-grammar-web-2023	Curated seed identity has a typed productive class or explicit indeclinable specification; exact evidence remains higher priority.
seed:synodal:noun:kormchii	alypy-gamanovich-grammar-web-2023	synodal:noun:kormchii	кормчїй	кормчїй	noun	first-soft-j-m	synodal:noun:kormchii	productive	typed-noun-specification	implemented	alypy-gamanovich-grammar-web-2023	Curated seed identity has a typed productive class or explicit indeclinable specification; exact evidence remains higher priority.
seed:synodal:noun:krai	alypy-gamanovich-grammar-web-2023	synodal:noun:krai	край	край	noun	first-soft-j-m	synodal:noun:krai	productive	typed-noun-specification	implemented	alypy-gamanovich-grammar-web-2023	Curated seed identity has a typed productive class or explicit indeclinable specification; exact evidence remains higher priority.
seed:synodal:noun:kremen	alypy-gamanovich-grammar-web-2023	synodal:noun:kremen	кремень	кремень	noun	fourth-masculine-en	synodal:noun:kremen	productive	typed-noun-specification	implemented	alypy-gamanovich-grammar-web-2023	Curated seed identity has a typed productive class or explicit indeclinable specification; exact evidence remains higher priority.
seed:synodal:noun:krest	alypy-gamanovich-grammar-web-2023	synodal:noun:krest	крестъ	крестъ	noun	first-hard-m	synodal:noun:krest	productive	typed-noun-specification	implemented	alypy-gamanovich-grammar-web-2023	Curated seed identity has a typed productive class or explicit indeclinable specification; exact evidence remains higher priority.
seed:synodal:noun:krestitel	alypy-gamanovich-grammar-web-2023	synodal:noun:krestitel	креститель	креститель	noun	first-soft-agent-tel-m	synodal:noun:krestitel	productive	typed-noun-specification	implemented	alypy-gamanovich-grammar-web-2023	Curated seed identity has a typed productive class or explicit indeclinable specification; exact evidence remains higher priority.
seed:synodal:noun:lyubov	alypy-gamanovich-grammar-web-2023	synodal:noun:lyubov	любовь	любовь	noun	fourth-feminine-ov-syncopating	synodal:noun:lyubov	productive	typed-noun-specification	implemented	alypy-gamanovich-grammar-web-2023	Curated seed identity has a typed productive class or explicit indeclinable specification; exact evidence remains higher priority.
seed:synodal:noun:man	alypy-gamanovich-grammar-web-2023	synodal:noun:man	мꙋжъ	мꙋжъ	noun	first-mixed-m	synodal:noun:man	productive	typed-noun-specification	implemented	alypy-gamanovich-grammar-web-2023	Curated seed identity has a typed productive class or explicit indeclinable specification; exact evidence remains higher priority.
seed:synodal:noun:mary	alypy-gamanovich-grammar-web-2023	synodal:noun:mary	маріа	маріа	noun	second-soft-f-ia	synodal:noun:mary	productive	typed-noun-specification	implemented	alypy-gamanovich-grammar-web-2023	Curated seed identity has a typed productive class or explicit indeclinable specification; exact evidence remains higher priority.
seed:synodal:noun:mesto	alypy-gamanovich-grammar-web-2023	synodal:noun:mesto	мѣсто	мѣсто	noun	first-hard-n	synodal:noun:mesto	productive	typed-noun-specification	implemented	alypy-gamanovich-grammar-web-2023	Curated seed identity has a typed productive class or explicit indeclinable specification; exact evidence remains higher priority.
seed:synodal:noun:miloserdie	alypy-gamanovich-grammar-web-2023	synodal:noun:miloserdie	милосердїе	милосердїе	noun	first-soft-ie-n	synodal:noun:miloserdie	productive	typed-noun-specification	implemented	alypy-gamanovich-grammar-web-2023	Curated seed identity has a typed productive class or explicit indeclinable specification; exact evidence remains higher priority.
seed:synodal:noun:milost	alypy-gamanovich-grammar-web-2023	synodal:noun:milost	милость	милость	noun	third-f	synodal:noun:milost	productive	typed-noun-specification	implemented	alypy-gamanovich-grammar-web-2023	Curated seed identity has a typed productive class or explicit indeclinable specification; exact evidence remains higher priority.
seed:synodal:noun:molitva	alypy-gamanovich-grammar-web-2023	synodal:noun:molitva	молитва	молитва	noun	second-hard	synodal:noun:molitva	productive	typed-noun-specification	implemented	alypy-gamanovich-grammar-web-2023	Curated seed identity has a typed productive class or explicit indeclinable specification; exact evidence remains higher priority.
seed:synodal:noun:molniya	alypy-gamanovich-grammar-web-2023	synodal:noun:molniya	молнїѧ	молнїѧ	noun	second-soft-postvocalic-ancient-pl	synodal:noun:molniya	productive	typed-noun-specification	implemented	alypy-gamanovich-grammar-web-2023	Curated seed identity has a typed productive class or explicit indeclinable specification; exact evidence remains higher priority.
seed:synodal:noun:more	alypy-gamanovich-grammar-web-2023	synodal:noun:more	море	море	noun	first-soft-n	synodal:noun:more	productive	typed-noun-specification	implemented	alypy-gamanovich-grammar-web-2023	Curated seed identity has a typed productive class or explicit indeclinable specification; exact evidence remains higher priority.
seed:synodal:noun:muchenik	alypy-gamanovich-grammar-web-2023	synodal:noun:muchenik	мꙋченикъ	мꙋченикъ	noun	first-hard-velar-m	synodal:noun:muchenik	productive	typed-noun-specification	implemented	alypy-gamanovich-grammar-web-2023	Curated seed identity has a typed productive class or explicit indeclinable specification; exact evidence remains higher priority.
seed:synodal:noun:narod	alypy-gamanovich-grammar-web-2023	synodal:noun:narod	народъ	народъ	noun	first-hard-m	synodal:noun:narod	productive	typed-noun-specification	implemented	alypy-gamanovich-grammar-web-2023	Curated seed identity has a typed productive class or explicit indeclinable specification; exact evidence remains higher priority.
seed:synodal:noun:nedelya	alypy-gamanovich-grammar-web-2023	synodal:noun:nedelya	недѣлѧ	недѣлѧ	noun	second-soft	synodal:noun:nedelya	productive	typed-noun-specification	implemented	alypy-gamanovich-grammar-web-2023	Curated seed identity has a typed productive class or explicit indeclinable specification; exact evidence remains higher priority.
seed:synodal:noun:neplody	alypy-gamanovich-grammar-web-2023	synodal:noun:neplody	неплоды	неплоды	noun	fourth-feminine-ov	synodal:noun:neplody	productive	typed-noun-specification	implemented	alypy-gamanovich-grammar-web-2023	Curated seed identity has a typed productive class or explicit indeclinable specification; exact evidence remains higher priority.
seed:synodal:noun:noch	alypy-gamanovich-grammar-web-2023	synodal:noun:noch	ночь	ночь	noun	third-f	synodal:noun:noch	productive	typed-noun-specification	implemented	alypy-gamanovich-grammar-web-2023	Curated seed identity has a typed productive class or explicit indeclinable specification; exact evidence remains higher priority.
seed:synodal:noun:otrocha	alypy-gamanovich-grammar-web-2023	synodal:noun:otrocha	ѻтроча	ѻтроча	noun	fourth-neuter-at	synodal:noun:otrocha	productive	typed-noun-specification	implemented	alypy-gamanovich-grammar-web-2023	Curated seed identity has a typed productive class or explicit indeclinable specification; exact evidence remains higher priority.
seed:synodal:noun:pastyr	alypy-gamanovich-grammar-web-2023	synodal:noun:pastyr	пастырь	пастырь	noun	first-soft-m	synodal:noun:pastyr	productive	typed-noun-specification	implemented	alypy-gamanovich-grammar-web-2023	Curated seed identity has a typed productive class or explicit indeclinable specification; exact evidence remains higher priority.
seed:synodal:noun:people	alypy-gamanovich-grammar-web-2023	synodal:noun:people	людїе	людїе	noun	third-m	synodal:noun:people	productive	typed-noun-specification	implemented	alypy-gamanovich-grammar-web-2023	Curated seed identity has a typed productive class or explicit indeclinable specification; exact evidence remains higher priority.
seed:synodal:noun:pravednik	alypy-gamanovich-grammar-web-2023	synodal:noun:pravednik	праведникъ	праведникъ	noun	first-hard-velar-m	synodal:noun:pravednik	productive	typed-noun-specification	implemented	alypy-gamanovich-grammar-web-2023	Curated seed identity has a typed productive class or explicit indeclinable specification; exact evidence remains higher priority.
seed:synodal:noun:prestol	alypy-gamanovich-grammar-web-2023	synodal:noun:prestol	престолъ	престолъ	noun	first-hard-m	synodal:noun:prestol	productive	typed-noun-specification	implemented	alypy-gamanovich-grammar-web-2023	Curated seed identity has a typed productive class or explicit indeclinable specification; exact evidence remains higher priority.
seed:synodal:noun:pustynya	alypy-gamanovich-grammar-web-2023	synodal:noun:pustynya	пустынѧ	пустынѧ	noun	second-soft	synodal:noun:pustynya	productive	typed-noun-specification	implemented	alypy-gamanovich-grammar-web-2023	Curated seed identity has a typed productive class or explicit indeclinable specification; exact evidence remains higher priority.
seed:synodal:noun:rab	alypy-gamanovich-grammar-web-2023	synodal:noun:rab	рабъ	рабъ	noun	first-hard-m	synodal:noun:rab	productive	typed-noun-specification	implemented	alypy-gamanovich-grammar-web-2023	Curated seed identity has a typed productive class or explicit indeclinable specification; exact evidence remains higher priority.
seed:synodal:noun:resurrection	alypy-gamanovich-grammar-web-2023	synodal:noun:resurrection	воскресенїе	воскресенїе	noun	first-soft-ie-n	synodal:noun:resurrection	productive	typed-noun-specification	implemented	alypy-gamanovich-grammar-web-2023	Curated seed identity has a typed productive class or explicit indeclinable specification; exact evidence remains higher priority.
seed:synodal:noun:selo	alypy-gamanovich-grammar-web-2023	synodal:noun:selo	село	село	noun	first-hard-n	synodal:noun:selo	productive	typed-noun-specification	implemented	alypy-gamanovich-grammar-web-2023	Curated seed identity has a typed productive class or explicit indeclinable specification; exact evidence remains higher priority.
seed:synodal:noun:sila	alypy-gamanovich-grammar-web-2023	synodal:noun:sila	сила	сила	noun	second-hard	synodal:noun:sila	productive	typed-noun-specification	implemented	alypy-gamanovich-grammar-web-2023	Curated seed identity has a typed productive class or explicit indeclinable specification; exact evidence remains higher priority.
seed:synodal:noun:slava	alypy-gamanovich-grammar-web-2023	synodal:noun:slava	слава	слава	noun	second-hard	synodal:noun:slava	productive	typed-noun-specification	implemented	alypy-gamanovich-grammar-web-2023	Curated seed identity has a typed productive class or explicit indeclinable specification; exact evidence remains higher priority.
seed:synodal:noun:slovo	alypy-gamanovich-grammar-web-2023	synodal:noun:slovo	слово	слово	noun	first-hard-n	synodal:noun:slovo	productive	typed-noun-specification	implemented	alypy-gamanovich-grammar-web-2023	Curated seed identity has a typed productive class or explicit indeclinable specification; exact evidence remains higher priority.
seed:synodal:noun:soborishche	alypy-gamanovich-grammar-web-2023	synodal:noun:soborishche	соборище	соборище	noun	first-soft-ishche-n	synodal:noun:soborishche	productive	typed-noun-specification	implemented	alypy-gamanovich-grammar-web-2023	Curated seed identity has a typed productive class or explicit indeclinable specification; exact evidence remains higher priority.
seed:synodal:noun:spas-title	alypy-gamanovich-grammar-web-2023	synodal:noun:spas-title	спасъ	спасъ	noun	first-hard-m	synodal:noun:spas-title	productive	typed-noun-specification	implemented	alypy-gamanovich-grammar-web-2023	Curated seed identity has a typed productive class or explicit indeclinable specification; exact evidence remains higher priority.
seed:synodal:noun:svekry	alypy-gamanovich-grammar-web-2023	synodal:noun:svekry	свекры	свекры	noun	fourth-feminine-ov	synodal:noun:svekry	productive	typed-noun-specification	implemented	alypy-gamanovich-grammar-web-2023	Curated seed identity has a typed productive class or explicit indeclinable specification; exact evidence remains higher priority.
seed:synodal:noun:svet	alypy-gamanovich-grammar-web-2023	synodal:noun:svet	свѣтъ	свѣтъ	noun	first-hard-m	synodal:noun:svet	productive	typed-noun-specification	implemented	alypy-gamanovich-grammar-web-2023	Curated seed identity has a typed productive class or explicit indeclinable specification; exact evidence remains higher priority.
seed:synodal:noun:svidetel	alypy-gamanovich-grammar-web-2023	synodal:noun:svidetel	свидѣтель	свидѣтель	noun	first-soft-agent-tel-m	synodal:noun:svidetel	productive	typed-noun-specification	implemented	alypy-gamanovich-grammar-web-2023	Curated seed identity has a typed productive class or explicit indeclinable specification; exact evidence remains higher priority.
seed:synodal:noun:svyatitel	alypy-gamanovich-grammar-web-2023	synodal:noun:svyatitel	свѧтитель	свѧтитель	noun	first-soft-agent-tel-m	synodal:noun:svyatitel	productive	typed-noun-specification	implemented	alypy-gamanovich-grammar-web-2023	Curated seed identity has a typed productive class or explicit indeclinable specification; exact evidence remains higher priority.
seed:synodal:noun:syn	alypy-gamanovich-grammar-web-2023	synodal:noun:syn	сынъ	сынъ	noun	first-hard-u-stem-m	synodal:noun:syn	productive	typed-noun-specification	implemented	alypy-gamanovich-grammar-web-2023	Curated seed identity has a typed productive class or explicit indeclinable specification; exact evidence remains higher priority.
seed:synodal:noun:troitsa	alypy-gamanovich-grammar-web-2023	synodal:noun:troitsa	троица	троица	noun	second-mixed	synodal:noun:troitsa	productive	typed-noun-specification	implemented	alypy-gamanovich-grammar-web-2023	Curated seed identity has a typed productive class or explicit indeclinable specification; exact evidence remains higher priority.
seed:synodal:noun:tsar	alypy-gamanovich-grammar-web-2023	synodal:noun:tsar	царь	царь	noun	first-soft-m	synodal:noun:tsar	productive	typed-noun-specification	implemented	alypy-gamanovich-grammar-web-2023	Curated seed identity has a typed productive class or explicit indeclinable specification; exact evidence remains higher priority.
seed:synodal:noun:ud	alypy-gamanovich-grammar-web-2023	synodal:noun:ud	ꙋдъ	ꙋдъ	noun	first-hard-ud-es-m	synodal:noun:ud	productive	typed-noun-specification	implemented	alypy-gamanovich-grammar-web-2023	Curated seed identity has a typed productive class or explicit indeclinable specification; exact evidence remains higher priority.
seed:synodal:noun:v06-64bd1811dbd024b5	alypy-gamanovich-grammar-web-2023	synodal:noun:v06-64bd1811dbd024b5	око	око	noun	fourth-neuter-es-paired-dual	synodal:noun:v06-64bd1811dbd024b5	productive	typed-noun-specification	implemented	alypy-gamanovich-grammar-web-2023	Curated seed identity has a typed productive class or explicit indeclinable specification; exact evidence remains higher priority.
seed:synodal:noun:v06-673b2df93b4f89a8	alypy-gamanovich-grammar-web-2023	synodal:noun:v06-673b2df93b4f89a8	знаменїе	знаменїе	noun	first-soft-ie-n	synodal:noun:v06-673b2df93b4f89a8	productive	typed-noun-specification	implemented	alypy-gamanovich-grammar-web-2023	Curated seed identity has a typed productive class or explicit indeclinable specification; exact evidence remains higher priority.
seed:synodal:noun:v06-e5f5efea52ec5e2e	alypy-gamanovich-grammar-web-2023	synodal:noun:v06-e5f5efea52ec5e2e	пламень	пламень	noun	fourth-masculine-en	synodal:noun:v06-e5f5efea52ec5e2e	productive	typed-noun-specification	implemented	alypy-gamanovich-grammar-web-2023	Curated seed identity has a typed productive class or explicit indeclinable specification; exact evidence remains higher priority.
seed:synodal:noun:v06-israel	alypy-gamanovich-grammar-web-2023	synodal:noun:v06-israel	израиль	израиль	noun	first-soft-m	synodal:noun:v06-israel	productive	typed-noun-specification	implemented	alypy-gamanovich-grammar-web-2023	Curated seed identity has a typed productive class or explicit indeclinable specification; exact evidence remains higher priority.
seed:synodal:noun:v06-tysyashcha	alypy-gamanovich-grammar-web-2023	synodal:noun:v06-tysyashcha	тысѧща	тысѧща	noun	second-hard	synodal:noun:v06-tysyashcha	productive	typed-noun-specification	implemented	alypy-gamanovich-grammar-web-2023	Curated seed identity has a typed productive class or explicit indeclinable specification; exact evidence remains higher priority.
seed:synodal:noun:v07-12621bc315f78ff8	alypy-gamanovich-grammar-web-2023	synodal:noun:v07-12621bc315f78ff8	ѹхо	ѹхо	noun	fourth-neuter-es-paired-dual	synodal:noun:v07-12621bc315f78ff8	productive	typed-noun-specification	implemented	alypy-gamanovich-grammar-web-2023	Curated seed identity has a typed productive class or explicit indeclinable specification; exact evidence remains higher priority.
seed:synodal:noun:v07-15ca6aa83f100698	alypy-gamanovich-grammar-web-2023	synodal:noun:v07-15ca6aa83f100698	церковь	церковь	noun	fourth-feminine-ov-syncopating	synodal:noun:v07-15ca6aa83f100698	productive	typed-noun-specification	implemented	alypy-gamanovich-grammar-web-2023	Curated seed identity has a typed productive class or explicit indeclinable specification; exact evidence remains higher priority.
seed:synodal:noun:v07-6ef4c1b12b34ac8c	alypy-gamanovich-grammar-web-2023	synodal:noun:v07-6ef4c1b12b34ac8c	часть	часть	noun	third-f	synodal:noun:v07-6ef4c1b12b34ac8c	productive	typed-noun-specification	implemented	alypy-gamanovich-grammar-web-2023	Curated seed identity has a typed productive class or explicit indeclinable specification; exact evidence remains higher priority.
seed:synodal:noun:v07-a08ac1c4e41a685d	alypy-gamanovich-grammar-web-2023	synodal:noun:v07-a08ac1c4e41a685d	кровь	кровь	noun	fourth-feminine-ov	synodal:noun:v07-a08ac1c4e41a685d	productive	typed-noun-specification	implemented	alypy-gamanovich-grammar-web-2023	Curated seed identity has a typed productive class or explicit indeclinable specification; exact evidence remains higher priority.
seed:synodal:noun:v07-c27905de175a0cde	alypy-gamanovich-grammar-web-2023	synodal:noun:v07-c27905de175a0cde	камень	камень	noun	fourth-masculine-en-kamen	synodal:noun:v07-c27905de175a0cde	productive	typed-noun-specification	implemented	alypy-gamanovich-grammar-web-2023	Curated seed identity has a typed productive class or explicit indeclinable specification; exact evidence remains higher priority.
seed:synodal:noun:v07-db06c7a6afdd2e88	alypy-gamanovich-grammar-web-2023	synodal:noun:v07-db06c7a6afdd2e88	дщерь	дщерь	noun	fourth-feminine-er-daughter	synodal:noun:v07-db06c7a6afdd2e88	productive	typed-noun-specification	implemented	alypy-gamanovich-grammar-web-2023	Curated seed identity has a typed productive class or explicit indeclinable specification; exact evidence remains higher priority.
seed:synodal:noun:vera	alypy-gamanovich-grammar-web-2023	synodal:noun:vera	вѣра	вѣра	noun	second-hard	synodal:noun:vera	productive	typed-noun-specification	implemented	alypy-gamanovich-grammar-web-2023	Curated seed identity has a typed productive class or explicit indeclinable specification; exact evidence remains higher priority.
seed:synodal:noun:vladychitsa	alypy-gamanovich-grammar-web-2023	synodal:noun:vladychitsa	владычица	владычица	noun	second-mixed	synodal:noun:vladychitsa	productive	typed-noun-specification	implemented	alypy-gamanovich-grammar-web-2023	Curated seed identity has a typed productive class or explicit indeclinable specification; exact evidence remains higher priority.
seed:synodal:noun:vladyka	alypy-gamanovich-grammar-web-2023	synodal:noun:vladyka	владыка	владыка	noun	second-hard-velar	synodal:noun:vladyka	productive	typed-noun-specification	implemented	alypy-gamanovich-grammar-web-2023	Curated seed identity has a typed productive class or explicit indeclinable specification; exact evidence remains higher priority.
seed:synodal:noun:voda	alypy-gamanovich-grammar-web-2023	synodal:noun:voda	вода	вода	noun	second-hard	synodal:noun:voda	productive	typed-noun-specification	implemented	alypy-gamanovich-grammar-web-2023	Curated seed identity has a typed productive class or explicit indeclinable specification; exact evidence remains higher priority.
seed:synodal:noun:volya	alypy-gamanovich-grammar-web-2023	synodal:noun:volya	волѧ	волѧ	noun	second-soft	synodal:noun:volya	productive	typed-noun-specification	implemented	alypy-gamanovich-grammar-web-2023	Curated seed identity has a typed productive class or explicit indeclinable specification; exact evidence remains higher priority.
seed:synodal:noun:wikt-551a03f1df94	alypy-gamanovich-grammar-web-2023	synodal:noun:wikt-551a03f1df94	имѧ	имѧ	noun	fourth-neuter-en	synodal:noun:wikt-551a03f1df94	productive	typed-noun-specification	implemented	alypy-gamanovich-grammar-web-2023	Curated seed identity has a typed productive class or explicit indeclinable specification; exact evidence remains higher priority.
seed:synodal:noun:wikt-7790891c2704	alypy-gamanovich-grammar-web-2023	synodal:noun:wikt-7790891c2704	небо	небо	noun	fourth-neuter-es	synodal:noun:wikt-7790891c2704	productive	typed-noun-specification	implemented	alypy-gamanovich-grammar-web-2023	Curated seed identity has a typed productive class or explicit indeclinable specification; exact evidence remains higher priority.
seed:synodal:noun:wikt-9d806d6820a3	alypy-gamanovich-grammar-web-2023	synodal:noun:wikt-9d806d6820a3	юноша	юноша	noun	second-mixed	synodal:noun:wikt-9d806d6820a3	productive	typed-noun-specification	implemented	alypy-gamanovich-grammar-web-2023	Curated seed identity has a typed productive class or explicit indeclinable specification; exact evidence remains higher priority.
seed:synodal:noun:wikt-a0a33dfa77c7	alypy-gamanovich-grammar-web-2023	synodal:noun:wikt-a0a33dfa77c7	мати	мати	noun	fourth-feminine-er	synodal:noun:wikt-a0a33dfa77c7	productive	typed-noun-specification	implemented	alypy-gamanovich-grammar-web-2023	Curated seed identity has a typed productive class or explicit indeclinable specification; exact evidence remains higher priority.
seed:synodal:noun:wikt-bc46dec09111	alypy-gamanovich-grammar-web-2023	synodal:noun:wikt-bc46dec09111	кратъ	кратъ	noun	first-hard-m	synodal:noun:wikt-bc46dec09111	productive	typed-noun-specification	implemented	alypy-gamanovich-grammar-web-2023	Curated seed identity has a typed productive class or explicit indeclinable specification; exact evidence remains higher priority.
seed:synodal:noun:wikt-d2ac10c1ea90	alypy-gamanovich-grammar-web-2023	synodal:noun:wikt-d2ac10c1ea90	ремень	ремень	noun	fourth-masculine-en	synodal:noun:wikt-d2ac10c1ea90	productive	typed-noun-specification	implemented	alypy-gamanovich-grammar-web-2023	Curated seed identity has a typed productive class or explicit indeclinable specification; exact evidence remains higher priority.
seed:synodal:noun:wikt-ed67a3345df1	alypy-gamanovich-grammar-web-2023	synodal:noun:wikt-ed67a3345df1	господь	господь	noun	first-soft-lord-m	synodal:noun:wikt-ed67a3345df1	productive	typed-noun-specification	implemented	alypy-gamanovich-grammar-web-2023	Curated seed identity has a typed productive class or explicit indeclinable specification; exact evidence remains higher priority.
seed:synodal:noun:wikt-fd21ffa8fd91	alypy-gamanovich-grammar-web-2023	synodal:noun:wikt-fd21ffa8fd91	корень	корень	noun	fourth-masculine-en	synodal:noun:wikt-fd21ffa8fd91	productive	typed-noun-specification	implemented	alypy-gamanovich-grammar-web-2023	Curated seed identity has a typed productive class or explicit indeclinable specification; exact evidence remains higher priority.
seed:synodal:noun:zakon	alypy-gamanovich-grammar-web-2023	synodal:noun:zakon	законъ	законъ	noun	first-hard-m	synodal:noun:zakon	productive	typed-noun-specification	implemented	alypy-gamanovich-grammar-web-2023	Curated seed identity has a typed productive class or explicit indeclinable specification; exact evidence remains higher priority.
seed:synodal:noun:zapoved	alypy-gamanovich-grammar-web-2023	synodal:noun:zapoved	заповѣдь	заповѣдь	noun	third-f	synodal:noun:zapoved	productive	typed-noun-specification	implemented	alypy-gamanovich-grammar-web-2023	Curated seed identity has a typed productive class or explicit indeclinable specification; exact evidence remains higher priority.
seed:synodal:noun:zemlya	alypy-gamanovich-grammar-web-2023	synodal:noun:zemlya	землѧ	землѧ	noun	second-soft	synodal:noun:zemlya	productive	typed-noun-specification	implemented	alypy-gamanovich-grammar-web-2023	Curated seed identity has a typed productive class or explicit indeclinable specification; exact evidence remains higher priority.
seed:synodal:noun:zhena	alypy-gamanovich-grammar-web-2023	synodal:noun:zhena	жена	жена	noun	second-hard	synodal:noun:zhena	productive	typed-noun-specification	implemented	alypy-gamanovich-grammar-web-2023	Curated seed identity has a typed productive class or explicit indeclinable specification; exact evidence remains higher priority.
seed:synodal:noun:zhizn	alypy-gamanovich-grammar-web-2023	synodal:noun:zhizn	жизнь	жизнь	noun	third-f	synodal:noun:zhizn	productive	typed-noun-specification	implemented	alypy-gamanovich-grammar-web-2023	Curated seed identity has a typed productive class or explicit indeclinable specification; exact evidence remains higher priority.
seed:synodal:numeral:chetvertyi	alypy-gamanovich-grammar-web-2023	synodal:numeral:chetvertyi	четвертый	четвертый	numeral	ordinal-hard	synodal:numeral:chetvertyi	productive	typed-numeral-specification	implemented	alypy-gamanovich-grammar-web-2023	Curated seed identity has a typed productive class or explicit indeclinable specification; exact evidence remains higher priority.
seed:synodal:numeral:chetyre	alypy-gamanovich-grammar-web-2023	synodal:numeral:chetyre	четыре	четыре	numeral	numeral-cardinal-four	synodal:numeral:chetyre	productive	typed-numeral-specification	implemented	alypy-gamanovich-grammar-web-2023	Curated seed identity has a typed productive class or explicit indeclinable specification; exact evidence remains higher priority.
seed:synodal:numeral:collective-chetvery	alypy-gamanovich-grammar-web-2023	synodal:numeral:collective-chetvery	четверы	четверы	numeral	numeral-collective-hard-plural	synodal:numeral:collective-chetvery	productive	typed-numeral-specification	implemented	alypy-gamanovich-grammar-web-2023	Curated seed identity has a typed productive class or explicit indeclinable specification; exact evidence remains higher priority.
seed:synodal:numeral:collective-dvoe	alypy-gamanovich-grammar-web-2023	synodal:numeral:collective-dvoe	двое	двое	numeral	numeral-collective-governing-neuter	synodal:numeral:collective-dvoe	productive	typed-numeral-specification	implemented	alypy-gamanovich-grammar-web-2023	Curated seed identity has a typed productive class or explicit indeclinable specification; exact evidence remains higher priority.
seed:synodal:numeral:collective-dvoi	alypy-gamanovich-grammar-web-2023	synodal:numeral:collective-dvoi	двои	двои	numeral	numeral-collective-agreeing	synodal:numeral:collective-dvoi	productive	typed-numeral-specification	implemented	alypy-gamanovich-grammar-web-2023	Curated seed identity has a typed productive class or explicit indeclinable specification; exact evidence remains higher priority.
seed:synodal:numeral:collective-oboe	alypy-gamanovich-grammar-web-2023	synodal:numeral:collective-oboe	обое	обое	numeral	numeral-collective-governing-neuter	synodal:numeral:collective-oboe	productive	typed-numeral-specification	implemented	alypy-gamanovich-grammar-web-2023	Curated seed identity has a typed productive class or explicit indeclinable specification; exact evidence remains higher priority.
seed:synodal:numeral:collective-oboi	alypy-gamanovich-grammar-web-2023	synodal:numeral:collective-oboi	обои	обои	numeral	numeral-collective-agreeing	synodal:numeral:collective-oboi	productive	typed-numeral-specification	implemented	alypy-gamanovich-grammar-web-2023	Curated seed identity has a typed productive class or explicit indeclinable specification; exact evidence remains higher priority.
seed:synodal:numeral:collective-pyatery	alypy-gamanovich-grammar-web-2023	synodal:numeral:collective-pyatery	пѧтеры	пѧтеры	numeral	numeral-collective-hard-plural	synodal:numeral:collective-pyatery	productive	typed-numeral-specification	implemented	alypy-gamanovich-grammar-web-2023	Curated seed identity has a typed productive class or explicit indeclinable specification; exact evidence remains higher priority.
seed:synodal:numeral:collective-shestery	alypy-gamanovich-grammar-web-2023	synodal:numeral:collective-shestery	шестеры	шестеры	numeral	numeral-collective-hard-plural	synodal:numeral:collective-shestery	productive	typed-numeral-specification	implemented	alypy-gamanovich-grammar-web-2023	Curated seed identity has a typed productive class or explicit indeclinable specification; exact evidence remains higher priority.
seed:synodal:numeral:collective-troe	alypy-gamanovich-grammar-web-2023	synodal:numeral:collective-troe	трое	трое	numeral	numeral-collective-governing-neuter	synodal:numeral:collective-troe	productive	typed-numeral-specification	implemented	alypy-gamanovich-grammar-web-2023	Curated seed identity has a typed productive class or explicit indeclinable specification; exact evidence remains higher priority.
seed:synodal:numeral:collective-troi	alypy-gamanovich-grammar-web-2023	synodal:numeral:collective-troi	трои	трои	numeral	numeral-collective-agreeing	synodal:numeral:collective-troi	productive	typed-numeral-specification	implemented	alypy-gamanovich-grammar-web-2023	Curated seed identity has a typed productive class or explicit indeclinable specification; exact evidence remains higher priority.
seed:synodal:numeral:desyatyi	alypy-gamanovich-grammar-web-2023	synodal:numeral:desyatyi	десѧтый	десѧтый	numeral	ordinal-hard	synodal:numeral:desyatyi	productive	typed-numeral-specification	implemented	alypy-gamanovich-grammar-web-2023	Curated seed identity has a typed productive class or explicit indeclinable specification; exact evidence remains higher priority.
seed:synodal:numeral:devyatyi	alypy-gamanovich-grammar-web-2023	synodal:numeral:devyatyi	девѧтый	девѧтый	numeral	ordinal-hard	synodal:numeral:devyatyi	productive	typed-numeral-specification	implemented	alypy-gamanovich-grammar-web-2023	Curated seed identity has a typed productive class or explicit indeclinable specification; exact evidence remains higher priority.
seed:synodal:numeral:dva	alypy-gamanovich-grammar-web-2023	synodal:numeral:dva	два	два	numeral	numeral-cardinal-two	synodal:numeral:dva	productive	typed-numeral-specification	implemented	alypy-gamanovich-grammar-web-2023	Curated seed identity has a typed productive class or explicit indeclinable specification; exact evidence remains higher priority.
seed:synodal:numeral:edin	alypy-gamanovich-grammar-web-2023	synodal:numeral:edin	єдинъ	єдинъ	numeral	numeral-cardinal-one	synodal:numeral:edin	productive	typed-numeral-specification	implemented	alypy-gamanovich-grammar-web-2023	Curated seed identity has a typed productive class or explicit indeclinable specification; exact evidence remains higher priority.
seed:synodal:numeral:fractional-chetvert	alypy-gamanovich-grammar-web-2023	synodal:numeral:fractional-chetvert	четверть	четверть	numeral	numeral-fractional-third-f	synodal:numeral:fractional-chetvert	productive	typed-numeral-specification	implemented	alypy-gamanovich-grammar-web-2023	Curated seed identity has a typed productive class or explicit indeclinable specification; exact evidence remains higher priority.
seed:synodal:numeral:fractional-desyatina	alypy-gamanovich-grammar-web-2023	synodal:numeral:fractional-desyatina	десѧтина	десѧтина	numeral	numeral-fractional-second-hard	synodal:numeral:fractional-desyatina	productive	typed-numeral-specification	implemented	alypy-gamanovich-grammar-web-2023	Curated seed identity has a typed productive class or explicit indeclinable specification; exact evidence remains higher priority.
seed:synodal:numeral:fractional-pol	alypy-gamanovich-grammar-web-2023	synodal:numeral:fractional-pol	полъ	полъ	numeral	numeral-fractional-first-u	synodal:numeral:fractional-pol	productive	typed-numeral-specification	implemented	alypy-gamanovich-grammar-web-2023	Curated seed identity has a typed productive class or explicit indeclinable specification; exact evidence remains higher priority.
seed:synodal:numeral:fractional-poludesyatyi	ponomar-elizabeth-bible-2026-08-09	synodal:numeral:fractional-poludesyatyi	полдесѧтый	полдесѧтый	numeral	numeral-fractional-hard	synodal:numeral:fractional-poludesyatyi	productive	typed-numeral-specification	implemented	ponomar-elizabeth-bible-2026-08-09	Curated seed identity has a typed productive class or explicit indeclinable specification; exact evidence remains higher priority.
seed:synodal:numeral:legeon	alypy-gamanovich-grammar-web-2023	synodal:numeral:legeon	легеѡнъ	легеѡнъ	numeral	numeral-cardinal-first-hard-m	synodal:numeral:legeon	productive	typed-numeral-specification	implemented	alypy-gamanovich-grammar-web-2023	Curated seed identity has a typed productive class or explicit indeclinable specification; exact evidence remains higher priority.
seed:synodal:numeral:leodr	alypy-gamanovich-grammar-web-2023	synodal:numeral:leodr	леѡдръ	леѡдръ	numeral	numeral-cardinal-first-hard-m	synodal:numeral:leodr	productive	typed-numeral-specification	implemented	alypy-gamanovich-grammar-web-2023	Curated seed identity has a typed productive class or explicit indeclinable specification; exact evidence remains higher priority.
seed:synodal:numeral:multiplicative-dvokratnyi	alypy-gamanovich-grammar-web-2023	synodal:numeral:multiplicative-dvokratnyi	двократный	двократный	numeral	numeral-multiplicative-hard	synodal:numeral:multiplicative-dvokratnyi	productive	typed-numeral-specification	implemented	alypy-gamanovich-grammar-web-2023	Curated seed identity has a typed productive class or explicit indeclinable specification; exact evidence remains higher priority.
seed:synodal:numeral:multiplicative-edinokratnyi	alypy-gamanovich-grammar-web-2023	synodal:numeral:multiplicative-edinokratnyi	єдинократный	єдинократный	numeral	numeral-multiplicative-hard	synodal:numeral:multiplicative-edinokratnyi	productive	typed-numeral-specification	implemented	alypy-gamanovich-grammar-web-2023	Curated seed identity has a typed productive class or explicit indeclinable specification; exact evidence remains higher priority.
seed:synodal:numeral:multiplicative-pyatikratnyi	alypy-gamanovich-grammar-web-2023	synodal:numeral:multiplicative-pyatikratnyi	пѧтикратный	пѧтикратный	numeral	numeral-multiplicative-hard	synodal:numeral:multiplicative-pyatikratnyi	productive	typed-numeral-specification	implemented	alypy-gamanovich-grammar-web-2023	Curated seed identity has a typed productive class or explicit indeclinable specification; exact evidence remains higher priority.
seed:synodal:numeral:multiplicative-sugubyi	alypy-gamanovich-grammar-web-2023	synodal:numeral:multiplicative-sugubyi	сꙋгꙋбый	сꙋгꙋбый	numeral	numeral-multiplicative-hard	synodal:numeral:multiplicative-sugubyi	productive	typed-numeral-specification	implemented	alypy-gamanovich-grammar-web-2023	Curated seed identity has a typed productive class or explicit indeclinable specification; exact evidence remains higher priority.
seed:synodal:numeral:multiplicative-tregubyi	alypy-gamanovich-grammar-web-2023	synodal:numeral:multiplicative-tregubyi	трегꙋбый	трегꙋбый	numeral	numeral-multiplicative-hard	synodal:numeral:multiplicative-tregubyi	productive	typed-numeral-specification	implemented	alypy-gamanovich-grammar-web-2023	Curated seed identity has a typed productive class or explicit indeclinable specification; exact evidence remains higher priority.
seed:synodal:numeral:multiplicative-troekratnyi	alypy-gamanovich-grammar-web-2023	synodal:numeral:multiplicative-troekratnyi	троекратный	троекратный	numeral	numeral-multiplicative-hard	synodal:numeral:multiplicative-troekratnyi	productive	typed-numeral-specification	implemented	alypy-gamanovich-grammar-web-2023	Curated seed identity has a typed productive class or explicit indeclinable specification; exact evidence remains higher priority.
seed:synodal:numeral:nesved	alypy-gamanovich-grammar-web-2023	synodal:numeral:nesved	несвѣдь	несвѣдь	numeral	numeral-cardinal-third-f	synodal:numeral:nesved	productive	typed-numeral-specification	implemented	alypy-gamanovich-grammar-web-2023	Curated seed identity has a typed productive class or explicit indeclinable specification; exact evidence remains higher priority.
seed:synodal:numeral:oba	alypy-gamanovich-grammar-web-2023	synodal:numeral:oba	оба	оба	numeral	numeral-cardinal-both	synodal:numeral:oba	productive	typed-numeral-specification	implemented	alypy-gamanovich-grammar-web-2023	Curated seed identity has a typed productive class or explicit indeclinable specification; exact evidence remains higher priority.
seed:synodal:numeral:osmyi	alypy-gamanovich-grammar-web-2023	synodal:numeral:osmyi	осмый	осмый	numeral	ordinal-hard	synodal:numeral:osmyi	productive	typed-numeral-specification	implemented	alypy-gamanovich-grammar-web-2023	Curated seed identity has a typed productive class or explicit indeclinable specification; exact evidence remains higher priority.
seed:synodal:numeral:pervyi	alypy-gamanovich-grammar-web-2023	synodal:numeral:pervyi	первый	первый	numeral	ordinal-hard	synodal:numeral:pervyi	productive	typed-numeral-specification	implemented	alypy-gamanovich-grammar-web-2023	Curated seed identity has a typed productive class or explicit indeclinable specification; exact evidence remains higher priority.
seed:synodal:numeral:pyatyi	alypy-gamanovich-grammar-web-2023	synodal:numeral:pyatyi	пѧтый	пѧтый	numeral	ordinal-hard	synodal:numeral:pyatyi	productive	typed-numeral-specification	implemented	alypy-gamanovich-grammar-web-2023	Curated seed identity has a typed productive class or explicit indeclinable specification; exact evidence remains higher priority.
seed:synodal:numeral:sedmyi	alypy-gamanovich-grammar-web-2023	synodal:numeral:sedmyi	седмый	седмый	numeral	ordinal-hard	synodal:numeral:sedmyi	productive	typed-numeral-specification	implemented	alypy-gamanovich-grammar-web-2023	Curated seed identity has a typed productive class or explicit indeclinable specification; exact evidence remains higher priority.
seed:synodal:numeral:shestyi	alypy-gamanovich-grammar-web-2023	synodal:numeral:shestyi	шестый	шестый	numeral	ordinal-hard	synodal:numeral:shestyi	productive	typed-numeral-specification	implemented	alypy-gamanovich-grammar-web-2023	Curated seed identity has a typed productive class or explicit indeclinable specification; exact evidence remains higher priority.
seed:synodal:numeral:tma	alypy-gamanovich-grammar-web-2023	synodal:numeral:tma	тьма	тьма	numeral	numeral-cardinal-second-hard	synodal:numeral:tma	productive	typed-numeral-specification	implemented	alypy-gamanovich-grammar-web-2023	Curated seed identity has a typed productive class or explicit indeclinable specification; exact evidence remains higher priority.
seed:synodal:numeral:tretii	alypy-gamanovich-grammar-web-2023	synodal:numeral:tretii	третїй	третїй	numeral	ordinal-soft	synodal:numeral:tretii	productive	typed-numeral-specification	implemented	alypy-gamanovich-grammar-web-2023	Curated seed identity has a typed productive class or explicit indeclinable specification; exact evidence remains higher priority.
seed:synodal:numeral:tri	alypy-gamanovich-grammar-web-2023	synodal:numeral:tri	три	три	numeral	numeral-cardinal-three	synodal:numeral:tri	productive	typed-numeral-specification	implemented	alypy-gamanovich-grammar-web-2023	Curated seed identity has a typed productive class or explicit indeclinable specification; exact evidence remains higher priority.
seed:synodal:numeral:tysiascha	alypy-gamanovich-grammar-web-2023	synodal:numeral:tysiascha	тысѧща	тысѧща	numeral	numeral-cardinal-second-hard	synodal:numeral:tysiascha	productive	typed-numeral-specification	implemented	alypy-gamanovich-grammar-web-2023	Curated seed identity has a typed productive class or explicit indeclinable specification; exact evidence remains higher priority.
seed:synodal:numeral:v06-7391e80a474691c3	alypy-gamanovich-grammar-web-2023	synodal:numeral:v06-7391e80a474691c3	осмь	осмь	numeral	numeral-cardinal-i-stem	synodal:numeral:v06-7391e80a474691c3	productive	typed-numeral-specification	implemented	alypy-gamanovich-grammar-web-2023	Curated seed identity has a typed productive class or explicit indeclinable specification; exact evidence remains higher priority.
seed:synodal:numeral:v06-sto	alypy-gamanovich-grammar-web-2023	synodal:numeral:v06-sto	сто	сто	numeral	numeral-cardinal-hundred	synodal:numeral:v06-sto	productive	typed-numeral-specification	implemented	alypy-gamanovich-grammar-web-2023	Curated seed identity has a typed productive class or explicit indeclinable specification; exact evidence remains higher priority.
seed:synodal:numeral:vtoryi	alypy-gamanovich-grammar-web-2023	synodal:numeral:vtoryi	вторый	вторый	numeral	ordinal-hard	synodal:numeral:vtoryi	productive	typed-numeral-specification	implemented	alypy-gamanovich-grammar-web-2023	Curated seed identity has a typed productive class or explicit indeclinable specification; exact evidence remains higher priority.
seed:synodal:numeral:wikt-04f311cf0bd0	alypy-gamanovich-grammar-web-2023	synodal:numeral:wikt-04f311cf0bd0	девѧть	девѧть	numeral	numeral-cardinal-i-stem	synodal:numeral:wikt-04f311cf0bd0	productive	typed-numeral-specification	implemented	alypy-gamanovich-grammar-web-2023	Curated seed identity has a typed productive class or explicit indeclinable specification; exact evidence remains higher priority.
seed:synodal:numeral:wikt-2fe80b81eaf8	alypy-gamanovich-grammar-web-2023	synodal:numeral:wikt-2fe80b81eaf8	седмь	седмь	numeral	numeral-cardinal-i-stem	synodal:numeral:wikt-2fe80b81eaf8	productive	typed-numeral-specification	implemented	alypy-gamanovich-grammar-web-2023	Curated seed identity has a typed productive class or explicit indeclinable specification; exact evidence remains higher priority.
seed:synodal:numeral:wikt-42c5d78bab14	alypy-gamanovich-grammar-web-2023	synodal:numeral:wikt-42c5d78bab14	пѧть	пѧть	numeral	numeral-cardinal-i-stem	synodal:numeral:wikt-42c5d78bab14	productive	typed-numeral-specification	implemented	alypy-gamanovich-grammar-web-2023	Curated seed identity has a typed productive class or explicit indeclinable specification; exact evidence remains higher priority.
seed:synodal:numeral:wikt-58a4f8eb4197	alypy-gamanovich-grammar-web-2023	synodal:numeral:wikt-58a4f8eb4197	шесть	шесть	numeral	numeral-cardinal-i-stem	synodal:numeral:wikt-58a4f8eb4197	productive	typed-numeral-specification	implemented	alypy-gamanovich-grammar-web-2023	Curated seed identity has a typed productive class or explicit indeclinable specification; exact evidence remains higher priority.
seed:synodal:numeral:wikt-bc270882d39d	alypy-gamanovich-grammar-web-2023	synodal:numeral:wikt-bc270882d39d	десѧть	десѧть	numeral	numeral-cardinal-ten	synodal:numeral:wikt-bc270882d39d	productive	typed-numeral-specification	implemented	alypy-gamanovich-grammar-web-2023	Curated seed identity has a typed productive class or explicit indeclinable specification; exact evidence remains higher priority.
seed:synodal:particle:negative-ni	alypy-gamanovich-grammar-web-2023	synodal:particle:negative-ni	ни	ни	particle	exact	synodal:particle:negative-ni	indeclinable	reviewed-exact-indeclinable	implemented	alypy-gamanovich-grammar-web-2023	The negative particle is invariant; exact printed evidence is its complete lexical realization.
seed:synodal:pronoun:az	alypy-gamanovich-grammar-web-2023	synodal:pronoun:az	азъ	азъ	pronoun	pronoun-personal-first	synodal:pronoun:az	productive	typed-pronoun-specification	implemented	alypy-gamanovich-grammar-web-2023	Curated seed identity has a typed productive class or explicit indeclinable specification; exact evidence remains higher priority.
seed:synodal:pronoun:chii	alypy-gamanovich-grammar-web-2023	synodal:pronoun:chii	чій	чій	pronoun	pronoun-soft-i-alternating	synodal:pronoun:chii	productive	typed-pronoun-specification	implemented	alypy-gamanovich-grammar-web-2023	Curated seed identity has a typed productive class or explicit indeclinable specification; exact evidence remains higher priority.
seed:synodal:pronoun:chto	alypy-gamanovich-grammar-web-2023	synodal:pronoun:chto	что	что	pronoun	pronoun-interrogative-what	synodal:pronoun:chto	productive	typed-pronoun-specification	implemented	alypy-gamanovich-grammar-web-2023	Curated seed identity has a typed productive class or explicit indeclinable specification; exact evidence remains higher priority.
seed:synodal:pronoun:demonstrative-onyi	alypy-gamanovich-grammar-web-2023	synodal:pronoun:demonstrative-onyi	оный	оный	pronoun	pronoun-full-hard	synodal:pronoun:demonstrative-onyi	productive	typed-pronoun-specification	implemented	alypy-gamanovich-grammar-web-2023	Curated seed identity has a typed productive class or explicit indeclinable specification; exact evidence remains higher priority.
seed:synodal:pronoun:elik	alypy-gamanovich-grammar-web-2023	synodal:pronoun:elik	єликъ	єликъ	pronoun	pronoun-quantity-velar	synodal:pronoun:elik	productive	typed-pronoun-specification	implemented	alypy-gamanovich-grammar-web-2023	Curated seed identity has a typed productive class or explicit indeclinable specification; exact evidence remains higher priority.
seed:synodal:pronoun:elikii	alypy-gamanovich-grammar-web-2023	synodal:pronoun:elikii	єликїй	єликїй	pronoun	pronoun-full-velar	synodal:pronoun:elikii	productive	typed-pronoun-specification	implemented	alypy-gamanovich-grammar-web-2023	Curated seed identity has a typed productive class or explicit indeclinable specification; exact evidence remains higher priority.
seed:synodal:pronoun:inyi	alypy-gamanovich-grammar-web-2023	synodal:pronoun:inyi	иный	иный	pronoun	pronoun-full-hard	synodal:pronoun:inyi	productive	typed-pronoun-specification	implemented	alypy-gamanovich-grammar-web-2023	Curated seed identity has a typed productive class or explicit indeclinable specification; exact evidence remains higher priority.
seed:synodal:pronoun:izhe	alypy-gamanovich-grammar-web-2023	synodal:pronoun:izhe	иже	иже	pronoun	pronoun-relative-izhe	synodal:pronoun:izhe	productive	typed-pronoun-specification	implemented	alypy-gamanovich-grammar-web-2023	Curated seed identity has a typed productive class or explicit indeclinable specification; exact evidence remains higher priority.
seed:synodal:pronoun:kakii	alypy-gamanovich-grammar-web-2023	synodal:pronoun:kakii	какій	какій	pronoun	pronoun-full-velar	synodal:pronoun:kakii	productive	typed-pronoun-specification	implemented	alypy-gamanovich-grammar-web-2023	Curated seed identity has a typed productive class or explicit indeclinable specification; exact evidence remains higher priority.
seed:synodal:pronoun:kakov	alypy-gamanovich-grammar-web-2023	synodal:pronoun:kakov	каковъ	каковъ	pronoun	pronoun-short-ov-mixed	synodal:pronoun:kakov	productive	typed-pronoun-specification	implemented	alypy-gamanovich-grammar-web-2023	Curated seed identity has a typed productive class or explicit indeclinable specification; exact evidence remains higher priority.
seed:synodal:pronoun:kakovyi	alypy-gamanovich-grammar-web-2023	synodal:pronoun:kakovyi	каковый	каковый	pronoun	pronoun-full-hard	synodal:pronoun:kakovyi	productive	typed-pronoun-specification	implemented	alypy-gamanovich-grammar-web-2023	Curated seed identity has a typed productive class or explicit indeclinable specification; exact evidence remains higher priority.
seed:synodal:pronoun:kii	alypy-gamanovich-grammar-web-2023	synodal:pronoun:kii	кій	кій	pronoun	pronoun-interrogative-kii	synodal:pronoun:kii	productive	typed-pronoun-specification	implemented	alypy-gamanovich-grammar-web-2023	Curated seed identity has a typed productive class or explicit indeclinable specification; exact evidence remains higher priority.
seed:synodal:pronoun:kiizhdo	alypy-gamanovich-grammar-web-2023	synodal:pronoun:kiizhdo	кійждо	кійждо	pronoun	pronoun-kii-zhdo	synodal:pronoun:kiizhdo	productive	typed-pronoun-specification	implemented	alypy-gamanovich-grammar-web-2023	Curated seed identity has a typed productive class or explicit indeclinable specification; exact evidence remains higher priority.
seed:synodal:pronoun:kolik	alypy-gamanovich-grammar-web-2023	synodal:pronoun:kolik	коликъ	коликъ	pronoun	pronoun-quantity-velar	synodal:pronoun:kolik	productive	typed-pronoun-specification	implemented	alypy-gamanovich-grammar-web-2023	Curated seed identity has a typed productive class or explicit indeclinable specification; exact evidence remains higher priority.
seed:synodal:pronoun:kolikii	alypy-gamanovich-grammar-web-2023	synodal:pronoun:kolikii	коликїй	коликїй	pronoun	pronoun-full-velar	synodal:pronoun:kolikii	productive	typed-pronoun-specification	implemented	alypy-gamanovich-grammar-web-2023	Curated seed identity has a typed productive class or explicit indeclinable specification; exact evidence remains higher priority.
seed:synodal:pronoun:kotoryi	alypy-gamanovich-grammar-web-2023	synodal:pronoun:kotoryi	который	который	pronoun	pronoun-full-hard	synodal:pronoun:kotoryi	productive	typed-pronoun-specification	implemented	alypy-gamanovich-grammar-web-2023	Curated seed identity has a typed productive class or explicit indeclinable specification; exact evidence remains higher priority.
seed:synodal:pronoun:kto	alypy-gamanovich-grammar-web-2023	synodal:pronoun:kto	кто	кто	pronoun	pronoun-interrogative-who	synodal:pronoun:kto	productive	typed-pronoun-specification	implemented	alypy-gamanovich-grammar-web-2023	Curated seed identity has a typed productive class or explicit indeclinable specification; exact evidence remains higher priority.
seed:synodal:pronoun:moi	alypy-gamanovich-grammar-web-2023	synodal:pronoun:moi	мой	мой	pronoun	pronoun-soft	synodal:pronoun:moi	productive	typed-pronoun-specification	implemented	alypy-gamanovich-grammar-web-2023	Curated seed identity has a typed productive class or explicit indeclinable specification; exact evidence remains higher priority.
seed:synodal:pronoun:nash	alypy-gamanovich-grammar-web-2023	synodal:pronoun:nash	нашъ	нашъ	pronoun	pronoun-mixed-possessive	synodal:pronoun:nash	productive	typed-pronoun-specification	implemented	alypy-gamanovich-grammar-web-2023	Curated seed identity has a typed productive class or explicit indeclinable specification; exact evidence remains higher priority.
seed:synodal:pronoun:nechto	alypy-gamanovich-grammar-web-2023	synodal:pronoun:nechto	нѣчто	нѣчто	pronoun	pronoun-indefinite-what	synodal:pronoun:nechto	productive	typed-pronoun-specification	implemented	alypy-gamanovich-grammar-web-2023	Curated seed identity has a typed productive class or explicit indeclinable specification; exact evidence remains higher priority.
seed:synodal:pronoun:nekii	alypy-gamanovich-grammar-web-2023	synodal:pronoun:nekii	нѣкій	нѣкій	pronoun	pronoun-indefinite-kii	synodal:pronoun:nekii	productive	typed-pronoun-specification	implemented	alypy-gamanovich-grammar-web-2023	Curated seed identity has a typed productive class or explicit indeclinable specification; exact evidence remains higher priority.
seed:synodal:pronoun:nekto	alypy-gamanovich-grammar-web-2023	synodal:pronoun:nekto	нѣкто	нѣкто	pronoun	pronoun-indefinite-who	synodal:pronoun:nekto	productive	typed-pronoun-specification	implemented	alypy-gamanovich-grammar-web-2023	Curated seed identity has a typed productive class or explicit indeclinable specification; exact evidence remains higher priority.
seed:synodal:pronoun:nichto	alypy-gamanovich-grammar-web-2023	synodal:pronoun:nichto	ничто	ничто	pronoun	pronoun-negative-what	synodal:pronoun:nichto	productive	typed-pronoun-specification	implemented	alypy-gamanovich-grammar-web-2023	Curated seed identity has a typed productive class or explicit indeclinable specification; exact evidence remains higher priority.
seed:synodal:pronoun:nikii	alypy-gamanovich-grammar-web-2023	synodal:pronoun:nikii	никій	никій	pronoun	pronoun-negative-kii	synodal:pronoun:nikii	productive	typed-pronoun-specification	implemented	alypy-gamanovich-grammar-web-2023	Curated seed identity has a typed productive class or explicit indeclinable specification; exact evidence remains higher priority.
seed:synodal:pronoun:nikotoryi	alypy-gamanovich-grammar-web-2023	synodal:pronoun:nikotoryi	никоторый	никоторый	pronoun	pronoun-negative-full-hard	synodal:pronoun:nikotoryi	productive	typed-pronoun-specification	implemented	alypy-gamanovich-grammar-web-2023	Curated seed identity has a typed productive class or explicit indeclinable specification; exact evidence remains higher priority.
seed:synodal:pronoun:nikto	alypy-gamanovich-grammar-web-2023	synodal:pronoun:nikto	никто	никто	pronoun	pronoun-negative-who	synodal:pronoun:nikto	productive	typed-pronoun-specification	implemented	alypy-gamanovich-grammar-web-2023	Curated seed identity has a typed productive class or explicit indeclinable specification; exact evidence remains higher priority.
seed:synodal:pronoun:on	alypy-gamanovich-grammar-web-2023	synodal:pronoun:on	онъ	онъ	pronoun	pronoun-third-person-demonstrative	synodal:pronoun:on	productive	typed-pronoun-specification	implemented	alypy-gamanovich-grammar-web-2023	Curated seed identity has a typed productive class or explicit indeclinable specification; exact evidence remains higher priority.
seed:synodal:pronoun:ovyi	alypy-gamanovich-grammar-web-2023	synodal:pronoun:ovyi	овый	овый	pronoun	pronoun-full-hard	synodal:pronoun:ovyi	productive	typed-pronoun-specification	implemented	alypy-gamanovich-grammar-web-2023	Curated seed identity has a typed productive class or explicit indeclinable specification; exact evidence remains higher priority.
seed:synodal:pronoun:sebe	alypy-gamanovich-grammar-web-2023	synodal:pronoun:sebe	себе	себе	pronoun	pronoun-reflexive	synodal:pronoun:sebe	productive	typed-pronoun-specification	implemented	alypy-gamanovich-grammar-web-2023	Curated seed identity has a typed productive class or explicit indeclinable specification; exact evidence remains higher priority.
seed:synodal:pronoun:sei	alypy-gamanovich-grammar-web-2023	synodal:pronoun:sei	сей	сей	pronoun	pronoun-proximal-sei	synodal:pronoun:sei	productive	typed-pronoun-specification	implemented	alypy-gamanovich-grammar-web-2023	Curated seed identity has a typed productive class or explicit indeclinable specification; exact evidence remains higher priority.
seed:synodal:pronoun:sitsevyi	alypy-gamanovich-grammar-web-2023	synodal:pronoun:sitsevyi	сицевый	сицевый	pronoun	pronoun-full-hard	synodal:pronoun:sitsevyi	productive	typed-pronoun-specification	implemented	alypy-gamanovich-grammar-web-2023	Curated seed identity has a typed productive class or explicit indeclinable specification; exact evidence remains higher priority.
seed:synodal:pronoun:svoi	alypy-gamanovich-grammar-web-2023	synodal:pronoun:svoi	свой	свой	pronoun	pronoun-soft	synodal:pronoun:svoi	productive	typed-pronoun-specification	implemented	alypy-gamanovich-grammar-web-2023	Curated seed identity has a typed productive class or explicit indeclinable specification; exact evidence remains higher priority.
seed:synodal:pronoun:takii	alypy-gamanovich-grammar-web-2023	synodal:pronoun:takii	такій	такій	pronoun	pronoun-full-velar	synodal:pronoun:takii	productive	typed-pronoun-specification	implemented	alypy-gamanovich-grammar-web-2023	Curated seed identity has a typed productive class or explicit indeclinable specification; exact evidence remains higher priority.
seed:synodal:pronoun:takov	alypy-gamanovich-grammar-web-2023	synodal:pronoun:takov	таковъ	таковъ	pronoun	pronoun-short-ov-mixed	synodal:pronoun:takov	productive	typed-pronoun-specification	implemented	alypy-gamanovich-grammar-web-2023	Curated seed identity has a typed productive class or explicit indeclinable specification; exact evidence remains higher priority.
seed:synodal:pronoun:takovyi	alypy-gamanovich-grammar-web-2023	synodal:pronoun:takovyi	таковый	таковый	pronoun	pronoun-full-hard	synodal:pronoun:takovyi	productive	typed-pronoun-specification	implemented	alypy-gamanovich-grammar-web-2023	Curated seed identity has a typed productive class or explicit indeclinable specification; exact evidence remains higher priority.
seed:synodal:pronoun:toi	alypy-gamanovich-grammar-web-2023	synodal:pronoun:toi	той	той	pronoun	pronoun-hard	synodal:pronoun:toi	productive	typed-pronoun-specification	implemented	alypy-gamanovich-grammar-web-2023	Curated seed identity has a typed productive class or explicit indeclinable specification; exact evidence remains higher priority.
seed:synodal:pronoun:tolik	alypy-gamanovich-grammar-web-2023	synodal:pronoun:tolik	толикъ	толикъ	pronoun	pronoun-quantity-velar	synodal:pronoun:tolik	productive	typed-pronoun-specification	implemented	alypy-gamanovich-grammar-web-2023	Curated seed identity has a typed productive class or explicit indeclinable specification; exact evidence remains higher priority.
seed:synodal:pronoun:tolikii	alypy-gamanovich-grammar-web-2023	synodal:pronoun:tolikii	толикїй	толикїй	pronoun	pronoun-full-velar	synodal:pronoun:tolikii	productive	typed-pronoun-specification	implemented	alypy-gamanovich-grammar-web-2023	Curated seed identity has a typed productive class or explicit indeclinable specification; exact evidence remains higher priority.
seed:synodal:pronoun:tvoi	alypy-gamanovich-grammar-web-2023	synodal:pronoun:tvoi	твой	твой	pronoun	pronoun-soft	synodal:pronoun:tvoi	productive	typed-pronoun-specification	implemented	alypy-gamanovich-grammar-web-2023	Curated seed identity has a typed productive class or explicit indeclinable specification; exact evidence remains higher priority.
seed:synodal:pronoun:ty	alypy-gamanovich-grammar-web-2023	synodal:pronoun:ty	ты	ты	pronoun	pronoun-personal-second	synodal:pronoun:ty	productive	typed-pronoun-specification	implemented	alypy-gamanovich-grammar-web-2023	Curated seed identity has a typed productive class or explicit indeclinable specification; exact evidence remains higher priority.
seed:synodal:pronoun:v06-7cb9fbdd604c5a70	english-wiktionary-ocs-kaikki-2026-08-07	synodal:pronoun:v06-7cb9fbdd604c5a70	и	и	pronoun	pronoun-third-person	synodal:pronoun:v06-7cb9fbdd604c5a70	productive	typed-pronoun-specification	implemented	english-wiktionary-ocs-kaikki-2026-08-07	Curated seed identity has a typed productive class or explicit indeclinable specification; exact evidence remains higher priority.
seed:synodal:pronoun:v06-nichtozhe	alypy-gamanovich-grammar-web-2023	synodal:pronoun:v06-nichtozhe	ничтоже	ничтоже	pronoun	pronoun-negative-what-zhe	synodal:pronoun:v06-nichtozhe	productive	typed-pronoun-specification	implemented	alypy-gamanovich-grammar-web-2023	Curated seed identity has a typed productive class or explicit indeclinable specification; exact evidence remains higher priority.
seed:synodal:pronoun:v06-niktozhe	alypy-gamanovich-grammar-web-2023	synodal:pronoun:v06-niktozhe	никтоже	никтоже	pronoun	pronoun-negative-who-zhe	synodal:pronoun:v06-niktozhe	productive	typed-pronoun-specification	implemented	alypy-gamanovich-grammar-web-2023	Curated seed identity has a typed productive class or explicit indeclinable specification; exact evidence remains higher priority.
seed:synodal:pronoun:v07-97002c43d9dd87c3	alypy-gamanovich-grammar-web-2023	synodal:pronoun:v07-97002c43d9dd87c3	овъ	овъ	pronoun	pronoun-short-hard	synodal:pronoun:v07-97002c43d9dd87c3	productive	typed-pronoun-specification	implemented	alypy-gamanovich-grammar-web-2023	Curated seed identity has a typed productive class or explicit indeclinable specification; exact evidence remains higher priority.
seed:synodal:pronoun:vash	alypy-gamanovich-grammar-web-2023	synodal:pronoun:vash	вашъ	вашъ	pronoun	pronoun-mixed-possessive	synodal:pronoun:vash	productive	typed-pronoun-specification	implemented	alypy-gamanovich-grammar-web-2023	Curated seed identity has a typed productive class or explicit indeclinable specification; exact evidence remains higher priority.
seed:synodal:pronoun:wikt-7c6914eff782	alypy-gamanovich-grammar-web-2023	synodal:pronoun:wikt-7c6914eff782	сѧ	сѧ	pronoun	pronoun-reflexive-clitic	synodal:pronoun:wikt-7c6914eff782	productive	typed-pronoun-specification	implemented	alypy-gamanovich-grammar-web-2023	Curated seed identity has a typed productive class or explicit indeclinable specification; exact evidence remains higher priority.
seed:synodal:pronoun:wikt-abc6b7472112	alypy-gamanovich-grammar-web-2023	synodal:pronoun:wikt-abc6b7472112	инъ	инъ	pronoun	pronoun-short-hard	synodal:pronoun:wikt-abc6b7472112	productive	typed-pronoun-specification	implemented	alypy-gamanovich-grammar-web-2023	Curated seed identity has a typed productive class or explicit indeclinable specification; exact evidence remains higher priority.
seed:synodal:pronoun:yak	alypy-gamanovich-grammar-web-2023	synodal:pronoun:yak	ꙗкъ	ꙗкъ	pronoun	pronoun-short-velar	synodal:pronoun:yak	productive	typed-pronoun-specification	implemented	alypy-gamanovich-grammar-web-2023	Curated seed identity has a typed productive class or explicit indeclinable specification; exact evidence remains higher priority.
seed:synodal:pronoun:yakii	alypy-gamanovich-grammar-web-2023	synodal:pronoun:yakii	ꙗкій	ꙗкій	pronoun	pronoun-full-velar	synodal:pronoun:yakii	productive	typed-pronoun-specification	implemented	alypy-gamanovich-grammar-web-2023	Curated seed identity has a typed productive class or explicit indeclinable specification; exact evidence remains higher priority.
seed:synodal:pronoun:yakov	alypy-gamanovich-grammar-web-2023	synodal:pronoun:yakov	ꙗковъ	ꙗковъ	pronoun	pronoun-short-ov-mixed	synodal:pronoun:yakov	productive	typed-pronoun-specification	implemented	alypy-gamanovich-grammar-web-2023	Curated seed identity has a typed productive class or explicit indeclinable specification; exact evidence remains higher priority.
seed:synodal:pronoun:yakovyi	alypy-gamanovich-grammar-web-2023	synodal:pronoun:yakovyi	ꙗковый	ꙗковый	pronoun	pronoun-full-hard	synodal:pronoun:yakovyi	productive	typed-pronoun-specification	implemented	alypy-gamanovich-grammar-web-2023	Curated seed identity has a typed productive class or explicit indeclinable specification; exact evidence remains higher priority.
seed:synodal:verb:byti	alypy-gamanovich-grammar-web-2023	synodal:verb:byti	быти	быти	verb	archaic	synodal:verb:byti	productive	typed-verb-specification	implemented	alypy-gamanovich-grammar-web-2023	Curated seed identity has a typed productive class or explicit indeclinable specification; exact evidence remains higher priority.
seed:synodal:verb:dati	alypy-gamanovich-grammar-web-2023	synodal:verb:dati	дати	дати	verb	archaic	synodal:verb:dati	productive	typed-verb-specification	implemented	alypy-gamanovich-grammar-web-2023	Curated seed identity has a typed productive class or explicit indeclinable specification; exact evidence remains higher priority.
seed:synodal:verb:dostoyati	alypy-gamanovich-grammar-web-2023	synodal:verb:dostoyati	достоꙗти	достоꙗти	verb	exact	synodal:verb:dostoyati	closed-irregular	typed-defective-inventory	implemented	alypy-104-dostoyati-defective	Alypy §104 licenses only the third-singular present and imperfect plus the cited infinitive; all other requests fail through the registered historical defect.
seed:synodal:verb:imati	alypy-gamanovich-grammar-web-2023	synodal:verb:imati	имати	имати	verb	archaic	synodal:verb:imati	productive	typed-verb-specification	implemented	alypy-gamanovich-grammar-web-2023	Curated seed identity has a typed productive class or explicit indeclinable specification; exact evidence remains higher priority.
seed:synodal:verb:lyubiti	alypy-gamanovich-grammar-web-2023	synodal:verb:lyubiti	любити	любити	verb	second	synodal:verb:lyubiti	productive	typed-verb-specification	implemented	alypy-gamanovich-grammar-web-2023	Curated seed identity has a typed productive class or explicit indeclinable specification; exact evidence remains higher priority.
seed:synodal:verb:nesti	alypy-gamanovich-grammar-web-2023	synodal:verb:nesti	нести	нести	verb	first-unpalatalized	synodal:verb:nesti	productive	typed-verb-specification	implemented	alypy-gamanovich-grammar-web-2023	Curated seed identity has a typed productive class or explicit indeclinable specification; exact evidence remains higher priority.
seed:synodal:verb:pisati	alypy-gamanovich-grammar-web-2023	synodal:verb:pisati	писати	писати	verb	first-palatalized	synodal:verb:pisati	productive	typed-verb-specification	implemented	alypy-gamanovich-grammar-web-2023	Curated seed identity has a typed productive class or explicit indeclinable specification; exact evidence remains higher priority.
seed:synodal:verb:v06-iziti	english-wiktionary-ocs-kaikki-2026-08-07	synodal:verb:v06-iziti	изити	изити	verb	first-unpalatalized	synodal:verb:v06-iziti	productive	typed-verb-specification	implemented	english-wiktionary-ocs-kaikki-2026-08-07	Curated seed identity has a typed productive class or explicit indeclinable specification; exact evidence remains higher priority.
seed:synodal:verb:v06-vzeti	english-wiktionary-ocs-kaikki-2026-08-07	synodal:verb:v06-vzeti	възѧти	възѧти	verb	first-palatalized	synodal:verb:v06-vzeti	productive	typed-verb-specification	implemented	english-wiktionary-ocs-kaikki-2026-08-07	Curated seed identity has a typed productive class or explicit indeclinable specification; exact evidence remains higher priority.
seed:synodal:verb:v06-vzyti	english-wiktionary-ocs-kaikki-2026-08-07	synodal:verb:v06-vzyti	взыти	взыти	verb	first-unpalatalized	synodal:verb:v06-vzyti	productive	typed-verb-specification	implemented	english-wiktionary-ocs-kaikki-2026-08-07	Curated seed identity has a typed productive class or explicit indeclinable specification; exact evidence remains higher priority.
seed:synodal:verb:v07-35ce5d83583f3639	alypy-gamanovich-grammar-web-2023	synodal:verb:v07-35ce5d83583f3639	начѧти	начѧти	verb	first-unpalatalized	synodal:verb:v07-35ce5d83583f3639	productive	typed-verb-specification	implemented	alypy-gamanovich-grammar-web-2023	Curated seed identity has a typed productive class or explicit indeclinable specification; exact evidence remains higher priority.
seed:synodal:verb:wikt-070505e82800	alypy-gamanovich-grammar-web-2023	synodal:verb:wikt-070505e82800	хотѣти	хотѣти	verb	first-unpalatalized	synodal:verb:wikt-070505e82800	productive	typed-verb-specification	implemented	alypy-gamanovich-grammar-web-2023	Curated seed identity has a typed productive class or explicit indeclinable specification; exact evidence remains higher priority.
seed:synodal:verb:wikt-0c6c8db63b7c	alypy-gamanovich-grammar-web-2023	synodal:verb:wikt-0c6c8db63b7c	имѣти	имѣти	verb	archaic	synodal:verb:wikt-0c6c8db63b7c	productive	typed-verb-specification	implemented	alypy-gamanovich-grammar-web-2023	Curated seed identity has a typed productive class or explicit indeclinable specification; exact evidence remains higher priority.
seed:synodal:verb:wikt-6ceeefbe4e9e	alypy-gamanovich-grammar-web-2023	synodal:verb:wikt-6ceeefbe4e9e	ꙗсти	ꙗсти	verb	archaic	synodal:verb:wikt-6ceeefbe4e9e	productive	typed-verb-specification	implemented	alypy-gamanovich-grammar-web-2023	Curated seed identity has a typed productive class or explicit indeclinable specification; exact evidence remains higher priority.
seed:synodal:verb:wikt-8a084860d2ef	alypy-gamanovich-grammar-web-2023	synodal:verb:wikt-8a084860d2ef	вѣдѣти	вѣдѣти	verb	archaic	synodal:verb:wikt-8a084860d2ef	productive	typed-verb-specification	implemented	alypy-gamanovich-grammar-web-2023	Curated seed identity has a typed productive class or explicit indeclinable specification; exact evidence remains higher priority.
