review_id	lexeme_id	sense_id	lemma	part_of_speech	cell	expanded	printed	gloss	domains	semantic_source_id	semantic_candidate_id	attestation_source_id	attestation_candidate_id	citation	decision	target_recension	review_note
review:v03:00fc7dcfccbe	synodal:noun:wikt-00fc7dcfccbe	sense:v03:00fc7dcfccbe	казнь	noun	lexical-form	казнь	ка́знь	order; punishment	general	english-wiktionary-ocs-kaikki-2026-08-07	synodal:candidate:00fc7dcfccbe4be215bf3e12	ponomar-elizabeth-bible-2026-08-09	synodal:candidate:1955b1c9170003ca18b8ab6e	Ezek.43.11	reviewed	synodal-russian	Reviewer confirmed the source-partition Synodal context and conservative OCS sense continuity; exact lexical evidence only, with no productive class inferred.
review:v03:01ae95673081	synodal:noun:wikt-01ae95673081	sense:v03:01ae95673081	сѣчь	noun	lexical-form	сѣчь	сѣ́чь	fight	general	english-wiktionary-ocs-kaikki-2026-08-07	synodal:candidate:01ae956730817fce15f88114	ponomar-elizabeth-bible-2026-08-09	synodal:candidate:6dcaecaca68232857d88927a	III_Kings.22.30	reviewed	synodal-russian	Reviewer confirmed the source-partition Synodal context and conservative OCS sense continuity; exact lexical evidence only, with no productive class inferred.
review:v03:023680f16755	synodal:noun:wikt-023680f16755	sense:v03:023680f16755	избавитель	noun	lexical-form	избавитель	и҆зба́витель	redeemer	general	english-wiktionary-ocs-kaikki-2026-08-07	synodal:candidate:023680f16755a3de86f632cd	ponomar-elizabeth-bible-2026-08-09	synodal:candidate:d7277f4507c8697e72ffcf90	III_Macc.7.20	reviewed	synodal-russian	Reviewer confirmed the source-partition Synodal context and conservative OCS sense continuity; exact lexical evidence only, with no productive class inferred.
review:v03:0262fd349b56	synodal:preposition:wikt-0262fd349b56	sense:v03:0262fd349b56	до	preposition	indeclinable	до	до	until; up to	general	english-wiktionary-ocs-kaikki-2026-08-07	synodal:candidate:0262fd349b56ce84ebf6c7ca	ponomar-elizabeth-bible-2026-08-09	synodal:candidate:da3be8b88f8120e9fc660a79	Acts.1.22	reviewed	synodal-russian	Reviewer confirmed the source-partition Synodal context and conservative OCS sense continuity; exact lexical evidence only, with no productive class inferred.
review:v03:02f6e46669e2	synodal:noun:wikt-02f6e46669e2	sense:v03:02f6e46669e2	свѣтило	noun	lexical-form	свѣтило	свѣти́ло	lamp	general	english-wiktionary-ocs-kaikki-2026-08-07	synodal:candidate:02f6e46669e2730d1d3b7b1b	ponomar-elizabeth-bible-2026-08-09	synodal:candidate:f96dffb6054c384f232fa942	Gen.1.16	rejected	synodal-russian	Rejected: surface belongs to multiple OCS lexeme paradigms; target identity must be resolved manually
review:v03:0455864dfaa2	synodal:noun:wikt-0455864dfaa2	sense:v03:0455864dfaa2	пища	noun	lexical-form	пища	пи́ща	food	general	english-wiktionary-ocs-kaikki-2026-08-07	synodal:candidate:0455864dfaa20015244439b1	ponomar-elizabeth-bible-2026-08-09	synodal:candidate:af9469b287746891fe4d724f	Dan.4.9	rejected	synodal-russian	Rejected: surface belongs to multiple OCS lexeme paradigms; target identity must be resolved manually
review:v03:04f311cf0bd0	synodal:numeral:wikt-04f311cf0bd0	sense:v03:04f311cf0bd0	девѧть	numeral	lexical-form	девѧть	де́вѧть	nine	general	english-wiktionary-ocs-kaikki-2026-08-07	synodal:candidate:04f311cf0bd0609f3e08712c	ponomar-elizabeth-bible-2026-08-09	synodal:candidate:5b4336de0d1968ad9fb1fd6e	Dan.3.47	reviewed	synodal-russian	Reviewer confirmed the source-partition Synodal context and conservative OCS sense continuity; exact lexical evidence only, with no productive class inferred.
review:v03:04fd757a9147	synodal:noun:wikt-04fd757a9147	sense:v03:04fd757a9147	лоно	noun	lexical-form	лоно	ло́но	bosom	general	english-wiktionary-ocs-kaikki-2026-08-07	synodal:candidate:04fd757a9147a26e2815bceb	ponomar-elizabeth-bible-2026-08-09	synodal:candidate:bcfb0bcd6e4873869fb9421a	II_Kings.12.8	reviewed	synodal-russian	Reviewer confirmed the source-partition Synodal context and conservative OCS sense continuity; exact lexical evidence only, with no productive class inferred.
review:v03:05a4aa9772c7	synodal:noun:wikt-05a4aa9772c7	sense:v03:05a4aa9772c7	зракъ	noun	lexical-form	зракъ	зра́къ	form; look; sight	general	english-wiktionary-ocs-kaikki-2026-08-07	synodal:candidate:05a4aa9772c74e3f8944cd2c	ponomar-elizabeth-bible-2026-08-09	synodal:candidate:f2802c824b19d6e1a46338fa	Dan.3.19	reviewed	synodal-russian	Reviewer confirmed the source-partition Synodal context and conservative OCS sense continuity; exact lexical evidence only, with no productive class inferred.
review:v03:05ba11bef72e	synodal:noun:wikt-05ba11bef72e	sense:v03:05ba11bef72e	кола	noun	lexical-form	кола	кола̀	a cart; wheels	general	english-wiktionary-ocs-kaikki-2026-08-07	synodal:candidate:05ba11bef72e1c80ab2f8383	ponomar-elizabeth-bible-2026-08-09	synodal:candidate:68e6f7c9ffd0e55758361b0e	Sirach.26.15	rejected	synodal-russian	Rejected: surface belongs to multiple OCS lexeme paradigms; target identity must be resolved manually
review:v03:06af096688df	synodal:verb:wikt-06af096688df	sense:v03:06af096688df	рещи	verb	lexical-form	рещи	рещѝ	to say; to speak	general	english-wiktionary-ocs-kaikki-2026-08-07	synodal:candidate:06af096688dfb5a7c067149b	ponomar-elizabeth-bible-2026-08-09	synodal:candidate:bd3aa98b46636d5006084946	Acts.2.29	reviewed	synodal-russian	Reviewer confirmed the source-partition Synodal context and conservative OCS sense continuity; exact lexical evidence only, with no productive class inferred.
review:v03:070505e82800	synodal:verb:wikt-070505e82800	sense:v03:070505e82800	хотѣти	verb	lexical-form	хотѣти	хотѣ́ти	to want; to wish	general	english-wiktionary-ocs-kaikki-2026-08-07	synodal:candidate:070505e82800a685e990deb1	ponomar-elizabeth-bible-2026-08-09	synodal:candidate:7c1587daa3c9db24116497f0	II_Cor.8.10	reviewed	synodal-russian	Reviewer confirmed the source-partition Synodal context and conservative OCS sense continuity; exact lexical evidence only, with no productive class inferred.
review:v03:0759085b29f5	synodal:verb:wikt-0759085b29f5	sense:v03:0759085b29f5	напасти	verb	lexical-form	напасти	напа́сти	to attack; to fall	general	english-wiktionary-ocs-kaikki-2026-08-07	synodal:candidate:0759085b29f5fd9fa00a13fe	ponomar-elizabeth-bible-2026-08-09	synodal:candidate:412a404201a71659f900cd34	III_Esdra.12.47	rejected	synodal-russian	Rejected: surface belongs to multiple OCS lexeme paradigms; target identity must be resolved manually
review:v03:076d1c8a0add	synodal:verb:wikt-076d1c8a0add	sense:v03:076d1c8a0add	поставити	verb	lexical-form	поставити	поста́вити	to set, place	general	english-wiktionary-ocs-kaikki-2026-08-07	synodal:candidate:076d1c8a0addaf52fcccf844	ponomar-elizabeth-bible-2026-08-09	synodal:candidate:5ee14b269112a9668d6ab624	Dan.11.14	reviewed	synodal-russian	Reviewer confirmed the source-partition Synodal context and conservative OCS sense continuity; exact lexical evidence only, with no productive class inferred.
review:v03:0791f206b358	synodal:noun:wikt-0791f206b358	sense:v03:0791f206b358	вїно	noun	lexical-form	вїно	вїно̀	wine	general	english-wiktionary-ocs-kaikki-2026-08-07	synodal:candidate:0791f206b3588ae74c8fb484	ponomar-elizabeth-bible-2026-08-09	synodal:candidate:c510217790635e1d21af9216	Amos.2.8	rejected	synodal-russian	Rejected: surface belongs to multiple OCS lexeme paradigms; target identity must be resolved manually
review:v03:0815a5aaa06c	synodal:conjunction:wikt-0815a5aaa06c	sense:v03:0815a5aaa06c	понеже	conjunction	indeclinable	понеже	поне́же	as long as, to what extent; because, since; therefore, owing to; when	general	english-wiktionary-ocs-kaikki-2026-08-07	synodal:candidate:0815a5aaa06c8383a240ef27	ponomar-elizabeth-bible-2026-08-09	synodal:candidate:9285c42afc6fa21679431133	Acts.13.46	reviewed	synodal-russian	Reviewer confirmed the source-partition Synodal context and conservative OCS sense continuity; exact lexical evidence only, with no productive class inferred.
review:v03:0884b01d2a6d	synodal:verb:wikt-0884b01d2a6d	sense:v03:0884b01d2a6d	сѣщи	verb	lexical-form	сѣщи	сѣщѝ	to cut down; to hack, chop off; to sacrifice, slaughter; to scratch, carve	general	english-wiktionary-ocs-kaikki-2026-08-07	synodal:candidate:0884b01d2a6d75f3ed89f78a	ponomar-elizabeth-bible-2026-08-09	synodal:candidate:c02c266f78a10e5d46de091a	II_Macc.5.12	reviewed	synodal-russian	Reviewer confirmed the source-partition Synodal context and conservative OCS sense continuity; exact lexical evidence only, with no productive class inferred.
review:v03:08f98d27deae	synodal:pronoun:wikt-08f98d27deae	sense:v03:08f98d27deae	ѡна	pronoun	lexical-form	ѡна	ѡ҆́на	she	general	english-wiktionary-ocs-kaikki-2026-08-07	synodal:candidate:08f98d27deaeeb23b50a86a3	ponomar-elizabeth-bible-2026-08-09	synodal:candidate:8233ae47623c1f15de24aa36	Acts.16.35	rejected	synodal-russian	Rejected: surface belongs to multiple OCS lexeme paradigms; target identity must be resolved manually
review:v03:08fbc901c845	synodal:noun:wikt-08fbc901c845	sense:v03:08fbc901c845	цвѣтъ	noun	lexical-form	цвѣтъ	цвѣ́тъ	flower	general	english-wiktionary-ocs-kaikki-2026-08-07	synodal:candidate:08fbc901c845d2ce0046d01e	ponomar-elizabeth-bible-2026-08-09	synodal:candidate:dfb50ecbe1950dc2988a165a	Ex.28.34	reviewed	synodal-russian	Reviewer confirmed the source-partition Synodal context and conservative OCS sense continuity; exact lexical evidence only, with no productive class inferred.
review:v03:09a36df30ab5	synodal:noun:wikt-09a36df30ab5	sense:v03:09a36df30ab5	дѣвица	noun	lexical-form	дѣвица	дѣви́ца	girl; virgin	general	english-wiktionary-ocs-kaikki-2026-08-07	synodal:candidate:09a36df30ab537b2fd568a85	ponomar-elizabeth-bible-2026-08-09	synodal:candidate:96a24d0df22eece9a596821c	Amos.5.2	reviewed	synodal-russian	Reviewer confirmed the source-partition Synodal context and conservative OCS sense continuity; exact lexical evidence only, with no productive class inferred.
review:v03:0bf5c230381c	synodal:noun:wikt-0bf5c230381c	sense:v03:0bf5c230381c	маслина	noun	lexical-form	маслина	ма́слина	olive tree	general	english-wiktionary-ocs-kaikki-2026-08-07	synodal:candidate:0bf5c230381c6e7c90dba47d	ponomar-elizabeth-bible-2026-08-09	synodal:candidate:4e28e428cd53c58a88f3eb86	Deut.28.40	reviewed	synodal-russian	Reviewer confirmed the source-partition Synodal context and conservative OCS sense continuity; exact lexical evidence only, with no productive class inferred.
review:v03:0bf8dd5dba56	synodal:pronoun:wikt-0bf8dd5dba56	sense:v03:0bf8dd5dba56	ѡнѡ	pronoun	lexical-form	ѡнѡ	ѡ҆нѡ̀	it	general	english-wiktionary-ocs-kaikki-2026-08-07	synodal:candidate:0bf8dd5dba56973645367c2e	ponomar-elizabeth-bible-2026-08-09	synodal:candidate:c4eb3a8e32fc518034a9907e	Nehem.6.2	rejected	synodal-russian	Rejected: surface belongs to multiple OCS lexeme paradigms; target identity must be resolved manually
review:v03:0c0af50265fe	synodal:noun:wikt-0c0af50265fe	sense:v03:0c0af50265fe	лѣсъ	noun	lexical-form	лѣсъ	лѣ́съ	forest; woods	general	english-wiktionary-ocs-kaikki-2026-08-07	synodal:candidate:0c0af50265fe14b27af4eeeb	ponomar-elizabeth-bible-2026-08-09	synodal:candidate:b7f49c6c11cc0cfbe1dff273	Deut.19.5	reviewed	synodal-russian	Reviewer confirmed the source-partition Synodal context and conservative OCS sense continuity; exact lexical evidence only, with no productive class inferred.
review:v03:0c6c8db63b7c	synodal:verb:wikt-0c6c8db63b7c	sense:v03:0c6c8db63b7c	имѣти	verb	lexical-form	имѣти	и҆мѣ́ти	to have; to hold; to possess	general	english-wiktionary-ocs-kaikki-2026-08-07	synodal:candidate:0c6c8db63b7c6b044157fd56	ponomar-elizabeth-bible-2026-08-09	synodal:candidate:05aef44009a73fe8a572a8fc	Acts.24.23	reviewed	synodal-russian	Reviewer confirmed the source-partition Synodal context and conservative OCS sense continuity; exact lexical evidence only, with no productive class inferred.
review:v03:0cf369042ac9	synodal:noun:wikt-0cf369042ac9	sense:v03:0cf369042ac9	дань	noun	lexical-form	дань	да́нь	tribute	general	english-wiktionary-ocs-kaikki-2026-08-07	synodal:candidate:0cf369042ac9df376a96c44b	ponomar-elizabeth-bible-2026-08-09	synodal:candidate:0c902344644adb29aa83dc54	Deut.20.11	reviewed	synodal-russian	Reviewer confirmed the source-partition Synodal context and conservative OCS sense continuity; exact lexical evidence only, with no productive class inferred.
review:v03:0d25e7e03ae4	synodal:verb:wikt-0d25e7e03ae4	sense:v03:0d25e7e03ae4	расти	verb	lexical-form	расти	растѝ	to grow	general	english-wiktionary-ocs-kaikki-2026-08-07	synodal:candidate:0d25e7e03ae426286cd5c3f9	ponomar-elizabeth-bible-2026-08-09	synodal:candidate:d5d792d5c473112dbe4d62fb	Jn.3.30	rejected	synodal-russian	Rejected: surface belongs to multiple OCS lexeme paradigms; target identity must be resolved manually
review:v03:0e30b392f62c	synodal:verb:wikt-0e30b392f62c	sense:v03:0e30b392f62c	избавити	verb	lexical-form	избавити	и҆зба́вити	to redeem, to save	general	english-wiktionary-ocs-kaikki-2026-08-07	synodal:candidate:0e30b392f62ccdb7a03f263f	ponomar-elizabeth-bible-2026-08-09	synodal:candidate:a6a24ca0d92113683741c58b	Dan.3.17	reviewed	synodal-russian	Reviewer confirmed the source-partition Synodal context and conservative OCS sense continuity; exact lexical evidence only, with no productive class inferred.
review:v03:0e8f360a6d3d	synodal:noun:wikt-0e8f360a6d3d	sense:v03:0e8f360a6d3d	мѧсо	noun	lexical-form	мѧсо	мѧ́со	meat	general	english-wiktionary-ocs-kaikki-2026-08-07	synodal:candidate:0e8f360a6d3d4578ea6f9137	ponomar-elizabeth-bible-2026-08-09	synodal:candidate:678f4427d9553eaa6943bf99	Isa.44.16	reviewed	synodal-russian	Reviewer confirmed the source-partition Synodal context and conservative OCS sense continuity; exact lexical evidence only, with no productive class inferred.
review:v03:0f90480ac003	synodal:adverb:wikt-0f90480ac003	sense:v03:0f90480ac003	оуже	adverb	indeclinable	оуже	Оу҆же́	already	general	english-wiktionary-ocs-kaikki-2026-08-07	synodal:candidate:0f90480ac003bf58bf4469f6	ponomar-elizabeth-bible-2026-08-09	synodal:candidate:255c7c7ae64c26e4f71ba37b	III_Esdra.15.27	reviewed	synodal-russian	Reviewer confirmed the source-partition Synodal context and conservative OCS sense continuity; exact lexical evidence only, with no productive class inferred.
review:v03:11096eed23a1	synodal:preposition:wikt-11096eed23a1	sense:v03:11096eed23a1	мимѡ	preposition	indeclinable	мимѡ	ми́мѡ	by; past	general	english-wiktionary-ocs-kaikki-2026-08-07	synodal:candidate:11096eed23a1163d723d3370	ponomar-elizabeth-bible-2026-08-09	synodal:candidate:2a32351310d91e5dc731fd08	Dan.11.10	reviewed	synodal-russian	Reviewer confirmed the source-partition Synodal context and conservative OCS sense continuity; exact lexical evidence only, with no productive class inferred.
review:v03:1110785de9ba	synodal:verb:wikt-1110785de9ba	sense:v03:1110785de9ba	кадити	verb	lexical-form	кадити	кади́ти	burn incense	general	english-wiktionary-ocs-kaikki-2026-08-07	synodal:candidate:1110785de9baf7c7627cd8ef	ponomar-elizabeth-bible-2026-08-09	synodal:candidate:4330237ac4841f0e1d125e38	II_Paral.2.4	reviewed	synodal-russian	Reviewer confirmed the source-partition Synodal context and conservative OCS sense continuity; exact lexical evidence only, with no productive class inferred.
review:v03:121f3af5b5aa	synodal:noun:wikt-121f3af5b5aa	sense:v03:121f3af5b5aa	пропасть	noun	lexical-form	пропасть	про́пасть	abyss	general	english-wiktionary-ocs-kaikki-2026-08-07	synodal:candidate:121f3af5b5aa2a5641c4ffde	ponomar-elizabeth-bible-2026-08-09	synodal:candidate:3cc6f627c4639a8b9743f535	Ezek.31.14	reviewed	synodal-russian	Reviewer confirmed the source-partition Synodal context and conservative OCS sense continuity; exact lexical evidence only, with no productive class inferred.
review:v03:1325cb23f93e	synodal:preposition:wikt-1325cb23f93e	sense:v03:1325cb23f93e	предъ	preposition	indeclinable	предъ	пред̾	before; in front of	general	english-wiktionary-ocs-kaikki-2026-08-07	synodal:candidate:1325cb23f93ee3cdd59bc86d	ponomar-elizabeth-bible-2026-08-09	synodal:candidate:356409b4b0d48a6963f53576	Acts.1.10	reviewed	synodal-russian	Reviewer confirmed the target preposition and printed final hard-sign abbreviation mark in the locked source passage.
review:v03:1348cff35032	synodal:noun:wikt-1348cff35032	sense:v03:1348cff35032	кожа	noun	lexical-form	кожа	ко́жа	leather; skin	general	english-wiktionary-ocs-kaikki-2026-08-07	synodal:candidate:1348cff350327b07745e90fb	ponomar-elizabeth-bible-2026-08-09	synodal:candidate:aaa67d6da8ff206520107a00	Gen.25.25	reviewed	synodal-russian	Reviewer confirmed the source-partition Synodal context and conservative OCS sense continuity; exact lexical evidence only, with no productive class inferred.
review:v03:1366b7801c1c	synodal:noun:wikt-1366b7801c1c	sense:v03:1366b7801c1c	рѣка	noun	lexical-form	рѣка	рѣка̀	river	general	english-wiktionary-ocs-kaikki-2026-08-07	synodal:candidate:1366b7801c1c80071f0ed0ef	ponomar-elizabeth-bible-2026-08-09	synodal:candidate:eb0a2a9a9857c633fb405e25	Amos.8.8	reviewed	synodal-russian	Reviewer confirmed the source-partition Synodal context and conservative OCS sense continuity; exact lexical evidence only, with no productive class inferred.
review:v03:13fb137e551e	synodal:noun:wikt-13fb137e551e	sense:v03:13fb137e551e	воскъ	noun	lexical-form	воскъ	во́скъ	wax	general	english-wiktionary-ocs-kaikki-2026-08-07	synodal:candidate:13fb137e551e717a24bba556	ponomar-elizabeth-bible-2026-08-09	synodal:candidate:e0026b0920c61a3d4e48c339	Isa.64.2	reviewed	synodal-russian	Reviewer confirmed the source-partition Synodal context and conservative OCS sense continuity; exact lexical evidence only, with no productive class inferred.
review:v03:149f5ba72213	synodal:noun:wikt-149f5ba72213	sense:v03:149f5ba72213	нѡсила	noun	lexical-form	нѡсила	нѡси́ла	bier	general	english-wiktionary-ocs-kaikki-2026-08-07	synodal:candidate:149f5ba72213ecec8f0c2271	ponomar-elizabeth-bible-2026-08-09	synodal:candidate:60d8e20cde306c953bba530c	Ex.25.13	rejected	synodal-russian	Rejected: surface belongs to multiple OCS lexeme paradigms; target identity must be resolved manually
review:v03:14d1431cf181	synodal:verb:wikt-14d1431cf181	sense:v03:14d1431cf181	знати	verb	lexical-form	знати	зна́ти	to know	general	english-wiktionary-ocs-kaikki-2026-08-07	synodal:candidate:14d1431cf181a8d3a1349e6d	ponomar-elizabeth-bible-2026-08-09	synodal:candidate:822248711e06f7df27468d70	III_Esdra.13.52	reviewed	synodal-russian	Reviewer confirmed the source-partition Synodal context and conservative OCS sense continuity; exact lexical evidence only, with no productive class inferred.
review:v03:1502ca77beeb	synodal:noun:wikt-1502ca77beeb	sense:v03:1502ca77beeb	архїстратигъ	noun	lexical-form	архїстратигъ	а҆рхїстрати́гъ	commander-in-chief	general	english-wiktionary-ocs-kaikki-2026-08-07	synodal:candidate:1502ca77beeb70ce2ff5be64	ponomar-elizabeth-bible-2026-08-09	synodal:candidate:96034e61cf4af029e5c8dd1f	Dan.8.11	reviewed	synodal-russian	Reviewer confirmed the source-partition Synodal context and conservative OCS sense continuity; exact lexical evidence only, with no productive class inferred.
review:v03:1517b4e9e11d	synodal:pronoun:wikt-1517b4e9e11d	sense:v03:1517b4e9e11d	та	pronoun	lexical-form	та	та̀	feminine nominative singular; masculine nominative/accusative dual; neuter nominative/accusative plural	general	english-wiktionary-ocs-kaikki-2026-08-07	synodal:candidate:1517b4e9e11d38ab1ef77a08	ponomar-elizabeth-bible-2026-08-09	synodal:candidate:26b4c08177aaeeb30b384939	Acts.16.15	rejected	synodal-russian	Rejected: surface belongs to multiple OCS lexeme paradigms; target identity must be resolved manually
review:v03:164b8f0d21df	synodal:noun:wikt-164b8f0d21df	sense:v03:164b8f0d21df	число	noun	lexical-form	число	число̀	number	general	english-wiktionary-ocs-kaikki-2026-08-07	synodal:candidate:164b8f0d21dffd5c44d4cd7d	ponomar-elizabeth-bible-2026-08-09	synodal:candidate:69ee68e90a3ce71a8259d88e	Acts.4.4	reviewed	synodal-russian	Reviewer confirmed the source-partition Synodal context and conservative OCS sense continuity; exact lexical evidence only, with no productive class inferred.
review:v03:165721a95108	synodal:verb:wikt-165721a95108	sense:v03:165721a95108	ѿѧти	verb	lexical-form	ѿѧти	ѿѧ́ти	take away, take	general	english-wiktionary-ocs-kaikki-2026-08-07	synodal:candidate:165721a951085dbef54f10ae	ponomar-elizabeth-bible-2026-08-09	synodal:candidate:c5b972fd7161350d621d348a	Eccles.3.14	reviewed	synodal-russian	Reviewer confirmed the source-partition Synodal context and conservative OCS sense continuity; exact lexical evidence only, with no productive class inferred.
review:v03:16640217c63b	synodal:adjective:wikt-16640217c63b	sense:v03:16640217c63b	теплъ	adjective	lexical-form	теплъ	те́плъ	warm	general	english-wiktionary-ocs-kaikki-2026-08-07	synodal:candidate:16640217c63b773e87751e0d	ponomar-elizabeth-bible-2026-08-09	synodal:candidate:0fcf21050f6192112f02f6e8	Apoc.3.15	rejected	synodal-russian	Rejected: surface belongs to multiple OCS lexeme paradigms; target identity must be resolved manually
review:v03:16664aa52c77	synodal:verb:wikt-16664aa52c77	sense:v03:16664aa52c77	стати	verb	lexical-form	стати	ста́ти	to become; to stand	general	english-wiktionary-ocs-kaikki-2026-08-07	synodal:candidate:16664aa52c77c4eb41ebc32d	ponomar-elizabeth-bible-2026-08-09	synodal:candidate:cfe02a9037ec33fd14fb2c6d	Acts.8.38	reviewed	synodal-russian	Reviewer confirmed the source-partition Synodal context and conservative OCS sense continuity; exact lexical evidence only, with no productive class inferred.
review:v03:1734c53f8298	synodal:noun:wikt-1734c53f8298	sense:v03:1734c53f8298	корабль	noun	lexical-form	корабль	кора́бль	boat; ship	general	english-wiktionary-ocs-kaikki-2026-08-07	synodal:candidate:1734c53f8298ac64b3550207	ponomar-elizabeth-bible-2026-08-09	synodal:candidate:1c163185c345382c32faf0c0	Acts.20.13	reviewed	synodal-russian	Reviewer confirmed the source-partition Synodal context and conservative OCS sense continuity; exact lexical evidence only, with no productive class inferred.
review:v03:1789484a1fa6	synodal:noun:wikt-1789484a1fa6	sense:v03:1789484a1fa6	вѣтвь	noun	lexical-form	вѣтвь	вѣ́твь	branch	general	english-wiktionary-ocs-kaikki-2026-08-07	synodal:candidate:1789484a1fa6b128698d6491	ponomar-elizabeth-bible-2026-08-09	synodal:candidate:8ebaa424a8983722b99b701d	Judg.9.48	reviewed	synodal-russian	Reviewer confirmed the source-partition Synodal context and conservative OCS sense continuity; exact lexical evidence only, with no productive class inferred.
review:v03:1815089bd101	synodal:noun:wikt-1815089bd101	sense:v03:1815089bd101	юница	noun	lexical-form	юница	ю҆́ница	heifer (young cow)	general	english-wiktionary-ocs-kaikki-2026-08-07	synodal:candidate:1815089bd101dfa5360bd55c	ponomar-elizabeth-bible-2026-08-09	synodal:candidate:b90e39d1427b1d90cf9098ac	Hos.4.16	reviewed	synodal-russian	Reviewer confirmed the source-partition Synodal context and conservative OCS sense continuity; exact lexical evidence only, with no productive class inferred.
review:v03:19788f5ce3d7	synodal:verb:wikt-19788f5ce3d7	sense:v03:19788f5ce3d7	просвѣтити	verb	lexical-form	просвѣтити	просвѣти́ти	to enlighten	general	english-wiktionary-ocs-kaikki-2026-08-07	synodal:candidate:19788f5ce3d79a9ffbf67190	ponomar-elizabeth-bible-2026-08-09	synodal:candidate:ddfbfcf0d1805f54e0da345a	I_Esdra.9.8	reviewed	synodal-russian	Reviewer confirmed the source-partition Synodal context and conservative OCS sense continuity; exact lexical evidence only, with no productive class inferred.
review:v03:1a2ae4fd7b81	synodal:verb:wikt-1a2ae4fd7b81	sense:v03:1a2ae4fd7b81	изнести	verb	lexical-form	изнести	и҆знестѝ	carry out	general	english-wiktionary-ocs-kaikki-2026-08-07	synodal:candidate:1a2ae4fd7b814b80ec42ffd0	ponomar-elizabeth-bible-2026-08-09	synodal:candidate:085b46fcba6f887083e6b828	Amos.6.10	reviewed	synodal-russian	Reviewer confirmed the source-partition Synodal context and conservative OCS sense continuity; exact lexical evidence only, with no productive class inferred.
review:v03:1b5ae19347da	synodal:verb:wikt-1b5ae19347da	sense:v03:1b5ae19347da	водити	verb	lexical-form	водити	води́ти	conduct; lead	general	english-wiktionary-ocs-kaikki-2026-08-07	synodal:candidate:1b5ae19347da390d2aab2dca	ponomar-elizabeth-bible-2026-08-09	synodal:candidate:15d7aedb03a4e7f44fa23de0	Deut.1.9	reviewed	synodal-russian	Reviewer confirmed the source-partition Synodal context and conservative OCS sense continuity; exact lexical evidence only, with no productive class inferred.
review:v03:1e3e95702ecb	synodal:noun:wikt-1e3e95702ecb	sense:v03:1e3e95702ecb	ловитва	noun	lexical-form	ловитва	лови́тва	catch; hunt; prey	general	english-wiktionary-ocs-kaikki-2026-08-07	synodal:candidate:1e3e95702ecb0f49ea400ff8	ponomar-elizabeth-bible-2026-08-09	synodal:candidate:8acba9d22afb3987c7d16693	Eccles.7.27	reviewed	synodal-russian	Reviewer confirmed the source-partition Synodal context and conservative OCS sense continuity; exact lexical evidence only, with no productive class inferred.
review:v03:1f1ec9a47a18	synodal:noun:wikt-1f1ec9a47a18	sense:v03:1f1ec9a47a18	ѡграда	noun	lexical-form	ѡграда	ѡ҆гра́да	enclosure; fence	general	english-wiktionary-ocs-kaikki-2026-08-07	synodal:candidate:1f1ec9a47a18a121a5535721	ponomar-elizabeth-bible-2026-08-09	synodal:candidate:2ab9d845bcc93b4768484f51	Ezek.40.5	rejected	synodal-russian	Rejected: surface belongs to multiple OCS lexeme paradigms; target identity must be resolved manually
review:v03:1f4f71da1a5b	synodal:noun:wikt-1f4f71da1a5b	sense:v03:1f4f71da1a5b	ладїи	noun	lexical-form	ладїи	ладїи̑	boat; ship	general	english-wiktionary-ocs-kaikki-2026-08-07	synodal:candidate:1f4f71da1a5b6276680df968	ponomar-elizabeth-bible-2026-08-09	synodal:candidate:dd1fe0be11d72729bbf8a7ba	II_Macc.12.6	rejected	synodal-russian	Rejected: surface belongs to multiple OCS lexeme paradigms; target identity must be resolved manually
review:v03:1fa2b9d72fa1	synodal:adverb:wikt-1fa2b9d72fa1	sense:v03:1fa2b9d72fa1	вельми	adverb	indeclinable	вельми	вельмѝ	strongly, loudly; very, very much	general	english-wiktionary-ocs-kaikki-2026-08-07	synodal:candidate:1fa2b9d72fa13cdc8bdf9ede	ponomar-elizabeth-bible-2026-08-09	synodal:candidate:ce4ad1330331f2bd9aba8a44	Dan.6.23	reviewed	synodal-russian	Reviewer confirmed the source-partition Synodal context and conservative OCS sense continuity; exact lexical evidence only, with no productive class inferred.
review:v03:217128dc4931	synodal:noun:wikt-217128dc4931	sense:v03:217128dc4931	зачало	noun	lexical-form	зачало	Зача́ло	pericope	general	english-wiktionary-ocs-kaikki-2026-08-07	synodal:candidate:217128dc493124160e0ecf04	ponomar-elizabeth-bible-2026-08-09	synodal:candidate:8f34d866256794f7f3ef778f	Acts.2.1	reviewed	synodal-russian	Reviewer confirmed the source-partition Synodal context and conservative OCS sense continuity; exact lexical evidence only, with no productive class inferred.
review:v03:246df9e425fa	synodal:proper-noun:wikt-246df9e425fa	sense:v03:246df9e425fa	аарѡнъ	proper-noun	lexical-form	аарѡнъ	а҆арѡ́нъ	a male given name, Aaron, from Hebrew, equivalent to English Aaron	general	english-wiktionary-ocs-kaikki-2026-08-07	synodal:candidate:246df9e425fab1012cb12dfe	ponomar-elizabeth-bible-2026-08-09	synodal:candidate:25a27fca63ef64ffa5fa79fa	Composite.6.11	reviewed	synodal-russian	Reviewer confirmed the source-partition Synodal context and conservative OCS sense continuity; exact lexical evidence only, with no productive class inferred.
review:v03:249e101e839e	synodal:proper-noun:wikt-249e101e839e	sense:v03:249e101e839e	ѳѡма	proper-noun	lexical-form	ѳѡма	ѳѡма̀	a male given name, equivalent to English Thomas	general	english-wiktionary-ocs-kaikki-2026-08-07	synodal:candidate:249e101e839e60a12fd13a76	ponomar-elizabeth-bible-2026-08-09	synodal:candidate:08bdc9202813a009be46f43b	Acts.1.13	reviewed	synodal-russian	Reviewer confirmed the source-partition Synodal context and conservative OCS sense continuity; exact lexical evidence only, with no productive class inferred.
review:v03:24d45635ea03	synodal:noun:wikt-24d45635ea03	sense:v03:24d45635ea03	вїноградъ	noun	lexical-form	вїноградъ	вїногра́дъ	vineyard	general	english-wiktionary-ocs-kaikki-2026-08-07	synodal:candidate:24d45635ea03ffa68db3fdf6	ponomar-elizabeth-bible-2026-08-09	synodal:candidate:1d1002e72545d865be658a90	Apoc.14.19	reviewed	synodal-russian	Reviewer confirmed the source-partition Synodal context and conservative OCS sense continuity; exact lexical evidence only, with no productive class inferred.
review:v03:25524f282db4	synodal:noun:wikt-25524f282db4	sense:v03:25524f282db4	снопъ	noun	lexical-form	снопъ	сно́пъ	bundle	general	english-wiktionary-ocs-kaikki-2026-08-07	synodal:candidate:25524f282db4c1401a730a2d	ponomar-elizabeth-bible-2026-08-09	synodal:candidate:d34b2f5e76abe9893f46130c	Gen.37.7	reviewed	synodal-russian	Reviewer confirmed the source-partition Synodal context and conservative OCS sense continuity; exact lexical evidence only, with no productive class inferred.
review:v03:255d419c6d4f	synodal:noun:wikt-255d419c6d4f	sense:v03:255d419c6d4f	потопъ	noun	lexical-form	потопъ	пото́пъ	flood	general	english-wiktionary-ocs-kaikki-2026-08-07	synodal:candidate:255d419c6d4f0a6b98b32504	ponomar-elizabeth-bible-2026-08-09	synodal:candidate:15806a37a67cd0c0e9e20591	Gen.6.17	reviewed	synodal-russian	Reviewer confirmed the source-partition Synodal context and conservative OCS sense continuity; exact lexical evidence only, with no productive class inferred.
review:v03:25f6c76b99ba	synodal:noun:wikt-25f6c76b99ba	sense:v03:25f6c76b99ba	стрѣла	noun	lexical-form	стрѣла	стрѣла̀	arrow	general	english-wiktionary-ocs-kaikki-2026-08-07	synodal:candidate:25f6c76b99bafcd4da7d0bde	ponomar-elizabeth-bible-2026-08-09	synodal:candidate:4208f67dfb9fbb8327c3af86	III_Esdra.16.16	reviewed	synodal-russian	Reviewer confirmed the source-partition Synodal context and conservative OCS sense continuity; exact lexical evidence only, with no productive class inferred.
review:v03:26040ed02071	synodal:noun:wikt-26040ed02071	sense:v03:26040ed02071	листъ	noun	lexical-form	листъ	ли́стъ	leaf	general	english-wiktionary-ocs-kaikki-2026-08-07	synodal:candidate:26040ed02071fec34d26203a	ponomar-elizabeth-bible-2026-08-09	synodal:candidate:ce3297f8ab824e7f9fa6f46f	Jerem.36.23	reviewed	synodal-russian	Reviewer confirmed the source-partition Synodal context and conservative OCS sense continuity; exact lexical evidence only, with no productive class inferred.
review:v03:273a821aeb28	synodal:adjective:wikt-273a821aeb28	sense:v03:273a821aeb28	цѣлъ	adjective	lexical-form	цѣлъ	цѣ́лъ	whole	general	english-wiktionary-ocs-kaikki-2026-08-07	synodal:candidate:273a821aeb287c12fbd8d9a2	ponomar-elizabeth-bible-2026-08-09	synodal:candidate:f52fcf3f7ac1782723154236	Josh.10.28	reviewed	synodal-russian	Reviewer confirmed the source-partition Synodal context and conservative OCS sense continuity; exact lexical evidence only, with no productive class inferred.
review:v03:28f49d546e1e	synodal:adverb:wikt-28f49d546e1e	sense:v03:28f49d546e1e	трищи	adverb	indeclinable	трищи	три́щи	thrice (three times)	general	english-wiktionary-ocs-kaikki-2026-08-07	synodal:candidate:28f49d546e1e072afb213adb	ponomar-elizabeth-bible-2026-08-09	synodal:candidate:5caaac335ced033c8faf721d	Acts.10.16	reviewed	synodal-russian	Reviewer confirmed the source-partition Synodal context and conservative OCS sense continuity; exact lexical evidence only, with no productive class inferred.
review:v03:290243fa40aa	synodal:preposition:wikt-290243fa40aa	sense:v03:290243fa40aa	по	preposition	indeclinable	по	по	after; along; by; on	general	english-wiktionary-ocs-kaikki-2026-08-07	synodal:candidate:290243fa40aadd2da0e7d7cb	ponomar-elizabeth-bible-2026-08-09	synodal:candidate:2ea4e8c66b548f40594ee241	Acts.1.5	reviewed	synodal-russian	Reviewer confirmed the source-partition Synodal context and conservative OCS sense continuity; exact lexical evidence only, with no productive class inferred.
review:v03:2941d1bd0d7e	synodal:verb:wikt-2941d1bd0d7e	sense:v03:2941d1bd0d7e	внити	verb	lexical-form	внити	вни́ти	to enter; to go in; to go into	general	english-wiktionary-ocs-kaikki-2026-08-07	synodal:candidate:2941d1bd0d7e35d6121531f5	ponomar-elizabeth-bible-2026-08-09	synodal:candidate:317239dde4be7111d319472f	Acts.3.3	reviewed	synodal-russian	Reviewer confirmed the source-partition Synodal context and conservative OCS sense continuity; exact lexical evidence only, with no productive class inferred.
review:v03:29d5a9752245	synodal:noun:wikt-29d5a9752245	sense:v03:29d5a9752245	мѣрило	noun	lexical-form	мѣрило	мѣ́рило	balance (the instrument)	general	english-wiktionary-ocs-kaikki-2026-08-07	synodal:candidate:29d5a9752245c938bccf40ef	ponomar-elizabeth-bible-2026-08-09	synodal:candidate:9ec4ce51fb5a96b0211f3f28	Amos.8.5	rejected	synodal-russian	Rejected: surface belongs to multiple OCS lexeme paradigms; target identity must be resolved manually
review:v03:2a1a322a0eb4	synodal:noun:wikt-2a1a322a0eb4	sense:v03:2a1a322a0eb4	работа	noun	lexical-form	работа	рабо́та	servitude; slavery	general	english-wiktionary-ocs-kaikki-2026-08-07	synodal:candidate:2a1a322a0eb41be5d399b68b	ponomar-elizabeth-bible-2026-08-09	synodal:candidate:68b0705afda57442a04b8f98	Deut.15.18	rejected	synodal-russian	Rejected: surface belongs to multiple OCS lexeme paradigms; target identity must be resolved manually
review:v03:2b045bde1e7d	synodal:proper-noun:wikt-2b045bde1e7d	sense:v03:2b045bde1e7d	алеѯандръ	proper-noun	lexical-form	алеѯандръ	а҆леѯа́ндръ	a male given name from Ancient Greek, equivalent to English Alexander	general	english-wiktionary-ocs-kaikki-2026-08-07	synodal:candidate:2b045bde1e7dac3b79ebc5b0	ponomar-elizabeth-bible-2026-08-09	synodal:candidate:49bfa64f694dcfadafb02533	I_Macc.1.1	reviewed	synodal-russian	Reviewer confirmed the source-partition Synodal context and conservative OCS sense continuity; exact lexical evidence only, with no productive class inferred.
review:v03:2c492d6e898b	synodal:noun:wikt-2c492d6e898b	sense:v03:2c492d6e898b	ловъ	noun	lexical-form	ловъ	ло́въ	catch; hunt, fishing; snare, trap	general	english-wiktionary-ocs-kaikki-2026-08-07	synodal:candidate:2c492d6e898b9c3d02c3169b	ponomar-elizabeth-bible-2026-08-09	synodal:candidate:b61b79c598a77e325d982cb1	Gen.27.3	reviewed	synodal-russian	Reviewer confirmed the source-partition Synodal context and conservative OCS sense continuity; exact lexical evidence only, with no productive class inferred.
review:v03:2c514aa5920f	synodal:adverb:wikt-2c514aa5920f	sense:v03:2c514aa5920f	ѡсобь	adverb	indeclinable	ѡсобь	ѡ҆со́бь	independently; separately	general	english-wiktionary-ocs-kaikki-2026-08-07	synodal:candidate:2c514aa5920f8afef64bd8c0	ponomar-elizabeth-bible-2026-08-09	synodal:candidate:1bc893244732119505d03856	II_Macc.4.46	reviewed	synodal-russian	Reviewer confirmed the source-partition Synodal context and conservative OCS sense continuity; exact lexical evidence only, with no productive class inferred.
review:v03:2cc9c25675c9	synodal:noun:wikt-2cc9c25675c9	sense:v03:2cc9c25675c9	цѣна	noun	lexical-form	цѣна	цѣна̀	price	general	english-wiktionary-ocs-kaikki-2026-08-07	synodal:candidate:2cc9c25675c94770b7808d97	ponomar-elizabeth-bible-2026-08-09	synodal:candidate:386174bab27b7c8532ab4399	Composite.8.6	reviewed	synodal-russian	Reviewer confirmed the source-partition Synodal context and conservative OCS sense continuity; exact lexical evidence only, with no productive class inferred.
review:v03:2d68e170f796	synodal:noun:wikt-2d68e170f796	sense:v03:2d68e170f796	страсть	noun	lexical-form	страсть	стра́сть	martyrdom (death as a martyr); passion, painfully strong emotion; suffering, anguish, torment	general	english-wiktionary-ocs-kaikki-2026-08-07	synodal:candidate:2d68e170f796297730a3cda2	ponomar-elizabeth-bible-2026-08-09	synodal:candidate:32a38e150b60ca602b07c499	Amos.3.10	reviewed	synodal-russian	Reviewer confirmed the source-partition Synodal context and conservative OCS sense continuity; exact lexical evidence only, with no productive class inferred.
review:v03:2da7c1aa5984	synodal:verb:wikt-2da7c1aa5984	sense:v03:2da7c1aa5984	раждати	verb	lexical-form	раждати	ражда́ти	bear; produce	general	english-wiktionary-ocs-kaikki-2026-08-07	synodal:candidate:2da7c1aa598489cf069e4137	ponomar-elizabeth-bible-2026-08-09	synodal:candidate:b9bd3b01f161b7a49640300d	Eccles.3.2	reviewed	synodal-russian	Reviewer confirmed the source-partition Synodal context and conservative OCS sense continuity; exact lexical evidence only, with no productive class inferred.
review:v03:2dc4ff592b84	synodal:verb:wikt-2dc4ff592b84	sense:v03:2dc4ff592b84	родити	verb	lexical-form	родити	роди́ти	bear; produce	general	english-wiktionary-ocs-kaikki-2026-08-07	synodal:candidate:2dc4ff592b841ee5ddf0bbfe	ponomar-elizabeth-bible-2026-08-09	synodal:candidate:9085efe451ee6e93fe0c5dc5	Apoc.12.2	reviewed	synodal-russian	Reviewer confirmed the source-partition Synodal context and conservative OCS sense continuity; exact lexical evidence only, with no productive class inferred.
review:v03:2dfa11728211	synodal:noun:wikt-2dfa11728211	sense:v03:2dfa11728211	проказа	noun	lexical-form	проказа	прока́за	demon; leprosy	general	english-wiktionary-ocs-kaikki-2026-08-07	synodal:candidate:2dfa117282114856546c6b79	ponomar-elizabeth-bible-2026-08-09	synodal:candidate:722ac9bb453bb9a1fb15a7fa	II_Paral.26.19	reviewed	synodal-russian	Reviewer confirmed the source-partition Synodal context and conservative OCS sense continuity; exact lexical evidence only, with no productive class inferred.
review:v03:2e0496e36fd3	synodal:noun:wikt-2e0496e36fd3	sense:v03:2e0496e36fd3	животъ	noun	lexical-form	животъ	живо́тъ	life; living being	general	english-wiktionary-ocs-kaikki-2026-08-07	synodal:candidate:2e0496e36fd35c2729f50ae5	ponomar-elizabeth-bible-2026-08-09	synodal:candidate:e0ba9388dfb68f0fb19bedfb	Acts.11.18	reviewed	synodal-russian	Reviewer confirmed the source-partition Synodal context and conservative OCS sense continuity; exact lexical evidence only, with no productive class inferred.
review:v03:2ead150001eb	synodal:noun:wikt-2ead150001eb	sense:v03:2ead150001eb	сестра	noun	lexical-form	сестра	сестра̀	sister	general	english-wiktionary-ocs-kaikki-2026-08-07	synodal:candidate:2ead150001eb813bb3a0f805	ponomar-elizabeth-bible-2026-08-09	synodal:candidate:b62e4d07bd73d0027aa12941	Ex.2.4	reviewed	synodal-russian	Reviewer confirmed the source-partition Synodal context and conservative OCS sense continuity; exact lexical evidence only, with no productive class inferred.
review:v03:2fe80b81eaf8	synodal:numeral:wikt-2fe80b81eaf8	sense:v03:2fe80b81eaf8	седмь	numeral	lexical-form	седмь	се́дмь	seven	general	english-wiktionary-ocs-kaikki-2026-08-07	synodal:candidate:2fe80b81eaf87ad5043de72d	ponomar-elizabeth-bible-2026-08-09	synodal:candidate:dc7a6cedb422521753f1d5c4	Acts.6.3	reviewed	synodal-russian	Reviewer confirmed the source-partition Synodal context and conservative OCS sense continuity; exact lexical evidence only, with no productive class inferred.
review:v03:2feeeb057ed9	synodal:noun:wikt-2feeeb057ed9	sense:v03:2feeeb057ed9	сѣно	noun	lexical-form	сѣно	сѣ́но	hay	general	english-wiktionary-ocs-kaikki-2026-08-07	synodal:candidate:2feeeb057ed9802bc5b75607	ponomar-elizabeth-bible-2026-08-09	synodal:candidate:b78bcc7402fcc662b40ccee4	Deut.32.2	reviewed	synodal-russian	Reviewer confirmed the source-partition Synodal context and conservative OCS sense continuity; exact lexical evidence only, with no productive class inferred.
review:v03:3039f06bb668	synodal:noun:wikt-3039f06bb668	sense:v03:3039f06bb668	мощи	noun	lexical-form	мощи	мощѝ	relics	general	english-wiktionary-ocs-kaikki-2026-08-07	synodal:candidate:3039f06bb6681299be642063	ponomar-elizabeth-bible-2026-08-09	synodal:candidate:af941c5aa8e92f27b7629e90	Deut.28.27	rejected	synodal-russian	Rejected: surface belongs to multiple OCS lexeme paradigms; target identity must be resolved manually
review:v03:307273c373ea	synodal:noun:wikt-307273c373ea	sense:v03:307273c373ea	хранило	noun	lexical-form	хранило	храни́ло	bridle	general	english-wiktionary-ocs-kaikki-2026-08-07	synodal:candidate:307273c373eac13683e40bbf	ponomar-elizabeth-bible-2026-08-09	synodal:candidate:42c13dcdb1af02e07ff30e65	Psalm.38.1	rejected	synodal-russian	Rejected: surface belongs to multiple OCS lexeme paradigms; target identity must be resolved manually
review:v03:3090f99843dd	synodal:noun:wikt-3090f99843dd	sense:v03:3090f99843dd	кость	noun	lexical-form	кость	ко́сть	bone	general	english-wiktionary-ocs-kaikki-2026-08-07	synodal:candidate:3090f99843dd7c9962464270	ponomar-elizabeth-bible-2026-08-09	synodal:candidate:bac2b040ad06f02b48885378	Ezek.39.15	reviewed	synodal-russian	Reviewer confirmed the source-partition Synodal context and conservative OCS sense continuity; exact lexical evidence only, with no productive class inferred.
review:v03:3109ff501cc5	synodal:verb:wikt-3109ff501cc5	sense:v03:3109ff501cc5	молити	verb	lexical-form	молити	моли́ти	to ask for; to beg; to pray	general	english-wiktionary-ocs-kaikki-2026-08-07	synodal:candidate:3109ff501cc58297cea1c6c3	ponomar-elizabeth-bible-2026-08-09	synodal:candidate:7bbacf663df9507e7ca85080	Mk.5.17	reviewed	synodal-russian	Reviewer confirmed the source-partition Synodal context and conservative OCS sense continuity; exact lexical evidence only, with no productive class inferred.
review:v03:315c47beb63a	synodal:noun:wikt-315c47beb63a	sense:v03:315c47beb63a	стопа	noun	lexical-form	стопа	стопа̀	foot	general	english-wiktionary-ocs-kaikki-2026-08-07	synodal:candidate:315c47beb63a6a2436c09b54	ponomar-elizabeth-bible-2026-08-09	synodal:candidate:846815ae83c7378ce7817d05	Deut.11.24	reviewed	synodal-russian	Reviewer confirmed the source-partition Synodal context and conservative OCS sense continuity; exact lexical evidence only, with no productive class inferred.
review:v03:31d30b4ef4ed	synodal:verb:wikt-31d30b4ef4ed	sense:v03:31d30b4ef4ed	свѧтити	verb	lexical-form	свѧтити	свѧти́ти	to bless; to consecrate; to sanctify	general	english-wiktionary-ocs-kaikki-2026-08-07	synodal:candidate:31d30b4ef4ede01177cbccc9	ponomar-elizabeth-bible-2026-08-09	synodal:candidate:6960c89b4573a038037b5f82	Deut.5.12	reviewed	synodal-russian	Reviewer confirmed the source-partition Synodal context and conservative OCS sense continuity; exact lexical evidence only, with no productive class inferred.
review:v03:31ebfafd9595	synodal:verb:wikt-31ebfafd9595	sense:v03:31ebfafd9595	помиловати	verb	lexical-form	помиловати	поми́ловати	pity, have mercy on	general	english-wiktionary-ocs-kaikki-2026-08-07	synodal:candidate:31ebfafd959567aefa796d6e	ponomar-elizabeth-bible-2026-08-09	synodal:candidate:909a8175e81b46319a116073	Hos.1.6	reviewed	synodal-russian	Reviewer confirmed the source-partition Synodal context and conservative OCS sense continuity; exact lexical evidence only, with no productive class inferred.
review:v03:3232c6ef6003	synodal:noun:wikt-3232c6ef6003	sense:v03:3232c6ef6003	тать	noun	lexical-form	тать	та́ть	thief	general	english-wiktionary-ocs-kaikki-2026-08-07	synodal:candidate:3232c6ef600347c36797c6e7	ponomar-elizabeth-bible-2026-08-09	synodal:candidate:44194b6e7d275553768e78c9	Apoc.3.3	reviewed	synodal-russian	Reviewer confirmed the source-partition Synodal context and conservative OCS sense continuity; exact lexical evidence only, with no productive class inferred.
review:v03:329fdac29b56	synodal:noun:wikt-329fdac29b56	sense:v03:329fdac29b56	оуста	noun	lexical-form	оуста	Оу҆ста̀	mouth	general	english-wiktionary-ocs-kaikki-2026-08-07	synodal:candidate:329fdac29b56d84fc3d5dc7d	ponomar-elizabeth-bible-2026-08-09	synodal:candidate:e47ff9b91ec739509b0c0f58	Composite.4.1	reviewed	synodal-russian	Reviewer confirmed the source-partition Synodal context and conservative OCS sense continuity; exact lexical evidence only, with no productive class inferred.
review:v03:332544509d0c	synodal:verb:wikt-332544509d0c	sense:v03:332544509d0c	принести	verb	lexical-form	принести	принестѝ	to bring, carry	general	english-wiktionary-ocs-kaikki-2026-08-07	synodal:candidate:332544509d0c4f443df388e0	ponomar-elizabeth-bible-2026-08-09	synodal:candidate:d83e97129b7ac9e069d08728	Dan.5.2	reviewed	synodal-russian	Reviewer confirmed the source-partition Synodal context and conservative OCS sense continuity; exact lexical evidence only, with no productive class inferred.
review:v03:3379a6fab3cf	synodal:noun:wikt-3379a6fab3cf	sense:v03:3379a6fab3cf	фараѡнъ	noun	lexical-form	фараѡнъ	фараѡ́нъ	pharaoh	general	english-wiktionary-ocs-kaikki-2026-08-07	synodal:candidate:3379a6fab3cf08f1088a5e9b	ponomar-elizabeth-bible-2026-08-09	synodal:candidate:392aa0ac034bf25f68fe0bba	Composite.6.9	reviewed	synodal-russian	Reviewer confirmed the source-partition Synodal context and conservative OCS sense continuity; exact lexical evidence only, with no productive class inferred.
review:v03:33fa8ee7c606	synodal:noun:wikt-33fa8ee7c606	sense:v03:33fa8ee7c606	бракъ	noun	lexical-form	бракъ	бра́къ	marriage, matrimony	general	english-wiktionary-ocs-kaikki-2026-08-07	synodal:candidate:33fa8ee7c60607b6aebfd710	ponomar-elizabeth-bible-2026-08-09	synodal:candidate:0bb4c7464e4caa6cf621ea29	Apoc.19.7	reviewed	synodal-russian	Reviewer confirmed the source-partition Synodal context and conservative OCS sense continuity; exact lexical evidence only, with no productive class inferred.
review:v03:344019576e96	synodal:noun:wikt-344019576e96	sense:v03:344019576e96	клѧтва	noun	lexical-form	клѧтва	клѧ́тва	curse; oath	general	english-wiktionary-ocs-kaikki-2026-08-07	synodal:candidate:344019576e963598dd01b607	ponomar-elizabeth-bible-2026-08-09	synodal:candidate:890456f20aa5893588f9c334	Baruch.1.20	reviewed	synodal-russian	Reviewer confirmed the source-partition Synodal context and conservative OCS sense continuity; exact lexical evidence only, with no productive class inferred.
review:v03:344ef5abedda	synodal:adjective:wikt-344ef5abedda	sense:v03:344ef5abedda	слѣпъ	adjective	lexical-form	слѣпъ	слѣ́пъ	blind	general	english-wiktionary-ocs-kaikki-2026-08-07	synodal:candidate:344ef5abedda3d90fcc23060	ponomar-elizabeth-bible-2026-08-09	synodal:candidate:da148a98b5816dbd1a0bb399	Acts.13.11	reviewed	synodal-russian	Reviewer confirmed the source-partition Synodal context and conservative OCS sense continuity; exact lexical evidence only, with no productive class inferred.
review:v03:34a574308ceb	synodal:noun:wikt-34a574308ceb	sense:v03:34a574308ceb	глаголъ	noun	lexical-form	глаголъ	глаго́лъ	speech; teaching; word	general	english-wiktionary-ocs-kaikki-2026-08-07	synodal:candidate:34a574308ceb260829952a77	ponomar-elizabeth-bible-2026-08-09	synodal:candidate:f5ee9d189e43afb542185be9	Acts.10.37	reviewed	synodal-russian	Reviewer confirmed the source-partition Synodal context and conservative OCS sense continuity; exact lexical evidence only, with no productive class inferred.
review:v03:34a97d0572e7	synodal:noun:wikt-34a97d0572e7	sense:v03:34a97d0572e7	болѣзнь	noun	lexical-form	болѣзнь	болѣ́знь	pain, suffering; sickness, disease	general	english-wiktionary-ocs-kaikki-2026-08-07	synodal:candidate:34a97d0572e7477f2599894e	ponomar-elizabeth-bible-2026-08-09	synodal:candidate:6ec072e5c200e640eda50aa6	Col.4.13	reviewed	synodal-russian	Reviewer confirmed the source-partition Synodal context and conservative OCS sense continuity; exact lexical evidence only, with no productive class inferred.
review:v03:34b94f67f33b	synodal:noun:wikt-34b94f67f33b	sense:v03:34b94f67f33b	свѣтильникъ	noun	lexical-form	свѣтильникъ	свѣти́льникъ	candle; lamp; lantern	general	english-wiktionary-ocs-kaikki-2026-08-07	synodal:candidate:34b94f67f33b5ad0a0d69185	ponomar-elizabeth-bible-2026-08-09	synodal:candidate:35fdae74697425ae72ed52b8	Apoc.1.12	reviewed	synodal-russian	Reviewer confirmed the source-partition Synodal context and conservative OCS sense continuity; exact lexical evidence only, with no productive class inferred.
review:v03:35032b291327	synodal:verb:wikt-35032b291327	sense:v03:35032b291327	хощете	verb	lexical-form	хощете	хо́щете	second-person plural present indicative; third-person dual present indicative	general	english-wiktionary-ocs-kaikki-2026-08-07	synodal:candidate:35032b291327fa4b231afafc	ponomar-elizabeth-bible-2026-08-09	synodal:candidate:08a7ebc9044dfd9c46dccad7	Acts.5.28	reviewed	synodal-russian	Reviewer confirmed the source-partition Synodal context and conservative OCS sense continuity; exact lexical evidence only, with no productive class inferred.
review:v03:35225ddb572d	synodal:noun:wikt-35225ddb572d	sense:v03:35225ddb572d	авва	noun	lexical-form	авва	а҆́вва	only used in авва отьць (avva otĭcĭ, “Abba”).	general	english-wiktionary-ocs-kaikki-2026-08-07	synodal:candidate:35225ddb572d6b2d8c5ef5c3	ponomar-elizabeth-bible-2026-08-09	synodal:candidate:00c905ba16edb2cdc60a1d95	Gal.4.6	reviewed	synodal-russian	Reviewer confirmed the source-partition Synodal context and conservative OCS sense continuity; exact lexical evidence only, with no productive class inferred.
review:v03:355aa48cc761	synodal:noun:wikt-355aa48cc761	sense:v03:355aa48cc761	надежда	noun	lexical-form	надежда	наде́жда	hope	general	english-wiktionary-ocs-kaikki-2026-08-07	synodal:candidate:355aa48cc761a6806cca2584	ponomar-elizabeth-bible-2026-08-09	synodal:candidate:2a77f111f5bd2b3f63112574	Acts.16.19	reviewed	synodal-russian	Reviewer confirmed the source-partition Synodal context and conservative OCS sense continuity; exact lexical evidence only, with no productive class inferred.
review:v03:3566ada72e8b	synodal:noun:wikt-3566ada72e8b	sense:v03:3566ada72e8b	гнѣвъ	noun	lexical-form	гнѣвъ	гнѣ́въ	anger, wrath	general	english-wiktionary-ocs-kaikki-2026-08-07	synodal:candidate:3566ada72e8b2fb1ebf3fce1	ponomar-elizabeth-bible-2026-08-09	synodal:candidate:87601eb483f9e7a0ad43f4b0	Amos.6.12	reviewed	synodal-russian	Reviewer confirmed the source-partition Synodal context and conservative OCS sense continuity; exact lexical evidence only, with no productive class inferred.
review:v03:36c3b79376c2	synodal:noun:wikt-36c3b79376c2	sense:v03:36c3b79376c2	потокъ	noun	lexical-form	потокъ	пото́къ	water drain, stream	general	english-wiktionary-ocs-kaikki-2026-08-07	synodal:candidate:36c3b79376c20aa0e27f9158	ponomar-elizabeth-bible-2026-08-09	synodal:candidate:f6413909cf808099337c763b	Ezek.47.5	reviewed	synodal-russian	Reviewer confirmed the source-partition Synodal context and conservative OCS sense continuity; exact lexical evidence only, with no productive class inferred.
review:v03:3787ede34e8b	synodal:noun:wikt-3787ede34e8b	sense:v03:3787ede34e8b	немощь	noun	lexical-form	немощь	не́мощь	illness	general	english-wiktionary-ocs-kaikki-2026-08-07	synodal:candidate:3787ede34e8b5c636c5c2388	ponomar-elizabeth-bible-2026-08-09	synodal:candidate:57c5a9e472413d22c4f7581f	Gal.4.13	reviewed	synodal-russian	Reviewer confirmed the source-partition Synodal context and conservative OCS sense continuity; exact lexical evidence only, with no productive class inferred.
review:v03:3788d12f26f2	synodal:adjective:wikt-3788d12f26f2	sense:v03:3788d12f26f2	хромъ	adjective	lexical-form	хромъ	хро́мъ	lame	general	english-wiktionary-ocs-kaikki-2026-08-07	synodal:candidate:3788d12f26f2e2fb65c71326	ponomar-elizabeth-bible-2026-08-09	synodal:candidate:6042852a40caebb53d1511eb	Acts.3.2	reviewed	synodal-russian	Reviewer confirmed the source-partition Synodal context and conservative OCS sense continuity; exact lexical evidence only, with no productive class inferred.
review:v03:37dee5d34a0d	synodal:noun:wikt-37dee5d34a0d	sense:v03:37dee5d34a0d	ꙗзва	noun	lexical-form	ꙗзва	ꙗ҆́зва	wound	general	english-wiktionary-ocs-kaikki-2026-08-07	synodal:candidate:37dee5d34a0d0511bb10c0ce	ponomar-elizabeth-bible-2026-08-09	synodal:candidate:f45629b051ce3aa85b57a313	Apoc.13.3	reviewed	synodal-russian	Reviewer confirmed the source-partition Synodal context and conservative OCS sense continuity; exact lexical evidence only, with no productive class inferred.
review:v03:39042ae87523	synodal:verb:wikt-39042ae87523	sense:v03:39042ae87523	пещи	verb	lexical-form	пещи	пе́щи	to bake; to care; to worry	general	english-wiktionary-ocs-kaikki-2026-08-07	synodal:candidate:39042ae8752367a95e290d0f	ponomar-elizabeth-bible-2026-08-09	synodal:candidate:31a47b8abb6c36366b1641bd	Apoc.9.2	rejected	synodal-russian	Rejected: surface belongs to multiple OCS lexeme paradigms; target identity must be resolved manually
review:v03:3966a05e1c74	synodal:verb:wikt-3966a05e1c74	sense:v03:3966a05e1c74	сѣсти	verb	lexical-form	сѣсти	сѣ́сти	to sit down	general	english-wiktionary-ocs-kaikki-2026-08-07	synodal:candidate:3966a05e1c745f1e80afdd7c	ponomar-elizabeth-bible-2026-08-09	synodal:candidate:9c73d66b91b09ed9e04a411c	Apoc.3.21	reviewed	synodal-russian	Reviewer confirmed the source-partition Synodal context and conservative OCS sense continuity; exact lexical evidence only, with no productive class inferred.
review:v03:39a6ab0724c1	synodal:adjective:wikt-39a6ab0724c1	sense:v03:39a6ab0724c1	льстивъ	adjective	lexical-form	льстивъ	льсти́въ	cunning, deceitful	general	english-wiktionary-ocs-kaikki-2026-08-07	synodal:candidate:39a6ab0724c1977bd2050cfa	ponomar-elizabeth-bible-2026-08-09	synodal:candidate:cbd2e30c0566621eea93f0c9	Prov.12.17	reviewed	synodal-russian	Reviewer confirmed the source-partition Synodal context and conservative OCS sense continuity; exact lexical evidence only, with no productive class inferred.
review:v03:39cd088071da	synodal:preposition:wikt-39cd088071da	sense:v03:39cd088071da	кромѣ	preposition	indeclinable	кромѣ	кромѣ̀	outside, aside, away	general	english-wiktionary-ocs-kaikki-2026-08-07	synodal:candidate:39cd088071dab45c53a7aa81	ponomar-elizabeth-bible-2026-08-09	synodal:candidate:4c7dcc9b3e8a45b4e6aa5d84	Acts.8.1	reviewed	synodal-russian	Reviewer confirmed the source-partition Synodal context and conservative OCS sense continuity; exact lexical evidence only, with no productive class inferred.
review:v03:3a397c4979cb	synodal:noun:wikt-3a397c4979cb	sense:v03:3a397c4979cb	иго	noun	lexical-form	иго	и҆́го	yoke	general	english-wiktionary-ocs-kaikki-2026-08-07	synodal:candidate:3a397c4979cbdf20896511b0	ponomar-elizabeth-bible-2026-08-09	synodal:candidate:ab277f380ad3dce3b3467e42	Acts.15.10	reviewed	synodal-russian	Reviewer confirmed the source-partition Synodal context and conservative OCS sense continuity; exact lexical evidence only, with no productive class inferred.
review:v03:3b27d8de6bc6	synodal:noun:wikt-3b27d8de6bc6	sense:v03:3b27d8de6bc6	ставъ	noun	lexical-form	ставъ	ста́въ	basis	general	english-wiktionary-ocs-kaikki-2026-08-07	synodal:candidate:3b27d8de6bc6d1473b2f3b6a	ponomar-elizabeth-bible-2026-08-09	synodal:candidate:519240a4285b229acef1e802	Acts.22.13	reviewed	synodal-russian	Reviewer confirmed the source-partition Synodal context and conservative OCS sense continuity; exact lexical evidence only, with no productive class inferred.
review:v03:3bed227ec28b	synodal:noun:wikt-3bed227ec28b	sense:v03:3bed227ec28b	завѣтъ	noun	lexical-form	завѣтъ	завѣ́тъ	covenant	general	english-wiktionary-ocs-kaikki-2026-08-07	synodal:candidate:3bed227ec28b558e4752dff1	ponomar-elizabeth-bible-2026-08-09	synodal:candidate:6fb6d71189efb7f203a31459	Baruch.2.35	reviewed	synodal-russian	Reviewer confirmed the source-partition Synodal context and conservative OCS sense continuity; exact lexical evidence only, with no productive class inferred.
review:v03:3c0ac0c2e796	synodal:noun:wikt-3c0ac0c2e796	sense:v03:3c0ac0c2e796	тѣло	noun	lexical-form	тѣло	тѣ́ло	age (of a person); bodiliness, corporeality, human condition or nature; body (physical frame of a person or animal); body, object, material thing; corpse; generation; image, form, appearance; person, hypostasis; statue, image, representation of a body; stature, height (of a person); the bread of the eucharist; the church as the Body of Christ	general	english-wiktionary-ocs-kaikki-2026-08-07	synodal:candidate:3c0ac0c2e7963dc73d7d0718	ponomar-elizabeth-bible-2026-08-09	synodal:candidate:f909a521b002e87e152c4992	Composite.8.70	reviewed	synodal-russian	Reviewer confirmed the source-partition Synodal context and conservative OCS sense continuity; exact lexical evidence only, with no productive class inferred.
review:v03:3c19155b1d57	synodal:noun:wikt-3c19155b1d57	sense:v03:3c19155b1d57	адъ	noun	lexical-form	адъ	а҆́дъ	hell, Gehenna, the abode of the damned after judgement; hell, Hades, Sheol, the abode of the dead before the Last Judgement	general	english-wiktionary-ocs-kaikki-2026-08-07	synodal:candidate:3c19155b1d57b81eb3b5d479	ponomar-elizabeth-bible-2026-08-09	synodal:candidate:fcc71957bf1f701597cb0d7b	Apoc.6.8	reviewed	synodal-russian	Reviewer confirmed the source-partition Synodal context and conservative OCS sense continuity; exact lexical evidence only, with no productive class inferred.
review:v03:3c771d4eab2b	synodal:noun:wikt-3c771d4eab2b	sense:v03:3c771d4eab2b	тьма	noun	lexical-form	тьма	тьма̀	darkness	general	english-wiktionary-ocs-kaikki-2026-08-07	synodal:candidate:3c771d4eab2b32a5cd4fe6b6	ponomar-elizabeth-bible-2026-08-09	synodal:candidate:da148a98b5816dbd1a0bb399	Acts.13.11	reviewed	synodal-russian	Reviewer confirmed the source-partition Synodal context and conservative OCS sense continuity; exact lexical evidence only, with no productive class inferred.
review:v03:3ca5f600ecca	synodal:verb:wikt-3ca5f600ecca	sense:v03:3ca5f600ecca	ѡбратити	verb	lexical-form	ѡбратити	ѡ҆брати́ти	to convert; to turn (to)	general	english-wiktionary-ocs-kaikki-2026-08-07	synodal:candidate:3ca5f600ecca5a9ec8f0b4da	ponomar-elizabeth-bible-2026-08-09	synodal:candidate:f0419822a6bfc33b3b7a93e8	Ezek.38.12	reviewed	synodal-russian	Reviewer confirmed the source-partition Synodal context and conservative OCS sense continuity; exact lexical evidence only, with no productive class inferred.
review:v03:3cdb1523336c	synodal:noun:wikt-3cdb1523336c	sense:v03:3cdb1523336c	лоза	noun	lexical-form	лоза	лоза̀	vine	general	english-wiktionary-ocs-kaikki-2026-08-07	synodal:candidate:3cdb1523336ca9ef754ea9db	ponomar-elizabeth-bible-2026-08-09	synodal:candidate:a41d6d3bc507593d4368ded8	Ezek.15.6	reviewed	synodal-russian	Reviewer confirmed the source-partition Synodal context and conservative OCS sense continuity; exact lexical evidence only, with no productive class inferred.
review:v03:3d475c4cd159	synodal:noun:wikt-3d475c4cd159	sense:v03:3d475c4cd159	блюдъ	noun	lexical-form	блюдъ	блю́дъ	dish, plate	general	english-wiktionary-ocs-kaikki-2026-08-07	synodal:candidate:3d475c4cd1594b62a7716975	ponomar-elizabeth-bible-2026-08-09	synodal:candidate:1a1ff121b79ff24e5e81e839	Num.7.84	rejected	synodal-russian	Rejected: surface belongs to multiple OCS lexeme paradigms; target identity must be resolved manually
review:v03:3d7bedbb0094	synodal:noun:wikt-3d7bedbb0094	sense:v03:3d7bedbb0094	широта	noun	lexical-form	широта	широта̀	breadth; width	general	english-wiktionary-ocs-kaikki-2026-08-07	synodal:candidate:3d7bedbb0094d70432ad45c7	ponomar-elizabeth-bible-2026-08-09	synodal:candidate:1df8ec8368acecadede85051	Apoc.21.16	reviewed	synodal-russian	Reviewer confirmed the source-partition Synodal context and conservative OCS sense continuity; exact lexical evidence only, with no productive class inferred.
review:v03:3dbe009ffb4a	synodal:noun:wikt-3dbe009ffb4a	sense:v03:3dbe009ffb4a	вратъ	noun	lexical-form	вратъ	вра́тъ	wheel	general	english-wiktionary-ocs-kaikki-2026-08-07	synodal:candidate:3dbe009ffb4af93c7782f1f2	ponomar-elizabeth-bible-2026-08-09	synodal:candidate:37846ffa7da93b1d25fb0996	Acts.9.24	rejected	synodal-russian	Rejected: surface belongs to multiple OCS lexeme paradigms; target identity must be resolved manually
review:v03:3def1355a9a6	synodal:noun:wikt-3def1355a9a6	sense:v03:3def1355a9a6	вѣсть	noun	lexical-form	вѣсть	вѣ́сть	announcement, report; fame; message, news; rumor	general	english-wiktionary-ocs-kaikki-2026-08-07	synodal:candidate:3def1355a9a639bb3c170458	ponomar-elizabeth-bible-2026-08-09	synodal:candidate:04488d43bfec44154c5ed3da	Acts.19.35	reviewed	synodal-russian	Reviewer confirmed the source-partition Synodal context and conservative OCS sense continuity; exact lexical evidence only, with no productive class inferred.
review:v03:3e5b70064769	synodal:noun:wikt-3e5b70064769	sense:v03:3e5b70064769	соль	noun	lexical-form	соль	со́ль	salt	general	english-wiktionary-ocs-kaikki-2026-08-07	synodal:candidate:3e5b7006476967f69b4a27ee	ponomar-elizabeth-bible-2026-08-09	synodal:candidate:20e0d56ec597b65193a85829	Deut.29.23	reviewed	synodal-russian	Reviewer confirmed the source-partition Synodal context and conservative OCS sense continuity; exact lexical evidence only, with no productive class inferred.
review:v03:3ed58a49777e	synodal:preposition:wikt-3ed58a49777e	sense:v03:3ed58a49777e	ѡ	preposition	indeclinable	ѡ	ѡ҆	about; around; because of; during; for; in; through	general	english-wiktionary-ocs-kaikki-2026-08-07	synodal:candidate:3ed58a49777efc1aaa7043d1	ponomar-elizabeth-bible-2026-08-09	synodal:candidate:c12b2d6555dcce5dff4e1477	Acts.2.25	reviewed	synodal-russian	Reviewer confirmed the source-partition Synodal context and conservative OCS sense continuity; exact lexical evidence only, with no productive class inferred.
review:v03:3ef2283960f6	synodal:adjective:wikt-3ef2283960f6	sense:v03:3ef2283960f6	данъ	adjective	lexical-form	данъ	да́нъ	given	general	english-wiktionary-ocs-kaikki-2026-08-07	synodal:candidate:3ef2283960f6623cd8be53bb	ponomar-elizabeth-bible-2026-08-09	synodal:candidate:814fd611a7300cb01bfe3595	Apoc.6.2	rejected	synodal-russian	Rejected: surface belongs to multiple OCS lexeme paradigms; target identity must be resolved manually
review:v03:3f82957840cf	synodal:noun:wikt-3f82957840cf	sense:v03:3f82957840cf	ложесна	noun	lexical-form	ложесна	ложесна̀	womb	general	english-wiktionary-ocs-kaikki-2026-08-07	synodal:candidate:3f82957840cf8bdb6ac22043	ponomar-elizabeth-bible-2026-08-09	synodal:candidate:9386d732b82f00b08c3fbc64	Composite.6.7	reviewed	synodal-russian	Reviewer confirmed the source-partition Synodal context and conservative OCS sense continuity; exact lexical evidence only, with no productive class inferred.
review:v03:3fc656e987c2	synodal:conjunction:wikt-3fc656e987c2	sense:v03:3fc656e987c2	ни	conjunction	indeclinable	ни	ни	not	general	english-wiktionary-ocs-kaikki-2026-08-07	synodal:candidate:3fc656e987c28e5f2e0470c6	ponomar-elizabeth-bible-2026-08-09	synodal:candidate:238ccbe441abd7f0858c0d7c	Acts.2.31	reviewed	synodal-russian	Reviewer confirmed the source-partition Synodal context and conservative OCS sense continuity; exact lexical evidence only, with no productive class inferred.
review:v03:3fed69aff872	synodal:noun:wikt-3fed69aff872	sense:v03:3fed69aff872	хранилище	noun	lexical-form	хранилище	храни́лище	hiding place; storage	general	english-wiktionary-ocs-kaikki-2026-08-07	synodal:candidate:3fed69aff872ec435bfb85eb	ponomar-elizabeth-bible-2026-08-09	synodal:candidate:ad7c2d112bbce7dbe7b4e33b	Apoc.18.2	reviewed	synodal-russian	Reviewer confirmed the source-partition Synodal context and conservative OCS sense continuity; exact lexical evidence only, with no productive class inferred.
review:v03:4053f0ccdc76	synodal:noun:wikt-4053f0ccdc76	sense:v03:4053f0ccdc76	строительство	noun	lexical-form	строительство	строи́тельство	management of household	general	english-wiktionary-ocs-kaikki-2026-08-07	synodal:candidate:4053f0ccdc76efaae361525a	ponomar-elizabeth-bible-2026-08-09	synodal:candidate:b2e008c8e48f21516ae394bc	Composite.4.7	reviewed	synodal-russian	Reviewer confirmed the source-partition Synodal context and conservative OCS sense continuity; exact lexical evidence only, with no productive class inferred.
review:v03:4059a334d9ab	synodal:noun:wikt-4059a334d9ab	sense:v03:4059a334d9ab	прибѣжище	noun	lexical-form	прибѣжище	прибѣ́жище	sanctuary	general	english-wiktionary-ocs-kaikki-2026-08-07	synodal:candidate:4059a334d9aba3b11237d73d	ponomar-elizabeth-bible-2026-08-09	synodal:candidate:afcd3d3ac1fdb5461fff50c0	Ex.17.15	reviewed	synodal-russian	Reviewer confirmed the source-partition Synodal context and conservative OCS sense continuity; exact lexical evidence only, with no productive class inferred.
review:v03:40d850d9d97a	synodal:noun:wikt-40d850d9d97a	sense:v03:40d850d9d97a	нѡздри	noun	lexical-form	нѡздри	нѡ́здри	nostrils	general	english-wiktionary-ocs-kaikki-2026-08-07	synodal:candidate:40d850d9d97ac1d0e3e3dcbc	ponomar-elizabeth-bible-2026-08-09	synodal:candidate:1aab205a7b3e7308e0b47b64	Isa.37.29	reviewed	synodal-russian	Reviewer confirmed the source-partition Synodal context and conservative OCS sense continuity; exact lexical evidence only, with no productive class inferred.
review:v03:4110b1c667a8	synodal:verb:wikt-4110b1c667a8	sense:v03:4110b1c667a8	хранити	verb	lexical-form	хранити	храни́ти	to keep; to protect, guard	general	english-wiktionary-ocs-kaikki-2026-08-07	synodal:candidate:4110b1c667a8bbd95c712d85	ponomar-elizabeth-bible-2026-08-09	synodal:candidate:6f298b1783c3b75da05bcbd7	Acts.16.4	reviewed	synodal-russian	Reviewer confirmed the source-partition Synodal context and conservative OCS sense continuity; exact lexical evidence only, with no productive class inferred.
review:v03:413197da6f31	synodal:noun:wikt-413197da6f31	sense:v03:413197da6f31	людъ	noun	lexical-form	людъ	лю́дъ	person, people	general	english-wiktionary-ocs-kaikki-2026-08-07	synodal:candidate:413197da6f316a6ac7b3eb78	ponomar-elizabeth-bible-2026-08-09	synodal:candidate:e09e2b1ff3f780f97dae9b59	Deut.28.9	reviewed	synodal-russian	Reviewer confirmed the source-partition Synodal context and conservative OCS sense continuity; exact lexical evidence only, with no productive class inferred.
review:v03:4269288a7756	synodal:noun:wikt-4269288a7756	sense:v03:4269288a7756	нощь	noun	lexical-form	нощь	но́щь	night, nighttime (period of time from sundown to sunup)	general	english-wiktionary-ocs-kaikki-2026-08-07	synodal:candidate:4269288a775682e8cc69cbe1	ponomar-elizabeth-bible-2026-08-09	synodal:candidate:37846ffa7da93b1d25fb0996	Acts.9.24	reviewed	synodal-russian	Reviewer confirmed the source-partition Synodal context and conservative OCS sense continuity; exact lexical evidence only, with no productive class inferred.
review:v03:427019173cd4	synodal:verb:wikt-427019173cd4	sense:v03:427019173cd4	бѣгати	verb	lexical-form	бѣгати	бѣ́гати	to avoid, to escape; to run, to flee	general	english-wiktionary-ocs-kaikki-2026-08-07	synodal:candidate:427019173cd48be41f4c14b1	ponomar-elizabeth-bible-2026-08-09	synodal:candidate:592fd55e515990e0da7c5517	II_Kings.19.3	reviewed	synodal-russian	Reviewer confirmed the source-partition Synodal context and conservative OCS sense continuity; exact lexical evidence only, with no productive class inferred.
review:v03:42c5d78bab14	synodal:numeral:wikt-42c5d78bab14	sense:v03:42c5d78bab14	пѧть	numeral	lexical-form	пѧть	пѧ́ть	five	general	english-wiktionary-ocs-kaikki-2026-08-07	synodal:candidate:42c5d78bab14e1204982f6e7	ponomar-elizabeth-bible-2026-08-09	synodal:candidate:69ee68e90a3ce71a8259d88e	Acts.4.4	reviewed	synodal-russian	Reviewer confirmed the source-partition Synodal context and conservative OCS sense continuity; exact lexical evidence only, with no productive class inferred.
review:v03:44581a9b2b3a	synodal:noun:wikt-44581a9b2b3a	sense:v03:44581a9b2b3a	арѡматъ	noun	lexical-form	арѡматъ	а҆рѡма̑тъ	precious ointment	general	english-wiktionary-ocs-kaikki-2026-08-07	synodal:candidate:44581a9b2b3a1b2dbfb7dceb	ponomar-elizabeth-bible-2026-08-09	synodal:candidate:44fa4e9cfe09f28dffa0915e	I_Paral.9.30	reviewed	synodal-russian	Reviewer confirmed the source-partition Synodal context and conservative OCS sense continuity; exact lexical evidence only, with no productive class inferred.
review:v03:44a4b1465e69	synodal:verb:wikt-44a4b1465e69	sense:v03:44a4b1465e69	исправити	verb	lexical-form	исправити	и҆спра́вити	accomplish, fulfil	general	english-wiktionary-ocs-kaikki-2026-08-07	synodal:candidate:44a4b1465e6957e6ca935be0	ponomar-elizabeth-bible-2026-08-09	synodal:candidate:2cecebc710fecd3b99d319ab	Epistle.1.26	reviewed	synodal-russian	Reviewer confirmed the source-partition Synodal context and conservative OCS sense continuity; exact lexical evidence only, with no productive class inferred.
review:v03:46289cacfc02	synodal:noun:wikt-46289cacfc02	sense:v03:46289cacfc02	вѡи	noun	lexical-form	вѡи	вѡ́и	camp; troops; warriors, soldiers	general	english-wiktionary-ocs-kaikki-2026-08-07	synodal:candidate:46289cacfc02ace32ed8279e	ponomar-elizabeth-bible-2026-08-09	synodal:candidate:3e927de8906cd77f0b7c686a	Apoc.19.19	reviewed	synodal-russian	Reviewer confirmed the source-partition Synodal context and conservative OCS sense continuity; exact lexical evidence only, with no productive class inferred.
review:v03:46b15460d077	synodal:noun:wikt-46b15460d077	sense:v03:46b15460d077	похоть	noun	lexical-form	похоть	по́хоть	bodily desire; desire; lust	general	english-wiktionary-ocs-kaikki-2026-08-07	synodal:candidate:46b15460d077337dff96c1ba	ponomar-elizabeth-bible-2026-08-09	synodal:candidate:01cf15dfbbd0cd250ea67f72	Col.3.5	reviewed	synodal-russian	Reviewer confirmed the source-partition Synodal context and conservative OCS sense continuity; exact lexical evidence only, with no productive class inferred.
review:v03:4712a304cc74	synodal:noun:wikt-4712a304cc74	sense:v03:4712a304cc74	мракъ	noun	lexical-form	мракъ	мра́къ	dark, darkness	general	english-wiktionary-ocs-kaikki-2026-08-07	synodal:candidate:4712a304cc74d395d48fe1ac	ponomar-elizabeth-bible-2026-08-09	synodal:candidate:da148a98b5816dbd1a0bb399	Acts.13.11	reviewed	synodal-russian	Reviewer confirmed the source-partition Synodal context and conservative OCS sense continuity; exact lexical evidence only, with no productive class inferred.
review:v03:474b39de7e9e	synodal:adjective:wikt-474b39de7e9e	sense:v03:474b39de7e9e	правъ	adjective	lexical-form	правъ	пра́въ	just; right; straight	general	english-wiktionary-ocs-kaikki-2026-08-07	synodal:candidate:474b39de7e9ec91e19e57ea0	ponomar-elizabeth-bible-2026-08-09	synodal:candidate:6379db3a1629c9d480160c2e	Acts.14.10	reviewed	synodal-russian	Reviewer confirmed the source-partition Synodal context and conservative OCS sense continuity; exact lexical evidence only, with no productive class inferred.
review:v03:47fa23a7ed6b	synodal:conjunction:wikt-47fa23a7ed6b	sense:v03:47fa23a7ed6b	ꙗкѡ	conjunction	indeclinable	ꙗкѡ	ꙗ҆́кѡ	because, for; if; that	general	english-wiktionary-ocs-kaikki-2026-08-07	synodal:candidate:47fa23a7ed6be05442a2fd88	ponomar-elizabeth-bible-2026-08-09	synodal:candidate:2ea4e8c66b548f40594ee241	Acts.1.5	reviewed	synodal-russian	Reviewer confirmed the source-partition Synodal context and conservative OCS sense continuity; exact lexical evidence only, with no productive class inferred.
review:v03:484ded0194e3	synodal:adjective:wikt-484ded0194e3	sense:v03:484ded0194e3	богатъ	adjective	lexical-form	богатъ	бога́тъ	rich; wealthy	general	english-wiktionary-ocs-kaikki-2026-08-07	synodal:candidate:484ded0194e3fa6afbe03b18	ponomar-elizabeth-bible-2026-08-09	synodal:candidate:db18812f43b4fad5d58b910e	Apoc.2.9	reviewed	synodal-russian	Reviewer confirmed the source-partition Synodal context and conservative OCS sense continuity; exact lexical evidence only, with no productive class inferred.
review:v03:4862208ad399	synodal:noun:wikt-4862208ad399	sense:v03:4862208ad399	притворъ	noun	lexical-form	притворъ	притво́ръ	colonnade, cloister	general	english-wiktionary-ocs-kaikki-2026-08-07	synodal:candidate:4862208ad399dd8244add4be	ponomar-elizabeth-bible-2026-08-09	synodal:candidate:9e7059905f3abc79aa301a6a	Acts.3.11	reviewed	synodal-russian	Reviewer confirmed the source-partition Synodal context and conservative OCS sense continuity; exact lexical evidence only, with no productive class inferred.
review:v03:4932bb00ee4a	synodal:noun:wikt-4932bb00ee4a	sense:v03:4932bb00ee4a	пира	noun	lexical-form	пира	пи́ра	bag	general	english-wiktionary-ocs-kaikki-2026-08-07	synodal:candidate:4932bb00ee4aa1684a73c4b9	ponomar-elizabeth-bible-2026-08-09	synodal:candidate:1246990adae6e6c1c2f361b6	Esther.1.5	rejected	synodal-russian	Rejected: surface belongs to multiple OCS lexeme paradigms; target identity must be resolved manually
review:v03:4994eaa7f539	synodal:noun:wikt-4994eaa7f539	sense:v03:4994eaa7f539	крѣпость	noun	lexical-form	крѣпость	крѣ́пость	strength	general	english-wiktionary-ocs-kaikki-2026-08-07	synodal:candidate:4994eaa7f5393fcd12c2e517	ponomar-elizabeth-bible-2026-08-09	synodal:candidate:51a4a324c90fa100d703f07b	Amos.5.9	reviewed	synodal-russian	Reviewer confirmed the source-partition Synodal context and conservative OCS sense continuity; exact lexical evidence only, with no productive class inferred.
review:v03:49acf1cda8a5	synodal:noun:wikt-49acf1cda8a5	sense:v03:49acf1cda8a5	каженикъ	noun	lexical-form	каженикъ	ка́женикъ	eunuch	general	english-wiktionary-ocs-kaikki-2026-08-07	synodal:candidate:49acf1cda8a567df18bae5b5	ponomar-elizabeth-bible-2026-08-09	synodal:candidate:e407e14fd98a67cd20108e55	Acts.8.34	reviewed	synodal-russian	Reviewer confirmed the source-partition Synodal context and conservative OCS sense continuity; exact lexical evidence only, with no productive class inferred.
review:v03:49b7c283f575	synodal:noun:wikt-49b7c283f575	sense:v03:49b7c283f575	ликъ	noun	lexical-form	ликъ	ли́къ	dance	general	english-wiktionary-ocs-kaikki-2026-08-07	synodal:candidate:49b7c283f575eef001c625e3	ponomar-elizabeth-bible-2026-08-09	synodal:candidate:d44fc2d704cfe2ef06540773	III_Macc.6.32	reviewed	synodal-russian	Reviewer confirmed the source-partition Synodal context and conservative OCS sense continuity; exact lexical evidence only, with no productive class inferred.
review:v03:4a310e2fb5be	synodal:noun:wikt-4a310e2fb5be	sense:v03:4a310e2fb5be	гладъ	noun	lexical-form	гладъ	гла́дъ	hunger	general	english-wiktionary-ocs-kaikki-2026-08-07	synodal:candidate:4a310e2fb5befea35befa4f0	ponomar-elizabeth-bible-2026-08-09	synodal:candidate:f30ff0f8ee5b5953d2fdc4ad	Acts.11.28	reviewed	synodal-russian	Reviewer confirmed the source-partition Synodal context and conservative OCS sense continuity; exact lexical evidence only, with no productive class inferred.
review:v03:4ae674490a32	synodal:noun:wikt-4ae674490a32	sense:v03:4ae674490a32	гнои	noun	lexical-form	гнои	гноѝ	dung, excrement	general	english-wiktionary-ocs-kaikki-2026-08-07	synodal:candidate:4ae674490a322a49fa33f7e0	ponomar-elizabeth-bible-2026-08-09	synodal:candidate:56ef8dc84172f2269ef9aa09	Job.2.9	reviewed	synodal-russian	Reviewer confirmed the source-partition Synodal context and conservative OCS sense continuity; exact lexical evidence only, with no productive class inferred.
review:v03:4b110ac5f2b3	synodal:noun:wikt-4b110ac5f2b3	sense:v03:4b110ac5f2b3	врата	noun	lexical-form	врата	врата̀	gate, door	general	english-wiktionary-ocs-kaikki-2026-08-07	synodal:candidate:4b110ac5f2b338499089258b	ponomar-elizabeth-bible-2026-08-09	synodal:candidate:b8fb8aeb1512220052e314a7	Acts.14.13	rejected	synodal-russian	Rejected: surface belongs to multiple OCS lexeme paradigms; target identity must be resolved manually
review:v03:4b75495729a3	synodal:noun:wikt-4b75495729a3	sense:v03:4b75495729a3	длань	noun	lexical-form	длань	дла́нь	palm (of the hand)	general	english-wiktionary-ocs-kaikki-2026-08-07	synodal:candidate:4b75495729a33e2a6cd2006a	ponomar-elizabeth-bible-2026-08-09	synodal:candidate:a505dfc1085291523e91258a	III_Kings.7.26	reviewed	synodal-russian	Reviewer confirmed the source-partition Synodal context and conservative OCS sense continuity; exact lexical evidence only, with no productive class inferred.
review:v03:4beadd43eb79	synodal:conjunction:wikt-4beadd43eb79	sense:v03:4beadd43eb79	да	conjunction	indeclinable	да	да	in order to; that; to	general	english-wiktionary-ocs-kaikki-2026-08-07	synodal:candidate:4beadd43eb79623d9fe294fe	ponomar-elizabeth-bible-2026-08-09	synodal:candidate:9e509590cb5359ebe73937ea	Acts.1.20	reviewed	synodal-russian	Reviewer confirmed the source-partition Synodal context and conservative OCS sense continuity; exact lexical evidence only, with no productive class inferred.
review:v03:4cb1c846ffc4	synodal:noun:wikt-4cb1c846ffc4	sense:v03:4cb1c846ffc4	годъ	noun	lexical-form	годъ	го́дъ	holiday; right, suitable time; time; year	general	english-wiktionary-ocs-kaikki-2026-08-07	synodal:candidate:4cb1c846ffc4e1a51c5badc1	ponomar-elizabeth-bible-2026-08-09	synodal:candidate:01f8391a3260eb4051fe0239	II_Paral.8.13	reviewed	synodal-russian	Reviewer confirmed the source-partition Synodal context and conservative OCS sense continuity; exact lexical evidence only, with no productive class inferred.
review:v03:4d387300eb68	synodal:noun:wikt-4d387300eb68	sense:v03:4d387300eb68	солило	noun	lexical-form	солило	соли́ло	bowl; cup	general	english-wiktionary-ocs-kaikki-2026-08-07	synodal:candidate:4d387300eb68d78f1312da90	ponomar-elizabeth-bible-2026-08-09	synodal:candidate:aef3c8083bc5531ced57119b	Mk.14.20	reviewed	synodal-russian	Reviewer confirmed the source-partition Synodal context and conservative OCS sense continuity; exact lexical evidence only, with no productive class inferred.
review:v03:4db2455c1f3f	synodal:noun:wikt-4db2455c1f3f	sense:v03:4db2455c1f3f	вождь	noun	lexical-form	вождь	во́ждь	leader	general	english-wiktionary-ocs-kaikki-2026-08-07	synodal:candidate:4db2455c1f3f6057d3dd898b	ponomar-elizabeth-bible-2026-08-09	synodal:candidate:0c9adfaddda202aff10f07ef	Gen.49.10	rejected	synodal-russian	Rejected: surface belongs to multiple OCS lexeme paradigms; target identity must be resolved manually
review:v03:4ddd824b8609	synodal:verb:wikt-4ddd824b8609	sense:v03:4ddd824b8609	показати	verb	lexical-form	показати	показа́ти	instruct; show	general	english-wiktionary-ocs-kaikki-2026-08-07	synodal:candidate:4ddd824b8609843a255a4b40	ponomar-elizabeth-bible-2026-08-09	synodal:candidate:28247a495d87519655701daf	Apoc.1.1	reviewed	synodal-russian	Reviewer confirmed the source-partition Synodal context and conservative OCS sense continuity; exact lexical evidence only, with no productive class inferred.
review:v03:4f4b6240f36e	synodal:adverb:wikt-4f4b6240f36e	sense:v03:4f4b6240f36e	горѣ	adverb	indeclinable	горѣ	горѣ̀	above	general	english-wiktionary-ocs-kaikki-2026-08-07	synodal:candidate:4f4b6240f36ec1dfc329ee4f	ponomar-elizabeth-bible-2026-08-09	synodal:candidate:3bd3bd21ae25c5192e60f509	Acts.2.19	reviewed	synodal-russian	Reviewer confirmed the source-partition Synodal context and conservative OCS sense continuity; exact lexical evidence only, with no productive class inferred.
review:v03:4f7bc7946643	synodal:adjective:wikt-4f7bc7946643	sense:v03:4f7bc7946643	младъ	adjective	lexical-form	младъ	мла́дъ	young	general	english-wiktionary-ocs-kaikki-2026-08-07	synodal:candidate:4f7bc7946643beb44bbe1168	ponomar-elizabeth-bible-2026-08-09	synodal:candidate:6590d5ab8fd22b35f6b9fc86	Gal.4.1	reviewed	synodal-russian	Reviewer confirmed the source-partition Synodal context and conservative OCS sense continuity; exact lexical evidence only, with no productive class inferred.
review:v03:5067104cbfea	synodal:verb:wikt-5067104cbfea	sense:v03:5067104cbfea	побити	verb	lexical-form	побити	поби́ти	kill	general	english-wiktionary-ocs-kaikki-2026-08-07	synodal:candidate:5067104cbfeaead1f73c2bca	ponomar-elizabeth-bible-2026-08-09	synodal:candidate:280da275659ed23c5debda14	Acts.14.5	reviewed	synodal-russian	Reviewer confirmed the source-partition Synodal context and conservative OCS sense continuity; exact lexical evidence only, with no productive class inferred.
review:v03:512a2b47758d	synodal:noun:wikt-512a2b47758d	sense:v03:512a2b47758d	колѣно	noun	lexical-form	колѣно	колѣ́но	generation; knee	general	english-wiktionary-ocs-kaikki-2026-08-07	synodal:candidate:512a2b47758d7ff6c841048e	ponomar-elizabeth-bible-2026-08-09	synodal:candidate:44fdb1f540d252e4dfe0ddbb	IV_Kings.17.18	reviewed	synodal-russian	Reviewer confirmed the source-partition Synodal context and conservative OCS sense continuity; exact lexical evidence only, with no productive class inferred.
review:v03:53bd0a6941e5	synodal:noun:wikt-53bd0a6941e5	sense:v03:53bd0a6941e5	легеѡнъ	noun	lexical-form	легеѡнъ	легеѡ́нъ	legion	general	english-wiktionary-ocs-kaikki-2026-08-07	synodal:candidate:53bd0a6941e5390a5af4a523	ponomar-elizabeth-bible-2026-08-09	synodal:candidate:e9280a5513caaa404f03870d	Lk.8.30	reviewed	synodal-russian	Reviewer confirmed the source-partition Synodal context and conservative OCS sense continuity; exact lexical evidence only, with no productive class inferred.
review:v03:53f0aace1342	synodal:noun:wikt-53f0aace1342	sense:v03:53f0aace1342	сѣнь	noun	lexical-form	сѣнь	сѣ́нь	shadow	general	english-wiktionary-ocs-kaikki-2026-08-07	synodal:candidate:53f0aace1342a6a812364ac0	ponomar-elizabeth-bible-2026-08-09	synodal:candidate:8e86723ce25259e0c81acd36	Acts.5.15	reviewed	synodal-russian	Reviewer confirmed the source-partition Synodal context and conservative OCS sense continuity; exact lexical evidence only, with no productive class inferred.
review:v03:54184498f8d6	synodal:verb:wikt-54184498f8d6	sense:v03:54184498f8d6	разорити	verb	lexical-form	разорити	разори́ти	to destroy, to demolish	general	english-wiktionary-ocs-kaikki-2026-08-07	synodal:candidate:54184498f8d6a7ddbccfb4f6	ponomar-elizabeth-bible-2026-08-09	synodal:candidate:726b67c0da89b0a447cc2c7d	Acts.5.39	reviewed	synodal-russian	Reviewer confirmed the source-partition Synodal context and conservative OCS sense continuity; exact lexical evidence only, with no productive class inferred.
review:v03:5429d2b94873	synodal:verb:wikt-5429d2b94873	sense:v03:5429d2b94873	изгнати	verb	lexical-form	изгнати	и҆згна́ти	cast out, cast away; drive out, drive away	general	english-wiktionary-ocs-kaikki-2026-08-07	synodal:candidate:5429d2b94873b5c94647ee27	ponomar-elizabeth-bible-2026-08-09	synodal:candidate:0549cfc749f138589c990460	II_Esdra.8.90	reviewed	synodal-russian	Reviewer confirmed the source-partition Synodal context and conservative OCS sense continuity; exact lexical evidence only, with no productive class inferred.
review:v03:5471d4207f64	synodal:adverb:wikt-5471d4207f64	sense:v03:5471d4207f64	ꙗкѡ	adverb	indeclinable	ꙗкѡ	ꙗ҆́кѡ	how	general	english-wiktionary-ocs-kaikki-2026-08-07	synodal:candidate:5471d4207f6490854e1f5d0c	ponomar-elizabeth-bible-2026-08-09	synodal:candidate:2ea4e8c66b548f40594ee241	Acts.1.5	rejected	synodal-russian	Corrective contextual review found Acts.1.5 and the held-out Acts.1.16 use ꙗкѡ as a conjunction meaning for or because, not the adverb how.
review:v03:54edb72ddb01	synodal:noun:wikt-54edb72ddb01	sense:v03:54edb72ddb01	вѡинъ	noun	lexical-form	вѡинъ	вѡ́инъ	soldier	general	english-wiktionary-ocs-kaikki-2026-08-07	synodal:candidate:54edb72ddb014ddabfb8a702	ponomar-elizabeth-bible-2026-08-09	synodal:candidate:69ab8e6e598a35fa98234fc8	Acts.21.35	rejected	synodal-russian	Rejected: surface belongs to multiple OCS lexeme paradigms; target identity must be resolved manually
review:v03:551a03f1df94	synodal:noun:wikt-551a03f1df94	sense:v03:551a03f1df94	имѧ	noun	lexical-form	имѧ	и҆́мѧ	name	general	english-wiktionary-ocs-kaikki-2026-08-07	synodal:candidate:551a03f1df944f63f0734a32	ponomar-elizabeth-bible-2026-08-09	synodal:candidate:7b0b21ffbc9dfe11c4160ed2	Acts.2.21	reviewed	synodal-russian	Reviewer confirmed the source-partition Synodal context and conservative OCS sense continuity; exact lexical evidence only, with no productive class inferred.
review:v03:57276eea35a2	synodal:proper-noun:wikt-57276eea35a2	sense:v03:57276eea35a2	каїнъ	proper-noun	lexical-form	каїнъ	ка́їнъ	a male given name, Cain	general	english-wiktionary-ocs-kaikki-2026-08-07	synodal:candidate:57276eea35a2244082b3796b	ponomar-elizabeth-bible-2026-08-09	synodal:candidate:7fb01b3140083300828bbb16	Gen.4.2	reviewed	synodal-russian	Reviewer confirmed the source-partition Synodal context and conservative OCS sense continuity; exact lexical evidence only, with no productive class inferred.
review:v03:576d5db53af7	synodal:pronoun:wikt-576d5db53af7	sense:v03:576d5db53af7	ѡнъ	pronoun	lexical-form	ѡнъ	ѡ҆́нъ	he (personal pronoun); that one there, that one yonder	general	english-wiktionary-ocs-kaikki-2026-08-07	synodal:candidate:576d5db53af73d640cb82fec	ponomar-elizabeth-bible-2026-08-09	synodal:candidate:c34d0fc3b208664e15d92247	Composite.6.1	rejected	synodal-russian	Rejected: surface belongs to multiple OCS lexeme paradigms; target identity must be resolved manually
review:v03:577896b0cbc6	synodal:conjunction:wikt-577896b0cbc6	sense:v03:577896b0cbc6	и	conjunction	indeclinable	и	и҆	and	general	english-wiktionary-ocs-kaikki-2026-08-07	synodal:candidate:577896b0cbc63a489863a123	ponomar-elizabeth-bible-2026-08-09	synodal:candidate:f1fd5cb7e8bc638b308a2a0d	Acts.1.4	reviewed	synodal-russian	Reviewer confirmed the source-partition Synodal context and conservative OCS sense continuity; exact lexical evidence only, with no productive class inferred.
review:v03:586163254439	synodal:noun:wikt-586163254439	sense:v03:586163254439	полъ	noun	lexical-form	полъ	по́лъ	gender, sex; half	general	english-wiktionary-ocs-kaikki-2026-08-07	synodal:candidate:586163254439a5f3ddf85ba3	ponomar-elizabeth-bible-2026-08-09	synodal:candidate:a2a6b662d295e7913443c071	Apoc.8.1	reviewed	synodal-russian	Reviewer confirmed the source-partition Synodal context and conservative OCS sense continuity; exact lexical evidence only, with no productive class inferred.
review:v03:5889f47b19aa	synodal:noun:wikt-5889f47b19aa	sense:v03:5889f47b19aa	хвала	noun	lexical-form	хвала	хвала̀	glory; gratitude; praise	general	english-wiktionary-ocs-kaikki-2026-08-07	synodal:candidate:5889f47b19aa64c9727fb86d	ponomar-elizabeth-bible-2026-08-09	synodal:candidate:c20c7d01222546eca45deb49	Apoc.7.12	reviewed	synodal-russian	Reviewer confirmed the source-partition Synodal context and conservative OCS sense continuity; exact lexical evidence only, with no productive class inferred.
review:v03:58a4f8eb4197	synodal:numeral:wikt-58a4f8eb4197	sense:v03:58a4f8eb4197	шесть	numeral	lexical-form	шесть	ше́сть	six	general	english-wiktionary-ocs-kaikki-2026-08-07	synodal:candidate:58a4f8eb41978072e87965ce	ponomar-elizabeth-bible-2026-08-09	synodal:candidate:d09483d22b603f8e33d0e85f	Acts.11.12	reviewed	synodal-russian	Reviewer confirmed the source-partition Synodal context and conservative OCS sense continuity; exact lexical evidence only, with no productive class inferred.
review:v03:58ac9524c3f5	synodal:noun:wikt-58ac9524c3f5	sense:v03:58ac9524c3f5	подвигъ	noun	lexical-form	подвигъ	по́двигъ	feat, effort, struggle	general	english-wiktionary-ocs-kaikki-2026-08-07	synodal:candidate:58ac9524c3f57ec19a850f72	ponomar-elizabeth-bible-2026-08-09	synodal:candidate:a734f70e1e9c7128de4ab122	Col.2.1	rejected	synodal-russian	Rejected: surface belongs to multiple OCS lexeme paradigms; target identity must be resolved manually
review:v03:598268a54855	synodal:noun:wikt-598268a54855	sense:v03:598268a54855	храмина	noun	lexical-form	храмина	хра́мина	dwelling; house, building	general	english-wiktionary-ocs-kaikki-2026-08-07	synodal:candidate:598268a5485551450d56f1a2	ponomar-elizabeth-bible-2026-08-09	synodal:candidate:60e5906c25c79e79f3106119	Acts.18.7	reviewed	synodal-russian	Reviewer confirmed the source-partition Synodal context and conservative OCS sense continuity; exact lexical evidence only, with no productive class inferred.
review:v03:59a9e8945fdf	synodal:noun:wikt-59a9e8945fdf	sense:v03:59a9e8945fdf	позоръ	noun	lexical-form	позоръ	позо́ръ	shame; sight, spectacle	general	english-wiktionary-ocs-kaikki-2026-08-07	synodal:candidate:59a9e8945fdf10846f906324	ponomar-elizabeth-bible-2026-08-09	synodal:candidate:bb7295f7185c5158403c26ab	Acts.19.31	reviewed	synodal-russian	Reviewer confirmed the source-partition Synodal context and conservative OCS sense continuity; exact lexical evidence only, with no productive class inferred.
review:v03:59c9bd064d66	synodal:noun:wikt-59c9bd064d66	sense:v03:59c9bd064d66	громъ	noun	lexical-form	громъ	гро́мъ	thundering	general	english-wiktionary-ocs-kaikki-2026-08-07	synodal:candidate:59c9bd064d66bd092944988c	ponomar-elizabeth-bible-2026-08-09	synodal:candidate:6b1d0107dfbe9bf71c32cdf9	Amos.4.13	reviewed	synodal-russian	Reviewer confirmed the source-partition Synodal context and conservative OCS sense continuity; exact lexical evidence only, with no productive class inferred.
review:v03:5a6f4b289d88	synodal:verb:wikt-5a6f4b289d88	sense:v03:5a6f4b289d88	пѧти	verb	lexical-form	пѧти	пѧтѝ	to tie, fix	general	english-wiktionary-ocs-kaikki-2026-08-07	synodal:candidate:5a6f4b289d8892302f759e47	ponomar-elizabeth-bible-2026-08-09	synodal:candidate:30c9dc3b3343a6e57d2eea16	Deut.10.22	rejected	synodal-russian	Rejected: surface belongs to multiple OCS lexeme paradigms; target identity must be resolved manually
review:v03:5c652bfd3f26	synodal:noun:wikt-5c652bfd3f26	sense:v03:5c652bfd3f26	господинъ	noun	lexical-form	господинъ	господи́нъ	lord; master	general	english-wiktionary-ocs-kaikki-2026-08-07	synodal:candidate:5c652bfd3f265d83078fa538	ponomar-elizabeth-bible-2026-08-09	synodal:candidate:2a4826d028cb8047c00eb05a	Composite.1.6	reviewed	synodal-russian	Reviewer confirmed the source-partition Synodal context and conservative OCS sense continuity; exact lexical evidence only, with no productive class inferred.
review:v03:5cc903a5e412	synodal:noun:wikt-5cc903a5e412	sense:v03:5cc903a5e412	ꙗрость	noun	lexical-form	ꙗрость	ꙗ҆́рость	fury, anger	general	english-wiktionary-ocs-kaikki-2026-08-07	synodal:candidate:5cc903a5e412ac33cede329e	ponomar-elizabeth-bible-2026-08-09	synodal:candidate:e5c894c4ab73b5fbfcfb30db	Apoc.12.12	reviewed	synodal-russian	Reviewer confirmed the source-partition Synodal context and conservative OCS sense continuity; exact lexical evidence only, with no productive class inferred.
review:v03:5d565b0c75bf	synodal:conjunction:wikt-5d565b0c75bf	sense:v03:5d565b0c75bf	зане	conjunction	indeclinable	зане	занѐ	because; therefore	general	english-wiktionary-ocs-kaikki-2026-08-07	synodal:candidate:5d565b0c75bf6e4bedb8d73e	ponomar-elizabeth-bible-2026-08-09	synodal:candidate:33f3d39b3f6ca4ec915625c1	Acts.8.11	reviewed	synodal-russian	Reviewer confirmed the source-partition Synodal context and conservative OCS sense continuity; exact lexical evidence only, with no productive class inferred.
review:v03:5db6c354e674	synodal:verb:wikt-5db6c354e674	sense:v03:5db6c354e674	бѣсте	verb	lexical-form	бѣсте	бѣ́сте	second-person plural imperfective aorist indicative; third-person dual imperfective aorist indicative	general	english-wiktionary-ocs-kaikki-2026-08-07	synodal:candidate:5db6c354e674deb4e854d2bc	ponomar-elizabeth-bible-2026-08-09	synodal:candidate:f868c8efb2707237f03dc0e5	Deut.10.19	reviewed	synodal-russian	Reviewer confirmed the source-partition Synodal context and conservative OCS sense continuity; exact lexical evidence only, with no productive class inferred.
review:v03:5e21584fb1a0	synodal:noun:wikt-5e21584fb1a0	sense:v03:5e21584fb1a0	исто	noun	lexical-form	исто	и҆́сто	entrails, guts; kidney	general	english-wiktionary-ocs-kaikki-2026-08-07	synodal:candidate:5e21584fb1a05777b2b99afe	ponomar-elizabeth-bible-2026-08-09	synodal:candidate:ba877bd75f4aa19c2fc056a7	Lev.13.51	rejected	synodal-russian	Rejected: surface belongs to multiple OCS lexeme paradigms; target identity must be resolved manually
review:v03:5e7decaf3d4a	synodal:noun:wikt-5e7decaf3d4a	sense:v03:5e7decaf3d4a	стадо	noun	lexical-form	стадо	ста́до	herd	general	english-wiktionary-ocs-kaikki-2026-08-07	synodal:candidate:5e7decaf3d4af5be4952a766	ponomar-elizabeth-bible-2026-08-09	synodal:candidate:d036bfd4a1488a15323b62dd	Baruch.4.26	reviewed	synodal-russian	Reviewer confirmed the source-partition Synodal context and conservative OCS sense continuity; exact lexical evidence only, with no productive class inferred.
review:v03:5e9e5de35a0c	synodal:noun:wikt-5e9e5de35a0c	sense:v03:5e9e5de35a0c	приносъ	noun	lexical-form	приносъ	прино́съ	contribution	general	english-wiktionary-ocs-kaikki-2026-08-07	synodal:candidate:5e9e5de35a0cb37ff7c4ffec	ponomar-elizabeth-bible-2026-08-09	synodal:candidate:e0cf7907f3d26985cea80b28	Lev.2.16	reviewed	synodal-russian	Reviewer confirmed the source-partition Synodal context and conservative OCS sense continuity; exact lexical evidence only, with no productive class inferred.
review:v03:5eebfb0d4930	synodal:noun:wikt-5eebfb0d4930	sense:v03:5eebfb0d4930	колъ	noun	lexical-form	колъ	ко́лъ	stake	general	english-wiktionary-ocs-kaikki-2026-08-07	synodal:candidate:5eebfb0d4930cd0f61576aab	ponomar-elizabeth-bible-2026-08-09	synodal:candidate:8d9e0afaca8b26cad5b68d8d	Ezek.15.3	rejected	synodal-russian	Rejected: surface belongs to multiple OCS lexeme paradigms; target identity must be resolved manually
review:v03:5fc330427f69	synodal:noun:wikt-5fc330427f69	sense:v03:5fc330427f69	напасть	noun	lexical-form	напасть	напа́сть	accident, misfortune; peril	general	english-wiktionary-ocs-kaikki-2026-08-07	synodal:candidate:5fc330427f699b339039dd30	ponomar-elizabeth-bible-2026-08-09	synodal:candidate:c6b67dff5329c55974051cc1	Lk.22.40	reviewed	synodal-russian	Reviewer confirmed the source-partition Synodal context and conservative OCS sense continuity; exact lexical evidence only, with no productive class inferred.
review:v03:61a99171906f	synodal:verb:wikt-61a99171906f	sense:v03:61a99171906f	творити	verb	lexical-form	творити	твори́ти	to do; to make	general	english-wiktionary-ocs-kaikki-2026-08-07	synodal:candidate:61a99171906ff4e0b51d5ab2	ponomar-elizabeth-bible-2026-08-09	synodal:candidate:5ffa97726ec892b9a5edc330	Acts.9.6	reviewed	synodal-russian	Reviewer confirmed the source-partition Synodal context and conservative OCS sense continuity; exact lexical evidence only, with no productive class inferred.
review:v03:623810a5090c	synodal:noun:wikt-623810a5090c	sense:v03:623810a5090c	власть	noun	lexical-form	власть	вла́сть	power	general	english-wiktionary-ocs-kaikki-2026-08-07	synodal:candidate:623810a5090c7a66bc500863	ponomar-elizabeth-bible-2026-08-09	synodal:candidate:9e1b9389e938973dd4ad2716	Acts.8.19	reviewed	synodal-russian	Reviewer confirmed the source-partition Synodal context and conservative OCS sense continuity; exact lexical evidence only, with no productive class inferred.
review:v03:624046c11275	synodal:verb:wikt-624046c11275	sense:v03:624046c11275	ѡрати	verb	lexical-form	ѡрати	ѡ҆ра́ти	to plow	general	english-wiktionary-ocs-kaikki-2026-08-07	synodal:candidate:624046c112750e9f63c29c3c	ponomar-elizabeth-bible-2026-08-09	synodal:candidate:a864ad108c8acf43034c3409	I_Cor.9.10	reviewed	synodal-russian	Reviewer confirmed the source-partition Synodal context and conservative OCS sense continuity; exact lexical evidence only, with no productive class inferred.
review:v03:628b06c0979e	synodal:noun:wikt-628b06c0979e	sense:v03:628b06c0979e	юность	noun	lexical-form	юность	ю҆́ность	youth, young age	general	english-wiktionary-ocs-kaikki-2026-08-07	synodal:candidate:628b06c0979e53d70a1a7be8	ponomar-elizabeth-bible-2026-08-09	synodal:candidate:d7084f6b13a27a5519d9f71d	Eccles.11.10	reviewed	synodal-russian	Reviewer confirmed the source-partition Synodal context and conservative OCS sense continuity; exact lexical evidence only, with no productive class inferred.
review:v03:62f6e7bafefb	synodal:noun:wikt-62f6e7bafefb	sense:v03:62f6e7bafefb	рамо	noun	lexical-form	рамо	ра́мо	shoulder	general	english-wiktionary-ocs-kaikki-2026-08-07	synodal:candidate:62f6e7bafefb19b763827f10	ponomar-elizabeth-bible-2026-08-09	synodal:candidate:8c0b80e08c1f0b5765f81870	Deut.18.3	reviewed	synodal-russian	Reviewer confirmed the source-partition Synodal context and conservative OCS sense continuity; exact lexical evidence only, with no productive class inferred.
review:v03:636074b18d16	synodal:verb:wikt-636074b18d16	sense:v03:636074b18d16	ѡбидѣти	verb	lexical-form	ѡбидѣти	ѡ҆би́дѣти	offend, harm, disrespect	general	english-wiktionary-ocs-kaikki-2026-08-07	synodal:candidate:636074b18d1648ee3bec8ff0	ponomar-elizabeth-bible-2026-08-09	synodal:candidate:efa9d50f590e6b6572691dd3	Apoc.11.5	reviewed	synodal-russian	Reviewer confirmed the source-partition Synodal context and conservative OCS sense continuity; exact lexical evidence only, with no productive class inferred.
review:v03:63d3fffebc66	synodal:noun:wikt-63d3fffebc66	sense:v03:63d3fffebc66	крило	noun	lexical-form	крило	крило̀	wing	general	english-wiktionary-ocs-kaikki-2026-08-07	synodal:candidate:63d3fffebc6640af4808ffdb	ponomar-elizabeth-bible-2026-08-09	synodal:candidate:02aadb394011f4d99e2e74eb	III_Kings.6.24	reviewed	synodal-russian	Reviewer confirmed the source-partition Synodal context and conservative OCS sense continuity; exact lexical evidence only, with no productive class inferred.
review:v03:63ff1354644b	synodal:noun:wikt-63ff1354644b	sense:v03:63ff1354644b	кровъ	noun	lexical-form	кровъ	кро́въ	dwelling; roof	general	english-wiktionary-ocs-kaikki-2026-08-07	synodal:candidate:63ff1354644ba05374b53793	ponomar-elizabeth-bible-2026-08-09	synodal:candidate:4c949c25cf81bcab0e71821c	Acts.15.16	reviewed	synodal-russian	Reviewer confirmed the source-partition Synodal context and conservative OCS sense continuity; exact lexical evidence only, with no productive class inferred.
review:v03:6508515ed6de	synodal:noun:wikt-6508515ed6de	sense:v03:6508515ed6de	раба	noun	lexical-form	раба	раба̀	female servant	general	english-wiktionary-ocs-kaikki-2026-08-07	synodal:candidate:6508515ed6de07ec2ad4992e	ponomar-elizabeth-bible-2026-08-09	synodal:candidate:e23f58f05d873cb00c00db99	Apoc.15.3	rejected	synodal-russian	Rejected: surface belongs to multiple OCS lexeme paradigms; target identity must be resolved manually
review:v03:650a82bfd2ce	synodal:noun:wikt-650a82bfd2ce	sense:v03:650a82bfd2ce	трепетъ	noun	lexical-form	трепетъ	тре́петъ	fear, horror	general	english-wiktionary-ocs-kaikki-2026-08-07	synodal:candidate:650a82bfd2ce1b62224455bf	ponomar-elizabeth-bible-2026-08-09	synodal:candidate:a9140c3c9fa16be1317336e4	Deut.2.25	reviewed	synodal-russian	Reviewer confirmed the source-partition Synodal context and conservative OCS sense continuity; exact lexical evidence only, with no productive class inferred.
review:v03:650de55c780b	synodal:noun:wikt-650de55c780b	sense:v03:650de55c780b	сѣмѧ	noun	lexical-form	сѣмѧ	сѣ́мѧ	seed	general	english-wiktionary-ocs-kaikki-2026-08-07	synodal:candidate:650de55c780b4abd817730d6	ponomar-elizabeth-bible-2026-08-09	synodal:candidate:e3245089ccd3cf8e3526986b	Acts.7.6	reviewed	synodal-russian	Reviewer confirmed the source-partition Synodal context and conservative OCS sense continuity; exact lexical evidence only, with no productive class inferred.
review:v03:651592bf9c45	synodal:noun:wikt-651592bf9c45	sense:v03:651592bf9c45	хранитель	noun	lexical-form	хранитель	храни́тель	keeper, guardian; protector, defender	general	english-wiktionary-ocs-kaikki-2026-08-07	synodal:candidate:651592bf9c457e81bbd280f0	ponomar-elizabeth-bible-2026-08-09	synodal:candidate:ad7c2d112bbce7dbe7b4e33b	Apoc.18.2	reviewed	synodal-russian	Reviewer confirmed the source-partition Synodal context and conservative OCS sense continuity; exact lexical evidence only, with no productive class inferred.
review:v03:655a963a412d	synodal:noun:wikt-655a963a412d	sense:v03:655a963a412d	млатъ	noun	lexical-form	млатъ	мла́тъ	hammer	general	english-wiktionary-ocs-kaikki-2026-08-07	synodal:candidate:655a963a412d696af1b8fb4a	ponomar-elizabeth-bible-2026-08-09	synodal:candidate:57db7c607dae187f7242c95f	Jerem.23.29	reviewed	synodal-russian	Reviewer confirmed the source-partition Synodal context and conservative OCS sense continuity; exact lexical evidence only, with no productive class inferred.
review:v03:6568ea255d7c	synodal:noun:wikt-6568ea255d7c	sense:v03:6568ea255d7c	гнѣздо	noun	lexical-form	гнѣздо	гнѣздо̀	nest	general	english-wiktionary-ocs-kaikki-2026-08-07	synodal:candidate:6568ea255d7c96551d0a624a	ponomar-elizabeth-bible-2026-08-09	synodal:candidate:12ce46f217ad39483d730cf3	Deut.22.6	reviewed	synodal-russian	Reviewer confirmed the source-partition Synodal context and conservative OCS sense continuity; exact lexical evidence only, with no productive class inferred.
review:v03:6581de9ff070	synodal:noun:wikt-6581de9ff070	sense:v03:6581de9ff070	врагъ	noun	lexical-form	врагъ	вра̑гъ	an enemy, foe; the devil	general	english-wiktionary-ocs-kaikki-2026-08-07	synodal:candidate:6581de9ff0705fe615d3a62e	ponomar-elizabeth-bible-2026-08-09	synodal:candidate:65cc0198b6ac4b09f8459602	Amos.9.4	reviewed	synodal-russian	Reviewer confirmed the source-partition Synodal context and conservative OCS sense continuity; exact lexical evidence only, with no productive class inferred.
review:v03:65b7fff504e8	synodal:noun:wikt-65b7fff504e8	sense:v03:65b7fff504e8	ꙗдь	noun	lexical-form	ꙗдь	ꙗ҆́дь	food	general	english-wiktionary-ocs-kaikki-2026-08-07	synodal:candidate:65b7fff504e80be03264811e	ponomar-elizabeth-bible-2026-08-09	synodal:candidate:5c9065553a1ad44ec6540a51	Ezek.21.32	reviewed	synodal-russian	Reviewer confirmed the source-partition Synodal context and conservative OCS sense continuity; exact lexical evidence only, with no productive class inferred.
review:v03:6602cb1a9103	synodal:adjective:wikt-6602cb1a9103	sense:v03:6602cb1a9103	ꙗръ	adjective	lexical-form	ꙗръ	ꙗ҆́ръ	furious, angry; severe, sternly	general	english-wiktionary-ocs-kaikki-2026-08-07	synodal:candidate:6602cb1a91035d789d65435e	ponomar-elizabeth-bible-2026-08-09	synodal:candidate:a6896ea38c2808cd800aa84e	Jerem.30.23	reviewed	synodal-russian	Reviewer confirmed the source-partition Synodal context and conservative OCS sense continuity; exact lexical evidence only, with no productive class inferred.
review:v03:661a0f950071	synodal:verb:wikt-661a0f950071	sense:v03:661a0f950071	почити	verb	lexical-form	почити	почи́ти	to lean, to recline on; to pass away; to rest	general	english-wiktionary-ocs-kaikki-2026-08-07	synodal:candidate:661a0f9500716277b0aaa918	ponomar-elizabeth-bible-2026-08-09	synodal:candidate:3a27c677547772146d19b0c0	II_Kings.17.8	reviewed	synodal-russian	Reviewer confirmed the source-partition Synodal context and conservative OCS sense continuity; exact lexical evidence only, with no productive class inferred.
review:v03:66c1248b9c23	synodal:noun:wikt-66c1248b9c23	sense:v03:66c1248b9c23	вещь	noun	lexical-form	вещь	ве́щь	material good, property, possession; nature, essence; thing, matter, object	general	english-wiktionary-ocs-kaikki-2026-08-07	synodal:candidate:66c1248b9c23d1a28d34900a	ponomar-elizabeth-bible-2026-08-09	synodal:candidate:60e1dd232a542d974d7500ed	Acts.5.4	reviewed	synodal-russian	Reviewer confirmed the source-partition Synodal context and conservative OCS sense continuity; exact lexical evidence only, with no productive class inferred.
review:v03:672195fe4c96	synodal:proper-noun:wikt-672195fe4c96	sense:v03:672195fe4c96	римъ	proper-noun	lexical-form	римъ	ри́мъ	Rome (a major city in Italy); Rome, Ancient Rome (an ancient empire based out of the city of Rome, covering vast territories in Europe, Asia and Africa; in full, Roman Empire)	general	english-wiktionary-ocs-kaikki-2026-08-07	synodal:candidate:672195fe4c967113959573fc	ponomar-elizabeth-bible-2026-08-09	synodal:candidate:596511e90d87605226556a28	Acts.19.21	reviewed	synodal-russian	Reviewer confirmed the source-partition Synodal context and conservative OCS sense continuity; exact lexical evidence only, with no productive class inferred.
review:v03:6866c977a2b7	synodal:adverb:wikt-6866c977a2b7	sense:v03:6866c977a2b7	сѣмѡ	adverb	indeclinable	сѣмѡ	сѣ́мѡ	here	general	english-wiktionary-ocs-kaikki-2026-08-07	synodal:candidate:6866c977a2b777614c939194	ponomar-elizabeth-bible-2026-08-09	synodal:candidate:7880687bd92821d812dbcc36	Apoc.11.12	reviewed	synodal-russian	Reviewer confirmed the source-partition Synodal context and conservative OCS sense continuity; exact lexical evidence only, with no productive class inferred.
review:v03:687bab9c0ca6	synodal:noun:wikt-687bab9c0ca6	sense:v03:687bab9c0ca6	пещера	noun	lexical-form	пещера	пеще́ра	cave, cavern, dungeon; recess, opening	general	english-wiktionary-ocs-kaikki-2026-08-07	synodal:candidate:687bab9c0ca63ce2375023ab	ponomar-elizabeth-bible-2026-08-09	synodal:candidate:bc6c2d626a6b1ab698bb393a	Gen.23.17	reviewed	synodal-russian	Reviewer confirmed the source-partition Synodal context and conservative OCS sense continuity; exact lexical evidence only, with no productive class inferred.
review:v03:68c10fac7a67	synodal:noun:wikt-68c10fac7a67	sense:v03:68c10fac7a67	вѣтръ	noun	lexical-form	вѣтръ	вѣ́тръ	wind	general	english-wiktionary-ocs-kaikki-2026-08-07	synodal:candidate:68c10fac7a67b02c2e47a697	ponomar-elizabeth-bible-2026-08-09	synodal:candidate:b4ed180dc963f649011a2ca6	Acts.27.14	reviewed	synodal-russian	Reviewer confirmed the source-partition Synodal context and conservative OCS sense continuity; exact lexical evidence only, with no productive class inferred.
review:v03:68d9730bbab3	synodal:adjective:wikt-68d9730bbab3	sense:v03:68d9730bbab3	скоръ	adjective	lexical-form	скоръ	ско́ръ	fast	general	english-wiktionary-ocs-kaikki-2026-08-07	synodal:candidate:68d9730bbab392892d241c39	ponomar-elizabeth-bible-2026-08-09	synodal:candidate:115ee0c482afd6485df2aa2a	Composite.7.5	reviewed	synodal-russian	Reviewer confirmed the source-partition Synodal context and conservative OCS sense continuity; exact lexical evidence only, with no productive class inferred.
review:v03:690610d7fe8f	synodal:noun:wikt-690610d7fe8f	sense:v03:690610d7fe8f	порокъ	noun	lexical-form	порокъ	поро́къ	vice	general	english-wiktionary-ocs-kaikki-2026-08-07	synodal:candidate:690610d7fe8ff72a3bd8649a	ponomar-elizabeth-bible-2026-08-09	synodal:candidate:012a10de7c6da9f8e39a0949	Deut.15.21	reviewed	synodal-russian	Reviewer confirmed the source-partition Synodal context and conservative OCS sense continuity; exact lexical evidence only, with no productive class inferred.
review:v03:69edad9503a8	synodal:adverb:wikt-69edad9503a8	sense:v03:69edad9503a8	ѕѣлѡ	adverb	indeclinable	ѕѣлѡ	ѕѣлѡ̀	very	general	english-wiktionary-ocs-kaikki-2026-08-07	synodal:candidate:69edad9503a82e067a6b2d0a	ponomar-elizabeth-bible-2026-08-09	synodal:candidate:87ac1a938af6fb7bc6984617	Acts.6.7	reviewed	synodal-russian	Reviewer confirmed the source-partition Synodal context and conservative OCS sense continuity; exact lexical evidence only, with no productive class inferred.
review:v03:6bf7af061673	synodal:noun:wikt-6bf7af061673	sense:v03:6bf7af061673	дѣтищь	noun	lexical-form	дѣтищь	дѣ́тищь	child	general	english-wiktionary-ocs-kaikki-2026-08-07	synodal:candidate:6bf7af061673fa54dbae49ef	ponomar-elizabeth-bible-2026-08-09	synodal:candidate:9c082aaa2d851df2e3d3dec5	Gen.22.5	reviewed	synodal-russian	Reviewer confirmed the source-partition Synodal context and conservative OCS sense continuity; exact lexical evidence only, with no productive class inferred.
review:v03:6c9cbc0daadc	synodal:verb:wikt-6c9cbc0daadc	sense:v03:6c9cbc0daadc	бити	verb	lexical-form	бити	би́ти	to beat; to hit	general	english-wiktionary-ocs-kaikki-2026-08-07	synodal:candidate:6c9cbc0daadc7f875d5c07f8	ponomar-elizabeth-bible-2026-08-09	synodal:candidate:109fd9c1cdcdf868cd391091	Acts.16.22	reviewed	synodal-russian	Reviewer confirmed the source-partition Synodal context and conservative OCS sense continuity; exact lexical evidence only, with no productive class inferred.
review:v03:6cada5a24cd2	synodal:noun:wikt-6cada5a24cd2	sense:v03:6cada5a24cd2	невѣста	noun	lexical-form	невѣста	невѣ́ста	bride	general	english-wiktionary-ocs-kaikki-2026-08-07	synodal:candidate:6cada5a24cd27d24b557c295	ponomar-elizabeth-bible-2026-08-09	synodal:candidate:19030dbdcaa247523cb2dc50	Apoc.22.17	reviewed	synodal-russian	Reviewer confirmed the source-partition Synodal context and conservative OCS sense continuity; exact lexical evidence only, with no productive class inferred.
review:v03:6ceeefbe4e9e	synodal:verb:wikt-6ceeefbe4e9e	sense:v03:6ceeefbe4e9e	ꙗсти	verb	lexical-form	ꙗсти	ꙗ҆́сти	to eat	general	english-wiktionary-ocs-kaikki-2026-08-07	synodal:candidate:6ceeefbe4e9ec6181b5e28d6	ponomar-elizabeth-bible-2026-08-09	synodal:candidate:8d9b9600db53d508ae468315	Acts.23.12	reviewed	synodal-russian	Reviewer confirmed the source-partition Synodal context and conservative OCS sense continuity; exact lexical evidence only, with no productive class inferred.
review:v03:6d6967abdd64	synodal:adjective:wikt-6d6967abdd64	sense:v03:6d6967abdd64	сланъ	adjective	lexical-form	сланъ	сла́нъ	salty	general	english-wiktionary-ocs-kaikki-2026-08-07	synodal:candidate:6d6967abdd64ce8a3defc5b5	ponomar-elizabeth-bible-2026-08-09	synodal:candidate:0a95a7407f6dbbc2ae8453b1	Gen.19.26	rejected	synodal-russian	Rejected: surface belongs to multiple OCS lexeme paradigms; target identity must be resolved manually
review:v03:6eda8e5588a3	synodal:verb:wikt-6eda8e5588a3	sense:v03:6eda8e5588a3	помощи	verb	lexical-form	помощи	по́мощи	to help; to succour	general	english-wiktionary-ocs-kaikki-2026-08-07	synodal:candidate:6eda8e5588a34e94b8d3d9e7	ponomar-elizabeth-bible-2026-08-09	synodal:candidate:4532b6012848bdb963743058	Esther.4.17	rejected	synodal-russian	Rejected: surface belongs to multiple OCS lexeme paradigms; target identity must be resolved manually
review:v03:6f6cb44e5f18	synodal:noun:wikt-6f6cb44e5f18	sense:v03:6f6cb44e5f18	помощь	noun	lexical-form	помощь	по́мощь	help	general	english-wiktionary-ocs-kaikki-2026-08-07	synodal:candidate:6f6cb44e5f1840358615b5ca	ponomar-elizabeth-bible-2026-08-09	synodal:candidate:926ae94b759c62dffeed4579	Esther.4.14	rejected	synodal-russian	Rejected: surface belongs to multiple OCS lexeme paradigms; target identity must be resolved manually
review:v03:72ac39c1d485	synodal:noun:wikt-72ac39c1d485	sense:v03:72ac39c1d485	пила	noun	lexical-form	пила	пила̀	saw	general	english-wiktionary-ocs-kaikki-2026-08-07	synodal:candidate:72ac39c1d48508ff0fc499eb	ponomar-elizabeth-bible-2026-08-09	synodal:candidate:0a69ad42465cc93f1738fec0	Isa.10.15	rejected	synodal-russian	Rejected: surface belongs to multiple OCS lexeme paradigms; target identity must be resolved manually
review:v03:731bbfe3c5b6	synodal:noun:wikt-731bbfe3c5b6	sense:v03:731bbfe3c5b6	сноха	noun	lexical-form	сноха	сноха̀	daughter-in-law	general	english-wiktionary-ocs-kaikki-2026-08-07	synodal:candidate:731bbfe3c5b6f0fd96c1134f	ponomar-elizabeth-bible-2026-08-09	synodal:candidate:272085dbed020052cdc15665	Ruth.1.22	reviewed	synodal-russian	Reviewer confirmed the source-partition Synodal context and conservative OCS sense continuity; exact lexical evidence only, with no productive class inferred.
review:v03:73e46fa372de	synodal:noun:wikt-73e46fa372de	sense:v03:73e46fa372de	смрадъ	noun	lexical-form	смрадъ	смра́дъ	stench	general	english-wiktionary-ocs-kaikki-2026-08-07	synodal:candidate:73e46fa372de87453c7e41d9	ponomar-elizabeth-bible-2026-08-09	synodal:candidate:215cca21b17887ac63ca957b	Isa.34.3	reviewed	synodal-russian	Reviewer confirmed the source-partition Synodal context and conservative OCS sense continuity; exact lexical evidence only, with no productive class inferred.
review:v03:73f4685d4e00	synodal:adjective:wikt-73f4685d4e00	sense:v03:73f4685d4e00	блаженъ	adjective	lexical-form	блаженъ	блаже́нъ	beatific, pleasant; blissful, happy, blessed; venerable, blessed, saint	general	english-wiktionary-ocs-kaikki-2026-08-07	synodal:candidate:73f4685d4e007ee3a19394da	ponomar-elizabeth-bible-2026-08-09	synodal:candidate:59f1e5692dd91a57a2804e92	III_Esdra.10.57	rejected	synodal-russian	Rejected: surface belongs to multiple OCS lexeme paradigms; target identity must be resolved manually
review:v03:744933bc1ff9	synodal:noun:wikt-744933bc1ff9	sense:v03:744933bc1ff9	волъ	noun	lexical-form	волъ	во́лъ	ox	general	english-wiktionary-ocs-kaikki-2026-08-07	synodal:candidate:744933bc1ff9f553710f68a6	ponomar-elizabeth-bible-2026-08-09	synodal:candidate:42ad1822a123df49483fa6e6	Dan.4.30	reviewed	synodal-russian	Reviewer confirmed the source-partition Synodal context and conservative OCS sense continuity; exact lexical evidence only, with no productive class inferred.
review:v03:7467d1a550ea	synodal:noun:wikt-7467d1a550ea	sense:v03:7467d1a550ea	скинїи	noun	lexical-form	скинїи	ски́нїи	dwelling; tent	general	english-wiktionary-ocs-kaikki-2026-08-07	synodal:candidate:7467d1a550ea1742f15bc816	ponomar-elizabeth-bible-2026-08-09	synodal:candidate:6f77f26a11c68976de441ef9	Apoc.15.5	reviewed	synodal-russian	Reviewer confirmed the source-partition Synodal context and conservative OCS sense continuity; exact lexical evidence only, with no productive class inferred.
review:v03:74918c792dd6	synodal:noun:wikt-74918c792dd6	sense:v03:74918c792dd6	козла	noun	lexical-form	козла	козла̀	kid	general	english-wiktionary-ocs-kaikki-2026-08-07	synodal:candidate:74918c792dd624acac3ad662	ponomar-elizabeth-bible-2026-08-09	synodal:candidate:168106f99275bba16caf267d	Deut.14.4	reviewed	synodal-russian	Reviewer confirmed the source-partition Synodal context and conservative OCS sense continuity; exact lexical evidence only, with no productive class inferred.
review:v03:74cc67f3f26b	synodal:noun:wikt-74cc67f3f26b	sense:v03:74cc67f3f26b	садъ	noun	lexical-form	садъ	са́дъ	garden; plantation	general	english-wiktionary-ocs-kaikki-2026-08-07	synodal:candidate:74cc67f3f26b2f6fcb47d5ed	ponomar-elizabeth-bible-2026-08-09	synodal:candidate:b47659065857e0a56be294d7	Dan.11.20	reviewed	synodal-russian	Reviewer confirmed the source-partition Synodal context and conservative OCS sense continuity; exact lexical evidence only, with no productive class inferred.
review:v03:75512ff48174	synodal:noun:wikt-75512ff48174	sense:v03:75512ff48174	гроздъ	noun	lexical-form	гроздъ	гро́здъ	grape	general	english-wiktionary-ocs-kaikki-2026-08-07	synodal:candidate:75512ff48174e18255be59d1	ponomar-elizabeth-bible-2026-08-09	synodal:candidate:ef51c82990f23999a1f5a765	III_Esdra.12.42	reviewed	synodal-russian	Reviewer confirmed the source-partition Synodal context and conservative OCS sense continuity; exact lexical evidence only, with no productive class inferred.
review:v03:776662ef739b	synodal:noun:wikt-776662ef739b	sense:v03:776662ef739b	ложе	noun	lexical-form	ложе	ло́же	bed	general	english-wiktionary-ocs-kaikki-2026-08-07	synodal:candidate:776662ef739ba38126a3148b	ponomar-elizabeth-bible-2026-08-09	synodal:candidate:816509fe835ec4a58a732c1f	Ezek.23.17	reviewed	synodal-russian	Reviewer confirmed the source-partition Synodal context and conservative OCS sense continuity; exact lexical evidence only, with no productive class inferred.
review:v03:7790891c2704	synodal:noun:wikt-7790891c2704	sense:v03:7790891c2704	небо	noun	lexical-form	небо	не́бо	heaven; sky	general	english-wiktionary-ocs-kaikki-2026-08-07	synodal:candidate:7790891c2704c96890e42dde	ponomar-elizabeth-bible-2026-08-09	synodal:candidate:356409b4b0d48a6963f53576	Acts.1.10	reviewed	synodal-russian	Reviewer confirmed the source-partition Synodal context and conservative OCS sense continuity; exact lexical evidence only, with no productive class inferred.
review:v03:77998a1b179f	synodal:preposition:wikt-77998a1b179f	sense:v03:77998a1b179f	къ	preposition	indeclinable	къ	къ	to, towards	general	english-wiktionary-ocs-kaikki-2026-08-07	synodal:candidate:77998a1b179f80c57ba4a3c0	ponomar-elizabeth-bible-2026-08-09	synodal:candidate:33e37f9b0806181d0cd0b6b9	Acts.1.7	reviewed	synodal-russian	Reviewer confirmed the source-partition Synodal context and conservative OCS sense continuity; exact lexical evidence only, with no productive class inferred.
review:v03:77c5af0d1191	synodal:verb:wikt-77c5af0d1191	sense:v03:77c5af0d1191	ити	verb	lexical-form	ити	и҆тѝ	to go; to walk	general	english-wiktionary-ocs-kaikki-2026-08-07	synodal:candidate:77c5af0d11913610cf9c614b	ponomar-elizabeth-bible-2026-08-09	synodal:candidate:9777a13845ae27ead26bd230	Acts.1.25	reviewed	synodal-russian	Reviewer confirmed the source-partition Synodal context and conservative OCS sense continuity; exact lexical evidence only, with no productive class inferred.
review:v03:78da2d05497d	synodal:verb:wikt-78da2d05497d	sense:v03:78da2d05497d	видѣти	verb	lexical-form	видѣти	ви́дѣти	to know; to look, to behold; to recognize; to see; to understand, to contemplate	general	english-wiktionary-ocs-kaikki-2026-08-07	synodal:candidate:78da2d05497d949776e34ec6	ponomar-elizabeth-bible-2026-08-09	synodal:candidate:e16b0075a675fed932bc25c8	Acts.2.27	reviewed	synodal-russian	Reviewer confirmed the source-partition Synodal context and conservative OCS sense continuity; exact lexical evidence only, with no productive class inferred.
review:v03:79de8d039ef7	synodal:adverb:wikt-79de8d039ef7	sense:v03:79de8d039ef7	искони	adverb	indeclinable	искони	и҆сконѝ	in the beginning, from the beginning	general	english-wiktionary-ocs-kaikki-2026-08-07	synodal:candidate:79de8d039ef765f82fb622fc	ponomar-elizabeth-bible-2026-08-09	synodal:candidate:d4624b5e8a75cbe746cbad13	Habak.1.12	reviewed	synodal-russian	Reviewer confirmed the source-partition Synodal context and conservative OCS sense continuity; exact lexical evidence only, with no productive class inferred.
review:v03:7aa6991d4c6b	synodal:noun:wikt-7aa6991d4c6b	sense:v03:7aa6991d4c6b	раи	noun	lexical-form	раи	раѝ	paradise	general	english-wiktionary-ocs-kaikki-2026-08-07	synodal:candidate:7aa6991d4c6b5af016988618	ponomar-elizabeth-bible-2026-08-09	synodal:candidate:479ba4f1df9c3e5a7d3e7d72	Composite.8.43	reviewed	synodal-russian	Reviewer confirmed the source-partition Synodal context and conservative OCS sense continuity; exact lexical evidence only, with no productive class inferred.
review:v03:7b0a71feaffb	synodal:verb:wikt-7b0a71feaffb	sense:v03:7b0a71feaffb	просити	verb	lexical-form	просити	проси́ти	ask; demand	general	english-wiktionary-ocs-kaikki-2026-08-07	synodal:candidate:7b0a71feaffbf3f84ec4cdb3	ponomar-elizabeth-bible-2026-08-09	synodal:candidate:6042852a40caebb53d1511eb	Acts.3.2	reviewed	synodal-russian	Reviewer confirmed the source-partition Synodal context and conservative OCS sense continuity; exact lexical evidence only, with no productive class inferred.
review:v03:7babd090b258	synodal:noun:wikt-7babd090b258	sense:v03:7babd090b258	дворъ	noun	lexical-form	дворъ	дво́ръ	court, courtyard; home, household	general	english-wiktionary-ocs-kaikki-2026-08-07	synodal:candidate:7babd090b258428db4e04ae4	ponomar-elizabeth-bible-2026-08-09	synodal:candidate:9e509590cb5359ebe73937ea	Acts.1.20	reviewed	synodal-russian	Reviewer confirmed the source-partition Synodal context and conservative OCS sense continuity; exact lexical evidence only, with no productive class inferred.
review:v03:7bbc11a3d55b	synodal:adjective:wikt-7bbc11a3d55b	sense:v03:7bbc11a3d55b	готовъ	adjective	lexical-form	готовъ	гото́въ	prepared; ready	general	english-wiktionary-ocs-kaikki-2026-08-07	synodal:candidate:7bbc11a3d55b9ddb50cf455a	ponomar-elizabeth-bible-2026-08-09	synodal:candidate:4f478684aa1aca9df721fe61	Acts.21.13	reviewed	synodal-russian	Reviewer confirmed the source-partition Synodal context and conservative OCS sense continuity; exact lexical evidence only, with no productive class inferred.
review:v03:7c6914eff782	synodal:pronoun:wikt-7c6914eff782	sense:v03:7c6914eff782	сѧ	pronoun	lexical-form	сѧ	сѧ̀	self, oneself	general	english-wiktionary-ocs-kaikki-2026-08-07	synodal:candidate:7c6914eff7828d3e664b2bc0	ponomar-elizabeth-bible-2026-08-09	synodal:candidate:de12761c9d54675fe448cac0	Ex.28.43	reviewed	synodal-russian	Reviewer confirmed the source-partition Synodal context and conservative OCS sense continuity; exact lexical evidence only, with no productive class inferred.
review:v03:7cb9fbdd604c	synodal:pronoun:wikt-7cb9fbdd604c	sense:v03:7cb9fbdd604c	и	pronoun	lexical-form	и	и҆	him (* no nominative singular or plural; use тъ (tŭ) or онъ (onŭ) for the nominative)	general	english-wiktionary-ocs-kaikki-2026-08-07	synodal:candidate:7cb9fbdd604c5a7043e416c1	ponomar-elizabeth-bible-2026-08-09	synodal:candidate:f1fd5cb7e8bc638b308a2a0d	Acts.1.4	rejected	synodal-russian	Rejected: surface belongs to multiple OCS lexeme paradigms; target identity must be resolved manually
review:v03:7d4c99faff8a	synodal:adjective:wikt-7d4c99faff8a	sense:v03:7d4c99faff8a	именитъ	adjective	lexical-form	именитъ	и҆мени́тъ	famous; named	general	english-wiktionary-ocs-kaikki-2026-08-07	synodal:candidate:7d4c99faff8aa65fbd5202cd	ponomar-elizabeth-bible-2026-08-09	synodal:candidate:5d9f0e9056c2d1624f7b586a	I_Macc.3.9	reviewed	synodal-russian	Reviewer confirmed the source-partition Synodal context and conservative OCS sense continuity; exact lexical evidence only, with no productive class inferred.
review:v03:7d677b075dfd	synodal:verb:wikt-7d677b075dfd	sense:v03:7d677b075dfd	хвалити	verb	lexical-form	хвалити	хвали́ти	to boast; to praise	general	english-wiktionary-ocs-kaikki-2026-08-07	synodal:candidate:7d677b075dfd754bf5acb3f2	ponomar-elizabeth-bible-2026-08-09	synodal:candidate:7c435bc3b0ca4d7580ee3964	II_Paral.20.19	reviewed	synodal-russian	Reviewer confirmed the source-partition Synodal context and conservative OCS sense continuity; exact lexical evidence only, with no productive class inferred.
review:v03:7d7a5288d389	synodal:noun:wikt-7d7a5288d389	sense:v03:7d7a5288d389	желѣзо	noun	lexical-form	желѣзо	желѣ́зо	iron	general	english-wiktionary-ocs-kaikki-2026-08-07	synodal:candidate:7d7a5288d38979014e0bb5ca	ponomar-elizabeth-bible-2026-08-09	synodal:candidate:57e9abf5c7161f0633936f30	Dan.2.40	reviewed	synodal-russian	Reviewer confirmed the source-partition Synodal context and conservative OCS sense continuity; exact lexical evidence only, with no productive class inferred.
review:v03:7e8cde57afa5	synodal:noun:wikt-7e8cde57afa5	sense:v03:7e8cde57afa5	бѣсъ	noun	lexical-form	бѣсъ	бѣ́съ	demon, evil spirit; pagan god	general	english-wiktionary-ocs-kaikki-2026-08-07	synodal:candidate:7e8cde57afa505e08de8f01c	ponomar-elizabeth-bible-2026-08-09	synodal:candidate:ea891209d598cc1a5207d8c8	Jn.10.21	reviewed	synodal-russian	Reviewer confirmed the source-partition Synodal context and conservative OCS sense continuity; exact lexical evidence only, with no productive class inferred.
review:v03:7edbe8aea3ab	synodal:noun:wikt-7edbe8aea3ab	sense:v03:7edbe8aea3ab	страхъ	noun	lexical-form	страхъ	стра́хъ	fear, dread	general	english-wiktionary-ocs-kaikki-2026-08-07	synodal:candidate:7edbe8aea3ab0f53e7877f00	ponomar-elizabeth-bible-2026-08-09	synodal:candidate:00bbbe5a17470e52cf25c8bf	Acts.2.43	reviewed	synodal-russian	Reviewer confirmed the source-partition Synodal context and conservative OCS sense continuity; exact lexical evidence only, with no productive class inferred.
review:v03:7eec293185a0	synodal:noun:wikt-7eec293185a0	sense:v03:7eec293185a0	западъ	noun	lexical-form	западъ	за̑падъ	descent; west	general	english-wiktionary-ocs-kaikki-2026-08-07	synodal:candidate:7eec293185a049e282146d7e	ponomar-elizabeth-bible-2026-08-09	synodal:candidate:0372af5cbfe033e563e29329	Baruch.4.37	reviewed	synodal-russian	Reviewer confirmed the source-partition Synodal context and conservative OCS sense continuity; exact lexical evidence only, with no productive class inferred.
review:v03:7f1b6f1905bb	synodal:noun:wikt-7f1b6f1905bb	sense:v03:7f1b6f1905bb	зависть	noun	lexical-form	зависть	за́висть	envy	general	english-wiktionary-ocs-kaikki-2026-08-07	synodal:candidate:7f1b6f1905bb83395a5a4b22	ponomar-elizabeth-bible-2026-08-09	synodal:candidate:139e770781dd3738833a2ec4	I_Pet.2.1	reviewed	synodal-russian	Reviewer confirmed the source-partition Synodal context and conservative OCS sense continuity; exact lexical evidence only, with no productive class inferred.
review:v03:8003b7989b71	synodal:adjective:wikt-8003b7989b71	sense:v03:8003b7989b71	свободь	adjective	lexical-form	свободь	свобо́дь	free	general	english-wiktionary-ocs-kaikki-2026-08-07	synodal:candidate:8003b7989b712867f7586019	ponomar-elizabeth-bible-2026-08-09	synodal:candidate:e6bc18d55bb37a6b79d463a8	Apoc.6.15	reviewed	synodal-russian	Reviewer confirmed the source-partition Synodal context and conservative OCS sense continuity; exact lexical evidence only, with no productive class inferred.
review:v03:80390ae2e0ec	synodal:adverb:wikt-80390ae2e0ec	sense:v03:80390ae2e0ec	паче	adverb	indeclinable	паче	па́че	more	general	english-wiktionary-ocs-kaikki-2026-08-07	synodal:candidate:80390ae2e0ec9bdda1635ce5	ponomar-elizabeth-bible-2026-08-09	synodal:candidate:9d1cb1fad7b328106d98a3d8	Acts.4.19	reviewed	synodal-russian	Reviewer confirmed the source-partition Synodal context and conservative OCS sense continuity; exact lexical evidence only, with no productive class inferred.
review:v03:803addd320b1	synodal:noun:wikt-803addd320b1	sense:v03:803addd320b1	пророкъ	noun	lexical-form	пророкъ	проро́къ	prophet	general	english-wiktionary-ocs-kaikki-2026-08-07	synodal:candidate:803addd320b10b257d5e5554	ponomar-elizabeth-bible-2026-08-09	synodal:candidate:02e683c4a199d792c5a355e3	Apoc.19.20	reviewed	synodal-russian	Reviewer confirmed the source-partition Synodal context and conservative OCS sense continuity; exact lexical evidence only, with no productive class inferred.
review:v03:804d9a9cde41	synodal:adjective:wikt-804d9a9cde41	sense:v03:804d9a9cde41	живъ	adjective	lexical-form	живъ	жи́въ	alive; lively	general	english-wiktionary-ocs-kaikki-2026-08-07	synodal:candidate:804d9a9cde4121658296fa80	ponomar-elizabeth-bible-2026-08-09	synodal:candidate:6d3114d641b2ecad6c3ff590	Amos.8.14	reviewed	synodal-russian	Reviewer confirmed the source-partition Synodal context and conservative OCS sense continuity; exact lexical evidence only, with no productive class inferred.
review:v03:81007eb09d63	synodal:noun:wikt-81007eb09d63	sense:v03:81007eb09d63	чаша	noun	lexical-form	чаша	ча́ша	cup (for drinking)	general	english-wiktionary-ocs-kaikki-2026-08-07	synodal:candidate:81007eb09d63469c16e66d63	ponomar-elizabeth-bible-2026-08-09	synodal:candidate:ae51a23a3d089b7dea8f6d36	Esther.1.8	reviewed	synodal-russian	Reviewer confirmed the source-partition Synodal context and conservative OCS sense continuity; exact lexical evidence only, with no productive class inferred.
review:v03:81609cb401e0	synodal:verb:wikt-81609cb401e0	sense:v03:81609cb401e0	работати	verb	lexical-form	работати	рабо́тати	to serve (do service for someone)	general	english-wiktionary-ocs-kaikki-2026-08-07	synodal:candidate:81609cb401e097c38c85ee02	ponomar-elizabeth-bible-2026-08-09	synodal:candidate:aafd15ce1ab9c5356f505e46	Baruch.1.22	reviewed	synodal-russian	Reviewer confirmed the source-partition Synodal context and conservative OCS sense continuity; exact lexical evidence only, with no productive class inferred.
review:v03:81653f4a2e14	synodal:adjective:wikt-81653f4a2e14	sense:v03:81653f4a2e14	юнъ	adjective	lexical-form	юнъ	ю҆́нъ	young	general	english-wiktionary-ocs-kaikki-2026-08-07	synodal:candidate:81653f4a2e14239f5d56c506	ponomar-elizabeth-bible-2026-08-09	synodal:candidate:55262968ed41748ebedf6501	Gen.37.2	reviewed	synodal-russian	Reviewer confirmed the source-partition Synodal context and conservative OCS sense continuity; exact lexical evidence only, with no productive class inferred.
review:v03:817be6545c7b	synodal:noun:wikt-817be6545c7b	sense:v03:817be6545c7b	зѧть	noun	lexical-form	зѧть	зѧ́ть	bridegroom	general	english-wiktionary-ocs-kaikki-2026-08-07	synodal:candidate:817be6545c7bbef13f76568b	ponomar-elizabeth-bible-2026-08-09	synodal:candidate:6e68d1a176083a37e2541961	IV_Kings.8.27	reviewed	synodal-russian	Reviewer confirmed the source-partition Synodal context and conservative OCS sense continuity; exact lexical evidence only, with no productive class inferred.
review:v03:833afd91deda	synodal:noun:wikt-833afd91deda	sense:v03:833afd91deda	родъ	noun	lexical-form	родъ	ро́дъ	birth; family; tribe	general	english-wiktionary-ocs-kaikki-2026-08-07	synodal:candidate:833afd91dedab97850211715	ponomar-elizabeth-bible-2026-08-09	synodal:candidate:85c46398dbeef0ac2feaf091	Acts.7.13	reviewed	synodal-russian	Reviewer confirmed the source-partition Synodal context and conservative OCS sense continuity; exact lexical evidence only, with no productive class inferred.
review:v03:833c90610c4d	synodal:verb:wikt-833c90610c4d	sense:v03:833c90610c4d	глаголати	verb	lexical-form	глаголати	глаго́лати	say, speak	general	english-wiktionary-ocs-kaikki-2026-08-07	synodal:candidate:833c90610c4d8ecd70fb61a2	ponomar-elizabeth-bible-2026-08-09	synodal:candidate:28429957193b651f9823e237	Acts.2.4	reviewed	synodal-russian	Reviewer confirmed the source-partition Synodal context and conservative OCS sense continuity; exact lexical evidence only, with no productive class inferred.
review:v03:83848429ea44	synodal:noun:wikt-83848429ea44	sense:v03:83848429ea44	господа	noun	lexical-form	господа	го́спода	inn	general	english-wiktionary-ocs-kaikki-2026-08-07	synodal:candidate:83848429ea44607f929859f8	ponomar-elizabeth-bible-2026-08-09	synodal:candidate:8f2827e58564136c878499a2	II_Kings.14.17	reviewed	synodal-russian	Reviewer confirmed the source-partition Synodal context and conservative OCS sense continuity; exact lexical evidence only, with no productive class inferred.
review:v03:8399d66c1083	synodal:conjunction:wikt-8399d66c1083	sense:v03:8399d66c1083	или	conjunction	indeclinable	или	и҆лѝ	or	general	english-wiktionary-ocs-kaikki-2026-08-07	synodal:candidate:8399d66c1083ea0388e6441a	ponomar-elizabeth-bible-2026-08-09	synodal:candidate:266315fe7d6b5f5ed4eac3f6	Acts.3.12	reviewed	synodal-russian	Reviewer confirmed the source-partition Synodal context and conservative OCS sense continuity; exact lexical evidence only, with no productive class inferred.
review:v03:858f094bb980	synodal:noun:wikt-858f094bb980	sense:v03:858f094bb980	нищета	noun	lexical-form	нищета	нищета̀	poverty	general	english-wiktionary-ocs-kaikki-2026-08-07	synodal:candidate:858f094bb9809bb5177142e5	ponomar-elizabeth-bible-2026-08-09	synodal:candidate:caf81f3b26649a26ebd7fb3f	II_Cor.8.2	reviewed	synodal-russian	Reviewer confirmed the source-partition Synodal context and conservative OCS sense continuity; exact lexical evidence only, with no productive class inferred.
review:v03:8591cd8cbf93	synodal:noun:wikt-8591cd8cbf93	sense:v03:8591cd8cbf93	памѧть	noun	lexical-form	памѧть	па́мѧть	memory	general	english-wiktionary-ocs-kaikki-2026-08-07	synodal:candidate:8591cd8cbf932497f33c224f	ponomar-elizabeth-bible-2026-08-09	synodal:candidate:88ea6f11069cb2ee8da92d7f	Acts.10.4	reviewed	synodal-russian	Reviewer confirmed the source-partition Synodal context and conservative OCS sense continuity; exact lexical evidence only, with no productive class inferred.
review:v03:859a18c1d2a3	synodal:noun:wikt-859a18c1d2a3	sense:v03:859a18c1d2a3	медвѣдь	noun	lexical-form	медвѣдь	медвѣ́дь	bear	general	english-wiktionary-ocs-kaikki-2026-08-07	synodal:candidate:859a18c1d2a3d2c1678ab384	ponomar-elizabeth-bible-2026-08-09	synodal:candidate:a64da2fe525fe105c1be4853	Isa.11.7	reviewed	synodal-russian	Reviewer confirmed the source-partition Synodal context and conservative OCS sense continuity; exact lexical evidence only, with no productive class inferred.
review:v03:862895caf8e4	synodal:noun:wikt-862895caf8e4	sense:v03:862895caf8e4	конь	noun	lexical-form	конь	ко́нь	horse	general	english-wiktionary-ocs-kaikki-2026-08-07	synodal:candidate:862895caf8e406d9218ce6e0	ponomar-elizabeth-bible-2026-08-09	synodal:candidate:814fd611a7300cb01bfe3595	Apoc.6.2	reviewed	synodal-russian	Reviewer confirmed the source-partition Synodal context and conservative OCS sense continuity; exact lexical evidence only, with no productive class inferred.
review:v03:86eaad933b28	synodal:noun:wikt-86eaad933b28	sense:v03:86eaad933b28	исполинъ	noun	lexical-form	исполинъ	и҆споли́нъ	giant	general	english-wiktionary-ocs-kaikki-2026-08-07	synodal:candidate:86eaad933b282431114a247c	ponomar-elizabeth-bible-2026-08-09	synodal:candidate:4e0dc300fe8b79dfeef07433	Gen.10.9	reviewed	synodal-russian	Reviewer confirmed the source-partition Synodal context and conservative OCS sense continuity; exact lexical evidence only, with no productive class inferred.
review:v03:8788a898ec50	synodal:noun:wikt-8788a898ec50	sense:v03:8788a898ec50	часъ	noun	lexical-form	часъ	ча́съ	hour; moment; time	general	english-wiktionary-ocs-kaikki-2026-08-07	synodal:candidate:8788a898ec50412845e5aeea	ponomar-elizabeth-bible-2026-08-09	synodal:candidate:4cf5825e2c7590ba741f181e	Acts.2.15	reviewed	synodal-russian	Reviewer confirmed the source-partition Synodal context and conservative OCS sense continuity; exact lexical evidence only, with no productive class inferred.
review:v03:87b5a4825089	synodal:noun:wikt-87b5a4825089	sense:v03:87b5a4825089	оужасъ	noun	lexical-form	оужасъ	Оу҆́жасъ	ecstasy; horror	general	english-wiktionary-ocs-kaikki-2026-08-07	synodal:candidate:87b5a4825089564b6e17aad0	ponomar-elizabeth-bible-2026-08-09	synodal:candidate:402234594d4ae0242d30481a	Jerem.5.30	rejected	synodal-russian	Rejected: surface belongs to multiple OCS lexeme paradigms; target identity must be resolved manually
review:v03:87e34beda6e6	synodal:noun:wikt-87e34beda6e6	sense:v03:87e34beda6e6	розга	noun	lexical-form	розга	розга̀	twig, branch	general	english-wiktionary-ocs-kaikki-2026-08-07	synodal:candidate:87e34beda6e6ed3c6e34d6d7	ponomar-elizabeth-bible-2026-08-09	synodal:candidate:27418a6d4a46699323bb8d14	Jn.15.4	reviewed	synodal-russian	Reviewer confirmed the source-partition Synodal context and conservative OCS sense continuity; exact lexical evidence only, with no productive class inferred.
review:v03:88143c1bc503	synodal:noun:wikt-88143c1bc503	sense:v03:88143c1bc503	ꙗдъ	noun	lexical-form	ꙗдъ	ꙗ҆́дъ	malice, negative emotion; poison, venom	general	english-wiktionary-ocs-kaikki-2026-08-07	synodal:candidate:88143c1bc503485989261ca4	ponomar-elizabeth-bible-2026-08-09	synodal:candidate:e2afa92c1fa816f7c2ebd9d0	Ezek.24.11	reviewed	synodal-russian	Reviewer confirmed the source-partition Synodal context and conservative OCS sense continuity; exact lexical evidence only, with no productive class inferred.
review:v03:888f1052c6db	synodal:preposition:wikt-888f1052c6db	sense:v03:888f1052c6db	оу	preposition	indeclinable	оу	Оу҆	at; from; in	general	english-wiktionary-ocs-kaikki-2026-08-07	synodal:candidate:888f1052c6db679cfdf053e7	ponomar-elizabeth-bible-2026-08-09	synodal:candidate:5287abce4ed786985ddb160f	Gen.29.16	reviewed	synodal-russian	Reviewer confirmed the source-partition Synodal context and conservative OCS sense continuity; exact lexical evidence only, with no productive class inferred.
review:v03:889207ff8e35	synodal:verb:wikt-889207ff8e35	sense:v03:889207ff8e35	благословити	verb	lexical-form	благословити	благослови́ти	to bless; to praise, to glorify; to sanctify	general	english-wiktionary-ocs-kaikki-2026-08-07	synodal:candidate:889207ff8e35954bd084ac00	ponomar-elizabeth-bible-2026-08-09	synodal:candidate:7804e4bec115b0a2860b24a6	Deut.18.5	reviewed	synodal-russian	Reviewer confirmed the source-partition Synodal context and conservative OCS sense continuity; exact lexical evidence only, with no productive class inferred.
review:v03:88abef3b5e70	synodal:noun:wikt-88abef3b5e70	sense:v03:88abef3b5e70	срамота	noun	lexical-form	срамота	срамота̀	shame	general	english-wiktionary-ocs-kaikki-2026-08-07	synodal:candidate:88abef3b5e70b8a1a6a083f1	ponomar-elizabeth-bible-2026-08-09	synodal:candidate:c9cdec681dedc3e21c1a1e0f	Apoc.3.18	reviewed	synodal-russian	Reviewer confirmed the source-partition Synodal context and conservative OCS sense continuity; exact lexical evidence only, with no productive class inferred.
review:v03:8903b7f79bf6	synodal:noun:wikt-8903b7f79bf6	sense:v03:8903b7f79bf6	смѣхъ	noun	lexical-form	смѣхъ	смѣ́хъ	laughter	general	english-wiktionary-ocs-kaikki-2026-08-07	synodal:candidate:8903b7f79bf636ab0b72dee4	ponomar-elizabeth-bible-2026-08-09	synodal:candidate:b71e18082d4df40f86cf39ad	Composite.1.13	reviewed	synodal-russian	Reviewer confirmed the source-partition Synodal context and conservative OCS sense continuity; exact lexical evidence only, with no productive class inferred.
review:v03:898508efd32f	synodal:noun:wikt-898508efd32f	sense:v03:898508efd32f	покровъ	noun	lexical-form	покровъ	покро́въ	dwelling; roof	general	english-wiktionary-ocs-kaikki-2026-08-07	synodal:candidate:898508efd32f09dc057a656a	ponomar-elizabeth-bible-2026-08-09	synodal:candidate:926ae94b759c62dffeed4579	Esther.4.14	reviewed	synodal-russian	Reviewer confirmed the source-partition Synodal context and conservative OCS sense continuity; exact lexical evidence only, with no productive class inferred.
review:v03:8a084860d2ef	synodal:verb:wikt-8a084860d2ef	sense:v03:8a084860d2ef	вѣдѣти	verb	lexical-form	вѣдѣти	вѣ́дѣти	to know; to see	general	english-wiktionary-ocs-kaikki-2026-08-07	synodal:candidate:8a084860d2ef88916a77ee7e	ponomar-elizabeth-bible-2026-08-09	synodal:candidate:a734f70e1e9c7128de4ab122	Col.2.1	reviewed	synodal-russian	Reviewer confirmed the source-partition Synodal context and conservative OCS sense continuity; exact lexical evidence only, with no productive class inferred.
review:v03:8a85b1d05c99	synodal:noun:wikt-8a85b1d05c99	sense:v03:8a85b1d05c99	зима	noun	lexical-form	зима	зима̀	winter	general	english-wiktionary-ocs-kaikki-2026-08-07	synodal:candidate:8a85b1d05c99272cfe415303	ponomar-elizabeth-bible-2026-08-09	synodal:candidate:eba6da64677809d313a030a8	Jn.10.22	reviewed	synodal-russian	Reviewer confirmed the source-partition Synodal context and conservative OCS sense continuity; exact lexical evidence only, with no productive class inferred.
review:v03:8b23e9da3ffd	synodal:noun:wikt-8b23e9da3ffd	sense:v03:8b23e9da3ffd	ѡбласть	noun	lexical-form	ѡбласть	ѡ҆́бласть	power, jurisdiction; region	general	english-wiktionary-ocs-kaikki-2026-08-07	synodal:candidate:8b23e9da3ffd82b7f7848492	ponomar-elizabeth-bible-2026-08-09	synodal:candidate:fcc71957bf1f701597cb0d7b	Apoc.6.8	reviewed	synodal-russian	Reviewer confirmed the source-partition Synodal context and conservative OCS sense continuity; exact lexical evidence only, with no productive class inferred.
review:v03:8b40bc3f9667	synodal:adjective:wikt-8b40bc3f9667	sense:v03:8b40bc3f9667	старъ	adjective	lexical-form	старъ	ста́ръ	old	general	english-wiktionary-ocs-kaikki-2026-08-07	synodal:candidate:8b40bc3f9667e496eddf455d	ponomar-elizabeth-bible-2026-08-09	synodal:candidate:2a4826d028cb8047c00eb05a	Composite.1.6	reviewed	synodal-russian	Reviewer confirmed the source-partition Synodal context and conservative OCS sense continuity; exact lexical evidence only, with no productive class inferred.
review:v03:8b6b97af0e66	synodal:noun:wikt-8b6b97af0e66	sense:v03:8b6b97af0e66	кадило	noun	lexical-form	кадило	кади́ло	incense	general	english-wiktionary-ocs-kaikki-2026-08-07	synodal:candidate:8b6b97af0e66a92a15bfc22f	ponomar-elizabeth-bible-2026-08-09	synodal:candidate:4be556911444c89f99e1408c	Isa.1.13	rejected	synodal-russian	Rejected: surface belongs to multiple OCS lexeme paradigms; target identity must be resolved manually
review:v03:8b6d9af7234f	synodal:adverb:wikt-8b6d9af7234f	sense:v03:8b6d9af7234f	вторицею	adverb	indeclinable	вторицею	втори́цею	the second time	general	english-wiktionary-ocs-kaikki-2026-08-07	synodal:candidate:8b6d9af7234f54e78841827b	ponomar-elizabeth-bible-2026-08-09	synodal:candidate:1929529f720df1774a4c8f1f	Acts.10.15	reviewed	synodal-russian	Reviewer confirmed the source-partition Synodal context and conservative OCS sense continuity; exact lexical evidence only, with no productive class inferred.
review:v03:8c3c3a86f335	synodal:adjective:wikt-8c3c3a86f335	sense:v03:8c3c3a86f335	нагъ	adjective	lexical-form	нагъ	на́гъ	naked	general	english-wiktionary-ocs-kaikki-2026-08-07	synodal:candidate:8c3c3a86f33508ebeffd5050	ponomar-elizabeth-bible-2026-08-09	synodal:candidate:d20037a2196d75f054696cd5	Amos.2.16	reviewed	synodal-russian	Reviewer confirmed the source-partition Synodal context and conservative OCS sense continuity; exact lexical evidence only, with no productive class inferred.
review:v03:8e44f6232ff8	synodal:verb:wikt-8e44f6232ff8	sense:v03:8e44f6232ff8	ѿити	verb	lexical-form	ѿити	ѿитѝ	to depart; to go away	general	english-wiktionary-ocs-kaikki-2026-08-07	synodal:candidate:8e44f6232ff8c855e88d84a8	ponomar-elizabeth-bible-2026-08-09	synodal:candidate:79365ea846ba4562c8108ebf	Acts.14.18	reviewed	synodal-russian	Reviewer confirmed the source-partition Synodal context and conservative OCS sense continuity; exact lexical evidence only, with no productive class inferred.
review:v03:905c425cfe42	synodal:noun:wikt-905c425cfe42	sense:v03:905c425cfe42	строитель	noun	lexical-form	строитель	строи́тель	builder	general	english-wiktionary-ocs-kaikki-2026-08-07	synodal:candidate:905c425cfe42bd136d3eddc9	ponomar-elizabeth-bible-2026-08-09	synodal:candidate:6a3902b900cbfbdbe5943b60	III_Kings.4.6	reviewed	synodal-russian	Reviewer confirmed the source-partition Synodal context and conservative OCS sense continuity; exact lexical evidence only, with no productive class inferred.
review:v03:907af9980abe	synodal:verb:wikt-907af9980abe	sense:v03:907af9980abe	витати	verb	lexical-form	витати	вита́ти	to dwell, live; to wraps its nest	general	english-wiktionary-ocs-kaikki-2026-08-07	synodal:candidate:907af9980abec6ad9cdb4f2a	ponomar-elizabeth-bible-2026-08-09	synodal:candidate:330612902b8ce7dfd08f9ca3	Gen.24.23	reviewed	synodal-russian	Reviewer confirmed the source-partition Synodal context and conservative OCS sense continuity; exact lexical evidence only, with no productive class inferred.
review:v03:90a0997dc00e	synodal:verb:wikt-90a0997dc00e	sense:v03:90a0997dc00e	сѣти	verb	lexical-form	сѣти	сѣ́ти	to sow	general	english-wiktionary-ocs-kaikki-2026-08-07	synodal:candidate:90a0997dc00efa91eb6a84d4	ponomar-elizabeth-bible-2026-08-09	synodal:candidate:9cbf79739107abd3ce529136	Eccles.9.12	rejected	synodal-russian	Rejected: surface belongs to multiple OCS lexeme paradigms; target identity must be resolved manually
review:v03:910398b7d91e	synodal:verb:wikt-910398b7d91e	sense:v03:910398b7d91e	дѣти	verb	lexical-form	дѣти	дѣ́ти	to do; to get lost, disappear; to put, place; to say, speak	general	english-wiktionary-ocs-kaikki-2026-08-07	synodal:candidate:910398b7d91e1e41a14dd8b5	ponomar-elizabeth-bible-2026-08-09	synodal:candidate:4f7733783a20db2fa48f327e	Dan.14.21	rejected	synodal-russian	Rejected: surface belongs to multiple OCS lexeme paradigms; target identity must be resolved manually
review:v03:91c5632d6b85	synodal:noun:wikt-91c5632d6b85	sense:v03:91c5632d6b85	злато	noun	lexical-form	злато	зла́то	gold	general	english-wiktionary-ocs-kaikki-2026-08-07	synodal:candidate:91c5632d6b85a0859359a812	ponomar-elizabeth-bible-2026-08-09	synodal:candidate:c9cdec681dedc3e21c1a1e0f	Apoc.3.18	rejected	synodal-russian	Rejected: surface belongs to multiple OCS lexeme paradigms; target identity must be resolved manually
review:v03:928bf31442d9	synodal:particle:wikt-928bf31442d9	sense:v03:928bf31442d9	не	particle	indeclinable	не	не	no; not	general	english-wiktionary-ocs-kaikki-2026-08-07	synodal:candidate:928bf31442d9b3d07f9cd629	ponomar-elizabeth-bible-2026-08-09	synodal:candidate:f1fd5cb7e8bc638b308a2a0d	Acts.1.4	reviewed	synodal-russian	Reviewer confirmed the source-partition Synodal context and conservative OCS sense continuity; exact lexical evidence only, with no productive class inferred.
review:v03:929f4ea98ebd	synodal:noun:wikt-929f4ea98ebd	sense:v03:929f4ea98ebd	стѣна	noun	lexical-form	стѣна	стѣна̀	rock; wall	general	english-wiktionary-ocs-kaikki-2026-08-07	synodal:candidate:929f4ea98ebd9375157442ad	ponomar-elizabeth-bible-2026-08-09	synodal:candidate:d0c3f3f6fbd6ae56d3b849c1	Apoc.21.14	reviewed	synodal-russian	Reviewer confirmed the source-partition Synodal context and conservative OCS sense continuity; exact lexical evidence only, with no productive class inferred.
review:v03:930e81293cca	synodal:noun:wikt-930e81293cca	sense:v03:930e81293cca	масло	noun	lexical-form	масло	ма́сло	butter; oil	general	english-wiktionary-ocs-kaikki-2026-08-07	synodal:candidate:930e81293ccab1563f543152	ponomar-elizabeth-bible-2026-08-09	synodal:candidate:1d837a26793806f3e5f4cc0f	Dan.13.17	reviewed	synodal-russian	Reviewer confirmed the source-partition Synodal context and conservative OCS sense continuity; exact lexical evidence only, with no productive class inferred.
review:v03:9322daf7b953	synodal:noun:wikt-9322daf7b953	sense:v03:9322daf7b953	красота	noun	lexical-form	красота	красота̀	beauty; pleasure	general	english-wiktionary-ocs-kaikki-2026-08-07	synodal:candidate:9322daf7b9537ade8e89c55e	ponomar-elizabeth-bible-2026-08-09	synodal:candidate:4e8171349bfdb4cfd8109dce	I_Macc.1.26	reviewed	synodal-russian	Reviewer confirmed the source-partition Synodal context and conservative OCS sense continuity; exact lexical evidence only, with no productive class inferred.
review:v03:9345bf8dd103	synodal:adverb:wikt-9345bf8dd103	sense:v03:9345bf8dd103	идѣже	adverb	indeclinable	идѣже	и҆дѣ́же	where	general	english-wiktionary-ocs-kaikki-2026-08-07	synodal:candidate:9345bf8dd103848baf27233d	ponomar-elizabeth-bible-2026-08-09	synodal:candidate:08bdc9202813a009be46f43b	Acts.1.13	reviewed	synodal-russian	Reviewer confirmed the source-partition Synodal context and conservative OCS sense continuity; exact lexical evidence only, with no productive class inferred.
review:v03:93efdf93523a	synodal:noun:wikt-93efdf93523a	sense:v03:93efdf93523a	вечеръ	noun	lexical-form	вечеръ	ве́черъ	evening	general	english-wiktionary-ocs-kaikki-2026-08-07	synodal:candidate:93efdf93523af3fd14e7d6c7	ponomar-elizabeth-bible-2026-08-09	synodal:candidate:bfae9041d88f39b2efa68606	Acts.4.3	reviewed	synodal-russian	Reviewer confirmed the source-partition Synodal context and conservative OCS sense continuity; exact lexical evidence only, with no productive class inferred.
review:v03:9410a0c6ae47	synodal:preposition:wikt-9410a0c6ae47	sense:v03:9410a0c6ae47	при	preposition	indeclinable	при	при	at; by; near; with	general	english-wiktionary-ocs-kaikki-2026-08-07	synodal:candidate:9410a0c6ae47c1ee31411cbc	ponomar-elizabeth-bible-2026-08-09	synodal:candidate:2f0d1a4e5888cd71290bf6cf	Acts.2.10	reviewed	synodal-russian	Reviewer confirmed the source-partition Synodal context and conservative OCS sense continuity; exact lexical evidence only, with no productive class inferred.
review:v03:9426297191aa	synodal:adjective:wikt-9426297191aa	sense:v03:9426297191aa	самъ	adjective	lexical-form	самъ	са́мъ	self	general	english-wiktionary-ocs-kaikki-2026-08-07	synodal:candidate:9426297191aa8781aa9935b0	ponomar-elizabeth-bible-2026-08-09	synodal:candidate:fc0bd20d8cd0b64d5258e2b8	Acts.2.34	reviewed	synodal-russian	Reviewer confirmed the source-partition Synodal context and conservative OCS sense continuity; exact lexical evidence only, with no productive class inferred.
review:v03:9444ca7bd2ab	synodal:noun:wikt-9444ca7bd2ab	sense:v03:9444ca7bd2ab	гадъ	noun	lexical-form	гадъ	га́дъ	reptile	general	english-wiktionary-ocs-kaikki-2026-08-07	synodal:candidate:9444ca7bd2ab59b4fd5eaf6f	ponomar-elizabeth-bible-2026-08-09	synodal:candidate:12383721f9dc4e8beea9a180	Deut.27.13	reviewed	synodal-russian	Reviewer confirmed the source-partition Synodal context and conservative OCS sense continuity; exact lexical evidence only, with no productive class inferred.
review:v03:949f8d24f46c	synodal:noun:wikt-949f8d24f46c	sense:v03:949f8d24f46c	класъ	noun	lexical-form	класъ	кла́съ	ear of corn	general	english-wiktionary-ocs-kaikki-2026-08-07	synodal:candidate:949f8d24f46c990b8b639968	ponomar-elizabeth-bible-2026-08-09	synodal:candidate:53afcc384cdf88b3cd762f42	Job.24.24	reviewed	synodal-russian	Reviewer confirmed the source-partition Synodal context and conservative OCS sense continuity; exact lexical evidence only, with no productive class inferred.
review:v03:94e07f09b935	synodal:verb:wikt-94e07f09b935	sense:v03:94e07f09b935	понести	verb	lexical-form	понести	понестѝ	to bear, endure, tolerate; to carry; to take away	general	english-wiktionary-ocs-kaikki-2026-08-07	synodal:candidate:94e07f09b93595e6a36faed1	ponomar-elizabeth-bible-2026-08-09	synodal:candidate:ab277f380ad3dce3b3467e42	Acts.15.10	reviewed	synodal-russian	Reviewer confirmed the source-partition Synodal context and conservative OCS sense continuity; exact lexical evidence only, with no productive class inferred.
review:v03:950934f2f7ac	synodal:noun:wikt-950934f2f7ac	sense:v03:950934f2f7ac	чело	noun	lexical-form	чело	чело̀	forehead	general	english-wiktionary-ocs-kaikki-2026-08-07	synodal:candidate:950934f2f7ac242c2be49106	ponomar-elizabeth-bible-2026-08-09	synodal:candidate:722ac9bb453bb9a1fb15a7fa	II_Paral.26.19	reviewed	synodal-russian	Reviewer confirmed the source-partition Synodal context and conservative OCS sense continuity; exact lexical evidence only, with no productive class inferred.
review:v03:95a5a738f393	synodal:noun:wikt-95a5a738f393	sense:v03:95a5a738f393	пламень	noun	lexical-form	пламень	пла́мень	flame	general	english-wiktionary-ocs-kaikki-2026-08-07	synodal:candidate:95a5a738f393c80f26f1d0c1	ponomar-elizabeth-bible-2026-08-09	synodal:candidate:3b8a5c313091241fafdd47e8	Apoc.1.14	rejected	synodal-russian	Rejected: surface belongs to multiple OCS lexeme paradigms; target identity must be resolved manually
review:v03:95e7e3d90514	synodal:noun:wikt-95e7e3d90514	sense:v03:95e7e3d90514	крінъ	noun	lexical-form	крінъ	крі́нъ	lily, fleur-de-lys	general	english-wiktionary-ocs-kaikki-2026-08-07	synodal:candidate:95e7e3d9051446c0352311cd	ponomar-elizabeth-bible-2026-08-09	synodal:candidate:c59f4c8fe76f08a36ecb6f08	Ex.25.33	reviewed	synodal-russian	Reviewer confirmed the source-partition Synodal context and conservative OCS sense continuity; exact lexical evidence only, with no productive class inferred.
review:v03:96cfa329cd08	synodal:noun:wikt-96cfa329cd08	sense:v03:96cfa329cd08	мощь	noun	lexical-form	мощь	мо́щь	ability; power	general	english-wiktionary-ocs-kaikki-2026-08-07	synodal:candidate:96cfa329cd08fcb6b9683024	ponomar-elizabeth-bible-2026-08-09	synodal:candidate:56cecc7dd4da74d66d56f574	Job.16.15	rejected	synodal-russian	Rejected: surface belongs to multiple OCS lexeme paradigms; target identity must be resolved manually
review:v03:970c62819eb0	synodal:noun:wikt-970c62819eb0	sense:v03:970c62819eb0	точило	noun	lexical-form	точило	точи́ло	winepress, a device used to squeeze juice from grapes	general	english-wiktionary-ocs-kaikki-2026-08-07	synodal:candidate:970c62819eb08efd5ac1ea6f	ponomar-elizabeth-bible-2026-08-09	synodal:candidate:1d1002e72545d865be658a90	Apoc.14.19	reviewed	synodal-russian	Reviewer confirmed the source-partition Synodal context and conservative OCS sense continuity; exact lexical evidence only, with no productive class inferred.
review:v03:9766969fe0b1	synodal:adjective:wikt-9766969fe0b1	sense:v03:9766969fe0b1	видимъ	adjective	lexical-form	видимъ	ви́димъ	visible	general	english-wiktionary-ocs-kaikki-2026-08-07	synodal:candidate:9766969fe0b158842a265c86	ponomar-elizabeth-bible-2026-08-09	synodal:candidate:cb06f083ba0dbe9dcee509c3	Composite.8.54	rejected	synodal-russian	Rejected: surface belongs to multiple OCS lexeme paradigms; target identity must be resolved manually
review:v03:9a0b7e580bef	synodal:conjunction:wikt-9a0b7e580bef	sense:v03:9a0b7e580bef	поне	conjunction	indeclinable	поне	понѐ	as long as, to what extent; because, since	general	english-wiktionary-ocs-kaikki-2026-08-07	synodal:candidate:9a0b7e580bef29243f62066f	ponomar-elizabeth-bible-2026-08-09	synodal:candidate:8e86723ce25259e0c81acd36	Acts.5.15	reviewed	synodal-russian	Reviewer confirmed the source-partition Synodal context and conservative OCS sense continuity; exact lexical evidence only, with no productive class inferred.
review:v03:9a26baea70f0	synodal:adverb:wikt-9a26baea70f0	sense:v03:9a26baea70f0	камѡ	adverb	indeclinable	камѡ	ка́мѡ	whither	general	english-wiktionary-ocs-kaikki-2026-08-07	synodal:candidate:9a26baea70f0a630b5272a58	ponomar-elizabeth-bible-2026-08-09	synodal:candidate:bd2759c2b7556dafc8e7af4c	Deut.1.28	reviewed	synodal-russian	Reviewer confirmed the source-partition Synodal context and conservative OCS sense continuity; exact lexical evidence only, with no productive class inferred.
review:v03:9bc9229b1648	synodal:noun:wikt-9bc9229b1648	sense:v03:9bc9229b1648	трава	noun	lexical-form	трава	трава̀	grass; plants	general	english-wiktionary-ocs-kaikki-2026-08-07	synodal:candidate:9bc9229b1648e29585949544	ponomar-elizabeth-bible-2026-08-09	synodal:candidate:d31c719f326c1044b984ae6a	Apoc.8.7	reviewed	synodal-russian	Reviewer confirmed the source-partition Synodal context and conservative OCS sense continuity; exact lexical evidence only, with no productive class inferred.
review:v03:9c77102d5441	synodal:preposition:wikt-9c77102d5441	sense:v03:9c77102d5441	въ	preposition	indeclinable	въ	въ	in, into	general	english-wiktionary-ocs-kaikki-2026-08-07	synodal:candidate:9c77102d5441eded9c2fc438	ponomar-elizabeth-bible-2026-08-09	synodal:candidate:74ed9ea2a22a7faaf945cdf6	Acts.1.6	reviewed	synodal-russian	Reviewer confirmed the source-partition Synodal context and conservative OCS sense continuity; exact lexical evidence only, with no productive class inferred.
review:v03:9d7335013020	synodal:noun:wikt-9d7335013020	sense:v03:9d7335013020	старость	noun	lexical-form	старость	ста́рость	old age	general	english-wiktionary-ocs-kaikki-2026-08-07	synodal:candidate:9d733501302010f89a1f296d	ponomar-elizabeth-bible-2026-08-09	synodal:candidate:f3fcec64c80c16587dd672a7	Gen.44.20	reviewed	synodal-russian	Reviewer confirmed the source-partition Synodal context and conservative OCS sense continuity; exact lexical evidence only, with no productive class inferred.
review:v03:9d806d6820a3	synodal:noun:wikt-9d806d6820a3	sense:v03:9d806d6820a3	юноша	noun	lexical-form	юноша	ю҆́ноша	youngster, young man	general	english-wiktionary-ocs-kaikki-2026-08-07	synodal:candidate:9d806d6820a327db2a469d35	ponomar-elizabeth-bible-2026-08-09	synodal:candidate:0f8960cdd55e4e5fbadbcd8a	Dan.13.37	reviewed	synodal-russian	Reviewer confirmed the source-partition Synodal context and conservative OCS sense continuity; exact lexical evidence only, with no productive class inferred.
review:v03:9e01e365b0c1	synodal:noun:wikt-9e01e365b0c1	sense:v03:9e01e365b0c1	конобъ	noun	lexical-form	конобъ	коно́бъ	kettle	general	english-wiktionary-ocs-kaikki-2026-08-07	synodal:candidate:9e01e365b0c1d38d38bcf7fb	ponomar-elizabeth-bible-2026-08-09	synodal:candidate:d886964d260ffc2ab1ae63cf	Ezek.11.7	reviewed	synodal-russian	Reviewer confirmed the source-partition Synodal context and conservative OCS sense continuity; exact lexical evidence only, with no productive class inferred.
review:v03:9e3893b05794	synodal:noun:wikt-9e3893b05794	sense:v03:9e3893b05794	побѣда	noun	lexical-form	побѣда	побѣ́да	victory	general	english-wiktionary-ocs-kaikki-2026-08-07	synodal:candidate:9e3893b057940d207907ece7	ponomar-elizabeth-bible-2026-08-09	synodal:candidate:bfc033d7de2411ff453470e2	II_Esdra.3.9	reviewed	synodal-russian	Reviewer confirmed the source-partition Synodal context and conservative OCS sense continuity; exact lexical evidence only, with no productive class inferred.
review:v03:9e403ba8e97c	synodal:noun:wikt-9e403ba8e97c	sense:v03:9e403ba8e97c	знамѧ	noun	lexical-form	знамѧ	зна́мѧ	sign	general	english-wiktionary-ocs-kaikki-2026-08-07	synodal:candidate:9e403ba8e97c8cea23d83769	ponomar-elizabeth-bible-2026-08-09	synodal:candidate:d9538b91b3304d3086668f33	Isa.30.17	reviewed	synodal-russian	Reviewer confirmed the source-partition Synodal context and conservative OCS sense continuity; exact lexical evidence only, with no productive class inferred.
review:v03:9e60ca100659	synodal:noun:wikt-9e60ca100659	sense:v03:9e60ca100659	закровъ	noun	lexical-form	закровъ	закро́въ	cover; refuge; sanctuary	general	english-wiktionary-ocs-kaikki-2026-08-07	synodal:candidate:9e60ca100659f9b29973bd16	ponomar-elizabeth-bible-2026-08-09	synodal:candidate:11a968d18e3c49fb2fe1df7c	Ex.26.36	reviewed	synodal-russian	Reviewer confirmed the source-partition Synodal context and conservative OCS sense continuity; exact lexical evidence only, with no productive class inferred.
review:v03:9e77be5c72f8	synodal:noun:wikt-9e77be5c72f8	sense:v03:9e77be5c72f8	лѣть	noun	lexical-form	лѣть	лѣ́ть	permissible, allowed; Together with ~ естъ (estŭ)	general	english-wiktionary-ocs-kaikki-2026-08-07	synodal:candidate:9e77be5c72f889fcd9820cd1	ponomar-elizabeth-bible-2026-08-09	synodal:candidate:ec72282aff022c7a0074525a	Acts.21.37	reviewed	synodal-russian	Reviewer confirmed the source-partition Synodal context and conservative OCS sense continuity; exact lexical evidence only, with no productive class inferred.
review:v03:9eb57461f31e	synodal:noun:wikt-9eb57461f31e	sense:v03:9eb57461f31e	постъ	noun	lexical-form	постъ	по́стъ	fast	general	english-wiktionary-ocs-kaikki-2026-08-07	synodal:candidate:9eb57461f31e3721597694d9	ponomar-elizabeth-bible-2026-08-09	synodal:candidate:bc574066be8125fae9d32ccf	III_Kings.21.12	reviewed	synodal-russian	Reviewer confirmed the source-partition Synodal context and conservative OCS sense continuity; exact lexical evidence only, with no productive class inferred.
review:v03:9efd2390f9c0	synodal:noun:wikt-9efd2390f9c0	sense:v03:9efd2390f9c0	повѣсть	noun	lexical-form	повѣсть	по́вѣсть	tale, teaching	general	english-wiktionary-ocs-kaikki-2026-08-07	synodal:candidate:9efd2390f9c07a8255f8c735	ponomar-elizabeth-bible-2026-08-09	synodal:candidate:674ca1ae0c95d60365a6733e	Ezek.17.2	reviewed	synodal-russian	Reviewer confirmed the source-partition Synodal context and conservative OCS sense continuity; exact lexical evidence only, with no productive class inferred.
review:v03:9f799208c963	synodal:noun:wikt-9f799208c963	sense:v03:9f799208c963	плѣнъ	noun	lexical-form	плѣнъ	плѣ́нъ	booty, spoils, plunder; captivity	general	english-wiktionary-ocs-kaikki-2026-08-07	synodal:candidate:9f799208c963bdd023e03d87	ponomar-elizabeth-bible-2026-08-09	synodal:candidate:9ba80a722b5ce87a7bbdc03d	Amos.1.15	reviewed	synodal-russian	Reviewer confirmed the source-partition Synodal context and conservative OCS sense continuity; exact lexical evidence only, with no productive class inferred.
review:v03:9fbb97835974	synodal:noun:wikt-9fbb97835974	sense:v03:9fbb97835974	хвостъ	noun	lexical-form	хвостъ	хво́стъ	tail	general	english-wiktionary-ocs-kaikki-2026-08-07	synodal:candidate:9fbb97835974eaed5544f028	ponomar-elizabeth-bible-2026-08-09	synodal:candidate:3a19f1841fbf7f5888c85a95	Deut.28.13	reviewed	synodal-russian	Reviewer confirmed the source-partition Synodal context and conservative OCS sense continuity; exact lexical evidence only, with no productive class inferred.
review:v03:9fe1de3368c3	synodal:noun:wikt-9fe1de3368c3	sense:v03:9fe1de3368c3	хлѣбъ	noun	lexical-form	хлѣбъ	хлѣ́бъ	bread; loaf of bread	general	english-wiktionary-ocs-kaikki-2026-08-07	synodal:candidate:9fe1de3368c3b21feb0e3715	ponomar-elizabeth-bible-2026-08-09	synodal:candidate:da2b9bf16fdaca5853846af3	Acts.2.46	reviewed	synodal-russian	Reviewer confirmed the source-partition Synodal context and conservative OCS sense continuity; exact lexical evidence only, with no productive class inferred.
review:v03:a0460e26ad87	synodal:noun:wikt-a0460e26ad87	sense:v03:a0460e26ad87	скотъ	noun	lexical-form	скотъ	ско́тъ	animal; cattle	general	english-wiktionary-ocs-kaikki-2026-08-07	synodal:candidate:a0460e26ad87ef9f5b436bb5	ponomar-elizabeth-bible-2026-08-09	synodal:candidate:8d2ac0ca0ed549f4d2c3dff7	Deut.3.19	reviewed	synodal-russian	Reviewer confirmed the source-partition Synodal context and conservative OCS sense continuity; exact lexical evidence only, with no productive class inferred.
review:v03:a0a33dfa77c7	synodal:noun:wikt-a0a33dfa77c7	sense:v03:a0a33dfa77c7	мати	noun	lexical-form	мати	ма́ти	mother	general	english-wiktionary-ocs-kaikki-2026-08-07	synodal:candidate:a0a33dfa77c79c20e37dedad	ponomar-elizabeth-bible-2026-08-09	synodal:candidate:5930049907e62672a85a880c	Apoc.17.5	reviewed	synodal-russian	Reviewer confirmed the source-partition Synodal context and conservative OCS sense continuity; exact lexical evidence only, with no productive class inferred.
review:v03:a0dc1a363208	synodal:conjunction:wikt-a0dc1a363208	sense:v03:a0dc1a363208	оубо	conjunction	indeclinable	оубо	Оу҆̀бо	so; therefore; this way	general	english-wiktionary-ocs-kaikki-2026-08-07	synodal:candidate:a0dc1a36320853f8795091e6	ponomar-elizabeth-bible-2026-08-09	synodal:candidate:70c8369c4a1fea72a08b27c9	Heb.4.9	reviewed	synodal-russian	Reviewer confirmed the source-partition Synodal context and conservative OCS sense continuity; exact lexical evidence only, with no productive class inferred.
review:v03:a18629b39c2d	synodal:noun:wikt-a18629b39c2d	sense:v03:a18629b39c2d	видъ	noun	lexical-form	видъ	ви́дъ	appearance; aspect; perception; sight; vision	general	english-wiktionary-ocs-kaikki-2026-08-07	synodal:candidate:a18629b39c2df655d4a3651f	ponomar-elizabeth-bible-2026-08-09	synodal:candidate:c715dc43ac39fc23476579eb	Ezek.1.26	reviewed	synodal-russian	Reviewer confirmed the source-partition Synodal context and conservative OCS sense continuity; exact lexical evidence only, with no productive class inferred.
review:v03:a1a656a49417	synodal:noun:wikt-a1a656a49417	sense:v03:a1a656a49417	капище	noun	lexical-form	капище	ка́пище	column, pillar; shrine, sanctuary, temple; statue	general	english-wiktionary-ocs-kaikki-2026-08-07	synodal:candidate:a1a656a49417531a9c4b0fb2	ponomar-elizabeth-bible-2026-08-09	synodal:candidate:feeb8b1940dc87d236fa179d	Acts.17.23	reviewed	synodal-russian	Reviewer confirmed the source-partition Synodal context and conservative OCS sense continuity; exact lexical evidence only, with no productive class inferred.
review:v03:a261d72d93f6	synodal:noun:wikt-a261d72d93f6	sense:v03:a261d72d93f6	ѡбида	noun	lexical-form	ѡбида	ѡ҆би́да	offence, insult, injustice; resentment (feeling); grudges	general	english-wiktionary-ocs-kaikki-2026-08-07	synodal:candidate:a261d72d93f69860063d3a19	ponomar-elizabeth-bible-2026-08-09	synodal:candidate:439ab8c312dbebc4cd661a2c	Gen.16.5	reviewed	synodal-russian	Reviewer confirmed the source-partition Synodal context and conservative OCS sense continuity; exact lexical evidence only, with no productive class inferred.
review:v03:a2790a319b8f	synodal:noun:wikt-a2790a319b8f	sense:v03:a2790a319b8f	ѡбѣтъ	noun	lexical-form	ѡбѣтъ	ѡ҆бѣ́тъ	promise	general	english-wiktionary-ocs-kaikki-2026-08-07	synodal:candidate:a2790a319b8f5954f146263f	ponomar-elizabeth-bible-2026-08-09	synodal:candidate:fa952ff8da4edf422321c06b	Deut.23.18	reviewed	synodal-russian	Reviewer confirmed the source-partition Synodal context and conservative OCS sense continuity; exact lexical evidence only, with no productive class inferred.
review:v03:a284cda01217	synodal:adverb:wikt-a284cda01217	sense:v03:a284cda01217	тамѡ	adverb	indeclinable	тамѡ	та́мѡ	there; thereto; thither	general	english-wiktionary-ocs-kaikki-2026-08-07	synodal:candidate:a284cda012172a1236d5f71e	ponomar-elizabeth-bible-2026-08-09	synodal:candidate:8220b95e72881ee58d592ecf	Acts.9.33	reviewed	synodal-russian	Reviewer confirmed the source-partition Synodal context and conservative OCS sense continuity; exact lexical evidence only, with no productive class inferred.
review:v03:a35c79b9abad	synodal:preposition:wikt-a35c79b9abad	sense:v03:a35c79b9abad	ради	preposition	indeclinable	ради	ра́ди	because of; for the sake of	general	english-wiktionary-ocs-kaikki-2026-08-07	synodal:candidate:a35c79b9abadfa832020206f	ponomar-elizabeth-bible-2026-08-09	synodal:candidate:1ea8f8196096f278c80574ce	Acts.2.26	reviewed	synodal-russian	Reviewer confirmed the source-partition Synodal context and conservative OCS sense continuity; exact lexical evidence only, with no productive class inferred.
review:v03:a3753d32f6e6	synodal:noun:wikt-a3753d32f6e6	sense:v03:a3753d32f6e6	жилище	noun	lexical-form	жилище	жили́ще	dwelling	general	english-wiktionary-ocs-kaikki-2026-08-07	synodal:candidate:a3753d32f6e63f5639067f66	ponomar-elizabeth-bible-2026-08-09	synodal:candidate:ad7c2d112bbce7dbe7b4e33b	Apoc.18.2	reviewed	synodal-russian	Reviewer confirmed the source-partition Synodal context and conservative OCS sense continuity; exact lexical evidence only, with no productive class inferred.
review:v03:a37ef61183ba	synodal:adjective:wikt-a37ef61183ba	sense:v03:a37ef61183ba	слабъ	adjective	lexical-form	слабъ	сла́бъ	weak	general	english-wiktionary-ocs-kaikki-2026-08-07	synodal:candidate:a37ef61183ba2b6e454132b9	ponomar-elizabeth-bible-2026-08-09	synodal:candidate:d275695b3cbc0cc7546e96fe	Deut.20.8	reviewed	synodal-russian	Reviewer confirmed the source-partition Synodal context and conservative OCS sense continuity; exact lexical evidence only, with no productive class inferred.
review:v03:a386d8948980	synodal:noun:wikt-a386d8948980	sense:v03:a386d8948980	ключь	noun	lexical-form	ключь	клю́чь	key	general	english-wiktionary-ocs-kaikki-2026-08-07	synodal:candidate:a386d89489805d56e02904fa	ponomar-elizabeth-bible-2026-08-09	synodal:candidate:8457da24089db71039b184cf	Apoc.3.7	rejected	synodal-russian	Rejected: surface belongs to multiple OCS lexeme paradigms; target identity must be resolved manually
review:v03:a3d0138616f5	synodal:verb:wikt-a3d0138616f5	sense:v03:a3d0138616f5	поити	verb	lexical-form	поити	поитѝ	to go	general	english-wiktionary-ocs-kaikki-2026-08-07	synodal:candidate:a3d0138616f5662edfea67b8	ponomar-elizabeth-bible-2026-08-09	synodal:candidate:60a445c539a851701f20971f	Acts.16.7	reviewed	synodal-russian	Reviewer confirmed the source-partition Synodal context and conservative OCS sense continuity; exact lexical evidence only, with no productive class inferred.
review:v03:a40ccf1752e6	synodal:verb:wikt-a40ccf1752e6	sense:v03:a40ccf1752e6	проити	verb	lexical-form	проити	проитѝ	to go; to pass; to walk	general	english-wiktionary-ocs-kaikki-2026-08-07	synodal:candidate:a40ccf1752e654a62f17aa60	ponomar-elizabeth-bible-2026-08-09	synodal:candidate:96343e6d81cc0364484a9df8	II_Cor.1.16	reviewed	synodal-russian	Reviewer confirmed the source-partition Synodal context and conservative OCS sense continuity; exact lexical evidence only, with no productive class inferred.
review:v03:a429d7480a31	synodal:noun:wikt-a429d7480a31	sense:v03:a429d7480a31	дѣлатель	noun	lexical-form	дѣлатель	дѣ́латель	worker	general	english-wiktionary-ocs-kaikki-2026-08-07	synodal:candidate:a429d7480a31a3ff39aa6c10	ponomar-elizabeth-bible-2026-08-09	synodal:candidate:be3e837b5216951451fe15a0	III_Esdra.9.17	reviewed	synodal-russian	Reviewer confirmed the source-partition Synodal context and conservative OCS sense continuity; exact lexical evidence only, with no productive class inferred.
review:v03:a4923d0e43b2	synodal:noun:wikt-a4923d0e43b2	sense:v03:a4923d0e43b2	свобода	noun	lexical-form	свобода	свобо́да	freedom	general	english-wiktionary-ocs-kaikki-2026-08-07	synodal:candidate:a4923d0e43b27171277e622b	ponomar-elizabeth-bible-2026-08-09	synodal:candidate:7124d27ec76b5bbc14c3c14e	Gal.5.13	reviewed	synodal-russian	Reviewer confirmed the source-partition Synodal context and conservative OCS sense continuity; exact lexical evidence only, with no productive class inferred.
review:v03:a4bc4c95c980	synodal:noun:wikt-a4bc4c95c980	sense:v03:a4bc4c95c980	сѣверъ	noun	lexical-form	сѣверъ	сѣ́веръ	north; northern wind	general	english-wiktionary-ocs-kaikki-2026-08-07	synodal:candidate:a4bc4c95c98021f3b1237523	ponomar-elizabeth-bible-2026-08-09	synodal:candidate:c49e44cb6ed65740238875fb	Dan.8.4	reviewed	synodal-russian	Reviewer confirmed the source-partition Synodal context and conservative OCS sense continuity; exact lexical evidence only, with no productive class inferred.
review:v03:a505eda50c12	synodal:noun:wikt-a505eda50c12	sense:v03:a505eda50c12	ѡблакъ	noun	lexical-form	ѡблакъ	ѡ҆́блакъ	cloud	general	english-wiktionary-ocs-kaikki-2026-08-07	synodal:candidate:a505eda50c129420ed6916ca	ponomar-elizabeth-bible-2026-08-09	synodal:candidate:82a6ac5f89ca7d5aaab80fff	Acts.1.9	reviewed	synodal-russian	Reviewer confirmed the source-partition Synodal context and conservative OCS sense continuity; exact lexical evidence only, with no productive class inferred.
review:v03:a525429c2611	synodal:noun:wikt-a525429c2611	sense:v03:a525429c2611	тварь	noun	lexical-form	тварь	тва́рь	creation	general	english-wiktionary-ocs-kaikki-2026-08-07	synodal:candidate:a525429c2611f22b4a235f48	ponomar-elizabeth-bible-2026-08-09	synodal:candidate:f8e143755f1bfd7674bd7356	Gal.6.15	reviewed	synodal-russian	Reviewer confirmed the source-partition Synodal context and conservative OCS sense continuity; exact lexical evidence only, with no productive class inferred.
review:v03:a574507d33e1	synodal:pronoun:wikt-a574507d33e1	sense:v03:a574507d33e1	свои	pronoun	lexical-form	свои	своѝ	one’s own	general	english-wiktionary-ocs-kaikki-2026-08-07	synodal:candidate:a574507d33e1c2038d40c472	ponomar-elizabeth-bible-2026-08-09	synodal:candidate:14ef4353c3a2155c357ee5b9	Acts.9.40	reviewed	synodal-russian	Reviewer confirmed the source-partition Synodal context and conservative OCS sense continuity; exact lexical evidence only, with no productive class inferred.
review:v03:a589a95f8b48	synodal:noun:wikt-a589a95f8b48	sense:v03:a589a95f8b48	дѣти	noun	lexical-form	дѣти	дѣ́ти	children	general	english-wiktionary-ocs-kaikki-2026-08-07	synodal:candidate:a589a95f8b485bbbf2de33f6	ponomar-elizabeth-bible-2026-08-09	synodal:candidate:4f7733783a20db2fa48f327e	Dan.14.21	rejected	synodal-russian	Rejected: surface belongs to multiple OCS lexeme paradigms; target identity must be resolved manually
review:v03:a5aa84541043	synodal:adjective:wikt-a5aa84541043	sense:v03:a5aa84541043	жестокъ	adjective	lexical-form	жестокъ	же́стокъ	severe, strict	general	english-wiktionary-ocs-kaikki-2026-08-07	synodal:candidate:a5aa84541043ce2eb40a1676	ponomar-elizabeth-bible-2026-08-09	synodal:candidate:9f2ce0b8d9089fecc25808d4	Eccles.7.18	reviewed	synodal-russian	Reviewer confirmed the source-partition Synodal context and conservative OCS sense continuity; exact lexical evidence only, with no productive class inferred.
review:v03:a601ebe6bbf1	synodal:verb:wikt-a601ebe6bbf1	sense:v03:a601ebe6bbf1	плакати	verb	lexical-form	плакати	пла́кати	to wash	general	english-wiktionary-ocs-kaikki-2026-08-07	synodal:candidate:a601ebe6bbf1d00c194fec30	ponomar-elizabeth-bible-2026-08-09	synodal:candidate:2d48bddb38bc8b37843ce6b7	Eccles.3.4	reviewed	synodal-russian	Reviewer confirmed the source-partition Synodal context and conservative OCS sense continuity; exact lexical evidence only, with no productive class inferred.
review:v03:a61007519ae8	synodal:noun:wikt-a61007519ae8	sense:v03:a61007519ae8	рогъ	noun	lexical-form	рогъ	ро́гъ	horn	general	english-wiktionary-ocs-kaikki-2026-08-07	synodal:candidate:a61007519ae891b2288b10eb	ponomar-elizabeth-bible-2026-08-09	synodal:candidate:f01917356df286b85f6c6426	Dan.7.8	reviewed	synodal-russian	Reviewer confirmed the source-partition Synodal context and conservative OCS sense continuity; exact lexical evidence only, with no productive class inferred.
review:v03:a6817cab5929	synodal:noun:wikt-a6817cab5929	sense:v03:a6817cab5929	бѣда	noun	lexical-form	бѣда	бѣда̀	distress; need, necessity	general	english-wiktionary-ocs-kaikki-2026-08-07	synodal:candidate:a6817cab5929505aef790e1d	ponomar-elizabeth-bible-2026-08-09	synodal:candidate:4532b6012848bdb963743058	Esther.4.17	reviewed	synodal-russian	Reviewer confirmed the source-partition Synodal context and conservative OCS sense continuity; exact lexical evidence only, with no productive class inferred.
review:v03:a699ead0c3a0	synodal:adjective:wikt-a699ead0c3a0	sense:v03:a699ead0c3a0	достоинъ	adjective	lexical-form	достоинъ	досто́инъ	worthy, deserve	general	english-wiktionary-ocs-kaikki-2026-08-07	synodal:candidate:a699ead0c3a0b03ff74117ba	ponomar-elizabeth-bible-2026-08-09	synodal:candidate:f8d1245f4ae7c4af920121e4	Acts.13.25	reviewed	synodal-russian	Reviewer confirmed the source-partition Synodal context and conservative OCS sense continuity; exact lexical evidence only, with no productive class inferred.
review:v03:a71bbb7fccf7	synodal:adjective:wikt-a71bbb7fccf7	sense:v03:a71bbb7fccf7	синь	adjective	lexical-form	синь	си́нь	blue; dark, blackish, turbid	general	english-wiktionary-ocs-kaikki-2026-08-07	synodal:candidate:a71bbb7fccf768080c64a4e1	ponomar-elizabeth-bible-2026-08-09	synodal:candidate:ae6f20a67fb462b911f9611f	Ex.36.8	rejected	synodal-russian	Rejected: surface belongs to multiple OCS lexeme paradigms; target identity must be resolved manually
review:v03:a779a9e0de4c	synodal:noun:wikt-a779a9e0de4c	sense:v03:a779a9e0de4c	мѣхъ	noun	lexical-form	мѣхъ	мѣ́хъ	fur; leather bag; wineskin	general	english-wiktionary-ocs-kaikki-2026-08-07	synodal:candidate:a779a9e0de4ccaad96aad90d	ponomar-elizabeth-bible-2026-08-09	synodal:candidate:d28733605e6f9468b15a1e64	Gen.21.14	reviewed	synodal-russian	Reviewer confirmed the source-partition Synodal context and conservative OCS sense continuity; exact lexical evidence only, with no productive class inferred.
review:v03:a85269b71b16	synodal:noun:wikt-a85269b71b16	sense:v03:a85269b71b16	краи	noun	lexical-form	краи	краѝ	edge; end; rim; riverbank	general	english-wiktionary-ocs-kaikki-2026-08-07	synodal:candidate:a85269b71b1633b139f7d7b7	ponomar-elizabeth-bible-2026-08-09	synodal:candidate:d6ca0a82a77ba04a6c6eb40d	Ex.14.30	reviewed	synodal-russian	Reviewer confirmed the source-partition Synodal context and conservative OCS sense continuity; exact lexical evidence only, with no productive class inferred.
review:v03:a9cef2fd54e7	synodal:adjective:wikt-a9cef2fd54e7	sense:v03:a9cef2fd54e7	благъ	adjective	lexical-form	благъ	бла́гъ	good; nice	general	english-wiktionary-ocs-kaikki-2026-08-07	synodal:candidate:a9cef2fd54e7bd9b152cd607	ponomar-elizabeth-bible-2026-08-09	synodal:candidate:5f486ddcf8db5c5c69db59ea	Composite.4.9	reviewed	synodal-russian	Reviewer confirmed the source-partition Synodal context and conservative OCS sense continuity; exact lexical evidence only, with no productive class inferred.
review:v03:a9d4bcddc46d	synodal:adverb:wikt-a9d4bcddc46d	sense:v03:a9d4bcddc46d	сице	adverb	indeclinable	сице	си́це	thus, so	general	english-wiktionary-ocs-kaikki-2026-08-07	synodal:candidate:a9d4bcddc46d6c7a712a09b3	ponomar-elizabeth-bible-2026-08-09	synodal:candidate:e3245089ccd3cf8e3526986b	Acts.7.6	reviewed	synodal-russian	Reviewer confirmed the source-partition Synodal context and conservative OCS sense continuity; exact lexical evidence only, with no productive class inferred.
review:v03:ab7115ba0909	synodal:pronoun:wikt-ab7115ba0909	sense:v03:ab7115ba0909	мои	pronoun	lexical-form	мои	моѝ	my, mine	general	english-wiktionary-ocs-kaikki-2026-08-07	synodal:candidate:ab7115ba090975e4dce40585	ponomar-elizabeth-bible-2026-08-09	synodal:candidate:ee2d5947ec0b5fadeafa4dab	Acts.20.34	rejected	synodal-russian	Rejected: surface belongs to multiple OCS lexeme paradigms; target identity must be resolved manually
review:v03:abc6b7472112	synodal:pronoun:wikt-abc6b7472112	sense:v03:abc6b7472112	инъ	pronoun	lexical-form	инъ	и҆́нъ	other	general	english-wiktionary-ocs-kaikki-2026-08-07	synodal:candidate:abc6b7472112d042d5e5c1b8	ponomar-elizabeth-bible-2026-08-09	synodal:candidate:9e509590cb5359ebe73937ea	Acts.1.20	reviewed	synodal-russian	Reviewer confirmed the source-partition Synodal context and conservative OCS sense continuity; exact lexical evidence only, with no productive class inferred.
review:v03:acf926ff95d3	synodal:verb:wikt-acf926ff95d3	sense:v03:acf926ff95d3	видимъ	verb	lexical-form	видимъ	ви́димъ	first-person plural imperative; first-person plural present indicative	general	english-wiktionary-ocs-kaikki-2026-08-07	synodal:candidate:acf926ff95d3d6540842277b	ponomar-elizabeth-bible-2026-08-09	synodal:candidate:cb06f083ba0dbe9dcee509c3	Composite.8.54	rejected	synodal-russian	Rejected: surface belongs to multiple OCS lexeme paradigms; target identity must be resolved manually
review:v03:b043f1ad924f	synodal:adverb:wikt-b043f1ad924f	sense:v03:b043f1ad924f	єгда	adverb	indeclinable	єгда	є҆гда̀	when	general	english-wiktionary-ocs-kaikki-2026-08-07	synodal:candidate:b043f1ad924fafd45d62dd19	ponomar-elizabeth-bible-2026-08-09	synodal:candidate:356409b4b0d48a6963f53576	Acts.1.10	reviewed	synodal-russian	Reviewer confirmed the temporal-adverb identity, target spelling, breathing, and accent in the locked source passage.
review:v03:b09f052011b5	synodal:pronoun:wikt-b09f052011b5	sense:v03:b09f052011b5	ими	pronoun	lexical-form	ими	и҆́ми	them	general	english-wiktionary-ocs-kaikki-2026-08-07	synodal:candidate:b09f052011b5c37bd33ab092	ponomar-elizabeth-bible-2026-08-09	synodal:candidate:3de67508968f57f38d883070	Acts.20.36	rejected	synodal-russian	Rejected: surface belongs to multiple OCS lexeme paradigms; target identity must be resolved manually
review:v03:b12afc859d36	synodal:conjunction:wikt-b12afc859d36	sense:v03:b12afc859d36	аще	conjunction	indeclinable	аще	а҆́ще	if; when; whether	general	english-wiktionary-ocs-kaikki-2026-08-07	synodal:candidate:b12afc859d36b6be5cbdd776	ponomar-elizabeth-bible-2026-08-09	synodal:candidate:74ed9ea2a22a7faaf945cdf6	Acts.1.6	reviewed	synodal-russian	Reviewer confirmed the source-partition Synodal context and conservative OCS sense continuity; exact lexical evidence only, with no productive class inferred.
review:v03:b132885ebd57	synodal:verb:wikt-b132885ebd57	sense:v03:b132885ebd57	дѣлати	verb	lexical-form	дѣлати	дѣ́лати	do, work	general	english-wiktionary-ocs-kaikki-2026-08-07	synodal:candidate:b132885ebd572d64e6868a14	ponomar-elizabeth-bible-2026-08-09	synodal:candidate:eaf6684bdc24d26b25a13998	Deut.4.1	reviewed	synodal-russian	Reviewer confirmed the source-partition Synodal context and conservative OCS sense continuity; exact lexical evidence only, with no productive class inferred.
review:v03:b19c69ac9180	synodal:verb:wikt-b19c69ac9180	sense:v03:b19c69ac9180	лежати	verb	lexical-form	лежати	лежа́ти	lie (be in horizontal position), recline	general	english-wiktionary-ocs-kaikki-2026-08-07	synodal:candidate:b19c69ac9180671f1c451654	ponomar-elizabeth-bible-2026-08-09	synodal:candidate:a813f44f88e3bd791e7fa5a2	Acts.28.8	reviewed	synodal-russian	Reviewer confirmed the source-partition Synodal context and conservative OCS sense continuity; exact lexical evidence only, with no productive class inferred.
review:v03:b1ecaaa2d2e1	synodal:noun:wikt-b1ecaaa2d2e1	sense:v03:b1ecaaa2d2e1	ненависть	noun	lexical-form	ненависть	не́нависть	hatred, hate	general	english-wiktionary-ocs-kaikki-2026-08-07	synodal:candidate:b1ecaaa2d2e1aed6f5a830df	ponomar-elizabeth-bible-2026-08-09	synodal:candidate:b88f6863326d30670c6c6ace	II_Macc.6.25	reviewed	synodal-russian	Reviewer confirmed the source-partition Synodal context and conservative OCS sense continuity; exact lexical evidence only, with no productive class inferred.
review:v03:b24863dbb7f8	synodal:verb:wikt-b24863dbb7f8	sense:v03:b24863dbb7f8	власти	verb	lexical-form	власти	вла́сти	rule	general	english-wiktionary-ocs-kaikki-2026-08-07	synodal:candidate:b24863dbb7f8a3988208881e	ponomar-elizabeth-bible-2026-08-09	synodal:candidate:33e37f9b0806181d0cd0b6b9	Acts.1.7	rejected	synodal-russian	Rejected: surface belongs to multiple OCS lexeme paradigms; target identity must be resolved manually
review:v03:b2d0a0ba44c7	synodal:verb:wikt-b2d0a0ba44c7	sense:v03:b2d0a0ba44c7	исходити	verb	lexical-form	исходити	и҆сходи́ти	exit from, go out of	general	english-wiktionary-ocs-kaikki-2026-08-07	synodal:candidate:b2d0a0ba44c7299239e300ad	ponomar-elizabeth-bible-2026-08-09	synodal:candidate:9a936980385b4f65bc64e218	Deut.28.6	reviewed	synodal-russian	Reviewer confirmed the source-partition Synodal context and conservative OCS sense continuity; exact lexical evidence only, with no productive class inferred.
review:v03:b2f329ba83b8	synodal:noun:wikt-b2f329ba83b8	sense:v03:b2f329ba83b8	мѣдь	noun	lexical-form	мѣдь	мѣ́дь	coin; copper	general	english-wiktionary-ocs-kaikki-2026-08-07	synodal:candidate:b2f329ba83b88e991faa5130	ponomar-elizabeth-bible-2026-08-09	synodal:candidate:df199e8f0a259fe57b7c94e4	Dan.2.39	reviewed	synodal-russian	Reviewer confirmed the source-partition Synodal context and conservative OCS sense continuity; exact lexical evidence only, with no productive class inferred.
review:v03:b3c2de32740b	synodal:verb:wikt-b3c2de32740b	sense:v03:b3c2de32740b	ѿпасти	verb	lexical-form	ѿпасти	ѿпа́сти	to fall; to fall off	general	english-wiktionary-ocs-kaikki-2026-08-07	synodal:candidate:b3c2de32740bb4bfc5ea3295	ponomar-elizabeth-bible-2026-08-09	synodal:candidate:f0c5e2570ddd7ed73d56c924	Acts.27.32	reviewed	synodal-russian	Reviewer confirmed the source-partition Synodal context and conservative OCS sense continuity; exact lexical evidence only, with no productive class inferred.
review:v03:b4e3cb563142	synodal:noun:wikt-b4e3cb563142	sense:v03:b4e3cb563142	сѣть	noun	lexical-form	сѣть	сѣ́ть	snare, trap, net	general	english-wiktionary-ocs-kaikki-2026-08-07	synodal:candidate:b4e3cb56314239ad555602e6	ponomar-elizabeth-bible-2026-08-09	synodal:candidate:6c36d34bd93de22dc3e26eab	Habak.1.16	reviewed	synodal-russian	Reviewer confirmed the source-partition Synodal context and conservative OCS sense continuity; exact lexical evidence only, with no productive class inferred.
review:v03:b5bb7739c281	synodal:adjective:wikt-b5bb7739c281	sense:v03:b5bb7739c281	сѣдъ	adjective	lexical-form	сѣдъ	сѣ́дъ	grey (of hair)	general	english-wiktionary-ocs-kaikki-2026-08-07	synodal:candidate:b5bb7739c281a5193cbdaea9	ponomar-elizabeth-bible-2026-08-09	synodal:candidate:abd06285a84609f6ab903b43	Acts.12.21	reviewed	synodal-russian	Reviewer confirmed the source-partition Synodal context and conservative OCS sense continuity; exact lexical evidence only, with no productive class inferred.
review:v03:b5f6a0a71310	synodal:noun:wikt-b5f6a0a71310	sense:v03:b5f6a0a71310	воина	noun	lexical-form	воина	во́ина	war	general	english-wiktionary-ocs-kaikki-2026-08-07	synodal:candidate:b5f6a0a71310308e6ba745db	ponomar-elizabeth-bible-2026-08-09	synodal:candidate:8272afc02d36f45cb1347d02	Acts.10.7	rejected	synodal-russian	Rejected: surface belongs to multiple OCS lexeme paradigms; target identity must be resolved manually
review:v03:b61cd9e5a5e1	synodal:adjective:wikt-b61cd9e5a5e1	sense:v03:b61cd9e5a5e1	проклѧтъ	adjective	lexical-form	проклѧтъ	про́клѧтъ	cursed	general	english-wiktionary-ocs-kaikki-2026-08-07	synodal:candidate:b61cd9e5a5e1d6a6fd4b8a1c	ponomar-elizabeth-bible-2026-08-09	synodal:candidate:a22af22d97c177d6b6517d45	Deut.7.26	rejected	synodal-russian	Rejected: surface belongs to multiple OCS lexeme paradigms; target identity must be resolved manually
review:v03:b63b03d40852	synodal:proper-noun:wikt-b63b03d40852	sense:v03:b63b03d40852	сїѡнъ	proper-noun	lexical-form	сїѡнъ	сїѡ́нъ	Zion (a hill in West Jerusalem, in Israel, on which ancient Jerusalem was partly built; a centrepiece to Biblical accounts of old days and future eschatological events)	general	english-wiktionary-ocs-kaikki-2026-08-07	synodal:candidate:b63b03d40852bfe56dbc18b8	ponomar-elizabeth-bible-2026-08-09	synodal:candidate:df9cc5cafa491b123b7c3dd5	III_Esdra.10.7	reviewed	synodal-russian	Reviewer confirmed the source-partition Synodal context and conservative OCS sense continuity; exact lexical evidence only, with no productive class inferred.
review:v03:b656255241f9	synodal:noun:wikt-b656255241f9	sense:v03:b656255241f9	вїна	noun	lexical-form	вїна	вїна̀	cause; excuse; fault	general	english-wiktionary-ocs-kaikki-2026-08-07	synodal:candidate:b656255241f904d4c0134b85	ponomar-elizabeth-bible-2026-08-09	synodal:candidate:4594d3f9cdacf5494f1d7bc8	Amos.5.11	rejected	synodal-russian	Rejected: surface belongs to multiple OCS lexeme paradigms; target identity must be resolved manually
review:v03:b7b34fff650b	synodal:verb:wikt-b7b34fff650b	sense:v03:b7b34fff650b	нѣсте	verb	lexical-form	нѣсте	нѣ́сте	second-person plural present indicative negative; third-person dual present indicative negative	general	english-wiktionary-ocs-kaikki-2026-08-07	synodal:candidate:b7b34fff650b158deab576f9	ponomar-elizabeth-bible-2026-08-09	synodal:candidate:3cdd00658f38fe56ad357cb0	Eph.2.19	reviewed	synodal-russian	Reviewer confirmed the source-partition Synodal context and conservative OCS sense continuity; exact lexical evidence only, with no productive class inferred.
review:v03:b846c92e3f2b	synodal:preposition:wikt-b846c92e3f2b	sense:v03:b846c92e3f2b	на	preposition	indeclinable	на	на	into, in; onto, on	general	english-wiktionary-ocs-kaikki-2026-08-07	synodal:candidate:b846c92e3f2bf6e72e684bf6	ponomar-elizabeth-bible-2026-08-09	synodal:candidate:356409b4b0d48a6963f53576	Acts.1.10	reviewed	synodal-russian	Reviewer confirmed the source-partition Synodal context and conservative OCS sense continuity; exact lexical evidence only, with no productive class inferred.
review:v03:b8c98d0a9447	synodal:conjunction:wikt-b8c98d0a9447	sense:v03:b8c98d0a9447	бо	conjunction	indeclinable	бо	бо	for	general	english-wiktionary-ocs-kaikki-2026-08-07	synodal:candidate:b8c98d0a94475f2f81a73c3c	ponomar-elizabeth-bible-2026-08-09	synodal:candidate:9e509590cb5359ebe73937ea	Acts.1.20	reviewed	synodal-russian	Reviewer confirmed the source-partition Synodal context and conservative OCS sense continuity; exact lexical evidence only, with no productive class inferred.
review:v03:b90407db2967	synodal:noun:wikt-b90407db2967	sense:v03:b90407db2967	слана	noun	lexical-form	слана	сла́на	hoarfrost	general	english-wiktionary-ocs-kaikki-2026-08-07	synodal:candidate:b90407db2967d0f9ebfcead3	ponomar-elizabeth-bible-2026-08-09	synodal:candidate:6f4403caa953ca0882495aeb	Job.38.24	rejected	synodal-russian	Rejected: surface belongs to multiple OCS lexeme paradigms; target identity must be resolved manually
review:v03:b94058de7e1f	synodal:noun:wikt-b94058de7e1f	sense:v03:b94058de7e1f	свѧтилище	noun	lexical-form	свѧтилище	свѧти́лище	shrine; temple	general	english-wiktionary-ocs-kaikki-2026-08-07	synodal:candidate:b94058de7e1f94459f866fac	ponomar-elizabeth-bible-2026-08-09	synodal:candidate:0bf108dd4d10aef391cebe98	Acts.3.1	reviewed	synodal-russian	Reviewer confirmed the source-partition Synodal context and conservative OCS sense continuity; exact lexical evidence only, with no productive class inferred.
review:v03:ba969a84cc33	synodal:noun:wikt-ba969a84cc33	sense:v03:ba969a84cc33	тѧгость	noun	lexical-form	тѧгость	тѧ́гость	burden; strain	general	english-wiktionary-ocs-kaikki-2026-08-07	synodal:candidate:ba969a84cc334e8b133b66ec	ponomar-elizabeth-bible-2026-08-09	synodal:candidate:f13634512b0e899e04c32deb	III_Esdra.4.5	reviewed	synodal-russian	Reviewer confirmed the source-partition Synodal context and conservative OCS sense continuity; exact lexical evidence only, with no productive class inferred.
review:v03:ba9b83ba4187	synodal:noun:wikt-ba9b83ba4187	sense:v03:ba9b83ba4187	коло	noun	lexical-form	коло	ко́ло	wagon, car; wheel, circle	general	english-wiktionary-ocs-kaikki-2026-08-07	synodal:candidate:ba9b83ba4187434030b4e992	ponomar-elizabeth-bible-2026-08-09	synodal:candidate:ca64e1511deb1fa0308148a1	Ezek.1.16	reviewed	synodal-russian	Reviewer confirmed the source-partition Synodal context and conservative OCS sense continuity; exact lexical evidence only, with no productive class inferred.
review:v03:baa1f561a7e4	synodal:verb:wikt-baa1f561a7e4	sense:v03:baa1f561a7e4	привести	verb	lexical-form	привести	привестѝ	to bring	general	english-wiktionary-ocs-kaikki-2026-08-07	synodal:candidate:baa1f561a7e430a402371474	ponomar-elizabeth-bible-2026-08-09	synodal:candidate:edfe633c60a50fa243f229d5	Acts.5.21	reviewed	synodal-russian	Reviewer confirmed the source-partition Synodal context and conservative OCS sense continuity; exact lexical evidence only, with no productive class inferred.
review:v03:bb9d50d72e1e	synodal:noun:wikt-bb9d50d72e1e	sense:v03:bb9d50d72e1e	трꙋпъ	noun	lexical-form	трꙋпъ	трꙋ́пъ	alternative spelling of троупъ (trupŭ, “corpse”)	general	english-wiktionary-ocs-kaikki-2026-08-07	synodal:candidate:bb9d50d72e1e2a8a861c58b4	ponomar-elizabeth-bible-2026-08-09	synodal:candidate:bc2df416a4782d51987944d9	IV_Kings.9.37	reviewed	synodal-russian	Reviewer confirmed the source-partition Synodal context and conservative OCS sense continuity; exact lexical evidence only, with no productive class inferred.
review:v03:bba31c88723c	synodal:verb:wikt-bba31c88723c	sense:v03:bba31c88723c	жити	verb	lexical-form	жити	жи́ти	to live	general	english-wiktionary-ocs-kaikki-2026-08-07	synodal:candidate:bba31c88723cae5c9e252c0b	ponomar-elizabeth-bible-2026-08-09	synodal:candidate:8ab095b5ecec6aea6226f2e7	Acts.22.22	rejected	synodal-russian	Rejected: surface belongs to multiple OCS lexeme paradigms; target identity must be resolved manually
review:v03:bbe1760d7910	synodal:verb:wikt-bbe1760d7910	sense:v03:bbe1760d7910	послꙋшати	verb	lexical-form	послꙋшати	послꙋ́шати	to hear; to hearken	general	english-wiktionary-ocs-kaikki-2026-08-07	synodal:candidate:bbe1760d79107bca766f696e	ponomar-elizabeth-bible-2026-08-09	synodal:candidate:9d1cb1fad7b328106d98a3d8	Acts.4.19	reviewed	synodal-russian	Reviewer confirmed the source-partition Synodal context and conservative OCS sense continuity; exact lexical evidence only, with no productive class inferred.
review:v03:bbeeeb7ea3e2	synodal:noun:wikt-bbeeeb7ea3e2	sense:v03:bbeeeb7ea3e2	нога	noun	lexical-form	нога	нога̀	foot; leg	general	english-wiktionary-ocs-kaikki-2026-08-07	synodal:candidate:bbeeeb7ea3e26e84cdc61545	ponomar-elizabeth-bible-2026-08-09	synodal:candidate:3f42ae629c121dcfc848295b	Deut.28.56	reviewed	synodal-russian	Reviewer confirmed the source-partition Synodal context and conservative OCS sense continuity; exact lexical evidence only, with no productive class inferred.
review:v03:bc270882d39d	synodal:numeral:wikt-bc270882d39d	sense:v03:bc270882d39d	десѧть	numeral	lexical-form	десѧть	де́сѧть	ten	general	english-wiktionary-ocs-kaikki-2026-08-07	synodal:candidate:bc270882d39d5806a69bd95a	ponomar-elizabeth-bible-2026-08-09	synodal:candidate:8dbe9d6148782728143026cc	Amos.5.3	reviewed	synodal-russian	Reviewer confirmed the source-partition Synodal context and conservative OCS sense continuity; exact lexical evidence only, with no productive class inferred.
review:v03:bc46dec09111	synodal:noun:wikt-bc46dec09111	sense:v03:bc46dec09111	кратъ	noun	lexical-form	кратъ	кра́тъ	time	general	english-wiktionary-ocs-kaikki-2026-08-07	synodal:candidate:bc46dec09111e55caef26ddb	ponomar-elizabeth-bible-2026-08-09	synodal:candidate:1d8ceb221fc5a79ec5195910	II_Paral.18.15	reviewed	synodal-russian	Reviewer confirmed the source-partition Synodal context and conservative OCS sense continuity; exact lexical evidence only, with no productive class inferred.
review:v03:bcfe43fd2077	synodal:noun:wikt-bcfe43fd2077	sense:v03:bcfe43fd2077	лице	noun	lexical-form	лице	лицѐ	appearance, form, countenance; essence, nature; face, cheek; hypostasis; person; surface; the frontal aspect of something	general	english-wiktionary-ocs-kaikki-2026-08-07	synodal:candidate:bcfe43fd207746075afbf8a5	ponomar-elizabeth-bible-2026-08-09	synodal:candidate:4b59f1921b9dc6e8541f3911	Acts.6.15	reviewed	synodal-russian	Reviewer confirmed the source-partition Synodal context and conservative OCS sense continuity; exact lexical evidence only, with no productive class inferred.
review:v03:bd620b6b7b8a	synodal:adverb:wikt-bd620b6b7b8a	sense:v03:bd620b6b7b8a	развѣ	adverb	indeclinable	развѣ	ра́звѣ	except; outside	general	english-wiktionary-ocs-kaikki-2026-08-07	synodal:candidate:bd620b6b7b8af2ffc2296782	ponomar-elizabeth-bible-2026-08-09	synodal:candidate:aaf480685d2c24a21817a6ba	Acts.15.28	reviewed	synodal-russian	Reviewer confirmed the source-partition Synodal context and conservative OCS sense continuity; exact lexical evidence only, with no productive class inferred.
review:v03:be4898378c58	synodal:noun:wikt-be4898378c58	sense:v03:be4898378c58	бесѣда	noun	lexical-form	бесѣда	бесѣ́да	conversation; language; word	general	english-wiktionary-ocs-kaikki-2026-08-07	synodal:candidate:be4898378c58688d8b612249	ponomar-elizabeth-bible-2026-08-09	synodal:candidate:cb25c8308cb00351dd13867d	Mt.26.73	reviewed	synodal-russian	Reviewer confirmed the source-partition Synodal context and conservative OCS sense continuity; exact lexical evidence only, with no productive class inferred.
review:v03:becd33c30222	synodal:noun:wikt-becd33c30222	sense:v03:becd33c30222	щитъ	noun	lexical-form	щитъ	щи́тъ	shield	general	english-wiktionary-ocs-kaikki-2026-08-07	synodal:candidate:becd33c302224abb6244c37f	ponomar-elizabeth-bible-2026-08-09	synodal:candidate:1f2f34396c60fec6f7d5ce25	II_Kings.1.21	reviewed	synodal-russian	Reviewer confirmed the source-partition Synodal context and conservative OCS sense continuity; exact lexical evidence only, with no productive class inferred.
review:v03:bed493d2f679	synodal:noun:wikt-bed493d2f679	sense:v03:bed493d2f679	страна	noun	lexical-form	страна	страна̀	country, region; side	general	english-wiktionary-ocs-kaikki-2026-08-07	synodal:candidate:bed493d2f679af61b7d427b7	ponomar-elizabeth-bible-2026-08-09	synodal:candidate:b42693a029af9c8dd2946bd7	Esther.8.13	reviewed	synodal-russian	Reviewer confirmed the source-partition Synodal context and conservative OCS sense continuity; exact lexical evidence only, with no productive class inferred.
review:v03:befa9ff16435	synodal:noun:wikt-befa9ff16435	sense:v03:befa9ff16435	женихъ	noun	lexical-form	женихъ	жени́хъ	bridegroom	general	english-wiktionary-ocs-kaikki-2026-08-07	synodal:candidate:befa9ff16435e1eec79a9439	ponomar-elizabeth-bible-2026-08-09	synodal:candidate:f98caab74077488685646837	I_Macc.9.39	rejected	synodal-russian	Rejected: surface belongs to multiple OCS lexeme paradigms; target identity must be resolved manually
review:v03:bf7332eebde1	synodal:noun:wikt-bf7332eebde1	sense:v03:bf7332eebde1	сваръ	noun	lexical-form	сваръ	сва́ръ	quarrel	general	english-wiktionary-ocs-kaikki-2026-08-07	synodal:candidate:bf7332eebde18d0abc11e846	ponomar-elizabeth-bible-2026-08-09	synodal:candidate:01e759bb1db550dfc27e8888	Prov.26.20	reviewed	synodal-russian	Reviewer confirmed the source-partition Synodal context and conservative OCS sense continuity; exact lexical evidence only, with no productive class inferred.
review:v03:c00fd3a9428d	synodal:verb:wikt-c00fd3a9428d	sense:v03:c00fd3a9428d	проклѧти	verb	lexical-form	проклѧти	про́клѧти	to curse	general	english-wiktionary-ocs-kaikki-2026-08-07	synodal:candidate:c00fd3a9428d139705ec219c	ponomar-elizabeth-bible-2026-08-09	synodal:candidate:b8e7abd2a65ae842154caa5c	Jn.7.49	rejected	synodal-russian	Rejected: surface belongs to multiple OCS lexeme paradigms; target identity must be resolved manually
review:v03:c128aea92a1f	synodal:verb:wikt-c128aea92a1f	sense:v03:c128aea92a1f	избити	verb	lexical-form	избити	и҆зби́ти	to kill	general	english-wiktionary-ocs-kaikki-2026-08-07	synodal:candidate:c128aea92a1f5c0a698dcf1b	ponomar-elizabeth-bible-2026-08-09	synodal:candidate:e1c0c243a0ebd24010e87ef1	I_Macc.5.10	reviewed	synodal-russian	Reviewer confirmed the source-partition Synodal context and conservative OCS sense continuity; exact lexical evidence only, with no productive class inferred.
review:v03:c14b66c13e65	synodal:noun:wikt-c14b66c13e65	sense:v03:c14b66c13e65	лѣпота	noun	lexical-form	лѣпота	лѣ́пота	beauty	general	english-wiktionary-ocs-kaikki-2026-08-07	synodal:candidate:c14b66c13e6513bea5688c65	ponomar-elizabeth-bible-2026-08-09	synodal:candidate:7fa8f42aeb31161178d28f5e	I_Pet.3.3	reviewed	synodal-russian	Reviewer confirmed the source-partition Synodal context and conservative OCS sense continuity; exact lexical evidence only, with no productive class inferred.
review:v03:c20d0b9d2bc9	synodal:noun:wikt-c20d0b9d2bc9	sense:v03:c20d0b9d2bc9	защититель	noun	lexical-form	защититель	защи́титель	defender	general	english-wiktionary-ocs-kaikki-2026-08-07	synodal:candidate:c20d0b9d2bc92e6004bbb3e8	ponomar-elizabeth-bible-2026-08-09	synodal:candidate:8242bc40b68d1c8282e26264	Psalm.17.2	reviewed	synodal-russian	Reviewer confirmed the source-partition Synodal context and conservative OCS sense continuity; exact lexical evidence only, with no productive class inferred.
review:v03:c2cc5dd81830	synodal:noun:wikt-c2cc5dd81830	sense:v03:c2cc5dd81830	рать	noun	lexical-form	рать	ра́ть	enemy, army; war, battle	general	english-wiktionary-ocs-kaikki-2026-08-07	synodal:candidate:c2cc5dd81830eed081c7be13	ponomar-elizabeth-bible-2026-08-09	synodal:candidate:13f13c941eed03c81ee47928	Dan.7.21	reviewed	synodal-russian	Reviewer confirmed the source-partition Synodal context and conservative OCS sense continuity; exact lexical evidence only, with no productive class inferred.
review:v03:c2efc410480b	synodal:verb:wikt-c2efc410480b	sense:v03:c2efc410480b	искати	verb	lexical-form	искати	и҆ска́ти	to seek	general	english-wiktionary-ocs-kaikki-2026-08-07	synodal:candidate:c2efc410480b6ea8fab267af	ponomar-elizabeth-bible-2026-08-09	synodal:candidate:a87e1762994566672f849fdc	Eccles.3.6	reviewed	synodal-russian	Reviewer confirmed the source-partition Synodal context and conservative OCS sense continuity; exact lexical evidence only, with no productive class inferred.
review:v03:c32b2b5de862	synodal:verb:wikt-c32b2b5de862	sense:v03:c32b2b5de862	блюсти	verb	lexical-form	блюсти	блюстѝ	to be careful, beware; to watch, guard	general	english-wiktionary-ocs-kaikki-2026-08-07	synodal:candidate:c32b2b5de862164dd6a4dbed	ponomar-elizabeth-bible-2026-08-09	synodal:candidate:33005d115413f86f7e9f05be	Acts.15.5	reviewed	synodal-russian	Reviewer confirmed the source-partition Synodal context and conservative OCS sense continuity; exact lexical evidence only, with no productive class inferred.
review:v03:c4560f55fd5e	synodal:noun:wikt-c4560f55fd5e	sense:v03:c4560f55fd5e	клевета	noun	lexical-form	клевета	клевета̀	slander, defamation	general	english-wiktionary-ocs-kaikki-2026-08-07	synodal:candidate:c4560f55fd5e908f1264b41f	ponomar-elizabeth-bible-2026-08-09	synodal:candidate:3b17b1fccadf64ab2598d279	Eccles.7.8	rejected	synodal-russian	Rejected: surface belongs to multiple OCS lexeme paradigms; target identity must be resolved manually
review:v03:c4e2f33072ed	synodal:noun:wikt-c4e2f33072ed	sense:v03:c4e2f33072ed	покои	noun	lexical-form	покои	поко́и	peace; rest	general	english-wiktionary-ocs-kaikki-2026-08-07	synodal:candidate:c4e2f33072edb0863c218c8a	ponomar-elizabeth-bible-2026-08-09	synodal:candidate:4091f66ebe779928057f5309	Eccles.9.17	reviewed	synodal-russian	Reviewer confirmed the source-partition Synodal context and conservative OCS sense continuity; exact lexical evidence only, with no productive class inferred.
review:v03:c4f076285d6c	synodal:noun:wikt-c4f076285d6c	sense:v03:c4f076285d6c	ѕвѣзда	noun	lexical-form	ѕвѣзда	ѕвѣзда̀	star	general	english-wiktionary-ocs-kaikki-2026-08-07	synodal:candidate:c4f076285d6cd2659e5b717a	ponomar-elizabeth-bible-2026-08-09	synodal:candidate:0d79f3027d8e505b227a4ff2	Apoc.22.16	reviewed	synodal-russian	Reviewer confirmed the source-partition Synodal context and conservative OCS sense continuity; exact lexical evidence only, with no productive class inferred.
review:v03:c50de9a2243e	synodal:adjective:wikt-c50de9a2243e	sense:v03:c50de9a2243e	малъ	adjective	lexical-form	малъ	ма́лъ	small	general	english-wiktionary-ocs-kaikki-2026-08-07	synodal:candidate:c50de9a2243eab547e7ac0b7	ponomar-elizabeth-bible-2026-08-09	synodal:candidate:d63d1ddc546300e5a80f7891	Amos.7.2	reviewed	synodal-russian	Reviewer confirmed the source-partition Synodal context and conservative OCS sense continuity; exact lexical evidence only, with no productive class inferred.
review:v03:c523c227fc1e	synodal:verb:wikt-c523c227fc1e	sense:v03:c523c227fc1e	пити	verb	lexical-form	пити	пи́ти	drink	general	english-wiktionary-ocs-kaikki-2026-08-07	synodal:candidate:c523c227fc1ec6b57aae783f	ponomar-elizabeth-bible-2026-08-09	synodal:candidate:8d9b9600db53d508ae468315	Acts.23.12	reviewed	synodal-russian	Reviewer confirmed the source-partition Synodal context and conservative OCS sense continuity; exact lexical evidence only, with no productive class inferred.
review:v03:c5953940bb1d	synodal:noun:wikt-c5953940bb1d	sense:v03:c5953940bb1d	нива	noun	lexical-form	нива	ни́ва	field	general	english-wiktionary-ocs-kaikki-2026-08-07	synodal:candidate:c5953940bb1d54d15f80d911	ponomar-elizabeth-bible-2026-08-09	synodal:candidate:be3e837b5216951451fe15a0	III_Esdra.9.17	reviewed	synodal-russian	Reviewer confirmed the source-partition Synodal context and conservative OCS sense continuity; exact lexical evidence only, with no productive class inferred.
review:v03:c631f4dc6a65	synodal:adjective:wikt-c631f4dc6a65	sense:v03:c631f4dc6a65	чистъ	adjective	lexical-form	чистъ	чи́стъ	clean; pure	general	english-wiktionary-ocs-kaikki-2026-08-07	synodal:candidate:c631f4dc6a653d2786e008f7	ponomar-elizabeth-bible-2026-08-09	synodal:candidate:50f5747cad4049b0eb4bf623	Acts.18.6	rejected	synodal-russian	Rejected: surface belongs to multiple OCS lexeme paradigms; target identity must be resolved manually
review:v03:c63ef675e22e	synodal:preposition:wikt-c63ef675e22e	sense:v03:c63ef675e22e	съ	preposition	indeclinable	съ	съ	with	general	english-wiktionary-ocs-kaikki-2026-08-07	synodal:candidate:c63ef675e22eea052ec179c8	ponomar-elizabeth-bible-2026-08-09	synodal:candidate:f1fd5cb7e8bc638b308a2a0d	Acts.1.4	reviewed	synodal-russian	Reviewer confirmed the source-partition Synodal context and conservative OCS sense continuity; exact lexical evidence only, with no productive class inferred.
review:v03:c789afb8ac4f	synodal:noun:wikt-c789afb8ac4f	sense:v03:c789afb8ac4f	плачь	noun	lexical-form	плачь	пла́чь	cry	general	english-wiktionary-ocs-kaikki-2026-08-07	synodal:candidate:c789afb8ac4f6d6c5af4f740	ponomar-elizabeth-bible-2026-08-09	synodal:candidate:416a92442841e4af01a74ba9	Acts.8.2	reviewed	synodal-russian	Reviewer confirmed the source-partition Synodal context and conservative OCS sense continuity; exact lexical evidence only, with no productive class inferred.
review:v03:c8923787d4f4	synodal:noun:wikt-c8923787d4f4	sense:v03:c8923787d4f4	ледъ	noun	lexical-form	ледъ	ле́дъ	ice	general	english-wiktionary-ocs-kaikki-2026-08-07	synodal:candidate:c8923787d4f493b85edd1b75	ponomar-elizabeth-bible-2026-08-09	synodal:candidate:66f46db0226ce1eddaaa2e70	Dan.3.71	reviewed	synodal-russian	Reviewer confirmed the source-partition Synodal context and conservative OCS sense continuity; exact lexical evidence only, with no productive class inferred.
review:v03:c8b75d2f425c	synodal:verb:wikt-c8b75d2f425c	sense:v03:c8b75d2f425c	мощи	verb	lexical-form	мощи	мощѝ	to be able	general	english-wiktionary-ocs-kaikki-2026-08-07	synodal:candidate:c8b75d2f425c16e543060087	ponomar-elizabeth-bible-2026-08-09	synodal:candidate:af941c5aa8e92f27b7629e90	Deut.28.27	rejected	synodal-russian	Rejected: surface belongs to multiple OCS lexeme paradigms; target identity must be resolved manually
review:v03:c96e00520110	synodal:noun:wikt-c96e00520110	sense:v03:c96e00520110	слѣдъ	noun	lexical-form	слѣдъ	слѣ́дъ	trace, track	general	english-wiktionary-ocs-kaikki-2026-08-07	synodal:candidate:c96e00520110988f38dca975	ponomar-elizabeth-bible-2026-08-09	synodal:candidate:9a07f5599ffc6acce703ec14	III_Kings.2.28	reviewed	synodal-russian	Reviewer confirmed the source-partition Synodal context and conservative OCS sense continuity; exact lexical evidence only, with no productive class inferred.
review:v03:c983b0c026d8	synodal:verb:wikt-c983b0c026d8	sense:v03:c983b0c026d8	бѣжати	verb	lexical-form	бѣжати	бѣжа́ти	to run, to escape	general	english-wiktionary-ocs-kaikki-2026-08-07	synodal:candidate:c983b0c026d84390a0debd70	ponomar-elizabeth-bible-2026-08-09	synodal:candidate:9114edd30369b4ad9120efe5	Ex.32.18	reviewed	synodal-russian	Reviewer confirmed the source-partition Synodal context and conservative OCS sense continuity; exact lexical evidence only, with no productive class inferred.
review:v03:c9ef59d94910	synodal:adverb:wikt-c9ef59d94910	sense:v03:c9ef59d94910	дващи	adverb	indeclinable	дващи	два́щи	twice	general	english-wiktionary-ocs-kaikki-2026-08-07	synodal:candidate:c9ef59d9491061bf96768c07	ponomar-elizabeth-bible-2026-08-09	synodal:candidate:204ed44454d13fe157794b6a	Ezek.41.6	reviewed	synodal-russian	Reviewer confirmed the source-partition Synodal context and conservative OCS sense continuity; exact lexical evidence only, with no productive class inferred.
review:v03:cab2350c2b15	synodal:verb:wikt-cab2350c2b15	sense:v03:cab2350c2b15	вѣровати	verb	lexical-form	вѣровати	вѣ́ровати	believe	general	english-wiktionary-ocs-kaikki-2026-08-07	synodal:candidate:cab2350c2b15a8cd70ce9ad1	ponomar-elizabeth-bible-2026-08-09	synodal:candidate:b9093e1b2f4256522a2da183	Acts.13.41	reviewed	synodal-russian	Reviewer confirmed the source-partition Synodal context and conservative OCS sense continuity; exact lexical evidence only, with no productive class inferred.
review:v03:cc294a5ba8a0	synodal:verb:wikt-cc294a5ba8a0	sense:v03:cc294a5ba8a0	ходити	verb	lexical-form	ходити	ходи́ти	to walk, to go (on foot)	general	english-wiktionary-ocs-kaikki-2026-08-07	synodal:candidate:cc294a5ba8a00f65429f1b8a	ponomar-elizabeth-bible-2026-08-09	synodal:candidate:266315fe7d6b5f5ed4eac3f6	Acts.3.12	reviewed	synodal-russian	Reviewer confirmed the source-partition Synodal context and conservative OCS sense continuity; exact lexical evidence only, with no productive class inferred.
review:v03:cce7d30e9b64	synodal:noun:wikt-cce7d30e9b64	sense:v03:cce7d30e9b64	тишина	noun	lexical-form	тишина	тишина̀	silence	general	english-wiktionary-ocs-kaikki-2026-08-07	synodal:candidate:cce7d30e9b64aafd7f93d5ea	ponomar-elizabeth-bible-2026-08-09	synodal:candidate:41056464ddd20372b86c2a42	Lk.8.24	reviewed	synodal-russian	Reviewer confirmed the source-partition Synodal context and conservative OCS sense continuity; exact lexical evidence only, with no productive class inferred.
review:v03:ccef5ed46ad3	synodal:verb:wikt-ccef5ed46ad3	sense:v03:ccef5ed46ad3	пѣти	verb	lexical-form	пѣти	пѣ́ти	to chant; to sing	general	english-wiktionary-ocs-kaikki-2026-08-07	synodal:candidate:ccef5ed46ad3f6be285b4b89	ponomar-elizabeth-bible-2026-08-09	synodal:candidate:3af50cb1159a75588b341673	II_Paral.34.12	reviewed	synodal-russian	Reviewer confirmed the source-partition Synodal context and conservative OCS sense continuity; exact lexical evidence only, with no productive class inferred.
review:v03:ccfc01108eba	synodal:noun:wikt-ccfc01108eba	sense:v03:ccfc01108eba	гробъ	noun	lexical-form	гробъ	гро́бъ	grave	general	english-wiktionary-ocs-kaikki-2026-08-07	synodal:candidate:ccfc01108ebad8500d1b50ae	ponomar-elizabeth-bible-2026-08-09	synodal:candidate:bd3aa98b46636d5006084946	Acts.2.29	reviewed	synodal-russian	Reviewer confirmed the source-partition Synodal context and conservative OCS sense continuity; exact lexical evidence only, with no productive class inferred.
review:v03:cd7335c89cc6	synodal:conjunction:wikt-cd7335c89cc6	sense:v03:cd7335c89cc6	а	conjunction	indeclinable	а	а҆	and; but	general	english-wiktionary-ocs-kaikki-2026-08-07	synodal:candidate:cd7335c89cc619e61ffe1687	ponomar-elizabeth-bible-2026-08-09	synodal:candidate:9285c42afc6fa21679431133	Acts.13.46	reviewed	synodal-russian	Reviewer confirmed the source-partition Synodal context and conservative OCS sense continuity; exact lexical evidence only, with no productive class inferred.
review:v03:cd779af5c1bb	synodal:verb:wikt-cd779af5c1bb	sense:v03:cd779af5c1bb	внести	verb	lexical-form	внести	внестѝ	to bring in; to bring into	general	english-wiktionary-ocs-kaikki-2026-08-07	synodal:candidate:cd779af5c1bb3294f5da01a8	ponomar-elizabeth-bible-2026-08-09	synodal:candidate:caf67808bd2f4f2c962a2f85	IV_Kings.12.4	reviewed	synodal-russian	Reviewer confirmed the source-partition Synodal context and conservative OCS sense continuity; exact lexical evidence only, with no productive class inferred.
review:v03:cd806082bd3e	synodal:noun:wikt-cd806082bd3e	sense:v03:cd806082bd3e	плодъ	noun	lexical-form	плодъ	пло́дъ	fruit	general	english-wiktionary-ocs-kaikki-2026-08-07	synodal:candidate:cd806082bd3ef5d8bea259b3	ponomar-elizabeth-bible-2026-08-09	synodal:candidate:87601eb483f9e7a0ad43f4b0	Amos.6.12	reviewed	synodal-russian	Reviewer confirmed the source-partition Synodal context and conservative OCS sense continuity; exact lexical evidence only, with no productive class inferred.
review:v03:cde2f69600bb	synodal:preposition:wikt-cde2f69600bb	sense:v03:cde2f69600bb	ѿ	preposition	indeclinable	ѿ	ѿ	from; because of	general	english-wiktionary-ocs-kaikki-2026-08-07	synodal:candidate:cde2f69600bb3a08cd89a942	ponomar-elizabeth-bible-2026-08-09	synodal:candidate:f1fd5cb7e8bc638b308a2a0d	Acts.1.4	reviewed	synodal-russian	Reviewer confirmed the target preposition and conservative OCS sense continuity; the fused ot ligature is exact target evidence, not an inferred variant.
review:v03:ce9a074ba1e6	synodal:noun:wikt-ce9a074ba1e6	sense:v03:ce9a074ba1e6	власъ	noun	lexical-form	власъ	вла́съ	hair	general	english-wiktionary-ocs-kaikki-2026-08-07	synodal:candidate:ce9a074ba1e68c927fdb1905	ponomar-elizabeth-bible-2026-08-09	synodal:candidate:5926468984b5310163301347	Acts.27.34	reviewed	synodal-russian	Reviewer confirmed the source-partition Synodal context and conservative OCS sense continuity; exact lexical evidence only, with no productive class inferred.
review:v03:d01902db4fbc	synodal:conjunction:wikt-d01902db4fbc	sense:v03:d01902db4fbc	же	conjunction	indeclinable	же	же	after; and; as; but; however; then	general	english-wiktionary-ocs-kaikki-2026-08-07	synodal:candidate:d01902db4fbc812b47dc193b	ponomar-elizabeth-bible-2026-08-09	synodal:candidate:2ea4e8c66b548f40594ee241	Acts.1.5	reviewed	synodal-russian	Reviewer confirmed the source-partition Synodal context and conservative OCS sense continuity; exact lexical evidence only, with no productive class inferred.
review:v03:d09b075fa7b0	synodal:verb:wikt-d09b075fa7b0	sense:v03:d09b075fa7b0	наслѣдити	verb	lexical-form	наслѣдити	наслѣ́дити	to inherit	general	english-wiktionary-ocs-kaikki-2026-08-07	synodal:candidate:d09b075fa7b033006afa9775	ponomar-elizabeth-bible-2026-08-09	synodal:candidate:2fc097ab6220db997d4d4c68	Deut.2.9	reviewed	synodal-russian	Reviewer confirmed the source-partition Synodal context and conservative OCS sense continuity; exact lexical evidence only, with no productive class inferred.
review:v03:d1fac33ea565	synodal:noun:wikt-d1fac33ea565	sense:v03:d1fac33ea565	лѣто	noun	lexical-form	лѣто	лѣ́то	summer; year	general	english-wiktionary-ocs-kaikki-2026-08-07	synodal:candidate:d1fac33ea5654299e089c653	ponomar-elizabeth-bible-2026-08-09	synodal:candidate:74ed9ea2a22a7faaf945cdf6	Acts.1.6	reviewed	synodal-russian	Reviewer confirmed the source-partition Synodal context and conservative OCS sense continuity; exact lexical evidence only, with no productive class inferred.
review:v03:d22978bd0517	synodal:noun:wikt-d22978bd0517	sense:v03:d22978bd0517	игемѡнъ	noun	lexical-form	игемѡнъ	и҆ге́мѡнъ	ruler	general	english-wiktionary-ocs-kaikki-2026-08-07	synodal:candidate:d22978bd0517e3e687d8c599	ponomar-elizabeth-bible-2026-08-09	synodal:candidate:b8671fb224fdaf4568464b8d	Acts.23.34	reviewed	synodal-russian	Reviewer confirmed the source-partition Synodal context and conservative OCS sense continuity; exact lexical evidence only, with no productive class inferred.
review:v03:d2523a86a783	synodal:noun:wikt-d2523a86a783	sense:v03:d2523a86a783	доброта	noun	lexical-form	доброта	добро́та	goodness	general	english-wiktionary-ocs-kaikki-2026-08-07	synodal:candidate:d2523a86a78364bf81f69e0c	ponomar-elizabeth-bible-2026-08-09	synodal:candidate:302be7a2b88332c365cd9033	Dan.13.56	reviewed	synodal-russian	Reviewer confirmed the source-partition Synodal context and conservative OCS sense continuity; exact lexical evidence only, with no productive class inferred.
review:v03:d27a3f2e1995	synodal:proper-noun:wikt-d27a3f2e1995	sense:v03:d27a3f2e1995	кѵпръ	proper-noun	lexical-form	кѵпръ	кѵ́пръ	Cyprus	general	english-wiktionary-ocs-kaikki-2026-08-07	synodal:candidate:d27a3f2e199585daf82308d2	ponomar-elizabeth-bible-2026-08-09	synodal:candidate:cdc031f64679885e846ab516	Acts.13.4	reviewed	synodal-russian	Reviewer confirmed the source-partition Synodal context and conservative OCS sense continuity; exact lexical evidence only, with no productive class inferred.
review:v03:d2ac10c1ea90	synodal:noun:wikt-d2ac10c1ea90	sense:v03:d2ac10c1ea90	ремень	noun	lexical-form	ремень	реме́нь	belt; strap	general	english-wiktionary-ocs-kaikki-2026-08-07	synodal:candidate:d2ac10c1ea90e68a1c3e3011	ponomar-elizabeth-bible-2026-08-09	synodal:candidate:f8d1245f4ae7c4af920121e4	Acts.13.25	reviewed	synodal-russian	Reviewer confirmed the source-partition Synodal context and conservative OCS sense continuity; exact lexical evidence only, with no productive class inferred.
review:v03:d3a34e383711	synodal:verb:wikt-d3a34e383711	sense:v03:d3a34e383711	цѣлити	verb	lexical-form	цѣлити	цѣли́ти	to cure; to make whole	general	english-wiktionary-ocs-kaikki-2026-08-07	synodal:candidate:d3a34e383711c6ee669e3e22	ponomar-elizabeth-bible-2026-08-09	synodal:candidate:a3c8ccdcc319246121b50fa5	Eccles.3.3	reviewed	synodal-russian	Reviewer confirmed the source-partition Synodal context and conservative OCS sense continuity; exact lexical evidence only, with no productive class inferred.
review:v03:d450d011fe40	synodal:adjective:wikt-d450d011fe40	sense:v03:d450d011fe40	нищь	adjective	lexical-form	нищь	ни́щь	miserable; poor	general	english-wiktionary-ocs-kaikki-2026-08-07	synodal:candidate:d450d011fe40033b3da1343a	ponomar-elizabeth-bible-2026-08-09	synodal:candidate:272c63acbd73bda2cb924859	Acts.4.34	reviewed	synodal-russian	Reviewer confirmed the source-partition Synodal context and conservative OCS sense continuity; exact lexical evidence only, with no productive class inferred.
review:v03:d452428cbc3b	synodal:noun:wikt-d452428cbc3b	sense:v03:d452428cbc3b	ѡброкъ	noun	lexical-form	ѡброкъ	ѡ҆бро́къ	payment	general	english-wiktionary-ocs-kaikki-2026-08-07	synodal:candidate:d452428cbc3ba7df3fcba32d	ponomar-elizabeth-bible-2026-08-09	synodal:candidate:1c2a613384d923a610e68535	II_Cor.11.8	reviewed	synodal-russian	Reviewer confirmed the source-partition Synodal context and conservative OCS sense continuity; exact lexical evidence only, with no productive class inferred.
review:v03:d466404ca999	synodal:noun:wikt-d466404ca999	sense:v03:d466404ca999	брань	noun	lexical-form	брань	бра́нь	battle; dispute	general	english-wiktionary-ocs-kaikki-2026-08-07	synodal:candidate:d466404ca999cd8cc5d5a257	ponomar-elizabeth-bible-2026-08-09	synodal:candidate:4e668de174921128eb675863	Apoc.2.16	reviewed	synodal-russian	Reviewer confirmed the source-partition Synodal context and conservative OCS sense continuity; exact lexical evidence only, with no productive class inferred.
review:v03:d49b358ae9fa	synodal:noun:wikt-d49b358ae9fa	sense:v03:d49b358ae9fa	пещь	noun	lexical-form	пещь	пе́щь	oven, stove	general	english-wiktionary-ocs-kaikki-2026-08-07	synodal:candidate:d49b358ae9fa489f458c51f3	ponomar-elizabeth-bible-2026-08-09	synodal:candidate:4a53d80075184e4f389d7eda	Dan.3.6	reviewed	synodal-russian	Reviewer confirmed the source-partition Synodal context and conservative OCS sense continuity; exact lexical evidence only, with no productive class inferred.
review:v03:d4dfbc42cf96	synodal:noun:wikt-d4dfbc42cf96	sense:v03:d4dfbc42cf96	квасъ	noun	lexical-form	квасъ	ква́съ	fermented beverage; kvass; leaven; yeast	general	english-wiktionary-ocs-kaikki-2026-08-07	synodal:candidate:d4dfbc42cf9648fbc94ecb71	ponomar-elizabeth-bible-2026-08-09	synodal:candidate:c4ad9c55db906afc389025a6	Ex.12.15	reviewed	synodal-russian	Reviewer confirmed the source-partition Synodal context and conservative OCS sense continuity; exact lexical evidence only, with no productive class inferred.
review:v03:d5e8b80c64e6	synodal:verb:wikt-d5e8b80c64e6	sense:v03:d5e8b80c64e6	исцѣлити	verb	lexical-form	исцѣлити	и҆сцѣли́ти	to cure; to make whole	general	english-wiktionary-ocs-kaikki-2026-08-07	synodal:candidate:d5e8b80c64e65cbe8be87255	ponomar-elizabeth-bible-2026-08-09	synodal:candidate:2623235958216e4d5e4fc05c	Hos.5.13	reviewed	synodal-russian	Reviewer confirmed the source-partition Synodal context and conservative OCS sense continuity; exact lexical evidence only, with no productive class inferred.
review:v03:d655bdc91222	synodal:noun:wikt-d655bdc91222	sense:v03:d655bdc91222	мечь	noun	lexical-form	мечь	ме́чь	sword	general	english-wiktionary-ocs-kaikki-2026-08-07	synodal:candidate:d655bdc91222f5db00d34cc1	ponomar-elizabeth-bible-2026-08-09	synodal:candidate:d84fa55943c603f0664ea9c4	Apoc.1.16	reviewed	synodal-russian	Reviewer confirmed the source-partition Synodal context and conservative OCS sense continuity; exact lexical evidence only, with no productive class inferred.
review:v03:d65c6ae81047	synodal:noun:wikt-d65c6ae81047	sense:v03:d65c6ae81047	радость	noun	lexical-form	радость	ра́дость	joy	general	english-wiktionary-ocs-kaikki-2026-08-07	synodal:candidate:d65c6ae81047fb3bff731d25	ponomar-elizabeth-bible-2026-08-09	synodal:candidate:26b39edfb9decff954a499bd	Acts.8.8	reviewed	synodal-russian	Reviewer confirmed the source-partition Synodal context and conservative OCS sense continuity; exact lexical evidence only, with no productive class inferred.
review:v03:d68ba52adfc1	synodal:noun:wikt-d68ba52adfc1	sense:v03:d68ba52adfc1	племѧ	noun	lexical-form	племѧ	пле́мѧ	tribe	general	english-wiktionary-ocs-kaikki-2026-08-07	synodal:candidate:d68ba52adfc187a087d05e61	ponomar-elizabeth-bible-2026-08-09	synodal:candidate:2844e600c556f734d0d8420b	Amos.1.5	reviewed	synodal-russian	Reviewer confirmed the source-partition Synodal context and conservative OCS sense continuity; exact lexical evidence only, with no productive class inferred.
review:v03:d73bf6651f5e	synodal:verb:wikt-d73bf6651f5e	sense:v03:d73bf6651f5e	владѣти	verb	lexical-form	владѣти	владѣ́ти	to rule, reign, govern	general	english-wiktionary-ocs-kaikki-2026-08-07	synodal:candidate:d73bf6651f5ee237f7d65f5e	ponomar-elizabeth-bible-2026-08-09	synodal:candidate:32f7a5c0b28318b4ccd71414	Dan.11.43	reviewed	synodal-russian	Reviewer confirmed the source-partition Synodal context and conservative OCS sense continuity; exact lexical evidence only, with no productive class inferred.
review:v03:d82850b9084c	synodal:adjective:wikt-d82850b9084c	sense:v03:d82850b9084c	новъ	adjective	lexical-form	новъ	но́въ	new	general	english-wiktionary-ocs-kaikki-2026-08-07	synodal:candidate:d82850b9084cc24ac1f41a83	ponomar-elizabeth-bible-2026-08-09	synodal:candidate:e2d29e044dab28e9d332ebf7	Apoc.21.2	reviewed	synodal-russian	Reviewer confirmed the source-partition Synodal context and conservative OCS sense continuity; exact lexical evidence only, with no productive class inferred.
review:v03:d931586058c2	synodal:verb:wikt-d931586058c2	sense:v03:d931586058c2	клеветати	verb	lexical-form	клеветати	клевета́ти	to mock; to slander	general	english-wiktionary-ocs-kaikki-2026-08-07	synodal:candidate:d931586058c2333654d773fa	ponomar-elizabeth-bible-2026-08-09	synodal:candidate:611c8fb08f1e8ac00c88021a	Acts.24.2	reviewed	synodal-russian	Reviewer confirmed the source-partition Synodal context and conservative OCS sense continuity; exact lexical evidence only, with no productive class inferred.
review:v03:d941ad616a6f	synodal:pronoun:wikt-d941ad616a6f	sense:v03:d941ad616a6f	твои	pronoun	lexical-form	твои	твоѝ	your, yours, thy, thine	general	english-wiktionary-ocs-kaikki-2026-08-07	synodal:candidate:d941ad616a6f430e867a1fc3	ponomar-elizabeth-bible-2026-08-09	synodal:candidate:9b18a8c5352d919406790b1b	Amos.7.17	reviewed	synodal-russian	Reviewer confirmed the source-partition Synodal context and conservative OCS sense continuity; exact lexical evidence only, with no productive class inferred.
review:v03:d9b72ee49d72	synodal:noun:wikt-d9b72ee49d72	sense:v03:d9b72ee49d72	миръ	noun	lexical-form	миръ	ми́ръ	peace; world	general	english-wiktionary-ocs-kaikki-2026-08-07	synodal:candidate:d9b72ee49d7253ed8a556f50	ponomar-elizabeth-bible-2026-08-09	synodal:candidate:6766bbacdd63718cc545f50e	Acts.9.31	reviewed	synodal-russian	Reviewer confirmed the source-partition Synodal context and conservative OCS sense continuity; exact lexical evidence only, with no productive class inferred.
review:v03:da4145567bd3	synodal:verb:wikt-da4145567bd3	sense:v03:da4145567bd3	клѧти	verb	lexical-form	клѧти	клѧ́ти	to curse; to swear	general	english-wiktionary-ocs-kaikki-2026-08-07	synodal:candidate:da4145567bd3c9b689d8e807	ponomar-elizabeth-bible-2026-08-09	synodal:candidate:8cb3f6f206f2203032ac35de	III_Kings.8.31	reviewed	synodal-russian	Reviewer confirmed the source-partition Synodal context and conservative OCS sense continuity; exact lexical evidence only, with no productive class inferred.
review:v03:dc4ae86961de	synodal:verb:wikt-dc4ae86961de	sense:v03:dc4ae86961de	преити	verb	lexical-form	преити	преитѝ	to go over; to pass over	general	english-wiktionary-ocs-kaikki-2026-08-07	synodal:candidate:dc4ae86961def3e1654ea3d0	ponomar-elizabeth-bible-2026-08-09	synodal:candidate:9d8ecd23d03d9257ae35b2d9	III_Esdra.4.26	reviewed	synodal-russian	Reviewer confirmed the source-partition Synodal context and conservative OCS sense continuity; exact lexical evidence only, with no productive class inferred.
review:v03:ddc87fde15ca	synodal:noun:wikt-ddc87fde15ca	sense:v03:ddc87fde15ca	ровъ	noun	lexical-form	ровъ	ро́въ	hole, ditch	general	english-wiktionary-ocs-kaikki-2026-08-07	synodal:candidate:ddc87fde15cadc78c741e85d	ponomar-elizabeth-bible-2026-08-09	synodal:candidate:67f7bee5e3a2d020957d1fd8	Dan.6.12	rejected	synodal-russian	Rejected: surface belongs to multiple OCS lexeme paradigms; target identity must be resolved manually
review:v03:ddd4a6d79172	synodal:noun:wikt-ddd4a6d79172	sense:v03:ddd4a6d79172	сирота	noun	lexical-form	сирота	сирота̀	orphan	general	english-wiktionary-ocs-kaikki-2026-08-07	synodal:candidate:ddd4a6d791728bdb64f31d78	ponomar-elizabeth-bible-2026-08-09	synodal:candidate:e6964086afc8d7983a38d80f	Deut.14.29	reviewed	synodal-russian	Reviewer confirmed the source-partition Synodal context and conservative OCS sense continuity; exact lexical evidence only, with no productive class inferred.
review:v03:deef35edb9b4	synodal:noun:wikt-deef35edb9b4	sense:v03:deef35edb9b4	вранъ	noun	lexical-form	вранъ	вра́нъ	raven	general	english-wiktionary-ocs-kaikki-2026-08-07	synodal:candidate:deef35edb9b4f277d53769cb	ponomar-elizabeth-bible-2026-08-09	synodal:candidate:32c72edb44324f12232c782e	I_Kings.26.20	reviewed	synodal-russian	Reviewer confirmed the source-partition Synodal context and conservative OCS sense continuity; exact lexical evidence only, with no productive class inferred.
review:v03:e00c0a63fc09	synodal:verb:wikt-e00c0a63fc09	sense:v03:e00c0a63fc09	нарещи	verb	lexical-form	нарещи	нарещѝ	to appoint, to proclaim; to be called, to name	general	english-wiktionary-ocs-kaikki-2026-08-07	synodal:candidate:e00c0a63fc09073c447202eb	ponomar-elizabeth-bible-2026-08-09	synodal:candidate:ea1ed6493540305eb4a8a39c	Acts.28.19	reviewed	synodal-russian	Reviewer confirmed the source-partition Synodal context and conservative OCS sense continuity; exact lexical evidence only, with no productive class inferred.
review:v03:e0181cf8a673	synodal:noun:wikt-e0181cf8a673	sense:v03:e0181cf8a673	пристанище	noun	lexical-form	пристанище	приста́нище	haven, port	general	english-wiktionary-ocs-kaikki-2026-08-07	synodal:candidate:e0181cf8a67352d0a702f458	ponomar-elizabeth-bible-2026-08-09	synodal:candidate:3c984c4b95ad19bab3286da4	Acts.27.8	reviewed	synodal-russian	Reviewer confirmed the source-partition Synodal context and conservative OCS sense continuity; exact lexical evidence only, with no productive class inferred.
review:v03:e0c589508e7a	synodal:noun:wikt-e0c589508e7a	sense:v03:e0c589508e7a	ѡградъ	noun	lexical-form	ѡградъ	ѡ҆гра́дъ	plot; fence, enclosure	general	english-wiktionary-ocs-kaikki-2026-08-07	synodal:candidate:e0c589508e7a91b8e992a80c	ponomar-elizabeth-bible-2026-08-09	synodal:candidate:34b64859177c5b30e00ea790	Isa.58.12	rejected	synodal-russian	Rejected: surface belongs to multiple OCS lexeme paradigms; target identity must be resolved manually
review:v03:e0c91b5eb837	synodal:verb:wikt-e0c91b5eb837	sense:v03:e0c91b5eb837	ѡставити	verb	lexical-form	ѡставити	ѡ҆ста́вити	to let, to leave; to neglect	general	english-wiktionary-ocs-kaikki-2026-08-07	synodal:candidate:e0c91b5eb8371a411cb28b87	ponomar-elizabeth-bible-2026-08-09	synodal:candidate:660160ea7629f309ed845b1b	Epistle.1.41	reviewed	synodal-russian	Reviewer confirmed the source-partition Synodal context and conservative OCS sense continuity; exact lexical evidence only, with no productive class inferred.
review:v03:e0d6b61a9ce0	synodal:adverb:wikt-e0d6b61a9ce0	sense:v03:e0d6b61a9ce0	тꙋ	adverb	indeclinable	тꙋ	тꙋ̀	here; there, in that place (general)	general	english-wiktionary-ocs-kaikki-2026-08-07	synodal:candidate:e0d6b61a9ce05a60948b39e2	ponomar-elizabeth-bible-2026-08-09	synodal:candidate:9c07b4705bd4b776374a35dc	Acts.16.1	reviewed	synodal-russian	Reviewer confirmed the source-partition Synodal context and conservative OCS sense continuity; exact lexical evidence only, with no productive class inferred.
review:v03:e0f737771f70	synodal:noun:wikt-e0f737771f70	sense:v03:e0f737771f70	калъ	noun	lexical-form	калъ	ка́лъ	dirt, filth	general	english-wiktionary-ocs-kaikki-2026-08-07	synodal:candidate:e0f737771f707004495ef56a	ponomar-elizabeth-bible-2026-08-09	synodal:candidate:2f581f2a9872c854e5a11371	Mica.7.10	rejected	synodal-russian	Rejected: surface belongs to multiple OCS lexeme paradigms; target identity must be resolved manually
review:v03:e11721b94b57	synodal:noun:wikt-e11721b94b57	sense:v03:e11721b94b57	медъ	noun	lexical-form	медъ	ме́дъ	honey	general	english-wiktionary-ocs-kaikki-2026-08-07	synodal:candidate:e11721b94b57c7d4303afaea	ponomar-elizabeth-bible-2026-08-09	synodal:candidate:ba93cf6deec6b8bd9a867a4f	Apoc.10.9	reviewed	synodal-russian	Reviewer confirmed the source-partition Synodal context and conservative OCS sense continuity; exact lexical evidence only, with no productive class inferred.
review:v03:e3292b9bf0b7	synodal:noun:wikt-e3292b9bf0b7	sense:v03:e3292b9bf0b7	стража	noun	lexical-form	стража	стра́жа	guard	general	english-wiktionary-ocs-kaikki-2026-08-07	synodal:candidate:e3292b9bf0b71170b4d9ebd9	ponomar-elizabeth-bible-2026-08-09	synodal:candidate:7a4853eebad43e0924a88df9	Ezek.3.17	rejected	synodal-russian	Rejected: surface belongs to multiple OCS lexeme paradigms; target identity must be resolved manually
review:v03:e35b3112c729	synodal:verb:wikt-e35b3112c729	sense:v03:e35b3112c729	ненавидѣти	verb	lexical-form	ненавидѣти	ненави́дѣти	to hate	general	english-wiktionary-ocs-kaikki-2026-08-07	synodal:candidate:e35b3112c729e636d25f5477	ponomar-elizabeth-bible-2026-08-09	synodal:candidate:b493e02490b2f45024172d36	Eccles.3.8	reviewed	synodal-russian	Reviewer confirmed the source-partition Synodal context and conservative OCS sense continuity; exact lexical evidence only, with no productive class inferred.
review:v03:e3a240ff54e2	synodal:noun:wikt-e3a240ff54e2	sense:v03:e3a240ff54e2	ѡбразъ	noun	lexical-form	ѡбразъ	ѡ҆́бразъ	form; image; look; sight	general	english-wiktionary-ocs-kaikki-2026-08-07	synodal:candidate:e3a240ff54e2021e40f71e12	ponomar-elizabeth-bible-2026-08-09	synodal:candidate:bdccb159da40dcf026c35c79	Acts.23.25	reviewed	synodal-russian	Reviewer confirmed the source-partition Synodal context and conservative OCS sense continuity; exact lexical evidence only, with no productive class inferred.
review:v03:e406458f5df6	synodal:adjective:wikt-e406458f5df6	sense:v03:e406458f5df6	великъ	adjective	lexical-form	великъ	вели́къ	great, big	general	english-wiktionary-ocs-kaikki-2026-08-07	synodal:candidate:e406458f5df69c1b2515aadd	ponomar-elizabeth-bible-2026-08-09	synodal:candidate:30c743b74ee49070411acf23	Acts.5.5	reviewed	synodal-russian	Reviewer confirmed the source-partition Synodal context and conservative OCS sense continuity; exact lexical evidence only, with no productive class inferred.
review:v03:e457702a921e	synodal:noun:wikt-e457702a921e	sense:v03:e457702a921e	врачь	noun	lexical-form	врачь	вра́чь	physician	general	english-wiktionary-ocs-kaikki-2026-08-07	synodal:candidate:e457702a921ea4ad6435c6df	ponomar-elizabeth-bible-2026-08-09	synodal:candidate:a2eaa1f8f615621b7adf8834	Col.4.14	reviewed	synodal-russian	Reviewer confirmed the source-partition Synodal context and conservative OCS sense continuity; exact lexical evidence only, with no productive class inferred.
review:v03:e4c055ada604	synodal:noun:wikt-e4c055ada604	sense:v03:e4c055ada604	лѣторасль	noun	lexical-form	лѣторасль	лѣ́торасль	offspring	general	english-wiktionary-ocs-kaikki-2026-08-07	synodal:candidate:e4c055ada604de02a55d99e3	ponomar-elizabeth-bible-2026-08-09	synodal:candidate:bea99f26cf2e9f58775d5109	Job.14.7	reviewed	synodal-russian	Reviewer confirmed the source-partition Synodal context and conservative OCS sense continuity; exact lexical evidence only, with no productive class inferred.
review:v03:e4d34a35620b	synodal:adjective:wikt-e4d34a35620b	sense:v03:e4d34a35620b	нѣмъ	adjective	lexical-form	нѣмъ	нѣ́мъ	mute	general	english-wiktionary-ocs-kaikki-2026-08-07	synodal:candidate:e4d34a35620b8fa2aeed3a53	ponomar-elizabeth-bible-2026-08-09	synodal:candidate:fd3d9f6d8cb5bea34c85e413	Lk.1.22	reviewed	synodal-russian	Reviewer confirmed the source-partition Synodal context and conservative OCS sense continuity; exact lexical evidence only, with no productive class inferred.
review:v03:e55002e5bf25	synodal:proper-noun:wikt-e55002e5bf25	sense:v03:e55002e5bf25	маріа	proper-noun	lexical-form	маріа	марі́а	a female given name, equivalent to English Maria or Mary	general	english-wiktionary-ocs-kaikki-2026-08-07	synodal:candidate:e55002e5bf25737811c67cef	ponomar-elizabeth-bible-2026-08-09	synodal:candidate:82637fe8f0e36241bd4150a6	Composite.8.73	reviewed	synodal-russian	Reviewer confirmed the source-partition Synodal context and conservative OCS sense continuity; exact lexical evidence only, with no productive class inferred.
review:v03:e582b56810b4	synodal:noun:wikt-e582b56810b4	sense:v03:e582b56810b4	прахъ	noun	lexical-form	прахъ	пра́хъ	dust	general	english-wiktionary-ocs-kaikki-2026-08-07	synodal:candidate:e582b56810b406c628ae090d	ponomar-elizabeth-bible-2026-08-09	synodal:candidate:e52460b08a9e81041d59bacc	Acts.22.23	reviewed	synodal-russian	Reviewer confirmed the source-partition Synodal context and conservative OCS sense continuity; exact lexical evidence only, with no productive class inferred.
review:v03:e5c9cda55930	synodal:conjunction:wikt-e5c9cda55930	sense:v03:e5c9cda55930	нежели	conjunction	indeclinable	нежели	не́жели	than	general	english-wiktionary-ocs-kaikki-2026-08-07	synodal:candidate:e5c9cda5593089bfecd43afb	ponomar-elizabeth-bible-2026-08-09	synodal:candidate:9d1cb1fad7b328106d98a3d8	Acts.4.19	reviewed	synodal-russian	Reviewer confirmed the source-partition Synodal context and conservative OCS sense continuity; exact lexical evidence only, with no productive class inferred.
review:v03:e64cdf1e2e56	synodal:verb:wikt-e64cdf1e2e56	sense:v03:e64cdf1e2e56	алкати	verb	lexical-form	алкати	а҆лка́ти	to starve	general	english-wiktionary-ocs-kaikki-2026-08-07	synodal:candidate:e64cdf1e2e56df74dc2f559d	ponomar-elizabeth-bible-2026-08-09	synodal:candidate:75430e0d024975b707cabfa2	Philip.4.12	rejected	synodal-russian	Rejected: surface belongs to multiple OCS lexeme paradigms; target identity must be resolved manually
review:v03:e6a152932fce	synodal:noun:wikt-e6a152932fce	sense:v03:e6a152932fce	сѣчиво	noun	lexical-form	сѣчиво	сѣ́чиво	axe	general	english-wiktionary-ocs-kaikki-2026-08-07	synodal:candidate:e6a152932fce09aaa58f616e	ponomar-elizabeth-bible-2026-08-09	synodal:candidate:05beb92f24d4953737265582	Eccles.10.10	reviewed	synodal-russian	Reviewer confirmed the source-partition Synodal context and conservative OCS sense continuity; exact lexical evidence only, with no productive class inferred.
review:v03:e702ff2a7886	synodal:noun:wikt-e702ff2a7886	sense:v03:e702ff2a7886	пиръ	noun	lexical-form	пиръ	пи́ръ	party	general	english-wiktionary-ocs-kaikki-2026-08-07	synodal:candidate:e702ff2a7886cfb2e5fc82b5	ponomar-elizabeth-bible-2026-08-09	synodal:candidate:b137aabfe275c60435b8067c	Esther.1.9	rejected	synodal-russian	Rejected: surface belongs to multiple OCS lexeme paradigms; target identity must be resolved manually
review:v03:e9c47229a5f2	synodal:noun:wikt-e9c47229a5f2	sense:v03:e9c47229a5f2	сладость	noun	lexical-form	сладость	сла́дость	sweetness	general	english-wiktionary-ocs-kaikki-2026-08-07	synodal:candidate:e9c47229a5f21c6740606a65	ponomar-elizabeth-bible-2026-08-09	synodal:candidate:1a79835a2f90bcd5efa6881e	Eccles.10.1	reviewed	synodal-russian	Reviewer confirmed the source-partition Synodal context and conservative OCS sense continuity; exact lexical evidence only, with no productive class inferred.
review:v03:ea34e8ebdfdf	synodal:noun:wikt-ea34e8ebdfdf	sense:v03:ea34e8ebdfdf	вѣкъ	noun	lexical-form	вѣкъ	вѣ́къ	age	general	english-wiktionary-ocs-kaikki-2026-08-07	synodal:candidate:ea34e8ebdfdfe6f948b9c613	ponomar-elizabeth-bible-2026-08-09	synodal:candidate:796715c99842847274eee104	Baruch.3.3	rejected	synodal-russian	Rejected: surface belongs to multiple OCS lexeme paradigms; target identity must be resolved manually
review:v03:ea57f4139813	synodal:noun:wikt-ea57f4139813	sense:v03:ea57f4139813	дѣва	noun	lexical-form	дѣва	дѣ́ва	maiden; virgin	general	english-wiktionary-ocs-kaikki-2026-08-07	synodal:candidate:ea57f4139813df5a7caa83f6	ponomar-elizabeth-bible-2026-08-09	synodal:candidate:1360ee61dab7cc1964bbf111	Dan.11.6	reviewed	synodal-russian	Reviewer confirmed the source-partition Synodal context and conservative OCS sense continuity; exact lexical evidence only, with no productive class inferred.
review:v03:eb542a45226b	synodal:verb:wikt-eb542a45226b	sense:v03:eb542a45226b	ѡбрѣсти	verb	lexical-form	ѡбрѣсти	ѡ҆брѣстѝ	find, discover; turn out	general	english-wiktionary-ocs-kaikki-2026-08-07	synodal:candidate:eb542a45226b9da8c4c85879	ponomar-elizabeth-bible-2026-08-09	synodal:candidate:f66045ea259cb6faeb246a4d	Acts.7.46	reviewed	synodal-russian	Reviewer confirmed the source-partition Synodal context and conservative OCS sense continuity; exact lexical evidence only, with no productive class inferred.
review:v03:ebb84a9b0fb1	synodal:conjunction:wikt-ebb84a9b0fb1	sense:v03:ebb84a9b0fb1	но	conjunction	indeclinable	но	но	but	general	english-wiktionary-ocs-kaikki-2026-08-07	synodal:candidate:ebb84a9b0fb1c161dd6cc26f	ponomar-elizabeth-bible-2026-08-09	synodal:candidate:f1fd5cb7e8bc638b308a2a0d	Acts.1.4	reviewed	synodal-russian	Reviewer confirmed the source-partition Synodal context and the transparent OCS conjunction sense mapping.
review:v03:ebf824b37802	synodal:noun:wikt-ebf824b37802	sense:v03:ebf824b37802	рѧдъ	noun	lexical-form	рѧдъ	рѧ́дъ	line; order; row	general	english-wiktionary-ocs-kaikki-2026-08-07	synodal:candidate:ebf824b37802f32f048d53f1	ponomar-elizabeth-bible-2026-08-09	synodal:candidate:f5f76c90117a94125679057d	Ex.28.18	reviewed	synodal-russian	Reviewer confirmed the source-partition Synodal context and conservative OCS sense continuity; exact lexical evidence only, with no productive class inferred.
review:v03:ec5aa7663727	synodal:verb:wikt-ec5aa7663727	sense:v03:ec5aa7663727	ѡбладати	verb	lexical-form	ѡбладати	ѡ҆блада́ти	to rule, lead, reign	general	english-wiktionary-ocs-kaikki-2026-08-07	synodal:candidate:ec5aa76637271c6b6f2685d9	ponomar-elizabeth-bible-2026-08-09	synodal:candidate:20da5dd07d943747375cc251	Dan.5.7	reviewed	synodal-russian	Reviewer confirmed the source-partition Synodal context and conservative OCS sense continuity; exact lexical evidence only, with no productive class inferred.
review:v03:ed67a3345df1	synodal:noun:wikt-ed67a3345df1	sense:v03:ed67a3345df1	господь	noun	lexical-form	господь	госпо́дь	lord; master	general	english-wiktionary-ocs-kaikki-2026-08-07	synodal:candidate:ed67a3345df17a6e1742158c	ponomar-elizabeth-bible-2026-08-09	synodal:candidate:9cb69216b196dc1cb3ab4950	Dan.10.19	reviewed	synodal-russian	Reviewer confirmed the source-partition Synodal context and conservative OCS sense continuity; exact lexical evidence only, with no productive class inferred.
review:v03:ee77eedb1a1a	synodal:adjective:wikt-ee77eedb1a1a	sense:v03:ee77eedb1a1a	бѣлъ	adjective	lexical-form	бѣлъ	бѣ́лъ	white	general	english-wiktionary-ocs-kaikki-2026-08-07	synodal:candidate:ee77eedb1a1a8543424e93d3	ponomar-elizabeth-bible-2026-08-09	synodal:candidate:6ddaccf5c467f12f94f4bc1f	Apoc.2.17	reviewed	synodal-russian	Reviewer confirmed the source-partition Synodal context and conservative OCS sense continuity; exact lexical evidence only, with no productive class inferred.
review:v03:eeb6e1a8c744	synodal:pronoun:wikt-eeb6e1a8c744	sense:v03:eeb6e1a8c744	кіи	pronoun	lexical-form	кіи	кі́и	what	general	english-wiktionary-ocs-kaikki-2026-08-07	synodal:candidate:eeb6e1a8c744c23e0750b272	ponomar-elizabeth-bible-2026-08-09	synodal:candidate:7d95b13b98aeb01171a0a3b0	III_Esdra.4.7	reviewed	synodal-russian	Reviewer confirmed the source-partition Synodal context and conservative OCS sense continuity; exact lexical evidence only, with no productive class inferred.
review:v03:ef7c614e84d4	synodal:verb:wikt-ef7c614e84d4	sense:v03:ef7c614e84d4	свѣтити	verb	lexical-form	свѣтити	свѣти́ти	to lighten	general	english-wiktionary-ocs-kaikki-2026-08-07	synodal:candidate:ef7c614e84d41928fadbeb88	ponomar-elizabeth-bible-2026-08-09	synodal:candidate:5253a6b61930b18fab63dc94	Apoc.18.23	reviewed	synodal-russian	Reviewer confirmed the source-partition Synodal context and conservative OCS sense continuity; exact lexical evidence only, with no productive class inferred.
review:v03:f026188d8dc1	synodal:verb:wikt-f026188d8dc1	sense:v03:f026188d8dc1	носити	verb	lexical-form	носити	носи́ти	to carry	general	english-wiktionary-ocs-kaikki-2026-08-07	synodal:candidate:f026188d8dc1b1189b1466cf	ponomar-elizabeth-bible-2026-08-09	synodal:candidate:6224cbb6575d20d549a3c5a6	Apoc.2.2	reviewed	synodal-russian	Reviewer confirmed the source-partition Synodal context and conservative OCS sense continuity; exact lexical evidence only, with no productive class inferred.
review:v03:f0839864e6c2	synodal:noun:wikt-f0839864e6c2	sense:v03:f0839864e6c2	рана	noun	lexical-form	рана	ра́на	wound	general	english-wiktionary-ocs-kaikki-2026-08-07	synodal:candidate:f0839864e6c27b9810b00e77	ponomar-elizabeth-bible-2026-08-09	synodal:candidate:f53d3cd31dc7134b853f9924	Isa.1.6	reviewed	synodal-russian	Reviewer confirmed the source-partition Synodal context and conservative OCS sense continuity; exact lexical evidence only, with no productive class inferred.
review:v03:f09eee315b3f	synodal:noun:wikt-f09eee315b3f	sense:v03:f09eee315b3f	станъ	noun	lexical-form	станъ	ста́нъ	camp	general	english-wiktionary-ocs-kaikki-2026-08-07	synodal:candidate:f09eee315b3fc5de65e30d1f	ponomar-elizabeth-bible-2026-08-09	synodal:candidate:7504072688861eccb1cdf6a2	Apoc.20.8	reviewed	synodal-russian	Reviewer confirmed the source-partition Synodal context and conservative OCS sense continuity; exact lexical evidence only, with no productive class inferred.
review:v03:f18d6b1624bc	synodal:adjective:wikt-f18d6b1624bc	sense:v03:f18d6b1624bc	милостивъ	adjective	lexical-form	милостивъ	ми́лостивъ	merciful	general	english-wiktionary-ocs-kaikki-2026-08-07	synodal:candidate:f18d6b1624bcecb07d7ee52a	ponomar-elizabeth-bible-2026-08-09	synodal:candidate:e047daa979d55f9bebb9fa71	II_Kings.20.20	reviewed	synodal-russian	Reviewer confirmed the source-partition Synodal context and conservative OCS sense continuity; exact lexical evidence only, with no productive class inferred.
review:v03:f1f996ebadaa	synodal:verb:wikt-f1f996ebadaa	sense:v03:f1f996ebadaa	пасти	verb	lexical-form	пасти	па́сти	to feed; to herd; to pasture	general	english-wiktionary-ocs-kaikki-2026-08-07	synodal:candidate:f1f996ebadaa0a76331c82ac	ponomar-elizabeth-bible-2026-08-09	synodal:candidate:2054ca2b15266e16525ba6bd	Acts.28.6	rejected	synodal-russian	Corrective contextual review found Acts.28.6 uses пасти in the fall or perish identity, so the same token cannot attest the feed or pasture identity.
review:v03:f2987addf34f	synodal:noun:wikt-f2987addf34f	sense:v03:f2987addf34f	ѡрало	noun	lexical-form	ѡрало	ѡ҆ра́ло	plow	general	english-wiktionary-ocs-kaikki-2026-08-07	synodal:candidate:f2987addf34f45e497834791	ponomar-elizabeth-bible-2026-08-09	synodal:candidate:3010ebddc27c7ee521faa789	Sirach.38.25	rejected	synodal-russian	Rejected: surface belongs to multiple OCS lexeme paradigms; target identity must be resolved manually
review:v03:f2a9817d8801	synodal:adjective:wikt-f2a9817d8801	sense:v03:f2a9817d8801	добръ	adjective	lexical-form	добръ	до́бръ	beautiful; good	general	english-wiktionary-ocs-kaikki-2026-08-07	synodal:candidate:f2a9817d8801659ce874dd23	ponomar-elizabeth-bible-2026-08-09	synodal:candidate:21b0fac81c42e3fa4b7d9e28	Ezek.31.7	reviewed	synodal-russian	Reviewer confirmed the source-partition Synodal context and conservative OCS sense continuity; exact lexical evidence only, with no productive class inferred.
review:v03:f2f8b6208bb1	synodal:noun:wikt-f2f8b6208bb1	sense:v03:f2f8b6208bb1	кротость	noun	lexical-form	кротость	кро́тость	meekness	general	english-wiktionary-ocs-kaikki-2026-08-07	synodal:candidate:f2f8b6208bb1ac4f3c9aa324	ponomar-elizabeth-bible-2026-08-09	synodal:candidate:529420743aef320c8cd6136c	Esther.5.1	reviewed	synodal-russian	Reviewer confirmed the source-partition Synodal context and conservative OCS sense continuity; exact lexical evidence only, with no productive class inferred.
review:v03:f3161825d638	synodal:adjective:wikt-f3161825d638	sense:v03:f3161825d638	таинъ	adjective	lexical-form	таинъ	та̑инъ	secret	general	english-wiktionary-ocs-kaikki-2026-08-07	synodal:candidate:f3161825d638a10378a2d4ea	ponomar-elizabeth-bible-2026-08-09	synodal:candidate:d14f97bf84e121c7d9f82b40	I_Cor.4.1	reviewed	synodal-russian	Reviewer confirmed the source-partition Synodal context and conservative OCS sense continuity; exact lexical evidence only, with no productive class inferred.
review:v03:f330683bc04d	synodal:noun:wikt-f330683bc04d	sense:v03:f330683bc04d	югъ	noun	lexical-form	югъ	ю҆́гъ	south; south wind	general	english-wiktionary-ocs-kaikki-2026-08-07	synodal:candidate:f330683bc04d634a59831c19	ponomar-elizabeth-bible-2026-08-09	synodal:candidate:c49e44cb6ed65740238875fb	Dan.8.4	reviewed	synodal-russian	Reviewer confirmed the source-partition Synodal context and conservative OCS sense continuity; exact lexical evidence only, with no productive class inferred.
review:v03:f3678fc94b53	synodal:noun:wikt-f3678fc94b53	sense:v03:f3678fc94b53	срамъ	noun	lexical-form	срамъ	сра́мъ	shame	general	english-wiktionary-ocs-kaikki-2026-08-07	synodal:candidate:f3678fc94b5348084b9c7f6b	ponomar-elizabeth-bible-2026-08-09	synodal:candidate:323c88ce381d05a694aaf476	Deut.25.3	reviewed	synodal-russian	Reviewer confirmed the source-partition Synodal context and conservative OCS sense continuity; exact lexical evidence only, with no productive class inferred.
review:v03:f3833c75403b	synodal:noun:wikt-f3833c75403b	sense:v03:f3833c75403b	риза	noun	lexical-form	риза	ри́за	clothe; habit	general	english-wiktionary-ocs-kaikki-2026-08-07	synodal:candidate:f3833c75403b6fd261c7e4ca	ponomar-elizabeth-bible-2026-08-09	synodal:candidate:0bc470fe6585416d86b92506	Ex.22.27	reviewed	synodal-russian	Reviewer confirmed the source-partition Synodal context and conservative OCS sense continuity; exact lexical evidence only, with no productive class inferred.
review:v03:f442c728d9d0	synodal:verb:wikt-f442c728d9d0	sense:v03:f442c728d9d0	сѣдѣти	verb	lexical-form	сѣдѣти	сѣдѣ́ти	reside, live; to sit, be sitting	general	english-wiktionary-ocs-kaikki-2026-08-07	synodal:candidate:f442c728d9d08de41acc3077	ponomar-elizabeth-bible-2026-08-09	synodal:candidate:fc2bb252a5825eb98c3e2260	III_Kings.3.6	reviewed	synodal-russian	Reviewer confirmed the source-partition Synodal context and conservative OCS sense continuity; exact lexical evidence only, with no productive class inferred.
review:v03:f5010315b352	synodal:noun:wikt-f5010315b352	sense:v03:f5010315b352	пѣснь	noun	lexical-form	пѣснь	пѣ́снь	canticle; song	general	english-wiktionary-ocs-kaikki-2026-08-07	synodal:candidate:f5010315b3528f3b945a58c1	ponomar-elizabeth-bible-2026-08-09	synodal:candidate:2c71dc907f8f9f5e64cb3dd5	Apoc.5.9	reviewed	synodal-russian	Reviewer confirmed the source-partition Synodal context and conservative OCS sense continuity; exact lexical evidence only, with no productive class inferred.
review:v03:f641099e2194	synodal:verb:wikt-f641099e2194	sense:v03:f641099e2194	познати	verb	lexical-form	познати	позна́ти	to know; to recognize	general	english-wiktionary-ocs-kaikki-2026-08-07	synodal:candidate:f641099e2194d7c96a2f5ed4	ponomar-elizabeth-bible-2026-08-09	synodal:candidate:8822573a8ee8c558d4f55a7c	Acts.24.8	reviewed	synodal-russian	Reviewer confirmed the source-partition Synodal context and conservative OCS sense continuity; exact lexical evidence only, with no productive class inferred.
review:v03:f6598ce25bf6	synodal:adjective:wikt-f6598ce25bf6	sense:v03:f6598ce25bf6	львѡвъ	adjective	lexical-form	львѡвъ	львѡ́въ	lion's	general	english-wiktionary-ocs-kaikki-2026-08-07	synodal:candidate:f6598ce25bf6e61f4c6f6fb0	ponomar-elizabeth-bible-2026-08-09	synodal:candidate:abb0c7dc2cb75d42aa1c0725	Dan.14.32	rejected	synodal-russian	Rejected: surface belongs to multiple OCS lexeme paradigms; target identity must be resolved manually
review:v03:f73fbd627926	synodal:noun:wikt-f73fbd627926	sense:v03:f73fbd627926	снѣгъ	noun	lexical-form	снѣгъ	снѣ́гъ	snow	general	english-wiktionary-ocs-kaikki-2026-08-07	synodal:candidate:f73fbd6279268f689536465d	ponomar-elizabeth-bible-2026-08-09	synodal:candidate:3b8a5c313091241fafdd47e8	Apoc.1.14	reviewed	synodal-russian	Reviewer confirmed the source-partition Synodal context and conservative OCS sense continuity; exact lexical evidence only, with no productive class inferred.
review:v03:f7edd7b689ae	synodal:noun:wikt-f7edd7b689ae	sense:v03:f7edd7b689ae	грѣхъ	noun	lexical-form	грѣхъ	грѣ́хъ	sin	general	english-wiktionary-ocs-kaikki-2026-08-07	synodal:candidate:f7edd7b689ae7347980af3cf	ponomar-elizabeth-bible-2026-08-09	synodal:candidate:b57bfa7fbd8ce2808e6e0010	Dan.8.12	reviewed	synodal-russian	Reviewer confirmed the source-partition Synodal context and conservative OCS sense continuity; exact lexical evidence only, with no productive class inferred.
review:v03:f7f46531d6bf	synodal:adjective:wikt-f7f46531d6bf	sense:v03:f7f46531d6bf	щедръ	adjective	lexical-form	щедръ	ще́дръ	gentle, compassionate	general	english-wiktionary-ocs-kaikki-2026-08-07	synodal:candidate:f7f46531d6bf1e6f21172ecb	ponomar-elizabeth-bible-2026-08-09	synodal:candidate:6682565f509e1e5f12bd9b98	Deut.4.31	reviewed	synodal-russian	Reviewer confirmed the source-partition Synodal context and conservative OCS sense continuity; exact lexical evidence only, with no productive class inferred.
review:v03:f87119aa55fa	synodal:noun:wikt-f87119aa55fa	sense:v03:f87119aa55fa	зазоръ	noun	lexical-form	зазоръ	зазо́ръ	suspicion	general	english-wiktionary-ocs-kaikki-2026-08-07	synodal:candidate:f87119aa55fa10a717cd2a91	ponomar-elizabeth-bible-2026-08-09	synodal:candidate:c238d50ca10c9a553ff43e41	Job.33.10	reviewed	synodal-russian	Reviewer confirmed the source-partition Synodal context and conservative OCS sense continuity; exact lexical evidence only, with no productive class inferred.
review:v03:fa022cf4980b	synodal:adjective:wikt-fa022cf4980b	sense:v03:fa022cf4980b	видомъ	adjective	lexical-form	видомъ	ви́домъ	visible	general	english-wiktionary-ocs-kaikki-2026-08-07	synodal:candidate:fa022cf4980bfe92490635bd	ponomar-elizabeth-bible-2026-08-09	synodal:candidate:6f0324579d33a6e2dab5b5a7	Gen.29.17	rejected	synodal-russian	Rejected: surface belongs to multiple OCS lexeme paradigms; target identity must be resolved manually
review:v03:fa71939e0b9c	synodal:noun:wikt-fa71939e0b9c	sense:v03:fa71939e0b9c	рѣчь	noun	lexical-form	рѣчь	рѣ́чь	request; speech	general	english-wiktionary-ocs-kaikki-2026-08-07	synodal:candidate:fa71939e0b9c0a003773362c	ponomar-elizabeth-bible-2026-08-09	synodal:candidate:7cf4cfc058b778bd71589ce9	I_Kings.17.29	reviewed	synodal-russian	Reviewer confirmed the source-partition Synodal context and conservative OCS sense continuity; exact lexical evidence only, with no productive class inferred.
review:v03:fa8d4b47acd3	synodal:noun:wikt-fa8d4b47acd3	sense:v03:fa8d4b47acd3	мѣра	noun	lexical-form	мѣра	мѣ́ра	measure	general	english-wiktionary-ocs-kaikki-2026-08-07	synodal:candidate:fa8d4b47acd3a0aba2bd2f35	ponomar-elizabeth-bible-2026-08-09	synodal:candidate:c003be844e4398b5be0a64e9	Apoc.6.6	reviewed	synodal-russian	Reviewer confirmed the source-partition Synodal context and conservative OCS sense continuity; exact lexical evidence only, with no productive class inferred.
review:v03:faa8f7095833	synodal:noun:wikt-faa8f7095833	sense:v03:faa8f7095833	чинъ	noun	lexical-form	чинъ	чи́нъ	order; rank; rule	general	english-wiktionary-ocs-kaikki-2026-08-07	synodal:candidate:faa8f70958333894522004da	ponomar-elizabeth-bible-2026-08-09	synodal:candidate:8246cbd8538639b9afd24a93	Col.2.5	reviewed	synodal-russian	Reviewer confirmed the source-partition Synodal context and conservative OCS sense continuity; exact lexical evidence only, with no productive class inferred.
review:v03:fb14e06aa83a	synodal:adjective:wikt-fb14e06aa83a	sense:v03:fb14e06aa83a	лютъ	adjective	lexical-form	лютъ	лю́тъ	angry; fierce, severe; terrible, wild; wicked	general	english-wiktionary-ocs-kaikki-2026-08-07	synodal:candidate:fb14e06aa83adcbc39850b8b	ponomar-elizabeth-bible-2026-08-09	synodal:candidate:dbeb01a091248dd3e0274472	Apoc.16.2	reviewed	synodal-russian	Reviewer confirmed the source-partition Synodal context and conservative OCS sense continuity; exact lexical evidence only, with no productive class inferred.
review:v03:fb574d200bb8	synodal:noun:wikt-fb574d200bb8	sense:v03:fb574d200bb8	ѡбѣдъ	noun	lexical-form	ѡбѣдъ	ѡ҆бѣ́дъ	dinner (referring to the main meal of the day, usually eaten in the early afternoon)	general	english-wiktionary-ocs-kaikki-2026-08-07	synodal:candidate:fb574d200bb8fea0feaf6130	ponomar-elizabeth-bible-2026-08-09	synodal:candidate:dd223149dc6fef606b716bae	Dan.14.34	reviewed	synodal-russian	Reviewer confirmed the source-partition Synodal context and conservative OCS sense continuity; exact lexical evidence only, with no productive class inferred.
review:v03:fca54147b786	synodal:verb:wikt-fca54147b786	sense:v03:fca54147b786	раздѣлити	verb	lexical-form	раздѣлити	раздѣли́ти	to confront somebody; to divide; to stretch out, to open	general	english-wiktionary-ocs-kaikki-2026-08-07	synodal:candidate:fca54147b78646de8ef9738e	ponomar-elizabeth-bible-2026-08-09	synodal:candidate:96b1a4a5ab2b920f9ab6ce5f	I_Macc.3.36	reviewed	synodal-russian	Reviewer confirmed the source-partition Synodal context and conservative OCS sense continuity; exact lexical evidence only, with no productive class inferred.
review:v03:fd21ffa8fd91	synodal:noun:wikt-fd21ffa8fd91	sense:v03:fd21ffa8fd91	корень	noun	lexical-form	корень	ко́рень	root	general	english-wiktionary-ocs-kaikki-2026-08-07	synodal:candidate:fd21ffa8fd916843666540da	ponomar-elizabeth-bible-2026-08-09	synodal:candidate:0d79f3027d8e505b227a4ff2	Apoc.22.16	reviewed	synodal-russian	Reviewer confirmed the source-partition Synodal context and conservative OCS sense continuity; exact lexical evidence only, with no productive class inferred.
review:v03:fd691ce3ca48	synodal:noun:wikt-fd691ce3ca48	sense:v03:fd691ce3ca48	гора	noun	lexical-form	гора	гора̀	mountain	general	english-wiktionary-ocs-kaikki-2026-08-07	synodal:candidate:fd691ce3ca488799da69a1df	ponomar-elizabeth-bible-2026-08-09	synodal:candidate:7dfe805cf0c7c897696036c4	Deut.4.11	reviewed	synodal-russian	Reviewer confirmed the source-partition Synodal context and conservative OCS sense continuity; exact lexical evidence only, with no productive class inferred.
review:v03:fdf95335239b	synodal:noun:wikt-fdf95335239b	sense:v03:fdf95335239b	стегно	noun	lexical-form	стегно	стегно̀	thigh	general	english-wiktionary-ocs-kaikki-2026-08-07	synodal:candidate:fdf95335239b5b6c36446995	ponomar-elizabeth-bible-2026-08-09	synodal:candidate:bc0addd798d44a4d539aa131	Gen.24.9	reviewed	synodal-russian	Reviewer confirmed the source-partition Synodal context and conservative OCS sense continuity; exact lexical evidence only, with no productive class inferred.
review:v03:ff0e77e28364	synodal:noun:wikt-ff0e77e28364	sense:v03:ff0e77e28364	печаль	noun	lexical-form	печаль	печа́ль	suffering, grief	general	english-wiktionary-ocs-kaikki-2026-08-07	synodal:candidate:ff0e77e2836461f08c4d98ca	ponomar-elizabeth-bible-2026-08-09	synodal:candidate:964bb76e59ef955aa02b4de9	Heb.12.11	reviewed	synodal-russian	Reviewer confirmed the source-partition Synodal context and conservative OCS sense continuity; exact lexical evidence only, with no productive class inferred.
review:v03:ff14201e08b1	synodal:noun:wikt-ff14201e08b1	sense:v03:ff14201e08b1	сапогъ	noun	lexical-form	сапогъ	сапо́гъ	shoe, sandal	general	english-wiktionary-ocs-kaikki-2026-08-07	synodal:candidate:ff14201e08b1d5c07f9fc939	ponomar-elizabeth-bible-2026-08-09	synodal:candidate:7b17e4c409f654f4fe228bfe	Deut.33.25	reviewed	synodal-russian	Reviewer confirmed the source-partition Synodal context and conservative OCS sense continuity; exact lexical evidence only, with no productive class inferred.
review:v03:ff9d5d56a476	synodal:proper-noun:wikt-ff9d5d56a476	sense:v03:ff9d5d56a476	мїхаилъ	proper-noun	lexical-form	мїхаилъ	мїхаи́лъ	a male given name from Hebrew, equivalent to English Michael	general	english-wiktionary-ocs-kaikki-2026-08-07	synodal:candidate:ff9d5d56a476c9bb43728810	ponomar-elizabeth-bible-2026-08-09	synodal:candidate:392c610e32cc06bbd84e38d1	Dan.10.13	reviewed	synodal-russian	Reviewer confirmed the source-partition Synodal context and conservative OCS sense continuity; exact lexical evidence only, with no productive class inferred.
review:v03:ffe65f68245a	synodal:verb:wikt-ffe65f68245a	sense:v03:ffe65f68245a	написати	verb	lexical-form	написати	написа́ти	write	general	english-wiktionary-ocs-kaikki-2026-08-07	synodal:candidate:ffe65f68245afbf1279d20b2	ponomar-elizabeth-bible-2026-08-09	synodal:candidate:4e7b9050bfbc744d5a1c1fd3	I_Macc.3.48	reviewed	synodal-russian	Reviewer confirmed the source-partition Synodal context and conservative OCS sense continuity; exact lexical evidence only, with no productive class inferred.
review:v05:adjective:mnog	synodal:adjective:mnog	sense:v05:adjective:mnog	многъ	adjective	lexical-form	многъ	мно́гъ	many; much	quantity	alypy-gamanovich-grammar-web-2023	synodal:candidate:fc5b29d73f71a7434d23bf42	ponomar-elizabeth-bible-2026-08-09	synodal:candidate:87ac1a938af6fb7bc6984617	Acts.6.7	reviewed	synodal-russian	Alypy §117 explicitly uses мно́гихъ as the inflected quantity adjective and the target passage independently witnesses the short masculine singular base. Only separately witnessed exact cells and spelling variants are admitted.
review:v05:adverb:vmesto	synodal:adverb:vmesto	sense:v05:adverb:vmesto	вмѣстѡ	adverb	indeclinable	вмѣстѡ	вмѣ́стѡ	instead; in place of	relation	alypy-gamanovich-grammar-web-2023	synodal:candidate:45702ed88057c4b4ea8aa213	ponomar-elizabeth-bible-2026-08-09	synodal:candidate:4ec2fb3a957d73586f397261	Baruch.3.19	reviewed	synodal-russian	Alypy §144 uses вмѣ́стѡ in its exact replacement sense and the independent target passage confirms the same construction. The entry is exact and indeclinable.
review:v05:adverb:zde	synodal:adverb:zde	sense:v05:adverb:zde	здѣ	adverb	indeclinable	здѣ	здѣ̀	here	place	alypy-gamanovich-grammar-web-2023	synodal:candidate:4fb9580f859be049540a07e2	ponomar-elizabeth-bible-2026-08-09	synodal:candidate:8ef1429487feccc0e74f3525	Acts.9.14	reviewed	synodal-russian	Alypy §107 explicitly classifies здѣ̀ as a place adverb; the independent target passage confirms the exact grave-accented form and meaning.
review:v05:indeclinable:abie	synodal:adverb:abie	sense:v05:adverb:abie	абїе	adverb	indeclinable	абїе	а҆́бїе	immediately; at once	general	alypy-gamanovich-grammar-web-2023	synodal:candidate:3b10045bc8acd9beec5915d8	ponomar-elizabeth-bible-2026-08-09	synodal:candidate:8312dd1823bff0ff015ccdf4	Acts.3.7	reviewed	synodal-russian	Alypy §107 explicitly lists а҆́бїе as a primary adverb; the target passage independently confirms the exact form.
review:v05:indeclinable:aki	synodal:conjunction:aki	sense:v05:conjunction:aki	аки	conjunction	indeclinable	аки	а҆́ки	as if; as though	general	alypy-gamanovich-grammar-web-2023	synodal:candidate:27a023edcdc84a9417a52aeb	ponomar-elizabeth-bible-2026-08-09	synodal:candidate:679bae4460e7398eed3dc754	Acts.23.15	reviewed	synodal-russian	Alypy §114 classifies а҆́ки with comparative conjunctions; the target passage confirms the breathing, accent, and clause-linking identity.
review:v05:indeclinable:bliz	synodal:preposition:bliz	sense:v05:preposition:bliz	близъ	preposition	indeclinable	близъ	бли́з̾	near	general	alypy-gamanovich-grammar-web-2023	synodal:candidate:18e282ff98af67838c7c82f4	ponomar-elizabeth-bible-2026-08-09	synodal:candidate:1024927abf0aecd2d6076da9	Acts.5.10	reviewed	synodal-russian	Alypy §110 explicitly lists бли́зъ among derived prepositions; the target passage independently confirms the exact paerok spelling and prepositional context.
review:v05:indeclinable:dazhe	synodal:adverb:dazhe	sense:v05:adverb:dazhe	даже	adverb	indeclinable	даже	да́же	up to; as far as	general	alypy-gamanovich-grammar-web-2023	synodal:candidate:6bdef48469b2ea2bd10790b2	ponomar-elizabeth-bible-2026-08-09	synodal:candidate:da3be8b88f8120e9fc660a79	Acts.1.22	reviewed	synodal-russian	Alypy §107 explicitly lists да́же as an adverb; the target source witnesses its bounded temporal use in the construction даже до.
review:v05:indeclinable:dnes	synodal:adverb:dnes	sense:v05:adverb:dnes	днесь	adverb	indeclinable	днесь	дне́сь	today	general	alypy-gamanovich-grammar-web-2023	synodal:candidate:31eb2b4dbee9944664b257d6	ponomar-elizabeth-bible-2026-08-09	synodal:candidate:453a84ce7867fcdf0d4c6cb8	Acts.4.9	reviewed	synodal-russian	Alypy §§106 and 108 explicitly classify дне́сь as an adverb of time; the target passage independently confirms the exact form.
review:v05:indeclinable:dondezhe	synodal:conjunction:dondezhe	sense:v05:conjunction:dondezhe	дондеже	conjunction	indeclinable	дондеже	до́ндеже	until	general	alypy-gamanovich-grammar-web-2023	synodal:candidate:a18a84f005768dd625fdec4f	ponomar-elizabeth-bible-2026-08-09	synodal:candidate:3de546464abaf18f1b15163a	Acts.2.35	reviewed	synodal-russian	Alypy §114 classifies до́ндеже among temporal conjunctions; the target passage confirms the exact accent and clause-linking use.
review:v05:indeclinable:eda	synodal:conjunction:eda	sense:v05:conjunction:eda	єда	conjunction	indeclinable	єда	є҆да̀	whether; surely not	general	alypy-gamanovich-grammar-web-2023	synodal:candidate:a5cc2599c63c481e340a3c3a	ponomar-elizabeth-bible-2026-08-09	synodal:candidate:91044b0d2fbe098e41c708cb	Acts.7.28	reviewed	synodal-russian	Alypy §114 classifies the exact marked form as an interrogative conjunction; the target passage confirms the standalone form and question use.
review:v05:indeclinable:eshche	synodal:adverb:eshche	sense:v05:adverb:eshche	єще	adverb	indeclinable	єще	є҆ще́	yet; still; moreover	general	alypy-gamanovich-grammar-web-2023	synodal:candidate:fe66f651cd745770fd544ca4	ponomar-elizabeth-bible-2026-08-09	synodal:candidate:1ea8f8196096f278c80574ce	Acts.2.26	reviewed	synodal-russian	Alypy §107 explicitly lists є҆щѐ as a primary adverb; the target passage independently witnesses the acute printed variant admitted here.
review:v05:indeclinable:gde	synodal:adverb:gde	sense:v05:adverb:gde	гдѣ	adverb	indeclinable	гдѣ	гдѣ̀	where	general	alypy-gamanovich-grammar-web-2023	synodal:candidate:4fb9580f859be049540a07e2	ponomar-elizabeth-bible-2026-08-09	synodal:candidate:5bbb47d2ac1c0f9bc8ffb7d2	Baruch.3.14	reviewed	synodal-russian	Alypy §§107–109 explicitly list гдѣ̀ as an adverb of place; the target passage independently confirms the exact form.
review:v05:indeclinable:ibo	synodal:conjunction:ibo	sense:v05:conjunction:ibo	ибо	conjunction	indeclinable	ибо	и҆́бо	for; because	general	alypy-gamanovich-grammar-web-2023	synodal:candidate:88df1ced0e8d0235c49bbb75	ponomar-elizabeth-bible-2026-08-09	synodal:candidate:43b16d4034a50ea0281f6ce3	Acts.2.18	reviewed	synodal-russian	Alypy §§114 and 182 explicitly classify и҆́бо as a causal conjunction; the target passage independently confirms the exact form.
review:v05:indeclinable:iz	synodal:preposition:iz	sense:v05:preposition:iz	изъ	preposition	indeclinable	изъ	и҆з̾	from; out of	general	alypy-gamanovich-grammar-web-2023	synodal:candidate:a044b15a3a394673f4e5665e	ponomar-elizabeth-bible-2026-08-09	synodal:candidate:9777a13845ae27ead26bd230	Acts.1.25	reviewed	synodal-russian	Alypy §110 lists the preposition with its printed final hard-sign mark; the source passage confirms a standalone governed preposition rather than the same character sequence inside a verb.
review:v05:indeclinable:kako	synodal:adverb:kako	sense:v05:adverb:kako	какѡ	adverb	indeclinable	какѡ	ка́кѡ	how	general	alypy-gamanovich-grammar-web-2023	synodal:candidate:bbdf24b1d8f73be5c2e47a4b	ponomar-elizabeth-bible-2026-08-09	synodal:candidate:9424bf19a03ef5fcf623dbcd	Acts.2.8	reviewed	synodal-russian	Alypy §107 explicitly lists ка́кѡ among pronominal adverbs; the target passage independently confirms the marked interrogative adverb.
review:v05:indeclinable:ktomu	synodal:adverb:ktomu	sense:v05:adverb:ktomu	ктомꙋ	adverb	indeclinable	ктомꙋ	ктомꙋ̀	any more; henceforth	general	alypy-gamanovich-grammar-web-2023	synodal:candidate:89a622f3125b3e893a2293a0	ponomar-elizabeth-bible-2026-08-09	synodal:candidate:23d57229827880efb641ffb0	Acts.4.17	reviewed	synodal-russian	Alypy §107 gives ктому̀ as an adverb; the locked target passage confirms the exact spelling and negative-polarity temporal use.
review:v05:indeclinable:li	synodal:conjunction:li	sense:v05:conjunction:li	ли	conjunction	indeclinable	ли	ли	whether; question particle	general	alypy-gamanovich-grammar-web-2023	synodal:candidate:34912b0f7c8fbbf062b156d1	ponomar-elizabeth-bible-2026-08-09	synodal:candidate:266315fe7d6b5f5ed4eac3f6	Acts.3.12	reviewed	synodal-russian	Alypy §114 lists ли among conjunctions; the source passage confirms the standalone question-particle token, not a substring of an inflected word.
review:v05:indeclinable:mezhdu	synodal:preposition:mezhdu	sense:v05:preposition:mezhdu	междꙋ	preposition	indeclinable	междꙋ	междꙋ̀	between; among	general	english-wiktionary-ocs-kaikki-2026-08-07	synodal:candidate:1cb49036ccdb1e1d1143a226	ponomar-elizabeth-bible-2026-08-09	synodal:candidate:eba42b49e61259c3b659529d	Acts.12.6	reviewed	synodal-russian	The OCS entry establishes the prepositional identity and senses; Alypy §§69 and 106 and the target passage independently establish Synodal continuity and the exact marked form.
review:v05:indeclinable:nad	synodal:preposition:nad	sense:v05:preposition:nad	надъ	preposition	indeclinable	надъ	над̾	over; above	general	alypy-gamanovich-grammar-web-2023	synodal:candidate:a044b15a3a394673f4e5665e	ponomar-elizabeth-bible-2026-08-09	synodal:candidate:dc7a6cedb422521753f1d5c4	Acts.6.3	reviewed	synodal-russian	Alypy §110 lists the exact marked preposition; the target passage independently confirms its governed use and printed hard-sign mark.
review:v05:indeclinable:nizhe	synodal:conjunction:nizhe	sense:v05:conjunction:nizhe	ниже	conjunction	indeclinable	ниже	нижѐ	nor; and not	general	alypy-gamanovich-grammar-web-2023	synodal:candidate:45ec34d11174bad0f4f5207d	ponomar-elizabeth-bible-2026-08-09	synodal:candidate:e16b0075a675fed932bc25c8	Acts.2.27	reviewed	synodal-russian	Alypy §114 explicitly classifies нижѐ as a coordinating conjunction; the source passage independently confirms the exact target spelling and accent.
review:v05:indeclinable:obache	synodal:conjunction:obache	sense:v05:conjunction:obache	обаче	conjunction	indeclinable	обаче	ѻ҆ба́че	but; however	general	alypy-gamanovich-grammar-web-2023	synodal:candidate:af8e8d2e365fb723ab3a89f2	ponomar-elizabeth-bible-2026-08-09	synodal:candidate:32014a1887fd0a392cba0029	Amos.4.12	reviewed	synodal-russian	Alypy §114 explicitly classifies ѻ҆ба́че as an adversative conjunction; the target passage independently confirms the exact form.
review:v05:indeclinable:okrest	synodal:adverb:okrest	sense:v05:adverb:okrest	окрестъ	adverb	indeclinable	окрестъ	Ѡ҆́крестъ	around; round about	general	alypy-gamanovich-grammar-web-2023	synodal:candidate:c9209fe3765ec47ae3a6a08a	ponomar-elizabeth-bible-2026-08-09	synodal:candidate:a721f8e9f8ecc891a7fa57b8	Acts.14.20	reviewed	synodal-russian	Alypy §106 explicitly lists ѻ҆́крестъ as an adverb; the target passage independently confirms its sentence-initial capitalized form.
review:v05:indeclinable:paki	synodal:adverb:paki	sense:v05:adverb:paki	паки	adverb	indeclinable	паки	па́ки	again; once more	general	alypy-gamanovich-grammar-web-2023	synodal:candidate:fe66f651cd745770fd544ca4	ponomar-elizabeth-bible-2026-08-09	synodal:candidate:1929529f720df1774a4c8f1f	Acts.10.15	reviewed	synodal-russian	Alypy §107 explicitly lists па́ки as a primary adverb; the target passage independently confirms the exact marked form.
review:v05:indeclinable:pochto	synodal:adverb:pochto	sense:v05:adverb:pochto	почто	adverb	indeclinable	почто	почто̀	why	general	alypy-gamanovich-grammar-web-2023	synodal:candidate:1c427f02ae4616698c15a655	ponomar-elizabeth-bible-2026-08-09	synodal:candidate:3c2cc7227b0f7e4365c12def	Acts.5.3	reviewed	synodal-russian	Alypy §§108 and 141 explicitly classify почто̀ as an adverb of cause; the target passage independently confirms the exact form.
review:v05:indeclinable:pod	synodal:preposition:pod	sense:v05:preposition:pod	подъ	preposition	indeclinable	подъ	под̾	under; beneath	general	alypy-gamanovich-grammar-web-2023	synodal:candidate:a044b15a3a394673f4e5665e	ponomar-elizabeth-bible-2026-08-09	synodal:candidate:143c65e590373b32a555f0c1	Acts.2.5	reviewed	synodal-russian	Alypy §110 explicitly lists the primary preposition под̾; the target passage independently confirms the exact paerok spelling.
review:v05:indeclinable:posrede	synodal:preposition:posrede	sense:v05:preposition:posrede	посредѣ	preposition	indeclinable	посредѣ	посредѣ̀	amid; in the midst of	general	alypy-gamanovich-grammar-web-2023	synodal:candidate:18e282ff98af67838c7c82f4	ponomar-elizabeth-bible-2026-08-09	synodal:candidate:d86363075a8f2e850283fe4d	Acts.1.15	reviewed	synodal-russian	Alypy §110 explicitly lists посредѣ̀ among derived prepositions; the target passage independently confirms the exact form and prepositional context.
review:v05:indeclinable:prezhde	synodal:adverb:prezhde	sense:v05:adverb:prezhde	прежде	adverb	indeclinable	прежде	пре́жде	before; earlier	general	alypy-gamanovich-grammar-web-2023	synodal:candidate:2744b4dae26db758351d6bb1	ponomar-elizabeth-bible-2026-08-09	synodal:candidate:179e6d3a34ee0f5a86b8759a	Acts.2.20	reviewed	synodal-russian	Alypy §107 explicitly lists пре́жде as an adverb; the target passage confirms the exact form, including its use before the compound conjunction даже.
review:v05:indeclinable:protivu	synodal:preposition:protivu	sense:v05:preposition:protivu	противꙋ	preposition	indeclinable	противꙋ	проти́вꙋ	against; opposite	general	alypy-gamanovich-grammar-web-2023	synodal:candidate:18e282ff98af67838c7c82f4	ponomar-elizabeth-bible-2026-08-09	synodal:candidate:75a2502c619d92d912904a37	Acts.4.14	reviewed	synodal-russian	Alypy §110 treats проти́вꙋ as a derived preposition; the target passage independently confirms the exact form and prepositional context.
review:v05:indeclinable:se	synodal:interjection:se	sense:v05:interjection:se	се	interjection	indeclinable	се	сѐ	behold; look	general	alypy-gamanovich-grammar-web-2023	synodal:candidate:48d78381e3081ff8edc4160f	ponomar-elizabeth-bible-2026-08-09	synodal:candidate:356409b4b0d48a6963f53576	Acts.1.10	reviewed	synodal-russian	Alypy §117 identifies сѐ as an interjection; the target passage confirms the marked form and presentational use without collapsing it into the demonstrative pronoun.
review:v05:indeclinable:tako	synodal:adverb:tako	sense:v05:adverb:tako	такѡ	adverb	indeclinable	такѡ	та́кѡ	thus; so	general	alypy-gamanovich-grammar-web-2023	synodal:candidate:bbdf24b1d8f73be5c2e47a4b	ponomar-elizabeth-bible-2026-08-09	synodal:candidate:6c6d14e7d0e21ad31b36a9cb	Acts.7.1	reviewed	synodal-russian	Alypy §107 explicitly lists the accented form among pronominal adverbs; the target passage confirms the exact Synodal spelling and adverbial use.
review:v05:indeclinable:takozhde	synodal:conjunction:takozhde	sense:v05:conjunction:takozhde	такожде	conjunction	indeclinable	такожде	та́кожде	likewise; and likewise	general	alypy-gamanovich-grammar-web-2023	synodal:candidate:45ec34d11174bad0f4f5207d	ponomar-elizabeth-bible-2026-08-09	synodal:candidate:b62dc808e637e7790bb1e6a5	Acts.1.11	reviewed	synodal-russian	Alypy §114 explicitly classifies та́кожде as a coordinating conjunction; the target passage independently confirms the exact form.
review:v05:indeclinable:togda	synodal:adverb:togda	sense:v05:adverb:togda	тогда	adverb	indeclinable	тогда	тогда̀	then	general	alypy-gamanovich-grammar-web-2023	synodal:candidate:30a0c8b56462597abda56776	ponomar-elizabeth-bible-2026-08-09	synodal:candidate:8362494faf95dcea02b4613f	Acts.8.17	reviewed	synodal-russian	Alypy §107 explicitly lists the grave-accented form among pronominal adverbs; the target passage confirms the same spelling and temporal use.
review:v05:indeclinable:tokmo	synodal:adverb:tokmo	sense:v05:adverb:tokmo	токмѡ	adverb	indeclinable	токмѡ	то́кмѡ	only	general	alypy-gamanovich-grammar-web-2023	synodal:candidate:69cd4e5eb5a287f59ba6eb2c	ponomar-elizabeth-bible-2026-08-09	synodal:candidate:db0be7972a457b9e1bab4ec6	Acts.11.19	reviewed	synodal-russian	Alypy §107 explicitly lists то́кмѡ as an adverb and §144 explains its restrictive sense; the target passage independently confirms the exact form.
review:v05:indeclinable:vkupye	synodal:adverb:vkupye	sense:v05:adverb:vkupye	вкꙋпѣ	adverb	indeclinable	вкꙋпѣ	вкꙋ́пѣ	together	general	alypy-gamanovich-grammar-web-2023	synodal:candidate:0db522a4a0bae9cb9a54c3c1	ponomar-elizabeth-bible-2026-08-09	synodal:candidate:8f34d866256794f7f3ef778f	Acts.2.1	reviewed	synodal-russian	Alypy §§106 and 109 explicitly list вкꙋ́пѣ as an adverb; the target passage independently confirms the exact form.
review:v05:indeclinable:vnegda	synodal:conjunction:vnegda	sense:v05:conjunction:vnegda	внегда	conjunction	indeclinable	внегда	внегда̀	when	general	alypy-gamanovich-grammar-web-2023	synodal:candidate:594717798bfb24d37b7a460c	ponomar-elizabeth-bible-2026-08-09	synodal:candidate:184dd0df6226e5421a8b46ff	Acts.4.30	reviewed	synodal-russian	Alypy §§143 and 188 explicitly use внегда̀ as a temporal conjunction; the target passage independently confirms the exact form.
review:v05:indeclinable:yakozhe	synodal:conjunction:yakozhe	sense:v05:conjunction:yakozhe	ꙗкоже	conjunction	indeclinable	ꙗкоже	ꙗ҆́коже	as; just as	general	alypy-gamanovich-grammar-web-2023	synodal:candidate:27a023edcdc84a9417a52aeb	ponomar-elizabeth-bible-2026-08-09	synodal:candidate:28429957193b651f9823e237	Acts.2.4	reviewed	synodal-russian	Alypy §114 classifies the exact marked form as a conjunction; the locked source passage independently confirms the Synodal spelling and comparative connective use.
review:v05:indeclinable:za	synodal:preposition:za	sense:v05:preposition:za	за	preposition	indeclinable	за	за	for; behind; because of	general	alypy-gamanovich-grammar-web-2023	synodal:candidate:a044b15a3a394673f4e5665e	ponomar-elizabeth-bible-2026-08-09	synodal:candidate:8312dd1823bff0ff015ccdf4	Acts.3.7	reviewed	synodal-russian	Alypy §110 lists за as a preposition; the locked target passage confirms the standalone governed token while the broad gloss avoids inferring a single government rule.
review:v05:indeclinable:zautra	synodal:adverb:zautra	sense:v05:adverb:zautra	заꙋтра	adverb	indeclinable	заꙋтра	заꙋ́тра	tomorrow; early in the morning	general	alypy-gamanovich-grammar-web-2023	synodal:candidate:4393bff080d0c8ffa7af95cc	ponomar-elizabeth-bible-2026-08-09	synodal:candidate:3f02a6e837074a36e5f9cabb	Dan.14.12	reviewed	synodal-russian	Alypy §§106 and 108 explicitly classify заꙋ́тра as an adverb of time; the target passage independently confirms the exact form.
review:v05:interjection:amin	synodal:interjection:amin	sense:v05:interjection:amin	аминь	interjection	indeclinable	аминь	А҆ми́нь	amen; truly	religion,discourse	english-wiktionary-ocs-kaikki-2026-08-07	synodal:candidate:ca11f0a4643abec0c017c96a	ponomar-elizabeth-bible-2026-08-09	synodal:candidate:709db3bb02db2a4eadfe2753	Apoc.1.6	reviewed	synodal-russian	The source-partition OCS entry establishes the liturgical interjection and the independent target doxology witnesses the capitalized Synodal printed form. No unmarked or malformed breathing variant is admitted.
review:v05:interjection:ni	synodal:interjection:ni	sense:v05:interjection:ni	ни	interjection	indeclinable	ни	нѝ	no; by no means	general	alypy-gamanovich-grammar-web-2023	synodal:candidate:ce8feddfc822671acb613b07	ponomar-elizabeth-bible-2026-08-09	synodal:candidate:874298e3cc54e7f2d36114d6	Ex.10.25	reviewed	synodal-russian	Alypy §117 identifies the accented response нѝ as an interjection; the independent source-partition target passage confirms the same negative-response identity. The unaccented conjunction ни remains a distinct reviewed lexeme.
review:v05:negative-copula	synodal:verb:negative-copula	sense:v05:verb:negative-copula	нѣсть	verb	lexical-form	нѣсть	нѣ́сть	is not; there is not	grammar,general	alypy-gamanovich-grammar-web-2023	synodal:candidate:19fbc7a555efb67affa8d3d6	ponomar-elizabeth-bible-2026-08-09	synodal:candidate:33e37f9b0806181d0cd0b6b9	Acts.1.7	reviewed	synodal-russian	Alypy §81 explicitly derives нѣ́сть by fusion of не with the third-person singular present of быти. It is registered as a separate exact identity because the public grammatical cell has no polarity feature; this preserves the positive copula as the top-1 form while exposing both analyses.
review:v05:noun:angel	synodal:noun:angel	sense:v05:noun:angel	ангелъ	noun	lexical-form	ангелъ	а҆́ггелъ	angel; messenger	religion,person	english-wiktionary-ocs-kaikki-2026-08-07	synodal:candidate:37667072f105826dbd9fd135	ponomar-elizabeth-bible-2026-08-09	synodal:candidate:d472bc6cd6d9813dfe4e683b	II_Cor.12.7	reviewed	synodal-russian	The source-partition lexical entry establishes the angel identity; the independent target passage supplies the full Synodal spelling, while §3 explicitly supplies the reverential contraction.
review:v05:noun:day	synodal:noun:day	sense:v05:noun:day	день	noun	lexical-form	день	де́нь	day	calendar,time	english-wiktionary-ocs-kaikki-2026-08-07	synodal:candidate:decc745a17a2032dbbcfb35e	ponomar-elizabeth-bible-2026-08-09	synodal:candidate:ef90a515798f5b1a411dcff0	Acts.2.41	reviewed	synodal-russian	The semantic source establishes OCS дьнь identity and Alypy §43 supplies the Synodal table; the source partition independently confirms the exact target lemma.
review:v05:noun:father	synodal:noun:father	sense:v05:noun:father	отецъ	noun	lexical-form	отецъ	ѻ҆те́цъ	father; ancestor	kinship,religion	english-wiktionary-ocs-kaikki-2026-08-07	synodal:candidate:7a1b22a24969a786e4c0c417	ponomar-elizabeth-bible-2026-08-09	synodal:candidate:a097f72aac9667202583c5b9	Amos.2.7	reviewed	synodal-russian	The semantic source establishes OCS отьць continuity; Alypy §34 and the target partition independently establish the Synodal lexeme and its exact witnessed cells.
review:v05:noun:fire	synodal:noun:fire	sense:v05:noun:fire	огнь	noun	lexical-form	огнь	ѻ҆́гнь	fire	matter,religion	english-wiktionary-ocs-kaikki-2026-08-07	synodal:candidate:f1793208f7c93f69ce38d25d	ponomar-elizabeth-bible-2026-08-09	synodal:candidate:3bd3bd21ae25c5192e60f509	Acts.2.19	reviewed	synodal-russian	The semantic source establishes OCS огнь identity; Alypy §34 and the target passage independently establish the Synodal spelling, breathing, and typed cells.
review:v05:noun:hand	synodal:noun:hand	sense:v05:noun:hand	рꙋка	noun	lexical-form	рꙋка	рꙋка̀	hand; arm	body	english-wiktionary-ocs-kaikki-2026-08-07	synodal:candidate:31dd72c39f59931d9b1662fd	ponomar-elizabeth-bible-2026-08-09	synodal:candidate:a39703f4a3a1b0f6bd731e9a	Acts.4.28	reviewed	synodal-russian	The semantic source establishes OCS рѫка identity; Alypy §39 supplies the exact Synodal table and the target partition independently confirms the lemma.
review:v05:noun:heart	synodal:noun:heart	sense:v05:noun:heart	сердце	noun	lexical-form	сердце	се́рдце	heart; inner disposition	body,religion	english-wiktionary-ocs-kaikki-2026-08-07	synodal:candidate:54feeede6feaaf7f82ac804a	ponomar-elizabeth-bible-2026-08-09	synodal:candidate:1ea8f8196096f278c80574ce	Acts.2.26	reviewed	synodal-russian	The semantic source establishes OCS срьдьце continuity, Alypy §35 names the Synodal form, and the target passage independently confirms the exact lemma.
review:v05:noun:human	synodal:noun:human	sense:v05:noun:human	человѣкъ	noun	lexical-form	человѣкъ	человѣ́къ	human being; person	people	english-wiktionary-ocs-kaikki-2026-08-07	synodal:candidate:e545131df7ae21270912034a	ponomar-elizabeth-bible-2026-08-09	synodal:candidate:23d57229827880efb641ffb0	Acts.4.17	reviewed	synodal-russian	The semantic source establishes OCS чловѣкъ continuity; the target passage confirms the exact Synodal lemma and only independently reviewed cells are admitted.
review:v05:noun:kingdom	synodal:noun:kingdom	sense:v05:noun:kingdom	царствїе	noun	lexical-form	царствїе	ца́рствїе	kingdom; reign	government,religion	alypy-gamanovich-grammar-web-2023	synodal:candidate:b978a69e07fe45e8a256d322	ponomar-elizabeth-bible-2026-08-09	synodal:candidate:74ed9ea2a22a7faaf945cdf6	Acts.1.6	reviewed	synodal-russian	Alypy §3 explicitly expands Црⷭ҇тво as царство and the independent full-form target passage establishes the kingdom identity. The registry admits only the separately witnessed Church-Slavonic -їе cells.
review:v05:noun:man	synodal:noun:man	sense:v05:noun:man	мꙋжъ	noun	lexical-form	мꙋжъ	мꙋ́жъ	man; husband	people,kinship	english-wiktionary-ocs-kaikki-2026-08-07	synodal:candidate:9fc9d7f4d5d95fdc6254986a	ponomar-elizabeth-bible-2026-08-09	synodal:candidate:6042852a40caebb53d1511eb	Acts.3.2	reviewed	synodal-russian	The semantic source establishes OCS мѫжь identity; Alypy §34 and the target passage independently establish the mixed masculine Synodal lexeme.
review:v05:noun:path	synodal:noun:path	sense:v05:noun:path	пꙋть	noun	lexical-form	пꙋть	пꙋ́ть	way; path; journey	movement,religion	english-wiktionary-ocs-kaikki-2026-08-07	synodal:candidate:cdbacf031bc01432cbb667a0	ponomar-elizabeth-bible-2026-08-09	synodal:candidate:b7b72b2743e222ba746418c1	Acts.8.39	reviewed	synodal-russian	The semantic source establishes OCS пѫть identity; Alypy §41 supplies the exact Synodal table and the target passage independently confirms the lexeme.
review:v05:noun:people	synodal:noun:people	sense:v05:noun:people	людїе	noun	noun:nominative:plural:animate	людїе	лю́дїе	people; populace	people,society	english-wiktionary-ocs-kaikki-2026-08-07	synodal:candidate:981398cdf395de00db843a3c	ponomar-elizabeth-bible-2026-08-09	synodal:candidate:c5472480d11ab39f9f51372c	Acts.3.9	reviewed	synodal-russian	The semantic source establishes the collective people identity; Alypy §§32 and 41 and the target passage independently establish the plural-only nominative Synodal cell.
review:v05:noun:spirit	synodal:noun:spirit	sense:v05:noun:spirit	дꙋхъ	noun	lexical-form	дꙋхъ	дꙋ́хъ	spirit; breath	religion,person,body	english-wiktionary-ocs-kaikki-2026-08-07	synodal:candidate:95c4c1fc105ec5db98932ba9	ponomar-elizabeth-bible-2026-08-09	synodal:candidate:4cff132c5c66ee6013f8f120	Acts.17.16	reviewed	synodal-russian	The source-partition lexical evidence establishes the breath/spirit identity and the independent full-form target passage establishes the Synodal spelling. §3 separately licenses only the exact reverential contractions below.
review:v05:noun:time	synodal:noun:time	sense:v05:noun:time	времѧ	noun	lexical-form	времѧ	вре́мѧ	time; season	calendar,time	english-wiktionary-ocs-kaikki-2026-08-07	synodal:candidate:c67a13bfc77901cc5a00d358	ponomar-elizabeth-bible-2026-08-09	synodal:candidate:aeb18be146934d7cb9a132d6	Acts.7.17	reviewed	synodal-russian	The semantic source establishes OCS врѣмѧ continuity; Alypy §42 and the target partition independently establish the fourth-declension Synodal lexeme.
review:v05:noun:yazyk	synodal:noun:yazyk	sense:v05:noun:yazyk	ꙗзыкъ	noun	lexical-form	ꙗзыкъ	ꙗ҆зы́къ	tongue; language; people or nation	language,people,body	alypy-gamanovich-grammar-web-2023	synodal:candidate:0fbc026ec56d51e22c0e0a88	ponomar-elizabeth-bible-2026-08-09	synodal:candidate:c2e1c84a9044c6adea391586	Acts.8.9	reviewed	synodal-russian	Alypy §2 explicitly uses ꙗ҆зы́къ as the target lexical example and the independent target passage establishes the people/nation sense. The review records the historically continuous polysemy without licensing an inferred declension.
review:v05:numeral:edin	synodal:numeral:edin	sense:v05:numeral:edin	єдинъ	numeral	lexical-form	єдинъ	є҆ди́нъ	one; a single one	quantity	alypy-gamanovich-grammar-web-2023	synodal:candidate:60bd6dc746599b6e6466f0b2	ponomar-elizabeth-bible-2026-08-09	synodal:candidate:0198bb61d7d1e8915d3455f1	Acts.2.6	reviewed	synodal-russian	Alypy §62 explicitly classifies and declines є҆ди́нъ as a cardinal numeral; the target passage independently witnesses its exact masculine nominative form. This review does not infer uncited cells.
review:v05:numeral:twenty	synodal:numeral:twenty	sense:v05:numeral:twenty	двадесѧть	numeral	lexical-form	двадесѧть	два́десѧть	twenty	quantity	alypy-gamanovich-grammar-web-2023	synodal:candidate:91780d0f95d5f12b6130564b	ponomar-elizabeth-bible-2026-08-09	synodal:candidate:41eaa5cdd3884624f70523e6	Acts.27.28	reviewed	synodal-russian	Alypy §63 explicitly gives два́десѧть in the formation of compound cardinals; the independent sounding-depth context in Acts 27:28 confirms its exact target meaning and spelling.
review:v05:pronoun:elik	synodal:pronoun:elik	sense:v05:pronoun:elik	єликъ	pronoun	lexical-form	єликъ	є҆ли́къ	as many as; all which; however many	quantity,relation	alypy-gamanovich-grammar-web-2023	synodal:candidate:0be04ac6d682aca3242ce24a	ponomar-elizabeth-bible-2026-08-09	synodal:candidate:560e960c087eb90eead87db0	Apoc.18.17	reviewed	synodal-russian	Alypy §116 explicitly lists є҆ли̑ка among relative connective words, and the independent target passage witnesses the masculine base. Only the two target-witnessed plural relative cells are added.
review:v05:pronoun:kiizhdo	synodal:pronoun:kiizhdo	sense:v05:pronoun:kiizhdo	кійждо	pronoun	lexical-form	кійждо	кі́йждо	each one; everyone	people,quantity	alypy-gamanovich-grammar-web-2023	synodal:candidate:aafc4c38d9afa91ebcc51c4b	ponomar-elizabeth-bible-2026-08-09	synodal:candidate:0198bb61d7d1e8915d3455f1	Acts.2.6	reviewed	synodal-russian	Alypy §48 explicitly lists кі́йждо among the pronouns and the independent target passage supplies a distributive context. The indeclinable-looking surface is registered as an exact lexical form, not as a productive class.
review:v05:proper-noun:christ	synodal:proper-noun:christ	sense:v05:proper-noun:christ	христосъ	proper-noun	lexical-form	христосъ	хрїсто́съ	Christ; anointed one	person,religion	alypy-gamanovich-grammar-web-2023	synodal:candidate:b978a69e07fe45e8a256d322	ponomar-elizabeth-bible-2026-08-09	synodal:candidate:52909675351f50868fb81156	I_Kings.12.5	reviewed	synodal-russian	Alypy §3 explicitly expands Хрⷭ҇то́съ as Христос; the independent full-form target passage establishes the anointed-person title. Exact target-witnessed contracted cells only are admitted.
review:v05:proper-noun:david	synodal:proper-noun:david	sense:v05:proper-noun:david	давідъ	proper-noun	lexical-form	давідъ	даві́дъ	David, the biblical king and patriarch	person,religion	alypy-gamanovich-grammar-web-2023	synodal:candidate:9e7442519319a82aab232ed0	ponomar-elizabeth-bible-2026-08-09	synodal:candidate:cb8a7fbf48d4befc0aaa9bd5	Ezek.37.24	reviewed	synodal-russian	Alypy §144 names David as the agent in a fully inflected target example; the independent target passage explicitly identifies David as king. Exact nominative and separately witnessed oblique cells only are admitted.
review:v05:proper-noun:jerusalem	synodal:proper-noun:jerusalem	sense:v05:proper-noun:jerusalem	іерꙋсалимъ	proper-noun	lexical-form	іерꙋсалимъ	і҆ерꙋсали́мъ	Jerusalem	place,religion	alypy-gamanovich-grammar-web-2023	synodal:candidate:b978a69e07fe45e8a256d322	wikisource-church-slavonic-bible-2026-08-09	synodal:candidate:1e590abf445a6afd21464a56	Mt.16.21	reviewed	synodal-russian	Alypy §3 explicitly expands І҆ерⷭ҇ли́мъ as Иерусалим; the independent target passage establishes the biblical place identity. Only target-witnessed singular cells are admitted.
review:v05:proper-noun:jesus	synodal:proper-noun:jesus	sense:v05:proper-noun:jesus	іисꙋсъ	proper-noun	lexical-form	іисꙋсъ	і҆исꙋ́съ	Jesus; Joshua, a masculine biblical given name	person,religion	alypy-gamanovich-grammar-web-2023	synodal:candidate:38f57fd241c952f1d77040ba	ponomar-elizabeth-bible-2026-08-09	synodal:candidate:6fc3e341b5e1dcb64ed9a089	Col.4.11	reviewed	synodal-russian	Alypy §3 explicitly expands І҆и҃съ as Иисус; the source-partition full form independently establishes the target proper-name identity without using the contraction to infer morphology.
review:v05:proper-noun:moses	synodal:proper-noun:moses	sense:v05:proper-noun:moses	мѡѷсей	proper-noun	lexical-form	мѡѷсей	Мѡѷсе́й	Moses, the biblical prophet and lawgiver	person,religion	alypy-gamanovich-grammar-web-2023	synodal:candidate:83ea515d3cf941685ddda98b	ponomar-elizabeth-bible-2026-08-09	synodal:candidate:ed36b746fe8716c977c987c0	Acts.3.22	reviewed	synodal-russian	Alypy §73 supplies the full proper-name identity in a target example; Acts 3:22 independently names Moses as the speaker. Only the witnessed nominative and oblique spellings are admitted.
review:v05:verb:priiti	synodal:verb:priiti	sense:v05:verb:priiti	прїити	verb	lexical-form	прїити	прїитѝ	to come	movement	alypy-gamanovich-grammar-web-2023	synodal:candidate:a497572f70021026cc252021	ponomar-elizabeth-bible-2026-08-09	synodal:candidate:179e6d3a34ee0f5a86b8759a	Acts.2.20	reviewed	synodal-russian	Alypy §156 explicitly identifies прїитѝ as the infinitive behind the cited aorist; the source-partition target witness independently establishes the exact lemma. Only independently witnessed finite cells are registered.
review:v05:verb:sotvoriti	synodal:verb:sotvoriti	sense:v05:verb:sotvoriti	сотворити	verb	lexical-form	сотворити	сотвори́ти	to make; create; do	action,creation	alypy-gamanovich-grammar-web-2023	synodal:candidate:c8fd9a4b368379da3645f0a5	ponomar-elizabeth-bible-2026-08-09	synodal:candidate:a39703f4a3a1b0f6bd731e9a	Acts.4.28	reviewed	synodal-russian	Alypy §86 explicitly identifies сотвори́ти and its sigmatic aorist formation; the source-partition target witness independently establishes the exact Synodal infinitive. Only separately witnessed finite cells are admitted.
review:v06:02f6e46669e2730d	synodal:noun:v06-02f6e46669e2730d	sense:v06:02f6e46669e2730d	свѣтило	noun	lexical-form	свѣтило	свѣти́ло	lamp	general	english-wiktionary-ocs-kaikki-2026-08-07	synodal:candidate:02f6e46669e2730d1d3b7b1b	ponomar-elizabeth-bible-2026-08-09	synodal:candidate:f96dffb6054c384f232fa942	Gen.1.16	reviewed	synodal-russian	Reviewer confirmed the unique source-partition OCS identity and sense, then independently confirmed this exact whole-token Synodal source witness. This licenses only the lexical form and separately reviewed exact cells; no productive paradigm is inferred.
review:v06:03b0a29929922837	synodal:adverb:v06-03b0a29929922837	sense:v06:03b0a29929922837	когда	adverb	indeclinable	когда	когда̀	alternative form of къгда (kŭgda)	general	english-wiktionary-ocs-kaikki-2026-08-07	synodal:candidate:03b0a29929922837dff5861f	ponomar-elizabeth-bible-2026-08-09	synodal:candidate:9ec4ce51fb5a96b0211f3f28	Amos.8.5	reviewed	synodal-russian	Reviewer confirmed the unique source-partition OCS identity and sense, then independently confirmed this exact whole-token Synodal source witness. This licenses only the lexical form and separately reviewed exact cells; no productive paradigm is inferred.
review:v06:04e20c2d91d51075	synodal:proper-noun:v06-04e20c2d91d51075	sense:v06:04e20c2d91d51075	іѡаннъ	proper-noun	lexical-form	іѡаннъ	і҆ѡа́ннъ	a male given name, equivalent to English John	person,name	english-wiktionary-ocs-kaikki-2026-08-07	synodal:candidate:04e20c2d91d510753286f58d	ponomar-elizabeth-bible-2026-08-09	synodal:candidate:2ea4e8c66b548f40594ee241	Acts.1.5	reviewed	synodal-russian	Reviewer confirmed the unique source-partition OCS identity and sense, then independently confirmed this exact whole-token Synodal source witness. This licenses only the lexical form and separately reviewed exact cells; no productive paradigm is inferred.
review:v06:0759085b29f5fd9f	synodal:verb:v06-0759085b29f5fd9f	sense:v06:0759085b29f5fd9f	напасти	verb	lexical-form	нападе	нападѐ	to attack; to fall	general	english-wiktionary-ocs-kaikki-2026-08-07	synodal:candidate:0759085b29f5fd9fa00a13fe	ponomar-elizabeth-bible-2026-08-09	synodal:candidate:b7b72b2743e222ba746418c1	Acts.8.39	reviewed	synodal-russian	Reviewer confirmed the unique source-partition OCS identity and sense, then independently confirmed this exact whole-token Synodal source witness. This licenses only the lexical form and separately reviewed exact cells; no productive paradigm is inferred.
review:v06:12a8217f518604ae	synodal:noun:v06-12a8217f518604ae	sense:v06:12a8217f518604ae	коньць	noun	lexical-form	конецъ	коне́цъ	end, limit, boundary; a coming to pass, performance, consummation; highest or farthest point; pivot, axis	general	english-wiktionary-ocs-kaikki-2026-08-07	synodal:candidate:12a8217f518604ae1a746e7a	ponomar-elizabeth-bible-2026-08-09	synodal:candidate:012c61e6cc198f3ce3d658e6	Amos.8.7	reviewed	synodal-russian	Reviewer confirmed the unique source-partition OCS identity and sense, then independently confirmed this exact whole-token Synodal source witness. This licenses only the lexical form and separately reviewed exact cells; no productive paradigm is inferred.
review:v06:18c9a96e1e8b816e	synodal:verb:v06-18c9a96e1e8b816e	sense:v06:18c9a96e1e8b816e	даꙗти	verb	lexical-form	даетъ	дае́тъ	to give; to allow	general	english-wiktionary-ocs-kaikki-2026-08-07	synodal:candidate:18c9a96e1e8b816e0558a1e6	ponomar-elizabeth-bible-2026-08-09	synodal:candidate:09051f98548ae1d560031212	Deut.1.20	reviewed	synodal-russian	Reviewer confirmed the unique source-partition OCS identity and sense, then independently confirmed this exact whole-token Synodal source witness. This licenses only the lexical form and separately reviewed exact cells; no productive paradigm is inferred.
review:v06:1a7ee491487fbd39	synodal:adjective:v06-1a7ee491487fbd39	sense:v06:1a7ee491487fbd39	крѣпъкъ	adjective	lexical-form	крѣпокъ	крѣ́покъ	strong, healthy, powerful; vigorous	general	english-wiktionary-ocs-kaikki-2026-08-07	synodal:candidate:1a7ee491487fbd397193ae5d	ponomar-elizabeth-bible-2026-08-09	synodal:candidate:5277960bc008ee0cd007e2c6	Apoc.18.8	reviewed	synodal-russian	Reviewer confirmed the unique source-partition OCS identity and sense, then independently confirmed this exact whole-token Synodal source witness. This licenses only the lexical form and separately reviewed exact cells; no productive paradigm is inferred.
review:v06:1fc14fc46faec861	synodal:proper-noun:v06-1fc14fc46faec861	sense:v06:1fc14fc46faec861	Илиꙗ	proper-noun	lexical-form	илїи	и҆лїѝ	a male given name from Ancient Greek, equivalent to English Elijah	person,name	english-wiktionary-ocs-kaikki-2026-08-07	synodal:candidate:1fc14fc46faec861c562fddb	ponomar-elizabeth-bible-2026-08-09	synodal:candidate:54bdd67b56afb27e525bc8bc	Composite.5.1	reviewed	synodal-russian	Reviewer confirmed the unique source-partition OCS identity and sense, then independently confirmed this exact whole-token Synodal source witness. This licenses only the lexical form and separately reviewed exact cells; no productive paradigm is inferred.
review:v06:229617fbab1efaa6	synodal:noun:v06-229617fbab1efaa6	sense:v06:229617fbab1efaa6	копиѥ	noun	lexical-form	копїе	копїѐ	spear	general	english-wiktionary-ocs-kaikki-2026-08-07	synodal:candidate:229617fbab1efaa63cc73ea1	ponomar-elizabeth-bible-2026-08-09	synodal:candidate:a3a43aa36c302443d5fd6f3c	II_Kings.1.6	reviewed	synodal-russian	Reviewer confirmed the unique source-partition OCS identity and sense, then independently confirmed this exact whole-token Synodal source witness. This licenses only the lexical form and separately reviewed exact cells; no productive paradigm is inferred.
review:v06:2bad9587e8b70547	synodal:noun:v06-2bad9587e8b70547	sense:v06:2bad9587e8b70547	дождь	noun	lexical-form	дождь	до́ждь	rain (βροχή); ? (ὑετός); ? (ὄμβρος)	general	english-wiktionary-ocs-kaikki-2026-08-07	synodal:candidate:2bad9587e8b70547cc21db0d	ponomar-elizabeth-bible-2026-08-09	synodal:candidate:9e6bcbbc286dbbeb6ed3e102	Acts.28.2	reviewed	synodal-russian	Reviewer confirmed the unique source-partition OCS identity and sense, then independently confirmed this exact whole-token Synodal source witness. This licenses only the lexical form and separately reviewed exact cells; no productive paradigm is inferred.
review:v06:2e0573086fb92642	synodal:verb:v06-2e0573086fb92642	sense:v06:2e0573086fb92642	бꙑти	verb	lexical-form	былъ	бы́лъ	to be; Used to form the perfect tense.; Used to form the pluperfect tense.; Used to form the future perfect tense.; Used to form the conditional mood.	general	english-wiktionary-ocs-kaikki-2026-08-07	synodal:candidate:2e0573086fb926424bcd4daa	ponomar-elizabeth-bible-2026-08-09	synodal:candidate:0fcf21050f6192112f02f6e8	Apoc.3.15	reviewed	synodal-russian	Reviewer confirmed the unique source-partition OCS identity and sense, then independently confirmed this exact whole-token Synodal source witness. This licenses only the lexical form and separately reviewed exact cells; no productive paradigm is inferred.
review:v06:2e1a405928915529	synodal:noun:v06-2e1a405928915529	sense:v06:2e1a405928915529	пагоуба	noun	lexical-form	пагꙋба	па́гꙋба	ruin, destruction; doom, perdition	general	english-wiktionary-ocs-kaikki-2026-08-07	synodal:candidate:2e1a405928915529ef4a9422	ponomar-elizabeth-bible-2026-08-09	synodal:candidate:e6d807aea699067e74009abf	Ezek.28.19	reviewed	synodal-russian	Reviewer confirmed the unique source-partition OCS identity and sense, then independently confirmed this exact whole-token Synodal source witness. This licenses only the lexical form and separately reviewed exact cells; no productive paradigm is inferred.
review:v06:3524b116551ebe06	synodal:noun:v06-3524b116551ebe06	sense:v06:3524b116551ebe06	жезлъ	noun	lexical-form	жезлъ	же́злъ	stick, staff	general	english-wiktionary-ocs-kaikki-2026-08-07	synodal:candidate:3524b116551ebe06e62d743b	ponomar-elizabeth-bible-2026-08-09	synodal:candidate:a42334b6784abec552d6b5f1	Esther.4.11	reviewed	synodal-russian	Reviewer confirmed the unique source-partition OCS identity and sense, then independently confirmed this exact whole-token Synodal source witness. This licenses only the lexical form and separately reviewed exact cells; no productive paradigm is inferred.
review:v06:36fe0fb38aa5b01f	synodal:verb:v06-36fe0fb38aa5b01f	sense:v06:36fe0fb38aa5b01f	постигнѫти	verb	lexical-form	постигнетъ	пости́гнетъ	to reach, to get closer; to achieve, to mastered, to accomplish	general	english-wiktionary-ocs-kaikki-2026-08-07	synodal:candidate:36fe0fb38aa5b01fefacf464	ponomar-elizabeth-bible-2026-08-09	synodal:candidate:456c727c69fa4865d4b5c4c6	Deut.19.6	reviewed	synodal-russian	Reviewer confirmed the unique source-partition OCS identity and sense, then independently confirmed this exact whole-token Synodal source witness. This licenses only the lexical form and separately reviewed exact cells; no productive paradigm is inferred.
review:v06:396b7b7e0bf4e59e	synodal:noun:v06-396b7b7e0bf4e59e	sense:v06:396b7b7e0bf4e59e	чоудо	noun	lexical-form	чꙋдеса	чꙋдеса̀	alternative form of чюдо (čjudo) miracle	general	english-wiktionary-ocs-kaikki-2026-08-07	synodal:candidate:396b7b7e0bf4e59e6629a0fa	ponomar-elizabeth-bible-2026-08-09	synodal:candidate:3bd3bd21ae25c5192e60f509	Acts.2.19	reviewed	synodal-russian	Reviewer confirmed the unique source-partition OCS identity and sense, then independently confirmed this exact whole-token Synodal source witness. This licenses only the lexical form and separately reviewed exact cells; no productive paradigm is inferred.
review:v06:3fb2ff1e1c3b7ac8	synodal:noun:v06-3fb2ff1e1c3b7ac8	sense:v06:3fb2ff1e1c3b7ac8	вопль	noun	lexical-form	вопль	во́пль	scream; cry	general	english-wiktionary-ocs-kaikki-2026-08-07	synodal:candidate:3fb2ff1e1c3b7ac82e5bf8d0	ponomar-elizabeth-bible-2026-08-09	synodal:candidate:ab9c9e1fa4d1871a4e6f468c	Deut.26.7	reviewed	synodal-russian	Reviewer confirmed the unique source-partition OCS identity and sense, then independently confirmed this exact whole-token Synodal source witness. This licenses only the lexical form and separately reviewed exact cells; no productive paradigm is inferred.
review:v06:44fe6aceed3a2563	synodal:noun:v06-44fe6aceed3a2563	sense:v06:44fe6aceed3a2563	разꙋмъ	noun	lexical-form	разꙋмъ	ра́зꙋмъ	understanding; reason; thought	general	english-wiktionary-ocs-kaikki-2026-08-07	synodal:candidate:44fe6aceed3a25635168f856	ponomar-elizabeth-bible-2026-08-09	synodal:candidate:b790c7b6e057c322072dd4bd	Col.3.10	reviewed	synodal-russian	Reviewer confirmed the unique source-partition OCS identity and sense, then independently confirmed this exact whole-token Synodal source witness. This licenses only the lexical form and separately reviewed exact cells; no productive paradigm is inferred.
review:v06:4b110ac5f2b33849	synodal:noun:v06-4b110ac5f2b33849	sense:v06:4b110ac5f2b33849	врата	noun	lexical-form	врата	врата̀	gate, door	general	english-wiktionary-ocs-kaikki-2026-08-07	synodal:candidate:4b110ac5f2b338499089258b	ponomar-elizabeth-bible-2026-08-09	synodal:candidate:b8fb8aeb1512220052e314a7	Acts.14.13	reviewed	synodal-russian	Reviewer confirmed the unique source-partition OCS identity and sense, then independently confirmed this exact whole-token Synodal source witness. This licenses only the lexical form and separately reviewed exact cells; no productive paradigm is inferred.
review:v06:4b5409194023ee78	synodal:noun:v06-4b5409194023ee78	sense:v06:4b5409194023ee78	молѥниѥ	noun	lexical-form	моленїе	моле́нїе	begging	general	english-wiktionary-ocs-kaikki-2026-08-07	synodal:candidate:4b5409194023ee78aaaf199a	ponomar-elizabeth-bible-2026-08-09	synodal:candidate:c43b0fc5ad61402727bbef7a	Dan.9.18	reviewed	synodal-russian	Reviewer confirmed the unique source-partition OCS identity and sense, then independently confirmed this exact whole-token Synodal source witness. This licenses only the lexical form and separately reviewed exact cells; no productive paradigm is inferred.
review:v06:54edb72ddb014dda	synodal:noun:v06-54edb72ddb014dda	sense:v06:54edb72ddb014dda	вѡинъ	noun	lexical-form	вѡинъ	вѡ́инъ	soldier	general	english-wiktionary-ocs-kaikki-2026-08-07	synodal:candidate:54edb72ddb014ddabfb8a702	ponomar-elizabeth-bible-2026-08-09	synodal:candidate:69ab8e6e598a35fa98234fc8	Acts.21.35	reviewed	synodal-russian	Reviewer confirmed the unique source-partition OCS identity and sense, then independently confirmed this exact whole-token Synodal source witness. This licenses only the lexical form and separately reviewed exact cells; no productive paradigm is inferred.
review:v06:55cc70e240bb7ee2	synodal:verb:v06-55cc70e240bb7ee2	sense:v06:55cc70e240bb7ee2	посълати	verb	lexical-form	посланъ	по́сланъ	send; summon	general	english-wiktionary-ocs-kaikki-2026-08-07	synodal:candidate:55cc70e240bb7ee2d01bd7de	ponomar-elizabeth-bible-2026-08-09	synodal:candidate:49d088e20f151e44d293e52a	Dan.10.11	reviewed	synodal-russian	Reviewer confirmed the unique source-partition OCS identity and sense, then independently confirmed this exact whole-token Synodal source witness. This licenses only the lexical form and separately reviewed exact cells; no productive paradigm is inferred.
review:v06:605bcfa1ed51dfb4	synodal:noun:v06-605bcfa1ed51dfb4	sense:v06:605bcfa1ed51dfb4	имѣниѥ	noun	lexical-form	имѣнїе	и҆мѣ́нїе	possessions, property, estate	general	english-wiktionary-ocs-kaikki-2026-08-07	synodal:candidate:605bcfa1ed51dfb478957958	ponomar-elizabeth-bible-2026-08-09	synodal:candidate:5b83a0c6e57307d6907bc7bf	Dan.11.24	reviewed	synodal-russian	Reviewer confirmed the unique source-partition OCS identity and sense, then independently confirmed this exact whole-token Synodal source witness. This licenses only the lexical form and separately reviewed exact cells; no productive paradigm is inferred.
review:v06:64bd1811dbd024b5	synodal:noun:v06-64bd1811dbd024b5	sense:v06:64bd1811dbd024b5	око	noun	lexical-form	око	ѻ҆́ко	eye; vision, sight	general	english-wiktionary-ocs-kaikki-2026-08-07	synodal:candidate:64bd1811dbd024b56ce00b67	ponomar-elizabeth-bible-2026-08-09	synodal:candidate:f2087ae2cd226801aa53e34d	Deut.7.16	reviewed	synodal-russian	Reviewer confirmed the unique source-partition OCS identity and sense, then independently confirmed this exact whole-token Synodal source witness. This licenses only the lexical form and separately reviewed exact cells; no productive paradigm is inferred.
review:v06:673b2df93b4f89a8	synodal:noun:v06-673b2df93b4f89a8	sense:v06:673b2df93b4f89a8	знаменїе	noun	lexical-form	знаменїе	зна́менїе	sign	general	english-wiktionary-ocs-kaikki-2026-08-07	synodal:candidate:673b2df93b4f89a808545a88	ponomar-elizabeth-bible-2026-08-09	synodal:candidate:2a3328ef832e93c5078a1f14	Acts.4.16	reviewed	synodal-russian	Reviewer confirmed the unique source-partition OCS identity and sense, then independently confirmed this exact whole-token Synodal source witness. This licenses only the lexical form and separately reviewed exact cells; no productive paradigm is inferred.
review:v06:67fa4c88721fcbe8	synodal:noun:v06-67fa4c88721fcbe8	sense:v06:67fa4c88721fcbe8	честь	noun	lexical-form	честь	че́сть	honour; rank; reverence	general	english-wiktionary-ocs-kaikki-2026-08-07	synodal:candidate:67fa4c88721fcbe8c8fa59b1	ponomar-elizabeth-bible-2026-08-09	synodal:candidate:c0261e7e447b0d7a517709e4	Apoc.21.24	reviewed	synodal-russian	Reviewer confirmed the unique source-partition OCS identity and sense, then independently confirmed this exact whole-token Synodal source witness. This licenses only the lexical form and separately reviewed exact cells; no productive paradigm is inferred.
review:v06:6d8cbd0ea412c4e9	synodal:adjective:v06-6d8cbd0ea412c4e9	sense:v06:6d8cbd0ea412c4e9	подобьнъ	adjective	lexical-form	подобенъ	подо́бенъ	similar; proper, appropriate	general	english-wiktionary-ocs-kaikki-2026-08-07	synodal:candidate:6d8cbd0ea412c4e9821d2902	ponomar-elizabeth-bible-2026-08-09	synodal:candidate:909120125302407f1d411eac	Apoc.4.3	reviewed	synodal-russian	Reviewer confirmed the unique source-partition OCS identity and sense, then independently confirmed this exact whole-token Synodal source witness. This licenses only the lexical form and separately reviewed exact cells; no productive paradigm is inferred.
review:v06:6f6cb44e5f184035	synodal:noun:v06-6f6cb44e5f184035	sense:v06:6f6cb44e5f184035	помощь	noun	lexical-form	Помощь	По́мощь	help	general	english-wiktionary-ocs-kaikki-2026-08-07	synodal:candidate:6f6cb44e5f1840358615b5ca	ponomar-elizabeth-bible-2026-08-09	synodal:candidate:b3295dc624ee43d4ac531535	Acts.26.22	reviewed	synodal-russian	Reviewer confirmed the unique source-partition OCS identity and sense, then independently confirmed this exact whole-token Synodal source witness. This licenses only the lexical form and separately reviewed exact cells; no productive paradigm is inferred.
review:v06:72858c58897d9d01	synodal:verb:v06-72858c58897d9d01	sense:v06:72858c58897d9d01	послоушати	verb	lexical-form	послꙋша	послꙋ́ша	hear; listen	general	english-wiktionary-ocs-kaikki-2026-08-07	synodal:candidate:72858c58897d9d0194df96f1	ponomar-elizabeth-bible-2026-08-09	synodal:candidate:ef7da210e5c590831a4023ca	Dan.1.14	reviewed	synodal-russian	Reviewer confirmed the unique source-partition OCS identity and sense, then independently confirmed this exact whole-token Synodal source witness. This licenses only the lexical form and separately reviewed exact cells; no productive paradigm is inferred.
review:v06:7391e80a474691c3	synodal:numeral:v06-7391e80a474691c3	sense:v06:7391e80a474691c3	осмь	numeral	lexical-form	осмь	ѻ҆́смь	eight	general	english-wiktionary-ocs-kaikki-2026-08-07	synodal:candidate:7391e80a474691c314c6c3d4	ponomar-elizabeth-bible-2026-08-09	synodal:candidate:4facb30edec37dad3f83ff01	Deut.2.14	reviewed	synodal-russian	Reviewer confirmed the unique source-partition OCS identity and sense, then independently confirmed this exact whole-token Synodal source witness. This licenses only the lexical form and separately reviewed exact cells; no productive paradigm is inferred.
review:v06:73f4685d4e007ee3	synodal:adjective:v06-73f4685d4e007ee3	sense:v06:73f4685d4e007ee3	блаженъ	adjective	lexical-form	Блаженъ	Блаже́нъ	blissful, happy, blessed; beatific, pleasant; venerable, blessed, saint	general	english-wiktionary-ocs-kaikki-2026-08-07	synodal:candidate:73f4685d4e007ee3a19394da	ponomar-elizabeth-bible-2026-08-09	synodal:candidate:36504de862cc13bc8882abc3	Composite.3.8	reviewed	synodal-russian	Reviewer confirmed the unique source-partition OCS identity and sense, then independently confirmed this exact whole-token Synodal source witness. This licenses only the lexical form and separately reviewed exact cells; no productive paradigm is inferred.
review:v06:7572c074fcdb7753	synodal:verb:v06-7572c074fcdb7753	sense:v06:7572c074fcdb7753	подобати	verb	lexical-form	подобаетъ	подоба́етъ	to befit, be appropriate; have to; to imitate, follow	general	english-wiktionary-ocs-kaikki-2026-08-07	synodal:candidate:7572c074fcdb77539252f620	ponomar-elizabeth-bible-2026-08-09	synodal:candidate:629cb0302416802ca465b33b	Acts.1.21	reviewed	synodal-russian	Reviewer confirmed the unique source-partition OCS identity and sense, then independently confirmed this exact whole-token Synodal source witness. This licenses only the lexical form and separately reviewed exact cells; no productive paradigm is inferred.
review:v06:7621ccb58f48f437	synodal:noun:v06-7621ccb58f48f437	sense:v06:7621ccb58f48f437	скрижаль	noun	lexical-form	скрижали	скрижа̑ли	table of testimony	general	english-wiktionary-ocs-kaikki-2026-08-07	synodal:candidate:7621ccb58f48f43739c4c7cf	ponomar-elizabeth-bible-2026-08-09	synodal:candidate:3ae72adb4961c314e39bd5b0	Deut.9.9	reviewed	synodal-russian	Reviewer confirmed the unique source-partition OCS identity and sense, then independently confirmed this exact whole-token Synodal source witness. This licenses only the lexical form and separately reviewed exact cells; no productive paradigm is inferred.
review:v06:7b1e864dda89753f	synodal:noun:v06-7b1e864dda89753f	sense:v06:7b1e864dda89753f	отрѡкъ	noun	lexical-form	отрѡкъ	ѻ҆́трѡкъ	child; boy; servant	general	english-wiktionary-ocs-kaikki-2026-08-07	synodal:candidate:7b1e864dda89753fee90499f	ponomar-elizabeth-bible-2026-08-09	synodal:candidate:504d3a987e0b535abd5ced0a	Baruch.2.20	reviewed	synodal-russian	Reviewer confirmed the unique source-partition OCS identity and sense, then independently confirmed this exact whole-token Synodal source witness. This licenses only the lexical form and separately reviewed exact cells; no productive paradigm is inferred.
review:v06:7cb9fbdd604c5a70	synodal:pronoun:v06-7cb9fbdd604c5a70	sense:v06:7cb9fbdd604c5a70	и	pronoun	lexical-form	и	и҆	him (* no nominative singular or plural; use тъ (tŭ) or онъ (onŭ) for the nominative)	general	english-wiktionary-ocs-kaikki-2026-08-07	synodal:candidate:7cb9fbdd604c5a7043e416c1	ponomar-elizabeth-bible-2026-08-09	synodal:candidate:f1fd5cb7e8bc638b308a2a0d	Acts.1.4	rejected	synodal-russian	Rejected after precision review: the bare target token is the conjunction and does not establish the oblique-pronoun lexical form. The pronoun identity and separately reviewed exact oblique cells remain independently evidenced.
review:v06:7e1f8ebc46490213	synodal:noun:v06-7e1f8ebc46490213	sense:v06:7e1f8ebc46490213	брьниѥ	noun	lexical-form	бренїе	бре́нїе	dirt, filth	general	english-wiktionary-ocs-kaikki-2026-08-07	synodal:candidate:7e1f8ebc464902135b8b6eda	ponomar-elizabeth-bible-2026-08-09	synodal:candidate:6ab2dd448e6e5cea802da44e	Isa.41.25	reviewed	synodal-russian	Reviewer confirmed the unique source-partition OCS identity and sense, then independently confirmed this exact whole-token Synodal source witness. This licenses only the lexical form and separately reviewed exact cells; no productive paradigm is inferred.
review:v06:8469d334b5dc4483	synodal:noun:v06-8469d334b5dc4483	sense:v06:8469d334b5dc4483	брашно	noun	lexical-form	брашно	бра́шно	flour; grain, harvest; food, dish	general	english-wiktionary-ocs-kaikki-2026-08-07	synodal:candidate:8469d334b5dc448352421368	ponomar-elizabeth-bible-2026-08-09	synodal:candidate:162a64371a9ce4455e21eee8	Dan.14.8	reviewed	synodal-russian	Reviewer confirmed the unique source-partition OCS identity and sense, then independently confirmed this exact whole-token Synodal source witness. This licenses only the lexical form and separately reviewed exact cells; no productive paradigm is inferred.
review:v06:8673185ecc70a12e	synodal:verb:v06-8673185ecc70a12e	sense:v06:8673185ecc70a12e	прїѧти	verb	lexical-form	прїѧти	прїѧ́ти	to received; to take; to employ	general	english-wiktionary-ocs-kaikki-2026-08-07	synodal:candidate:8673185ecc70a12e75d07f29	ponomar-elizabeth-bible-2026-08-09	synodal:candidate:9777a13845ae27ead26bd230	Acts.1.25	reviewed	synodal-russian	Reviewer confirmed the unique source-partition OCS identity and sense, then independently confirmed this exact whole-token Synodal source witness. This licenses only the lexical form and separately reviewed exact cells; no productive paradigm is inferred.
review:v06:8b9d05677b0275a2	synodal:verb:v06-8b9d05677b0275a2	sense:v06:8b9d05677b0275a2	заклати	verb	lexical-form	заклати	закла́ти	to slaughter, butcher	general	english-wiktionary-ocs-kaikki-2026-08-07	synodal:candidate:8b9d05677b0275a2581dea18	ponomar-elizabeth-bible-2026-08-09	synodal:candidate:d4645c4fa184ea612ace9fe4	Gen.22.10	reviewed	synodal-russian	Reviewer confirmed the unique source-partition OCS identity and sense, then independently confirmed this exact whole-token Synodal source witness. This licenses only the lexical form and separately reviewed exact cells; no productive paradigm is inferred.
review:v06:9ad083fbc3393615	synodal:verb:v06-9ad083fbc3393615	sense:v06:9ad083fbc3393615	прити	verb	lexical-form	Пришедъ	Прише́дъ	to come (to), to arrive (at); to reach, to attain	general	english-wiktionary-ocs-kaikki-2026-08-07	synodal:candidate:9ad083fbc3393615c1620a5d	ponomar-elizabeth-bible-2026-08-09	synodal:candidate:edfe633c60a50fa243f229d5	Acts.5.21	reviewed	synodal-russian	Reviewer confirmed the unique source-partition OCS identity and sense, then independently confirmed this exact whole-token Synodal source witness. This licenses only the lexical form and separately reviewed exact cells; no productive paradigm is inferred.
review:v06:9c74840d41a83b98	synodal:verb:v06-9c74840d41a83b98	sense:v06:9c74840d41a83b98	пасти	verb	lexical-form	пасти	па́сти	to fall; to fall down; to perish	general	english-wiktionary-ocs-kaikki-2026-08-07	synodal:candidate:9c74840d41a83b98b24cdc41	ponomar-elizabeth-bible-2026-08-09	synodal:candidate:2054ca2b15266e16525ba6bd	Acts.28.6	reviewed	synodal-russian	Reviewer confirmed the unique source-partition OCS identity and sense, then independently confirmed this exact whole-token Synodal source witness. This licenses only the lexical form and separately reviewed exact cells; no productive paradigm is inferred.
review:v06:9eafebde7d74bfcb	synodal:verb:v06-9eafebde7d74bfcb	sense:v06:9eafebde7d74bfcb	поѩти	verb	lexical-form	поими	поимѝ	to take, seize	general	english-wiktionary-ocs-kaikki-2026-08-07	synodal:candidate:9eafebde7d74bfcb2effaf5e	ponomar-elizabeth-bible-2026-08-09	synodal:candidate:be307c173ed88820bce3e4c9	Ex.17.5	reviewed	synodal-russian	Reviewer confirmed the unique source-partition OCS identity and sense, then independently confirmed this exact whole-token Synodal source witness. This licenses only the lexical form and separately reviewed exact cells; no productive paradigm is inferred.
review:v06:a589a95f8b485bbb	synodal:noun:v06-a589a95f8b485bbb	sense:v06:a589a95f8b485bbb	дѣти	noun	lexical-form	дѣти	дѣ́ти	children	general	english-wiktionary-ocs-kaikki-2026-08-07	synodal:candidate:a589a95f8b485bbbf2de33f6	ponomar-elizabeth-bible-2026-08-09	synodal:candidate:4f7733783a20db2fa48f327e	Dan.14.21	reviewed	synodal-russian	Reviewer confirmed the unique source-partition OCS identity and sense, then independently confirmed this exact whole-token Synodal source witness. This licenses only the lexical form and separately reviewed exact cells; no productive paradigm is inferred.
review:v06:a6e60a3f60e607cb	synodal:pronoun:v06-a6e60a3f60e607cb	sense:v06:a6e60a3f60e607cb	чьто	pronoun	lexical-form	чесѡ	чесѡ̀	what (interrogative)	general	english-wiktionary-ocs-kaikki-2026-08-07	synodal:candidate:a6e60a3f60e607cbb4064744	ponomar-elizabeth-bible-2026-08-09	synodal:candidate:13ae0e5f9ee57ffcd9f45a23	Acts.22.30	reviewed	synodal-russian	Reviewer confirmed the unique source-partition OCS identity and sense, then independently confirmed this exact whole-token Synodal source witness. This licenses only the lexical form and separately reviewed exact cells; no productive paradigm is inferred.
review:v06:a6fdc71e0c673600	synodal:verb:v06-a6fdc71e0c673600	sense:v06:a6fdc71e0c673600	стоꙗти	verb	lexical-form	стоитъ	стои́тъ	to stand; to be present; to stay, to bear	general	english-wiktionary-ocs-kaikki-2026-08-07	synodal:candidate:a6fdc71e0c6736003f1ff535	ponomar-elizabeth-bible-2026-08-09	synodal:candidate:9731b36555991624599a7a7c	Acts.4.10	reviewed	synodal-russian	Reviewer confirmed the unique source-partition OCS identity and sense, then independently confirmed this exact whole-token Synodal source witness. This licenses only the lexical form and separately reviewed exact cells; no productive paradigm is inferred.
review:v06:a79476be07ef953c	synodal:adjective:v06-a79476be07ef953c	sense:v06:a79476be07ef953c	вѣрьнъ	adjective	lexical-form	вѣренъ	вѣ́ренъ	faithful, loyal	general	english-wiktionary-ocs-kaikki-2026-08-07	synodal:candidate:a79476be07ef953cd96f9981	ponomar-elizabeth-bible-2026-08-09	synodal:candidate:bd91950a8e475b5dac8f911f	Apoc.2.10	reviewed	synodal-russian	Reviewer confirmed the unique source-partition OCS identity and sense, then independently confirmed this exact whole-token Synodal source witness. This licenses only the lexical form and separately reviewed exact cells; no productive paradigm is inferred.
review:v06:a7b239a702ce4216	synodal:verb:v06-a7b239a702ce4216	sense:v06:a7b239a702ce4216	повелѣти	verb	lexical-form	повелѣ	повелѣ̀	to command	general	english-wiktionary-ocs-kaikki-2026-08-07	synodal:candidate:a7b239a702ce42165ccadb41	ponomar-elizabeth-bible-2026-08-09	synodal:candidate:f1fd5cb7e8bc638b308a2a0d	Acts.1.4	reviewed	synodal-russian	Reviewer confirmed the unique source-partition OCS identity and sense, then independently confirmed this exact whole-token Synodal source witness. This licenses only the lexical form and separately reviewed exact cells; no productive paradigm is inferred.
review:v06:adverb:nynye	synodal:adverb:nynye	sense:v06:adverb:nynye	нынѣ	adverb	indeclinable	нынѣ	ны́нѣ	now; at the present time	time	alypy-gamanovich-grammar-web-2023	synodal:candidate:3b10045bc8acd9beec5915d8	wikisource-church-slavonic-bible-2026-08-09	synodal:candidate:a99baabaaa62a7730bf0d5f9	Psalm.2.10	reviewed	synodal-russian	Alypy §107 explicitly classifies ны́нѣ as an adverb, while the independent source-partition target passage supplies the exact expanded spelling; the contracted form is licensed separately and non-productively.
review:v06:b23133f0dc954885	synodal:noun:v06-b23133f0dc954885	sense:v06:b23133f0dc954885	лесть	noun	lexical-form	лесть	ле́сть	intrigue; deceit	general	english-wiktionary-ocs-kaikki-2026-08-07	synodal:candidate:b23133f0dc954885800062b5	ponomar-elizabeth-bible-2026-08-09	synodal:candidate:1a160930327eaa0d3154a2c0	Dan.8.25	reviewed	synodal-russian	Reviewer confirmed the unique source-partition OCS identity and sense, then independently confirmed this exact whole-token Synodal source witness. This licenses only the lexical form and separately reviewed exact cells; no productive paradigm is inferred.
review:v06:b656255241f904d4	synodal:noun:v06-b656255241f904d4	sense:v06:b656255241f904d4	вина	noun	lexical-form	вина	вина̀	fault; cause; excuse	general	english-wiktionary-ocs-kaikki-2026-08-07	synodal:candidate:b656255241f904d4c0134b85	ponomar-elizabeth-bible-2026-08-09	synodal:candidate:e9dd45b13f0bb833c6479450	Acts.10.21	reviewed	synodal-russian	Reviewer confirmed the unique source-partition OCS identity and sense, then independently confirmed this exact whole-token Synodal source witness. This licenses only the lexical form and separately reviewed exact cells; no productive paradigm is inferred.
review:v06:ba5b8abd7b0756e9	synodal:noun:v06-ba5b8abd7b0756e9	sense:v06:ba5b8abd7b0756e9	поле	noun	lexical-form	поле	по́ле	field	general	english-wiktionary-ocs-kaikki-2026-08-07	synodal:candidate:ba5b8abd7b0756e9f5e2769f	ponomar-elizabeth-bible-2026-08-09	synodal:candidate:7dc36601b0bf1b4331b47249	Deut.1.7	reviewed	synodal-russian	Reviewer confirmed the unique source-partition OCS identity and sense, then independently confirmed this exact whole-token Synodal source witness. This licenses only the lexical form and separately reviewed exact cells; no productive paradigm is inferred.
review:v06:bba31c88723cae5c	synodal:verb:v06-bba31c88723cae5c	sense:v06:bba31c88723cae5c	жити	verb	lexical-form	жити	жи́ти	to live	general	english-wiktionary-ocs-kaikki-2026-08-07	synodal:candidate:bba31c88723cae5c9e252c0b	ponomar-elizabeth-bible-2026-08-09	synodal:candidate:8ab095b5ecec6aea6226f2e7	Acts.22.22	reviewed	synodal-russian	Reviewer confirmed the unique source-partition OCS identity and sense, then independently confirmed this exact whole-token Synodal source witness. This licenses only the lexical form and separately reviewed exact cells; no productive paradigm is inferred.
review:v06:c83e3264f4da24ce	synodal:verb:v06-c83e3264f4da24ce	sense:v06:c83e3264f4da24ce	пьсати	verb	lexical-form	писано	пи́сано	to write	general	english-wiktionary-ocs-kaikki-2026-08-07	synodal:candidate:c83e3264f4da24ce2795ce66	ponomar-elizabeth-bible-2026-08-09	synodal:candidate:c8588eed4560fcd5d31fe7e9	Acts.7.42	reviewed	synodal-russian	Reviewer confirmed the unique source-partition OCS identity and sense, then independently confirmed this exact whole-token Synodal source witness. This licenses only the lexical form and separately reviewed exact cells; no productive paradigm is inferred.
review:v06:c8b75d2f425c16e5	synodal:verb:v06-c8b75d2f425c16e5	sense:v06:c8b75d2f425c16e5	мощи	verb	lexical-form	мощи	мощѝ	to be able	general	english-wiktionary-ocs-kaikki-2026-08-07	synodal:candidate:c8b75d2f425c16e543060087	ponomar-elizabeth-bible-2026-08-09	synodal:candidate:af941c5aa8e92f27b7629e90	Deut.28.27	reviewed	synodal-russian	Reviewer confirmed the unique source-partition OCS identity and sense, then independently confirmed this exact whole-token Synodal source witness. This licenses only the lexical form and separately reviewed exact cells; no productive paradigm is inferred.
review:v06:cb21a2bc6b898b02	synodal:noun:v06-cb21a2bc6b898b02	sense:v06:cb21a2bc6b898b02	левъ	noun	lexical-form	левъ	ле́въ	lion	general	english-wiktionary-ocs-kaikki-2026-08-07	synodal:candidate:cb21a2bc6b898b0264d64319	ponomar-elizabeth-bible-2026-08-09	synodal:candidate:1351d3290c2389bee23bba40	Amos.3.4	reviewed	synodal-russian	Reviewer confirmed the unique source-partition OCS identity and sense, then independently confirmed this exact whole-token Synodal source witness. This licenses only the lexical form and separately reviewed exact cells; no productive paradigm is inferred.
review:v06:dce2b2486b64fd57	synodal:noun:v06-dce2b2486b64fd57	sense:v06:dce2b2486b64fd57	пътица	noun	lexical-form	птицъ	пти́цъ	bird	general	english-wiktionary-ocs-kaikki-2026-08-07	synodal:candidate:dce2b2486b64fd57c74920d3	ponomar-elizabeth-bible-2026-08-09	synodal:candidate:ad7c2d112bbce7dbe7b4e33b	Apoc.18.2	reviewed	synodal-russian	Reviewer confirmed the unique source-partition OCS identity and sense, then independently confirmed this exact whole-token Synodal source witness. This licenses only the lexical form and separately reviewed exact cells; no productive paradigm is inferred.
review:v06:dd281666539ac305	synodal:noun:v06-dd281666539ac305	sense:v06:dd281666539ac305	плоть	noun	lexical-form	плоть	пло́ть	body, flesh	general	english-wiktionary-ocs-kaikki-2026-08-07	synodal:candidate:dd281666539ac3053c8898f2	ponomar-elizabeth-bible-2026-08-09	synodal:candidate:1ea8f8196096f278c80574ce	Acts.2.26	reviewed	synodal-russian	Reviewer confirmed the unique source-partition OCS identity and sense, then independently confirmed this exact whole-token Synodal source witness. This licenses only the lexical form and separately reviewed exact cells; no productive paradigm is inferred.
review:v06:dee1bb18e959484d	synodal:noun:v06-dee1bb18e959484d	sense:v06:dee1bb18e959484d	горѥсть	noun	lexical-form	горести	го́рести	bitterness	general	english-wiktionary-ocs-kaikki-2026-08-07	synodal:candidate:dee1bb18e959484dd3d3afa8	ponomar-elizabeth-bible-2026-08-09	synodal:candidate:41dec12d7e656bf4c4c05bf0	Acts.8.23	reviewed	synodal-russian	Reviewer confirmed the unique source-partition OCS identity and sense, then independently confirmed this exact whole-token Synodal source witness. This licenses only the lexical form and separately reviewed exact cells; no productive paradigm is inferred.
review:v06:e3bdc69bb0fe41f0	synodal:adjective:v06-e3bdc69bb0fe41f0	sense:v06:e3bdc69bb0fe41f0	мъногъ	adjective	lexical-form	многѡ	мно́гѡ	many, great	general	english-wiktionary-ocs-kaikki-2026-08-07	synodal:candidate:e3bdc69bb0fe41f0ec2ff9c8	ponomar-elizabeth-bible-2026-08-09	synodal:candidate:b2289a22d63517c30067f3a2	Apoc.5.4	reviewed	synodal-russian	Reviewer confirmed the unique source-partition OCS identity and sense, then independently confirmed this exact whole-token Synodal source witness. This licenses only the lexical form and separately reviewed exact cells; no productive paradigm is inferred.
review:v06:e5f5efea52ec5e2e	synodal:noun:v06-e5f5efea52ec5e2e	sense:v06:e5f5efea52ec5e2e	пламень	noun	lexical-form	пламень	пла́мень	flame	general	english-wiktionary-ocs-kaikki-2026-08-07	synodal:candidate:e5f5efea52ec5e2eb321e9fd	ponomar-elizabeth-bible-2026-08-09	synodal:candidate:3b8a5c313091241fafdd47e8	Apoc.1.14	reviewed	synodal-russian	Reviewer confirmed the unique source-partition OCS identity and sense, then independently confirmed this exact whole-token Synodal source witness. This licenses only the lexical form and separately reviewed exact cells; no productive paradigm is inferred.
review:v06:e66ef6e1727178e2	synodal:verb:v06-e66ef6e1727178e2	sense:v06:e66ef6e1727178e2	погрети	verb	lexical-form	погребенъ	погребе́нъ	to bury	general	english-wiktionary-ocs-kaikki-2026-08-07	synodal:candidate:e66ef6e1727178e26c4a3a54	ponomar-elizabeth-bible-2026-08-09	synodal:candidate:bd3aa98b46636d5006084946	Acts.2.29	reviewed	synodal-russian	Reviewer confirmed the unique source-partition OCS identity and sense, then independently confirmed this exact whole-token Synodal source witness. This licenses only the lexical form and separately reviewed exact cells; no productive paradigm is inferred.
review:v06:e75e4ecfdf94b8aa	synodal:noun:v06-e75e4ecfdf94b8aa	sense:v06:e75e4ecfdf94b8aa	двьрь	noun	lexical-form	дверьми	две́рьми	door, front door, entrance	general	english-wiktionary-ocs-kaikki-2026-08-07	synodal:candidate:e75e4ecfdf94b8aa96ab2b19	ponomar-elizabeth-bible-2026-08-09	synodal:candidate:6042852a40caebb53d1511eb	Acts.3.2	reviewed	synodal-russian	Reviewer confirmed the unique source-partition OCS identity and sense, then independently confirmed this exact whole-token Synodal source witness. This licenses only the lexical form and separately reviewed exact cells; no productive paradigm is inferred.
review:v06:e893231169afc767	synodal:verb:v06-e893231169afc767	sense:v06:e893231169afc767	сънити	verb	lexical-form	Сниде	Сни́де	to come down, go down; to enter into; to get together, to meet	general	english-wiktionary-ocs-kaikki-2026-08-07	synodal:candidate:e893231169afc767970e8a48	ponomar-elizabeth-bible-2026-08-09	synodal:candidate:5ae4989589232e72fb95ce4f	Ex.2.5	reviewed	synodal-russian	Reviewer confirmed the unique source-partition OCS identity and sense, then independently confirmed this exact whole-token Synodal source witness. This licenses only the lexical form and separately reviewed exact cells; no productive paradigm is inferred.
review:v06:ea34e8ebdfdfe6f9	synodal:noun:v06-ea34e8ebdfdfe6f9	sense:v06:ea34e8ebdfdfe6f9	вѣкъ	noun	lexical-form	вѣкъ	вѣ́къ	age	general	english-wiktionary-ocs-kaikki-2026-08-07	synodal:candidate:ea34e8ebdfdfe6f948b9c613	ponomar-elizabeth-bible-2026-08-09	synodal:candidate:796715c99842847274eee104	Baruch.3.3	reviewed	synodal-russian	Reviewer confirmed the unique source-partition OCS identity and sense, then independently confirmed this exact whole-token Synodal source witness. This licenses only the lexical form and separately reviewed exact cells; no productive paradigm is inferred.
review:v06:ecc31fb0e3271807	synodal:proper-noun:v06-ecc31fb0e3271807	sense:v06:ecc31fb0e3271807	Павьлъ	proper-noun	lexical-form	паѵла	па́ѵла	a male given name from Latin, equivalent to English Paul	person,name	english-wiktionary-ocs-kaikki-2026-08-07	synodal:candidate:ecc31fb0e32718071ec2c7b9	ponomar-elizabeth-bible-2026-08-09	synodal:candidate:5fcc4660d246f202bc4632c1	Acts.13.45	reviewed	synodal-russian	Reviewer confirmed the unique source-partition OCS identity and sense, then independently confirmed this exact whole-token Synodal source witness. This licenses only the lexical form and separately reviewed exact cells; no productive paradigm is inferred.
review:v06:noun:brethren-collective	synodal:noun:brethren-collective	sense:v06:noun:brethren-collective	братїѧ	noun	noun:nominative:singular:animate	братїѧ	бра́тїѧ	brethren; brotherhood (collective)	family	alypy-gamanovich-grammar-web-2023	synodal:candidate:e2eb4da46316edd3018fe3a8	ponomar-elizabeth-bible-2026-08-09	synodal:candidate:bfde8f44d5d48d37baff5bbc	Acts.9.30	reviewed	synodal-russian	Alypy §37 explicitly distinguishes the collective братїѧ from the plural of братъ and supplies its singular collective nominative, genitive, and vocative; the family is therefore split into a stable collective identity instead of being merged by stem similarity.
review:v06:noun:brother	synodal:noun:brother	sense:v06:noun:brother	братъ	noun	lexical-form	братъ	бра́тъ	brother	family	english-wiktionary-ocs-kaikki-2026-08-07	synodal:candidate:b8bf2323a51907e002e7e66c	ponomar-elizabeth-bible-2026-08-09	synodal:candidate:4f716a1fa73d786330696ab3	Apoc.1.9	reviewed	synodal-russian	The source-partition OCS entry explicitly lists братъ as an alternative with the brother sense; the independent target passage confirms the exact Synodal lemma, while Alypy §37 alone licenses the admitted irregular plural cells.
review:v07:4b42fb30c871c549	synodal:adjective:v07-04155aef09f378f0	sense:v07:4b42fb30c871c549	оугодьнъ	adjective	lexical-form	ѹгодно	ѹ҆го́дно	pleasant	general	english-wiktionary-ocs-kaikki-2026-08-07	synodal:candidate:15ca2b8595563071b569174e	wikisource-church-slavonic-bible-2026-08-09	synodal:candidate:0496d514809d6fea71f96d11	I_Macc.8.21	reviewed	synodal-russian	Reviewer confirmed the source-partition lexical and semantic identity, the independent exact Synodal whole-token witness, and the bounded historical spelling continuity. Only the separately listed exact cells are admitted.
review:v07:8aaccb19b8018436	synodal:adjective:v07-2585c9e958eb4925	sense:v07:8aaccb19b8018436	проклѧтъ	adjective	lexical-form	проклѧтъ	Про́клѧтъ	cursed	general	english-wiktionary-ocs-kaikki-2026-08-07	synodal:candidate:b61cd9e5a5e1d6a6fd4b8a1c	ponomar-elizabeth-bible-2026-08-09	synodal:candidate:1a103580094de12b50386f2e	Jerem.20.15	reviewed	synodal-russian	Reviewer confirmed the source-partition lexical and semantic identity, the independent exact Synodal whole-token witness, and the bounded historical spelling continuity. Only the separately listed exact cells are admitted.
review:v07:70a317d66dffcb74	synodal:adjective:v07-5ac21ff6bd1d1530	sense:v07:70a317d66dffcb74	лѫкавъ	adjective	lexical-form	лꙋкавагѡ	лꙋка́ваго	bad, evil; cunning	general	english-wiktionary-ocs-kaikki-2026-08-07	synodal:candidate:2550104fa5512ff482edfb4a	ponomar-elizabeth-bible-2026-08-09	synodal:candidate:29437355b22986e8ff78c8eb	Psalm.100.4	reviewed	synodal-russian	Reviewer confirmed the source-partition lexical and semantic identity, the independent exact Synodal whole-token witness, and the bounded historical spelling continuity. Only the separately listed exact cells are admitted.
review:v07:9e5ec037d8bc8bb1	synodal:adjective:v07-754731df6f1c0a4b	sense:v07:9e5ec037d8bc8bb1	деснъ	adjective	lexical-form	деснꙋю	деснꙋ́ю	right (side)	general	english-wiktionary-ocs-kaikki-2026-08-07	synodal:candidate:9fcfadfcff9cd23d666c9183	ponomar-elizabeth-bible-2026-08-09	synodal:candidate:19a4b300a3c0d8577f3c2a9f	III_Esdra.11.20	reviewed	synodal-russian	Reviewer confirmed the source-partition lexical and semantic identity, the independent exact Synodal whole-token witness, and the bounded historical spelling continuity. Only the separately listed exact cells are admitted.
review:v07:a8e2d5399a72a725	synodal:adverb:v07-070a284d4048d64c	sense:v07:a8e2d5399a72a725	въспѧть	adverb	indeclinable	вспѧть	вспѧ́ть	back; backward; return; reverse	general	english-wiktionary-ocs-kaikki-2026-08-07	synodal:candidate:7096be63c53acd7389cc50a5	ponomar-elizabeth-bible-2026-08-09	synodal:candidate:04d09c4f2b1f2f9cb944b13a	Psalm.77.66	reviewed	synodal-russian	Reviewer confirmed the source-partition lexical and semantic identity, the independent exact Synodal whole-token witness, and the bounded historical spelling continuity. Only the separately listed exact cells are admitted.
review:v07:ad389e632feb0784	synodal:adverb:v07-1d01379f954c962d	sense:v07:ad389e632feb0784	явѣ	adverb	indeclinable	ꙗвѣ	ꙗ҆́вѣ	openly	general	english-wiktionary-ocs-kaikki-2026-08-07	synodal:candidate:716e6c73c021e03cf883f8f1	ponomar-elizabeth-bible-2026-08-09	synodal:candidate:1271d6135cff0d1dc2ad3e6e	Heb.7.15	reviewed	synodal-russian	Reviewer confirmed the source-partition lexical and semantic identity, the independent exact Synodal whole-token witness, and the bounded historical spelling continuity. Only the separately listed exact cells are admitted.
review:v07:a84005948f164932	synodal:adverb:v07-9330752134b48d75	sense:v07:a84005948f164932	сьде	adverb	indeclinable	сꙋдѣ	сꙋдѣ̀	here	general	english-wiktionary-ocs-kaikki-2026-08-07	synodal:candidate:d60f01b8aa8575e32b87f889	ponomar-elizabeth-bible-2026-08-09	synodal:candidate:01fb802f619b790a045a788f	Ex.23.3	reviewed	synodal-russian	Reviewer confirmed the source-partition lexical and semantic identity, the independent exact Synodal whole-token witness, and the bounded historical spelling continuity. Only the separately listed exact cells are admitted.
review:v07:fd8e90f5487cdd7c	synodal:adverb:v07-9534baf855dbc644	sense:v07:fd8e90f5487cdd7c	потомь	adverb	indeclinable	потомъ	Пото́мъ	afterward; then	general	english-wiktionary-ocs-kaikki-2026-08-07	synodal:candidate:5b3e3d644cd5fb00a89f874b	ponomar-elizabeth-bible-2026-08-09	synodal:candidate:00b4508c93c2ac4707b83363	Job.11.6	reviewed	synodal-russian	Reviewer confirmed the source-partition lexical and semantic identity, the independent exact Synodal whole-token witness, and the bounded historical spelling continuity. Only the separately listed exact cells are admitted.
review:v07:af33e73cde470d38	synodal:adverb:v07-ad6d6e440461eead	sense:v07:af33e73cde470d38	вънъ	adverb	indeclinable	вонъ	во́нъ	outside	general	english-wiktionary-ocs-kaikki-2026-08-07	synodal:candidate:bd061644eb5215155422a7a7	ponomar-elizabeth-bible-2026-08-09	synodal:candidate:066aa09a4dc61e51592cde4f	Lk.4.29	reviewed	synodal-russian	Reviewer confirmed the source-partition lexical and semantic identity, the independent exact Synodal whole-token witness, and the bounded historical spelling continuity. Only the separately listed exact cells are admitted.
review:v07:97733d04bc8b2112	synodal:noun:v07-01c99571fa22c383	sense:v07:97733d04bc8b2112	съкровище	noun	lexical-form	сокровище	сокро́вище	hidden place; treasure; treasury	general	english-wiktionary-ocs-kaikki-2026-08-07	synodal:candidate:184c09fb46aa3169f5fe6d43	ponomar-elizabeth-bible-2026-08-09	synodal:candidate:01c3c9bad95d9fee326ccb73	II_Macc.3.13	reviewed	synodal-russian	Reviewer confirmed the source-partition lexical and semantic identity, the independent exact Synodal whole-token witness, and the bounded historical spelling continuity. Only the separately listed exact cells are admitted.
review:v07:cb9c7a9876a1b71f	synodal:noun:v07-06737f6f4283c5ac	sense:v07:cb9c7a9876a1b71f	хлъмъ	noun	lexical-form	холмъ	хо́лмъ	hill, hillock, crest	general	english-wiktionary-ocs-kaikki-2026-08-07	synodal:candidate:71b387c59dc4e4ba143762a1	ponomar-elizabeth-bible-2026-08-09	synodal:candidate:054ec1a8d3bed44fcd8fbdee	Gen.31.46	reviewed	synodal-russian	Reviewer confirmed the source-partition lexical and semantic identity, the independent exact Synodal whole-token witness, and the bounded historical spelling continuity. Only the separately listed exact cells are admitted.
review:v07:750e64d19d38365c	synodal:noun:v07-068fabd47d16b7a4	sense:v07:750e64d19d38365c	жрьтва	noun	lexical-form	жертвꙋ	же́ртвꙋ	offering; sacrifice	general	english-wiktionary-ocs-kaikki-2026-08-07	synodal:candidate:5026327fe63db2ddc9155d8c	ponomar-elizabeth-bible-2026-08-09	synodal:candidate:013a3ece6a4c0e420f1f2b4c	III_Kings.18.29	reviewed	synodal-russian	Reviewer confirmed the source-partition lexical and semantic identity, the independent exact Synodal whole-token witness, and the bounded historical spelling continuity. Only the separately listed exact cells are admitted.
review:v07:f4c282cecf432353	synodal:noun:v07-09072ac82b797b2b	sense:v07:f4c282cecf432353	мѫдрость	noun	lexical-form	мꙋдрость	мꙋ́дрость	wisdom	general	english-wiktionary-ocs-kaikki-2026-08-07	synodal:candidate:7233bdbd0a44f57a0c64bfac	ponomar-elizabeth-bible-2026-08-09	synodal:candidate:05beb92f24d4953737265582	Eccles.10.10	reviewed	synodal-russian	Reviewer confirmed the source-partition lexical and semantic identity, the independent exact Synodal whole-token witness, and the bounded historical spelling continuity. Only the separately listed exact cells are admitted.
review:v07:6b92a9b00e0d862b	synodal:noun:v07-091e4959c339019a	sense:v07:6b92a9b00e0d862b	чѧсть	noun	lexical-form	чести	че́сти	part; piece	general	english-wiktionary-ocs-kaikki-2026-08-07	synodal:candidate:6c4243f514da6249a784dade	ponomar-elizabeth-bible-2026-08-09	synodal:candidate:0f13037b07f2096f92202532	Rom.2.7	rejected	synodal-russian	Corrective contextual review found Rom.2.7 uses чести as genitive singular honour; it cannot attest the part or piece identity.
review:v07:ad63834b1da54c2f	synodal:noun:v07-0f504abe6f5f3639	sense:v07:ad63834b1da54c2f	чѧдо	noun	lexical-form	чада	Ча̑да	child	general	english-wiktionary-ocs-kaikki-2026-08-07	synodal:candidate:3dd2c81709ba5321fdca81e8	ponomar-elizabeth-bible-2026-08-09	synodal:candidate:13075a33a3b17ba8bea35cae	Wisd.3.16	reviewed	synodal-russian	Reviewer confirmed the source-partition lexical and semantic identity, the independent exact Synodal whole-token witness, and the bounded historical spelling continuity. Only the separately listed exact cells are admitted.
review:v07:9f6fc6dd84bc26ad	synodal:noun:v07-12621bc315f78ff8	sense:v07:9f6fc6dd84bc26ad	оухо	noun	lexical-form	ѹхо	Ѹ҆́хо	ear; eye of a needle; hearing	general	english-wiktionary-ocs-kaikki-2026-08-07	synodal:candidate:b996ad815d6ab326cf6b2a32	wikisource-church-slavonic-bible-2026-08-09	synodal:candidate:2531cfac6b172f1a041184b4	Prov.20.12	reviewed	synodal-russian	Reviewer confirmed the source-partition lexical and semantic identity, the independent exact Synodal whole-token witness, and the bounded historical spelling continuity. Only the separately listed exact cells are admitted.
review:v07:393f04be4c8c3deb	synodal:noun:v07-1433d60070cbd258	sense:v07:393f04be4c8c3deb	домове	noun	lexical-form	домове	До́мове	nominative plural of домъ (domŭ)	general	english-wiktionary-ocs-kaikki-2026-08-07	synodal:candidate:0d71c7f909a7eedebef65888	ponomar-elizabeth-bible-2026-08-09	synodal:candidate:0fd82daea0faa70af286f772	Prov.14.11	rejected	synodal-russian	Corrective identity review found домове is a nominative plural form of the existing домъ lexeme, not an independent lexical identity.
review:v07:6c7464338d4f33c9	synodal:noun:v07-14c8473015ffe18c	sense:v07:6c7464338d4f33c9	десѧтина	noun	lexical-form	десѧтины	десѧти́ны	one tenth	general	english-wiktionary-ocs-kaikki-2026-08-07	synodal:candidate:1228d875b5402503622a8d60	ponomar-elizabeth-bible-2026-08-09	synodal:candidate:7cf12abc1af851a88e7879b4	Nehem.10.38	reviewed	synodal-russian	Reviewer confirmed the source-partition lexical and semantic identity, the independent exact Synodal whole-token witness, and the bounded historical spelling continuity. Only the separately listed exact cells are admitted.
review:v07:f01d302f7bd91a58	synodal:noun:v07-15ca6aa83f100698	sense:v07:f01d302f7bd91a58	црькꙑ	noun	lexical-form	церковь	це́рковь	church; temple	general	english-wiktionary-ocs-kaikki-2026-08-07	synodal:candidate:272cd7ff85043eb2e9df12bf	ponomar-elizabeth-bible-2026-08-09	synodal:candidate:0a97bd4eaa9d020c5ab61a38	I_Esdra.4.1	reviewed	synodal-russian	Reviewer confirmed the source-partition lexical and semantic identity, the independent exact Synodal whole-token witness, and the bounded historical spelling continuity. Only the separately listed exact cells are admitted.
review:v07:1c32ee22cb3a840f	synodal:noun:v07-192630368c5da7f3	sense:v07:1c32ee22cb3a840f	ковьчегъ	noun	lexical-form	ковчегъ	ковче́гъ	ark; box; coffer; urn	general	english-wiktionary-ocs-kaikki-2026-08-07	synodal:candidate:5f0b927ca7bfb0bc3486c002	ponomar-elizabeth-bible-2026-08-09	synodal:candidate:1c9036d6b21ed25938ef1662	Deut.10.2	reviewed	synodal-russian	Reviewer confirmed the source-partition lexical and semantic identity, the independent exact Synodal whole-token witness, and the bounded historical spelling continuity. Only the separately listed exact cells are admitted.
review:v07:795f7c35fe656bf3	synodal:noun:v07-1a970c0f91ba4867	sense:v07:795f7c35fe656bf3	врѣтище	noun	lexical-form	вретище	вре́тище	bag, sack	general	english-wiktionary-ocs-kaikki-2026-08-07	synodal:candidate:ea05212c50f6bfca58942c88	ponomar-elizabeth-bible-2026-08-09	synodal:candidate:0310bc2be09823860debac59	Joel.1.8	reviewed	synodal-russian	Reviewer confirmed the source-partition lexical and semantic identity, the independent exact Synodal whole-token witness, and the bounded historical spelling continuity. Only the separately listed exact cells are admitted.
review:v07:8dc87a9539e70a0e	synodal:noun:v07-1b8b92da31ce3a3f	sense:v07:8dc87a9539e70a0e	притъча	noun	lexical-form	притчꙋ	при́тчꙋ	parable, allegory; proverb, saying; tale, fable	general	english-wiktionary-ocs-kaikki-2026-08-07	synodal:candidate:efda59633067ec08def48edd	ponomar-elizabeth-bible-2026-08-09	synodal:candidate:0c0f46d404d8fa4d77fea31a	Jn.10.6	reviewed	synodal-russian	Reviewer confirmed the source-partition lexical and semantic identity, the independent exact Synodal whole-token witness, and the bounded historical spelling continuity. Only the separately listed exact cells are admitted.
review:v07:9d784f02f01e45a9	synodal:noun:v07-20cbf37da93828ed	sense:v07:9d784f02f01e45a9	дьбрь	noun	lexical-form	дебрь	де́брь	valley	general	english-wiktionary-ocs-kaikki-2026-08-07	synodal:candidate:5685f0467c33437d752223e5	ponomar-elizabeth-bible-2026-08-09	synodal:candidate:0450f0e2ab38bc69f00dfcb4	Isa.10.29	reviewed	synodal-russian	Reviewer confirmed the source-partition lexical and semantic identity, the independent exact Synodal whole-token witness, and the bounded historical spelling continuity. Only the separately listed exact cells are admitted.
review:v07:528340ad4e8605ca	synodal:noun:v07-23b418c82fe88408	sense:v07:528340ad4e8605ca	чрѣво	noun	lexical-form	чрева	чре́ва	belly; guts; womb	general	english-wiktionary-ocs-kaikki-2026-08-07	synodal:candidate:2223c5361b32c51d70533b5d	ponomar-elizabeth-bible-2026-08-09	synodal:candidate:0093f8ab977e9076c21ee1cc	III_Macc.7.9	reviewed	synodal-russian	Reviewer confirmed the source-partition lexical and semantic identity, the independent exact Synodal whole-token witness, and the bounded historical spelling continuity. Only the separately listed exact cells are admitted.
review:v07:f69b4b32c04f044b	synodal:noun:v07-2c68091f0a79b3b2	sense:v07:f69b4b32c04f044b	опрѣснъкъ	noun	lexical-form	ѡпрѣсноки	ѡ҆прѣсно́ки	unleavened bread	general	english-wiktionary-ocs-kaikki-2026-08-07	synodal:candidate:20fdefdd85fe8468d2d10311	ponomar-elizabeth-bible-2026-08-09	synodal:candidate:1bf9872a94b251dddf80b90e	II_Esdra.1.10	reviewed	synodal-russian	Reviewer confirmed the source-partition lexical and semantic identity, the independent exact Synodal whole-token witness, and the bounded historical spelling continuity. Only the separately listed exact cells are admitted.
review:v07:03b44b4bfc2f3e3e	synodal:noun:v07-2e0b234368d01c83	sense:v07:03b44b4bfc2f3e3e	послѣдъкъ	noun	lexical-form	послѣдокъ	послѣ́докъ	end	general	english-wiktionary-ocs-kaikki-2026-08-07	synodal:candidate:28c28c1929d24971c727d0c5	ponomar-elizabeth-bible-2026-08-09	synodal:candidate:0008505f1a0cc25683f049ae	Prov.29.21	reviewed	synodal-russian	Reviewer confirmed the source-partition lexical and semantic identity, the independent exact Synodal whole-token witness, and the bounded historical spelling continuity. Only the separately listed exact cells are admitted.
review:v07:9876ffde291b79b2	synodal:noun:v07-316703a3d6b168cf	sense:v07:9876ffde291b79b2	олътарь	noun	lexical-form	ѻлтарь	ѻ҆лта́рь	altar	general	english-wiktionary-ocs-kaikki-2026-08-07	synodal:candidate:9be6906e56a82756949f5d02	ponomar-elizabeth-bible-2026-08-09	synodal:candidate:00cc5610a092e18a0e9a9d40	Lev.1.5	reviewed	synodal-russian	Reviewer confirmed the source-partition lexical and semantic identity, the independent exact Synodal whole-token witness, and the bounded historical spelling continuity. Only the separately listed exact cells are admitted.
review:v07:958c49324386ae33	synodal:noun:v07-351d57ed239f1dde	sense:v07:958c49324386ae33	кънижьникъ	noun	lexical-form	книжникъ	кни́жникъ	scribe, book-learned person	general	english-wiktionary-ocs-kaikki-2026-08-07	synodal:candidate:5e2a9c5bb04a188f669e9335	ponomar-elizabeth-bible-2026-08-09	synodal:candidate:04488d43bfec44154c5ed3da	Acts.19.35	reviewed	synodal-russian	Reviewer confirmed the source-partition lexical and semantic identity, the independent exact Synodal whole-token witness, and the bounded historical spelling continuity. Only the separately listed exact cells are admitted.
review:v07:175fc89e473d10a8	synodal:noun:v07-35d61ae8e4953502	sense:v07:175fc89e473d10a8	пѣсъкъ	noun	lexical-form	песокъ	песо́къ	sand	general	english-wiktionary-ocs-kaikki-2026-08-07	synodal:candidate:a1757a73ce770429befd9c9f	ponomar-elizabeth-bible-2026-08-09	synodal:candidate:032a6942f2ef6edda57ebd78	Gen.13.16	reviewed	synodal-russian	Reviewer confirmed the source-partition lexical and semantic identity, the independent exact Synodal whole-token witness, and the bounded historical spelling continuity. Only the separately listed exact cells are admitted.
review:v07:1e080c41872ad7f0	synodal:noun:v07-39d36c84121a0dd4	sense:v07:1e080c41872ad7f0	звѣрь	noun	lexical-form	ѕвѣрїе	Ѕвѣ́рїе	wild animal	general	english-wiktionary-ocs-kaikki-2026-08-07	synodal:candidate:9b1228a001c4661e1189a914	ponomar-elizabeth-bible-2026-08-09	synodal:candidate:06f6d6f8e6d169c5af94e058	Epistle.1.67	reviewed	synodal-russian	Reviewer confirmed the source-partition lexical and semantic identity, the independent exact Synodal whole-token witness, and the bounded historical spelling continuity. Only the separately listed exact cells are admitted.
review:v07:54f6cff8b0e940a5	synodal:noun:v07-44075006050c1854	sense:v07:54f6cff8b0e940a5	съборъ	noun	lexical-form	соборъ	собо́ръ	counsel; meeting	general	english-wiktionary-ocs-kaikki-2026-08-07	synodal:candidate:b5aefe2491b1c41f5adfbdb0	ponomar-elizabeth-bible-2026-08-09	synodal:candidate:183d1617df0790d0c2e3e6bb	Acts.17.10	reviewed	synodal-russian	Reviewer confirmed the source-partition lexical and semantic identity, the independent exact Synodal whole-token witness, and the bounded historical spelling continuity. Only the separately listed exact cells are admitted.
review:v07:e10e74b36ccb441f	synodal:noun:v07-478d442bd0465a8b	sense:v07:e10e74b36ccb441f	тꙑсѫщи	noun	lexical-form	тысѧща	ты́сѧща	thousand	general	english-wiktionary-ocs-kaikki-2026-08-07	synodal:candidate:e1da09ea41b1a27d5451e977	ponomar-elizabeth-bible-2026-08-09	synodal:candidate:00169596892b73093651cfbe	I_Paral.12.34	reviewed	synodal-russian	Reviewer confirmed the source-partition lexical and semantic identity, the independent exact Synodal whole-token witness, and the bounded historical spelling continuity. Only the separately listed exact cells are admitted.
review:v07:b2cc666cdd91a798	synodal:noun:v07-4c67d910aa3e91d1	sense:v07:b2cc666cdd91a798	ѡчищенїе	noun	lexical-form	ѡчищенїе	ѡ҆чище́нїе	cleansing, purification; atonement	general	english-wiktionary-ocs-kaikki-2026-08-07	synodal:candidate:60e6e7108683c80c2db2d490	ponomar-elizabeth-bible-2026-08-09	synodal:candidate:1e486f45b4c6e6e3e4bdaa42	Heb.1.3	reviewed	synodal-russian	Reviewer confirmed the source-partition lexical and semantic identity, the independent exact Synodal whole-token witness, and the bounded historical spelling continuity. Only the separately listed exact cells are admitted.
review:v07:336f0751344c4fea	synodal:noun:v07-4ea57e089679d12a	sense:v07:336f0751344c4fea	скръбь	noun	lexical-form	скорби	Скѡ́рби	grief, sorrow	general	english-wiktionary-ocs-kaikki-2026-08-07	synodal:candidate:20e7cd7a75e9508dc209f828	ponomar-elizabeth-bible-2026-08-09	synodal:candidate:ad0a23f1c74dd5b718f8dd4b	Psalm.24.17	reviewed	synodal-russian	Reviewer confirmed the source-partition lexical and semantic identity, the independent exact Synodal whole-token witness, and the bounded historical spelling continuity. Only the separately listed exact cells are admitted.
review:v07:d3a2673ab589c00b	synodal:noun:v07-513e598404690573	sense:v07:d3a2673ab589c00b	вождь	noun	lexical-form	вождь	во́ждь	leader	general	english-wiktionary-ocs-kaikki-2026-08-07	synodal:candidate:4db2455c1f3f6057d3dd898b	ponomar-elizabeth-bible-2026-08-09	synodal:candidate:060c9c4710cf4011abaef523	I_Paral.9.20	reviewed	synodal-russian	Reviewer confirmed the source-partition lexical and semantic identity, the independent exact Synodal whole-token witness, and the bounded historical spelling continuity. Only the separately listed exact cells are admitted.
review:v07:2a6ae84f6dcb4432	synodal:noun:v07-51a011907839a167	sense:v07:2a6ae84f6dcb4432	слъньце	noun	lexical-form	солнце	Со́лнце	sun (Earth's star)	general	english-wiktionary-ocs-kaikki-2026-08-07	synodal:candidate:32e6964bf787549f97e44734	ponomar-elizabeth-bible-2026-08-09	synodal:candidate:21940298d97f154292885adf	Gen.19.23	reviewed	synodal-russian	Reviewer confirmed the source-partition lexical and semantic identity, the independent exact Synodal whole-token witness, and the bounded historical spelling continuity. Only the separately listed exact cells are admitted.
review:v07:68e34fa001839314	synodal:noun:v07-549dec12f8aeb0c9	sense:v07:68e34fa001839314	доуша	noun	lexical-form	дꙋшꙋ	Дꙋ́шꙋ	soul	general	english-wiktionary-ocs-kaikki-2026-08-07	synodal:candidate:ba743663535793622def4f2b	ponomar-elizabeth-bible-2026-08-09	synodal:candidate:a71e335f046280168fc20dbe	Sirach.51.27	reviewed	synodal-russian	Reviewer confirmed the source-partition lexical and semantic identity, the independent exact Synodal whole-token witness, and the bounded historical spelling continuity. Only the separately listed exact cells are admitted.
review:v07:a6d8b0cf684fe18d	synodal:noun:v07-55b8d0f486450d5c	sense:v07:a6d8b0cf684fe18d	старьць	noun	lexical-form	старцы	ста́рцы	old man	general	english-wiktionary-ocs-kaikki-2026-08-07	synodal:candidate:52fbe4f2994a6926c413751f	ponomar-elizabeth-bible-2026-08-09	synodal:candidate:00c3342ddf9e7a71281971cf	Acts.21.18	reviewed	synodal-russian	Reviewer confirmed the source-partition lexical and semantic identity, the independent exact Synodal whole-token witness, and the bounded historical spelling continuity. Only the separately listed exact cells are admitted.
review:v07:0dd0aba3f389687e	synodal:noun:v07-585307dd05dff9c9	sense:v07:0dd0aba3f389687e	грѣшьникъ	noun	lexical-form	грѣшницы	грѣ̑шницы	sinner	general	english-wiktionary-ocs-kaikki-2026-08-07	synodal:candidate:3f1670c8afaab85acb0ea017	ponomar-elizabeth-bible-2026-08-09	synodal:candidate:03a315be23eb64fabf6446e0	Jude.1.15	reviewed	synodal-russian	Reviewer confirmed the source-partition lexical and semantic identity, the independent exact Synodal whole-token witness, and the bounded historical spelling continuity. Only the separately listed exact cells are admitted.
review:v07:dd66e40b8e95005f	synodal:noun:v07-5d84f5e18002f8f8	sense:v07:dd66e40b8e95005f	зълоба	noun	lexical-form	ѕлобы	ѕло́бы	evil, wickedness	general	english-wiktionary-ocs-kaikki-2026-08-07	synodal:candidate:9756eb1dbe52ce38f4dbe78a	ponomar-elizabeth-bible-2026-08-09	synodal:candidate:026065297617acec94bd460a	Zech.8.17	reviewed	synodal-russian	Reviewer confirmed the source-partition lexical and semantic identity, the independent exact Synodal whole-token witness, and the bounded historical spelling continuity. Only the separately listed exact cells are admitted.
review:v07:6a1cc3ca7a526ca9	synodal:noun:v07-65353db5013d64b9	sense:v07:6a1cc3ca7a526ca9	сѫдьба	noun	lexical-form	сꙋдьбы	сꙋдьбы̑	decision; judgement; justice; verdict	general	english-wiktionary-ocs-kaikki-2026-08-07	synodal:candidate:c04dd14d8ceebe5018bdbc51	ponomar-elizabeth-bible-2026-08-09	synodal:candidate:02cea066d2e4c9813c8fc866	Nehem.10.29	reviewed	synodal-russian	Reviewer confirmed the source-partition lexical and semantic identity, the independent exact Synodal whole-token witness, and the bounded historical spelling continuity. Only the separately listed exact cells are admitted.
review:v07:e6b3f08591333478	synodal:noun:v07-65be60d4d26af10f	sense:v07:e6b3f08591333478	величьство	noun	lexical-form	величество	вели́чество	greatness	general	english-wiktionary-ocs-kaikki-2026-08-07	synodal:candidate:c2b19133673ac88b209c9f5f	ponomar-elizabeth-bible-2026-08-09	synodal:candidate:0eaa5aa4757dd285f3aedad6	II_Esdra.4.46	reviewed	synodal-russian	Reviewer confirmed the source-partition lexical and semantic identity, the independent exact Synodal whole-token witness, and the bounded historical spelling continuity. Only the separately listed exact cells are admitted.
review:v07:85455cd870ca3342	synodal:noun:v07-677c3fbe80a9defc	sense:v07:85455cd870ca3342	тьмьница	noun	lexical-form	темницꙋ	темни́цꙋ	prison, dungeon	general	english-wiktionary-ocs-kaikki-2026-08-07	synodal:candidate:2e4b2f418a4507a04de94526	ponomar-elizabeth-bible-2026-08-09	synodal:candidate:04baafc8625fe39c88b16d8b	Acts.5.23	reviewed	synodal-russian	Reviewer confirmed the source-partition lexical and semantic identity, the independent exact Synodal whole-token witness, and the bounded historical spelling continuity. Only the separately listed exact cells are admitted.
review:v07:317d3cb70f6c924a	synodal:noun:v07-6b68e3c8ab1b77c2	sense:v07:317d3cb70f6c924a	источьникъ	noun	lexical-form	источникъ	И҆сто́чникъ	spring, source	general	english-wiktionary-ocs-kaikki-2026-08-07	synodal:candidate:421318ff326009d601d828f5	ponomar-elizabeth-bible-2026-08-09	synodal:candidate:918aef55dadd364055e38028	Prov.5.18	reviewed	synodal-russian	Reviewer confirmed the source-partition lexical and semantic identity, the independent exact Synodal whole-token witness, and the bounded historical spelling continuity. Only the separately listed exact cells are admitted.
review:v07:efa62905a23a1cc8	synodal:noun:v07-6c9ec0247d8bcbdf	sense:v07:efa62905a23a1cc8	работа	noun	lexical-form	работы	рабо́ты	servitude; slavery	general	english-wiktionary-ocs-kaikki-2026-08-07	synodal:candidate:2a1a322a0eb41be5d399b68b	ponomar-elizabeth-bible-2026-08-09	synodal:candidate:039d17e0bcf5c1f8d57a8ae7	Jerem.34.13	reviewed	synodal-russian	Reviewer confirmed the source-partition lexical and semantic identity, the independent exact Synodal whole-token witness, and the bounded historical spelling continuity. Only the separately listed exact cells are admitted.
review:v07:e84a40af8f0a48b8	synodal:noun:v07-6dd9144981954c80	sense:v07:e84a40af8f0a48b8	лѫкъ	noun	lexical-form	лꙋкъ	лꙋ́къ	bow (weapon)	general	english-wiktionary-ocs-kaikki-2026-08-07	synodal:candidate:bbb82114698bdf4a33db913d	ponomar-elizabeth-bible-2026-08-09	synodal:candidate:0060991481371cf24f3aa914	Jerem.50.29	reviewed	synodal-russian	Reviewer confirmed the source-partition lexical and semantic identity, the independent exact Synodal whole-token witness, and the bounded historical spelling continuity. Only the separately listed exact cells are admitted.
review:v07:281929d4ef06c1ec	synodal:noun:v07-74a224dbae96e363	sense:v07:281929d4ef06c1ec	помощьникъ	noun	lexical-form	помощникъ	Помо́щникъ	helper, assistant	general	english-wiktionary-ocs-kaikki-2026-08-07	synodal:candidate:2000dba090b4cc47f307ebaa	ponomar-elizabeth-bible-2026-08-09	synodal:candidate:20f0a9d5664012242edeebd0	Psalm.58.17	reviewed	synodal-russian	Reviewer confirmed the source-partition lexical and semantic identity, the independent exact Synodal whole-token witness, and the bounded historical spelling continuity. Only the separately listed exact cells are admitted.
review:v07:ee549afbb85aaa94	synodal:noun:v07-78c519e44bf484bd	sense:v07:ee549afbb85aaa94	каменьѥ	noun	lexical-form	каменїе	ка́менїе	stones	general	english-wiktionary-ocs-kaikki-2026-08-07	synodal:candidate:8f11edf80d79879d6669431d	ponomar-elizabeth-bible-2026-08-09	synodal:candidate:054ec1a8d3bed44fcd8fbdee	Gen.31.46	reviewed	synodal-russian	Reviewer confirmed the source-partition lexical and semantic identity, the independent exact Synodal whole-token witness, and the bounded historical spelling continuity. Only the separately listed exact cells are admitted.
review:v07:c8fa0b93c6197e40	synodal:noun:v07-79d1fda682c8fca2	sense:v07:c8fa0b93c6197e40	стлъпъ	noun	lexical-form	столпы	столпы̀	tower	general	english-wiktionary-ocs-kaikki-2026-08-07	synodal:candidate:198e052c7e181e4fb8dc1636	ponomar-elizabeth-bible-2026-08-09	synodal:candidate:040148e72a208579d2591f03	Jerem.43.13	reviewed	synodal-russian	Reviewer confirmed the source-partition lexical and semantic identity, the independent exact Synodal whole-token witness, and the bounded historical spelling continuity. Only the separately listed exact cells are admitted.
review:v07:c9c36e0abfe561c0	synodal:noun:v07-7a65ad3574c9063a	sense:v07:c9c36e0abfe561c0	господине	noun	lexical-form	господине	господи́не	vocative singular of господинъ (gospodinŭ)	general	english-wiktionary-ocs-kaikki-2026-08-07	synodal:candidate:2dbfb4f100c7dfc1d8f32d4d	ponomar-elizabeth-bible-2026-08-09	synodal:candidate:0a64562b7a9978224fb72463	Judith.11.17	rejected	synodal-russian	Corrective identity review found господине is the vocative singular of the existing господинъ lexeme, not an independent lexical identity.
review:v07:c698c96a2f4cf37c	synodal:noun:v07-87de0e6dd66c2f80	sense:v07:c698c96a2f4cf37c	дльгота	noun	lexical-form	долгота	Долгота̀	length	general	english-wiktionary-ocs-kaikki-2026-08-07	synodal:candidate:b828b2b4ad639fcf8beec74c	ponomar-elizabeth-bible-2026-08-09	synodal:candidate:7bafee65e53b29d3fb6f6b97	Ex.26.2	reviewed	synodal-russian	Reviewer confirmed the source-partition lexical and semantic identity, the independent exact Synodal whole-token witness, and the bounded historical spelling continuity. Only the separately listed exact cells are admitted.
review:v07:920b69ebe37143e5	synodal:noun:v07-8cf3da9b62bff101	sense:v07:920b69ebe37143e5	зѫбъ	noun	lexical-form	зꙋбы	зꙋ́бы	tooth	general	english-wiktionary-ocs-kaikki-2026-08-07	synodal:candidate:22db0a80e04ccd40d3276020	ponomar-elizabeth-bible-2026-08-09	synodal:candidate:1183cbafe58bafe62bea7f5f	Psalm.57.6	reviewed	synodal-russian	Reviewer confirmed the source-partition lexical and semantic identity, the independent exact Synodal whole-token witness, and the bounded historical spelling continuity. Only the separately listed exact cells are admitted.
review:v07:8d766ba9d13545f1	synodal:noun:v07-96fba496a6a6a880	sense:v07:8d766ba9d13545f1	мъножьство	noun	lexical-form	множество	Мно́жество	multitude	general	english-wiktionary-ocs-kaikki-2026-08-07	synodal:candidate:8417c0e77708d5738948aadd	ponomar-elizabeth-bible-2026-08-09	synodal:candidate:31d3ebc35b2757580b220f90	Wisd.6.26	reviewed	synodal-russian	Reviewer confirmed the source-partition lexical and semantic identity, the independent exact Synodal whole-token witness, and the bounded historical spelling continuity. Only the separately listed exact cells are admitted.
review:v07:621773f9750b2bd7	synodal:noun:v07-981df815299601b1	sense:v07:621773f9750b2bd7	богатьство	noun	lexical-form	богатства	бога́тства	wealth	general	english-wiktionary-ocs-kaikki-2026-08-07	synodal:candidate:2007fe494d87ac791862fa4d	ponomar-elizabeth-bible-2026-08-09	synodal:candidate:0080e399289ab99b6f470560	II_Paral.1.11	reviewed	synodal-russian	Reviewer confirmed the source-partition lexical and semantic identity, the independent exact Synodal whole-token witness, and the bounded historical spelling continuity. Only the separately listed exact cells are admitted.
review:v07:914aa8948382c695	synodal:noun:v07-9839b479c14a98dd	sense:v07:914aa8948382c695	агньць	noun	lexical-form	агнца	а҆́гнца	lamb	general	english-wiktionary-ocs-kaikki-2026-08-07	synodal:candidate:48a56fd1a58cac5616e4f67c	ponomar-elizabeth-bible-2026-08-09	synodal:candidate:01655fa8acbcf5953d4390f8	Num.7.45	reviewed	synodal-russian	Reviewer confirmed the source-partition lexical and semantic identity, the independent exact Synodal whole-token witness, and the bounded historical spelling continuity. Only the separately listed exact cells are admitted.
review:v07:0b2a4cc8b57dd259	synodal:noun:v07-9c2563bd3383fa6d	sense:v07:0b2a4cc8b57dd259	лѫкавьство	noun	lexical-form	лꙋкавство	лꙋка́вство	badness	general	english-wiktionary-ocs-kaikki-2026-08-07	synodal:candidate:7f1f9945d7b9166d16983742	ponomar-elizabeth-bible-2026-08-09	synodal:candidate:07293ffb7be3f7da185ccb3c	III_Esdra.4.29	reviewed	synodal-russian	Reviewer confirmed the source-partition lexical and semantic identity, the independent exact Synodal whole-token witness, and the bounded historical spelling continuity. Only the separately listed exact cells are admitted.
review:v07:27bee87bb33d86f4	synodal:noun:v07-9e67fe4feee072bd	sense:v07:27bee87bb33d86f4	сьребро	noun	lexical-form	сребро	Сребро̀	silver	general	english-wiktionary-ocs-kaikki-2026-08-07	synodal:candidate:3ec609d79d7fa3ff3e7f8789	ponomar-elizabeth-bible-2026-08-09	synodal:candidate:0a6765bfc2d3b9174c96086e	Prov.26.23	reviewed	synodal-russian	Reviewer confirmed the source-partition lexical and semantic identity, the independent exact Synodal whole-token witness, and the bounded historical spelling continuity. Only the separately listed exact cells are admitted.
review:v07:b40661514e944503	synodal:noun:v07-9ea6a4ba8d5ac5c0	sense:v07:b40661514e944503	мѫка	noun	lexical-form	мꙋкꙋ	мꙋ́кꙋ	torment, torture	general	english-wiktionary-ocs-kaikki-2026-08-07	synodal:candidate:1bd01b290ab9ef638ed5c4ed	ponomar-elizabeth-bible-2026-08-09	synodal:candidate:06c7f7a2e9c0e02d773ddd7e	Ezek.3.20	reviewed	synodal-russian	Reviewer confirmed the source-partition lexical and semantic identity, the independent exact Synodal whole-token witness, and the bounded historical spelling continuity. Only the separately listed exact cells are admitted.
review:v07:64213c27d61ebb67	synodal:noun:v07-9f3b0264c00a04b0	sense:v07:64213c27d61ebb67	плъкъ	noun	lexical-form	полкъ	по́лкъ	crowd; people, population; troop, army	general	english-wiktionary-ocs-kaikki-2026-08-07	synodal:candidate:5dbbeb98703e53435df894ce	ponomar-elizabeth-bible-2026-08-09	synodal:candidate:0566a97bc97886a166ee6307	Josh.6.10	reviewed	synodal-russian	Reviewer confirmed the source-partition lexical and semantic identity, the independent exact Synodal whole-token witness, and the bounded historical spelling continuity. Only the separately listed exact cells are admitted.
review:v07:37220b5de8b84cae	synodal:noun:v07-a23d3fc4f7962988	sense:v07:37220b5de8b84cae	троудъ	noun	lexical-form	трꙋдъ	трꙋ́дъ	labour	general	english-wiktionary-ocs-kaikki-2026-08-07	synodal:candidate:059605bc7fcdbc6aff1d1975	ponomar-elizabeth-bible-2026-08-09	synodal:candidate:0765b66d4a4f401a943744e4	Psalm.24.18	reviewed	synodal-russian	Reviewer confirmed the source-partition lexical and semantic identity, the independent exact Synodal whole-token witness, and the bounded historical spelling continuity. Only the separately listed exact cells are admitted.
review:v07:7c8bc0240d6f4079	synodal:noun:v07-a3ae863d2e278700	sense:v07:7c8bc0240d6f4079	срѣда	noun	lexical-form	среды	среды̀	Wednesday; center	general	english-wiktionary-ocs-kaikki-2026-08-07	synodal:candidate:fc6222a96e44b14aedce95ff	ponomar-elizabeth-bible-2026-08-09	synodal:candidate:002c49b689493ee96afaf6d5	Jerem.49.19	reviewed	synodal-russian	Reviewer confirmed the source-partition lexical and semantic identity, the independent exact Synodal whole-token witness, and the bounded historical spelling continuity. Only the separately listed exact cells are admitted.
review:v07:a1fb7519dbc4a175	synodal:noun:v07-a516349ca9a0f818	sense:v07:a1fb7519dbc4a175	очесъ	noun	lexical-form	ѻчесъ	ѻ҆че́съ	tail	general	english-wiktionary-ocs-kaikki-2026-08-07	synodal:candidate:0484353b01a77817844fdb87	ponomar-elizabeth-bible-2026-08-09	synodal:candidate:0981534efcc5e5fa5af5bc52	Prov.20.20	reviewed	synodal-russian	Reviewer confirmed the source-partition lexical and semantic identity, the independent exact Synodal whole-token witness, and the bounded historical spelling continuity. Only the separately listed exact cells are admitted.
review:v07:a026631b141e1a89	synodal:noun:v07-a5dbb0e98231d647	sense:v07:a026631b141e1a89	вꙑꙗ	noun	lexical-form	выи	вы́и	neck	general	english-wiktionary-ocs-kaikki-2026-08-07	synodal:candidate:dc4c04f7c0c72d63f97a4aee	ponomar-elizabeth-bible-2026-08-09	synodal:candidate:0af5c2386fa65780bf197950	Jerem.30.8	reviewed	synodal-russian	Reviewer confirmed the source-partition lexical and semantic identity, the independent exact Synodal whole-token witness, and the bounded historical spelling continuity. Only the separately listed exact cells are admitted.
review:v07:bf2f18f531b30939	synodal:noun:v07-a615c3c82bac7f9b	sense:v07:bf2f18f531b30939	злато	noun	lexical-form	злато	Зла́то	gold	general	english-wiktionary-ocs-kaikki-2026-08-07	synodal:candidate:8eea7e2c73e4850cbe96b1e3	ponomar-elizabeth-bible-2026-08-09	synodal:candidate:3a051fac497bca05d448eee7	Jas.5.3	reviewed	synodal-russian	Reviewer confirmed the source-partition lexical and semantic identity, the independent exact Synodal whole-token witness, and the bounded historical spelling continuity. Only the separately listed exact cells are admitted.
review:v07:b9fc5ced26fbdf78	synodal:noun:v07-aeac24ce63059b0a	sense:v07:b9fc5ced26fbdf78	врьхъ	noun	lexical-form	верхꙋ	верхꙋ̀	peak; summit; top	general	english-wiktionary-ocs-kaikki-2026-08-07	synodal:candidate:62bffcf754749c73c7878264	ponomar-elizabeth-bible-2026-08-09	synodal:candidate:0489ec3a79dfeb48fc60613b	Gen.28.18	reviewed	synodal-russian	Reviewer confirmed the source-partition lexical and semantic identity, the independent exact Synodal whole-token witness, and the bounded historical spelling continuity. Only the separately listed exact cells are admitted.
review:v07:4cc1e42163160e3e	synodal:noun:v07-afb8a7bffcc6c5b8	sense:v07:4cc1e42163160e3e	коумиръ	noun	lexical-form	кꙋміры	кꙋмі́ры	idol, graven image	general	english-wiktionary-ocs-kaikki-2026-08-07	synodal:candidate:2fcfdefd9b951e8f4b254f52	ponomar-elizabeth-bible-2026-08-09	synodal:candidate:01742dad38262e75e389c6ef	Ex.34.13	reviewed	synodal-russian	Reviewer confirmed the source-partition lexical and semantic identity, the independent exact Synodal whole-token witness, and the bounded historical spelling continuity. Only the separately listed exact cells are admitted.
review:v07:fb603fa10d672fdb	synodal:noun:v07-b1224fb84749a272	sense:v07:fb603fa10d672fdb	мꙑсль	noun	lexical-form	мысли	мы́сли	intention, aim, idea behind doing something; thought	general	english-wiktionary-ocs-kaikki-2026-08-07	synodal:candidate:5c3a4df367af8d85e3f040c1	ponomar-elizabeth-bible-2026-08-09	synodal:candidate:224d99f674acdc6296ef5ec8	I_Cor.1.10	reviewed	synodal-russian	Reviewer confirmed the source-partition lexical and semantic identity, the independent exact Synodal whole-token witness, and the bounded historical spelling continuity. Only the separately listed exact cells are admitted.
review:v07:071b5956795448a7	synodal:noun:v07-b53e7604042245c2	sense:v07:071b5956795448a7	дръжава	noun	lexical-form	державꙋ	Держа́вꙋ	kingdom; power; rule	general	english-wiktionary-ocs-kaikki-2026-08-07	synodal:candidate:0dbf3ba9be8250cf02eaf1e5	ponomar-elizabeth-bible-2026-08-09	synodal:candidate:e766f15e32bdc353d4966fa2	Sirach.18.4	reviewed	synodal-russian	Reviewer confirmed the source-partition lexical and semantic identity, the independent exact Synodal whole-token witness, and the bounded historical spelling continuity. Only the separately listed exact cells are admitted.
review:v07:ecb64330e23801da	synodal:noun:v07-b91b1085819b6174	sense:v07:ecb64330e23801da	праздьникъ	noun	lexical-form	праздникъ	пра́здникъ	holiday, feast	general	english-wiktionary-ocs-kaikki-2026-08-07	synodal:candidate:34d39e8a30a76b0e5301ff49	ponomar-elizabeth-bible-2026-08-09	synodal:candidate:01f8391a3260eb4051fe0239	II_Paral.8.13	reviewed	synodal-russian	Reviewer confirmed the source-partition lexical and semantic identity, the independent exact Synodal whole-token witness, and the bounded historical spelling continuity. Only the separately listed exact cells are admitted.
review:v07:957fbdc98b9b2a26	synodal:noun:v07-bac2c01e0731daaf	sense:v07:957fbdc98b9b2a26	сънѣдь	noun	lexical-form	снѣдь	снѣ́дь	food (verbal noun of сънѣдати (sŭnědati) (nomen obiecti))	general	english-wiktionary-ocs-kaikki-2026-08-07	synodal:candidate:9e946db54eb298b3507b6ee1	ponomar-elizabeth-bible-2026-08-09	synodal:candidate:0b4f66b894cf4d2317f56bb2	II_Kings.13.10	reviewed	synodal-russian	Reviewer confirmed the source-partition lexical and semantic identity, the independent exact Synodal whole-token witness, and the bounded historical spelling continuity. Only the separately listed exact cells are admitted.
review:v07:c29c43070a688651	synodal:noun:v07-c1cd93a4f1e61aa0	sense:v07:c29c43070a688651	коза	noun	lexical-form	козъ	ко́зъ	she-goat	general	english-wiktionary-ocs-kaikki-2026-08-07	synodal:candidate:37db2dd843e489677b92531b	ponomar-elizabeth-bible-2026-08-09	synodal:candidate:0ce0d6cb3901960efde390db	Num.7.46	reviewed	synodal-russian	Reviewer confirmed the source-partition lexical and semantic identity, the independent exact Synodal whole-token witness, and the bounded historical spelling continuity. Only the separately listed exact cells are admitted.
review:v07:cad370f9ab67cc54	synodal:noun:v07-c21310e0a10b8651	sense:v07:cad370f9ab67cc54	боурꙗ	noun	lexical-form	бꙋрѧ	бꙋ́рѧ	storm	general	english-wiktionary-ocs-kaikki-2026-08-07	synodal:candidate:fd26d760be8b7b14dfbb0e29	ponomar-elizabeth-bible-2026-08-09	synodal:candidate:1e8181019bf464d06a37619e	Isa.66.15	reviewed	synodal-russian	Reviewer confirmed the source-partition lexical and semantic identity, the independent exact Synodal whole-token witness, and the bounded historical spelling continuity. Only the separately listed exact cells are admitted.
review:v07:68f8f71834e8af24	synodal:noun:v07-c8464029a853f92d	sense:v07:68f8f71834e8af24	щедрота	noun	lexical-form	щедрѡты	щедрѡ́ты	gentleness, mildness, compassion	general	english-wiktionary-ocs-kaikki-2026-08-07	synodal:candidate:5bddda8df6dfdd0cd2013c56	ponomar-elizabeth-bible-2026-08-09	synodal:candidate:02f5a356f739d9133e1017e2	Psalm.24.6	reviewed	synodal-russian	Reviewer confirmed the source-partition lexical and semantic identity, the independent exact Synodal whole-token witness, and the bounded historical spelling continuity. Only the separately listed exact cells are admitted.
review:v07:64844344d6422ecb	synodal:noun:v07-cb119f268ab8814e	sense:v07:64844344d6422ecb	пьшеница	noun	lexical-form	пшеницы	пшени́цы	wheat	general	english-wiktionary-ocs-kaikki-2026-08-07	synodal:candidate:b0c89c6df1cbceb2f96001ec	ponomar-elizabeth-bible-2026-08-09	synodal:candidate:06fc57b97f5f43197f9e1bac	Num.18.12	reviewed	synodal-russian	Reviewer confirmed the source-partition lexical and semantic identity, the independent exact Synodal whole-token witness, and the bounded historical spelling continuity. Only the separately listed exact cells are admitted.
review:v07:b0e8bc8730195874	synodal:noun:v07-cdf65297cb28e593	sense:v07:b0e8bc8730195874	осьлѧ	noun	lexical-form	ѻслѧ	ѻ҆слѧ̀	young ass (beast of burden)	general	english-wiktionary-ocs-kaikki-2026-08-07	synodal:candidate:c549f65a0c76c6f3ce34acc2	ponomar-elizabeth-bible-2026-08-09	synodal:candidate:09943b8296303583d341096b	Ex.23.5	reviewed	synodal-russian	Reviewer confirmed the source-partition lexical and semantic identity, the independent exact Synodal whole-token witness, and the bounded historical spelling continuity. Only the separately listed exact cells are admitted.
review:v07:7e71f7ba4b24c8c8	synodal:noun:v07-ce9e93f2bbe58085	sense:v07:7e71f7ba4b24c8c8	дрѣво	noun	lexical-form	древо	Дре́во	cross (instrument of crucifixion); object of worship; stake, stick; tree; wood (substance)	general	english-wiktionary-ocs-kaikki-2026-08-07	synodal:candidate:05d5aa7a602a753cc1a2228f	ponomar-elizabeth-bible-2026-08-09	synodal:candidate:0afd0f07c658d503348779ad	Dan.4.17	reviewed	synodal-russian	Reviewer confirmed the source-partition lexical and semantic identity, the independent exact Synodal whole-token witness, and the bounded historical spelling continuity. Only the separately listed exact cells are admitted.
review:v07:6c6b11f14b81a5c3	synodal:noun:v07-d2f9096ab3d42fc5	sense:v07:6c6b11f14b81a5c3	раба	noun	lexical-form	рабы	рабы̀	female servant	general	english-wiktionary-ocs-kaikki-2026-08-07	synodal:candidate:6508515ed6de07ec2ad4992e	ponomar-elizabeth-bible-2026-08-09	synodal:candidate:110f278f9d08ffbf4c183a18	Psalm.85.16	reviewed	synodal-russian	Reviewer confirmed the source-partition lexical and semantic identity, the independent exact Synodal whole-token witness, and the bounded historical spelling continuity. Only the separately listed exact cells are admitted.
review:v07:3cc9eeb58f6e1cc6	synodal:noun:v07-d381fd386e7f1b55	sense:v07:3cc9eeb58f6e1cc6	ꙗто	noun	lexical-form	ꙗтъ	ꙗ҆́тъ	food	general	english-wiktionary-ocs-kaikki-2026-08-07	synodal:candidate:d870afc31f2a4a94f3eb5a05	ponomar-elizabeth-bible-2026-08-09	synodal:candidate:02e683c4a199d792c5a355e3	Apoc.19.20	rejected	synodal-russian	Corrective contextual review found Apoc.19.20 ꙗтъ is a passive verbal form meaning seized, not the noun food.
review:v07:09fe497cb63183f2	synodal:noun:v07-d5b38bd0a6c28441	sense:v07:09fe497cb63183f2	пища	noun	lexical-form	пищи	пи́щи	food	general	english-wiktionary-ocs-kaikki-2026-08-07	synodal:candidate:0455864dfaa20015244439b1	ponomar-elizabeth-bible-2026-08-09	synodal:candidate:062352504fcff6c28520afb8	Gen.42.2	reviewed	synodal-russian	Reviewer confirmed the source-partition lexical and semantic identity, the independent exact Synodal whole-token witness, and the bounded historical spelling continuity. Only the separately listed exact cells are admitted.
review:v07:b122ab311df97430	synodal:noun:v07-d8b3fe13b49728cb	sense:v07:b122ab311df97430	лоуна	noun	lexical-form	лꙋна	лꙋна̀	moon	general	english-wiktionary-ocs-kaikki-2026-08-07	synodal:candidate:cd592d8db86eec90a9f492bd	ponomar-elizabeth-bible-2026-08-09	synodal:candidate:013da886a4bef19ce3848f75	Sirach.43.6	reviewed	synodal-russian	Reviewer confirmed the source-partition lexical and semantic identity, the independent exact Synodal whole-token witness, and the bounded historical spelling continuity. Only the separately listed exact cells are admitted.
review:v07:fa09d353d421baef	synodal:noun:v07-dc1fad6a14b44ac1	sense:v07:fa09d353d421baef	съмрьть	noun	lexical-form	смерти	сме́рти	death	general	english-wiktionary-ocs-kaikki-2026-08-07	synodal:candidate:564b4a5cfd99b343cd273ebf	ponomar-elizabeth-bible-2026-08-09	synodal:candidate:00c4708347d0b0eea750ebf9	Acts.25.11	reviewed	synodal-russian	Reviewer confirmed the source-partition lexical and semantic identity, the independent exact Synodal whole-token witness, and the bounded historical spelling continuity. Only the separately listed exact cells are admitted.
review:v07:bc29990a06683790	synodal:noun:v07-deecc05399a68453	sense:v07:bc29990a06683790	съвѣдѣтельство	noun	lexical-form	свидѣтельство	свидѣ́тельство	evidence, proof; witness, testimony	general	english-wiktionary-ocs-kaikki-2026-08-07	synodal:candidate:ce0216fe6bee85fe09f231af	ponomar-elizabeth-bible-2026-08-09	synodal:candidate:01d8470ab45bdf4e80dedef9	Jn.3.33	reviewed	synodal-russian	Reviewer confirmed the source-partition lexical and semantic identity, the independent exact Synodal whole-token witness, and the bounded historical spelling continuity. Only the separately listed exact cells are admitted.
review:v07:68f9c1013989c52d	synodal:noun:v07-e05d511a88f8627d	sense:v07:68f9c1013989c52d	брѣмѧ	noun	lexical-form	бремѧ	бре́мѧ	burden; load	general	english-wiktionary-ocs-kaikki-2026-08-07	synodal:candidate:3adac3e858f114ec44522f82	ponomar-elizabeth-bible-2026-08-09	synodal:candidate:171678d9b76a270553e104ea	Jerem.23.36	reviewed	synodal-russian	Reviewer confirmed the source-partition lexical and semantic identity, the independent exact Synodal whole-token witness, and the bounded historical spelling continuity. Only the separately listed exact cells are admitted.
review:v07:584b7ea2250b447c	synodal:noun:v07-e59f0846ce2a8b12	sense:v07:584b7ea2250b447c	тельць	noun	lexical-form	тельца	тельца̀	calf	general	english-wiktionary-ocs-kaikki-2026-08-07	synodal:candidate:54a9ca95543509232f999726	ponomar-elizabeth-bible-2026-08-09	synodal:candidate:00cc5610a092e18a0e9a9d40	Lev.1.5	reviewed	synodal-russian	Reviewer confirmed the source-partition lexical and semantic identity, the independent exact Synodal whole-token witness, and the bounded historical spelling continuity. Only the separately listed exact cells are admitted.
review:v07:2f6a55444c20a643	synodal:noun:v07-e739226c9546e1aa	sense:v07:2f6a55444c20a643	дръва	noun	lexical-form	дрова	дрова̀	wood	general	english-wiktionary-ocs-kaikki-2026-08-07	synodal:candidate:d57118be246989caa8b7c4ee	ponomar-elizabeth-bible-2026-08-09	synodal:candidate:054fee44daa2b222db809e65	II_Kings.24.22	reviewed	synodal-russian	Reviewer confirmed the source-partition lexical and semantic identity, the independent exact Synodal whole-token witness, and the bounded historical spelling continuity. Only the separately listed exact cells are admitted.
review:v07:a1e033f853b6f206	synodal:noun:v07-f2b6da6861350ede	sense:v07:a1e033f853b6f206	мьзда	noun	lexical-form	мзда	Мзда̀	retribution, remuneration; reward, pay; salary	general	english-wiktionary-ocs-kaikki-2026-08-07	synodal:candidate:95908d6d71bd7d71f0813001	ponomar-elizabeth-bible-2026-08-09	synodal:candidate:0b9a214f6917338d119f955c	Sirach.20.29	reviewed	synodal-russian	Reviewer confirmed the source-partition lexical and semantic identity, the independent exact Synodal whole-token witness, and the bounded historical spelling continuity. Only the separately listed exact cells are admitted.
review:v07:48f9cbd25c0703f1	synodal:noun:v07-f34b2bdb7822ed80	sense:v07:48f9cbd25c0703f1	вьседрьжитель	noun	lexical-form	вседержитель	вседержи́тель	The almighty.	general	english-wiktionary-ocs-kaikki-2026-08-07	synodal:candidate:5f8ae23422e4ee227412e893	ponomar-elizabeth-bible-2026-08-09	synodal:candidate:0182b351cd6288e332b85493	Nahum.3.5	reviewed	synodal-russian	Reviewer confirmed the source-partition lexical and semantic identity, the independent exact Synodal whole-token witness, and the bounded historical spelling continuity. Only the separately listed exact cells are admitted.
review:v07:eed89c07fb089e24	synodal:noun:v07-f68f6c9084bce520	sense:v07:eed89c07fb089e24	коуплꙗ	noun	lexical-form	кꙋплю	кꙋ́плю	market; trade	general	english-wiktionary-ocs-kaikki-2026-08-07	synodal:candidate:7e73dcffd3a14847e202198d	ponomar-elizabeth-bible-2026-08-09	synodal:candidate:03e18b7ef4c866969b44dd53	III_Esdra.16.48	reviewed	synodal-russian	Reviewer confirmed the source-partition lexical and semantic identity, the independent exact Synodal whole-token witness, and the bounded historical spelling continuity. Only the separately listed exact cells are admitted.
review:v07:df57572e286f7872	synodal:noun:v07-f6c16ec4ae319eed	sense:v07:df57572e286f7872	дроугъ	noun	lexical-form	дрꙋгъ	Дрꙋ́гъ	friend	general	english-wiktionary-ocs-kaikki-2026-08-07	synodal:candidate:a28bcfea9e6857f53a8037ed	ponomar-elizabeth-bible-2026-08-09	synodal:candidate:163ed7b0caf213cced8b3744	Sirach.6.16	reviewed	synodal-russian	Reviewer confirmed the source-partition lexical and semantic identity, the independent exact Synodal whole-token witness, and the bounded historical spelling continuity. Only the separately listed exact cells are admitted.
review:v07:d7f203b91ee7c8a6	synodal:noun:v07-f967f6f493c0b446	sense:v07:d7f203b91ee7c8a6	ꙗрьмъ	noun	lexical-form	ꙗремъ	ꙗ҆ре́мъ	yoke	general	english-wiktionary-ocs-kaikki-2026-08-07	synodal:candidate:b908cf7a58d1d0216a53a020	ponomar-elizabeth-bible-2026-08-09	synodal:candidate:0ad2f00c8d3902c989729996	Jerem.28.14	reviewed	synodal-russian	Reviewer confirmed the source-partition lexical and semantic identity, the independent exact Synodal whole-token witness, and the bounded historical spelling continuity. Only the separately listed exact cells are admitted.
review:v07:3368716a47d98d4a	synodal:noun:v07-fd2e5efc6bd57112	sense:v07:3368716a47d98d4a	гръдꙑни	noun	lexical-form	гордыни	горды́ни	pride	general	english-wiktionary-ocs-kaikki-2026-08-07	synodal:candidate:d41e565fafc7afd88704b802	ponomar-elizabeth-bible-2026-08-09	synodal:candidate:08bd532f4647135cb657847c	II_Macc.9.7	reviewed	synodal-russian	Reviewer confirmed the source-partition lexical and semantic identity, the independent exact Synodal whole-token witness, and the bounded historical spelling continuity. Only the separately listed exact cells are admitted.
review:v07:4414bb328fcf0ed1	synodal:noun:v07-ffc74596d4245eea	sense:v07:4414bb328fcf0ed1	рꙑба	noun	lexical-form	рыбы	ры́бы	fish	general	english-wiktionary-ocs-kaikki-2026-08-07	synodal:candidate:2963729fda691f23f7b52f5d	ponomar-elizabeth-bible-2026-08-09	synodal:candidate:5619d772095e7bed440cd119	Jn.21.3	reviewed	synodal-russian	Reviewer confirmed the source-partition lexical and semantic identity, the independent exact Synodal whole-token witness, and the bounded historical spelling continuity. Only the separately listed exact cells are admitted.
review:v07:1c77f606595516c5	synodal:numeral:v07-844820c7b6886e88	sense:v07:1c77f606595516c5	въторъ	numeral	lexical-form	втораго	втора́го	second	general	english-wiktionary-ocs-kaikki-2026-08-07	synodal:candidate:ece63056b07e7354964c300c	ponomar-elizabeth-bible-2026-08-09	synodal:candidate:05b7fab3451736e6cc47b0ce	Ex.29.19	reviewed	synodal-russian	Reviewer confirmed the source-partition lexical and semantic identity, the independent exact Synodal whole-token witness, and the bounded historical spelling continuity. Only the separately listed exact cells are admitted.
review:v07:172ced65acc0beb5	synodal:preposition:v07-e641383a9b5b2cdc	sense:v07:172ced65acc0beb5	вънѫтрь	preposition	indeclinable	внꙋтрь	внꙋ́трь	within, inside, in	general	english-wiktionary-ocs-kaikki-2026-08-07	synodal:candidate:6d14c13c8325a617e6491915	ponomar-elizabeth-bible-2026-08-09	synodal:candidate:04baafc8625fe39c88b16d8b	Acts.5.23	reviewed	synodal-russian	Reviewer confirmed the source-partition lexical and semantic identity, the independent exact Synodal whole-token witness, and the bounded historical spelling continuity. Only the separately listed exact cells are admitted.
review:v07:350c545219536776	synodal:pronoun:v07-2f384f6138f1b4bd	sense:v07:350c545219536776	нань	pronoun	lexical-form	нань	на́нь	upon him (accusative of и (i))	general	english-wiktionary-ocs-kaikki-2026-08-07	synodal:candidate:9e2f8756f69be59852a33653	ponomar-elizabeth-bible-2026-08-09	synodal:candidate:0060991481371cf24f3aa914	Jerem.50.29	reviewed	synodal-russian	Reviewer confirmed the source-partition lexical and semantic identity, the independent exact Synodal whole-token witness, and the bounded historical spelling continuity. Only the separately listed exact cells are admitted.
review:v07:cc5adb9e1107791a	synodal:pronoun:v07-38d66fc2f344c397	sense:v07:cc5adb9e1107791a	каѧ	pronoun	lexical-form	каѧ	Ка́ѧ	nominative feminine singular of кіи (kii)	general	english-wiktionary-ocs-kaikki-2026-08-07	synodal:candidate:4ccd35a635c6c0d1e37d752b	ponomar-elizabeth-bible-2026-08-09	synodal:candidate:21b398b2986c8d0e0fe267bb	Jas.2.14	reviewed	synodal-russian	Reviewer confirmed the source-partition lexical and semantic identity, the independent exact Synodal whole-token witness, and the bounded historical spelling continuity. Only the separately listed exact cells are admitted.
review:v07:633581ac00de6428	synodal:pronoun:v07-cd3a65f4e518bd29	sense:v07:633581ac00de6428	вꙑ	pronoun	lexical-form	выи	вы́и	you (plural)	general	english-wiktionary-ocs-kaikki-2026-08-07	synodal:candidate:2eace692be236656459446f7	ponomar-elizabeth-bible-2026-08-09	synodal:candidate:0af5c2386fa65780bf197950	Jerem.30.8	rejected	synodal-russian	Corrective contextual review found Jerem.30.8 uses выи as the noun neck, not the second-person plural pronoun.
review:v07:244f88eb6a6efa20	synodal:proper-noun:v07-25a23d2233c45069	sense:v07:244f88eb6a6efa20	Иꙗковъ	proper-noun	lexical-form	іакѡвъ	І҆а́кѡвъ	a male given name from Ancient Greek, equivalent to English Jacob	person,name	english-wiktionary-ocs-kaikki-2026-08-07	synodal:candidate:a3e36418af65b6fce471dfc3	ponomar-elizabeth-bible-2026-08-09	synodal:candidate:68184ba279d6c29b58d6b35e	Isa.42.1	reviewed	synodal-russian	Reviewer confirmed the source-partition lexical and semantic identity, the independent exact Synodal whole-token witness, and the bounded historical spelling continuity. Only the separately listed exact cells are admitted.
review:v07:6d034b0f8d1ff67d	synodal:proper-noun:v07-323fa08f38d6a095	sense:v07:6d034b0f8d1ff67d	Сѷріꙗ	proper-noun	lexical-form	сѷріи	сѷрі́и	Syria, a country	person,name	english-wiktionary-ocs-kaikki-2026-08-07	synodal:candidate:37dbbcd15b637da45c470001	ponomar-elizabeth-bible-2026-08-09	synodal:candidate:0db2eed93309f38db72ef072	II_Esdra.2.25	reviewed	synodal-russian	Reviewer confirmed the source-partition lexical and semantic identity, the independent exact Synodal whole-token witness, and the bounded historical spelling continuity. Only the separately listed exact cells are admitted.
review:v07:6de1b2ade62bfe77	synodal:proper-noun:v07-38a8f756c955a923	sense:v07:6de1b2ade62bfe77	сꙑнъ	proper-noun	lexical-form	сынѣ	сы́нѣ	Son (title of Jesus)	person,name	english-wiktionary-ocs-kaikki-2026-08-07	synodal:candidate:37bc953ea14e3653d14abe9f	ponomar-elizabeth-bible-2026-08-09	synodal:candidate:0e1cfa4859cf47a3545ad4fe	Prov.17.21	reviewed	synodal-russian	Reviewer confirmed the source-partition lexical and semantic identity, the independent exact Synodal whole-token witness, and the bounded historical spelling continuity. Only the separately listed exact cells are admitted.
review:v07:6bc0969de5dc7665	synodal:verb:v07-025896e1b2353c4d	sense:v07:6bc0969de5dc7665	отъврѣсти	verb	lexical-form	ѿверзе	Ѿве́рзе	to untie, to unknot	general	english-wiktionary-ocs-kaikki-2026-08-07	synodal:candidate:8611757bb067ebd3ac9531bf	ponomar-elizabeth-bible-2026-08-09	synodal:candidate:e350ba0d357d0d42d49b22df	Gen.41.56	reviewed	synodal-russian	Reviewer confirmed the source-partition lexical and semantic identity, the independent exact Synodal whole-token witness, and the bounded historical spelling continuity. Only the separately listed exact cells are admitted.
review:v07:80f7fcdb61852e2d	synodal:verb:v07-0581788f82e9c268	sense:v07:80f7fcdb61852e2d	оузьрѣти	verb	lexical-form	ѹзриши	ѹ҆́зриши	see, perceive	general	english-wiktionary-ocs-kaikki-2026-08-07	synodal:candidate:4e092e768007b9059e7135b4	wikisource-church-slavonic-bible-2026-08-09	synodal:candidate:227191f81aba5f1d437b14ed	II_Paral.18.24	reviewed	synodal-russian	Reviewer confirmed the source-partition lexical and semantic identity, the independent exact Synodal whole-token witness, and the bounded historical spelling continuity. Only the separately listed exact cells are admitted.
review:v07:166272422b835260	synodal:verb:v07-07d4e5f8f9c7c557	sense:v07:166272422b835260	прѣбꙑти	verb	lexical-form	пребысть	Пребы́сть	remain, abide	general	english-wiktionary-ocs-kaikki-2026-08-07	synodal:candidate:6b5b796620fdc280b0676e2e	ponomar-elizabeth-bible-2026-08-09	synodal:candidate:3617854081c1013282eea90b	Acts.18.11	reviewed	synodal-russian	Reviewer confirmed the source-partition lexical and semantic identity, the independent exact Synodal whole-token witness, and the bounded historical spelling continuity. Only the separately listed exact cells are admitted.
review:v07:9eab4f478f95a713	synodal:verb:v07-195dcea9c1f53a44	sense:v07:9eab4f478f95a713	нѣсмь	verb	lexical-form	нѣсмь	нѣ́смь	first-person singular present indicative negative of бꙑти (byti); (I) am not	general	english-wiktionary-ocs-kaikki-2026-08-07	synodal:candidate:94e9acfd257ffde6dc5a48a3	ponomar-elizabeth-bible-2026-08-09	synodal:candidate:010c56958dc18da5fe68f029	Apoc.18.7	reviewed	synodal-russian	Reviewer confirmed the source-partition lexical and semantic identity, the independent exact Synodal whole-token witness, and the bounded historical spelling continuity. Only the separately listed exact cells are admitted.
review:v07:6f54f171e46d808e	synodal:verb:v07-1ef01aeb9644affd	sense:v07:6f54f171e46d808e	пещи	verb	lexical-form	пещи	пе́щи	to bake; to care; to worry	general	english-wiktionary-ocs-kaikki-2026-08-07	synodal:candidate:39042ae8752367a95e290d0f	ponomar-elizabeth-bible-2026-08-09	synodal:candidate:019971d189809d7da05b88a6	Dan.3.21	rejected	synodal-russian	Corrective contextual review found Dan.3.21 uses пещи as the noun furnace, not a form of the verb bake or care.
review:v07:03c236251a5fb8e9	synodal:verb:v07-26db71c2e6acc4ef	sense:v07:03c236251a5fb8e9	запрѣтити	verb	lexical-form	запрети	Запретѝ	to threaten, to rebuke	general	english-wiktionary-ocs-kaikki-2026-08-07	synodal:candidate:bd292251993e773428a2b6a8	wikisource-church-slavonic-bible-2026-08-09	synodal:candidate:c448a1f26d4ef196f7c8441b	Psalm.67.31	reviewed	synodal-russian	Reviewer confirmed the source-partition lexical and semantic identity, the independent exact Synodal whole-token witness, and the bounded historical spelling continuity. Only the separately listed exact cells are admitted.
review:v07:48ef66a0f06c8331	synodal:verb:v07-35ce5d83583f3639	sense:v07:48ef66a0f06c8331	начѧти	verb	lexical-form	начатъ	Нача́тъ	to begin	general	english-wiktionary-ocs-kaikki-2026-08-07	synodal:candidate:a040f773bcfe14991d6e72c5	ponomar-elizabeth-bible-2026-08-09	synodal:candidate:6a7425d813a275125122a7c3	Mk.10.28	reviewed	synodal-russian	Reviewer confirmed the source-partition lexical and semantic identity, the independent exact Synodal whole-token witness, and the bounded historical spelling continuity. Only the separately listed exact cells are admitted.
review:v07:0f52d74a89ff34dd	synodal:verb:v07-372b58779d23aeda	sense:v07:0f52d74a89ff34dd	бꙑвати	verb	lexical-form	бываетъ	быва́етъ	to be; to become	general	english-wiktionary-ocs-kaikki-2026-08-07	synodal:candidate:bf3471e1392ee45286be02c7	ponomar-elizabeth-bible-2026-08-09	synodal:candidate:0502cd02a9518d56059cff83	Prov.10.5	reviewed	synodal-russian	Reviewer confirmed the source-partition lexical and semantic identity, the independent exact Synodal whole-token witness, and the bounded historical spelling continuity. Only the separately listed exact cells are admitted.
review:v07:7327bdb8d6b07272	synodal:verb:v07-496708c3508480e4	sense:v07:7327bdb8d6b07272	разоумѣти	verb	lexical-form	разꙋмѣ	Разꙋмѣ́	to understand, to comprehend	general	english-wiktionary-ocs-kaikki-2026-08-07	synodal:candidate:88ad37d76242135ff8cf7ab6	ponomar-elizabeth-bible-2026-08-09	synodal:candidate:8db956fae24f677bb9b9e7cf	Jn.16.19	reviewed	synodal-russian	Reviewer confirmed the source-partition lexical and semantic identity, the independent exact Synodal whole-token witness, and the bounded historical spelling continuity. Only the separately listed exact cells are admitted.
review:v07:a2d22de085fbb0d5	synodal:verb:v07-4d9ce6736c0d4c86	sense:v07:a2d22de085fbb0d5	прѣбꙑвати	verb	lexical-form	пребываетъ	пребыва́етъ	to reside; to survive	general	english-wiktionary-ocs-kaikki-2026-08-07	synodal:candidate:4682c69e676cc110578ac84a	ponomar-elizabeth-bible-2026-08-09	synodal:candidate:00eb568e9fab77fcd092a917	I_Jn.3.14	reviewed	synodal-russian	Reviewer confirmed the source-partition lexical and semantic identity, the independent exact Synodal whole-token witness, and the bounded historical spelling continuity. Only the separately listed exact cells are admitted.
review:v07:132597ac0246a38b	synodal:verb:v07-553feeb14b8be67e	sense:v07:132597ac0246a38b	събрати	verb	lexical-form	собра	Собра́	collect, gather	general	english-wiktionary-ocs-kaikki-2026-08-07	synodal:candidate:5940de5ecf09d4c1d9d46312	ponomar-elizabeth-bible-2026-08-09	synodal:candidate:098069e2b126ff5b0d2a48b1	Gen.29.22	reviewed	synodal-russian	Reviewer confirmed the source-partition lexical and semantic identity, the independent exact Synodal whole-token witness, and the bounded historical spelling continuity. Only the separately listed exact cells are admitted.
review:v07:7a48ca341930be40	synodal:verb:v07-688e0b45db6ad534	sense:v07:7a48ca341930be40	въврѣщи	verb	lexical-form	вверже	вве́рже	to send; to throw	general	english-wiktionary-ocs-kaikki-2026-08-07	synodal:candidate:f01b3946d2e064aebfd0ed46	ponomar-elizabeth-bible-2026-08-09	synodal:candidate:0088d10ebb6d537b208dbb44	Ex.15.21	reviewed	synodal-russian	Reviewer confirmed the source-partition lexical and semantic identity, the independent exact Synodal whole-token witness, and the bounded historical spelling continuity. Only the separately listed exact cells are admitted.
review:v07:2f79343e6f61491d	synodal:verb:v07-6d45884d5d054202	sense:v07:2f79343e6f61491d	възити	verb	lexical-form	взыдоша	взыдо́ша	to arise, to grow forth; to go out, to leave; to go up, to ascend	general	english-wiktionary-ocs-kaikki-2026-08-07	synodal:candidate:b5ea78bf29a8a2d5fe2bc954	ponomar-elizabeth-bible-2026-08-09	synodal:candidate:0279c5a00302fde2cde4b971	Jerem.19.5	reviewed	synodal-russian	Reviewer confirmed the source-partition lexical and semantic identity, the independent exact Synodal whole-token witness, and the bounded historical spelling continuity. Only the separately listed exact cells are admitted.
review:v07:71599e25e6b70104	synodal:verb:v07-789965b2445975f1	sense:v07:71599e25e6b70104	оумьрѣти	verb	lexical-form	ѹмре	Ѹ҆́мре	to die	general	english-wiktionary-ocs-kaikki-2026-08-07	synodal:candidate:a1a3a4f71f937a1349ce7164	wikisource-church-slavonic-bible-2026-08-09	synodal:candidate:2d9ed32dd5f33a15ef43c568	Gen.35.19	reviewed	synodal-russian	Reviewer confirmed the source-partition lexical and semantic identity, the independent exact Synodal whole-token witness, and the bounded historical spelling continuity. Only the separately listed exact cells are admitted.
review:v07:226c8a23492401a8	synodal:verb:v07-8121e6caa4d6daa8	sense:v07:226c8a23492401a8	съзьдати	verb	lexical-form	созда	Созда́	to create	general	english-wiktionary-ocs-kaikki-2026-08-07	synodal:candidate:a8c72d3a301cf3c512895525	ponomar-elizabeth-bible-2026-08-09	synodal:candidate:6b6326bba880500d896a6b27	II_Paral.26.9	reviewed	synodal-russian	Reviewer confirmed the source-partition lexical and semantic identity, the independent exact Synodal whole-token witness, and the bounded historical spelling continuity. Only the separately listed exact cells are admitted.
review:v07:441b3913902e4ec9	synodal:verb:v07-86c26055cfbe06c8	sense:v07:441b3913902e4ec9	възлюбити	verb	lexical-form	возлюби	Возлюбѝ	to come to love; to long for	general	english-wiktionary-ocs-kaikki-2026-08-07	synodal:candidate:42289c0c2f9498aa03ddcd0e	ponomar-elizabeth-bible-2026-08-09	synodal:candidate:bceca7894018c95a477d23d1	Psalm.118.20	reviewed	synodal-russian	Reviewer confirmed the source-partition lexical and semantic identity, the independent exact Synodal whole-token witness, and the bounded historical spelling continuity. Only the separately listed exact cells are admitted.
review:v07:deba219d9cbbcc38	synodal:verb:v07-94eb17f1c8d7e983	sense:v07:deba219d9cbbcc38	отъринѫти	verb	lexical-form	ѿринꙋ	ѿри́нꙋ	to reject; to separate	general	english-wiktionary-ocs-kaikki-2026-08-07	synodal:candidate:404c3b09fb74b166d10501af	ponomar-elizabeth-bible-2026-08-09	synodal:candidate:03c6d6a119e800989eedd393	Psalm.77.67	reviewed	synodal-russian	Reviewer confirmed the source-partition lexical and semantic identity, the independent exact Synodal whole-token witness, and the bounded historical spelling continuity. Only the separately listed exact cells are admitted.
review:v07:34dd810faafd3a7f	synodal:verb:v07-954adb236e8277e5	sense:v07:34dd810faafd3a7f	отъвратити	verb	lexical-form	ѿврати	Ѿвратѝ	to turn away, to give up; to turn, to refuse	general	english-wiktionary-ocs-kaikki-2026-08-07	synodal:candidate:5b0cbd8d171f996739f2bbbd	ponomar-elizabeth-bible-2026-08-09	synodal:candidate:34e42c5ca26cfbf384d9a65f	Jerem.2.25	reviewed	synodal-russian	Reviewer confirmed the source-partition lexical and semantic identity, the independent exact Synodal whole-token witness, and the bounded historical spelling continuity. Only the separately listed exact cells are admitted.
review:v07:eb5acc9fdbf580f4	synodal:verb:v07-a3edec94042e18a0	sense:v07:eb5acc9fdbf580f4	прострѣти	verb	lexical-form	простре	Простре́	to extend; to spread; to stretch	general	english-wiktionary-ocs-kaikki-2026-08-07	synodal:candidate:ecf4675566022a5eaa28153d	ponomar-elizabeth-bible-2026-08-09	synodal:candidate:28c64258f3c218993f014b3e	Ex.14.27	reviewed	synodal-russian	Reviewer confirmed the source-partition lexical and semantic identity, the independent exact Synodal whole-token witness, and the bounded historical spelling continuity. Only the separately listed exact cells are admitted.
review:v07:7afef1808805c057	synodal:verb:v07-ab6af4771b274488	sense:v07:7afef1808805c057	испльнити	verb	lexical-form	исполни	И҆спо́лни	fill up, fulfill	general	english-wiktionary-ocs-kaikki-2026-08-07	synodal:candidate:fe41612ede2ad434660cf9da	ponomar-elizabeth-bible-2026-08-09	synodal:candidate:0d1814c2cf9d79a3514d29ac	Sirach.36.15	reviewed	synodal-russian	Reviewer confirmed the source-partition lexical and semantic identity, the independent exact Synodal whole-token witness, and the bounded historical spelling continuity. Only the separately listed exact cells are admitted.
review:v07:285620e1ef098914	synodal:verb:v07-af1ff5ce06971a63	sense:v07:285620e1ef098914	тещи	verb	lexical-form	тече	течѐ	to flow	general	english-wiktionary-ocs-kaikki-2026-08-07	synodal:candidate:cd9e1e4dd37e37ee91659eb5	ponomar-elizabeth-bible-2026-08-09	synodal:candidate:033cffc116e9c04b3b1f7adc	Lk.24.12	reviewed	synodal-russian	Reviewer confirmed the source-partition lexical and semantic identity, the independent exact Synodal whole-token witness, and the bounded historical spelling continuity. Only the separately listed exact cells are admitted.
review:v07:f1cf79063442066f	synodal:verb:v07-b2d91a0914be324d	sense:v07:f1cf79063442066f	прѣити	verb	lexical-form	преидоша	преидо́ша	disappear; go away; pass away	general	english-wiktionary-ocs-kaikki-2026-08-07	synodal:candidate:7c660a5460d40059d37c3dc3	ponomar-elizabeth-bible-2026-08-09	synodal:candidate:01fa4a98749607766794205d	III_Esdra.12.2	reviewed	synodal-russian	Reviewer confirmed the source-partition lexical and semantic identity, the independent exact Synodal whole-token witness, and the bounded historical spelling continuity. Only the separately listed exact cells are admitted.
review:v07:d842be2f8300dc0a	synodal:verb:v07-b36b642cc22248c0	sense:v07:d842be2f8300dc0a	въсхотѣти	verb	lexical-form	восхотѣ	восхотѣ̀	to want, to wish, to desire	general	english-wiktionary-ocs-kaikki-2026-08-07	synodal:candidate:40ea0fb6f90de3ce2c691ae4	ponomar-elizabeth-bible-2026-08-09	synodal:candidate:00b9e61dc517654effbc6416	I_Paral.10.4	reviewed	synodal-russian	Reviewer confirmed the source-partition lexical and semantic identity, the independent exact Synodal whole-token witness, and the bounded historical spelling continuity. Only the separately listed exact cells are admitted.
review:v07:8a2912de609221b3	synodal:verb:v07-b4d42124734cba64	sense:v07:8a2912de609221b3	отъпоустити	verb	lexical-form	ѿпꙋсти	Ѿпꙋсти́	to allow, to let; to forgive; to send (away)	general	english-wiktionary-ocs-kaikki-2026-08-07	synodal:candidate:cbc16e2c055ea48284068c9a	ponomar-elizabeth-bible-2026-08-09	synodal:candidate:5ff3d2ae7656cbee446a506f	Lk.8.38	reviewed	synodal-russian	Reviewer confirmed the source-partition lexical and semantic identity, the independent exact Synodal whole-token witness, and the bounded historical spelling continuity. Only the separately listed exact cells are admitted.
review:v07:fb1ba47f99a82661	synodal:verb:v07-b54cd915d3b0db0c	sense:v07:fb1ba47f99a82661	въпросити	verb	lexical-form	вопроси	Вопроси́	to ask	general	english-wiktionary-ocs-kaikki-2026-08-07	synodal:candidate:19a940868235173ca377a452	ponomar-elizabeth-bible-2026-08-09	synodal:candidate:5ecd4732c2b2ab74b3509743	Job.8.8	reviewed	synodal-russian	Reviewer confirmed the source-partition lexical and semantic identity, the independent exact Synodal whole-token witness, and the bounded historical spelling continuity. Only the separately listed exact cells are admitted.
review:v07:9641313236bc8966	synodal:verb:v07-b757a2b889b8be98	sense:v07:9641313236bc8966	възъпити	verb	lexical-form	возопи	Возопи́	to cry out	general	english-wiktionary-ocs-kaikki-2026-08-07	synodal:candidate:2e3fa8f46137ad14e07318d5	ponomar-elizabeth-bible-2026-08-09	synodal:candidate:5b7895b3e30da35082d931f8	Ex.15.25	reviewed	synodal-russian	Reviewer confirmed the source-partition lexical and semantic identity, the independent exact Synodal whole-token witness, and the bounded historical spelling continuity. Only the separately listed exact cells are admitted.
review:v07:e2b3738c4ff7059a	synodal:verb:v07-baa091a396cbb405	sense:v07:e2b3738c4ff7059a	сърѣсти	verb	lexical-form	срѣте	срѣ́те	encounter, meet	general	english-wiktionary-ocs-kaikki-2026-08-07	synodal:candidate:7a7b3a87de496d4e438599df	ponomar-elizabeth-bible-2026-08-09	synodal:candidate:05de482259490fe9b858bce4	I_Kings.25.20	reviewed	synodal-russian	Reviewer confirmed the source-partition lexical and semantic identity, the independent exact Synodal whole-token witness, and the bounded historical spelling continuity. Only the separately listed exact cells are admitted.
review:v07:5b741d6c0f374be4	synodal:verb:v07-c70b82ff98e556fa	sense:v07:5b741d6c0f374be4	погоубити	verb	lexical-form	погꙋби	погꙋбѝ	to kill	general	english-wiktionary-ocs-kaikki-2026-08-07	synodal:candidate:93f2e7194c60c3ba824e760e	ponomar-elizabeth-bible-2026-08-09	synodal:candidate:01056306bfec35af5606facf	II_Macc.10.23	reviewed	synodal-russian	Reviewer confirmed the source-partition lexical and semantic identity, the independent exact Synodal whole-token witness, and the bounded historical spelling continuity. Only the separately listed exact cells are admitted.
review:v07:7def60fbe2720be0	synodal:verb:v07-c86c24d867ae77d6	sense:v07:7def60fbe2720be0	въстати	verb	lexical-form	воста	Воста́	to rise up, stand up	general	english-wiktionary-ocs-kaikki-2026-08-07	synodal:candidate:df2ef22c8c53043e9b7eed88	ponomar-elizabeth-bible-2026-08-09	synodal:candidate:08e52d392c7df52e727e4f4d	Ex.12.30	reviewed	synodal-russian	Reviewer confirmed the source-partition lexical and semantic identity, the independent exact Synodal whole-token witness, and the bounded historical spelling continuity. Only the separately listed exact cells are admitted.
review:v07:65336d7ecfd32bde	synodal:verb:v07-c9fc2b3da9c08eb2	sense:v07:65336d7ecfd32bde	пожити	verb	lexical-form	поживе	Поживе́	live	general	english-wiktionary-ocs-kaikki-2026-08-07	synodal:candidate:b5ffc1e198fa5a7bd586e9a6	ponomar-elizabeth-bible-2026-08-09	synodal:candidate:5f37abf9aed802f5d77ffcf7	Gen.47.28	reviewed	synodal-russian	Reviewer confirmed the source-partition lexical and semantic identity, the independent exact Synodal whole-token witness, and the bounded historical spelling continuity. Only the separately listed exact cells are admitted.
review:v07:f2e8cebc4cee24e2	synodal:verb:v07-dfd4c05f8eb21d17	sense:v07:f2e8cebc4cee24e2	ѩти	verb	lexical-form	ꙗти	ꙗ҆́ти	to arrest; to catch; to cling to; to seize; to take	general	english-wiktionary-ocs-kaikki-2026-08-07	synodal:candidate:56d3911fdbaf5eaf204f196c	ponomar-elizabeth-bible-2026-08-09	synodal:candidate:066cca831fa534fbd95951a8	Jerem.6.11	reviewed	synodal-russian	Corrective contextual review moved lexical-form support to the independent infinitive witness ꙗ҆́ти at Jerem.6.11; Apoc.19.20 ꙗ҆́тъ supports a passive participle identity but not the previously asserted aorist cell.
review:v07:2b532cbd0039eb51	synodal:verb:v07-e7de56512e7c46b8	sense:v07:2b532cbd0039eb51	отъвѣщати	verb	lexical-form	ѿвѣща	Ѿвѣща̀	to respond, answer	general	english-wiktionary-ocs-kaikki-2026-08-07	synodal:candidate:d4f00bd42e27061f88c88ae9	ponomar-elizabeth-bible-2026-08-09	synodal:candidate:0d2cbb65c140386e03beae2c	Jn.8.19	reviewed	synodal-russian	Reviewer confirmed the source-partition lexical and semantic identity, the independent exact Synodal whole-token witness, and the bounded historical spelling continuity. Only the separately listed exact cells are admitted.
review:v07:6fdd96fe05ae9fdc	synodal:verb:v07-ef3884d2694cadf5	sense:v07:6fdd96fe05ae9fdc	проклѧти	verb	lexical-form	проклѧтъ	Про́клѧтъ	to curse	general	english-wiktionary-ocs-kaikki-2026-08-07	synodal:candidate:c00fd3a9428d139705ec219c	ponomar-elizabeth-bible-2026-08-09	synodal:candidate:1a103580094de12b50386f2e	Jerem.20.15	reviewed	synodal-russian	Reviewer confirmed the source-partition lexical and semantic identity, the independent exact Synodal whole-token witness, and the bounded historical spelling continuity. Only the separately listed exact cells are admitted.
review:v07:ee230fbb141ffc89	synodal:verb:v07-f1ef0c305d451c29	sense:v07:ee230fbb141ffc89	сѫдити	verb	lexical-form	сꙋди	Сꙋди́	to judge, to adjudicate	general	english-wiktionary-ocs-kaikki-2026-08-07	synodal:candidate:1f03c2dc220b7c28a9fdc2f1	ponomar-elizabeth-bible-2026-08-09	synodal:candidate:823c10a1db16ddd75fab05ba	Psalm.34.24	reviewed	synodal-russian	Reviewer confirmed the source-partition lexical and semantic identity, the independent exact Synodal whole-token witness, and the bounded historical spelling continuity. Only the separately listed exact cells are admitted.
review:v07:11591759308eefa4	synodal:verb:v07-f40bf5c095d40411	sense:v07:11591759308eefa4	избьрати	verb	lexical-form	избра	И҆збра̀	to choose; to collect	general	english-wiktionary-ocs-kaikki-2026-08-07	synodal:candidate:c38c926afdcb2158a7ae9217	ponomar-elizabeth-bible-2026-08-09	synodal:candidate:a2fc0f9bf79deb57d7b0bb2b	Sirach.45.20	reviewed	synodal-russian	Reviewer confirmed the source-partition lexical and semantic identity, the independent exact Synodal whole-token witness, and the bounded historical spelling continuity. Only the separately listed exact cells are admitted.
review:v07:b02b0084bf7ca28a	synodal:verb:v07-f655c8a4d4cdebda	sense:v07:b02b0084bf7ca28a	съхранити	verb	lexical-form	сохраните	сохрани́те	bury; guard, protect; preserve, keep	general	english-wiktionary-ocs-kaikki-2026-08-07	synodal:candidate:ee4a43080a5cb7e65ba6494e	ponomar-elizabeth-bible-2026-08-09	synodal:candidate:0435b27d7df06bb6f145f639	Josh.22.5	reviewed	synodal-russian	Reviewer confirmed the source-partition lexical and semantic identity, the independent exact Synodal whole-token witness, and the bounded historical spelling continuity. Only the separately listed exact cells are admitted.
review:v07:dd906d01184e6582	synodal:verb:v07-ff04037d9da0c605	sense:v07:dd906d01184e6582	възвратити	verb	lexical-form	возврати	Возвратѝ	to come back, return	general	english-wiktionary-ocs-kaikki-2026-08-07	synodal:candidate:80ca4b391063366a3dc0d8d5	ponomar-elizabeth-bible-2026-08-09	synodal:candidate:7c9dd2224f0b04d361a546bc	Psalm.125.4	reviewed	synodal-russian	Reviewer confirmed the source-partition lexical and semantic identity, the independent exact Synodal whole-token witness, and the bounded historical spelling continuity. Only the separately listed exact cells are admitted.
review:v07:c66092b5ca9c213f	synodal:adjective:v07-5512f813a6466474	sense:v07:c66092b5ca9c213f	ниць	adjective	lexical-form	ницъ	ни́цъ	bent down to the ground	general	english-wiktionary-ocs-kaikki-2026-08-07	synodal:candidate:253452bfe7162fd053656d2e	ponomar-elizabeth-bible-2026-08-09	synodal:candidate:21a2b9455a6b210577571e45	Ezek.2.1	reviewed	synodal-russian	Reviewer confirmed the source-partition lexical and semantic identity, the independent exact Synodal whole-token witness, and the bounded historical spelling continuity. Only the separately listed exact cells are admitted.
review:v07:a551db5acfee657f	synodal:noun:v07-110562e7514bf239	sense:v07:a551db5acfee657f	сльза	noun	lexical-form	слезами	слеза́ми	tear, teardrop	general	english-wiktionary-ocs-kaikki-2026-08-07	synodal:candidate:d6b973c2632ee1ad3d5720cf	ponomar-elizabeth-bible-2026-08-09	synodal:candidate:0db1361ba3674433218d6726	III_Macc.4.2	reviewed	synodal-russian	Reviewer confirmed the source-partition lexical and semantic identity, the independent exact Synodal whole-token witness, and the bounded historical spelling continuity. Only the separately listed exact cells are admitted.
review:v07:ff4cbaad64d510c0	synodal:noun:v07-18aadd55ae58acdd	sense:v07:ff4cbaad64d510c0	тврьдь	noun	lexical-form	тверди	тве́рди	firmness	general	english-wiktionary-ocs-kaikki-2026-08-07	synodal:candidate:2e2dd6d88b94067c56fd3bbf	ponomar-elizabeth-bible-2026-08-09	synodal:candidate:0ede7a55a7df21f49d19751d	Deut.33.26	reviewed	synodal-russian	Reviewer confirmed the source-partition lexical and semantic identity, the independent exact Synodal whole-token witness, and the bounded historical spelling continuity. Only the separately listed exact cells are admitted.
review:v07:19fba8e2a866fad2	synodal:noun:v07-bcdc26825740ef65	sense:v07:19fba8e2a866fad2	оумъ	noun	lexical-form	ѹмъ	ѹ҆́мъ	intellect; mind; reason	general	english-wiktionary-ocs-kaikki-2026-08-07	synodal:candidate:a2e24a94b39a89b946830918	wikisource-church-slavonic-bible-2026-08-09	synodal:candidate:056caed3e6cdd622f9332412	Ex.35.29	reviewed	synodal-russian	Reviewer confirmed the source-partition lexical and semantic identity, the independent exact Synodal whole-token witness, and the bounded historical spelling continuity. Only the separately listed exact cells are admitted.
review:v07:f58818ec17871fc7	synodal:noun:v07-c2d7f7cbabd89e59	sense:v07:f58818ec17871fc7	оутро	noun	lexical-form	ѹтра	ѹ҆́тра	morning	general	english-wiktionary-ocs-kaikki-2026-08-07	synodal:candidate:f0458659276ba041384560d7	wikisource-church-slavonic-bible-2026-08-09	synodal:candidate:09bcbb35d7919c08ebc54764	Nehem.8.3	reviewed	synodal-russian	Reviewer confirmed the source-partition lexical and semantic identity, the independent exact Synodal whole-token witness, and the bounded historical spelling continuity. Only the separately listed exact cells are admitted.
review:v07:3fc0d3da42fdb388	synodal:noun:v07-ce1c077ccec4da7b	sense:v07:3fc0d3da42fdb388	польѕа	noun	lexical-form	польза	по́льза	benefit, help	general	english-wiktionary-ocs-kaikki-2026-08-07	synodal:candidate:cc50a6800bbb4f399913bcdf	ponomar-elizabeth-bible-2026-08-09	synodal:candidate:100082a19e86357a3e18ab83	Sirach.41.17	reviewed	synodal-russian	Reviewer confirmed the source-partition lexical and semantic identity, the independent exact Synodal whole-token witness, and the bounded historical spelling continuity. Only the separately listed exact cells are admitted.
review:v07:0a0d8395b3a775d2	synodal:noun:v07-d31d3385a372b942	sense:v07:0a0d8395b3a775d2	дроужьба	noun	lexical-form	дрꙋжбꙋ	дрꙋ́жбꙋ	friendship	general	english-wiktionary-ocs-kaikki-2026-08-07	synodal:candidate:15be573304bce13f20457777	ponomar-elizabeth-bible-2026-08-09	synodal:candidate:0ecf57f64cb2b47bd6745f77	I_Macc.10.20	reviewed	synodal-russian	Reviewer confirmed the source-partition lexical and semantic identity, the independent exact Synodal whole-token witness, and the bounded historical spelling continuity. Only the separately listed exact cells are admitted.
review:v07:73a4a6f168f7796d	synodal:noun:v07-d46ebb477bfe6837	sense:v07:73a4a6f168f7796d	жито	noun	lexical-form	жита	жи́та	grain	general	english-wiktionary-ocs-kaikki-2026-08-07	synodal:candidate:621a05fd7925b8f339a20572	ponomar-elizabeth-bible-2026-08-09	synodal:candidate:d7d7ddc563e6a273cea233f2	Amos.8.6	reviewed	synodal-russian	Reviewer confirmed the source-partition lexical and semantic identity, the independent exact Synodal whole-token witness, and the bounded historical spelling continuity. Only the separately listed exact cells are admitted.
review:v07:b584c14fd214cf57	synodal:noun:v07-f88ffaaa1f16a260	sense:v07:b584c14fd214cf57	коньчина	noun	lexical-form	кончина	кончи́на	death; end	general	english-wiktionary-ocs-kaikki-2026-08-07	synodal:candidate:45928e726a2eb9087ab43830	ponomar-elizabeth-bible-2026-08-09	synodal:candidate:1fff255323e959339890e74a	Mt.24.14	reviewed	synodal-russian	Reviewer confirmed the source-partition lexical and semantic identity, the independent exact Synodal whole-token witness, and the bounded historical spelling continuity. Only the separately listed exact cells are admitted.
review:v07:df61d79cac188c1a	synodal:pronoun:v07-61cdc8112ee912fe	sense:v07:df61d79cac188c1a	вонь	pronoun	lexical-form	вонь	во́нь	въ (in) + нь (accusative of и (i)): therein	general	english-wiktionary-ocs-kaikki-2026-08-07	synodal:candidate:27340d780eb2b5abfbed93d9	ponomar-elizabeth-bible-2026-08-09	synodal:candidate:06fedef2d78515f918f17e8b	Jn.13.27	reviewed	synodal-russian	Reviewer confirmed the source-partition lexical and semantic identity, the independent exact Synodal whole-token witness, and the bounded historical spelling continuity. Only the separately listed exact cells are admitted.
review:v07:11488e3e30e5d479	synodal:pronoun:v07-97002c43d9dd87c3	sense:v07:11488e3e30e5d479	овъ	pronoun	lexical-form	ѻвъ	Ѻ҆́въ	that; this	general	english-wiktionary-ocs-kaikki-2026-08-07	synodal:candidate:074f45899508dc1d5d17fcc1	ponomar-elizabeth-bible-2026-08-09	synodal:candidate:4b104ca8f99506b5a91e893e	Rom.14.5	reviewed	synodal-russian	Reviewer confirmed the source-partition lexical and semantic identity, the independent exact Synodal whole-token witness, and the bounded historical spelling continuity. Only the separately listed exact cells are admitted.
review:v07:71855afb26a8d24f	synodal:proper-noun:v07-8d31d317e0b4abfc	sense:v07:71855afb26a8d24f	Асіꙗ	proper-noun	lexical-form	асіи	а҆сі́и	Asia, a continent	person,name	english-wiktionary-ocs-kaikki-2026-08-07	synodal:candidate:3c664d2b8a3f93be43adbac5	ponomar-elizabeth-bible-2026-08-09	synodal:candidate:0686de829d66ed3f2d1bb576	Acts.20.4	reviewed	synodal-russian	Reviewer confirmed the source-partition lexical and semantic identity, the independent exact Synodal whole-token witness, and the bounded historical spelling continuity. Only the separately listed exact cells are admitted.
review:v07:0b5a9c05df141d53	synodal:verb:v07-07d6add8c23cfc1e	sense:v07:0b5a9c05df141d53	готовити	verb	lexical-form	готови	гото́ви	to prepare	general	english-wiktionary-ocs-kaikki-2026-08-07	synodal:candidate:21e1dfed5a8ebea41fdd9eb5	ponomar-elizabeth-bible-2026-08-09	synodal:candidate:3289189924994676a1deb9e3	I_Macc.13.37	rejected	synodal-russian	Corrective contextual review found I_Macc.13.37 uses готови as a predicative plural adjective, not an imperative form of готовити.
review:v07:ee58d95761418f4d	synodal:verb:v07-0e80f4b8081a0813	sense:v07:ee58d95761418f4d	прочисти	verb	lexical-form	прочте	прочтѐ	to read	general	english-wiktionary-ocs-kaikki-2026-08-07	synodal:candidate:714b249b1506f18491067076	ponomar-elizabeth-bible-2026-08-09	synodal:candidate:1a09fd47ab3bc8ba85f4902a	IV_Kings.22.10	reviewed	synodal-russian	Reviewer confirmed the source-partition lexical and semantic identity, the independent exact Synodal whole-token witness, and the bounded historical spelling continuity. Only the separately listed exact cells are admitted.
review:v07:4c1dba1b52dc5201	synodal:verb:v07-bce25b3caf708e38	sense:v07:4c1dba1b52dc5201	жрьти	verb	lexical-form	жрѧхꙋ	жрѧ́хꙋ	to offer; to sacrifice	general	english-wiktionary-ocs-kaikki-2026-08-07	synodal:candidate:f39e0352e67918013fb69472	ponomar-elizabeth-bible-2026-08-09	synodal:candidate:0a448f58936d5f49d288f4d7	IV_Kings.15.35	reviewed	synodal-russian	Reviewer confirmed the source-partition lexical and semantic identity, the independent exact Synodal whole-token witness, and the bounded historical spelling continuity. Only the separately listed exact cells are admitted.
review:v07:cc77e2d46722b267	synodal:verb:v07-c0328a5d7bb7db3c	sense:v07:cc77e2d46722b267	стрѣщи	verb	lexical-form	стрещи	стрещѝ	guard; protect; watch	general	english-wiktionary-ocs-kaikki-2026-08-07	synodal:candidate:7f992b51785152d30808d7ff	ponomar-elizabeth-bible-2026-08-09	synodal:candidate:026cf78829fc4e133bcac710	Ezek.44.14	reviewed	synodal-russian	Reviewer confirmed the source-partition lexical and semantic identity, the independent exact Synodal whole-token witness, and the bounded historical spelling continuity. Only the separately listed exact cells are admitted.
review:v07:9cde081bdc989e12	synodal:verb:v07-d7490a5366c19ff9	sense:v07:9cde081bdc989e12	побѣдити	verb	lexical-form	побѣди	побѣдѝ	to spur, to prod, to force; to win, to defeat, to beat	general	english-wiktionary-ocs-kaikki-2026-08-07	synodal:candidate:0cb3af261aeb3a0fcbc8e763	ponomar-elizabeth-bible-2026-08-09	synodal:candidate:0db156cce9ebcc2218ebb2b5	I_Kings.19.5	reviewed	synodal-russian	Reviewer confirmed the source-partition lexical and semantic identity, the independent exact Synodal whole-token witness, and the bounded historical spelling continuity. Only the separately listed exact cells are admitted.
review:v07:e5e3747bb7029809	synodal:verb:v07-f01cf74bc22dda8b	sense:v07:e5e3747bb7029809	прѣльстити	verb	lexical-form	прельсти	прельсти́	to seduce, mislead	general	english-wiktionary-ocs-kaikki-2026-08-07	synodal:candidate:da0bae05e2320255339fce87	ponomar-elizabeth-bible-2026-08-09	synodal:candidate:302be7a2b88332c365cd9033	Dan.13.56	reviewed	synodal-russian	Reviewer confirmed the source-partition lexical and semantic identity, the independent exact Synodal whole-token witness, and the bounded historical spelling continuity. Only the separately listed exact cells are admitted.
review:v07:63c0be1a63716a17	synodal:verb:v07-f4e0064ef4ceef5e	sense:v07:63c0be1a63716a17	изнемощи	verb	lexical-form	изнемогꙋтъ	и҆знемо́гꙋтъ	be unable; be weak; become wearied, be exhausted	general	english-wiktionary-ocs-kaikki-2026-08-07	synodal:candidate:36c7660b781aeac50aefa7e7	ponomar-elizabeth-bible-2026-08-09	synodal:candidate:03d4ebf1d3d76fd92f291831	Dan.11.33	reviewed	synodal-russian	Reviewer confirmed the source-partition lexical and semantic identity, the independent exact Synodal whole-token witness, and the bounded historical spelling continuity. Only the separately listed exact cells are admitted.
review:v07:01ada09c0128bf6f	synodal:noun:v07-0623a17d2a0d20e9	sense:v07:01ada09c0128bf6f	носила	noun	lexical-form	нѡсила	носи̑ла	bier	general	english-wiktionary-ocs-kaikki-2026-08-07	synodal:candidate:149f5ba72213ecec8f0c2271	ponomar-elizabeth-bible-2026-08-09	synodal:candidate:193b695e66eb2e799c4db3db	Num.4.11	reviewed	synodal-russian	Reviewer confirmed the source-partition lexical and semantic identity, the independent exact Synodal whole-token witness, and the bounded historical spelling continuity. Only the separately listed exact cells are admitted.
review:v07:83c3cb5b0f09baaa	synodal:noun:v07-1678bbc390ba1d53	sense:v07:83c3cb5b0f09baaa	чадо	noun	lexical-form	чадо	Ча́до	child; son	general	dyachenko-1900-scan	synodal:candidate:a92c96dbdc794f5cbc558ac8	ponomar-elizabeth-bible-2026-08-09	synodal:candidate:020f72f24b075664a285425d	Sirach.38.9	reviewed	synodal-russian	Reviewer confirmed the source-partition lexical and semantic identity, the independent exact Synodal whole-token witness, and the bounded historical spelling continuity. Only the separately listed exact cells are admitted.
review:v07:30f036eb62acb097	synodal:noun:v07-2375e637030bc83a	sense:v07:30f036eb62acb097	прѫгъ	noun	lexical-form	прꙋзи	прꙋ́зи	locust	general	english-wiktionary-ocs-kaikki-2026-08-07	synodal:candidate:5e4e38a1fb37a4429ee726cb	ponomar-elizabeth-bible-2026-08-09	synodal:candidate:062d17f485e520c45df01fde	Judg.7.12	reviewed	synodal-russian	Reviewer confirmed the source-partition lexical and semantic identity, the independent exact Synodal whole-token witness, and the bounded historical spelling continuity. Only the separately listed exact cells are admitted.
review:v07:eaa0eeb14158a453	synodal:noun:v07-345d6105fdd39fce	sense:v07:eaa0eeb14158a453	кънязь	noun	noun:nominative:plural:animate	кнѧзи	Кнѧ̑зи	prince; ruler	general	dyachenko-1900-scan	synodal:candidate:775fb08bdeb0b8a5daa1dc08	ponomar-elizabeth-bible-2026-08-09	synodal:candidate:0377a789b96918c54a1879db	Zeph.3.3	reviewed	synodal-russian	Reviewer confirmed the source-partition lexical and semantic identity, the independently typed nominative-plural Synodal witness, and the bounded historical spelling continuity. Only the separately listed exact cells are admitted.
review:v07:70000d1115474422	synodal:noun:v07-43077edbcc744aa2	sense:v07:70000d1115474422	начало	noun	lexical-form	начала	нача́ла	beginning; origin	general	dyachenko-1900-scan	synodal:candidate:137b9515a6ce817356a19251	ponomar-elizabeth-bible-2026-08-09	synodal:candidate:0aa70c4f3c0ccfe0703008d6	Mk.13.19	reviewed	synodal-russian	Reviewer confirmed the source-partition lexical and semantic identity, the independent exact Synodal whole-token witness, and the bounded historical spelling continuity. Only the separately listed exact cells are admitted.
review:v07:3d106a1b7152fb1d	synodal:noun:v07-6ef4c1b12b34ac8c	sense:v07:3d106a1b7152fb1d	часть	noun	lexical-form	часть	Ча́сть	part; share; lot	general	dyachenko-1900-scan	synodal:candidate:39584b66972d56db7ac81020	ponomar-elizabeth-bible-2026-08-09	synodal:candidate:30f0fda32d6a3781a391c18d	II_Paral.31.3	reviewed	synodal-russian	Reviewer confirmed the source-partition lexical and semantic identity, the independent exact Synodal whole-token witness, and the bounded historical spelling continuity. Only the separately listed exact cells are admitted.
review:v07:87fe0df886c82150	synodal:noun:v07-c27905de175a0cde	sense:v07:87fe0df886c82150	камꙑ	noun	lexical-form	камень	Ка́мень	stone	general	dyachenko-1900-scan	synodal:candidate:3f4d97a87a891df937258e57	ponomar-elizabeth-bible-2026-08-09	synodal:candidate:d2975f243850392be03ec3ed	Gen.29.2	reviewed	synodal-russian	Reviewer confirmed the source-partition lexical and semantic identity, the independent exact Synodal whole-token witness, and the bounded historical spelling continuity. Only the separately listed exact cells are admitted.
review:v07:393f555427271d07	synodal:noun:v07-db06c7a6afdd2e88	sense:v07:393f555427271d07	дъщи	noun	lexical-form	дщерь	Дще́рь	daughter	general	dyachenko-1900-scan	synodal:candidate:7e8ffdfb5828e55ff2b8e851	ponomar-elizabeth-bible-2026-08-09	synodal:candidate:23d3fcad90436c093f6dd443	Ezek.16.45	reviewed	synodal-russian	Reviewer confirmed the source-partition lexical and semantic identity, the independent exact Synodal whole-token witness, and the bounded historical spelling continuity. Only the separately listed exact cells are admitted.
review:v07:3a020b19a457a576	synodal:noun:v07-e9a3939d37e191d7	sense:v07:3a020b19a457a576	благодать	noun	lexical-form	благодать	Благода́ть	grace; mercy	general	dyachenko-1900-scan	synodal:candidate:7c52a4996bfe1704689013fd	ponomar-elizabeth-bible-2026-08-09	synodal:candidate:95a7084c19bfcbc4657a3c08	Sirach.40.17	reviewed	synodal-russian	Reviewer confirmed the source-partition lexical and semantic identity, the independent exact Synodal whole-token witness, and the bounded historical spelling continuity. Only the separately listed exact cells are admitted.
review:v07:836382f3474eab69	synodal:proper-noun:v07-8900273b1fcee3df	sense:v07:836382f3474eab69	соломонъ	proper-noun	lexical-form	соломѡнъ	Соломѡ́нъ	Solomon; king of Israel	person,name	dyachenko-1900-scan	synodal:candidate:7e1699258b3666a0d787f1e5	ponomar-elizabeth-bible-2026-08-09	synodal:candidate:10feb451a15c5b82bc1378cc	Mt.1.7	reviewed	synodal-russian	Reviewer confirmed the source-partition lexical and semantic identity, the independent exact Synodal whole-token witness, and the bounded historical spelling continuity. Only the separately listed exact cells are admitted.
review:v07:0923853fe8af5070	synodal:noun:v07-29c233edb918ef36	sense:v07:0923853fe8af5070	листвиѥ	noun	lexical-form	листвїе	ли́ствїе	foliage, leaves	general	english-wiktionary-ocs-kaikki-2026-08-07	synodal:candidate:cb962de3ceb77eed6f9d2118	ponomar-elizabeth-bible-2026-08-09	synodal:candidate:1fada4157ba162f41cb98a4b	Dan.4.11	reviewed	synodal-russian	Reviewer confirmed the source-partition lexical and semantic identity, the independent exact Synodal whole-token witness, and the bounded historical spelling continuity. Only the separately listed exact cells are admitted.
review:v07:5a4233e558b98515	synodal:noun:v07-328e6c95540b4c81	sense:v07:5a4233e558b98515	цѣсарьство	noun	lexical-form	царство	ца́рство	kingdom, empire, dominion	general	english-wiktionary-ocs-kaikki-2026-08-07	synodal:candidate:1b003de4e77620ad38fb4ad0	ponomar-elizabeth-bible-2026-08-09	synodal:candidate:0053f227f636742636ecaded	III_Esdra.12.11	reviewed	synodal-russian	Reviewer confirmed the source-partition lexical and semantic identity, the independent exact Synodal whole-token witness, and the bounded historical spelling continuity. Only the separately listed exact cells are admitted.
review:v07:ad3404086b0cd49d	synodal:noun:v07-3f6d390d07582831	sense:v07:ad3404086b0cd49d	опона	noun	lexical-form	ѻпѡны	ѻ҆по́ны	curtain	general	english-wiktionary-ocs-kaikki-2026-08-07	synodal:candidate:53a9eda5059ca4453dee2c87	ponomar-elizabeth-bible-2026-08-09	synodal:candidate:262643d7e1e538aede864f77	Ex.26.4	reviewed	synodal-russian	Reviewer confirmed the source-partition lexical and semantic identity, the independent exact Synodal whole-token witness, and the bounded historical spelling continuity. Only the separately listed exact cells are admitted.
review:v07:28508b2ee6995819	synodal:noun:v07-45ef2bf40613fb0d	sense:v07:28508b2ee6995819	жрѣбии	noun	lexical-form	жребїй	жре́бїй	dice	general	english-wiktionary-ocs-kaikki-2026-08-07	synodal:candidate:e20bb8ecd6be45d3dda7dc34	ponomar-elizabeth-bible-2026-08-09	synodal:candidate:00fb98f50ec12c6968e01d1a	Lev.16.8	reviewed	synodal-russian	Reviewer confirmed the source-partition lexical and semantic identity, the independent exact Synodal whole-token witness, and the bounded historical spelling continuity. Only the separately listed exact cells are admitted.
review:v07:42b51f44509d639b	synodal:noun:v07-4bdf1db925dce569	sense:v07:42b51f44509d639b	кивотъ	noun	lexical-form	кївѡтъ	кївѡ́тъ	ark; ark of the covenant	general	dyachenko-1900-scan	synodal:candidate:46b91884891540a0f9d1efcd	ponomar-elizabeth-bible-2026-08-09	synodal:candidate:010245846686cde47cdd187e	I_Kings.5.10	reviewed	synodal-russian	Reviewer confirmed the source-partition lexical and semantic identity, the independent exact Synodal whole-token witness, and the bounded historical spelling continuity. Only the separately listed exact cells are admitted.
review:v07:4a7b753bb4514f53	synodal:noun:v07-a08ac1c4e41a685d	sense:v07:4a7b753bb4514f53	кръвь	noun	lexical-form	кровь	кро́вь	blood	general	dyachenko-1900-scan	synodal:candidate:5464dd971dc47399bbe787ea	ponomar-elizabeth-bible-2026-08-09	synodal:candidate:00cc5610a092e18a0e9a9d40	Lev.1.5	reviewed	synodal-russian	Reviewer confirmed the source-partition lexical and semantic identity, the independent exact Synodal whole-token witness, and the bounded historical spelling continuity. Only the separately listed exact cells are admitted.
review:v07:1db9af42c14bca36	synodal:noun:v07-b055d996335d7296	sense:v07:1db9af42c14bca36	овьца	noun	lexical-form	ѻвцы	Ѻ҆́вцы	sheep	general	dyachenko-1900-scan	synodal:candidate:ac5d8b92cff10eb792b7d60b	ponomar-elizabeth-bible-2026-08-09	synodal:candidate:c96fefa4129bf401f4d06bd5	Jerem.50.6	reviewed	synodal-russian	Reviewer confirmed the source-partition lexical and semantic identity, the independent exact Synodal whole-token witness, and the bounded historical spelling continuity. Only the separately listed exact cells are admitted.
review:v07:9a3bab1935489104	synodal:verb:v07-1c4a4d92c8c26109	sense:v07:9a3bab1935489104	сътворити	verb	lexical-form	сотворилъ	сотвори́лъ	to create; make; accomplish	general	dyachenko-1900-scan	synodal:candidate:4751c0b47cd6eb40e766cdb5	ponomar-elizabeth-bible-2026-08-09	synodal:candidate:05e8c56ebd9ce5c0213c12e1	Job.10.14	reviewed	synodal-russian	Reviewer confirmed the source-partition lexical and semantic identity, the independent exact Synodal whole-token witness, and the bounded historical spelling continuity. Only the separately listed exact cells are admitted.
review:v07:cb96d4fecd7709dc	synodal:verb:v07-b2353faaea08f340	sense:v07:cb96d4fecd7709dc	помѧнѫти	verb	lexical-form	помѧни	Помѧни́	to recall; to remember	general	english-wiktionary-ocs-kaikki-2026-08-07	synodal:candidate:7eab9fbd204bd41465fb2649	ponomar-elizabeth-bible-2026-08-09	synodal:candidate:47b2913eee8e9ed828a60174	Nehem.5.19	reviewed	synodal-russian	Reviewer confirmed the source-partition lexical and semantic identity, the independent exact Synodal whole-token witness, and the bounded historical spelling continuity. Only the separately listed exact cells are admitted.
review:v07:151cb836c28c6109	synodal:noun:v07-256e70c23b1ca476	sense:v07:151cb836c28c6109	правьда	noun	lexical-form	правдꙋ	Пра́вдꙋ	justice; righteousness; law	general	dyachenko-1900-scan	synodal:candidate:60ea154b25acaa0f986348e2	ponomar-elizabeth-bible-2026-08-09	synodal:candidate:6ddfe785488e128636a9c8ad	Psalm.39.10	reviewed	synodal-russian	Reviewer confirmed the source-partition lexical and semantic identity, the independent exact Synodal whole-token witness, and the bounded historical spelling continuity. Only the separately listed exact cells are admitted.
review:v07:d3fa12dab66fc170	synodal:noun:v07-32044160fc699252	sense:v07:d3fa12dab66fc170	сѫдъ	noun	lexical-form	сꙋдъ	Сꙋ́дъ	judgment; judicial decision	general	dyachenko-1900-scan	synodal:candidate:db51cf31129cccf78535fd0c	ponomar-elizabeth-bible-2026-08-09	synodal:candidate:a615abf285ba08b12445886c	Job.34.4	reviewed	synodal-russian	Reviewer confirmed the source-partition lexical and semantic identity, the independent exact Synodal whole-token witness, and the bounded historical spelling continuity. Only the separately listed exact cells are admitted.
review:v07:df2b5211d6189718	synodal:noun:v07-6ca2b7a291df61c3	sense:v07:df2b5211d6189718	пьрꙗ	noun	lexical-form	прю	прю̀	quarrel	general	english-wiktionary-ocs-kaikki-2026-08-07	synodal:candidate:d461be17399c19cb0098250b	ponomar-elizabeth-bible-2026-08-09	synodal:candidate:04dbd7a61634a8ab1fc49377	Psalm.73.22	reviewed	synodal-russian	Reviewer confirmed the source-partition lexical and semantic identity, the independent exact Synodal whole-token witness, and the bounded historical spelling continuity. Only the separately listed exact cells are admitted.
review:v07:b632bae0cc7be4c5	synodal:verb:v07-ad8f1f6d34bb8a80	sense:v07:b632bae0cc7be4c5	заповѣдати	verb	lexical-form	заповѣда	Заповѣ́да	to command; order; enjoin	general	dyachenko-1900-scan	synodal:candidate:861b5c2b0771755107cf638d	ponomar-elizabeth-bible-2026-08-09	synodal:candidate:41a62813dea8ac1af0603b3f	Ex.5.6	reviewed	synodal-russian	Reviewer confirmed the source-partition lexical and semantic identity, the independent exact Synodal whole-token witness, and the bounded historical spelling continuity. Only the separately listed exact cells are admitted.
review:v07:fe9bc85e7f55bbbb	synodal:verb:v07-e487099b882161bc	sense:v07:fe9bc85e7f55bbbb	призъвати	verb	lexical-form	призва	Призва̀	to call; summon; invoke	general	dyachenko-1900-scan	synodal:candidate:bcb37d14b91d36996ca181f8	ponomar-elizabeth-bible-2026-08-09	synodal:candidate:cbba6a0f7cbc4e4cbd9e70d2	Baruch.3.35	reviewed	synodal-russian	Reviewer confirmed the source-partition lexical and semantic identity, the independent exact Synodal whole-token witness, and the bounded historical spelling continuity. Only the separately listed exact cells are admitted.
review:v07:2e3ea04fe258a8c0	synodal:verb:v07-eb0cb66022096836	sense:v07:2e3ea04fe258a8c0	поразити	verb	lexical-form	порази	порази́	to strike; smite; wound	general	dyachenko-1900-scan	synodal:candidate:993f4bf082c9864bc00c50f5	ponomar-elizabeth-bible-2026-08-09	synodal:candidate:980a3aed4a04625abb20df0d	Job.16.10	reviewed	synodal-russian	Reviewer confirmed the source-partition lexical and semantic identity, the independent exact Synodal whole-token witness, and the bounded historical spelling continuity. Only the separately listed exact cells are admitted.
review:v07:da9e29e1fc95bd7f	synodal:noun:v07-6cab63b281c7dae6	sense:v07:da9e29e1fc95bd7f	лицемѣръ	noun	lexical-form	лицемѣри	Лицемѣ́ри	hypocrite	general	english-wiktionary-ocs-kaikki-2026-08-07	synodal:candidate:a13c85e10288528507a3eb34	ponomar-elizabeth-bible-2026-08-09	synodal:candidate:169a31b2eda51c18a703c202	Mt.16.3	reviewed	synodal-russian	Reviewer confirmed the source-partition lexical and semantic identity, the independent exact Synodal whole-token witness, and the bounded historical spelling continuity. Only the separately listed exact cells are admitted.
review:v07:29cbfe890fe98dda	synodal:verb:v07-15e3f31915cf0144	sense:v07:29cbfe890fe98dda	довьлѣти	verb	lexical-form	довлѣетъ	Довлѣ́етъ	to be enough, to satisfy; to stick to something	general	english-wiktionary-ocs-kaikki-2026-08-07	synodal:candidate:7f02533e8c6fc5bdd5ce9bdd	ponomar-elizabeth-bible-2026-08-09	synodal:candidate:dfbcc406adeaf22c2d4cb028	I_Pet.4.3	reviewed	synodal-russian	Reviewer confirmed the source-partition lexical and semantic identity, the independent exact Synodal whole-token witness, and the bounded historical spelling continuity. Only the separately listed exact cells are admitted.
review:v07:f2465671f4dd578d	synodal:verb:v07-6fb4b87f3e230e11	sense:v07:f2465671f4dd578d	забꙑти	verb	lexical-form	забыша	забы́ша	to forget	general	english-wiktionary-ocs-kaikki-2026-08-07	synodal:candidate:01ba4752c0a5b9b6b560db5f	ponomar-elizabeth-bible-2026-08-09	synodal:candidate:0794f5ffc43eb6c727d8d813	Jerem.18.15	reviewed	synodal-russian	Reviewer confirmed the source-partition lexical and semantic identity, the independent exact Synodal whole-token witness, and the bounded historical spelling continuity. Only the separately listed exact cells are admitted.
review:v11:332e30b022aa	synodal:noun:v11-332e30b022aa	sense:v11:332e30b022aa	жрецъ	noun	noun:nominative:singular:animate	жрецъ	жре́цъ	priest; sacrificial priest	religion,person	ponomar-modern-church-slavonic-corpus-2016	synodal:candidate:332e30b022aa90a614fd28fe	ponomar-elizabeth-bible-2026-08-09	synodal:candidate:2af4e89bd3f0fee583dfcdcf	Amos.7.10	reviewed	synodal-russian	Reviewer matched the locked SCI Ponomar headword and definition to the independent Ponomar Bible whole-token witness; Polyakov's public grammatical dictionary independently identifies жре́цъ as an animate masculine noun, N1c*, singular nominative. This target witness is bounded to the typed nominative singular animate cell; the productive background is separately licensed by reviewed Alypy class, stem, animacy, and accent metadata.
review:v11:1c75360357d9	synodal:proper-noun:v11-1c75360357d9	sense:v11:1c75360357d9	саꙋлъ	proper-noun	lexical-form	саꙋлъ	саꙋ́лъ	Saul; first king of Israel	person,name,religion	ponomar-modern-church-slavonic-corpus-2016	synodal:candidate:1c75360357d96f5cff63a9ac	ponomar-elizabeth-bible-2026-08-09	synodal:candidate:eca493853abfb7f4556c322c	I_Kings.9.2	reviewed	synodal-russian	Reviewer matched the locked SCI Ponomar name and definition to the independent Ponomar Bible passage introducing Saul son of Kish; Polyakov's public grammatical dictionary independently identifies сау́лъ as an animate masculine personal name, N1t, singular nominative. Exact lexical form only; no productive paradigm inferred.
review:v11:ba59d1e727b5	synodal:noun:v11-ba59d1e727b5	sense:v11:ba59d1e727b5	сонмъ	noun	lexical-form	сонмъ	со́нмъ	assembly; multitude	general	ponomar-modern-church-slavonic-corpus-2016	synodal:candidate:ba59d1e727b522c11c9e6998	ponomar-elizabeth-bible-2026-08-09	synodal:candidate:60a74845526d1db8d87da34c	Acts.23.1	reviewed	synodal-russian	Reviewer matched the locked SCI Ponomar headword and definition to the independent Ponomar Bible whole-token witness; Polyakov's public grammatical dictionary independently identifies со́нмъ as an inanimate masculine noun, N1t, singular nominative or accusative. Exact lexical form only; no productive paradigm inferred.
review:v11:c3606bfd87d5	synodal:noun:v11-c3606bfd87d5	sense:v11:c3606bfd87d5	совѣтъ	noun	lexical-form	совѣтъ	совѣ́тъ	counsel; purpose; assembly	general	ponomar-modern-church-slavonic-corpus-2016	synodal:candidate:c3606bfd87d5a0bd2c043c32	ponomar-elizabeth-bible-2026-08-09	synodal:candidate:a39703f4a3a1b0f6bd731e9a	Acts.4.28	reviewed	synodal-russian	Reviewer matched the locked SCI Ponomar headword and definition to the independent Ponomar Bible whole-token witness; Polyakov's public grammatical dictionary independently identifies совѣ́тъ as an inanimate masculine noun, N1t, singular nominative or accusative. Exact lexical form only; no productive paradigm inferred.
review:v11:4e8cbf1465b4	synodal:proper-noun:v11-4e8cbf1465b4	sense:v11:4e8cbf1465b4	іѡнаѳанъ	proper-noun	lexical-form	іѡнаѳанъ	і҆ѡнаѳа́нъ	Jonathan	person,name	ponomar-modern-church-slavonic-corpus-2016	synodal:candidate:4e8cbf1465b48da54827e662	ponomar-elizabeth-bible-2026-08-09	synodal:candidate:8b6bbf34a7e67849a67885c5	I_Kings.13.16	reviewed	synodal-russian	Reviewer matched the locked SCI Ponomar name entry to the independent Ponomar Bible passage explicitly identifying Jonathan as Saul's son. Exact lexical form only; no productive paradigm inferred.
review:v11:112ca1130b42	synodal:noun:v11-112ca1130b42	sense:v11:112ca1130b42	ѕло	noun	lexical-form	ѕло	ѕло̀	evil	general	ponomar-modern-church-slavonic-corpus-2016	synodal:candidate:112ca1130b42ba4926920490	ponomar-elizabeth-bible-2026-08-09	synodal:candidate:54829c074666a4f64bf20552	Acts.23.9	reviewed	synodal-russian	Reviewer matched the locked SCI Ponomar headword and definition to the independent Ponomar Bible whole-token witness; Polyakov's public grammatical dictionary independently identifies ѕло́ as an inanimate neuter noun, N2t, singular nominative or accusative. The target witness licenses its final grave. Exact lexical form only; no productive paradigm inferred.
review:v11:160c9fb86c0f	synodal:noun:v11-160c9fb86c0f	sense:v11:160c9fb86c0f	премꙋдрость	noun	lexical-form	премꙋдрость	премꙋ́дрость	wisdom; knowledge	general,religion	ponomar-modern-church-slavonic-corpus-2016	synodal:candidate:160c9fb86c0f70dae2795a6b	ponomar-elizabeth-bible-2026-08-09	synodal:candidate:8017da3bcd182e27c524dd49	Acts.7.10	reviewed	synodal-russian	Reviewer matched the locked SCI Ponomar headword and definition to the independent Ponomar Bible whole-token witness; Polyakov's public grammatical dictionary independently identifies прему́дрость as an inanimate feminine noun, N41, singular nominative or accusative. Exact lexical form only; no productive paradigm inferred.
review:v11:da873f6ae112	synodal:adverb:v11-da873f6ae112	sense:v11:da873f6ae112	точїю	adverb	indeclinable	точїю	то́чїю	only	general	ponomar-modern-church-slavonic-corpus-2016	synodal:candidate:da873f6ae1124b76d1a5cb40	ponomar-elizabeth-bible-2026-08-09	synodal:candidate:31e16db537c59804bf530bf7	Acts.8.16	reviewed	synodal-russian	Reviewer matched the locked SCI Ponomar headword and definition to the independent Ponomar Bible whole-token witness; Polyakov's public grammatical dictionary independently identifies то́чію as an adverb. Exact indeclinable lexical form only.
review:v11:8f3d7ab0c925	synodal:adverb:v11-8f3d7ab0c925	sense:v11:8f3d7ab0c925	прѧмѡ	adverb	indeclinable	прѧмѡ	прѧ́мѡ	opposite; before; directly toward	general	ponomar-modern-church-slavonic-corpus-2016	synodal:candidate:8f3d7ab0c925a46ede74bb04	ponomar-elizabeth-bible-2026-08-09	synodal:candidate:7c5e4b9a4e98daaed3f8859c	Acts.8.32	reviewed	synodal-russian	Reviewer matched two compatible locked SCI Ponomar dictionary senses to the independent Ponomar Bible whole-token witness; Polyakov's public grammatical dictionary independently identifies пря́мѡ as an adverb. Exact indeclinable lexical form only.
review:v11:2b9f7f3a2990	synodal:preposition:v11-2b9f7f3a2990	sense:v11:2b9f7f3a2990	сквозѣ	preposition	indeclinable	сквозѣ	сквозѣ̀	through	general	ponomar-modern-church-slavonic-corpus-2016	synodal:candidate:2b9f7f3a2990603f95138f56	ponomar-elizabeth-bible-2026-08-09	synodal:candidate:bf13687a162ed0ffe2425522	Deut.2.27	reviewed	synodal-russian	Reviewer matched the locked SCI Ponomar headword and definition to the independent Ponomar Bible whole-token witness; Polyakov's public grammatical dictionary independently identifies сквозѣ́ as a preposition. The target witness licenses its final grave. Exact indeclinable lexical form only.
review:v11:indeclinable:vosled	synodal:preposition:vosled	sense:v11:preposition:vosled	вослѣдъ	preposition	indeclinable	вослѣдъ	в̾слѣ́дъ	after; following	relation,motion	alypy-gamanovich-grammar-web-2023	synodal:candidate:18e282ff98af67838c7c82f4	ponomar-elizabeth-bible-2026-08-09	synodal:candidate:a9ef76a34d199c2630d206f9	Acts.12.9	reviewed	synodal-russian	Alypy §110 explicitly classifies вослѣ́дъ among derived prepositions, §197 independently prints the exact в̾слѣ́дъ yerok spelling, and the locked source-partition target passage confirms its governed prepositional use. Exact indeclinable forms only; this identity remains distinct from the noun слѣдъ.
review:v12:adverb:ottudu	synodal:adverb:ottudu	sense:v12:adverb:ottudu	ѿтꙋдꙋ	adverb	indeclinable	ѿтꙋдꙋ	ѿтꙋ́дꙋ	from there; thence	place,motion	alypy-gamanovich-grammar-web-2023	synodal:candidate:a18c4f81c701705ad1ef24b1	ponomar-elizabeth-bible-2026-08-09	synodal:candidate:cdc031f64679885e846ab516	Acts.13.4	reviewed	synodal-russian	Alypy §107 explicitly lists ѿтꙋ́дꙋ among pronominal adverbs formed with -дꙋ, establishing lexical category and invariance; the locked source-partition target passage independently confirms the exact marked token in directional use. Exact indeclinable lexical form only; no general prefix or suffix analyzer is inferred.
review:v12:preposition:bez	synodal:preposition:bez	sense:v12:preposition:bez	безъ	preposition	indeclinable	безъ	без̾	without; lacking	relation,privation	alypy-gamanovich-grammar-web-2023	synodal:candidate:a4434d295baa4bf73298f961	ponomar-elizabeth-bible-2026-08-09	synodal:candidate:515ca9665e7e9e0acff972ad	Acts.19.36	reviewed	synodal-russian	Alypy §110 classifies без̾ among the primary prepositions, §3 explains the final yerok convention, and the source-partition §181 sentence independently prints it governing со́ли. The locked source-partition target passage confirms the same exact marked token in governed use. Exact indeclinable form only; no prefix or substring analyzer is inferred.
review:v12:preposition:srede	synodal:preposition:srede	sense:v12:preposition:srede	средѣ	preposition	indeclinable	средѣ	средѣ̀	in the midst of; among; amidst	relation,place	ponomar-modern-church-slavonic-corpus-2016	synodal:candidate:b174a18693fd26067204105d	ponomar-elizabeth-bible-2026-08-09	synodal:candidate:0eccd31a874b222176adc9bf	Amos.3.9	reviewed	synodal-russian	The locked SCI Ponomar headword and gloss establish the medial relation sense, while the independent source-partition phrase средѣ̀ є҆ѧ̀ establishes the prepositional identity, genitive government, and exact final varia. Exact indeclinable form only; no substring or accentless fallback is inferred.
review:v20:interjection:o	synodal:interjection:o	sense:v20:interjection:o	ѽ	interjection	indeclinable	ѽ	ѽ	O!; oh!	discourse,emotion	alypy-gamanovich-grammar-web-2023	synodal:candidate:25f6d1dc75149caf438864a0	ponomar-elizabeth-bible-2026-08-09	synodal:candidate:e4ea3a6a3527c3a883ac84e7	Acts.18.14	reviewed	synodal-russian	Alypy §117 explicitly lists ѽ among interjections, establishing its invariant lexical category; the independent source-partition address ѽ, і҆ꙋде́є confirms the exact Synodal whole token. This identity remains distinct from the preposition ѡ҆ and licenses no accentless or character-substitution fallback.
