review_id	decision	route	family_id	lexeme_id	lemma	part_of_speech	surface	frequency	cell	semantic_evidence_id	morphology_evidence_id	target_evidence_id	evaluation_candidate_id	source_passage	evaluation_passage	predicted_unique_tokens	realized_unique_tokens	blocker	review_note
v06-exact-00b86039c06c2914	admitted	source-typed-exact	v06-family-3bb42b17aa5fdf21	synodal:pronoun:wikt-abc6b7472112	инъ	pronoun	и҆́но	61	pronoun:accusative:singular:neuter:none:inanimate	review:v03:abc6b7472112	v06-ud-6e73c2396670170a	v06-target-2b9e6a63ce96bff2	synodal:candidate:a1a70d90bf80a82eae405401	Acts.12.17	Acts.17.21	61	61		Admitted only the exact typed cell. Identity, source morphology, target spelling, and held-out target occurrence remain separate evidence roles; no productive class or unattested cell is implied.
v06-exact-022857f7f8c678a0	admitted	source-typed-exact	v06-family-ef8e848ce717ee09	synodal:adjective:wikt-f2a9817d8801	добръ	adjective	до́брѣ	130	adjective:dative:singular:feminine:any:short:positive	review:v03:f2a9817d8801	v06-ud-61f96896d8c066a8	v06-target-a701f1a49049956a	synodal:candidate:b26c4d9f4377c829edd62153	Acts.10.33	Acts.25.10	130	130		Admitted only the exact typed cell. Identity, source morphology, target spelling, and held-out target occurrence remain separate evidence roles; no productive class or unattested cell is implied.
v06-exact-022cd954869b2719	admitted	source-typed-exact	v06-family-aef8ae43654d25b5	synodal:verb:v06-7572c074fcdb7753	подобати	verb	подоба́етъ	261	present:third:singular	review:v06:7572c074fcdb7753	v06-ud-011b47e2715e5df6	v06-target-7a687ff460f64380	synodal:candidate:bdb872e3e09b31bfe441f532	Acts.1.21	Acts.3.21	261	261		Admitted only the exact typed cell. Identity, source morphology, target spelling, and held-out target occurrence remain separate evidence roles; no productive class or unattested cell is implied.
v06-exact-0288528935dd72c5	admitted	source-typed-exact	v06-family-9b079522ef514db2	synodal:verb:dati	дати	verb	дано̀	50	participle:past:passive:nominative:singular:neuter:any:short:positive		v06-ud-3c1cdd5db7d27738	v06-target-2476fb304b018502	synodal:candidate:83c7b4632cda8707c9eacec0	Apoc.6.4	Apoc.13.15	50	50		Admitted only the exact typed cell. Identity, source morphology, target spelling, and held-out target occurrence remain separate evidence roles; no productive class or unattested cell is implied.
v06-exact-034139c94e3c06e2	admitted	source-typed-exact	v06-family-9b079522ef514db2	synodal:verb:dati	дати	verb	да́на	42	participle:past:passive:nominative:singular:feminine:any:short:positive		v06-ud-50b7c18851b602de	v06-target-7b4b0953fa1a6dcf	synodal:candidate:860aa4974080e1522a81974c	Deut.34.1	Gen.14.14	42	42		Admitted only the exact typed cell. Identity, source morphology, target spelling, and held-out target occurrence remain separate evidence roles; no productive class or unattested cell is implied.
v06-exact-0357d85472140ae3	admitted	source-typed-exact	v06-family-9b079522ef514db2	synodal:verb:dati	дати	verb	да́нъ	45	participle:past:passive:nominative:singular:masculine:any:short:positive		v06-ud-277f3c910afda811	v06-target-18ba24e4aef32861	synodal:candidate:65bb0e50d1acd06f828874b3	Apoc.6.2	Gen.30.6	45	45		Admitted only the exact typed cell. Identity, source morphology, target spelling, and held-out target occurrence remain separate evidence roles; no productive class or unattested cell is implied.
v06-exact-03a1ca3817d4918e	admitted	source-typed-exact	v06-family-d9f1cbc50eca03a2	synodal:verb:wikt-c128aea92a1f	избити	verb	и҆збѝ	103	past:third:singular	review:v03:c128aea92a1f	v06-ud-164867cce776f81f	v06-target-7a59b4514cc04bc4	synodal:candidate:2b942dc6d83f21064bb5ef3f	Composite.6.9	Deut.4.46	103	103		Admitted only the exact typed cell. Identity, source morphology, target spelling, and held-out target occurrence remain separate evidence roles; no productive class or unattested cell is implied.
v06-exact-03f1e9684b6feafc	admitted	source-typed-exact	v06-family-ca3cf09618d3461f	synodal:verb:wikt-0e30b392f62c	избавити	verb	и҆зба́ви	204	past:second:singular	review:v03:0e30b392f62c	v06-ud-094fd933a7363196	v06-target-0fd75cd0d3e4a79e	synodal:candidate:0f96a0fdc51eaa0c8ea46e51	Baruch.2.14	Dan.3.88	0	204		Admitted only the exact typed cell. Identity, source morphology, target spelling, and held-out target occurrence remain separate evidence roles; no productive class or unattested cell is implied.
v06-exact-041a24085cb6c980	admitted	source-typed-exact	v06-family-3bcb973811741149	synodal:verb:wikt-070505e82800	хотѣти	verb	хотѧ̀	60	participle:present:active:nominative:singular:masculine:any:short:positive	review:v03:070505e82800	v06-ud-affd36cd6d365303	v06-target-66b97b04d5cd8d80	synodal:candidate:7ea32eeea41df7c4f77bdc6f	Acts.12.4	Acts.20.7	60	60		Admitted only the exact typed cell. Identity, source morphology, target spelling, and held-out target occurrence remain separate evidence roles; no productive class or unattested cell is implied.
v06-exact-04b37aa4e6a07482	admitted	source-typed-exact	v06-family-d8c5006e8e55aca6	synodal:noun:wikt-f5010315b352	пѣснь	noun	пѣ́сни	44	noun:nominative:plural:inanimate	review:v03:f5010315b352	v06-ud-e234c2397b50e20d	v06-target-8bce8df45e88dd75	synodal:candidate:31399ec73106f22954111d81	Amos.5.23	Apoc.14.3	0	44		Admitted only the exact typed cell. Identity, source morphology, target spelling, and held-out target occurrence remain separate evidence roles; no productive class or unattested cell is implied.
v06-exact-04cb9846b4c8b6db	admitted	source-typed-exact	v06-family-c57d9a901b55f999	synodal:adjective:wikt-804d9a9cde41	живъ	adjective	жи̑ва	65	adjective:genitive:singular:masculine:any:short:positive	review:v03:804d9a9cde41	v06-ud-fde2ef9ca74fc9c1	v06-target-2fa68763aea2c4f2	synodal:candidate:49762bc8c199a7001d257779	Acts.7.38	Apoc.19.20	65	65		Admitted only the exact typed cell. Identity, source morphology, target spelling, and held-out target occurrence remain separate evidence roles; no productive class or unattested cell is implied.
v06-exact-056064a8ace4771d	admitted	source-typed-exact	v06-family-56d008b352afb789	synodal:verb:wikt-77c5af0d1191	ити	verb	и҆́деши	60	imperative:second:singular	review:v03:77c5af0d1191	v06-ud-8484de695c2eab1c	v06-target-a6ef339cd88199b2	synodal:candidate:3254a10549367f2e563ebcee	Eccles.4.17	I_Kings.17.43	60	60		Admitted only the exact typed cell. Identity, source morphology, target spelling, and held-out target occurrence remain separate evidence roles; no productive class or unattested cell is implied.
v06-exact-0642d378eeb6d2a1	admitted	source-typed-exact	v06-family-ac768fc820943b86	synodal:noun:rab	рабъ	noun	ра̑бъ	46	noun:genitive:plural:animate		v06-ud-651c0665c24b9676	v06-target-b703b182b585c1dc	synodal:candidate:d20cc0fe0b8b0ed928bd9b11	Dan.9.6	Ezek.46.17	0	46		Admitted only the exact typed cell. Identity, source morphology, target spelling, and held-out target occurrence remain separate evidence roles; no productive class or unattested cell is implied.
v06-exact-06a0b24fde2ef68e	admitted	source-typed-exact	v06-family-9b079522ef514db2	synodal:verb:dati	дати	verb	дана̑	53	participle:past:passive:nominative:singular:feminine:any:short:positive		v06-ud-50b7c18851b602de	v06-target-25f54fe8814f3532	synodal:candidate:5cb5db5d7434597b477922e6	Apoc.12.14	Apoc.13.14	53	53		Admitted only the exact typed cell. Identity, source morphology, target spelling, and held-out target occurrence remain separate evidence roles; no productive class or unattested cell is implied.
v06-exact-0742e1af74de7ef1	admitted	source-typed-exact	v06-family-ef8e848ce717ee09	synodal:adjective:wikt-f2a9817d8801	добръ	adjective	добро̀	212	adjective:accusative:singular:neuter:inanimate:short:positive	review:v03:f2a9817d8801	v06-ud-00e2fa62befe3eb3	v06-target-93b479481342b89f	synodal:candidate:6679a79e107bcc0bd04e6c73	Deut.12.25	Deut.1.14	212	212		Admitted only the exact typed cell. Identity, source morphology, target spelling, and held-out target occurrence remain separate evidence roles; no productive class or unattested cell is implied.
v06-exact-0767e32fc0d546b6	admitted	source-typed-exact	v06-family-8378597dbb89183f	synodal:pronoun:v06-7cb9fbdd604c5a70	и	pronoun	нею̀	157	pronoun:locative:dual:feminine:third:any	v06-semantic-pronoun-i	v06-ud-27bbb82293a4b4be	v06-target-68049b009e711292	synodal:candidate:e8304c7fac776d717e546420	Acts.14.19	Acts.3.5	0	157		Admitted only the exact typed cell. Identity, source morphology, target spelling, and held-out target occurrence remain separate evidence roles; no productive class or unattested cell is implied.
v06-exact-091425d83f7d7f93	admitted	source-typed-exact	v06-family-14960f7326ef8f40	synodal:noun:v06-673b2df93b4f89a8	знаменїе	noun	зна́менїе	240	noun:accusative:singular:inanimate	review:v06:673b2df93b4f89a8	v06-ud-64f0953219c28e06	v06-target-dbaa6c5d53e1f98a	synodal:candidate:6cd39c4de0dea847f0081dac	Acts.4.16	Apoc.12.3	240	240		Admitted only the exact typed cell. Identity, source morphology, target spelling, and held-out target occurrence remain separate evidence roles; no productive class or unattested cell is implied.
v06-exact-093eeaad0d8ce04f	admitted	source-typed-exact	v06-family-d40480323b8991a0	synodal:noun:wikt-7edbe8aea3ab	страхъ	noun	стра́хомъ	59	noun:instrumental:singular:inanimate	review:v03:7edbe8aea3ab	v06-ud-dc87b1b58495ee85	v06-target-7b61ae19bb2ccdc1	synodal:candidate:41b718e2cc4b427e69be9e86	Ezek.27.28	Eph.6.5	59	59		Admitted only the exact typed cell. Identity, source morphology, target spelling, and held-out target occurrence remain separate evidence roles; no productive class or unattested cell is implied.
v06-exact-09483ffc8e39065c	admitted	source-typed-exact	v06-family-6299df61d679a844	synodal:verb:v06-8673185ecc70a12e	прїѧти	verb	прїи́меши	46	future:second:singular	review:v06:8673185ecc70a12e	v06-ud-2736a449dd4c57f1	v06-target-bc6b8963493b1bb3	synodal:candidate:e64ac5706b30ff48eb5e7372	Composite.4.11	Ezek.16.54	46	46		Admitted only the exact typed cell. Identity, source morphology, target spelling, and held-out target occurrence remain separate evidence roles; no productive class or unattested cell is implied.
v06-exact-09a2ade0d2689739	admitted	source-typed-exact	v06-family-8c2b85aae7677e62	synodal:adjective:wikt-c50de9a2243e	малъ	adjective	ма́ло	58	adjective:accusative:singular:neuter:inanimate:short:positive	review:v03:c50de9a2243e	v06-ud-8a38bbd9996852db	v06-target-faff8ed34ca761be	synodal:candidate:4d7f6a508bb3f9ec579008da	Acts.14.28	Ezek.40.43	58	58		Admitted only the exact typed cell. Identity, source morphology, target spelling, and held-out target occurrence remain separate evidence roles; no productive class or unattested cell is implied.
v06-exact-09b9dd716e54afb5	admitted	source-typed-exact	v06-family-a6446c454359059c	synodal:noun:wikt-3090f99843dd	кость	noun	кѡ́сти	166	noun:accusative:plural:inanimate	review:v03:3090f99843dd	v06-ud-146ee7e3a542a962	v06-target-8fa487a7e1e711fc	synodal:candidate:db0abe3e8cdb1efcac90712f	Amos.2.1	Baruch.2.24	166	166		Admitted only the exact typed cell. Identity, source morphology, target spelling, and held-out target occurrence remain separate evidence roles; no productive class or unattested cell is implied.
v06-exact-0a58b00e032960c7	admitted	source-typed-exact	v06-family-a1557d9788f7d51f	synodal:verb:wikt-cc294a5ba8a0	ходити	verb	ходѝ	62	imperative:second:singular	review:v03:cc294a5ba8a0	v06-ud-bac95b0b3b542002	v06-target-0fb36081ad4e7472	synodal:candidate:a8a88d135194d6ef594864b0	Baruch.4.2	II_Paral.34.2	62	62		Admitted only the exact typed cell. Identity, source morphology, target spelling, and held-out target occurrence remain separate evidence roles; no productive class or unattested cell is implied.
v06-exact-0b0f29882562869e	admitted	source-typed-exact	v06-family-ca3cf09618d3461f	synodal:verb:wikt-0e30b392f62c	избавити	verb	и҆зба́вилъ	60	l-participle:masculine:singular	review:v03:0e30b392f62c	v06-ud-1414dc5ca999db34	v06-target-e8ebfdeb55be6ec5	synodal:candidate:3360b8c4865b090708439830	Deut.9.26	Ex.5.23	60	60		Admitted only the exact typed cell. Identity, source morphology, target spelling, and held-out target occurrence remain separate evidence roles; no productive class or unattested cell is implied.
v06-exact-0cb4915a0058444d	admitted	source-typed-exact	v06-family-c57d9a901b55f999	synodal:adjective:wikt-804d9a9cde41	живъ	adjective	жива̀	54	adjective:genitive:singular:masculine:any:short:positive	review:v03:804d9a9cde41	v06-ud-fde2ef9ca74fc9c1	v06-target-e88d47d6b75db50f	synodal:candidate:8f59b2cac93a1bf456845594	Apoc.16.3	Deut.5.26	54	54		Admitted only the exact typed cell. Identity, source morphology, target spelling, and held-out target occurrence remain separate evidence roles; no productive class or unattested cell is implied.
v06-exact-0e5bec22186e126b	admitted	source-typed-exact	v06-family-a0e13433f9298e17	synodal:noun:zhizn	жизнь	noun	жи́зни	114	noun:genitive:singular:inanimate		v06-ud-2b050262425e8d6e	v06-target-cae96d9efe593115	synodal:candidate:1370a2de531768b428965f5e	Acts.5.20	Acts.3.15	114	114		Admitted only the exact typed cell. Identity, source morphology, target spelling, and held-out target occurrence remain separate evidence roles; no productive class or unattested cell is implied.
v06-exact-0eb4c7d99724ca76	admitted	source-typed-exact	v06-family-c57d9a901b55f999	synodal:adjective:wikt-804d9a9cde41	живъ	adjective	жи̑ва	65	adjective:nominative:singular:feminine:any:short:positive	review:v03:804d9a9cde41	v06-ud-e5145234821faf13	v06-target-2fa68763aea2c4f2	synodal:candidate:49762bc8c199a7001d257779	Acts.7.38	Apoc.19.20	0	0		Admitted only the exact typed cell. Identity, source morphology, target spelling, and held-out target occurrence remain separate evidence roles; no productive class or unattested cell is implied.
v06-exact-0f6b44e719f313f2	admitted	source-typed-exact	v06-family-0f91a34d8e162efe	synodal:numeral:wikt-2fe80b81eaf8	седмь	numeral	седмѝ	87	numeral:cardinal:genitive:singular:feminine:any	review:v03:2fe80b81eaf8	v06-ud-a92775490f921098	v06-target-b0d4aaf175533d5c	synodal:candidate:0262fbc7b07e54b84cfe73b7	Acts.21.8	Apoc.1.4	87	87		Admitted only the exact typed cell. Identity, source morphology, target spelling, and held-out target occurrence remain separate evidence roles; no productive class or unattested cell is implied.
v06-exact-0f89e04c96a284c3	admitted	source-typed-exact	v06-family-07223248863b5123	synodal:verb:wikt-eb542a45226b	ѡбрѣсти	verb	ѡ҆брѧ́щете	42	future:second:plural	review:v03:eb542a45226b	v06-ud-ac2b65219e50e3e9	v06-target-c46c88d2f5eb43d0	synodal:candidate:563481cd7547c1531ecd3869	Deut.4.29	Ex.5.11	42	42		Admitted only the exact typed cell. Identity, source morphology, target spelling, and held-out target occurrence remain separate evidence roles; no productive class or unattested cell is implied.
v06-exact-0f9cd96db262e785	admitted	source-typed-exact	v06-family-93c93fee06e6f5e4	synodal:pronoun:az	азъ	pronoun	мы́	125	pronoun:nominative:plural:masculine:first:any		v06-ud-7b0c5fd547c8cf9e	v06-target-786c203500611083	synodal:candidate:2a0fdeff214297960dea74ba	Acts.6.4	Ezek.11.3	125	125		Admitted only the exact typed cell. Identity, source morphology, target spelling, and held-out target occurrence remain separate evidence roles; no productive class or unattested cell is implied.
v06-exact-0fba8806ea11f54f	admitted	source-typed-exact	v06-family-29c079eb268eb71b	synodal:noun:wikt-3c0ac0c2e796	тѣло	noun	тѣлеса̀	56	noun:nominative:plural:animate	review:v03:3c0ac0c2e796	v06-ud-a41633cb2c367980	v06-target-b9a3de73877d51b0	synodal:candidate:e8708ffc47b96b79e5f0b6a8	Apoc.11.9	Heb.13.11	0	56		Admitted only the exact typed cell. Identity, source morphology, target spelling, and held-out target occurrence remain separate evidence roles; no productive class or unattested cell is implied.
v06-exact-10218100608d9852	admitted	source-typed-exact	v06-family-06a2c84b8917f248	synodal:verb:wikt-f641099e2194	познати	verb	позна́хъ	48	past:first:singular	review:v03:f641099e2194	v06-ud-cb729e8d125a9bdb	v06-target-60656d546e6e1555	synodal:candidate:111d8490f662ba8270feae62	Ezek.10.20	Amos.3.2	48	48		Admitted only the exact typed cell. Identity, source morphology, target spelling, and held-out target occurrence remain separate evidence roles; no productive class or unattested cell is implied.
v06-exact-1032e9fe9db43984	admitted	source-typed-exact	v06-family-d42fb5854d5fdad2	synodal:adjective:v06-6d8cbd0ea412c4e9	подобьнъ	adjective	подо́бенъ	110	adjective:nominative:singular:masculine:any:short:positive	review:v06:6d8cbd0ea412c4e9	v06-ud-40c0e2c8b07b3063	v06-target-8c5a123f43f69346	synodal:candidate:6f0bfe8b2b68c232b7210dd6	Apoc.4.3	Apoc.14.14	110	110		Admitted only the exact typed cell. Identity, source morphology, target spelling, and held-out target occurrence remain separate evidence roles; no productive class or unattested cell is implied.
v06-exact-1068c10c03f0ae00	admitted	source-typed-exact	v06-family-8228b64af2bf5be8	synodal:verb:wikt-2dc4ff592b84	родити	verb	роди́тъ	56	future:third:singular	review:v03:2dc4ff592b84	v06-ud-cab2457b3f2f675b	v06-target-b3d97d9ef9250e98	synodal:candidate:7bf02329c73e6eeac8bf5c46	Apoc.12.4	Ezek.18.14	56	56		Admitted only the exact typed cell. Identity, source morphology, target spelling, and held-out target occurrence remain separate evidence roles; no productive class or unattested cell is implied.
v06-exact-10763af363239ab8	admitted	source-typed-exact	v06-family-8378597dbb89183f	synodal:pronoun:v06-7cb9fbdd604c5a70	и	pronoun	нею̀	157	pronoun:genitive:dual:masculine:third:any	v06-semantic-pronoun-i	v06-ud-e7f499c4e07377f5	v06-target-68049b009e711292	synodal:candidate:e8304c7fac776d717e546420	Acts.14.19	Acts.3.5	0	0		Admitted only the exact typed cell. Identity, source morphology, target spelling, and held-out target occurrence remain separate evidence roles; no productive class or unattested cell is implied.
v06-exact-109f65af9cae3d61	admitted	source-typed-exact	v06-family-29c079eb268eb71b	synodal:noun:wikt-3c0ac0c2e796	тѣло	noun	тѣлеса̀	56	noun:accusative:plural:animate	review:v03:3c0ac0c2e796	v06-ud-61a1bcd8df8f5b40	v06-target-b9a3de73877d51b0	synodal:candidate:e8708ffc47b96b79e5f0b6a8	Apoc.11.9	Heb.13.11	56	0		Admitted only the exact typed cell. Identity, source morphology, target spelling, and held-out target occurrence remain separate evidence roles; no productive class or unattested cell is implied.
v06-exact-118f609d96499e45	admitted	source-typed-exact	v06-family-9c387b34d5a696c0	synodal:verb:wikt-3ca5f600ecca	ѡбратити	verb	ѡ҆братѝ	85	imperative:second:singular	review:v03:3ca5f600ecca	v06-ud-0304672cc6a07b51	v06-target-f15108c32fdc4f50	synodal:candidate:42efc5325a465fc89fe84787	Acts.19.26	Deut.23.5	85	85		Admitted only the exact typed cell. Identity, source morphology, target spelling, and held-out target occurrence remain separate evidence roles; no productive class or unattested cell is implied.
v06-exact-11b5e82d8ab0bc83	admitted	source-typed-exact	v06-family-ac768fc820943b86	synodal:noun:rab	рабъ	noun	рабѡ́мъ	95	noun:instrumental:singular:animate		v06-ud-87dd4d8e096bec3c	v06-target-97504c7b8b9c264e	synodal:candidate:c8861999d38ffb39edb35e41	Acts.4.29	Col.4.1	0	95		Admitted only the exact typed cell. Identity, source morphology, target spelling, and held-out target occurrence remain separate evidence roles; no productive class or unattested cell is implied.
v06-exact-11cdf2291cdca877	admitted	source-typed-exact	v06-family-d5b1a6d4e3736a15	synodal:verb:wikt-a601ebe6bbf1	плакати	verb	пла́ча	54	participle:present:active:nominative:singular:masculine:any:short:positive	review:v03:a601ebe6bbf1	v06-ud-b5784e88c4be585f	v06-target-549d874ac6e0ac6a	synodal:candidate:681b8b4d1955fbeeb20893f4	Apoc.21.4	Eccles.7.3	0	54		Admitted only the exact typed cell. Identity, source morphology, target spelling, and held-out target occurrence remain separate evidence roles; no productive class or unattested cell is implied.
v06-exact-1355d2d005485a9c	admitted	source-typed-exact	v06-family-ca3cf09618d3461f	synodal:verb:wikt-0e30b392f62c	избавити	verb	и҆зба́ви	204	past:third:singular	review:v03:0e30b392f62c	v06-ud-3becd6470e44278f	v06-target-0fd75cd0d3e4a79e	synodal:candidate:0f96a0fdc51eaa0c8ea46e51	Baruch.2.14	Dan.3.88	0	0		Admitted only the exact typed cell. Identity, source morphology, target spelling, and held-out target occurrence remain separate evidence roles; no productive class or unattested cell is implied.
v06-exact-1481428fd1f3b738	admitted	source-typed-exact	v06-family-8378597dbb89183f	synodal:pronoun:v06-7cb9fbdd604c5a70	и	pronoun	неѧ̀	143	pronoun:genitive:singular:feminine:third:any	v06-semantic-pronoun-i	v06-ud-fe2a6e6ee3d308cd	v06-target-c271a238dead0876	synodal:candidate:ba54fc78f37741194eefae20	Acts.2.24	Composite.1.2	143	143		Admitted only the exact typed cell. Identity, source morphology, target spelling, and held-out target occurrence remain separate evidence roles; no productive class or unattested cell is implied.
v06-exact-14a648193d19ce90	admitted	source-typed-exact	v06-family-6290441594f57755	synodal:noun:v06-6f6cb44e5f184035	помощь	noun	По́мощь	137	noun:nominative:singular:inanimate	review:v06:6f6cb44e5f184035	v06-ud-360547ee6e297a17	v06-target-f65e2050bb76f6c0	synodal:candidate:44852bf54a92157c4f7ea57c	Acts.26.22	Psalm.120.2	0	137		Admitted only the exact typed cell. Identity, source morphology, target spelling, and held-out target occurrence remain separate evidence roles; no productive class or unattested cell is implied.
v06-exact-14b8f100f04ab521	admitted	source-typed-exact	v06-family-abeeea5d1129992c	synodal:noun:v06-7621ccb58f48f437	скрижаль	noun	скрижа̑ли	58	noun:accusative:plural:inanimate	review:v06:7621ccb58f48f437	v06-ud-ae4ce5bf94e0a9f2	v06-target-132b81a7fcda657e	synodal:candidate:b5c4ff0c123bb938dc2b7c37	Deut.9.9	Deut.10.1	58	58		Admitted only the exact typed cell. Identity, source morphology, target spelling, and held-out target occurrence remain separate evidence roles; no productive class or unattested cell is implied.
v06-exact-1511af3db1e46e14	admitted	source-typed-exact	v06-family-af070da9e711f5a8	synodal:verb:wikt-889207ff8e35	благословити	verb	благословѝ	93	imperative:second:singular	review:v03:889207ff8e35	v06-ud-fc62258131f78fce	v06-target-d78cd0291e53ecd7	synodal:candidate:25647abfad7fa6a4cfd48c08	Dan.2.19	Gen.14.19	93	93		Admitted only the exact typed cell. Identity, source morphology, target spelling, and held-out target occurrence remain separate evidence roles; no productive class or unattested cell is implied.
v06-exact-1529367cdd44cc44	admitted	source-typed-exact	v06-family-296549ef1bf07606	synodal:noun:wikt-6581de9ff070	врагъ	noun	вразѝ	161	noun:nominative:plural:animate	review:v03:6581de9ff070	v06-ud-0ae840f53b8e318e	v06-target-9702767375942b49	synodal:candidate:2fb361c6f7de0ff887c0f006	Apoc.11.12	Heb.10.13	161	161		Admitted only the exact typed cell. Identity, source morphology, target spelling, and held-out target occurrence remain separate evidence roles; no productive class or unattested cell is implied.
v06-exact-1561bc5c30c339c0	admitted	source-typed-exact	v06-family-ac24451e083a7989	synodal:verb:wikt-78da2d05497d	видѣти	verb	ви́дѣлъ	158	l-participle:masculine:singular	review:v03:78da2d05497d	v06-ud-5d58cb107039aee1	v06-target-d8d917e79359d27f	synodal:candidate:840cd782f9769a3597ec4425	Acts.22.15	Apoc.1.20	158	158		Admitted only the exact typed cell. Identity, source morphology, target spelling, and held-out target occurrence remain separate evidence roles; no productive class or unattested cell is implied.
v06-exact-1633194fd2d3b702	admitted	source-typed-exact	v06-family-8c2b85aae7677e62	synodal:adjective:wikt-c50de9a2243e	малъ	adjective	ма́ла	95	adjective:nominative:singular:feminine:any:short:positive	review:v03:c50de9a2243e	v06-ud-3b5c3506e8bbfaa9	v06-target-1bd143053c68144f	synodal:candidate:0dabd95fe60669e5177eeb1e	Acts.8.10	Acts.12.18	0	95		Admitted only the exact typed cell. Identity, source morphology, target spelling, and held-out target occurrence remain separate evidence roles; no productive class or unattested cell is implied.
v06-exact-1655c04062c58350	admitted	source-typed-exact	v06-family-ef8e848ce717ee09	synodal:adjective:wikt-f2a9817d8801	добръ	adjective	до́брѣ	130	adjective:locative:singular:feminine:any:short:positive	review:v03:f2a9817d8801	v06-ud-45c7e520586372a6	v06-target-a701f1a49049956a	synodal:candidate:b26c4d9f4377c829edd62153	Acts.10.33	Acts.25.10	0	0		Admitted only the exact typed cell. Identity, source morphology, target spelling, and held-out target occurrence remain separate evidence roles; no productive class or unattested cell is implied.
v06-exact-16b4452d604251c1	admitted	source-typed-exact	v06-family-ca3cf09618d3461f	synodal:verb:wikt-0e30b392f62c	избавити	verb	и҆зба́ви	204	future:third:singular	review:v03:0e30b392f62c	v06-ud-e1085711b6cd926c	v06-target-0fd75cd0d3e4a79e	synodal:candidate:0f96a0fdc51eaa0c8ea46e51	Baruch.2.14	Dan.3.88	204	0		Admitted only the exact typed cell. Identity, source morphology, target spelling, and held-out target occurrence remain separate evidence roles; no productive class or unattested cell is implied.
v06-exact-170aca52e607821e	admitted	source-typed-exact	v06-family-1a7b128995752732	synodal:noun:selo	село	noun	се́ла	107	noun:genitive:singular:inanimate		v06-ud-31fb31e06dad9d4f	v06-target-8bc90beeedf358fd	synodal:candidate:719f2b0f8ea74f72fe6ae653	Acts.28.7	II_Esdra.4.50	0	107		Admitted only the exact typed cell. Identity, source morphology, target spelling, and held-out target occurrence remain separate evidence roles; no productive class or unattested cell is implied.
v06-exact-1710e2c89c7d1e21	admitted	source-typed-exact	v06-family-6b14127df1101eda	synodal:verb:wikt-16664aa52c77	стати	verb	ста́нетъ	101	future:third:singular	review:v03:16664aa52c77	v06-ud-47fe8b0a16c57597	v06-target-8bb7098ee4e5fdb3	synodal:candidate:3c14183152759adc97e0f09c	Dan.2.44	Dan.11.4	101	101		Admitted only the exact typed cell. Identity, source morphology, target spelling, and held-out target occurrence remain separate evidence roles; no productive class or unattested cell is implied.
v06-exact-175865241fa6a4f6	admitted	source-typed-exact	v06-family-8f2d5bca8894110f	synodal:verb:wikt-e0c91b5eb837	ѡставити	verb	ѡ҆ста́витъ	114	future:third:singular	review:v03:e0c91b5eb837	v06-ud-4a37046e0a368ca6	v06-target-6a184c0f4e0882b0	synodal:candidate:9f538074581b74ff0393fa05	Apoc.11.8	Deut.28.51	114	114		Admitted only the exact typed cell. Identity, source morphology, target spelling, and held-out target occurrence remain separate evidence roles; no productive class or unattested cell is implied.
v06-exact-1786d6d7277ffcef	admitted	source-typed-exact	v06-family-d8c5006e8e55aca6	synodal:noun:wikt-f5010315b352	пѣснь	noun	пѣ́сни	44	noun:accusative:plural:inanimate	review:v03:f5010315b352	v06-ud-0400908f1da4a201	v06-target-8bce8df45e88dd75	synodal:candidate:31399ec73106f22954111d81	Amos.5.23	Apoc.14.3	44	0		Admitted only the exact typed cell. Identity, source morphology, target spelling, and held-out target occurrence remain separate evidence roles; no productive class or unattested cell is implied.
v06-exact-17874ee75437a93c	admitted	source-typed-exact	v06-family-ac24451e083a7989	synodal:verb:wikt-78da2d05497d	видѣти	verb	ви́дите	181	imperative:second:plural	review:v03:78da2d05497d	v06-ud-875e025e8bba8bb9	v06-target-092555778a955aa9	synodal:candidate:789718efbac3d28d29fc981b	Acts.2.33	Acts.3.16	181	181		Admitted only the exact typed cell. Identity, source morphology, target spelling, and held-out target occurrence remain separate evidence roles; no productive class or unattested cell is implied.
v06-exact-17b6243d7f2c60f6	admitted	source-typed-exact	v06-family-a0e13433f9298e17	synodal:noun:zhizn	жизнь	noun	жи́зни	114	noun:locative:singular:inanimate		v06-ud-e4aa25af2a0c23f1	v06-target-cae96d9efe593115	synodal:candidate:1370a2de531768b428965f5e	Acts.5.20	Acts.3.15	0	0		Admitted only the exact typed cell. Identity, source morphology, target spelling, and held-out target occurrence remain separate evidence roles; no productive class or unattested cell is implied.
v06-exact-185ca53a27a9f0ca	admitted	source-typed-exact	v06-family-e9cf3c69bdb101cf	synodal:verb:v06-9eafebde7d74bfcb	поѩти	verb	поимѝ	51	imperative:second:singular	review:v06:9eafebde7d74bfcb	v06-ud-0cde48563455d12d	v06-target-97e16495a16b8d08	synodal:candidate:aa7580522eb9e7a5796558a3	Ex.17.5	Gen.27.9	51	51		Admitted only the exact typed cell. Identity, source morphology, target spelling, and held-out target occurrence remain separate evidence roles; no productive class or unattested cell is implied.
v06-exact-18657f236544fd79	admitted	source-typed-exact	v06-family-787893a8604e0d40	synodal:noun:grad	градъ	noun	градѡ́мъ	44	noun:instrumental:singular:inanimate		v06-ud-f1537773b44349b3	v06-target-a945a8acf442572b	synodal:candidate:45ce4516db6710b4e5bc9937	Acts.8.40	Acts.15.21	0	44		Admitted only the exact typed cell. Identity, source morphology, target spelling, and held-out target occurrence remain separate evidence roles; no productive class or unattested cell is implied.
v06-exact-1a1c91bd40c26893	admitted	source-typed-exact	v06-family-6c6404e0594aca17	synodal:noun:wikt-bcfe43fd2077	лице	noun	лица̑	127	noun:nominative:plural:animate	review:v03:bcfe43fd2077	v06-ud-29e18cae7d4dff29	v06-target-018a7d54abf0ac72	synodal:candidate:5a615ccba92f101b85455d82	Acts.10.34	Jas.2.1	0	127		Admitted only the exact typed cell. Identity, source morphology, target spelling, and held-out target occurrence remain separate evidence roles; no productive class or unattested cell is implied.
v06-exact-1a29185865cd5ef4	admitted	source-typed-exact	v06-family-de4747c8da3366ca	synodal:verb:wikt-076d1c8a0add	поставити	verb	поста́витъ	74	future:third:singular	review:v03:076d1c8a0add	v06-ud-ba1f220d62470c33	v06-target-f96b580f7c1d7c3d	synodal:candidate:8c7f08de26663df1866f70fc	Dan.11.11	I_Kings.8.12	74	74		Admitted only the exact typed cell. Identity, source morphology, target spelling, and held-out target occurrence remain separate evidence roles; no productive class or unattested cell is implied.
v06-exact-1b044d7b5080351f	admitted	source-typed-exact	v06-family-35da781dc038089e	synodal:noun:wikt-c5953940bb1d	нива	noun	ни́вы	46	noun:accusative:plural:inanimate	review:v03:c5953940bb1d	v06-ud-71502314ce988a5f	v06-target-0f14b361b95497f2	synodal:candidate:147a7ca38d84911c8f1f903f	Deut.16.13	Joel.1.11	46	46		Admitted only the exact typed cell. Identity, source morphology, target spelling, and held-out target occurrence remain separate evidence roles; no productive class or unattested cell is implied.
v06-exact-1b6627293dd3ed6e	admitted	source-typed-exact	v06-family-adccb12b159da3c6	synodal:verb:v06-55cc70e240bb7ee2	посълати	verb	по́сланъ	56	participle:past:passive:nominative:singular:masculine:any:short:positive	review:v06:55cc70e240bb7ee2	v06-ud-8098d46d12f17f92	v06-target-6a1843c1460f70dc	synodal:candidate:5616a6b80215cca803df7da8	Dan.10.11	III_Esdra.5.31	56	56		Admitted only the exact typed cell. Identity, source morphology, target spelling, and held-out target occurrence remain separate evidence roles; no productive class or unattested cell is implied.
v06-exact-1bbb80834ad2a9e3	admitted	source-typed-exact	v06-family-285db4d9f5ac217f	synodal:noun:wikt-1734c53f8298	корабль	noun	кораблѝ	86	noun:nominative:plural:inanimate	review:v03:1734c53f8298	v06-ud-2bff35fbc193699d	v06-target-63ca19e904edca12	synodal:candidate:9a72512cce67df6e5cad4a00	Acts.27.31	Lk.5.7	0	86		Admitted only the exact typed cell. Identity, source morphology, target spelling, and held-out target occurrence remain separate evidence roles; no productive class or unattested cell is implied.
v06-exact-1bfbe067a17bb733	admitted	source-typed-exact	v06-family-6b14127df1101eda	synodal:verb:wikt-16664aa52c77	стати	verb	ста̀	328	past:third:singular	review:v03:16664aa52c77	v06-ud-4f95ff9fa9c15c14	v06-target-7cbfd984e40b8f0a	synodal:candidate:e955ae1b7f2e4c984738e4e3	Acts.3.8	Dan.7.5	328	328		Admitted only the exact typed cell. Identity, source morphology, target spelling, and held-out target occurrence remain separate evidence roles; no productive class or unattested cell is implied.
v06-exact-1d265df2b6a0b2b3	admitted	source-typed-exact	v06-family-84c13e1a07c35cfa	synodal:verb:v06-a7b239a702ce4216	повелѣти	verb	повелѣ́хъ	51	past:first:singular	review:v06:a7b239a702ce4216	v06-ud-43d9ae886bae2324	v06-target-95108381cdcbc855	synodal:candidate:71b485cf6ab2057633ccde39	Acts.25.17	Deut.17.3	51	51		Admitted only the exact typed cell. Identity, source morphology, target spelling, and held-out target occurrence remain separate evidence roles; no productive class or unattested cell is implied.
v06-exact-1d8c3a190983b103	admitted	source-typed-exact	v06-family-b043c1bdb5717480	synodal:adjective:wikt-e406458f5df6	великъ	adjective	вели́ка	167	adjective:accusative:plural:neuter:inanimate:short:positive	review:v03:e406458f5df6	v06-ud-75e5de270ab6a09c	v06-target-45d66237903a3c54	synodal:candidate:dc09466a3d2a03f869e692b3	Acts.5.36	Apoc.8.8	167	167		Admitted only the exact typed cell. Identity, source morphology, target spelling, and held-out target occurrence remain separate evidence roles; no productive class or unattested cell is implied.
v06-exact-1eeda162c8a0ce36	admitted	source-typed-exact	v06-family-b80a0a5d7655c97e	synodal:adjective:v06-e3bdc69bb0fe41f0	мъногъ	adjective	мно́зѣ	101	adjective:locative:singular:feminine:any:short:positive	review:v06:e3bdc69bb0fe41f0	v06-ud-82b5bafcb2efd20d	v06-target-8c8e5ae259d6dc04	synodal:candidate:9dcce6106a31d6451b8dad99	Acts.26.29	Acts.20.9	101	101		Admitted only the exact typed cell. Identity, source morphology, target spelling, and held-out target occurrence remain separate evidence roles; no productive class or unattested cell is implied.
v06-exact-1f8c6c79b9f4ce76	admitted	source-typed-exact	v06-family-a4d9a84ce49cfa1d	synodal:noun:wikt-2d68e170f796	страсть	noun	стра́сѣ	48	noun:locative:singular:inanimate	review:v03:2d68e170f796	v06-ud-f292b874f79a3a17	v06-target-a107e3c2ac940b2a	synodal:candidate:bd83abd74b6c5486085ffdaf	Acts.9.31	III_Esdra.4.24	48	48		Admitted only the exact typed cell. Identity, source morphology, target spelling, and held-out target occurrence remain separate evidence roles; no productive class or unattested cell is implied.
v06-exact-20618ccd77fc86bd	admitted	source-typed-exact	v06-family-4b27648b04f9ba4a	synodal:noun:wikt-f3833c75403b	риза	noun	ри́зы	64	noun:nominative:plural:inanimate	review:v03:f3833c75403b	v06-ud-10b907407e195775	v06-target-33f8b09223810d42	synodal:candidate:81886dc5d70854508485ee4b	Baruch.4.20	Ex.28.15	0	64		Admitted only the exact typed cell. Identity, source morphology, target spelling, and held-out target occurrence remain separate evidence roles; no productive class or unattested cell is implied.
v06-exact-206a4cdecc4a38cd	admitted	source-typed-exact	v06-family-739e69c2a7ce5df8	synodal:verb:v06-bba31c88723cae5c	жити	verb	живѝ	124	past:third:singular	review:v06:bba31c88723cae5c	v06-ud-734af84a8a686d94	v06-target-c99c74b3159d5419	synodal:candidate:3b2dafd77925ca7849aea552	Amos.7.12	Dan.6.21	0	124		Admitted only the exact typed cell. Identity, source morphology, target spelling, and held-out target occurrence remain separate evidence roles; no productive class or unattested cell is implied.
v06-exact-228dbb9a4fc0132b	admitted	source-typed-exact	v06-family-41f98d2fcef64207	synodal:adjective:wikt-a9cef2fd54e7	благъ	adjective	блага̀	54	adjective:genitive:singular:neuter:any:short:positive	review:v03:a9cef2fd54e7	v06-ud-8ff89b92bfb1d160	v06-target-5bfb6d057eeadcc3	synodal:candidate:bd97f1d67104556270563d76	Deut.1.25	Judith.11.23	0	54		Admitted only the exact typed cell. Identity, source morphology, target spelling, and held-out target occurrence remain separate evidence roles; no productive class or unattested cell is implied.
v06-exact-23ced3ce98e7691b	admitted	source-typed-exact	v06-family-3beb06d771228bb8	synodal:noun:v06-7e1f8ebc46490213	брьниѥ	noun	бре́нїе	46	noun:accusative:singular:inanimate	review:v06:7e1f8ebc46490213	v06-ud-6e0a2d15799d4b1e	v06-target-995a4586c8403a99	synodal:candidate:838bf99d11b6986f8903bac6	Isa.41.25	Gen.11.3	46	46		Admitted only the exact typed cell. Identity, source morphology, target spelling, and held-out target occurrence remain separate evidence roles; no productive class or unattested cell is implied.
v06-exact-25d34052baeaf4ee	admitted	source-typed-exact	v06-family-2caac33a37adf878	synodal:verb:wikt-332544509d0c	принести	verb	принесѐ	137	past:second:singular	review:v03:332544509d0c	v06-ud-22a87c26bbce5129	v06-target-14adb22d9694a582	synodal:candidate:56181a3ad7f1282100eb2ddd	Acts.4.37	Ex.32.6	137	137		Admitted only the exact typed cell. Identity, source morphology, target spelling, and held-out target occurrence remain separate evidence roles; no productive class or unattested cell is implied.
v06-exact-26645d87f5b1354d	admitted	source-typed-exact	v06-family-8a49239f954cb0de	synodal:noun:wikt-d9b72ee49d72	миръ	noun	мі́ръ	157	noun:accusative:singular:inanimate	review:v03:d9b72ee49d72	v06-ud-d99a0b458f4d3fdb	v06-target-14a8b5d11b52a7d8	synodal:candidate:40a8aef86ec8b97d2c34c586	Acts.17.24	Heb.10.5	157	157		Admitted only the exact typed cell. Identity, source morphology, target spelling, and held-out target occurrence remain separate evidence roles; no productive class or unattested cell is implied.
v06-exact-27ba63157f396bde	admitted	source-typed-exact	v06-family-81964da4aaa10eb4	synodal:verb:wikt-cab2350c2b15	вѣровати	verb	вѣ́рова	47	past:third:singular	review:v03:cab2350c2b15	v06-ud-f4114dee389022c0	v06-target-86f8375ca25beb8f	synodal:candidate:554a4048ed083a8286d2cb5a	Acts.8.13	Acts.13.12	0	47		Admitted only the exact typed cell. Identity, source morphology, target spelling, and held-out target occurrence remain separate evidence roles; no productive class or unattested cell is implied.
v06-exact-287a7e3e01b56d1f	admitted	source-typed-exact	v06-family-11e893419bfce701	synodal:noun:v06-12a8217f518604ae	коньць	noun	коне́цъ	220	noun:accusative:singular:inanimate	review:v06:12a8217f518604ae	v06-ud-4028b55854815321	v06-target-c592774169f1be72	synodal:candidate:5449c39e0a3437fd3d112ee8	Amos.8.7	Amos.8.2	220	220		Admitted only the exact typed cell. Identity, source morphology, target spelling, and held-out target occurrence remain separate evidence roles; no productive class or unattested cell is implied.
v06-exact-299cc6ee3b500aec	admitted	source-typed-exact	v06-family-30f1c0ca194143b7	synodal:verb:v06-c8b75d2f425c16e5	мощи	verb	мо́жетъ	247	present:third:singular	review:v06:c8b75d2f425c16e5	v06-ud-b7578019575c891d	v06-target-21f56fbf9500af3a	synodal:candidate:0c135f2de33dc25c252ea9ac	Acts.10.47	III_Esdra.5.44	247	247		Admitted only the exact typed cell. Identity, source morphology, target spelling, and held-out target occurrence remain separate evidence roles; no productive class or unattested cell is implied.
v06-exact-29ab63299708d734	admitted	source-typed-exact	v06-family-50030942b83fea71	synodal:verb:wikt-e00c0a63fc09	нарещи	verb	наречѐ	142	past:second:singular	review:v03:e00c0a63fc09	v06-ud-b8540d4064bedf07	v06-target-1781ea977a9fbede	synodal:candidate:cb5894998908f71b3848a0fb	Dan.5.12	Ex.2.22	142	142		Admitted only the exact typed cell. Identity, source morphology, target spelling, and held-out target occurrence remain separate evidence roles; no productive class or unattested cell is implied.
v06-exact-29aef8dd04b3694c	admitted	source-typed-exact	v06-family-d923543dfd3f32db	synodal:proper-noun:wikt-b63b03d40852	сїѡнъ	proper-noun	сїѡ́нѣ	78	noun:locative:singular:animate	review:v03:b63b03d40852	v06-ud-e7818acc8a171714	v06-target-e07af0b17a9db525	synodal:candidate:31e22946742398ccb5715616	III_Esdra.6.4	Isa.4.3	78	78		Admitted only the exact typed cell. Identity, source morphology, target spelling, and held-out target occurrence remain separate evidence roles; no productive class or unattested cell is implied.
v06-exact-29b870dbecaf8434	admitted	source-typed-exact	v06-family-4ba4ee2693367d56	synodal:noun:wikt-5e7decaf3d4a	стадо	noun	стада̀	76	noun:nominative:plural:inanimate	review:v03:5e7decaf3d4a	v06-ud-8573ee63ff998314	v06-target-987657dd7d5cf0e1	synodal:candidate:5bd51e1737c0b094079cde53	Deut.7.13	Deut.28.4	0	76		Admitted only the exact typed cell. Identity, source morphology, target spelling, and held-out target occurrence remain separate evidence roles; no productive class or unattested cell is implied.
v06-exact-2a72cf6f7b06fa81	admitted	source-typed-exact	v06-family-045b58d82ab20fa4	synodal:numeral:wikt-42c5d78bab14	пѧть	numeral	пѧтѝ	150	numeral:cardinal:dative:singular:feminine:any	review:v03:42c5d78bab14	v06-ud-a5f4a83e183ded5a	v06-target-bd73e0692b85c87d	synodal:candidate:ad1074bc374dabe3ceafb553	Deut.10.22	Acts.20.6	150	150		Admitted only the exact typed cell. Identity, source morphology, target spelling, and held-out target occurrence remain separate evidence roles; no productive class or unattested cell is implied.
v06-exact-2ac7131b3d75bffb	admitted	source-typed-exact	v06-family-739e69c2a7ce5df8	synodal:verb:v06-bba31c88723cae5c	жити	verb	жи́ти	154	infinitive	review:v06:bba31c88723cae5c	v06-ud-d2f5ac6fd07f3b49	v06-target-3dcea43dcb1ac633	synodal:candidate:cfa812e457e037443e88c06a	Acts.22.22	Acts.17.26	154	154		Admitted only the exact typed cell. Identity, source morphology, target spelling, and held-out target occurrence remain separate evidence roles; no productive class or unattested cell is implied.
v06-exact-2b01c52cf32cfd85	admitted	source-typed-exact	v06-family-6afd5836abd2d2e9	synodal:noun:wikt-34a97d0572e7	болѣзнь	noun	бѡлѣ́зни	76	noun:genitive:plural:inanimate	review:v03:34a97d0572e7	v06-ud-6f037a493da4401a	v06-target-c271a238dead0876	synodal:candidate:7ccfabf5a97a618ef95686b7	Acts.2.24	Ex.15.14	0	76		Admitted only the exact typed cell. Identity, source morphology, target spelling, and held-out target occurrence remain separate evidence roles; no productive class or unattested cell is implied.
v06-exact-2b4c366d978ef18f	admitted	source-typed-exact	v06-family-5834074ba8eb0f6a	synodal:noun:v06-54edb72ddb014dda	вѡинъ	noun	Во́ини	61	noun:nominative:plural:animate	review:v06:54edb72ddb014dda	v06-ud-f4e05e907900bc30	v06-target-1fdfac3020ef6a4a	synodal:candidate:7550e65c4b130c73debd6c88	Acts.23.31	IV_Kings.13.20	61	61		Admitted only the exact typed cell. Identity, source morphology, target spelling, and held-out target occurrence remain separate evidence roles; no productive class or unattested cell is implied.
v06-exact-2b60f46e88d4822a	admitted	source-typed-exact	v06-family-8228b64af2bf5be8	synodal:verb:wikt-2dc4ff592b84	родити	verb	родѝ	677	past:third:singular	review:v03:2dc4ff592b84	v06-ud-10330065dcbaf71c	v06-target-93b905414744d957	synodal:candidate:84c795b881f262a3886ac46f	Apoc.12.5	Acts.7.8	677	677		Admitted only the exact typed cell. Identity, source morphology, target spelling, and held-out target occurrence remain separate evidence roles; no productive class or unattested cell is implied.
v06-exact-2b9a07e5555b7b15	admitted	source-typed-exact	v06-family-6299df61d679a844	synodal:verb:v06-8673185ecc70a12e	прїѧти	verb	прїѧ̀	40	past:third:singular	review:v06:8673185ecc70a12e	v06-ud-7bcc659d5e99ebaa	v06-target-0b71957c7a301bf0	synodal:candidate:af1755f9ca577ce0b5522013	Dan.5.31	II_Esdra.4.61	0	40		Admitted only the exact typed cell. Identity, source morphology, target spelling, and held-out target occurrence remain separate evidence roles; no productive class or unattested cell is implied.
v06-exact-2d9b6480bf814e1f	admitted	source-typed-exact	v06-family-82593107f7085b2c	synodal:noun:wikt-63d3fffebc66	крило	noun	крилѣ̑	50	noun:nominative:dual:inanimate	review:v03:63d3fffebc66	v06-ud-8d2a1add6be7b2db	v06-target-84948b6b474e1b4e	synodal:candidate:91379f293da5f1cf3f720ce0	Dan.7.4	Deut.32.11	0	50		Admitted only the exact typed cell. Identity, source morphology, target spelling, and held-out target occurrence remain separate evidence roles; no productive class or unattested cell is implied.
v06-exact-2da0e126648695e8	admitted	source-typed-exact	v06-family-1c2c7f0a8124e4c2	synodal:noun:v06-7b1e864dda89753f	отрѡкъ	noun	ѻ҆трокѡ́мъ	76	noun:dative:plural:animate	review:v06:7b1e864dda89753f	v06-ud-406a681d260916ac	v06-target-102f1ff30f599114	synodal:candidate:44b29e8b2f72b9c9510704df	Dan.1.17	II_Kings.4.12	76	76		Admitted only the exact typed cell. Identity, source morphology, target spelling, and held-out target occurrence remain separate evidence roles; no productive class or unattested cell is implied.
v06-exact-2e3e74b08a4fc3af	admitted	source-typed-exact	v06-family-ac24451e083a7989	synodal:verb:wikt-78da2d05497d	видѣти	verb	ви́дѣхъ	554	past:first:singular	review:v03:78da2d05497d	v06-ud-4f9542fd47956bb3	v06-target-fc246d05725bbdfb	synodal:candidate:4a0b12d0d77db88c16cc27ea	Acts.11.6	Acts.7.34	554	554		Admitted only the exact typed cell. Identity, source morphology, target spelling, and held-out target occurrence remain separate evidence roles; no productive class or unattested cell is implied.
v06-exact-2e80328385ff0be9	admitted	source-typed-exact	v06-family-1c2c7f0a8124e4c2	synodal:noun:v06-7b1e864dda89753f	отрѡкъ	noun	ѻ҆́трокъ	106	noun:nominative:singular:animate	review:v06:7b1e864dda89753f	v06-ud-59593202673a1a60	v06-target-0bf0e69d358324e0	synodal:candidate:40482f64b4894f40a8a3f4ce	Eccles.4.13	Gen.9.25	106	106		Admitted only the exact typed cell. Identity, source morphology, target spelling, and held-out target occurrence remain separate evidence roles; no productive class or unattested cell is implied.
v06-exact-3165421dfde5e266	admitted	source-typed-exact	v06-family-a275500710a5274f	synodal:noun:wikt-164b8f0d21df	число	noun	число́мъ	42	noun:instrumental:singular:inanimate	review:v03:164b8f0d21df	v06-ud-0306f9fced065f79	v06-target-45d66237903a3c54	synodal:candidate:4c9ac8e1ab2c6dfd54721084	Acts.5.36	Deut.33.6	42	42		Admitted only the exact typed cell. Identity, source morphology, target spelling, and held-out target occurrence remain separate evidence roles; no productive class or unattested cell is implied.
v06-exact-323a55c47b65303b	admitted	source-typed-exact	v06-family-ac24451e083a7989	synodal:verb:wikt-78da2d05497d	видѣти	verb	ви́дѣсте	58	past:second:plural	review:v03:78da2d05497d	v06-ud-a2f73b7c2bbc6e3e	v06-target-3afcc4161088d364	synodal:candidate:30e842eb4d535c506c5de784	Acts.1.11	Deut.29.2	58	58		Admitted only the exact typed cell. Identity, source morphology, target spelling, and held-out target occurrence remain separate evidence roles; no productive class or unattested cell is implied.
v06-exact-3255a18e56caa491	admitted	source-typed-exact	v06-family-db71ed880317d6a2	synodal:noun:v06-ba5b8abd7b0756e9	поле	noun	по́ле	91	noun:accusative:singular:inanimate	review:v06:ba5b8abd7b0756e9	v06-ud-6c3fec066889ae51	v06-target-e8efc46f3a824552	synodal:candidate:29c938be039274595dcedcda	Deut.1.7	Dan.14.33	91	91		Admitted only the exact typed cell. Identity, source morphology, target spelling, and held-out target occurrence remain separate evidence roles; no productive class or unattested cell is implied.
v06-exact-32b0b5e0e7691641	admitted	source-typed-exact	v06-family-ef8e848ce717ee09	synodal:adjective:wikt-f2a9817d8801	добръ	adjective	до́брѣ	130	adjective:nominative:singular:feminine:any:short:positive	review:v03:f2a9817d8801	v06-ud-1255425559a0ef9f	v06-target-a701f1a49049956a	synodal:candidate:b26c4d9f4377c829edd62153	Acts.10.33	Acts.25.10	0	0		Admitted only the exact typed cell. Identity, source morphology, target spelling, and held-out target occurrence remain separate evidence roles; no productive class or unattested cell is implied.
v06-exact-33058a7090b2688b	admitted	source-typed-exact	v06-family-7f82a17c24a796dc	synodal:noun:wikt-623810a5090c	власть	noun	вла́сти	96	noun:dative:singular:inanimate	review:v03:623810a5090c	v06-ud-fb1ebb3dc518a1c8	v06-target-eeaea88bd7a7e73f	synodal:candidate:3c14183152759adc97e0f09c	Acts.1.7	Dan.11.4	0	96		Admitted only the exact typed cell. Identity, source morphology, target spelling, and held-out target occurrence remain separate evidence roles; no productive class or unattested cell is implied.
v06-exact-33d9e3f42a094963	admitted	source-typed-exact	v06-family-8c2b85aae7677e62	synodal:adjective:wikt-c50de9a2243e	малъ	adjective	ма́ла	95	adjective:genitive:singular:masculine:any:short:positive	review:v03:c50de9a2243e	v06-ud-b31f8d8429876036	v06-target-1bd143053c68144f	synodal:candidate:0dabd95fe60669e5177eeb1e	Acts.8.10	Acts.12.18	0	0		Admitted only the exact typed cell. Identity, source morphology, target spelling, and held-out target occurrence remain separate evidence roles; no productive class or unattested cell is implied.
v06-exact-33de6d95e9e2b220	admitted	source-typed-exact	v06-family-b80a0a5d7655c97e	synodal:adjective:v06-e3bdc69bb0fe41f0	мъногъ	adjective	мно́га	86	adjective:nominative:singular:feminine:any:short:positive	review:v06:e3bdc69bb0fe41f0	v06-ud-6a004ff811f7c363	v06-target-7c4e882536eb0d74	synodal:candidate:fb40647b02116208cb11898c	Esther.1.1	Apoc.19.1	0	86		Admitted only the exact typed cell. Identity, source morphology, target spelling, and held-out target occurrence remain separate evidence roles; no productive class or unattested cell is implied.
v06-exact-346efea007828afb	admitted	source-typed-exact	v06-family-6299df61d679a844	synodal:verb:v06-8673185ecc70a12e	прїѧти	verb	прїѧ̀	40	past:second:singular	review:v06:8673185ecc70a12e	v06-ud-7e367067894306e6	v06-target-0b71957c7a301bf0	synodal:candidate:af1755f9ca577ce0b5522013	Dan.5.31	II_Esdra.4.61	0	0		Admitted only the exact typed cell. Identity, source morphology, target spelling, and held-out target occurrence remain separate evidence roles; no productive class or unattested cell is implied.
v06-exact-3481530fc1e0ef8e	admitted	source-typed-exact	v06-family-a5696223a9779716	synodal:noun:v06-67fa4c88721fcbe8	честь	noun	че́сть	98	noun:nominative:singular:inanimate	review:v06:67fa4c88721fcbe8	v06-ud-f87033a3e46c0b3a	v06-target-414dab1992c26bb3	synodal:candidate:773822530c55c0f65e0367ff	Apoc.21.24	Dan.4.33	98	98		Admitted only the exact typed cell. Identity, source morphology, target spelling, and held-out target occurrence remain separate evidence roles; no productive class or unattested cell is implied.
v06-exact-348d462b175259a4	admitted	source-typed-exact	v06-family-68b293c420890844	synodal:noun:milost	милость	noun	ми́лости	56	noun:locative:singular:inanimate		v06-ud-5eb7bbacafa90a58	v06-target-03ce09761ccfc2a9	synodal:candidate:bd83abd74b6c5486085ffdaf	Esther.3.13	III_Esdra.4.24	0	56		Admitted only the exact typed cell. Identity, source morphology, target spelling, and held-out target occurrence remain separate evidence roles; no productive class or unattested cell is implied.
v06-exact-353bad3ea87bba7d	admitted	source-typed-exact	v06-family-5316ac48e30c9434	synodal:verb:wikt-c983b0c026d8	бѣжати	verb	Бѣжа́	40	past:third:singular	review:v03:c983b0c026d8	v06-ud-53af34eeeeb7d751	v06-target-550bc4cc84515c88	synodal:candidate:22e8b64c50e1fdbe4336a654	Acts.7.29	Acts.7.29	40	40		Admitted only the exact typed cell. Identity, source morphology, target spelling, and held-out target occurrence remain separate evidence roles; no productive class or unattested cell is implied.
v06-exact-3581a4584ef06a8a	admitted	source-typed-exact	v06-family-db71ed880317d6a2	synodal:noun:v06-ba5b8abd7b0756e9	поле	noun	по́ли	142	noun:locative:singular:inanimate	review:v06:ba5b8abd7b0756e9	v06-ud-b00baaeb3f27c080	v06-target-1803066ab640b10e	synodal:candidate:ab678edcb8d2f22f3e5c0920	Dan.3.1	Deut.21.1	142	142		Admitted only the exact typed cell. Identity, source morphology, target spelling, and held-out target occurrence remain separate evidence roles; no productive class or unattested cell is implied.
v06-exact-36b8e80c24c38f9a	admitted	source-typed-exact	v06-family-42ac81eeda99bf1b	synodal:verb:wikt-8a084860d2ef	вѣдѣти	verb	вѣ́си	165	present:second:singular	review:v03:8a084860d2ef	v06-ud-58916ea2fc482bf9	v06-target-11e2859309f61a07	synodal:candidate:b26c4d9f4377c829edd62153	Apoc.3.17	Acts.25.10	165	165		Admitted only the exact typed cell. Identity, source morphology, target spelling, and held-out target occurrence remain separate evidence roles; no productive class or unattested cell is implied.
v06-exact-377e0db704720e27	admitted	source-typed-exact	v06-family-13370df5e120c450	synodal:noun:v06-4b110ac5f2b33849	врата	noun	врата̀	284	noun:nominative:plural:inanimate	review:v06:4b110ac5f2b33849	v06-ud-cae4de6b6c78afb1	v06-target-614a97ae06f8dc7b	synodal:candidate:9e34d3c6acbbcf223ee2129b	Acts.14.13	Acts.12.13	0	284		Admitted only the exact typed cell. Identity, source morphology, target spelling, and held-out target occurrence remain separate evidence roles; no productive class or unattested cell is implied.
v06-exact-380372ae5c570ec3	admitted	source-typed-exact	v06-family-1d98e532d00c8b2e	synodal:adjective:v06-73f4685d4e007ee3	блаженъ	adjective	Блаже́нъ	41	adjective:nominative:singular:masculine:any:short:positive	review:v06:73f4685d4e007ee3	v06-ud-5f871c00530f8009	v06-target-fb185e4927d297cf	synodal:candidate:354d24926d4c4a38e5fd861e	Composite.3.8	Isa.56.2	41	41		Admitted only the exact typed cell. Identity, source morphology, target spelling, and held-out target occurrence remain separate evidence roles; no productive class or unattested cell is implied.
v06-exact-391382089ec9dcf1	admitted	source-typed-exact	v06-family-2ff1ba3f0d67837f	synodal:noun:v06-b23133f0dc954885	лесть	noun	ле́сть	62	noun:nominative:singular:inanimate	review:v06:b23133f0dc954885	v06-ud-48f2dd448d001d2f	v06-target-d66c51f9f3694701	synodal:candidate:cf9ba0cdd8e562a8c1d7c9cb	Dan.8.25	Apoc.14.5	0	62		Admitted only the exact typed cell. Identity, source morphology, target spelling, and held-out target occurrence remain separate evidence roles; no productive class or unattested cell is implied.
v06-exact-394705a0441064e5	admitted	source-typed-exact	v06-family-84c13e1a07c35cfa	synodal:verb:v06-a7b239a702ce4216	повелѣти	verb	повелѣ̀	411	past:third:singular	review:v06:a7b239a702ce4216	v06-ud-6fff06514d03b0a1	v06-target-1d506f71fe6b75fe	synodal:candidate:06b6b68b6b9b58157afbe8bd	Acts.1.4	Acts.21.33	0	411		Admitted only the exact typed cell. Identity, source morphology, target spelling, and held-out target occurrence remain separate evidence roles; no productive class or unattested cell is implied.
v06-exact-3a3b6193679c4dea	admitted	source-typed-exact	v06-family-739e69c2a7ce5df8	synodal:verb:v06-bba31c88723cae5c	жити	verb	жи́ви	96	past:third:singular	review:v06:bba31c88723cae5c	v06-ud-734af84a8a686d94	v06-target-bb42192013838e6b	synodal:candidate:839ca642525b9ff156bb5db8	Deut.5.3	Ezek.18.32	0	96		Admitted only the exact typed cell. Identity, source morphology, target spelling, and held-out target occurrence remain separate evidence roles; no productive class or unattested cell is implied.
v06-exact-3a90ff08be255bf4	admitted	source-typed-exact	v06-family-b043c1bdb5717480	synodal:adjective:wikt-e406458f5df6	великъ	adjective	вели́кое	48	adjective:nominative:singular:neuter:any:long:positive	review:v03:e406458f5df6	v06-ud-8ca4a6942c87face	v06-target-f8f53d3fae3e4faa	synodal:candidate:ff1f31d19221632067b6176f	Dan.7.2	Baruch.2.29	0	48		Admitted only the exact typed cell. Identity, source morphology, target spelling, and held-out target occurrence remain separate evidence roles; no productive class or unattested cell is implied.
v06-exact-3b26cf62414d5fc7	admitted	source-typed-exact	v06-family-aa419b282270dd58	synodal:noun:bog	богъ	noun	богѡ́мъ	160	noun:instrumental:singular:animate		v06-ud-81f90d3dae4c05e8	v06-target-4d4bbf251de102b8	synodal:candidate:e2ce9ee7b03183f724058c4b	Baruch.1.22	Deut.12.2	0	160		Admitted only the exact typed cell. Identity, source morphology, target spelling, and held-out target occurrence remain separate evidence roles; no productive class or unattested cell is implied.
v06-exact-3bb11d5aef1df4d5	admitted	source-typed-exact	v06-family-68b293c420890844	synodal:noun:milost	милость	noun	ми́лости	56	noun:nominative:plural:inanimate		v06-ud-d129acdadd1fbfe5	v06-target-03ce09761ccfc2a9	synodal:candidate:bd83abd74b6c5486085ffdaf	Esther.3.13	III_Esdra.4.24	0	0		Admitted only the exact typed cell. Identity, source morphology, target spelling, and held-out target occurrence remain separate evidence roles; no productive class or unattested cell is implied.
v06-exact-3bb42261df44afd4	admitted	source-typed-exact	v06-family-2f4edefe15e1f73d	synodal:noun:v06-b656255241f904d4	вина	noun	вины̀	90	noun:genitive:singular:inanimate	review:v06:b656255241f904d4	v06-ud-2d899416dcac7418	v06-target-84c3a1ac0d0657d5	synodal:candidate:2c47be81dca814a0fe4ad0d4	Acts.13.28	Acts.10.29	90	90		Admitted only the exact typed cell. Identity, source morphology, target spelling, and held-out target occurrence remain separate evidence roles; no productive class or unattested cell is implied.
v06-exact-3dbd30879a2731eb	admitted	source-typed-exact	v06-family-8c2b85aae7677e62	synodal:adjective:wikt-c50de9a2243e	малъ	adjective	ма́лѡ	248	adjective:accusative:singular:neuter:inanimate:short:positive	review:v03:c50de9a2243e	v06-ud-8a38bbd9996852db	v06-target-ab3c287c7843b9b1	synodal:candidate:1c1502676aa55706547bdb30	Acts.5.34	Acts.13.44	248	248		Admitted only the exact typed cell. Identity, source morphology, target spelling, and held-out target occurrence remain separate evidence roles; no productive class or unattested cell is implied.
v06-exact-3ebf5549ab4f08a3	admitted	source-typed-exact	v06-family-6afd5836abd2d2e9	synodal:noun:wikt-34a97d0572e7	болѣзнь	noun	бѡлѣ́зни	76	noun:nominative:plural:inanimate	review:v03:34a97d0572e7	v06-ud-b5200df46aee8bdd	v06-target-c271a238dead0876	synodal:candidate:7ccfabf5a97a618ef95686b7	Acts.2.24	Ex.15.14	0	0		Admitted only the exact typed cell. Identity, source morphology, target spelling, and held-out target occurrence remain separate evidence roles; no productive class or unattested cell is implied.
v06-exact-3f2ed8969b2ef2e6	admitted	source-typed-exact	v06-family-efecc8285103a741	synodal:verb:v06-2e0573086fb92642	бꙑти	verb	бы́лъ	183	l-participle:masculine:singular	review:v06:2e0573086fb92642	v06-ud-0f554cf2545954a1	v06-target-5cb8df326aacc56e	synodal:candidate:c687fd5ae407eea89314dcb5	Apoc.3.15	Deut.24.20	183	183		Admitted only the exact typed cell. Identity, source morphology, target spelling, and held-out target occurrence remain separate evidence roles; no productive class or unattested cell is implied.
v06-exact-3f32d8029a826804	admitted	source-typed-exact	v06-family-8378597dbb89183f	synodal:pronoun:v06-7cb9fbdd604c5a70	и	pronoun	ню̀	199	pronoun:accusative:singular:feminine:third:inanimate	v06-semantic-pronoun-i	v06-ud-f0f31544e6c9fb03	v06-target-43466f0e2c7b29e5	synodal:candidate:b7624ebdb96026c7a0693e56	Baruch.4.35	Composite.7.2	199	199		Admitted only the exact typed cell. Identity, source morphology, target spelling, and held-out target occurrence remain separate evidence roles; no productive class or unattested cell is implied.
v06-exact-3fdcd30436c4aa7c	admitted	source-typed-exact	v06-family-a6131b32f4938e33	synodal:verb:lyubiti	любити	verb	люби́ти	52	infinitive		v06-ud-e494d738ff0e8997	v06-target-77d309e64bf078c5	synodal:candidate:9aacf8bb6d1e79bbc0e12f3e	Deut.10.15	Deut.10.12	52	52		Admitted only the exact typed cell. Identity, source morphology, target spelling, and held-out target occurrence remain separate evidence roles; no productive class or unattested cell is implied.
v06-exact-400a8bc8444d89d3	admitted	source-typed-exact	v06-family-1a4304fb45a236f9	synodal:noun:delo	дѣло	noun	дѣ́ла	128	noun:accusative:plural:inanimate		v06-ud-a4c863b4d30fff73	v06-target-f8feaf3134a944ff	synodal:candidate:7b49f9eaa20d94d3f5610885	Amos.3.7	Ex.12.16	128	128		Admitted only the exact typed cell. Identity, source morphology, target spelling, and held-out target occurrence remain separate evidence roles; no productive class or unattested cell is implied.
v06-exact-4031d7204f9b3f60	admitted	source-typed-exact	v06-family-b043c1bdb5717480	synodal:adjective:wikt-e406458f5df6	великъ	adjective	вели́кое	48	adjective:accusative:singular:neuter:inanimate:long:positive	review:v03:e406458f5df6	v06-ud-530aa5f0005bde3b	v06-target-f8f53d3fae3e4faa	synodal:candidate:ff1f31d19221632067b6176f	Dan.7.2	Baruch.2.29	48	0		Admitted only the exact typed cell. Identity, source morphology, target spelling, and held-out target occurrence remain separate evidence roles; no productive class or unattested cell is implied.
v06-exact-4113e72d1b3666d9	admitted	source-typed-exact	v06-family-c57d9a901b55f999	synodal:adjective:wikt-804d9a9cde41	живъ	adjective	жи́ва	116	adjective:nominative:singular:feminine:any:short:positive	review:v03:804d9a9cde41	v06-ud-e5145234821faf13	v06-target-85b92650e134706a	synodal:candidate:cfa74ad770093256dfc5f501	Acts.20.12	Acts.1.3	0	116		Admitted only the exact typed cell. Identity, source morphology, target spelling, and held-out target occurrence remain separate evidence roles; no productive class or unattested cell is implied.
v06-exact-42beb1ca352eb0f0	admitted	source-typed-exact	v06-family-a1557d9788f7d51f	synodal:verb:wikt-cc294a5ba8a0	ходити	verb	хожда́ше	96	past:third:singular	review:v03:cc294a5ba8a0	v06-ud-af838b93b059d69e	v06-target-7cbfd984e40b8f0a	synodal:candidate:99a54ce227039b582e4eaeae	Acts.3.8	Dan.13.7	96	96		Admitted only the exact typed cell. Identity, source morphology, target spelling, and held-out target occurrence remain separate evidence roles; no productive class or unattested cell is implied.
v06-exact-42d54c80b1e9c917	admitted	source-typed-exact	v06-family-ac768fc820943b86	synodal:noun:rab	рабъ	noun	ра̑бъ	46	noun:accusative:singular:animate		v06-ud-4fc8d5ea622be92c	v06-target-b703b182b585c1dc	synodal:candidate:d20cc0fe0b8b0ed928bd9b11	Dan.9.6	Ezek.46.17	46	0		Admitted only the exact typed cell. Identity, source morphology, target spelling, and held-out target occurrence remain separate evidence roles; no productive class or unattested cell is implied.
v06-exact-44358b64f9d85332	admitted	source-typed-exact	v06-family-d0dc2a32dadd66da	synodal:noun:sila	сила	noun	си̑лы	106	noun:accusative:plural:inanimate		v06-ud-c1114525fa161071	v06-target-86f8375ca25beb8f	synodal:candidate:18de37bd28d567afe816f281	Acts.8.13	Dan.11.26	106	106		Admitted only the exact typed cell. Identity, source morphology, target spelling, and held-out target occurrence remain separate evidence roles; no productive class or unattested cell is implied.
v06-exact-45286c2c53d7f62e	admitted	source-typed-exact	v06-family-f59f7b8a15f89a04	synodal:noun:wikt-b4e3cb563142	сѣть	noun	сѣ̑ти	58	noun:accusative:plural:inanimate	review:v03:b4e3cb563142	v06-ud-fd47b09f3f2bbfbe	v06-target-2ee3ca3ca96cf47a	synodal:candidate:894c9cc7f1897ba6b64c89ef	Eccles.7.27	Jerem.18.22	58	58		Admitted only the exact typed cell. Identity, source morphology, target spelling, and held-out target occurrence remain separate evidence roles; no productive class or unattested cell is implied.
v06-exact-45551b6cb82cf47d	admitted	source-typed-exact	v06-family-db71ed880317d6a2	synodal:noun:v06-ba5b8abd7b0756e9	поле	noun	по́ле	91	noun:nominative:singular:inanimate	review:v06:ba5b8abd7b0756e9	v06-ud-430a27429f02577c	v06-target-e8efc46f3a824552	synodal:candidate:29c938be039274595dcedcda	Deut.1.7	Dan.14.33	0	0		Admitted only the exact typed cell. Identity, source morphology, target spelling, and held-out target occurrence remain separate evidence roles; no productive class or unattested cell is implied.
v06-exact-467c3dec950dff93	admitted	source-typed-exact	v06-family-41f98d2fcef64207	synodal:adjective:wikt-a9cef2fd54e7	благъ	adjective	бла̑га	90	adjective:nominative:singular:feminine:any:short:positive	review:v03:a9cef2fd54e7	v06-ud-f4c640f9c55b2e5a	v06-target-4ac172e604351e9d	synodal:candidate:168568e5a7507c25bf199517	Dan.1.15	II_Paral.12.12	0	90		Admitted only the exact typed cell. Identity, source morphology, target spelling, and held-out target occurrence remain separate evidence roles; no productive class or unattested cell is implied.
v06-exact-470b9f02f995e3b8	admitted	source-typed-exact	v06-family-ac24451e083a7989	synodal:verb:wikt-78da2d05497d	видѣти	verb	ви́дѣвъ	200	participle:past:active:nominative:singular:masculine:any:short:positive	review:v03:78da2d05497d	v06-ud-1440887060270169	v06-target-4cefc25b2aa78aa2	synodal:candidate:554a4048ed083a8286d2cb5a	Acts.3.3	Acts.13.12	200	200		Admitted only the exact typed cell. Identity, source morphology, target spelling, and held-out target occurrence remain separate evidence roles; no productive class or unattested cell is implied.
v06-exact-48b0f298de5b4c59	admitted	source-typed-exact	v06-family-6299df61d679a844	synodal:verb:v06-8673185ecc70a12e	прїѧти	verb	прїѧ́хъ	46	past:first:singular	review:v06:8673185ecc70a12e	v06-ud-ae1f611a0d063eb4	v06-target-a838cffda580cc49	synodal:candidate:a0127427f83ab864cb53267d	Acts.20.24	Apoc.10.10	46	46		Admitted only the exact typed cell. Identity, source morphology, target spelling, and held-out target occurrence remain separate evidence roles; no productive class or unattested cell is implied.
v06-exact-4939a19e5ab27dde	admitted	source-typed-exact	v06-family-ca3cf09618d3461f	synodal:verb:wikt-0e30b392f62c	избавити	verb	и҆зба́витъ	127	future:third:singular	review:v03:0e30b392f62c	v06-ud-41bc2d775a8f56f2	v06-target-7a908c04cbc15ff4	synodal:candidate:94f8d76c771a1b84ff4be88d	Baruch.4.21	Baruch.4.18	127	127		Admitted only the exact typed cell. Identity, source morphology, target spelling, and held-out target occurrence remain separate evidence roles; no productive class or unattested cell is implied.
v06-exact-4a0e68b003636d17	admitted	source-typed-exact	v06-family-41f98d2fcef64207	synodal:adjective:wikt-a9cef2fd54e7	благъ	adjective	бла́го	235	adjective:accusative:singular:neuter:inanimate:short:positive	review:v03:a9cef2fd54e7	v06-ud-93d095f4f991c3fa	v06-target-d019a0962fb3657b	synodal:candidate:fb58404c2ea90cec05a83186	Dan.3.30	Deut.30.5	235	235		Admitted only the exact typed cell. Identity, source morphology, target spelling, and held-out target occurrence remain separate evidence roles; no productive class or unattested cell is implied.
v06-exact-4a9f043ebb78d2a3	admitted	source-typed-exact	v06-family-8c2b85aae7677e62	synodal:adjective:wikt-c50de9a2243e	малъ	adjective	ма́ло	58	adjective:nominative:singular:neuter:any:short:positive	review:v03:c50de9a2243e	v06-ud-520801ad2791bd40	v06-target-faff8ed34ca761be	synodal:candidate:4d7f6a508bb3f9ec579008da	Acts.14.28	Ezek.40.43	0	0		Admitted only the exact typed cell. Identity, source morphology, target spelling, and held-out target occurrence remain separate evidence roles; no productive class or unattested cell is implied.
v06-exact-4ab8714951cf730e	admitted	source-typed-exact	v06-family-b949c36c6611ee20	synodal:noun:wikt-bbeeeb7ea3e2	нога	noun	нога́ма	100	noun:dative:dual:inanimate	review:v03:bbeeeb7ea3e2	v06-ud-eb631346e644dea5	v06-target-67362301d3cfd35e	synodal:candidate:8ac5a305c987ddd8c2d0801b	Acts.5.10	Dan.7.19	100	100		Admitted only the exact typed cell. Identity, source morphology, target spelling, and held-out target occurrence remain separate evidence roles; no productive class or unattested cell is implied.
v06-exact-4b8e34dfef18c9ba	admitted	source-typed-exact	v06-family-2f5d0b5e12c95f89	synodal:verb:v06-c83e3264f4da24ce	пьсати	verb	пи́сано	180	participle:past:passive:nominative:singular:neuter:any:short:positive	review:v06:c83e3264f4da24ce	v06-ud-cccd9f8f208cf0e7	v06-target-635d669553ef9155	synodal:candidate:e1d53631f14230ae552eebb5	Acts.7.42	II_Esdra.5.53	180	180		Admitted only the exact typed cell. Identity, source morphology, target spelling, and held-out target occurrence remain separate evidence roles; no productive class or unattested cell is implied.
v06-exact-4ba132fd65f6c457	admitted	source-typed-exact	v06-family-6299df61d679a844	synodal:verb:v06-8673185ecc70a12e	прїѧти	verb	прїи́метъ	201	future:third:singular	review:v06:8673185ecc70a12e	v06-ud-ae9834a5f67277ba	v06-target-5cbbc8b81fca1526	synodal:candidate:b981e2dd22209736ae6d7e7f	Acts.1.20	Eccles.10.9	201	201		Admitted only the exact typed cell. Identity, source morphology, target spelling, and held-out target occurrence remain separate evidence roles; no productive class or unattested cell is implied.
v06-exact-4c27e7025df0efa4	admitted	source-typed-exact	v06-family-56d008b352afb789	synodal:verb:wikt-77c5af0d1191	ити	verb	и҆́де	443	past:third:singular	review:v03:77c5af0d1191	v06-ud-57ab7f947a5982e4	v06-target-82984d2f76996576	synodal:candidate:e516f80a128fd801ea4ff90c	Acts.9.39	Deut.4.3	443	443		Admitted only the exact typed cell. Identity, source morphology, target spelling, and held-out target occurrence remain separate evidence roles; no productive class or unattested cell is implied.
v06-exact-4e4bd8b0292a2110	admitted	source-typed-exact	v06-family-39324fbf6b39455b	synodal:noun:wikt-3c771d4eab2b	тьма	noun	тьмѣ̀	43	noun:dative:singular:inanimate	review:v03:3c771d4eab2b	v06-ud-24ade9eb98e8074d	v06-target-7874e023e5b42f03	synodal:candidate:cc46d832ad910cb977076681	Dan.2.22	II_Cor.6.14	43	43		Admitted only the exact typed cell. Identity, source morphology, target spelling, and held-out target occurrence remain separate evidence roles; no productive class or unattested cell is implied.
v06-exact-4f244b1cc254657a	admitted	source-typed-exact	v06-family-06a2c84b8917f248	synodal:verb:wikt-f641099e2194	познати	verb	позна̀	143	past:third:singular	review:v03:f641099e2194	v06-ud-ec10c410496084aa	v06-target-b3936b6438cd0cfb	synodal:candidate:e7745a49a796e3bbbf118566	Deut.33.9	Gen.31.32	0	143		Admitted only the exact typed cell. Identity, source morphology, target spelling, and held-out target occurrence remain separate evidence roles; no productive class or unattested cell is implied.
v06-exact-4f418e77e530aed7	admitted	source-typed-exact	v06-family-963c4aef3a74fd86	synodal:verb:wikt-e35b3112c729	ненавидѣти	verb	ненави́дитъ	40	present:third:singular	review:v03:e35b3112c729	v06-ud-46e6a7dd8671eaf2	v06-target-e4a1c548701be664	synodal:candidate:2b631c5703ca186963699eaf	III_Esdra.16.50	Isa.1.14	40	40		Admitted only the exact typed cell. Identity, source morphology, target spelling, and held-out target occurrence remain separate evidence roles; no productive class or unattested cell is implied.
v06-exact-4f72d115c21fc089	admitted	source-typed-exact	v06-family-6ab3259a949aa6b6	synodal:adverb:v06-03b0a29929922837	когда	adverb	когда̀	297	indeclinable	review:v06:03b0a29929922837	v06-ud-6bfeebe9ced10286	v06-target-9066994612b5dc66	synodal:candidate:49a11f2b4e4d1297d12de268	Amos.8.5	Deut.8.12	297	297		Admitted only the exact typed cell. Identity, source morphology, target spelling, and held-out target occurrence remain separate evidence roles; no productive class or unattested cell is implied.
v06-exact-4fe812ac4a47a1a2	admitted	source-typed-exact	v06-family-42ac81eeda99bf1b	synodal:verb:wikt-8a084860d2ef	вѣдѣти	verb	вѣ́дѧтъ	46	present:third:plural	review:v03:8a084860d2ef	v06-ud-d141fc1ed96de14c	v06-target-b05bc7cf25f61ee9	synodal:candidate:ab678edcb8d2f22f3e5c0920	Acts.22.19	Deut.21.1	46	46		Admitted only the exact typed cell. Identity, source morphology, target spelling, and held-out target occurrence remain separate evidence roles; no productive class or unattested cell is implied.
v06-exact-4ffbc7e7b44507f2	admitted	source-typed-exact	v06-family-c57d9a901b55f999	synodal:adjective:wikt-804d9a9cde41	живъ	adjective	жи̑ва	65	adjective:genitive:singular:neuter:any:short:positive	review:v03:804d9a9cde41	v06-ud-c11e039689b28aac	v06-target-2fa68763aea2c4f2	synodal:candidate:49762bc8c199a7001d257779	Acts.7.38	Apoc.19.20	0	0		Admitted only the exact typed cell. Identity, source morphology, target spelling, and held-out target occurrence remain separate evidence roles; no productive class or unattested cell is implied.
v06-exact-50c0d10124bc5a8f	admitted	source-typed-exact	v06-family-6b14127df1101eda	synodal:verb:wikt-16664aa52c77	стати	verb	ста́	52	past:third:singular	review:v03:16664aa52c77	v06-ud-4f95ff9fa9c15c14	v06-target-ed6aba48292e188c	synodal:candidate:f7453200f20268dcfffa6b46	Ex.32.26	Ex.32.26	52	52		Admitted only the exact typed cell. Identity, source morphology, target spelling, and held-out target occurrence remain separate evidence roles; no productive class or unattested cell is implied.
v06-exact-50d40bb415c8a381	admitted	source-typed-exact	v06-family-45da7b32e2d7b52f	synodal:verb:wikt-61a99171906f	творити	verb	творѝ	78	past:third:singular	review:v03:61a99171906f	v06-ud-16cef9f0840d2cb1	v06-target-e65f603213ae90c9	synodal:candidate:efa0eb9bfd2602fa030f3c82	Esther.3.11	I_Kings.1.23	0	78		Admitted only the exact typed cell. Identity, source morphology, target spelling, and held-out target occurrence remain separate evidence roles; no productive class or unattested cell is implied.
v06-exact-5144c95929417b1b	admitted	source-typed-exact	v06-family-fc9f5975a73bdd7a	synodal:noun:v06-396b7b7e0bf4e59e	чоудо	noun	чꙋдеса̀	148	noun:accusative:plural:inanimate	review:v06:396b7b7e0bf4e59e	v06-ud-b63c7a430c8504b6	v06-target-9b8f54a411ca714f	synodal:candidate:07684bda11e25b10d35c1bb3	Acts.2.19	Acts.7.36	148	148		Admitted only the exact typed cell. Identity, source morphology, target spelling, and held-out target occurrence remain separate evidence roles; no productive class or unattested cell is implied.
v06-exact-514ae7151e3daa9b	admitted	source-typed-exact	v06-family-4bcbea889f337c48	synodal:noun:brother	братъ	noun	бра́те	62	noun:vocative:singular:animate	review:v06:noun:brother	v06-ud-560713ebfa2848d4	v06-target-39582336775f2fc6	synodal:candidate:c84d503de369ba5ceb1a158d	Acts.21.20	Acts.9.17	62	62		Admitted only the exact typed cell. Identity, source morphology, target spelling, and held-out target occurrence remain separate evidence roles; no productive class or unattested cell is implied.
v06-exact-514bef9bfc7c3e4a	admitted	source-typed-exact	v06-family-8a49239f954cb0de	synodal:noun:wikt-d9b72ee49d72	миръ	noun	мі́ръ	157	noun:nominative:singular:inanimate	review:v03:d9b72ee49d72	v06-ud-2b369970d628d727	v06-target-14a8b5d11b52a7d8	synodal:candidate:40a8aef86ec8b97d2c34c586	Acts.17.24	Heb.10.5	0	0		Admitted only the exact typed cell. Identity, source morphology, target spelling, and held-out target occurrence remain separate evidence roles; no productive class or unattested cell is implied.
v06-exact-516692bf8a478633	admitted	source-typed-exact	v06-family-8f2d5bca8894110f	synodal:verb:wikt-e0c91b5eb837	ѡставити	verb	ѡ҆ста́вите	88	imperative:second:plural	review:v03:e0c91b5eb837	v06-ud-9c367bfff0f9ad22	v06-target-7c8d9d6948b0a405	synodal:candidate:0cdba7b08b62b72341ea74ca	Acts.5.38	Gen.42.33	0	88		Admitted only the exact typed cell. Identity, source morphology, target spelling, and held-out target occurrence remain separate evidence roles; no productive class or unattested cell is implied.
v06-exact-51ee06bdd3d3fb62	admitted	source-typed-exact	v06-family-6b14127df1101eda	synodal:verb:wikt-16664aa52c77	стати	verb	ста́ни	60	imperative:third:singular	review:v03:16664aa52c77	v06-ud-f16ced97d26d6284	v06-target-15df27818b736edb	synodal:candidate:a1a9af9ef91282fcc82fba1f	Acts.26.16	Ex.8.20	0	60		Admitted only the exact typed cell. Identity, source morphology, target spelling, and held-out target occurrence remain separate evidence roles; no productive class or unattested cell is implied.
v06-exact-5211e8e8a9f62d2b	admitted	source-typed-exact	v06-family-cb5b14455c72f106	synodal:noun:wikt-c2cc5dd81830	рать	noun	ра́ти	48	noun:locative:singular:animate	review:v03:c2cc5dd81830	v06-ud-477dedfb0070da58	v06-target-88e917e8a9f88e31	synodal:candidate:9d4de82d12c41ce83103558f	Dan.11.20	Amos.1.14	0	48		Admitted only the exact typed cell. Identity, source morphology, target spelling, and held-out target occurrence remain separate evidence roles; no productive class or unattested cell is implied.
v06-exact-524d354a82654f8a	admitted	source-typed-exact	v06-family-13370df5e120c450	synodal:noun:v06-4b110ac5f2b33849	врата	noun	вра́тъ	274	noun:genitive:plural:inanimate	review:v06:4b110ac5f2b33849	v06-ud-53ff9da1f81c0bb4	v06-target-b6e6a937ed04db6d	synodal:candidate:48dd51ee615e2188c9680c90	Acts.9.24	Acts.12.14	274	274		Admitted only the exact typed cell. Identity, source morphology, target spelling, and held-out target occurrence remain separate evidence roles; no productive class or unattested cell is implied.
v06-exact-53bc1f441543eaa5	admitted	source-typed-exact	v06-family-8c2b85aae7677e62	synodal:adjective:wikt-c50de9a2243e	малъ	adjective	ма́ла	95	adjective:accusative:plural:neuter:inanimate:short:positive	review:v03:c50de9a2243e	v06-ud-85d3c68f9fa47180	v06-target-1bd143053c68144f	synodal:candidate:0dabd95fe60669e5177eeb1e	Acts.8.10	Acts.12.18	95	0		Admitted only the exact typed cell. Identity, source morphology, target spelling, and held-out target occurrence remain separate evidence roles; no productive class or unattested cell is implied.
v06-exact-56a6a2742ae36868	admitted	source-typed-exact	v06-family-adfb25c7cfcdb7a0	synodal:noun:v06-605bcfa1ed51dfb4	имѣниѥ	noun	и҆мѣ́нїе	83	noun:accusative:singular:inanimate	review:v06:605bcfa1ed51dfb4	v06-ud-6f26c8c5c2cea91b	v06-target-dd4a97e1581ab2ff	synodal:candidate:6060344672a0f432c286c32f	Dan.11.24	Heb.10.34	83	83		Admitted only the exact typed cell. Identity, source morphology, target spelling, and held-out target occurrence remain separate evidence roles; no productive class or unattested cell is implied.
v06-exact-56b5d1fe76029244	admitted	source-typed-exact	v06-family-6c6404e0594aca17	synodal:noun:wikt-bcfe43fd2077	лице	noun	лица̑	127	noun:genitive:singular:animate	review:v03:bcfe43fd2077	v06-ud-e41f41ef2c1e8ba0	v06-target-018a7d54abf0ac72	synodal:candidate:5a615ccba92f101b85455d82	Acts.10.34	Jas.2.1	0	0		Admitted only the exact typed cell. Identity, source morphology, target spelling, and held-out target occurrence remain separate evidence roles; no productive class or unattested cell is implied.
v06-exact-570982268e9a7af3	admitted	source-typed-exact	v06-family-690df9f851e3000e	synodal:noun:wikt-c789afb8ac4f	плачь	noun	пла́ча	54	noun:genitive:singular:inanimate	review:v03:c789afb8ac4f	v06-ud-bcbe87be9597bb02	v06-target-549d874ac6e0ac6a	synodal:candidate:681b8b4d1955fbeeb20893f4	Apoc.21.4	Eccles.7.3	54	0		Admitted only the exact typed cell. Identity, source morphology, target spelling, and held-out target occurrence remain separate evidence roles; no productive class or unattested cell is implied.
v06-exact-5732d4ab5cc75afb	admitted	source-typed-exact	v06-family-68b293c420890844	synodal:noun:milost	милость	noun	ми́лости	56	noun:accusative:plural:inanimate		v06-ud-daad924e044df4de	v06-target-03ce09761ccfc2a9	synodal:candidate:bd83abd74b6c5486085ffdaf	Esther.3.13	III_Esdra.4.24	56	0		Admitted only the exact typed cell. Identity, source morphology, target spelling, and held-out target occurrence remain separate evidence roles; no productive class or unattested cell is implied.
v06-exact-5760f6ea2ebf7c3f	admitted	source-typed-exact	v06-family-8b11aa406fd78a8f	synodal:numeral:wikt-bc270882d39d	десѧть	numeral	десѧтѝ	94	numeral:cardinal:dative:singular:feminine:any	review:v03:bc270882d39d	v06-ud-e659c3f9894a1c6d	v06-target-5a2867947bbcf08a	synodal:candidate:eb30d106caf3547df2b45987	Acts.25.6	Dan.1.12	0	94		Admitted only the exact typed cell. Identity, source morphology, target spelling, and held-out target occurrence remain separate evidence roles; no productive class or unattested cell is implied.
v06-exact-580c709a9d4bb1be	admitted	source-typed-exact	v06-family-e8447fb223cae8e7	synodal:noun:v06-dee1bb18e959484d	горѥсть	noun	го́рести	40	noun:genitive:singular:inanimate	review:v06:dee1bb18e959484d	v06-ud-1d6c2b86e4a96909	v06-target-854ed4578e2a14a1	synodal:candidate:88d8854bde4aa53187d53557	Acts.8.23	Deut.32.32	40	40		Admitted only the exact typed cell. Identity, source morphology, target spelling, and held-out target occurrence remain separate evidence roles; no productive class or unattested cell is implied.
v06-exact-583455443aeae201	admitted	source-typed-exact	v06-family-ff401dd748782042	synodal:noun:v06-e75e4ecfdf94b8aa	двьрь	noun	две́рьми	65	noun:instrumental:plural:inanimate	review:v06:e75e4ecfdf94b8aa	v06-ud-a75da2d619e2f45d	v06-target-e315c7e00cf61379	synodal:candidate:a18bc5099d19961816058583	Acts.3.2	Dan.13.26	65	65		Admitted only the exact typed cell. Identity, source morphology, target spelling, and held-out target occurrence remain separate evidence roles; no productive class or unattested cell is implied.
v06-exact-588c530d08b30042	admitted	source-typed-exact	v06-family-4b27648b04f9ba4a	synodal:noun:wikt-f3833c75403b	риза	noun	ри́зъ	91	noun:genitive:plural:inanimate	review:v03:f3833c75403b	v06-ud-37c1467125b9e396	v06-target-bab8a041298d2496	synodal:candidate:20e0c3ac945c396a2ebf1c2f	Acts.20.33	Apoc.3.4	91	91		Admitted only the exact typed cell. Identity, source morphology, target spelling, and held-out target occurrence remain separate evidence roles; no productive class or unattested cell is implied.
v06-exact-58d8eed36f117d92	admitted	source-typed-exact	v06-family-c36c119a628a329c	synodal:verb:v06-72858c58897d9d01	послоушати	verb	послꙋ́ша	120	past:third:singular	review:v06:72858c58897d9d01	v06-ud-8c180455d2e0b790	v06-target-f016b835da30c15b	synodal:candidate:80d5e3b895ec2294ba25d653	Dan.1.14	Baruch.3.33	120	120		Admitted only the exact typed cell. Identity, source morphology, target spelling, and held-out target occurrence remain separate evidence roles; no productive class or unattested cell is implied.
v06-exact-59ef073ad3ffc864	admitted	source-typed-exact	v06-family-11c8f6b5f09881c0	synodal:verb:v06-9ad083fbc3393615	прити	verb	прише́лъ	68	l-participle:masculine:singular	review:v06:9ad083fbc3393615	v06-ud-0ea56038e6bd6784	v06-target-d67c28a8f938e92f	synodal:candidate:68cb4f681bf53dca77ad5b65	Acts.8.16	Ezek.7.6	68	68		Admitted only the exact typed cell. Identity, source morphology, target spelling, and held-out target occurrence remain separate evidence roles; no productive class or unattested cell is implied.
v06-exact-5a43b1927a979d4a	admitted	source-typed-exact	v06-family-d923543dfd3f32db	synodal:proper-noun:wikt-b63b03d40852	сїѡнъ	proper-noun	сїѡ́на	76	noun:genitive:singular:animate	review:v03:b63b03d40852	v06-ud-1989121674b924ea	v06-target-4e276a4d82f400c2	synodal:candidate:3619831cefa4a7f708e5ae3f	Deut.4.48	Amos.1.2	76	76		Admitted only the exact typed cell. Identity, source morphology, target spelling, and held-out target occurrence remain separate evidence roles; no productive class or unattested cell is implied.
v06-exact-5d2adecca44ccd7e	admitted	source-typed-exact	v06-family-ef8e848ce717ee09	synodal:adjective:wikt-f2a9817d8801	добръ	adjective	до́брѣ	130	adjective:locative:singular:neuter:any:short:positive	review:v03:f2a9817d8801	v06-ud-5dbdec8bd78246b9	v06-target-a701f1a49049956a	synodal:candidate:b26c4d9f4377c829edd62153	Acts.10.33	Acts.25.10	0	0		Admitted only the exact typed cell. Identity, source morphology, target spelling, and held-out target occurrence remain separate evidence roles; no productive class or unattested cell is implied.
v06-exact-5dab35ba94e02786	admitted	source-typed-exact	v06-family-86360391c48fd87c	synodal:verb:wikt-baa1f561a7e4	привести	verb	приведе́тъ	56	future:third:singular	review:v03:baa1f561a7e4	v06-ud-9da2b3f0fa3b1180	v06-target-f7bcd379ecb8688e	synodal:candidate:76ee58ed07d6a70cf5939933	Acts.9.2	I_Pet.3.18	56	56		Admitted only the exact typed cell. Identity, source morphology, target spelling, and held-out target occurrence remain separate evidence roles; no productive class or unattested cell is implied.
v06-exact-5e52ffe3a03b4b11	admitted	source-typed-exact	v06-family-d0dc2a32dadd66da	synodal:noun:sila	сила	noun	си̑лы	106	noun:genitive:singular:inanimate		v06-ud-b2aa0111a0f541b3	v06-target-86f8375ca25beb8f	synodal:candidate:18de37bd28d567afe816f281	Acts.8.13	Dan.11.26	0	0		Admitted only the exact typed cell. Identity, source morphology, target spelling, and held-out target occurrence remain separate evidence roles; no productive class or unattested cell is implied.
v06-exact-6088223c343d4d26	admitted	source-typed-exact	v06-family-b043c1bdb5717480	synodal:adjective:wikt-e406458f5df6	великъ	adjective	вели́ко	90	adjective:nominative:singular:neuter:any:short:positive	review:v03:e406458f5df6	v06-ud-25bdfcaebdee6dd6	v06-target-b0296c7637c4ceed	synodal:candidate:016fddd8ec128a8b662cefd4	Apoc.20.1	III_Kings.8.41	0	90		Admitted only the exact typed cell. Identity, source morphology, target spelling, and held-out target occurrence remain separate evidence roles; no productive class or unattested cell is implied.
v06-exact-60aa3b73165b0118	admitted	source-typed-exact	v06-family-d40480323b8991a0	synodal:noun:wikt-7edbe8aea3ab	страхъ	noun	стра́ха	120	noun:genitive:singular:inanimate	review:v03:7edbe8aea3ab	v06-ud-7a96e867c28ee513	v06-target-3b607b94e9e24a66	synodal:candidate:8e2c8fc0925c337f1fadb80c	Deut.28.67	II_Macc.13.16	120	120		Admitted only the exact typed cell. Identity, source morphology, target spelling, and held-out target occurrence remain separate evidence roles; no productive class or unattested cell is implied.
v06-exact-60c5696c2cac5e97	admitted	source-typed-exact	v06-family-f51439e000f4a68b	synodal:noun:wikt-7e8cde57afa5	бѣсъ	noun	бѣ́сы	44	noun:accusative:plural:inanimate	review:v03:7e8cde57afa5	v06-ud-6b0e90c6995d4bcf	v06-target-bbbe6058bf03784a	synodal:candidate:61265ddad8285ab5da1d1b73	Lk.8.27	Lk.9.1	44	44		Admitted only the exact typed cell. Identity, source morphology, target spelling, and held-out target occurrence remain separate evidence roles; no productive class or unattested cell is implied.
v06-exact-614fe964ac48a0dd	admitted	source-typed-exact	v06-family-56d008b352afb789	synodal:verb:wikt-77c5af0d1191	ити	verb	и҆дѝ	343	imperative:second:singular	review:v03:77c5af0d1191	v06-ud-369dc62892bc8af7	v06-target-880049d913943b72	synodal:candidate:d832c6c7a92ac64b644e5984	Acts.9.15	Acts.8.26	343	343		Admitted only the exact typed cell. Identity, source morphology, target spelling, and held-out target occurrence remain separate evidence roles; no productive class or unattested cell is implied.
v06-exact-624a090f21bc59d5	admitted	source-typed-exact	v06-family-6c6404e0594aca17	synodal:noun:wikt-bcfe43fd2077	лице	noun	ли́ца	113	noun:genitive:singular:animate	review:v03:bcfe43fd2077	v06-ud-e41f41ef2c1e8ba0	v06-target-682ccd1bcde928e0	synodal:candidate:0d4ed8db3470bb3ad12f9697	Apoc.9.7	Epistle.1.12	0	113		Admitted only the exact typed cell. Identity, source morphology, target spelling, and held-out target occurrence remain separate evidence roles; no productive class or unattested cell is implied.
v06-exact-628301fd3a38e5bd	admitted	source-typed-exact	v06-family-ef8e848ce717ee09	synodal:adjective:wikt-f2a9817d8801	добръ	adjective	до́брое	82	adjective:nominative:singular:neuter:any:long:positive	review:v03:f2a9817d8801	v06-ud-d19623c645cfa04c	v06-target-2e5330bc3f85243b	synodal:candidate:8dbec9d5f9c160fee6b4046d	Acts.27.8	Deut.21.9	0	82		Admitted only the exact typed cell. Identity, source morphology, target spelling, and held-out target occurrence remain separate evidence roles; no productive class or unattested cell is implied.
v06-exact-62ca7e5ce966761f	admitted	source-typed-exact	v06-family-1a4304fb45a236f9	synodal:noun:delo	дѣло	noun	дѣ́ла	128	noun:genitive:singular:inanimate		v06-ud-cb48c4007dcfbab0	v06-target-f8feaf3134a944ff	synodal:candidate:7b49f9eaa20d94d3f5610885	Amos.3.7	Ex.12.16	0	0		Admitted only the exact typed cell. Identity, source morphology, target spelling, and held-out target occurrence remain separate evidence roles; no productive class or unattested cell is implied.
v06-exact-65d7c1f7094a76ec	admitted	source-typed-exact	v06-family-8228b64af2bf5be8	synodal:verb:wikt-2dc4ff592b84	родити	verb	ро́ди	46	past:third:singular	review:v03:2dc4ff592b84	v06-ud-10330065dcbaf71c	v06-target-650f22d8d2ce0840	synodal:candidate:9e34d3c6acbbcf223ee2129b	Gen.37.2	Acts.12.13	46	46		Admitted only the exact typed cell. Identity, source morphology, target spelling, and held-out target occurrence remain separate evidence roles; no productive class or unattested cell is implied.
v06-exact-662831ae30a8c69c	admitted	source-typed-exact	v06-family-6b14127df1101eda	synodal:verb:wikt-16664aa52c77	стати	verb	ста́ни	60	imperative:second:singular	review:v03:16664aa52c77	v06-ud-27aae66577747725	v06-target-15df27818b736edb	synodal:candidate:a1a9af9ef91282fcc82fba1f	Acts.26.16	Ex.8.20	60	0		Admitted only the exact typed cell. Identity, source morphology, target spelling, and held-out target occurrence remain separate evidence roles; no productive class or unattested cell is implied.
v06-exact-665010ae0647f4b4	admitted	source-typed-exact	v06-family-82593107f7085b2c	synodal:noun:wikt-63d3fffebc66	крило	noun	крилѣ̑	50	noun:accusative:dual:inanimate	review:v03:63d3fffebc66	v06-ud-77df5136085740dc	v06-target-84948b6b474e1b4e	synodal:candidate:91379f293da5f1cf3f720ce0	Dan.7.4	Deut.32.11	50	0		Admitted only the exact typed cell. Identity, source morphology, target spelling, and held-out target occurrence remain separate evidence roles; no productive class or unattested cell is implied.
v06-exact-666f57e01172845e	admitted	source-typed-exact	v06-family-138a78e538191272	synodal:noun:v06-e5f5efea52ec5e2e	пламень	noun	пла́мень	67	noun:accusative:singular:inanimate	review:v06:e5f5efea52ec5e2e	v06-ud-c0bfc59fb9b044af	v06-target-e688367523a0b51d	synodal:candidate:cc92e9441cdb2dec9b5883b3	Apoc.1.14	Apoc.19.12	67	67		Admitted only the exact typed cell. Identity, source morphology, target spelling, and held-out target occurrence remain separate evidence roles; no productive class or unattested cell is implied.
v06-exact-6722f0961ff0556a	admitted	source-typed-exact	v06-family-2026cd33c627bc47	synodal:numeral:v06-7391e80a474691c3	осмь	numeral	ѻ҆́смь	162	numeral:cardinal:nominative:singular:feminine:any	review:v06:7391e80a474691c3	v06-ud-1b4a4888bd379cf4	v06-target-44a1666e5f08865d	synodal:candidate:4f308de3b51511e7339b13d9	Deut.2.14	Ex.37.1	0	162		Admitted only the exact typed cell. Identity, source morphology, target spelling, and held-out target occurrence remain separate evidence roles; no productive class or unattested cell is implied.
v06-exact-679897458aed02cc	admitted	source-typed-exact	v06-family-bd0dbc6dfbcc1f56	synodal:verb:v06-9c74840d41a83b98	пасти	verb	паде́тъ	99	future:third:singular	review:v06:9c74840d41a83b98	v06-ud-68f371b88845b177	v06-target-0174c9a71bccc6bb	synodal:candidate:48d5222f52f56d35af286b6e	Amos.3.5	III_Esdra.12.28	99	99		Admitted only the exact typed cell. Identity, source morphology, target spelling, and held-out target occurrence remain separate evidence roles; no productive class or unattested cell is implied.
v06-exact-67e972bd0745781d	admitted	source-typed-exact	v06-family-ac768fc820943b86	synodal:noun:rab	рабъ	noun	ра́бъ	429	noun:nominative:singular:animate		v06-ud-221d6dc141bd8b3c	v06-target-1506941022406563	synodal:candidate:457ba40fdfda432481bd40ea	Apoc.6.15	Deut.16.14	0	429		Admitted only the exact typed cell. Identity, source morphology, target spelling, and held-out target occurrence remain separate evidence roles; no productive class or unattested cell is implied.
v06-exact-67fdc8e9588fdd3e	admitted	source-typed-exact	v06-family-500aacf489632100	synodal:verb:wikt-0c6c8db63b7c	имѣти	verb	и҆мѣ̀	42	past:third:singular	review:v03:0c6c8db63b7c	v06-ud-b24b9b63ab4bf9b2	v06-target-363bd498d6054827	synodal:candidate:32177b2b26d2f79652260f41	Apoc.12.6	II_Macc.10.9	42	42		Admitted only the exact typed cell. Identity, source morphology, target spelling, and held-out target occurrence remain separate evidence roles; no productive class or unattested cell is implied.
v06-exact-6807a650d5010ffb	admitted	source-typed-exact	v06-family-3b04a8c821415f04	synodal:verb:wikt-c2efc410480b	искати	verb	и҆ска́ше	47	past:third:singular	review:v03:c2efc410480b	v06-ud-be977048087ee506	v06-target-8fde75e93383805e	synodal:candidate:308d85a795097105192fbe12	Acts.13.11	III_Kings.11.40	47	47		Admitted only the exact typed cell. Identity, source morphology, target spelling, and held-out target occurrence remain separate evidence roles; no productive class or unattested cell is implied.
v06-exact-680d9da7ec3e6bc8	admitted	source-typed-exact	v06-family-c57d9a901b55f999	synodal:adjective:wikt-804d9a9cde41	живъ	adjective	жи́ва	116	adjective:nominative:plural:neuter:any:short:positive	review:v03:804d9a9cde41	v06-ud-61fc933f656e6c68	v06-target-85b92650e134706a	synodal:candidate:cfa74ad770093256dfc5f501	Acts.20.12	Acts.1.3	0	0		Admitted only the exact typed cell. Identity, source morphology, target spelling, and held-out target occurrence remain separate evidence roles; no productive class or unattested cell is implied.
v06-exact-6849b215c9f1b25b	admitted	source-typed-exact	v06-family-6299df61d679a844	synodal:verb:v06-8673185ecc70a12e	прїѧти	verb	прїѧ́тъ	135	past:second:singular	review:v06:8673185ecc70a12e	v06-ud-5e02351166ceadad	v06-target-2fa68763aea2c4f2	synodal:candidate:471fbf3cde8238df22b87524	Acts.7.38	Acts.8.14	135	135		Admitted only the exact typed cell. Identity, source morphology, target spelling, and held-out target occurrence remain separate evidence roles; no productive class or unattested cell is implied.
v06-exact-68fa195048c0f626	admitted	source-typed-exact	v06-family-b35c97719dca9220	synodal:noun:wikt-9d7335013020	старость	noun	ста́рости	67	noun:genitive:singular:inanimate	review:v03:9d7335013020	v06-ud-2b587e735ecc3a16	v06-target-41057360e9d9dd12	synodal:candidate:5cc72d4a5d3755d27489886a	Composite.1.10	Gen.37.3	67	67		Admitted only the exact typed cell. Identity, source morphology, target spelling, and held-out target occurrence remain separate evidence roles; no productive class or unattested cell is implied.
v06-exact-6996fc14230302dc	admitted	source-typed-exact	v06-family-39324fbf6b39455b	synodal:noun:wikt-3c771d4eab2b	тьма	noun	тьмѣ̀	43	noun:locative:singular:inanimate	review:v03:3c771d4eab2b	v06-ud-82046c1e1cfe7610	v06-target-7874e023e5b42f03	synodal:candidate:cc46d832ad910cb977076681	Dan.2.22	II_Cor.6.14	0	0		Admitted only the exact typed cell. Identity, source morphology, target spelling, and held-out target occurrence remain separate evidence roles; no productive class or unattested cell is implied.
v06-exact-69ea4bae6809ad8c	admitted	source-typed-exact	v06-family-285db4d9f5ac217f	synodal:noun:wikt-1734c53f8298	корабль	noun	корабли̑	56	noun:locative:singular:inanimate	review:v03:1734c53f8298	v06-ud-261c5004871eae8d	v06-target-c2fbde3eb9af5c2c	synodal:candidate:47b60f3f3e599272ae425ec4	Apoc.18.19	I_Macc.11.1	56	56		Admitted only the exact typed cell. Identity, source morphology, target spelling, and held-out target occurrence remain separate evidence roles; no productive class or unattested cell is implied.
v06-exact-6a8a8c50b1d0f741	admitted	source-typed-exact	v06-family-41d07d5eda4a46ff	synodal:noun:v06-64bd1811dbd024b5	око	noun	ѻ҆чи́ма	470	noun:instrumental:dual:inanimate	review:v06:64bd1811dbd024b5	v06-ud-a176c8be0e1b3e9c	v06-target-3abcc259b09bffa8	synodal:candidate:1d5c03ac564ee6fbd291404d	Acts.9.8	Acts.28.27	0	470		Admitted only the exact typed cell. Identity, source morphology, target spelling, and held-out target occurrence remain separate evidence roles; no productive class or unattested cell is implied.
v06-exact-6d4c85da680ded0c	admitted	source-typed-exact	v06-family-a0bd0e30486da780	synodal:noun:v06-8469d334b5dc4483	брашно	noun	бра́шна	72	noun:genitive:singular:inanimate	review:v06:8469d334b5dc4483	v06-ud-d69dbf25fea9e7c5	v06-target-73cbd2795a13bef0	synodal:candidate:6ce26b9c9c612d0b01ca5054	Acts.27.38	Hagg.2.13	72	72		Admitted only the exact typed cell. Identity, source morphology, target spelling, and held-out target occurrence remain separate evidence roles; no productive class or unattested cell is implied.
v06-exact-6d89d94997f3005a	admitted	source-typed-exact	v06-family-f480eb811d2489ca	synodal:noun:wikt-ff0e77e28364	печаль	noun	печа́ли	104	noun:dative:singular:inanimate	review:v03:ff0e77e28364	v06-ud-5aec512c2f2a00bf	v06-target-e73d0834897be74d	synodal:candidate:af9249a19760ecf532fa698a	Apoc.1.9	Ezek.35.5	0	104		Admitted only the exact typed cell. Identity, source morphology, target spelling, and held-out target occurrence remain separate evidence roles; no productive class or unattested cell is implied.
v06-exact-6e66df131150fc09	admitted	source-typed-exact	v06-family-4757e61e71424640	synodal:pronoun:on	онъ	pronoun	ѡ҆́нъ	199	pronoun:nominative:singular:masculine:none:any		v06-ud-b4d67c0a5f5b9ef2	v06-target-8b015b4d81d3c1fe	synodal:candidate:090ecae0bb4a6161f0fecf50	Composite.6.1	Deut.3.8	199	199		Admitted only the exact typed cell. Identity, source morphology, target spelling, and held-out target occurrence remain separate evidence roles; no productive class or unattested cell is implied.
v06-exact-6e672ee8e28b0c76	admitted	source-typed-exact	v06-family-801f5697e563721a	synodal:noun:svet	свѣтъ	noun	свѣ́тѣ	42	noun:locative:singular:inanimate		v06-ud-a3f75234041916b7	v06-target-414dab1992c26bb3	synodal:candidate:72ae1268218003a382828a45	Apoc.21.24	Dan.6.19	42	42		Admitted only the exact typed cell. Identity, source morphology, target spelling, and held-out target occurrence remain separate evidence roles; no productive class or unattested cell is implied.
v06-exact-6ece97a6221d56bc	admitted	source-typed-exact	v06-family-8f2d5bca8894110f	synodal:verb:wikt-e0c91b5eb837	ѡставити	verb	ѡ҆ста́ви	308	past:third:singular	review:v03:e0c91b5eb837	v06-ud-d892cfdccbee653e	v06-target-c22cbe6b33da70a4	synodal:candidate:cfd4c81d1443fa9d1b73d42e	Acts.14.17	Ex.10.5	0	308		Admitted only the exact typed cell. Identity, source morphology, target spelling, and held-out target occurrence remain separate evidence roles; no productive class or unattested cell is implied.
v06-exact-6fbaa9256dc275fc	admitted	source-typed-exact	v06-family-8df6a96605123c52	synodal:noun:wikt-53f0aace1342	сѣнь	noun	сѣ́ни	59	noun:locative:singular:inanimate	review:v03:53f0aace1342	v06-ud-434108c537998f97	v06-target-755801bb8114304f	synodal:candidate:0733d42afed564ff1375c394	Composite.1.5	Gen.18.1	0	59		Admitted only the exact typed cell. Identity, source morphology, target spelling, and held-out target occurrence remain separate evidence roles; no productive class or unattested cell is implied.
v06-exact-70859d2e90da66bc	admitted	source-typed-exact	v06-family-6299df61d679a844	synodal:verb:v06-8673185ecc70a12e	прїѧти	verb	прїѧ́тъ	135	past:third:singular	review:v06:8673185ecc70a12e	v06-ud-b99517c49b1183ff	v06-target-2fa68763aea2c4f2	synodal:candidate:471fbf3cde8238df22b87524	Acts.7.38	Acts.8.14	0	0		Admitted only the exact typed cell. Identity, source morphology, target spelling, and held-out target occurrence remain separate evidence roles; no productive class or unattested cell is implied.
v06-exact-70daf8e901427f6e	admitted	source-typed-exact	v06-family-de13bf331bef4928	synodal:noun:v06-3524b116551ebe06	жезлъ	noun	же́злъ	152	noun:nominative:singular:inanimate	review:v06:3524b116551ebe06	v06-ud-e55ac5064510418e	v06-target-f2d3fac5fb5624a0	synodal:candidate:53782f838af45cb05e66a668	Esther.4.11	Ex.7.15	0	152		Admitted only the exact typed cell. Identity, source morphology, target spelling, and held-out target occurrence remain separate evidence roles; no productive class or unattested cell is implied.
v06-exact-71a3d080e63dcf0a	admitted	source-typed-exact	v06-family-41d07d5eda4a46ff	synodal:noun:v06-64bd1811dbd024b5	око	noun	ѻ҆́чїю	78	noun:locative:dual:inanimate	review:v06:64bd1811dbd024b5	v06-ud-f8309d934dc22379	v06-target-bbc0d269e0f5098c	synodal:candidate:9b20026c955a8da2c19df5e6	Acts.1.9	Acts.9.18	0	78		Admitted only the exact typed cell. Identity, source morphology, target spelling, and held-out target occurrence remain separate evidence roles; no productive class or unattested cell is implied.
v06-exact-7228491c9b281e5e	admitted	source-typed-exact	v06-family-3bb42b17aa5fdf21	synodal:pronoun:wikt-abc6b7472112	инъ	pronoun	и҆́но	61	pronoun:nominative:singular:neuter:none:any	review:v03:abc6b7472112	v06-ud-0997c0859bbf4311	v06-target-2b9e6a63ce96bff2	synodal:candidate:a1a70d90bf80a82eae405401	Acts.12.17	Acts.17.21	0	0		Admitted only the exact typed cell. Identity, source morphology, target spelling, and held-out target occurrence remain separate evidence roles; no productive class or unattested cell is implied.
v06-exact-7501b48593dbb565	admitted	source-typed-exact	v06-family-6299df61d679a844	synodal:verb:v06-8673185ecc70a12e	прїѧти	verb	прїѧ́ти	128	participle:past:passive:nominative:plural:masculine:any:short:positive	review:v06:8673185ecc70a12e	v06-ud-e2c80df46889288d	v06-target-52a2c474a17002d4	synodal:candidate:e8304c7fac776d717e546420	Acts.1.25	Acts.3.5	0	128		Admitted only the exact typed cell. Identity, source morphology, target spelling, and held-out target occurrence remain separate evidence roles; no productive class or unattested cell is implied.
v06-exact-753d9cddb6b6ed39	admitted	source-typed-exact	v06-family-2ff1ba3f0d67837f	synodal:noun:v06-b23133f0dc954885	лесть	noun	ле́сть	62	noun:accusative:singular:inanimate	review:v06:b23133f0dc954885	v06-ud-61ada0fd265a3c74	v06-target-d66c51f9f3694701	synodal:candidate:cf9ba0cdd8e562a8c1d7c9cb	Dan.8.25	Apoc.14.5	62	0		Admitted only the exact typed cell. Identity, source morphology, target spelling, and held-out target occurrence remain separate evidence roles; no productive class or unattested cell is implied.
v06-exact-7634e59afc7be878	admitted	source-typed-exact	v06-family-41f98d2fcef64207	synodal:adjective:wikt-a9cef2fd54e7	благъ	adjective	бла̑га	90	adjective:genitive:singular:masculine:any:short:positive	review:v03:a9cef2fd54e7	v06-ud-8ff89b92bfb1d160	v06-target-4ac172e604351e9d	synodal:candidate:168568e5a7507c25bf199517	Dan.1.15	II_Paral.12.12	0	0		Admitted only the exact typed cell. Identity, source morphology, target spelling, and held-out target occurrence remain separate evidence roles; no productive class or unattested cell is implied.
v06-exact-78162ed05a024952	admitted	source-typed-exact	v06-family-a1557d9788f7d51f	synodal:verb:wikt-cc294a5ba8a0	ходити	verb	ходи́лъ	44	l-participle:masculine:singular	review:v03:cc294a5ba8a0	v06-ud-3b7ed16484275a08	v06-target-1c6987921d442c97	synodal:candidate:1971122a26d22cd684c69171	Acts.14.8	Ezek.18.9	44	44		Admitted only the exact typed cell. Identity, source morphology, target spelling, and held-out target occurrence remain separate evidence roles; no productive class or unattested cell is implied.
v06-exact-78d7153e6e0f1e23	admitted	source-typed-exact	v06-family-6c6404e0594aca17	synodal:noun:wikt-bcfe43fd2077	лице	noun	лица̑	127	noun:accusative:plural:animate	review:v03:bcfe43fd2077	v06-ud-c8b567059f391d6c	v06-target-018a7d54abf0ac72	synodal:candidate:5a615ccba92f101b85455d82	Acts.10.34	Jas.2.1	127	0		Admitted only the exact typed cell. Identity, source morphology, target spelling, and held-out target occurrence remain separate evidence roles; no productive class or unattested cell is implied.
v06-exact-793faaab80eaf7ce	admitted	source-typed-exact	v06-family-8378597dbb89183f	synodal:pronoun:v06-7cb9fbdd604c5a70	и	pronoun	ни́ма	46	pronoun:dative:dual:feminine:third:any	v06-semantic-pronoun-i	v06-ud-f10e00ea0b52385e	v06-target-7cbfd984e40b8f0a	synodal:candidate:a50fc4baf2e458e21a15ea49	Acts.3.8	Acts.14.27	46	46		Admitted only the exact typed cell. Identity, source morphology, target spelling, and held-out target occurrence remain separate evidence roles; no productive class or unattested cell is implied.
v06-exact-79ad51711e4ee737	admitted	source-typed-exact	v06-family-d6d3a2accec82604	synodal:noun:wikt-d466404ca999	брань	noun	бра̑ни	46	noun:genitive:singular:inanimate	review:v03:d466404ca999	v06-ud-07ffbdd0a6332953	v06-target-1c681424f9293e66	synodal:candidate:63e3fefa086aa489b0a95474	Ex.15.3	I_Kings.18.17	0	46		Admitted only the exact typed cell. Identity, source morphology, target spelling, and held-out target occurrence remain separate evidence roles; no productive class or unattested cell is implied.
v06-exact-79eeca17158ca70f	admitted	source-typed-exact	v06-family-de4747c8da3366ca	synodal:verb:wikt-076d1c8a0add	поставити	verb	поста́виши	58	future:second:singular	review:v03:076d1c8a0add	v06-ud-e731347a0939b454	v06-target-a5661295aa61f5de	synodal:candidate:fe7151e921bb0c9033924506	Deut.16.18	Ex.25.37	58	58		Admitted only the exact typed cell. Identity, source morphology, target spelling, and held-out target occurrence remain separate evidence roles; no productive class or unattested cell is implied.
v06-exact-7a0afc1ad38e348c	admitted	source-typed-exact	v06-family-d42fb5854d5fdad2	synodal:adjective:v06-6d8cbd0ea412c4e9	подобьнъ	adjective	подо́бно	43	adjective:nominative:singular:neuter:any:short:positive	review:v06:6d8cbd0ea412c4e9	v06-ud-1c757eb55f673c2f	v06-target-02052c3564dfb8fa	synodal:candidate:692fc4acc5b18c2c766c76d4	Apoc.4.6	Acts.17.29	43	43		Admitted only the exact typed cell. Identity, source morphology, target spelling, and held-out target occurrence remain separate evidence roles; no productive class or unattested cell is implied.
v06-exact-7a3a16e30a48d372	admitted	source-typed-exact	v06-family-6afd5836abd2d2e9	synodal:noun:wikt-34a97d0572e7	болѣзнь	noun	болѣ́зни	91	noun:genitive:plural:inanimate	review:v03:34a97d0572e7	v06-ud-6f037a493da4401a	v06-target-b35ac823965f87db	synodal:candidate:3b035505dea2d37965a6b8a5	Apoc.16.10	Amos.8.10	0	91		Admitted only the exact typed cell. Identity, source morphology, target spelling, and held-out target occurrence remain separate evidence roles; no productive class or unattested cell is implied.
v06-exact-7b97e27c22525631	admitted	source-typed-exact	v06-family-7f82a17c24a796dc	synodal:noun:wikt-623810a5090c	власть	noun	вла́сти	96	noun:accusative:plural:inanimate	review:v03:623810a5090c	v06-ud-216e89273b6c06e5	v06-target-eeaea88bd7a7e73f	synodal:candidate:3c14183152759adc97e0f09c	Acts.1.7	Dan.11.4	96	0		Admitted only the exact typed cell. Identity, source morphology, target spelling, and held-out target occurrence remain separate evidence roles; no productive class or unattested cell is implied.
v06-exact-7c4511bf29cb74aa	admitted	source-typed-exact	v06-family-b043c1bdb5717480	synodal:adjective:wikt-e406458f5df6	великъ	adjective	вели́ко	90	adjective:accusative:singular:neuter:inanimate:short:positive	review:v03:e406458f5df6	v06-ud-a0614b7e7ca2b6c3	v06-target-b0296c7637c4ceed	synodal:candidate:016fddd8ec128a8b662cefd4	Apoc.20.1	III_Kings.8.41	90	0		Admitted only the exact typed cell. Identity, source morphology, target spelling, and held-out target occurrence remain separate evidence roles; no productive class or unattested cell is implied.
v06-exact-7cf0a2a38f063c26	admitted	source-typed-exact	v06-family-ad989dccf444012f	synodal:verb:v06-8b9d05677b0275a2	заклати	verb	закла̀	51	past:third:singular	review:v06:8b9d05677b0275a2	v06-ud-263e9db6b408275e	v06-target-105ef5b5ee6e3ed7	synodal:candidate:2504c99f036bd40fdd1e109b	Composite.5.3	III_Kings.18.40	0	51		Admitted only the exact typed cell. Identity, source morphology, target spelling, and held-out target occurrence remain separate evidence roles; no productive class or unattested cell is implied.
v06-exact-7cfe6608e2fccfa4	admitted	source-typed-exact	v06-family-b949c36c6611ee20	synodal:noun:wikt-bbeeeb7ea3e2	нога	noun	нога́ма	100	noun:instrumental:dual:inanimate	review:v03:bbeeeb7ea3e2	v06-ud-f1e3b5265b4119b8	v06-target-67362301d3cfd35e	synodal:candidate:8ac5a305c987ddd8c2d0801b	Acts.5.10	Dan.7.19	0	0		Admitted only the exact typed cell. Identity, source morphology, target spelling, and held-out target occurrence remain separate evidence roles; no productive class or unattested cell is implied.
v06-exact-7dbb1f00896f6b42	admitted	source-typed-exact	v06-family-06a2c84b8917f248	synodal:verb:wikt-f641099e2194	познати	verb	позна̀	143	past:second:singular	review:v03:f641099e2194	v06-ud-9f49d41581241b47	v06-target-b3936b6438cd0cfb	synodal:candidate:e7745a49a796e3bbbf118566	Deut.33.9	Gen.31.32	143	0		Admitted only the exact typed cell. Identity, source morphology, target spelling, and held-out target occurrence remain separate evidence roles; no productive class or unattested cell is implied.
v06-exact-7def29284314daa1	admitted	source-typed-exact	v06-family-8c2b85aae7677e62	synodal:adjective:wikt-c50de9a2243e	малъ	adjective	ма́лѡ	248	adjective:nominative:singular:neuter:any:short:positive	review:v03:c50de9a2243e	v06-ud-520801ad2791bd40	v06-target-ab3c287c7843b9b1	synodal:candidate:1c1502676aa55706547bdb30	Acts.5.34	Acts.13.44	0	0		Admitted only the exact typed cell. Identity, source morphology, target spelling, and held-out target occurrence remain separate evidence roles; no productive class or unattested cell is implied.
v06-exact-7e64f584730c2a77	admitted	source-typed-exact	v06-family-9f00824162192ff5	synodal:noun:wikt-a0460e26ad87	скотъ	noun	скотѡ́мъ	42	noun:instrumental:singular:inanimate	review:v03:a0460e26ad87	v06-ud-aea85a331a410693	v06-target-ce8821486d4edfce	synodal:candidate:a852330a5c284f1beb015c29	Deut.11.15	IV_Kings.3.9	42	42		Admitted only the exact typed cell. Identity, source morphology, target spelling, and held-out target occurrence remain separate evidence roles; no productive class or unattested cell is implied.
v06-exact-7f5aad6a82690060	admitted	source-typed-exact	v06-family-45da7b32e2d7b52f	synodal:verb:wikt-61a99171906f	творити	verb	творѧ̀	52	participle:present:active:nominative:singular:neuter:any:short:positive	review:v03:61a99171906f	v06-ud-af831d6ced431cae	v06-target-d166fffec409c457	synodal:candidate:e07ad1632989fbe8fa8be6f7	Dan.6.10	II_Macc.12.43	0	52		Admitted only the exact typed cell. Identity, source morphology, target spelling, and held-out target occurrence remain separate evidence roles; no productive class or unattested cell is implied.
v06-exact-7f8c744e83998673	admitted	source-typed-exact	v06-family-41f98d2fcef64207	synodal:adjective:wikt-a9cef2fd54e7	благъ	adjective	бла̑га	90	adjective:genitive:singular:neuter:any:short:positive	review:v03:a9cef2fd54e7	v06-ud-8ff89b92bfb1d160	v06-target-4ac172e604351e9d	synodal:candidate:168568e5a7507c25bf199517	Dan.1.15	II_Paral.12.12	0	0		Admitted only the exact typed cell. Identity, source morphology, target spelling, and held-out target occurrence remain separate evidence roles; no productive class or unattested cell is implied.
v06-exact-806ed45a6d02b37d	admitted	source-typed-exact	v06-family-6afd5836abd2d2e9	synodal:noun:wikt-34a97d0572e7	болѣзнь	noun	болѣ́зни	91	noun:nominative:plural:inanimate	review:v03:34a97d0572e7	v06-ud-b5200df46aee8bdd	v06-target-b35ac823965f87db	synodal:candidate:3b035505dea2d37965a6b8a5	Apoc.16.10	Amos.8.10	0	0		Admitted only the exact typed cell. Identity, source morphology, target spelling, and held-out target occurrence remain separate evidence roles; no productive class or unattested cell is implied.
v06-exact-80ad1428ee687a63	admitted	source-typed-exact	v06-family-b80a0a5d7655c97e	synodal:adjective:v06-e3bdc69bb0fe41f0	мъногъ	adjective	мно́зѣхъ	40	adjective:locative:plural:masculine:any:long:positive	review:v06:e3bdc69bb0fe41f0	v06-ud-a41d7acccb44267e	v06-target-a61a840927f5cc94	synodal:candidate:cfa74ad770093256dfc5f501	Acts.1.5	Acts.1.3	0	40		Admitted only the exact typed cell. Identity, source morphology, target spelling, and held-out target occurrence remain separate evidence roles; no productive class or unattested cell is implied.
v06-exact-80d6f35c2b4398a1	admitted	source-typed-exact	v06-family-30f1c0ca194143b7	synodal:verb:v06-c8b75d2f425c16e5	мощи	verb	мо́жете	59	present:second:plural	review:v06:c8b75d2f425c16e5	v06-ud-0c96091cc5e49d98	v06-target-c23362bdf877c879	synodal:candidate:d6f9eacea94c3bcf317fb793	Acts.5.39	Eph.3.4	59	59		Admitted only the exact typed cell. Identity, source morphology, target spelling, and held-out target occurrence remain separate evidence roles; no productive class or unattested cell is implied.
v06-exact-80e359681e714522	admitted	source-typed-exact	v06-family-3f6f1fd31f6bcc34	synodal:noun:v06-dce2b2486b64fd57	пътица	noun	пти́цамъ	45	noun:dative:plural:animate	review:v06:dce2b2486b64fd57	v06-ud-37a59f5ffa2f291d	v06-target-01d19970ee93eede	synodal:candidate:c0a98420f39f52864911a4e3	Apoc.19.17	Ezek.29.5	45	45		Admitted only the exact typed cell. Identity, source morphology, target spelling, and held-out target occurrence remain separate evidence roles; no productive class or unattested cell is implied.
v06-exact-8247287274be7a59	admitted	source-typed-exact	v06-family-aa419b282270dd58	synodal:noun:bog	богъ	noun	бо́гъ	41	noun:genitive:plural:animate		v06-ud-f9c83822300f7739	v06-target-fe90f570e2975960	synodal:candidate:b1948a8436ab3d8a1cdb21fd	Amos.8.14	Deut.4.7	0	41		Admitted only the exact typed cell. Identity, source morphology, target spelling, and held-out target occurrence remain separate evidence roles; no productive class or unattested cell is implied.
v06-exact-82e8789daf2f837c	admitted	source-typed-exact	v06-family-ac24451e083a7989	synodal:verb:wikt-78da2d05497d	видѣти	verb	ви́дѣ	557	past:third:singular	review:v03:78da2d05497d	v06-ud-6c56203c84bf4a24	v06-target-15b25e90f2579203	synodal:candidate:fe8f8d2446f50ce59df6d310	Acts.2.31	Acts.10.3	0	557		Admitted only the exact typed cell. Identity, source morphology, target spelling, and held-out target occurrence remain separate evidence roles; no productive class or unattested cell is implied.
v06-exact-831425ae2d728f60	admitted	source-typed-exact	v06-family-739e69c2a7ce5df8	synodal:verb:v06-bba31c88723cae5c	жити	verb	живе́тъ	97	present:third:singular	review:v06:bba31c88723cae5c	v06-ud-0ad53621f512493c	v06-target-4b7ca89a97214973	synodal:candidate:b5d975bd3361dfe9dab7263c	Acts.7.48	Apoc.2.13	97	97		Admitted only the exact typed cell. Identity, source morphology, target spelling, and held-out target occurrence remain separate evidence roles; no productive class or unattested cell is implied.
v06-exact-832f0b49718b1671	admitted	source-typed-exact	v06-family-8f5771036433fdf9	synodal:noun:wikt-bed493d2f679	страна	noun	страны̀	214	noun:genitive:singular:inanimate	review:v03:bed493d2f679	v06-ud-ef758e328bcecab5	v06-target-6deaaff21ba268f2	synodal:candidate:7a70f8ad88ff442dfbef9e01	Dan.2.49	Ex.26.28	214	214		Admitted only the exact typed cell. Identity, source morphology, target spelling, and held-out target occurrence remain separate evidence roles; no productive class or unattested cell is implied.
v06-exact-84646bb3f7e2219b	admitted	source-typed-exact	v06-family-6a0c6dfd58cbd82d	synodal:noun:wikt-d65c6ae81047	радость	noun	ра́дости	75	noun:dative:singular:inanimate	review:v03:d65c6ae81047	v06-ud-b19c363810f70e90	v06-target-107f1de126650b9b	synodal:candidate:48dd51ee615e2188c9680c90	Acts.2.46	Acts.12.14	75	75		Admitted only the exact typed cell. Identity, source morphology, target spelling, and held-out target occurrence remain separate evidence roles; no productive class or unattested cell is implied.
v06-exact-8537cb6f88af059f	admitted	source-typed-exact	v06-family-6299df61d679a844	synodal:verb:v06-8673185ecc70a12e	прїѧти	verb	прїѧ́ти	128	infinitive	review:v06:8673185ecc70a12e	v06-ud-9603b839cc3920bf	v06-target-52a2c474a17002d4	synodal:candidate:e8304c7fac776d717e546420	Acts.1.25	Acts.3.5	128	0		Admitted only the exact typed cell. Identity, source morphology, target spelling, and held-out target occurrence remain separate evidence roles; no productive class or unattested cell is implied.
v06-exact-8550d88c63f78874	admitted	source-typed-exact	v06-family-285db4d9f5ac217f	synodal:noun:wikt-1734c53f8298	корабль	noun	корабли̑	56	noun:nominative:plural:inanimate	review:v03:1734c53f8298	v06-ud-2bff35fbc193699d	v06-target-c2fbde3eb9af5c2c	synodal:candidate:47b60f3f3e599272ae425ec4	Apoc.18.19	I_Macc.11.1	0	0		Admitted only the exact typed cell. Identity, source morphology, target spelling, and held-out target occurrence remain separate evidence roles; no productive class or unattested cell is implied.
v06-exact-85d3804bb10296b1	admitted	source-typed-exact	v06-family-41f98d2fcef64207	synodal:adjective:wikt-a9cef2fd54e7	благъ	adjective	блага̀	54	adjective:nominative:singular:feminine:any:short:positive	review:v03:a9cef2fd54e7	v06-ud-f4c640f9c55b2e5a	v06-target-5bfb6d057eeadcc3	synodal:candidate:bd97f1d67104556270563d76	Deut.1.25	Judith.11.23	0	0		Admitted only the exact typed cell. Identity, source morphology, target spelling, and held-out target occurrence remain separate evidence roles; no productive class or unattested cell is implied.
v06-exact-860dff2bf0b1c011	admitted	source-typed-exact	v06-family-aa419b282270dd58	synodal:noun:bog	богъ	noun	бо́гъ	41	noun:accusative:singular:animate		v06-ud-d2c5dc856853c0b6	v06-target-fe90f570e2975960	synodal:candidate:b1948a8436ab3d8a1cdb21fd	Amos.8.14	Deut.4.7	41	0		Admitted only the exact typed cell. Identity, source morphology, target spelling, and held-out target occurrence remain separate evidence roles; no productive class or unattested cell is implied.
v06-exact-861648df0b436903	admitted	source-typed-exact	v06-family-c45af3113a3de3c2	synodal:adjective:v06-1a7ee491487fbd39	крѣпъкъ	adjective	крѣ́покъ	86	adjective:nominative:singular:masculine:any:short:positive	review:v06:1a7ee491487fbd39	v06-ud-5aecf8d0fe5a0eec	v06-target-3fd7740cb790de8b	synodal:candidate:ee8deadaf1c425ab0d8f9894	Apoc.18.8	Amos.2.9	0	86		Admitted only the exact typed cell. Identity, source morphology, target spelling, and held-out target occurrence remain separate evidence roles; no productive class or unattested cell is implied.
v06-exact-8699859866493718	admitted	source-typed-exact	v06-family-b949c36c6611ee20	synodal:noun:wikt-bbeeeb7ea3e2	нога	noun	нога́ми	42	noun:instrumental:plural:inanimate	review:v03:bbeeeb7ea3e2	v06-ud-a069571d66b34753	v06-target-14adb22d9694a582	synodal:candidate:51a4c3561b015e69a153b970	Acts.4.37	Acts.5.2	42	42		Admitted only the exact typed cell. Identity, source morphology, target spelling, and held-out target occurrence remain separate evidence roles; no productive class or unattested cell is implied.
v06-exact-86cf7cdd54958c30	admitted	source-typed-exact	v06-family-b80a0a5d7655c97e	synodal:adjective:v06-e3bdc69bb0fe41f0	мъногъ	adjective	мно́га	86	adjective:accusative:plural:neuter:inanimate:short:positive	review:v06:e3bdc69bb0fe41f0	v06-ud-fbdfb97db0f0388b	v06-target-7c4e882536eb0d74	synodal:candidate:fb40647b02116208cb11898c	Esther.1.1	Apoc.19.1	86	0		Admitted only the exact typed cell. Identity, source morphology, target spelling, and held-out target occurrence remain separate evidence roles; no productive class or unattested cell is implied.
v06-exact-86f1e2ffd161bb33	admitted	source-typed-exact	v06-family-4c1aed290f2b8b29	synodal:noun:wikt-4269288a7756	нощь	noun	но́щи	78	noun:genitive:singular:inanimate	review:v03:4269288a7756	v06-ud-c932f72a5644bab4	v06-target-608ada3c7594effa	synodal:candidate:58b52147ee76091d9a6cbcde	Acts.16.33	Apoc.21.25	78	78		Admitted only the exact typed cell. Identity, source morphology, target spelling, and held-out target occurrence remain separate evidence roles; no productive class or unattested cell is implied.
v06-exact-86ff3b375f2ff4b5	admitted	source-typed-exact	v06-family-2f5d0b5e12c95f89	synodal:verb:v06-c83e3264f4da24ce	пьсати	verb	пи̑сана	111	participle:past:passive:nominative:plural:neuter:any:short:positive	review:v06:c83e3264f4da24ce	v06-ud-a7846f00edb90de0	v06-target-fae0dde305c6fff8	synodal:candidate:6e00838efdf001cf5153fe37	Acts.13.29	III_Kings.11.41	111	111		Admitted only the exact typed cell. Identity, source morphology, target spelling, and held-out target occurrence remain separate evidence roles; no productive class or unattested cell is implied.
v06-exact-87cf6ddd44e6396f	admitted	source-typed-exact	v06-family-f51439e000f4a68b	synodal:noun:wikt-7e8cde57afa5	бѣсъ	noun	бѣ́сы	44	noun:instrumental:plural:inanimate	review:v03:7e8cde57afa5	v06-ud-46c5ad35d3c361fc	v06-target-bbbe6058bf03784a	synodal:candidate:61265ddad8285ab5da1d1b73	Lk.8.27	Lk.9.1	0	0		Admitted only the exact typed cell. Identity, source morphology, target spelling, and held-out target occurrence remain separate evidence roles; no productive class or unattested cell is implied.
v06-exact-87dcda822b78d412	admitted	source-typed-exact	v06-family-d753efc5337b9e9a	synodal:noun:v06-dd281666539ac305	плоть	noun	пло́ть	260	noun:nominative:singular:inanimate	review:v06:dd281666539ac305	v06-ud-794c1904f62bffd4	v06-target-4ba205d58dc762d4	synodal:candidate:c8630c54c0433131b26f0960	Acts.2.26	Apoc.17.16	260	260		Admitted only the exact typed cell. Identity, source morphology, target spelling, and held-out target occurrence remain separate evidence roles; no productive class or unattested cell is implied.
v06-exact-88dc600a87c86a2f	admitted	source-typed-exact	v06-family-8c2b85aae7677e62	synodal:adjective:wikt-c50de9a2243e	малъ	adjective	ма́ла	95	adjective:nominative:plural:neuter:any:short:positive	review:v03:c50de9a2243e	v06-ud-177a0d2cf1ce7a9d	v06-target-1bd143053c68144f	synodal:candidate:0dabd95fe60669e5177eeb1e	Acts.8.10	Acts.12.18	0	0		Admitted only the exact typed cell. Identity, source morphology, target spelling, and held-out target occurrence remain separate evidence roles; no productive class or unattested cell is implied.
v06-exact-89f4c9988e3b3102	admitted	source-typed-exact	v06-family-8b11aa406fd78a8f	synodal:numeral:wikt-bc270882d39d	десѧть	numeral	десѧтѝ	94	numeral:cardinal:accusative:plural:masculine:inanimate	review:v03:bc270882d39d	v06-ud-9bdff8210bf44713	v06-target-5a2867947bbcf08a	synodal:candidate:eb30d106caf3547df2b45987	Acts.25.6	Dan.1.12	0	0		Admitted only the exact typed cell. Identity, source morphology, target spelling, and held-out target occurrence remain separate evidence roles; no productive class or unattested cell is implied.
v06-exact-8b73b16131d8895e	admitted	source-typed-exact	v06-family-13370df5e120c450	synodal:noun:v06-4b110ac5f2b33849	врата	noun	врата̀	284	noun:accusative:plural:inanimate	review:v06:4b110ac5f2b33849	v06-ud-6e398b01f3a8094a	v06-target-614a97ae06f8dc7b	synodal:candidate:9e34d3c6acbbcf223ee2129b	Acts.14.13	Acts.12.13	284	0		Admitted only the exact typed cell. Identity, source morphology, target spelling, and held-out target occurrence remain separate evidence roles; no productive class or unattested cell is implied.
v06-exact-8c7aae51338e0312	admitted	source-typed-exact	v06-family-ef8e848ce717ee09	synodal:adjective:wikt-f2a9817d8801	добръ	adjective	добро̀	212	adjective:nominative:singular:neuter:any:short:positive	review:v03:f2a9817d8801	v06-ud-17e910285acc5d43	v06-target-93b479481342b89f	synodal:candidate:6679a79e107bcc0bd04e6c73	Deut.12.25	Deut.1.14	0	0		Admitted only the exact typed cell. Identity, source morphology, target spelling, and held-out target occurrence remain separate evidence roles; no productive class or unattested cell is implied.
v06-exact-8d46dbace2f17e94	admitted	source-typed-exact	v06-family-1a4304fb45a236f9	synodal:noun:delo	дѣло	noun	дѣлѡ́мъ	108	noun:instrumental:singular:inanimate		v06-ud-ed6df6ef792dfaad	v06-target-46815caf08c034f7	synodal:candidate:6acc6a24c809fba130c8f1fa	Apoc.2.23	Apoc.18.6	0	108		Admitted only the exact typed cell. Identity, source morphology, target spelling, and held-out target occurrence remain separate evidence roles; no productive class or unattested cell is implied.
v06-exact-8d47b4c16876720a	admitted	source-typed-exact	v06-family-f480eb811d2489ca	synodal:noun:wikt-ff0e77e28364	печаль	noun	печа́ли	104	noun:nominative:plural:inanimate	review:v03:ff0e77e28364	v06-ud-ef78fbc99d074116	v06-target-e73d0834897be74d	synodal:candidate:af9249a19760ecf532fa698a	Apoc.1.9	Ezek.35.5	0	0		Admitted only the exact typed cell. Identity, source morphology, target spelling, and held-out target occurrence remain separate evidence roles; no productive class or unattested cell is implied.
v06-exact-8d9b66d826541899	admitted	source-typed-exact	v06-family-8378597dbb89183f	synodal:pronoun:v06-7cb9fbdd604c5a70	и	pronoun	нею̀	157	pronoun:locative:singular:feminine:third:any	v06-semantic-pronoun-i	v06-ud-8d0b68d840dd5d24	v06-target-68049b009e711292	synodal:candidate:e8304c7fac776d717e546420	Acts.14.19	Acts.3.5	0	0		Admitted only the exact typed cell. Identity, source morphology, target spelling, and held-out target occurrence remain separate evidence roles; no productive class or unattested cell is implied.
v06-exact-8dbab3c86f7a37b0	admitted	source-typed-exact	v06-family-84c13e1a07c35cfa	synodal:verb:v06-a7b239a702ce4216	повелѣти	verb	повелѣ̀	411	past:second:singular	review:v06:a7b239a702ce4216	v06-ud-643f139cb8529e4a	v06-target-1d506f71fe6b75fe	synodal:candidate:06b6b68b6b9b58157afbe8bd	Acts.1.4	Acts.21.33	411	0		Admitted only the exact typed cell. Identity, source morphology, target spelling, and held-out target occurrence remain separate evidence roles; no productive class or unattested cell is implied.
v06-exact-8dce434136d7e842	admitted	source-typed-exact	v06-family-f480eb811d2489ca	synodal:noun:wikt-ff0e77e28364	печаль	noun	печа́ли	104	noun:accusative:plural:inanimate	review:v03:ff0e77e28364	v06-ud-98c4892638d9e054	v06-target-e73d0834897be74d	synodal:candidate:af9249a19760ecf532fa698a	Apoc.1.9	Ezek.35.5	104	0		Admitted only the exact typed cell. Identity, source morphology, target spelling, and held-out target occurrence remain separate evidence roles; no productive class or unattested cell is implied.
v06-exact-8dd8e840c4c8884a	admitted	source-typed-exact	v06-family-c57d9a901b55f999	synodal:adjective:wikt-804d9a9cde41	живъ	adjective	живѝ	124	adjective:nominative:plural:masculine:any:short:positive	review:v03:804d9a9cde41	v06-ud-81ef2530a149be00	v06-target-c99c74b3159d5419	synodal:candidate:3b2dafd77925ca7849aea552	Amos.7.12	Dan.6.21	124	0		Admitted only the exact typed cell. Identity, source morphology, target spelling, and held-out target occurrence remain separate evidence roles; no productive class or unattested cell is implied.
v06-exact-8dfc6092423466b3	admitted	source-typed-exact	v06-family-44d6fc203b2cb269	synodal:verb:wikt-fca54147b786	раздѣлити	verb	раздѣлѝ	81	past:third:singular	review:v03:fca54147b786	v06-ud-8be7a0ea35d507f1	v06-target-47b3a78e8884379b	synodal:candidate:38fea625b5ae848ef64a584e	Deut.4.19	Deut.19.3	81	81		Admitted only the exact typed cell. Identity, source morphology, target spelling, and held-out target occurrence remain separate evidence roles; no productive class or unattested cell is implied.
v06-exact-8e86bff75251d424	admitted	source-typed-exact	v06-family-3f6f1fd31f6bcc34	synodal:noun:v06-dce2b2486b64fd57	пътица	noun	пти́цъ	68	noun:genitive:plural:animate	review:v06:dce2b2486b64fd57	v06-ud-7346b04adbbda452	v06-target-ed20f13ce383e617	synodal:candidate:6c99e39569e9b523922a4ee2	Apoc.18.2	Gen.7.3	68	68		Admitted only the exact typed cell. Identity, source morphology, target spelling, and held-out target occurrence remain separate evidence roles; no productive class or unattested cell is implied.
v06-exact-8eaeeda711658aed	admitted	source-typed-exact	v06-family-aa5476e8bcdb448f	synodal:noun:mesto	мѣсто	noun	мѣ́стъ	44	noun:genitive:plural:inanimate		v06-ud-59d6ae8826e7d486	v06-target-e934005e114698d4	synodal:candidate:b114acfff31cebd1825d8398	III_Esdra.2.16	Apoc.6.14	44	44		Admitted only the exact typed cell. Identity, source morphology, target spelling, and held-out target occurrence remain separate evidence roles; no productive class or unattested cell is implied.
v06-exact-8eba9ecb2c52194b	admitted	source-typed-exact	v06-family-52fda0c77ff4f70e	synodal:noun:v06-cb21a2bc6b898b02	левъ	noun	ле́въ	104	noun:nominative:singular:animate	review:v06:cb21a2bc6b898b02	v06-ud-826376f30d11e28e	v06-target-f302bb75b181ccca	synodal:candidate:c3391f325797aeac46475814	Amos.3.4	Apoc.5.5	104	104		Admitted only the exact typed cell. Identity, source morphology, target spelling, and held-out target occurrence remain separate evidence roles; no productive class or unattested cell is implied.
v06-exact-8ebbb183235116d5	admitted	source-typed-exact	v06-family-7f82a17c24a796dc	synodal:noun:wikt-623810a5090c	власть	noun	вла́сти	96	noun:genitive:singular:inanimate	review:v03:623810a5090c	v06-ud-dae50bcdd834444d	v06-target-eeaea88bd7a7e73f	synodal:candidate:3c14183152759adc97e0f09c	Acts.1.7	Dan.11.4	0	0		Admitted only the exact typed cell. Identity, source morphology, target spelling, and held-out target occurrence remain separate evidence roles; no productive class or unattested cell is implied.
v06-exact-8ee7fc72e685652e	admitted	source-typed-exact	v06-family-6afd5836abd2d2e9	synodal:noun:wikt-34a97d0572e7	болѣзнь	noun	бѡлѣ́зни	76	noun:dative:singular:inanimate	review:v03:34a97d0572e7	v06-ud-e13abe1748ccd632	v06-target-c271a238dead0876	synodal:candidate:7ccfabf5a97a618ef95686b7	Acts.2.24	Ex.15.14	0	0		Admitted only the exact typed cell. Identity, source morphology, target spelling, and held-out target occurrence remain separate evidence roles; no productive class or unattested cell is implied.
v06-exact-8f7038fd8d1b47eb	admitted	source-typed-exact	v06-family-6afd5836abd2d2e9	synodal:noun:wikt-34a97d0572e7	болѣзнь	noun	болѣ́зни	91	noun:dative:singular:inanimate	review:v03:34a97d0572e7	v06-ud-e13abe1748ccd632	v06-target-b35ac823965f87db	synodal:candidate:3b035505dea2d37965a6b8a5	Apoc.16.10	Amos.8.10	0	0		Admitted only the exact typed cell. Identity, source morphology, target spelling, and held-out target occurrence remain separate evidence roles; no productive class or unattested cell is implied.
v06-exact-901857e0fe39a801	admitted	source-typed-exact	v06-family-8f2d5bca8894110f	synodal:verb:wikt-e0c91b5eb837	ѡставити	verb	ѡ҆ста́вите	88	future:second:plural	review:v03:e0c91b5eb837	v06-ud-2c178843eb18f7c9	v06-target-7c8d9d6948b0a405	synodal:candidate:0cdba7b08b62b72341ea74ca	Acts.5.38	Gen.42.33	88	0		Admitted only the exact typed cell. Identity, source morphology, target spelling, and held-out target occurrence remain separate evidence roles; no productive class or unattested cell is implied.
v06-exact-90a966b4da34271f	admitted	source-typed-exact	v06-family-f56cd2401d5beb6e	synodal:noun:v06-4b5409194023ee78	молѥниѥ	noun	моле́нїе	65	noun:accusative:singular:inanimate	review:v06:4b5409194023ee78	v06-ud-7b1f7f3f9a5c147e	v06-target-4ce494902950a344	synodal:candidate:ad27a60fd843b71741f5bd29	Dan.9.18	II_Paral.7.12	65	65		Admitted only the exact typed cell. Identity, source morphology, target spelling, and held-out target occurrence remain separate evidence roles; no productive class or unattested cell is implied.
v06-exact-91a95cdffc93ec27	admitted	source-typed-exact	v06-family-a6446c454359059c	synodal:noun:wikt-3090f99843dd	кость	noun	кѡ́сти	166	noun:genitive:singular:inanimate	review:v03:3090f99843dd	v06-ud-e793ce6e15b81a93	v06-target-8fa487a7e1e711fc	synodal:candidate:db0abe3e8cdb1efcac90712f	Amos.2.1	Baruch.2.24	0	0		Admitted only the exact typed cell. Identity, source morphology, target spelling, and held-out target occurrence remain separate evidence roles; no productive class or unattested cell is implied.
v06-exact-91c6cd05f9b11b66	admitted	source-typed-exact	v06-family-8f3f36fcb2e0043f	synodal:verb:wikt-d09b075fa7b0	наслѣдити	verb	наслѣ́дитъ	48	future:third:singular	review:v03:d09b075fa7b0	v06-ud-7f3b66687db8b5db	v06-target-91031715d3f5fac4	synodal:candidate:d1ded3b931bdb98b630aa96b	Apoc.21.7	Gen.22.17	48	48		Admitted only the exact typed cell. Identity, source morphology, target spelling, and held-out target occurrence remain separate evidence roles; no productive class or unattested cell is implied.
v06-exact-92be1890a51bbb1e	admitted	source-typed-exact	v06-family-aa419b282270dd58	synodal:noun:bog	богъ	noun	богѡ́мъ	160	noun:dative:plural:animate		v06-ud-756f8b9d8303fd64	v06-target-4d4bbf251de102b8	synodal:candidate:e2ce9ee7b03183f724058c4b	Baruch.1.22	Deut.12.2	160	0		Admitted only the exact typed cell. Identity, source morphology, target spelling, and held-out target occurrence remain separate evidence roles; no productive class or unattested cell is implied.
v06-exact-92d7b7c9ee19885f	admitted	source-typed-exact	v06-family-aef8ae43654d25b5	synodal:verb:v06-7572c074fcdb7753	подобати	verb	подоба́ше	68	past:third:singular	review:v06:7572c074fcdb7753	v06-ud-b2bbe3f4e76e2e4e	v06-target-edc30ea1d14f19e3	synodal:candidate:44d465300432b0dc1ae2afcb	Acts.17.3	Acts.1.16	68	68		Admitted only the exact typed cell. Identity, source morphology, target spelling, and held-out target occurrence remain separate evidence roles; no productive class or unattested cell is implied.
v06-exact-932adfce6b79a436	admitted	source-typed-exact	v06-family-0b6cf98e451be67a	synodal:adjective:wikt-474b39de7e9e	правъ	adjective	пра́вѡ	45	adjective:nominative:singular:neuter:any:short:positive	review:v03:474b39de7e9e	v06-ud-925ffaac4bdc151a	v06-target-330b4487666d8072	synodal:candidate:feb94a38d5657857ce0bfd6c	Dan.13.59	Dan.13.55	45	45		Admitted only the exact typed cell. Identity, source morphology, target spelling, and held-out target occurrence remain separate evidence roles; no productive class or unattested cell is implied.
v06-exact-937569b4cff17626	admitted	source-typed-exact	v06-family-f480eb811d2489ca	synodal:noun:wikt-ff0e77e28364	печаль	noun	печа́ли	104	noun:locative:singular:inanimate	review:v03:ff0e77e28364	v06-ud-1a79dae06f3210fe	v06-target-e73d0834897be74d	synodal:candidate:af9249a19760ecf532fa698a	Apoc.1.9	Ezek.35.5	0	0		Admitted only the exact typed cell. Identity, source morphology, target spelling, and held-out target occurrence remain separate evidence roles; no productive class or unattested cell is implied.
v06-exact-93e43107a26fd7a1	admitted	source-typed-exact	v06-family-5458e05684cee807	synodal:noun:wikt-ed67a3345df1	господь	noun	го́споди	126	noun:genitive:singular:animate	review:v03:ed67a3345df1	v06-ud-6cbc5f7586bbcc55	v06-target-e1fa64f096ce0842	synodal:candidate:31a1b1d519920a8e902c72e6	Apoc.7.14	Dan.10.16	0	126		Admitted only the exact typed cell. Identity, source morphology, target spelling, and held-out target occurrence remain separate evidence roles; no productive class or unattested cell is implied.
v06-exact-94fa50e75151fb6b	admitted	source-typed-exact	v06-family-be135ea15d3a5d74	synodal:noun:wikt-512a2b47758d	колѣно	noun	колѣ́на	143	noun:genitive:singular:inanimate	review:v03:512a2b47758d	v06-ud-6711ad8984678863	v06-target-20872910a8bfa3f0	synodal:candidate:0255e6e4fb6c20bdc4f3c014	Acts.13.21	Apoc.1.7	0	143		Admitted only the exact typed cell. Identity, source morphology, target spelling, and held-out target occurrence remain separate evidence roles; no productive class or unattested cell is implied.
v06-exact-9514580677475c42	admitted	source-typed-exact	v06-family-ef8e848ce717ee09	synodal:adjective:wikt-f2a9817d8801	добръ	adjective	добра̀	88	adjective:genitive:singular:neuter:any:short:positive	review:v03:f2a9817d8801	v06-ud-672b4782c5b5a2f5	v06-target-05d4589b849a8361	synodal:candidate:0f08cc3b6ed7647dc0ca6ce1	Amos.5.14	Deut.1.39	0	88		Admitted only the exact typed cell. Identity, source morphology, target spelling, and held-out target occurrence remain separate evidence roles; no productive class or unattested cell is implied.
v06-exact-9551018a4ff6ab21	admitted	source-typed-exact	v06-family-d8c5006e8e55aca6	synodal:noun:wikt-f5010315b352	пѣснь	noun	пѣ́сни	44	noun:locative:singular:inanimate	review:v03:f5010315b352	v06-ud-51d461c502683c27	v06-target-8bce8df45e88dd75	synodal:candidate:31399ec73106f22954111d81	Amos.5.23	Apoc.14.3	0	0		Admitted only the exact typed cell. Identity, source morphology, target spelling, and held-out target occurrence remain separate evidence roles; no productive class or unattested cell is implied.
v06-exact-95a1539bff67061b	admitted	source-typed-exact	v06-family-c57d9a901b55f999	synodal:adjective:wikt-804d9a9cde41	живъ	adjective	жива̀	54	adjective:genitive:singular:neuter:any:short:positive	review:v03:804d9a9cde41	v06-ud-c11e039689b28aac	v06-target-e88d47d6b75db50f	synodal:candidate:8f59b2cac93a1bf456845594	Apoc.16.3	Deut.5.26	0	0		Admitted only the exact typed cell. Identity, source morphology, target spelling, and held-out target occurrence remain separate evidence roles; no productive class or unattested cell is implied.
v06-exact-9616041fe16e2662	admitted	source-typed-exact	v06-family-11c8f6b5f09881c0	synodal:verb:v06-9ad083fbc3393615	прити	verb	Прише́дъ	199	participle:past:active:nominative:singular:masculine:any:short:positive	review:v06:9ad083fbc3393615	v06-ud-41049faa598ced0f	v06-target-def3a33d7ebaa0e2	synodal:candidate:730b93597f2d093d5f588639	Acts.5.21	II_Macc.3.9	199	199		Admitted only the exact typed cell. Identity, source morphology, target spelling, and held-out target occurrence remain separate evidence roles; no productive class or unattested cell is implied.
v06-exact-96b2cd4054d727b8	admitted	source-typed-exact	v06-family-4bcbea889f337c48	synodal:noun:brother	братъ	noun	бра́та	489	noun:nominative:dual:animate	review:v06:noun:brother	v06-ud-e60a875f18da84af	v06-target-12e77c689afd98aa	synodal:candidate:3478fec480eafc8e409a29fe	Acts.12.2	Amos.1.11	0	489		Admitted only the exact typed cell. Identity, source morphology, target spelling, and held-out target occurrence remain separate evidence roles; no productive class or unattested cell is implied.
v06-exact-9725b693dd64845c	admitted	source-typed-exact	v06-family-81964da4aaa10eb4	synodal:verb:wikt-cab2350c2b15	вѣровати	verb	вѣ́рова	47	past:second:singular	review:v03:cab2350c2b15	v06-ud-40b3bcd297efa437	v06-target-86f8375ca25beb8f	synodal:candidate:554a4048ed083a8286d2cb5a	Acts.8.13	Acts.13.12	47	0		Admitted only the exact typed cell. Identity, source morphology, target spelling, and held-out target occurrence remain separate evidence roles; no productive class or unattested cell is implied.
v06-exact-979417d7ced13dd6	admitted	source-typed-exact	v06-family-8f2d5bca8894110f	synodal:verb:wikt-e0c91b5eb837	ѡставити	verb	ѡ҆ста́вилъ	64	l-participle:masculine:singular	review:v03:e0c91b5eb837	v06-ud-82e7232bdb9d915c	v06-target-4567d2cd45183b16	synodal:candidate:10c59fa7f7e7d0d468ec04b6	Acts.14.16	Apoc.2.4	64	64		Admitted only the exact typed cell. Identity, source morphology, target spelling, and held-out target occurrence remain separate evidence roles; no productive class or unattested cell is implied.
v06-exact-98b3e460d27dccca	admitted	source-typed-exact	v06-family-cb5b14455c72f106	synodal:noun:wikt-c2cc5dd81830	рать	noun	ра́ти	48	noun:genitive:singular:animate	review:v03:c2cc5dd81830	v06-ud-4c4407612847626a	v06-target-88e917e8a9f88e31	synodal:candidate:9d4de82d12c41ce83103558f	Dan.11.20	Amos.1.14	0	0		Admitted only the exact typed cell. Identity, source morphology, target spelling, and held-out target occurrence remain separate evidence roles; no productive class or unattested cell is implied.
v06-exact-992395b508bafd5a	admitted	source-typed-exact	v06-family-348e519dc33f1c80	synodal:adjective:wikt-68d9730bbab3	скоръ	adjective	ско́рѡ	201	adjective:nominative:singular:neuter:any:short:positive	review:v03:68d9730bbab3	v06-ud-d3561ff48fcaf81d	v06-target-c4804eb64015d673	synodal:candidate:41070871584b9b27844d69bf	Acts.22.18	Apoc.22.20	201	201		Admitted only the exact typed cell. Identity, source morphology, target spelling, and held-out target occurrence remain separate evidence roles; no productive class or unattested cell is implied.
v06-exact-99424ecf9a9fc9b5	admitted	source-typed-exact	v06-family-0cd2cb33d50008f3	synodal:noun:v06-ea34e8ebdfdfe6f9	вѣкъ	noun	вѣ́къ	577	noun:genitive:plural:inanimate	review:v06:ea34e8ebdfdfe6f9	v06-ud-32fb6d4203345d3f	v06-target-1a7eae07a1125ac7	synodal:candidate:8009340e242309e967d7e813	Baruch.3.3	Ezek.27.36	0	577		Admitted only the exact typed cell. Identity, source morphology, target spelling, and held-out target occurrence remain separate evidence roles; no productive class or unattested cell is implied.
v06-exact-9952f68ae537acd3	admitted	source-typed-exact	v06-family-f59f7b8a15f89a04	synodal:noun:wikt-b4e3cb563142	сѣть	noun	сѣ̑ти	58	noun:locative:singular:inanimate	review:v03:b4e3cb563142	v06-ud-bd8572f43e85b158	v06-target-2ee3ca3ca96cf47a	synodal:candidate:894c9cc7f1897ba6b64c89ef	Eccles.7.27	Jerem.18.22	0	0		Admitted only the exact typed cell. Identity, source morphology, target spelling, and held-out target occurrence remain separate evidence roles; no productive class or unattested cell is implied.
v06-exact-99cf72e812d7cc53	admitted	source-typed-exact	v06-family-4b27648b04f9ba4a	synodal:noun:wikt-f3833c75403b	риза	noun	ри́зѣ	42	noun:locative:singular:inanimate	review:v03:f3833c75403b	v06-ud-1a291cf5c9ee4a82	v06-target-6775816090323f60	synodal:candidate:3fa147d9b4ea6d9db00a6545	Apoc.19.16	Lev.13.57	0	42		Admitted only the exact typed cell. Identity, source morphology, target spelling, and held-out target occurrence remain separate evidence roles; no productive class or unattested cell is implied.
v06-exact-9a892bbd96419712	admitted	source-typed-exact	v06-family-4f4e1752b7d97b0a	synodal:proper-noun:v06-04e20c2d91d51075	іѡаннъ	proper-noun	і҆ѡа́ннъ	124	noun:nominative:singular:animate	review:v06:04e20c2d91d51075	v06-ud-f86bef389fae8147	v06-target-a61a840927f5cc94	synodal:candidate:7c74a90d04b37bfe7571254e	Acts.1.5	Apoc.22.8	124	124		Admitted only the exact typed cell. Identity, source morphology, target spelling, and held-out target occurrence remain separate evidence roles; no productive class or unattested cell is implied.
v06-exact-9b463ad2be256ff1	admitted	source-typed-exact	v06-family-ef8e848ce717ee09	synodal:adjective:wikt-f2a9817d8801	добръ	adjective	добра̀	88	adjective:accusative:plural:neuter:inanimate:short:positive	review:v03:f2a9817d8801	v06-ud-6c9c44ebccff2efb	v06-target-05d4589b849a8361	synodal:candidate:0f08cc3b6ed7647dc0ca6ce1	Amos.5.14	Deut.1.39	88	0		Admitted only the exact typed cell. Identity, source morphology, target spelling, and held-out target occurrence remain separate evidence roles; no productive class or unattested cell is implied.
v06-exact-9b8791998a120dbe	admitted	source-typed-exact	v06-family-bd0dbc6dfbcc1f56	synodal:verb:v06-9c74840d41a83b98	пасти	verb	падѐ	238	past:third:singular	review:v06:9c74840d41a83b98	v06-ud-1795727e7e3e179b	v06-target-161ea78e7e5a21b0	synodal:candidate:9dcce6106a31d6451b8dad99	Acts.1.26	Acts.20.9	238	238		Admitted only the exact typed cell. Identity, source morphology, target spelling, and held-out target occurrence remain separate evidence roles; no productive class or unattested cell is implied.
v06-exact-9bae23a5cc72b118	admitted	source-typed-exact	v06-family-161e081e8c7d7733	synodal:verb:wikt-06af096688df	рещи	verb	рѣ́сте	47	past:third:dual	review:v03:06af096688df	v06-ud-ff4ea627529fbb7e	v06-target-05d4589b849a8361	synodal:candidate:b00eb7c7ce822afc5732fd88	Amos.5.14	I_Kings.10.19	0	47		Admitted only the exact typed cell. Identity, source morphology, target spelling, and held-out target occurrence remain separate evidence roles; no productive class or unattested cell is implied.
v06-exact-9c04b36b4ab5626f	admitted	source-typed-exact	v06-family-cf0089f70310aeca	synodal:noun:slovo	слово	noun	словесѝ	248	noun:dative:singular:inanimate		v06-ud-f76488da80fa1b43	v06-target-5e11f567592b29e8	synodal:candidate:22e8b64c50e1fdbe4336a654	Acts.18.15	Acts.7.29	248	248		Admitted only the exact typed cell. Identity, source morphology, target spelling, and held-out target occurrence remain separate evidence roles; no productive class or unattested cell is implied.
v06-exact-9c299609aa32effb	admitted	source-typed-exact	v06-family-68b293c420890844	synodal:noun:milost	милость	noun	ми́лости	56	noun:nominative:singular:inanimate		v06-ud-c00b1d27a7885582	v06-target-03ce09761ccfc2a9	synodal:candidate:bd83abd74b6c5486085ffdaf	Esther.3.13	III_Esdra.4.24	0	0		Admitted only the exact typed cell. Identity, source morphology, target spelling, and held-out target occurrence remain separate evidence roles; no productive class or unattested cell is implied.
v06-exact-9c5789ec09a38f1f	admitted	source-typed-exact	v06-family-bcbe30a650e3a5bb	synodal:noun:v06-02f6e46669e2730d	свѣтило	noun	свѣти̑ла	41	noun:accusative:plural:inanimate	review:v06:02f6e46669e2730d	v06-ud-95b8fbe42948a8b4	v06-target-0ba4fa9ca80cce38	synodal:candidate:fe7151e921bb0c9033924506	Ex.30.7	Ex.25.37	41	41		Admitted only the exact typed cell. Identity, source morphology, target spelling, and held-out target occurrence remain separate evidence roles; no productive class or unattested cell is implied.
v06-exact-9cb2f89f209d1b7f	admitted	source-typed-exact	v06-family-45da7b32e2d7b52f	synodal:verb:wikt-61a99171906f	творити	verb	творитѐ	157	imperative:second:plural	review:v03:61a99171906f	v06-ud-68d5579916503a91	v06-target-fa212ad58dc9d0c1	synodal:candidate:fb256ac6a99263b2f55856da	Acts.13.46	Col.3.23	157	157		Admitted only the exact typed cell. Identity, source morphology, target spelling, and held-out target occurrence remain separate evidence roles; no productive class or unattested cell is implied.
v06-exact-9cf81f0e85984e3d	admitted	source-typed-exact	v06-family-855c941de953229f	synodal:noun:v06-2e1a405928915529	пагоуба	noun	па́гꙋба	42	noun:nominative:singular:inanimate	review:v06:2e1a405928915529	v06-ud-1c3cae4b477d8d09	v06-target-dabf439ac55d6a00	synodal:candidate:2e52a1f4b16f315dcb84e4eb	Ezek.28.19	Hos.9.6	42	42		Admitted only the exact typed cell. Identity, source morphology, target spelling, and held-out target occurrence remain separate evidence roles; no productive class or unattested cell is implied.
v06-exact-9d78441b31bd2871	admitted	source-typed-exact	v06-family-41d07d5eda4a46ff	synodal:noun:v06-64bd1811dbd024b5	око	noun	ѻ҆́ко	174	noun:accusative:singular:inanimate	review:v06:64bd1811dbd024b5	v06-ud-719aaac375418d01	v06-target-30ba4410682bb566	synodal:candidate:0255e6e4fb6c20bdc4f3c014	Deut.7.16	Apoc.1.7	174	174		Admitted only the exact typed cell. Identity, source morphology, target spelling, and held-out target occurrence remain separate evidence roles; no productive class or unattested cell is implied.
v06-exact-9d840156a6b5f24f	admitted	source-typed-exact	v06-family-3bb42b17aa5fdf21	synodal:pronoun:wikt-abc6b7472112	инъ	pronoun	и҆́на	69	pronoun:nominative:dual:masculine:none:any	review:v03:abc6b7472112	v06-ud-e0f04c242525efa9	v06-target-ffeff56a19d94265	synodal:candidate:010c9691a7e07b667fedf34d	Apoc.20.12	Apoc.18.1	0	69		Admitted only the exact typed cell. Identity, source morphology, target spelling, and held-out target occurrence remain separate evidence roles; no productive class or unattested cell is implied.
v06-exact-9e031a14d5c860db	admitted	source-typed-exact	v06-family-48a9b511be811954	synodal:pronoun:v06-a6e60a3f60e607cb	чьто	pronoun	чесѡ̀	109	pronoun:genitive:singular:neuter:none:any	review:v06:a6e60a3f60e607cb	v06-ud-4a8e1f7933fb18f6	v06-target-d379443f8b21025a	synodal:candidate:a1f3cd586d6e52fc01294e25	Acts.22.30	Acts.19.32	109	109		Admitted only the exact typed cell. Identity, source morphology, target spelling, and held-out target occurrence remain separate evidence roles; no productive class or unattested cell is implied.
v06-exact-9e8adee19f6ec7f5	admitted	source-typed-exact	v06-family-5458e05684cee807	synodal:noun:wikt-ed67a3345df1	господь	noun	го́споди	126	noun:vocative:singular:animate	review:v03:ed67a3345df1	v06-ud-98b79d3dcfad1fcf	v06-target-e1fa64f096ce0842	synodal:candidate:31a1b1d519920a8e902c72e6	Apoc.7.14	Dan.10.16	0	0		Admitted only the exact typed cell. Identity, source morphology, target spelling, and held-out target occurrence remain separate evidence roles; no productive class or unattested cell is implied.
v06-exact-9ef1c3e602af855c	admitted	source-typed-exact	v06-family-8f3f36fcb2e0043f	synodal:verb:wikt-d09b075fa7b0	наслѣдити	verb	наслѣ́дѧтъ	77	future:third:plural	review:v03:d09b075fa7b0	v06-ud-7be20e2d973f5fb8	v06-target-585a99a8d87b1c2e	synodal:candidate:0f08cc3b6ed7647dc0ca6ce1	Deut.3.20	Deut.1.39	77	77		Admitted only the exact typed cell. Identity, source morphology, target spelling, and held-out target occurrence remain separate evidence roles; no productive class or unattested cell is implied.
v06-exact-9f3ebdd561113a20	admitted	source-typed-exact	v06-family-b80a0a5d7655c97e	synodal:adjective:v06-e3bdc69bb0fe41f0	мъногъ	adjective	мно́зѣхъ	40	adjective:genitive:plural:feminine:any:long:positive	review:v06:e3bdc69bb0fe41f0	v06-ud-90f159259aa4b726	v06-target-a61a840927f5cc94	synodal:candidate:cfa74ad770093256dfc5f501	Acts.1.5	Acts.1.3	40	0		Admitted only the exact typed cell. Identity, source morphology, target spelling, and held-out target occurrence remain separate evidence roles; no productive class or unattested cell is implied.
v06-exact-9f8c16f577bb3928	admitted	source-typed-exact	v06-family-c45af3113a3de3c2	synodal:adjective:v06-1a7ee491487fbd39	крѣпъкъ	adjective	крѣ́покъ	86	adjective:accusative:singular:masculine:inanimate:short:positive	review:v06:1a7ee491487fbd39	v06-ud-b3b8c528dd0d539f	v06-target-3fd7740cb790de8b	synodal:candidate:ee8deadaf1c425ab0d8f9894	Apoc.18.8	Amos.2.9	86	0		Admitted only the exact typed cell. Identity, source morphology, target spelling, and held-out target occurrence remain separate evidence roles; no productive class or unattested cell is implied.
v06-exact-9fb21bbd17e91912	admitted	source-typed-exact	v06-family-f59f7b8a15f89a04	synodal:noun:wikt-b4e3cb563142	сѣть	noun	сѣ̑ти	58	noun:genitive:singular:inanimate	review:v03:b4e3cb563142	v06-ud-f6925561b46ddd8b	v06-target-2ee3ca3ca96cf47a	synodal:candidate:894c9cc7f1897ba6b64c89ef	Eccles.7.27	Jerem.18.22	0	0		Admitted only the exact typed cell. Identity, source morphology, target spelling, and held-out target occurrence remain separate evidence roles; no productive class or unattested cell is implied.
v06-exact-a00d34bb9d715a3e	admitted	source-typed-exact	v06-family-d6d3a2accec82604	synodal:noun:wikt-d466404ca999	брань	noun	бра̑ни	46	noun:accusative:plural:inanimate	review:v03:d466404ca999	v06-ud-8dad7420309624c2	v06-target-1c681424f9293e66	synodal:candidate:63e3fefa086aa489b0a95474	Ex.15.3	I_Kings.18.17	46	0		Admitted only the exact typed cell. Identity, source morphology, target spelling, and held-out target occurrence remain separate evidence roles; no productive class or unattested cell is implied.
v06-exact-a0560e0a163cee4a	admitted	source-typed-exact	v06-family-8378597dbb89183f	synodal:pronoun:v06-7cb9fbdd604c5a70	и	pronoun	ни́ма	46	pronoun:dative:dual:masculine:third:any	v06-semantic-pronoun-i	v06-ud-e69faf6a44a952be	v06-target-7cbfd984e40b8f0a	synodal:candidate:a50fc4baf2e458e21a15ea49	Acts.3.8	Acts.14.27	0	0		Admitted only the exact typed cell. Identity, source morphology, target spelling, and held-out target occurrence remain separate evidence roles; no productive class or unattested cell is implied.
v06-exact-a0e55d8e447c664b	admitted	source-typed-exact	v06-family-b80a0a5d7655c97e	synodal:adjective:v06-e3bdc69bb0fe41f0	мъногъ	adjective	мно́га	86	adjective:genitive:singular:masculine:any:short:positive	review:v06:e3bdc69bb0fe41f0	v06-ud-aed9a9397f9eeb8e	v06-target-7c4e882536eb0d74	synodal:candidate:fb40647b02116208cb11898c	Esther.1.1	Apoc.19.1	0	0		Admitted only the exact typed cell. Identity, source morphology, target spelling, and held-out target occurrence remain separate evidence roles; no productive class or unattested cell is implied.
v06-exact-a0ff3e5b43973432	admitted	source-typed-exact	v06-family-2caac33a37adf878	synodal:verb:wikt-332544509d0c	принести	verb	принесѐ	137	past:third:singular	review:v03:332544509d0c	v06-ud-b3cb6ef977389497	v06-target-14adb22d9694a582	synodal:candidate:56181a3ad7f1282100eb2ddd	Acts.4.37	Ex.32.6	0	0		Admitted only the exact typed cell. Identity, source morphology, target spelling, and held-out target occurrence remain separate evidence roles; no productive class or unattested cell is implied.
v06-exact-a1624246e1795dc8	admitted	source-typed-exact	v06-family-ef660917b85781c3	synodal:noun:wikt-f0839864e6c2	рана	noun	ра̑ны	43	noun:accusative:plural:inanimate	review:v03:f0839864e6c2	v06-ud-299d0b8deb6c3506	v06-target-3b02f9413231cf7b	synodal:candidate:bb9b8c1fcdab77b34f0fa2d5	Acts.16.23	Prov.19.29	43	43		Admitted only the exact typed cell. Identity, source morphology, target spelling, and held-out target occurrence remain separate evidence roles; no productive class or unattested cell is implied.
v06-exact-a18cd0c787e1c90d	admitted	source-typed-exact	v06-family-07223248863b5123	synodal:verb:wikt-eb542a45226b	ѡбрѣсти	verb	ѡ҆брѣ́те	205	past:second:singular	review:v03:eb542a45226b	v06-ud-df6dfaad4f9f7141	v06-target-850ac8910a8ff81a	synodal:candidate:370dd2763f9e5e5a2b358fc1	Acts.7.46	Acts.10.27	205	205		Admitted only the exact typed cell. Identity, source morphology, target spelling, and held-out target occurrence remain separate evidence roles; no productive class or unattested cell is implied.
v06-exact-a1aa17d67a7709b1	admitted	source-typed-exact	v06-family-13370df5e120c450	synodal:noun:v06-4b110ac5f2b33849	врата	noun	вратѣ́хъ	132	noun:locative:plural:inanimate	review:v06:4b110ac5f2b33849	v06-ud-c7fb52949ea1ba20	v06-target-a7c3ab48009c1b8f	synodal:candidate:0e992c94684d0d2a6acc2be3	Apoc.21.12	II_Kings.18.4	132	132		Admitted only the exact typed cell. Identity, source morphology, target spelling, and held-out target occurrence remain separate evidence roles; no productive class or unattested cell is implied.
v06-exact-a203c27bd3d8a002	admitted	source-typed-exact	v06-family-161e081e8c7d7733	synodal:verb:wikt-06af096688df	рещи	verb	ре́къ	58	participle:past:active:nominative:singular:masculine:any:short:positive	review:v03:06af096688df	v06-ud-b870b846014259bb	v06-target-bbc0d269e0f5098c	synodal:candidate:4ee71eaabdffff509a1e6d52	Acts.1.9	Acts.7.26	58	58		Admitted only the exact typed cell. Identity, source morphology, target spelling, and held-out target occurrence remain separate evidence roles; no productive class or unattested cell is implied.
v06-exact-a21824776f21f3c2	admitted	source-typed-exact	v06-family-b80a0a5d7655c97e	synodal:adjective:v06-e3bdc69bb0fe41f0	мъногъ	adjective	мно́зѣхъ	40	adjective:genitive:plural:masculine:any:long:positive	review:v06:e3bdc69bb0fe41f0	v06-ud-04f21c7a13bd93e1	v06-target-a61a840927f5cc94	synodal:candidate:cfa74ad770093256dfc5f501	Acts.1.5	Acts.1.3	0	0		Admitted only the exact typed cell. Identity, source morphology, target spelling, and held-out target occurrence remain separate evidence roles; no productive class or unattested cell is implied.
v06-exact-a24204d63ba04643	admitted	source-typed-exact	v06-family-1a7b128995752732	synodal:noun:selo	село	noun	се́ла	107	noun:nominative:plural:inanimate		v06-ud-1dbb2a49c576c0a6	v06-target-8bc90beeedf358fd	synodal:candidate:719f2b0f8ea74f72fe6ae653	Acts.28.7	II_Esdra.4.50	0	0		Admitted only the exact typed cell. Identity, source morphology, target spelling, and held-out target occurrence remain separate evidence roles; no productive class or unattested cell is implied.
v06-exact-a2b837dc2e63f42f	admitted	source-typed-exact	v06-family-fd43e32005f29441	synodal:noun:v06-3fb2ff1e1c3b7ac8	вопль	noun	во́пль	86	noun:nominative:singular:inanimate	review:v06:3fb2ff1e1c3b7ac8	v06-ud-c805a06863d45895	v06-target-910a3eef681c0195	synodal:candidate:ccedbeb2f8da27277061e82c	Deut.26.7	III_Macc.6.21	86	86		Admitted only the exact typed cell. Identity, source morphology, target spelling, and held-out target occurrence remain separate evidence roles; no productive class or unattested cell is implied.
v06-exact-a32a33bbf0e62bc7	admitted	source-typed-exact	v06-family-68b293c420890844	synodal:noun:milost	милость	noun	ми́лости	56	noun:genitive:singular:inanimate		v06-ud-af38d40fe12314f4	v06-target-03ce09761ccfc2a9	synodal:candidate:bd83abd74b6c5486085ffdaf	Esther.3.13	III_Esdra.4.24	0	0		Admitted only the exact typed cell. Identity, source morphology, target spelling, and held-out target occurrence remain separate evidence roles; no productive class or unattested cell is implied.
v06-exact-a3f59efede882de9	admitted	source-typed-exact	v06-family-41d07d5eda4a46ff	synodal:noun:v06-64bd1811dbd024b5	око	noun	ѻ҆чи́ма	470	noun:dative:dual:inanimate	review:v06:64bd1811dbd024b5	v06-ud-fea1215b43f15fd3	v06-target-3abcc259b09bffa8	synodal:candidate:1d5c03ac564ee6fbd291404d	Acts.9.8	Acts.28.27	470	0		Admitted only the exact typed cell. Identity, source morphology, target spelling, and held-out target occurrence remain separate evidence roles; no productive class or unattested cell is implied.
v06-exact-a420445428609c49	admitted	source-typed-exact	v06-family-4d66b78b6f82efd8	synodal:verb:wikt-8e44f6232ff8	ѿити	verb	ѿи́де	309	past:third:singular	review:v03:8e44f6232ff8	v06-ud-599146b41a4fc948	v06-target-f266ea248d91c74b	synodal:candidate:b60b5c63285407243a007057	Acts.10.7	Composite.8.5	309	309		Admitted only the exact typed cell. Identity, source morphology, target spelling, and held-out target occurrence remain separate evidence roles; no productive class or unattested cell is implied.
v06-exact-a463543470d74768	admitted	source-typed-exact	v06-family-41f98d2fcef64207	synodal:adjective:wikt-a9cef2fd54e7	благъ	adjective	благо́е	60	adjective:accusative:singular:neuter:inanimate:long:positive	review:v03:a9cef2fd54e7	v06-ud-546cb0511ca6083e	v06-target-eb134d091bbf7ae1	synodal:candidate:4fe074ac70843bb11e1b3694	Deut.6.18	III_Esdra.3.22	60	60		Admitted only the exact typed cell. Identity, source morphology, target spelling, and held-out target occurrence remain separate evidence roles; no productive class or unattested cell is implied.
v06-exact-a4eddf849253f7e9	admitted	source-typed-exact	v06-family-161e081e8c7d7733	synodal:verb:wikt-06af096688df	рещи	verb	рѣ́сте	47	past:second:plural	review:v03:06af096688df	v06-ud-04dbf25e7bfcfee2	v06-target-05d4589b849a8361	synodal:candidate:b00eb7c7ce822afc5732fd88	Amos.5.14	I_Kings.10.19	47	0		Admitted only the exact typed cell. Identity, source morphology, target spelling, and held-out target occurrence remain separate evidence roles; no productive class or unattested cell is implied.
v06-exact-a52b4e1dc0f77849	admitted	source-typed-exact	v06-family-ac768fc820943b86	synodal:noun:rab	рабъ	noun	ра́бъ	429	noun:accusative:singular:animate		v06-ud-4fc8d5ea622be92c	v06-target-1506941022406563	synodal:candidate:457ba40fdfda432481bd40ea	Apoc.6.15	Deut.16.14	429	0		Admitted only the exact typed cell. Identity, source morphology, target spelling, and held-out target occurrence remain separate evidence roles; no productive class or unattested cell is implied.
v06-exact-a6630a325979fdce	admitted	source-typed-exact	v06-family-6290441594f57755	synodal:noun:v06-6f6cb44e5f184035	помощь	noun	По́мощь	137	noun:accusative:singular:inanimate	review:v06:6f6cb44e5f184035	v06-ud-ab155c7abb79f38b	v06-target-f65e2050bb76f6c0	synodal:candidate:44852bf54a92157c4f7ea57c	Acts.26.22	Psalm.120.2	137	0		Admitted only the exact typed cell. Identity, source morphology, target spelling, and held-out target occurrence remain separate evidence roles; no productive class or unattested cell is implied.
v06-exact-a67312c5560c8a8d	admitted	source-typed-exact	v06-family-ad989dccf444012f	synodal:verb:v06-8b9d05677b0275a2	заклати	verb	закла̀	51	past:second:singular	review:v06:8b9d05677b0275a2	v06-ud-c3e2de56ded4415d	v06-target-105ef5b5ee6e3ed7	synodal:candidate:2504c99f036bd40fdd1e109b	Composite.5.3	III_Kings.18.40	51	0		Admitted only the exact typed cell. Identity, source morphology, target spelling, and held-out target occurrence remain separate evidence roles; no productive class or unattested cell is implied.
v06-exact-a6f75ecf9d155583	admitted	source-typed-exact	v06-family-c57d9a901b55f999	synodal:adjective:wikt-804d9a9cde41	живъ	adjective	жива̀	54	adjective:nominative:plural:neuter:any:short:positive	review:v03:804d9a9cde41	v06-ud-61fc933f656e6c68	v06-target-e88d47d6b75db50f	synodal:candidate:8f59b2cac93a1bf456845594	Apoc.16.3	Deut.5.26	0	0		Admitted only the exact typed cell. Identity, source morphology, target spelling, and held-out target occurrence remain separate evidence roles; no productive class or unattested cell is implied.
v06-exact-a735ed85defab22e	admitted	source-typed-exact	v06-family-c2b855554e6c28c2	synodal:numeral:wikt-58a4f8eb4197	шесть	numeral	шестѝ	61	numeral:cardinal:locative:singular:feminine:any	review:v03:58a4f8eb4197	v06-ud-327302c628ea270e	v06-target-1803066ab640b10e	synodal:candidate:33a4a80946e3e4eb120ff47a	Dan.3.1	Ex.25.35	0	61		Admitted only the exact typed cell. Identity, source morphology, target spelling, and held-out target occurrence remain separate evidence roles; no productive class or unattested cell is implied.
v06-exact-a7701681bba17e69	admitted	source-typed-exact	v06-family-1c2c7f0a8124e4c2	synodal:noun:v06-7b1e864dda89753f	отрѡкъ	noun	ѻ҆́трока	56	noun:genitive:singular:animate	review:v06:7b1e864dda89753f	v06-ud-dbcff19e13639586	v06-target-56c2e7683773e57a	synodal:candidate:9f06a78951ad21574f0f94eb	Acts.3.13	Acts.4.25	56	56		Admitted only the exact typed cell. Identity, source morphology, target spelling, and held-out target occurrence remain separate evidence roles; no productive class or unattested cell is implied.
v06-exact-a7dd128814bdcffb	admitted	source-typed-exact	v06-family-8b11aa406fd78a8f	synodal:numeral:wikt-bc270882d39d	десѧть	numeral	десѧтѝ	94	numeral:cardinal:dative:singular:masculine:any	review:v03:bc270882d39d	v06-ud-e659c3f9894a1c6d	v06-target-5a2867947bbcf08a	synodal:candidate:eb30d106caf3547df2b45987	Acts.25.6	Dan.1.12	0	0		Admitted only the exact typed cell. Identity, source morphology, target spelling, and held-out target occurrence remain separate evidence roles; no productive class or unattested cell is implied.
v06-exact-a9008dc6d0dc080c	admitted	source-typed-exact	v06-family-4ba4ee2693367d56	synodal:noun:wikt-5e7decaf3d4a	стадо	noun	ста́да	94	noun:genitive:singular:inanimate	review:v03:5e7decaf3d4a	v06-ud-2c902b04107b7c66	v06-target-39bfb803efc80d4c	synodal:candidate:c97ebf8c3fbedd25cc45054f	Acts.20.29	Zech.13.7	94	94		Admitted only the exact typed cell. Identity, source morphology, target spelling, and held-out target occurrence remain separate evidence roles; no productive class or unattested cell is implied.
v06-exact-a90626482d76315b	admitted	source-typed-exact	v06-family-d40480323b8991a0	synodal:noun:wikt-7edbe8aea3ab	страхъ	noun	стра́сѣ	48	noun:locative:singular:inanimate	review:v03:7edbe8aea3ab	v06-ud-81ed8549d86009f4	v06-target-a107e3c2ac940b2a	synodal:candidate:bd83abd74b6c5486085ffdaf	Acts.9.31	III_Esdra.4.24	0	0		Admitted only the exact typed cell. Identity, source morphology, target spelling, and held-out target occurrence remain separate evidence roles; no productive class or unattested cell is implied.
v06-exact-a914512ebc448bb5	admitted	source-typed-exact	v06-family-8378597dbb89183f	synodal:pronoun:v06-7cb9fbdd604c5a70	и	pronoun	ни́ма	46	pronoun:instrumental:dual:masculine:third:any	v06-semantic-pronoun-i	v06-ud-1e4ca4783c1b01b0	v06-target-7cbfd984e40b8f0a	synodal:candidate:a50fc4baf2e458e21a15ea49	Acts.3.8	Acts.14.27	0	0		Admitted only the exact typed cell. Identity, source morphology, target spelling, and held-out target occurrence remain separate evidence roles; no productive class or unattested cell is implied.
v06-exact-a9355c2daae719d5	admitted	source-typed-exact	v06-family-cf0089f70310aeca	synodal:noun:slovo	слово	noun	словесѝ	248	noun:genitive:singular:inanimate		v06-ud-5a6bbfa56ef03f2e	v06-target-5e11f567592b29e8	synodal:candidate:22e8b64c50e1fdbe4336a654	Acts.18.15	Acts.7.29	0	0		Admitted only the exact typed cell. Identity, source morphology, target spelling, and held-out target occurrence remain separate evidence roles; no productive class or unattested cell is implied.
v06-exact-a98084122f74f18c	admitted	source-typed-exact	v06-family-ac24451e083a7989	synodal:verb:wikt-78da2d05497d	видѣти	verb	ви́дѣхомъ	71	past:first:plural	review:v03:78da2d05497d	v06-ud-281d5ac6f18ed724	v06-target-9dcdefdd129b3028	synodal:candidate:19dc02f5e677e0d075fdcbe0	Acts.4.20	Mt.25.38	71	71		Admitted only the exact typed cell. Identity, source morphology, target spelling, and held-out target occurrence remain separate evidence roles; no productive class or unattested cell is implied.
v06-exact-aa505a3d1a5ffc76	admitted	source-typed-exact	v06-family-b25e9c7813b24437	synodal:noun:wikt-fd691ce3ca48	гора	noun	гора́мъ	44	noun:dative:plural:inanimate	review:v03:fd691ce3ca48	v06-ud-f9a03e38bb684168	v06-target-bad78ee173f8f5b6	synodal:candidate:89349df665f2497dceda94ae	Deut.8.7	Apoc.6.16	44	44		Admitted only the exact typed cell. Identity, source morphology, target spelling, and held-out target occurrence remain separate evidence roles; no productive class or unattested cell is implied.
v06-exact-ab5b1965c9ce1bd5	admitted	source-typed-exact	v06-family-af070da9e711f5a8	synodal:verb:wikt-889207ff8e35	благословити	verb	благословѝ	93	past:third:singular	review:v03:889207ff8e35	v06-ud-d8f17a3b96574a7d	v06-target-d78cd0291e53ecd7	synodal:candidate:25647abfad7fa6a4cfd48c08	Dan.2.19	Gen.14.19	0	0		Admitted only the exact typed cell. Identity, source morphology, target spelling, and held-out target occurrence remain separate evidence roles; no productive class or unattested cell is implied.
v06-exact-abc6eb7cd3bbe6aa	admitted	source-typed-exact	v06-family-e7a7aed744fe4143	synodal:verb:wikt-4ddd824b8609	показати	verb	показа̀	110	past:third:singular	review:v03:4ddd824b8609	v06-ud-cc5427935a3e0ad1	v06-target-c60b116522bde763	synodal:candidate:e3186dc6089c66cff0888a48	Acts.10.28	Gen.41.28	110	110		Admitted only the exact typed cell. Identity, source morphology, target spelling, and held-out target occurrence remain separate evidence roles; no productive class or unattested cell is implied.
v06-exact-ac44f9642d4810bf	admitted	source-typed-exact	v06-family-1f381093b182e149	synodal:noun:v06-2bad9587e8b70547	дождь	noun	до́ждь	116	noun:accusative:singular:inanimate	review:v06:2bad9587e8b70547	v06-ud-84ee53e1565fa899	v06-target-12e51b20d800054d	synodal:candidate:ea71b7f62b64610da76a7804	Acts.28.2	Dan.3.64	116	116		Admitted only the exact typed cell. Identity, source morphology, target spelling, and held-out target occurrence remain separate evidence roles; no productive class or unattested cell is implied.
v06-exact-ac60bb9ee556f2f1	admitted	source-typed-exact	v06-family-41d07d5eda4a46ff	synodal:noun:v06-64bd1811dbd024b5	око	noun	ѻ҆́чи	579	noun:accusative:dual:inanimate	review:v06:64bd1811dbd024b5	v06-ud-2b8ee8657fed5049	v06-target-a4d19be5ee72ba00	synodal:candidate:1d5c03ac564ee6fbd291404d	Acts.9.40	Acts.28.27	579	579		Admitted only the exact typed cell. Identity, source morphology, target spelling, and held-out target occurrence remain separate evidence roles; no productive class or unattested cell is implied.
v06-exact-ad5ae286900857cf	admitted	source-typed-exact	v06-family-ef8e848ce717ee09	synodal:adjective:wikt-f2a9817d8801	добръ	adjective	до́брое	82	adjective:accusative:singular:neuter:inanimate:long:positive	review:v03:f2a9817d8801	v06-ud-559d0ca7ea56b8a6	v06-target-2e5330bc3f85243b	synodal:candidate:8dbec9d5f9c160fee6b4046d	Acts.27.8	Deut.21.9	82	0		Admitted only the exact typed cell. Identity, source morphology, target spelling, and held-out target occurrence remain separate evidence roles; no productive class or unattested cell is implied.
v06-exact-ad906a8f46e1fee3	admitted	source-typed-exact	v06-family-07223248863b5123	synodal:verb:wikt-eb542a45226b	ѡбрѣсти	verb	ѡ҆брѧ́щете	42	future:second:singular	review:v03:eb542a45226b	v06-ud-20635a2f91bce298	v06-target-c46c88d2f5eb43d0	synodal:candidate:563481cd7547c1531ecd3869	Deut.4.29	Ex.5.11	0	0		Admitted only the exact typed cell. Identity, source morphology, target spelling, and held-out target occurrence remain separate evidence roles; no productive class or unattested cell is implied.
v06-exact-ae50c80f41a48b20	admitted	source-typed-exact	v06-family-006271eb9d69f4be	synodal:noun:dar	даръ	noun	дарѡ́въ	42	noun:genitive:plural:inanimate		v06-ud-f2ee2d3c2a63a750	v06-target-304f68b647c17ee0	synodal:candidate:1bae24403efa4607ca21ae0b	Deut.16.19	Ezek.20.31	42	42		Admitted only the exact typed cell. Identity, source morphology, target spelling, and held-out target occurrence remain separate evidence roles; no productive class or unattested cell is implied.
v06-exact-ae86b4dbfe590898	admitted	source-typed-exact	v06-family-8f2d5bca8894110f	synodal:verb:wikt-e0c91b5eb837	ѡставити	verb	ѡ҆ста́ви	308	past:second:singular	review:v03:e0c91b5eb837	v06-ud-ebf2d167f7b18456	v06-target-c22cbe6b33da70a4	synodal:candidate:cfd4c81d1443fa9d1b73d42e	Acts.14.17	Ex.10.5	0	0		Admitted only the exact typed cell. Identity, source morphology, target spelling, and held-out target occurrence remain separate evidence roles; no productive class or unattested cell is implied.
v06-exact-aeecd5e397084611	admitted	source-typed-exact	v06-family-6299df61d679a844	synodal:verb:v06-8673185ecc70a12e	прїѧти	verb	прїимѝ	70	imperative:second:singular	review:v06:8673185ecc70a12e	v06-ud-f16d3abfb472f7de	v06-target-ea956544ff22ad03	synodal:candidate:2bda3d0eae6fe6a7fe10ce3b	Apoc.10.8	Ezek.16.52	70	70		Admitted only the exact typed cell. Identity, source morphology, target spelling, and held-out target occurrence remain separate evidence roles; no productive class or unattested cell is implied.
v06-exact-af814d556f316d17	admitted	source-typed-exact	v06-family-14960f7326ef8f40	synodal:noun:v06-673b2df93b4f89a8	знаменїе	noun	зна́менїе	240	noun:nominative:singular:inanimate	review:v06:673b2df93b4f89a8	v06-ud-b88f3d52686556fc	v06-target-dbaa6c5d53e1f98a	synodal:candidate:6cd39c4de0dea847f0081dac	Acts.4.16	Apoc.12.3	0	0		Admitted only the exact typed cell. Identity, source morphology, target spelling, and held-out target occurrence remain separate evidence roles; no productive class or unattested cell is implied.
v06-exact-af9553144d42df99	admitted	source-typed-exact	v06-family-9b079522ef514db2	synodal:verb:dati	дати	verb	дана̀	101	participle:past:passive:nominative:singular:feminine:any:short:positive		v06-ud-50b7c18851b602de	v06-target-6b573ec1d52e7b9c	synodal:candidate:ebabc4b18b1640c34a9cf5f0	Apoc.6.8	Apoc.9.10	101	101		Admitted only the exact typed cell. Identity, source morphology, target spelling, and held-out target occurrence remain separate evidence roles; no productive class or unattested cell is implied.
v06-exact-b02ee3cd4fc24507	admitted	source-typed-exact	v06-family-86360391c48fd87c	synodal:verb:wikt-baa1f561a7e4	привести	verb	приведѐ	116	past:second:singular	review:v03:baa1f561a7e4	v06-ud-9475e44ff0dbdf52	v06-target-197eaf7aa8fb6480	synodal:candidate:e4cce549d7c41ffa71c4f210	Acts.5.26	Ezek.31.4	116	116		Admitted only the exact typed cell. Identity, source morphology, target spelling, and held-out target occurrence remain separate evidence roles; no productive class or unattested cell is implied.
v06-exact-b058ee586f2816e8	admitted	source-typed-exact	v06-family-6afd5836abd2d2e9	synodal:noun:wikt-34a97d0572e7	болѣзнь	noun	бѡлѣ́зни	76	noun:genitive:singular:inanimate	review:v03:34a97d0572e7	v06-ud-a651b65c525d7ec5	v06-target-c271a238dead0876	synodal:candidate:7ccfabf5a97a618ef95686b7	Acts.2.24	Ex.15.14	0	0		Admitted only the exact typed cell. Identity, source morphology, target spelling, and held-out target occurrence remain separate evidence roles; no productive class or unattested cell is implied.
v06-exact-b16fef867bc87432	admitted	source-typed-exact	v06-family-de4747c8da3366ca	synodal:verb:wikt-076d1c8a0add	поставити	verb	поста́ви	517	imperative:second:singular	review:v03:076d1c8a0add	v06-ud-974fc9524d9cf59b	v06-target-7aab56d81316997f	synodal:candidate:cfa74ad770093256dfc5f501	Acts.7.10	Acts.1.3	517	517		Admitted only the exact typed cell. Identity, source morphology, target spelling, and held-out target occurrence remain separate evidence roles; no productive class or unattested cell is implied.
v06-exact-b191ec001cfaa318	admitted	source-typed-exact	v06-family-4bcbea889f337c48	synodal:noun:brother	братъ	noun	бра́тꙋ	176	noun:dative:singular:animate	review:v06:noun:brother	v06-ud-51d20cc42af63602	v06-target-fd86dba8cbd780dd	synodal:candidate:499fced737f17ac9c9a28acd	Deut.15.3	Deut.22.1	176	176		Admitted only the exact typed cell. Identity, source morphology, target spelling, and held-out target occurrence remain separate evidence roles; no productive class or unattested cell is implied.
v06-exact-b2575823214c614e	admitted	source-typed-exact	v06-family-6a0c6dfd58cbd82d	synodal:noun:wikt-d65c6ae81047	радость	noun	ра́дости	75	noun:genitive:singular:inanimate	review:v03:d65c6ae81047	v06-ud-5289b276433d7ce9	v06-target-107f1de126650b9b	synodal:candidate:48dd51ee615e2188c9680c90	Acts.2.46	Acts.12.14	0	0		Admitted only the exact typed cell. Identity, source morphology, target spelling, and held-out target occurrence remain separate evidence roles; no productive class or unattested cell is implied.
v06-exact-b2d7e34d8ce29141	admitted	source-typed-exact	v06-family-8897d4e2e9679e01	synodal:proper-noun:v06-1fc14fc46faec861	Илиꙗ	proper-noun	и҆лїѝ	55	noun:dative:singular:animate	review:v06:1fc14fc46faec861	v06-ud-438ae747dc348a35	v06-target-89aee7953522f734	synodal:candidate:40af0810a67edcc8b35870c0	Composite.5.1	III_Kings.18.1	55	55		Admitted only the exact typed cell. Identity, source morphology, target spelling, and held-out target occurrence remain separate evidence roles; no productive class or unattested cell is implied.
v06-exact-b3691cc3c4cf3693	admitted	source-typed-exact	v06-family-cb5b14455c72f106	synodal:noun:wikt-c2cc5dd81830	рать	noun	ра́ти	48	noun:dative:singular:animate	review:v03:c2cc5dd81830	v06-ud-6cffbd59c59df0af	v06-target-88e917e8a9f88e31	synodal:candidate:9d4de82d12c41ce83103558f	Dan.11.20	Amos.1.14	48	0		Admitted only the exact typed cell. Identity, source morphology, target spelling, and held-out target occurrence remain separate evidence roles; no productive class or unattested cell is implied.
v06-exact-b377403d8e2bb97b	admitted	source-typed-exact	v06-family-6d6483d1f0848784	synodal:verb:v06-e893231169afc767	сънити	verb	Сни́де	226	past:third:singular	review:v06:e893231169afc767	v06-ud-bdc2334a22ca1888	v06-target-b36d07679678ea62	synodal:candidate:1388dfa9fc393e36873b955b	Ex.2.5	Acts.7.15	226	226		Admitted only the exact typed cell. Identity, source morphology, target spelling, and held-out target occurrence remain separate evidence roles; no productive class or unattested cell is implied.
v06-exact-b38c4adebd422c28	admitted	source-typed-exact	v06-family-1f381093b182e149	synodal:noun:v06-2bad9587e8b70547	дождь	noun	до́ждь	116	noun:nominative:singular:inanimate	review:v06:2bad9587e8b70547	v06-ud-98d7cd4b4e2526e5	v06-target-12e51b20d800054d	synodal:candidate:ea71b7f62b64610da76a7804	Acts.28.2	Dan.3.64	0	0		Admitted only the exact typed cell. Identity, source morphology, target spelling, and held-out target occurrence remain separate evidence roles; no productive class or unattested cell is implied.
v06-exact-b3d2177cd9302fe4	admitted	source-typed-exact	v06-family-6c6404e0594aca17	synodal:noun:wikt-bcfe43fd2077	лице	noun	ли́ца	113	noun:accusative:plural:animate	review:v03:bcfe43fd2077	v06-ud-c8b567059f391d6c	v06-target-682ccd1bcde928e0	synodal:candidate:0d4ed8db3470bb3ad12f9697	Apoc.9.7	Epistle.1.12	113	0		Admitted only the exact typed cell. Identity, source morphology, target spelling, and held-out target occurrence remain separate evidence roles; no productive class or unattested cell is implied.
v06-exact-b511bf1dfa4e280d	admitted	source-typed-exact	v06-family-cf0089f70310aeca	synodal:noun:slovo	слово	noun	словесѝ	248	noun:locative:plural:inanimate		v06-ud-fc96f5cd04a0768b	v06-target-5e11f567592b29e8	synodal:candidate:22e8b64c50e1fdbe4336a654	Acts.18.15	Acts.7.29	0	0		Admitted only the exact typed cell. Identity, source morphology, target spelling, and held-out target occurrence remain separate evidence roles; no productive class or unattested cell is implied.
v06-exact-babf01d232340200	admitted	source-typed-exact	v06-family-30f1c0ca194143b7	synodal:verb:v06-c8b75d2f425c16e5	мощи	verb	мо́жеши	63	present:second:singular	review:v06:c8b75d2f425c16e5	v06-ud-44f9edc6e0fac277	v06-target-2a4cad219dc51d0c	synodal:candidate:dc5d9014743978cabaf83d77	Apoc.2.2	I_Cor.7.21	63	63		Admitted only the exact typed cell. Identity, source morphology, target spelling, and held-out target occurrence remain separate evidence roles; no productive class or unattested cell is implied.
v06-exact-bb5e51d45b2d38e6	admitted	source-typed-exact	v06-family-8378597dbb89183f	synodal:pronoun:v06-7cb9fbdd604c5a70	и	pronoun	нею̀	157	pronoun:genitive:dual:feminine:third:any	v06-semantic-pronoun-i	v06-ud-1bc64d708c141e41	v06-target-68049b009e711292	synodal:candidate:e8304c7fac776d717e546420	Acts.14.19	Acts.3.5	157	0		Admitted only the exact typed cell. Identity, source morphology, target spelling, and held-out target occurrence remain separate evidence roles; no productive class or unattested cell is implied.
v06-exact-bb6200e56a0010a6	admitted	source-typed-exact	v06-family-42ac81eeda99bf1b	synodal:verb:wikt-8a084860d2ef	вѣдѣти	verb	вѣ́сте	187	present:second:plural	review:v03:8a084860d2ef	v06-ud-6220f9c9d02f3048	v06-target-c60b116522bde763	synodal:candidate:2e564ffad93c2b90326f9c9c	Acts.10.28	Acts.2.22	187	187		Admitted only the exact typed cell. Identity, source morphology, target spelling, and held-out target occurrence remain separate evidence roles; no productive class or unattested cell is implied.
v06-exact-bc483ab9d81d2bf3	admitted	source-typed-exact	v06-family-2408f445ee4fcf5b	synodal:verb:v06-18c9a96e1e8b816e	даꙗти	verb	дае́тъ	154	present:third:singular	review:v06:18c9a96e1e8b816e	v06-ud-d07c1024ad446f75	v06-target-4ae11447bf47ff78	synodal:candidate:51e12480a18be40c575b079d	Deut.1.20	Deut.12.9	154	154		Admitted only the exact typed cell. Identity, source morphology, target spelling, and held-out target occurrence remain separate evidence roles; no productive class or unattested cell is implied.
v06-exact-bcf2f4ee7d407408	admitted	source-typed-exact	v06-family-57165196f09fe333	synodal:verb:wikt-3966a05e1c74	сѣсти	verb	сѣ́де	141	past:third:singular	review:v03:3966a05e1c74	v06-ud-2eb6c9d705177035	v06-target-a20a75235a0ae5f2	synodal:candidate:2564d3274ad3658bf25da648	Acts.2.3	Gen.21.16	141	141		Admitted only the exact typed cell. Identity, source morphology, target spelling, and held-out target occurrence remain separate evidence roles; no productive class or unattested cell is implied.
v06-exact-bd2bdc8928b35643	admitted	source-typed-exact	v06-family-ac768fc820943b86	synodal:noun:rab	рабъ	noun	ра́бъ	429	noun:genitive:plural:animate		v06-ud-651c0665c24b9676	v06-target-1506941022406563	synodal:candidate:457ba40fdfda432481bd40ea	Apoc.6.15	Deut.16.14	0	0		Admitted only the exact typed cell. Identity, source morphology, target spelling, and held-out target occurrence remain separate evidence roles; no productive class or unattested cell is implied.
v06-exact-bd469ab8bd4cf924	admitted	source-typed-exact	v06-family-4a0b3c98de271bb1	synodal:verb:wikt-b132885ebd57	дѣлати	verb	дѣ́ла	128	past:third:singular	review:v03:b132885ebd57	v06-ud-a03fef7192737cee	v06-target-f8feaf3134a944ff	synodal:candidate:7b49f9eaa20d94d3f5610885	Amos.3.7	Ex.12.16	0	0		Admitted only the exact typed cell. Identity, source morphology, target spelling, and held-out target occurrence remain separate evidence roles; no productive class or unattested cell is implied.
v06-exact-bd698d222e5b2376	admitted	source-typed-exact	v06-family-7f82a17c24a796dc	synodal:noun:wikt-623810a5090c	власть	noun	вла́сти	96	noun:locative:singular:inanimate	review:v03:623810a5090c	v06-ud-40e8d30c34ca5552	v06-target-eeaea88bd7a7e73f	synodal:candidate:3c14183152759adc97e0f09c	Acts.1.7	Dan.11.4	0	0		Admitted only the exact typed cell. Identity, source morphology, target spelling, and held-out target occurrence remain separate evidence roles; no productive class or unattested cell is implied.
v06-exact-bd6a268bf980848c	admitted	source-typed-exact	v06-family-be135ea15d3a5d74	synodal:noun:wikt-512a2b47758d	колѣно	noun	колѣ́на	143	noun:accusative:plural:inanimate	review:v03:512a2b47758d	v06-ud-c5418932b116d422	v06-target-20872910a8bfa3f0	synodal:candidate:0255e6e4fb6c20bdc4f3c014	Acts.13.21	Apoc.1.7	143	0		Admitted only the exact typed cell. Identity, source morphology, target spelling, and held-out target occurrence remain separate evidence roles; no productive class or unattested cell is implied.
v06-exact-bd74c9e10668441f	admitted	source-typed-exact	v06-family-41d07d5eda4a46ff	synodal:noun:v06-64bd1811dbd024b5	око	noun	ѻ҆́чи	579	noun:nominative:dual:inanimate	review:v06:64bd1811dbd024b5	v06-ud-2d711ce7944a782f	v06-target-a4d19be5ee72ba00	synodal:candidate:1d5c03ac564ee6fbd291404d	Acts.9.40	Acts.28.27	0	0		Admitted only the exact typed cell. Identity, source morphology, target spelling, and held-out target occurrence remain separate evidence roles; no productive class or unattested cell is implied.
v06-exact-bd890442fd081d9c	admitted	source-typed-exact	v06-family-56d008b352afb789	synodal:verb:wikt-77c5af0d1191	ити	verb	и҆дѝ	343	imperative:third:singular	review:v03:77c5af0d1191	v06-ud-df19cbc653638c76	v06-target-880049d913943b72	synodal:candidate:d832c6c7a92ac64b644e5984	Acts.9.15	Acts.8.26	0	0		Admitted only the exact typed cell. Identity, source morphology, target spelling, and held-out target occurrence remain separate evidence roles; no productive class or unattested cell is implied.
v06-exact-bdbed1b0bad62e1f	admitted	source-typed-exact	v06-family-3bb42b17aa5fdf21	synodal:pronoun:wikt-abc6b7472112	инъ	pronoun	и҆́на	69	pronoun:accusative:plural:neuter:none:inanimate	review:v03:abc6b7472112	v06-ud-41e77901d67cae87	v06-target-ffeff56a19d94265	synodal:candidate:010c9691a7e07b667fedf34d	Apoc.20.12	Apoc.18.1	69	0		Admitted only the exact typed cell. Identity, source morphology, target spelling, and held-out target occurrence remain separate evidence roles; no productive class or unattested cell is implied.
v06-exact-be521bdc63a1ab35	admitted	source-typed-exact	v06-family-787893a8604e0d40	synodal:noun:grad	градъ	noun	градѡ́мъ	44	noun:dative:plural:inanimate		v06-ud-42363f961305b1d4	v06-target-a945a8acf442572b	synodal:candidate:45ce4516db6710b4e5bc9937	Acts.8.40	Acts.15.21	44	0		Admitted only the exact typed cell. Identity, source morphology, target spelling, and held-out target occurrence remain separate evidence roles; no productive class or unattested cell is implied.
v06-exact-be8949409050cbf9	admitted	source-typed-exact	v06-family-8378597dbb89183f	synodal:pronoun:v06-7cb9fbdd604c5a70	и	pronoun	нею̀	157	pronoun:locative:dual:masculine:third:any	v06-semantic-pronoun-i	v06-ud-d0338ef56041a95c	v06-target-68049b009e711292	synodal:candidate:e8304c7fac776d717e546420	Acts.14.19	Acts.3.5	0	0		Admitted only the exact typed cell. Identity, source morphology, target spelling, and held-out target occurrence remain separate evidence roles; no productive class or unattested cell is implied.
v06-exact-be991fd953ba3e3c	admitted	source-typed-exact	v06-family-cb218be96c6232c8	synodal:verb:v06-36fe0fb38aa5b01f	постигнѫти	verb	пости́гнетъ	52	future:third:singular	review:v06:36fe0fb38aa5b01f	v06-ud-90416afac8558a07	v06-target-b530d1650fb1a628	synodal:candidate:916d500df57fca3371476394	Deut.19.6	Amos.9.13	52	52		Admitted only the exact typed cell. Identity, source morphology, target spelling, and held-out target occurrence remain separate evidence roles; no productive class or unattested cell is implied.
v06-exact-bf3fd828b014ae6e	admitted	source-typed-exact	v06-family-109f67f6dbbb9010	synodal:verb:wikt-7b0a71feaffb	просити	verb	просѝ	52	imperative:second:singular	review:v03:7b0a71feaffb	v06-ud-0d75fa8b733f6661	v06-target-9221d2549896087d	synodal:candidate:92d2218d6c4e583fa10fff60	Composite.5.8	III_Kings.3.5	52	52		Admitted only the exact typed cell. Identity, source morphology, target spelling, and held-out target occurrence remain separate evidence roles; no productive class or unattested cell is implied.
v06-exact-bf5870095138d54d	admitted	source-typed-exact	v06-family-328eba96d311ea76	synodal:verb:v06-a6fdc71e0c673600	стоꙗти	verb	стои́тъ	44	present:third:singular	review:v06:a6fdc71e0c673600	v06-ud-73bae7fe9fe37892	v06-target-44b56097ec896a40	synodal:candidate:4fdab6fb383f19ce2ec29b15	Acts.4.10	Deut.1.38	44	44		Admitted only the exact typed cell. Identity, source morphology, target spelling, and held-out target occurrence remain separate evidence roles; no productive class or unattested cell is implied.
v06-exact-bf714eba49837677	admitted	source-typed-exact	v06-family-8f2d5bca8894110f	synodal:verb:wikt-e0c91b5eb837	ѡставити	verb	ѡ҆ста́ви	308	imperative:second:singular	review:v03:e0c91b5eb837	v06-ud-84624d081288a82d	v06-target-c22cbe6b33da70a4	synodal:candidate:cfd4c81d1443fa9d1b73d42e	Acts.14.17	Ex.10.5	308	0		Admitted only the exact typed cell. Identity, source morphology, target spelling, and held-out target occurrence remain separate evidence roles; no productive class or unattested cell is implied.
v06-exact-c034646949765dde	admitted	source-typed-exact	v06-family-b35c97719dca9220	synodal:noun:wikt-9d7335013020	старость	noun	ста́рости	67	noun:locative:singular:inanimate	review:v03:9d7335013020	v06-ud-dffc4e5cb2f7c09b	v06-target-41057360e9d9dd12	synodal:candidate:5cc72d4a5d3755d27489886a	Composite.1.10	Gen.37.3	0	0		Admitted only the exact typed cell. Identity, source morphology, target spelling, and held-out target occurrence remain separate evidence roles; no productive class or unattested cell is implied.
v06-exact-c0c0786911ef73e5	admitted	source-typed-exact	v06-family-45da7b32e2d7b52f	synodal:verb:wikt-61a99171906f	творити	verb	твори́те	88	present:second:plural	review:v03:61a99171906f	v06-ud-d49c21979b55d899	v06-target-b9e66e433fd5585e	synodal:candidate:d8a62f0ff383477bd5ea8cf0	Acts.15.29	Hagg.2.5	0	88		Admitted only the exact typed cell. Identity, source morphology, target spelling, and held-out target occurrence remain separate evidence roles; no productive class or unattested cell is implied.
v06-exact-c123b072b6cbc74e	admitted	source-typed-exact	v06-family-6afd5836abd2d2e9	synodal:noun:wikt-34a97d0572e7	болѣзнь	noun	бѡлѣ́зни	76	noun:accusative:plural:inanimate	review:v03:34a97d0572e7	v06-ud-894b49fa8dd0d639	v06-target-c271a238dead0876	synodal:candidate:7ccfabf5a97a618ef95686b7	Acts.2.24	Ex.15.14	76	0		Admitted only the exact typed cell. Identity, source morphology, target spelling, and held-out target occurrence remain separate evidence roles; no productive class or unattested cell is implied.
v06-exact-c162d83c41028da4	admitted	source-typed-exact	v06-family-334e6fd735fcb55b	synodal:noun:wikt-68c10fac7a67	вѣтръ	noun	вѣ́тромъ	48	noun:instrumental:singular:inanimate	review:v03:68c10fac7a67	v06-ud-f578559609c25841	v06-target-c341abf312cd8891	synodal:candidate:c30be15feca37999af6fd6d2	Eph.4.14	Deut.28.22	0	48		Admitted only the exact typed cell. Identity, source morphology, target spelling, and held-out target occurrence remain separate evidence roles; no productive class or unattested cell is implied.
v06-exact-c25fdc8106713886	admitted	source-typed-exact	v06-family-8c2b85aae7677e62	synodal:adjective:wikt-c50de9a2243e	малъ	adjective	ма́ла	95	adjective:genitive:singular:neuter:any:short:positive	review:v03:c50de9a2243e	v06-ud-6d069174cfa93c6d	v06-target-1bd143053c68144f	synodal:candidate:0dabd95fe60669e5177eeb1e	Acts.8.10	Acts.12.18	0	0		Admitted only the exact typed cell. Identity, source morphology, target spelling, and held-out target occurrence remain separate evidence roles; no productive class or unattested cell is implied.
v06-exact-c2664b6bf02ced00	admitted	source-typed-exact	v06-family-8b11aa406fd78a8f	synodal:numeral:wikt-bc270882d39d	десѧть	numeral	десѧтѝ	94	numeral:cardinal:accusative:plural:feminine:inanimate	review:v03:bc270882d39d	v06-ud-9bdff8210bf44713	v06-target-5a2867947bbcf08a	synodal:candidate:eb30d106caf3547df2b45987	Acts.25.6	Dan.1.12	94	0		Admitted only the exact typed cell. Identity, source morphology, target spelling, and held-out target occurrence remain separate evidence roles; no productive class or unattested cell is implied.
v06-exact-c46e93538774be8b	admitted	source-typed-exact	v06-family-f480eb811d2489ca	synodal:noun:wikt-ff0e77e28364	печаль	noun	печа́ли	104	noun:genitive:singular:inanimate	review:v03:ff0e77e28364	v06-ud-ed5f018d3d9cb6bb	v06-target-e73d0834897be74d	synodal:candidate:af9249a19760ecf532fa698a	Apoc.1.9	Ezek.35.5	0	0		Admitted only the exact typed cell. Identity, source morphology, target spelling, and held-out target occurrence remain separate evidence roles; no productive class or unattested cell is implied.
v06-exact-c4fa702db3699faf	admitted	source-typed-exact	v06-family-4b27648b04f9ba4a	synodal:noun:wikt-f3833c75403b	риза	noun	ри́зѣ	42	noun:accusative:dual:inanimate	review:v03:f3833c75403b	v06-ud-3e6e4ccff217bf4f	v06-target-6775816090323f60	synodal:candidate:3fa147d9b4ea6d9db00a6545	Apoc.19.16	Lev.13.57	42	0		Admitted only the exact typed cell. Identity, source morphology, target spelling, and held-out target occurrence remain separate evidence roles; no productive class or unattested cell is implied.
v06-exact-c55e0f58e6d3fa17	admitted	source-typed-exact	v06-family-41f98d2fcef64207	synodal:adjective:wikt-a9cef2fd54e7	благъ	adjective	бла́го	235	adjective:nominative:singular:neuter:any:short:positive	review:v03:a9cef2fd54e7	v06-ud-4d3d8169445decc3	v06-target-d019a0962fb3657b	synodal:candidate:fb58404c2ea90cec05a83186	Dan.3.30	Deut.30.5	0	0		Admitted only the exact typed cell. Identity, source morphology, target spelling, and held-out target occurrence remain separate evidence roles; no productive class or unattested cell is implied.
v06-exact-c6025b3dd223645b	admitted	source-typed-exact	v06-family-4c44a5378e998e06	synodal:verb:wikt-833c90610c4d	глаголати	verb	глаго́ли	167	imperative:second:singular	review:v03:833c90610c4d	v06-ud-c69e20ea4feb8a74	v06-target-bc5ce2cc90c10538	synodal:candidate:9cce372f392c5687b83414d0	Acts.22.27	Acts.18.9	167	167		Admitted only the exact typed cell. Identity, source morphology, target spelling, and held-out target occurrence remain separate evidence roles; no productive class or unattested cell is implied.
v06-exact-c626ebb4634ddbc4	admitted	source-typed-exact	v06-family-ef8e848ce717ee09	synodal:adjective:wikt-f2a9817d8801	добръ	adjective	добра̀	88	adjective:nominative:singular:feminine:any:short:positive	review:v03:f2a9817d8801	v06-ud-9be5f728cce966c8	v06-target-05d4589b849a8361	synodal:candidate:0f08cc3b6ed7647dc0ca6ce1	Amos.5.14	Deut.1.39	0	0		Admitted only the exact typed cell. Identity, source morphology, target spelling, and held-out target occurrence remain separate evidence roles; no productive class or unattested cell is implied.
v06-exact-c6b992c3f81519f8	admitted	source-typed-exact	v06-family-045b58d82ab20fa4	synodal:numeral:wikt-42c5d78bab14	пѧть	numeral	пѧтѝ	150	numeral:cardinal:genitive:singular:feminine:any	review:v03:42c5d78bab14	v06-ud-7814e38f41d6a9d7	v06-target-bd73e0692b85c87d	synodal:candidate:ad1074bc374dabe3ceafb553	Deut.10.22	Acts.20.6	0	0		Admitted only the exact typed cell. Identity, source morphology, target spelling, and held-out target occurrence remain separate evidence roles; no productive class or unattested cell is implied.
v06-exact-c7d58053d95a004b	admitted	source-typed-exact	v06-family-ac24451e083a7989	synodal:verb:wikt-78da2d05497d	видѣти	verb	Ви́дѧще	53	participle:present:active:nominative:plural:masculine:any:short:positive	review:v03:78da2d05497d	v06-ud-6e5a072b4d2650ed	v06-target-a33b588272d1614e	synodal:candidate:29451776c6e043a40003b9be	Acts.4.13	Job.29.8	53	53		Admitted only the exact typed cell. Identity, source morphology, target spelling, and held-out target occurrence remain separate evidence roles; no productive class or unattested cell is implied.
v06-exact-c8817be995a0a32b	admitted	source-typed-exact	v06-family-c57d9a901b55f999	synodal:adjective:wikt-804d9a9cde41	живъ	adjective	жи́ви	96	adjective:nominative:plural:masculine:any:short:positive	review:v03:804d9a9cde41	v06-ud-81ef2530a149be00	v06-target-bb42192013838e6b	synodal:candidate:839ca642525b9ff156bb5db8	Deut.5.3	Ezek.18.32	96	0		Admitted only the exact typed cell. Identity, source morphology, target spelling, and held-out target occurrence remain separate evidence roles; no productive class or unattested cell is implied.
v06-exact-c906e786922f2016	admitted	source-typed-exact	v06-family-41f98d2fcef64207	synodal:adjective:wikt-a9cef2fd54e7	благъ	adjective	блага̀	54	adjective:accusative:plural:neuter:inanimate:short:positive	review:v03:a9cef2fd54e7	v06-ud-09e817002ffea749	v06-target-5bfb6d057eeadcc3	synodal:candidate:bd97f1d67104556270563d76	Deut.1.25	Judith.11.23	54	0		Admitted only the exact typed cell. Identity, source morphology, target spelling, and held-out target occurrence remain separate evidence roles; no productive class or unattested cell is implied.
v06-exact-ca35ed84936af57b	admitted	source-typed-exact	v06-family-a275500710a5274f	synodal:noun:wikt-164b8f0d21df	число	noun	числа̀	75	noun:genitive:singular:inanimate	review:v03:164b8f0d21df	v06-ud-ddbfcf3be2b75038	v06-target-97d0ba2c902450ea	synodal:candidate:3da59a2450c830e0352643a0	III_Esdra.2.26	III_Esdra.13.5	75	75		Admitted only the exact typed cell. Identity, source morphology, target spelling, and held-out target occurrence remain separate evidence roles; no productive class or unattested cell is implied.
v06-exact-cb89ed83a7628524	admitted	source-typed-exact	v06-family-41f98d2fcef64207	synodal:adjective:wikt-a9cef2fd54e7	благъ	adjective	блага̀	54	adjective:genitive:singular:masculine:any:short:positive	review:v03:a9cef2fd54e7	v06-ud-8ff89b92bfb1d160	v06-target-5bfb6d057eeadcc3	synodal:candidate:bd97f1d67104556270563d76	Deut.1.25	Judith.11.23	0	0		Admitted only the exact typed cell. Identity, source morphology, target spelling, and held-out target occurrence remain separate evidence roles; no productive class or unattested cell is implied.
v06-exact-cbafd14780daa180	admitted	source-typed-exact	v06-family-109f67f6dbbb9010	synodal:verb:wikt-7b0a71feaffb	просити	verb	просѝ	52	past:third:singular	review:v03:7b0a71feaffb	v06-ud-4cfa0ac06466ee80	v06-target-9221d2549896087d	synodal:candidate:92d2218d6c4e583fa10fff60	Composite.5.8	III_Kings.3.5	0	0		Admitted only the exact typed cell. Identity, source morphology, target spelling, and held-out target occurrence remain separate evidence roles; no productive class or unattested cell is implied.
v06-exact-cc46a75769488225	admitted	source-typed-exact	v06-family-9c387b34d5a696c0	synodal:verb:wikt-3ca5f600ecca	ѡбратити	verb	ѡ҆братѝ	85	past:second:singular	review:v03:3ca5f600ecca	v06-ud-548a66a8585b7326	v06-target-f15108c32fdc4f50	synodal:candidate:42efc5325a465fc89fe84787	Acts.19.26	Deut.23.5	0	0		Admitted only the exact typed cell. Identity, source morphology, target spelling, and held-out target occurrence remain separate evidence roles; no productive class or unattested cell is implied.
v06-exact-cccf40d2cf68ed75	admitted	source-typed-exact	v06-family-6b14127df1101eda	synodal:verb:wikt-16664aa52c77	стати	verb	ста̑	48	past:third:singular	review:v03:16664aa52c77	v06-ud-4f95ff9fa9c15c14	v06-target-141780c9132e322a	synodal:candidate:bb3977a8ddca5b85652a1b61	III_Kings.9.28	I_Paral.21.5	48	48		Admitted only the exact typed cell. Identity, source morphology, target spelling, and held-out target occurrence remain separate evidence roles; no productive class or unattested cell is implied.
v06-exact-cd1613248f9abbe3	admitted	source-typed-exact	v06-family-de4747c8da3366ca	synodal:verb:wikt-076d1c8a0add	поставити	verb	поста́ви	517	past:third:singular	review:v03:076d1c8a0add	v06-ud-d63844f348397128	v06-target-7aab56d81316997f	synodal:candidate:cfa74ad770093256dfc5f501	Acts.7.10	Acts.1.3	0	0		Admitted only the exact typed cell. Identity, source morphology, target spelling, and held-out target occurrence remain separate evidence roles; no productive class or unattested cell is implied.
v06-exact-cf3b7adc62194922	admitted	source-typed-exact	v06-family-5458e05684cee807	synodal:noun:wikt-ed67a3345df1	господь	noun	го́споди	126	noun:dative:singular:animate	review:v03:ed67a3345df1	v06-ud-2d9f39df610f6224	v06-target-e1fa64f096ce0842	synodal:candidate:31a1b1d519920a8e902c72e6	Apoc.7.14	Dan.10.16	126	0		Admitted only the exact typed cell. Identity, source morphology, target spelling, and held-out target occurrence remain separate evidence roles; no productive class or unattested cell is implied.
v06-exact-cf7b435c4026e187	admitted	source-typed-exact	v06-family-7f476eb0da885f07	synodal:verb:wikt-b2d0a0ba44c7	исходити	verb	и҆схожда́ше	66	past:third:singular	review:v03:b2d0a0ba44c7	v06-ud-daca9996dabee350	v06-target-15d2593fbe3844fd	synodal:candidate:c454716554a500de80753c57	Amos.5.3	Ex.33.11	66	66		Admitted only the exact typed cell. Identity, source morphology, target spelling, and held-out target occurrence remain separate evidence roles; no productive class or unattested cell is implied.
v06-exact-cf85271086dff338	admitted	source-typed-exact	v06-family-29c079eb268eb71b	synodal:noun:wikt-3c0ac0c2e796	тѣло	noun	тѣ́лѣ	44	noun:locative:singular:animate	review:v03:3c0ac0c2e796	v06-ud-5bfe02304b488397	v06-target-d127e5e309b9218e	synodal:candidate:36132db70672846b7b48db82	Col.1.22	Heb.13.3	44	44		Admitted only the exact typed cell. Identity, source morphology, target spelling, and held-out target occurrence remain separate evidence roles; no productive class or unattested cell is implied.
v06-exact-cfc426bbae1d9bab	admitted	source-typed-exact	v06-family-9c387b34d5a696c0	synodal:verb:wikt-3ca5f600ecca	ѡбратити	verb	ѡ҆братѝ	85	past:third:singular	review:v03:3ca5f600ecca	v06-ud-f99611f98654b45b	v06-target-f15108c32fdc4f50	synodal:candidate:42efc5325a465fc89fe84787	Acts.19.26	Deut.23.5	0	0		Admitted only the exact typed cell. Identity, source morphology, target spelling, and held-out target occurrence remain separate evidence roles; no productive class or unattested cell is implied.
v06-exact-d00287c6468d5a07	admitted	source-typed-exact	v06-family-8df6a96605123c52	synodal:noun:wikt-53f0aace1342	сѣнь	noun	сѣ́ни	59	noun:dative:singular:inanimate	review:v03:53f0aace1342	v06-ud-10283531cd65cc2f	v06-target-755801bb8114304f	synodal:candidate:0733d42afed564ff1375c394	Composite.1.5	Gen.18.1	59	0		Admitted only the exact typed cell. Identity, source morphology, target spelling, and held-out target occurrence remain separate evidence roles; no productive class or unattested cell is implied.
v06-exact-d03134d9701564e4	admitted	source-typed-exact	v06-family-6a0c6dfd58cbd82d	synodal:noun:wikt-d65c6ae81047	радость	noun	ра́дости	75	noun:locative:singular:inanimate	review:v03:d65c6ae81047	v06-ud-f0eaf9d35d40d910	v06-target-107f1de126650b9b	synodal:candidate:48dd51ee615e2188c9680c90	Acts.2.46	Acts.12.14	0	0		Admitted only the exact typed cell. Identity, source morphology, target spelling, and held-out target occurrence remain separate evidence roles; no productive class or unattested cell is implied.
v06-exact-d06754936ed7c7d0	admitted	source-typed-exact	v06-family-a1557d9788f7d51f	synodal:verb:wikt-cc294a5ba8a0	ходити	verb	ходи́те	61	imperative:second:plural	review:v03:cc294a5ba8a0	v06-ud-de805e4c3c97ff10	v06-target-7063633c5f0e73a9	synodal:candidate:b0d1a00cbffa17fd0b11bd63	Amos.5.5	Isa.50.11	61	61		Admitted only the exact typed cell. Identity, source morphology, target spelling, and held-out target occurrence remain separate evidence roles; no productive class or unattested cell is implied.
v06-exact-d06f70f31bdd8d00	admitted	source-typed-exact	v06-family-11e893419bfce701	synodal:noun:v06-12a8217f518604ae	коньць	noun	конца̀	192	noun:genitive:singular:inanimate	review:v06:12a8217f518604ae	v06-ud-59f5bb1c1e83dda2	v06-target-08ffa94eab630fc7	synodal:candidate:f3d7fc0fbe600d5c626169f1	Apoc.2.26	Dan.9.26	192	192		Admitted only the exact typed cell. Identity, source morphology, target spelling, and held-out target occurrence remain separate evidence roles; no productive class or unattested cell is implied.
v06-exact-d0b0242925123bef	admitted	source-typed-exact	v06-family-4b27648b04f9ba4a	synodal:noun:wikt-f3833c75403b	риза	noun	ри̑зы	547	noun:nominative:plural:inanimate	review:v03:f3833c75403b	v06-ud-10b907407e195775	v06-target-82984d2f76996576	synodal:candidate:0f03d87670a31ea20eb163ca	Acts.9.39	Acts.7.58	0	547		Admitted only the exact typed cell. Identity, source morphology, target spelling, and held-out target occurrence remain separate evidence roles; no productive class or unattested cell is implied.
v06-exact-d142354703828ac6	admitted	source-typed-exact	v06-family-41d07d5eda4a46ff	synodal:noun:v06-64bd1811dbd024b5	око	noun	ѻ҆́чїю	78	noun:genitive:dual:inanimate	review:v06:64bd1811dbd024b5	v06-ud-d4d72e83d8b98b48	v06-target-bbc0d269e0f5098c	synodal:candidate:9b20026c955a8da2c19df5e6	Acts.1.9	Acts.9.18	78	0		Admitted only the exact typed cell. Identity, source morphology, target spelling, and held-out target occurrence remain separate evidence roles; no productive class or unattested cell is implied.
v06-exact-d1d12c04a624ff34	admitted	source-typed-exact	v06-family-86360391c48fd87c	synodal:verb:wikt-baa1f561a7e4	привести	verb	приведѐ	116	past:third:singular	review:v03:baa1f561a7e4	v06-ud-6e92e87729433123	v06-target-197eaf7aa8fb6480	synodal:candidate:e4cce549d7c41ffa71c4f210	Acts.5.26	Ezek.31.4	0	0		Admitted only the exact typed cell. Identity, source morphology, target spelling, and held-out target occurrence remain separate evidence roles; no productive class or unattested cell is implied.
v06-exact-d205e1f57225ac51	admitted	source-typed-exact	v06-family-11e893419bfce701	synodal:noun:v06-12a8217f518604ae	коньць	noun	коне́цъ	220	noun:genitive:plural:inanimate	review:v06:12a8217f518604ae	v06-ud-1c76759bbe7f62ef	v06-target-c592774169f1be72	synodal:candidate:5449c39e0a3437fd3d112ee8	Amos.8.7	Amos.8.2	0	0		Admitted only the exact typed cell. Identity, source morphology, target spelling, and held-out target occurrence remain separate evidence roles; no productive class or unattested cell is implied.
v06-exact-d2469db0c7bf3c93	admitted	source-typed-exact	v06-family-0249e6352f49280e	synodal:noun:molitva	молитва	noun	моли́твѣ	41	noun:locative:singular:inanimate		v06-ud-804bb24515b21d29	v06-target-f532beaa0b7515f8	synodal:candidate:637b350627f9edb32585a502	Acts.1.14	I_Cor.7.5	0	41		Admitted only the exact typed cell. Identity, source morphology, target spelling, and held-out target occurrence remain separate evidence roles; no productive class or unattested cell is implied.
v06-exact-d4249b78f1fe23b1	admitted	source-typed-exact	v06-family-41d07d5eda4a46ff	synodal:noun:v06-64bd1811dbd024b5	око	noun	ѻ҆́ко	174	noun:nominative:singular:inanimate	review:v06:64bd1811dbd024b5	v06-ud-a68374a8744beb8d	v06-target-30ba4410682bb566	synodal:candidate:0255e6e4fb6c20bdc4f3c014	Deut.7.16	Apoc.1.7	0	0		Admitted only the exact typed cell. Identity, source morphology, target spelling, and held-out target occurrence remain separate evidence roles; no productive class or unattested cell is implied.
v06-exact-d4a62c30b8d04944	admitted	source-typed-exact	v06-family-c2b855554e6c28c2	synodal:numeral:wikt-58a4f8eb4197	шесть	numeral	шестѝ	61	numeral:cardinal:genitive:singular:feminine:any	review:v03:58a4f8eb4197	v06-ud-2f59b5905f5f2555	v06-target-1803066ab640b10e	synodal:candidate:33a4a80946e3e4eb120ff47a	Dan.3.1	Ex.25.35	61	0		Admitted only the exact typed cell. Identity, source morphology, target spelling, and held-out target occurrence remain separate evidence roles; no productive class or unattested cell is implied.
v06-exact-d4f7dc8d46d7ca1e	admitted	source-typed-exact	v06-family-ef8e848ce717ee09	synodal:adjective:wikt-f2a9817d8801	добръ	adjective	добра̀	88	adjective:genitive:singular:masculine:any:short:positive	review:v03:f2a9817d8801	v06-ud-0c8a778841ed30b8	v06-target-05d4589b849a8361	synodal:candidate:0f08cc3b6ed7647dc0ca6ce1	Amos.5.14	Deut.1.39	0	0		Admitted only the exact typed cell. Identity, source morphology, target spelling, and held-out target occurrence remain separate evidence roles; no productive class or unattested cell is implied.
v06-exact-d50c8f01e1a3f65a	admitted	source-typed-exact	v06-family-ca3cf09618d3461f	synodal:verb:wikt-0e30b392f62c	избавити	verb	и҆зба́ви	204	imperative:second:singular	review:v03:0e30b392f62c	v06-ud-99198bb64a401bd3	v06-target-0fd75cd0d3e4a79e	synodal:candidate:0f96a0fdc51eaa0c8ea46e51	Baruch.2.14	Dan.3.88	0	0		Admitted only the exact typed cell. Identity, source morphology, target spelling, and held-out target occurrence remain separate evidence roles; no productive class or unattested cell is implied.
v06-exact-d5b328d855e2ddfe	admitted	source-typed-exact	v06-family-061f4eb7753eed37	synodal:noun:wikt-862895caf8e4	конь	noun	ко́ни	142	noun:locative:singular:animate	review:v03:862895caf8e4	v06-ud-62d8f1d18bb65fbb	v06-target-781ab60358a72339	synodal:candidate:e6be9a681a5944e16e60985e	Amos.6.12	Ex.14.7	142	142		Admitted only the exact typed cell. Identity, source morphology, target spelling, and held-out target occurrence remain separate evidence roles; no productive class or unattested cell is implied.
v06-exact-d6dda7350bfb0089	admitted	source-typed-exact	v06-family-aa419b282270dd58	synodal:noun:bog	богъ	noun	бо́гъ	41	noun:nominative:singular:animate		v06-ud-1987387fbe301927	v06-target-fe90f570e2975960	synodal:candidate:b1948a8436ab3d8a1cdb21fd	Amos.8.14	Deut.4.7	0	0		Admitted only the exact typed cell. Identity, source morphology, target spelling, and held-out target occurrence remain separate evidence roles; no productive class or unattested cell is implied.
v06-exact-d6df8aafd1d036e2	admitted	source-typed-exact	v06-family-6299df61d679a844	synodal:verb:v06-8673185ecc70a12e	прїѧти	verb	прїи́мете	47	future:second:plural	review:v06:8673185ecc70a12e	v06-ud-7e94de5d01c9101a	v06-target-bee91ad5fd4115f3	synodal:candidate:d8416439a436b7b855f7f652	Acts.2.38	Acts.1.8	47	47		Admitted only the exact typed cell. Identity, source morphology, target spelling, and held-out target occurrence remain separate evidence roles; no productive class or unattested cell is implied.
v06-exact-d70c989cad048826	admitted	source-typed-exact	v06-family-09ba3f00aeb18f84	synodal:noun:v06-a589a95f8b485bbb	дѣти	noun	дѣ́ти	99	noun:nominative:plural:animate	review:v06:a589a95f8b485bbb	v06-ud-fb0b8f39844384df	v06-target-f8feff957ebc410e	synodal:candidate:1a2fc7f2d29bbbc3a5bc6581	Dan.14.21	Ex.21.5	0	99		Admitted only the exact typed cell. Identity, source morphology, target spelling, and held-out target occurrence remain separate evidence roles; no productive class or unattested cell is implied.
v06-exact-d7fe78809722f01e	admitted	source-typed-exact	v06-family-c57d9a901b55f999	synodal:adjective:wikt-804d9a9cde41	живъ	adjective	жи́ва	116	adjective:genitive:singular:masculine:any:short:positive	review:v03:804d9a9cde41	v06-ud-fde2ef9ca74fc9c1	v06-target-85b92650e134706a	synodal:candidate:cfa74ad770093256dfc5f501	Acts.20.12	Acts.1.3	116	0		Admitted only the exact typed cell. Identity, source morphology, target spelling, and held-out target occurrence remain separate evidence roles; no productive class or unattested cell is implied.
v06-exact-d85930d040e43b9d	admitted	source-typed-exact	v06-family-45da7b32e2d7b52f	synodal:verb:wikt-61a99171906f	творити	verb	творѧ́ще	58	participle:present:active:nominative:plural:masculine:any:short:positive	review:v03:61a99171906f	v06-ud-699c9d1896ee15cf	v06-target-e4633409dd425c4f	synodal:candidate:e0ef4fcbcc69fc08a7344dfe	Acts.25.3	III_Esdra.3.26	58	58		Admitted only the exact typed cell. Identity, source morphology, target spelling, and held-out target occurrence remain separate evidence roles; no productive class or unattested cell is implied.
v06-exact-d8f30cd826269812	admitted	source-typed-exact	v06-family-47af32053c5954de	synodal:adjective:v06-a79476be07ef953c	вѣрьнъ	adjective	вѣ́ренъ	108	adjective:nominative:singular:masculine:any:short:positive	review:v06:a79476be07ef953c	v06-ud-2a023f84806f36e2	v06-target-d22a86b77d8d7323	synodal:candidate:fb52f4864f4386dd35aff41e	Apoc.2.10	Apoc.19.11	108	108		Admitted only the exact typed cell. Identity, source morphology, target spelling, and held-out target occurrence remain separate evidence roles; no productive class or unattested cell is implied.
v06-exact-daabc3ec64342beb	admitted	source-typed-exact	v06-family-13370df5e120c450	synodal:noun:v06-4b110ac5f2b33849	врата	noun	вратѡ́мъ	58	noun:dative:plural:inanimate	review:v06:4b110ac5f2b33849	v06-ud-ef5a10f0f24411be	v06-target-ff5ebeee0f477704	synodal:candidate:c4c331060736dfe7f4dd9875	Acts.12.10	Deut.25.7	58	58		Admitted only the exact typed cell. Identity, source morphology, target spelling, and held-out target occurrence remain separate evidence roles; no productive class or unattested cell is implied.
v06-exact-dab3589e48e06ff9	admitted	source-typed-exact	v06-family-cb5b14455c72f106	synodal:noun:wikt-c2cc5dd81830	рать	noun	ра́ти	48	noun:nominative:plural:animate	review:v03:c2cc5dd81830	v06-ud-ae4a8915da97a352	v06-target-88e917e8a9f88e31	synodal:candidate:9d4de82d12c41ce83103558f	Dan.11.20	Amos.1.14	0	0		Admitted only the exact typed cell. Identity, source morphology, target spelling, and held-out target occurrence remain separate evidence roles; no productive class or unattested cell is implied.
v06-exact-dae500b29639f01d	admitted	source-typed-exact	v06-family-0cd2cb33d50008f3	synodal:noun:v06-ea34e8ebdfdfe6f9	вѣкъ	noun	вѣ́ка	425	noun:genitive:singular:inanimate	review:v06:ea34e8ebdfdfe6f9	v06-ud-8fb3582824923e88	v06-target-ef92ae2c523e3186	synodal:candidate:bdb872e3e09b31bfe441f532	Acts.15.18	Acts.3.21	425	425		Admitted only the exact typed cell. Identity, source morphology, target spelling, and held-out target occurrence remain separate evidence roles; no productive class or unattested cell is implied.
v06-exact-db4ef318a46c6b43	admitted	source-typed-exact	v06-family-50030942b83fea71	synodal:verb:wikt-e00c0a63fc09	нарещи	verb	наречѐ	142	past:third:singular	review:v03:e00c0a63fc09	v06-ud-6ffcc82cf0e2876f	v06-target-1781ea977a9fbede	synodal:candidate:cb5894998908f71b3848a0fb	Dan.5.12	Ex.2.22	0	0		Admitted only the exact typed cell. Identity, source morphology, target spelling, and held-out target occurrence remain separate evidence roles; no productive class or unattested cell is implied.
v06-exact-db6e672e181b1152	admitted	source-typed-exact	v06-family-a6a250fc685d82a5	synodal:noun:wikt-36c3b79376c2	потокъ	noun	пото́ка	42	noun:genitive:singular:inanimate	review:v03:36c3b79376c2	v06-ud-733b5c64a2f8cc21	v06-target-fb2f87f7492db647	synodal:candidate:a5204b34c2503cfb326b18a3	IV_Kings.10.33	III_Kings.17.4	42	42		Admitted only the exact typed cell. Identity, source morphology, target spelling, and held-out target occurrence remain separate evidence roles; no productive class or unattested cell is implied.
v06-exact-db7d5038ff4ed3c7	admitted	source-typed-exact	v06-family-ac24451e083a7989	synodal:verb:wikt-78da2d05497d	видѣти	verb	ви́дѣ	557	past:second:singular	review:v03:78da2d05497d	v06-ud-146f54233b600e91	v06-target-15b25e90f2579203	synodal:candidate:fe8f8d2446f50ce59df6d310	Acts.2.31	Acts.10.3	557	0		Admitted only the exact typed cell. Identity, source morphology, target spelling, and held-out target occurrence remain separate evidence roles; no productive class or unattested cell is implied.
v06-exact-dc250bdaa03ab34c	admitted	source-typed-exact	v06-family-6299df61d679a844	synodal:verb:v06-8673185ecc70a12e	прїѧти	verb	прїѧ̀	40	participle:present:active:nominative:singular:masculine:any:short:positive	review:v06:8673185ecc70a12e	v06-ud-5e23e23b09c45c0d	v06-target-0b71957c7a301bf0	synodal:candidate:af1755f9ca577ce0b5522013	Dan.5.31	II_Esdra.4.61	40	0		Admitted only the exact typed cell. Identity, source morphology, target spelling, and held-out target occurrence remain separate evidence roles; no productive class or unattested cell is implied.
v06-exact-dd19ca5a2c6a2c86	admitted	source-typed-exact	v06-family-bcbe30a650e3a5bb	synodal:noun:v06-02f6e46669e2730d	свѣтило	noun	свѣти̑ла	41	noun:nominative:plural:inanimate	review:v06:02f6e46669e2730d	v06-ud-343cee228d10918f	v06-target-0ba4fa9ca80cce38	synodal:candidate:fe7151e921bb0c9033924506	Ex.30.7	Ex.25.37	0	0		Admitted only the exact typed cell. Identity, source morphology, target spelling, and held-out target occurrence remain separate evidence roles; no productive class or unattested cell is implied.
v06-exact-de54c1a7739f6a0f	admitted	source-typed-exact	v06-family-4ba4ee2693367d56	synodal:noun:wikt-5e7decaf3d4a	стадо	noun	ста́да	94	noun:nominative:plural:inanimate	review:v03:5e7decaf3d4a	v06-ud-8573ee63ff998314	v06-target-39bfb803efc80d4c	synodal:candidate:c97ebf8c3fbedd25cc45054f	Acts.20.29	Zech.13.7	0	0		Admitted only the exact typed cell. Identity, source morphology, target spelling, and held-out target occurrence remain separate evidence roles; no productive class or unattested cell is implied.
v06-exact-de69e9e2163ace8a	admitted	source-typed-exact	v06-family-285db4d9f5ac217f	synodal:noun:wikt-1734c53f8298	корабль	noun	кораблѝ	86	noun:locative:singular:inanimate	review:v03:1734c53f8298	v06-ud-261c5004871eae8d	v06-target-63ca19e904edca12	synodal:candidate:9a72512cce67df6e5cad4a00	Acts.27.31	Lk.5.7	86	0		Admitted only the exact typed cell. Identity, source morphology, target spelling, and held-out target occurrence remain separate evidence roles; no productive class or unattested cell is implied.
v06-exact-de8d109d122a4380	admitted	source-typed-exact	v06-family-cc78960c379c380f	synodal:verb:v06-e66ef6e1727178e2	погрети	verb	погребе́нъ	66	participle:past:passive:nominative:singular:masculine:any:short:positive	review:v06:e66ef6e1727178e2	v06-ud-06bbff07b1d5fef8	v06-target-32159a9ecdc31c84	synodal:candidate:378dad883dcfc25f8eac1554	Acts.2.29	III_Kings.15.24	66	66		Admitted only the exact typed cell. Identity, source morphology, target spelling, and held-out target occurrence remain separate evidence roles; no productive class or unattested cell is implied.
v06-exact-def609bdb2edefca	admitted	source-typed-exact	v06-family-4ba4ee2693367d56	synodal:noun:wikt-5e7decaf3d4a	стадо	noun	ста́дъ	43	noun:genitive:plural:inanimate	review:v03:5e7decaf3d4a	v06-ud-44ca5fde461a696d	v06-target-769416c3278d45ca	synodal:candidate:9f538074581b74ff0393fa05	Amos.6.4	Deut.28.51	43	43		Admitted only the exact typed cell. Identity, source morphology, target spelling, and held-out target occurrence remain separate evidence roles; no productive class or unattested cell is implied.
v06-exact-df63cd0f2f938b50	admitted	source-typed-exact	v06-family-a0bd0e30486da780	synodal:noun:v06-8469d334b5dc4483	брашно	noun	бра́шно	66	noun:nominative:singular:inanimate	review:v06:8469d334b5dc4483	v06-ud-635895169beee812	v06-target-82b94ad4ca108dcf	synodal:candidate:c5137ef01df21f96c7fb4865	Dan.14.8	Gen.25.28	66	66		Admitted only the exact typed cell. Identity, source morphology, target spelling, and held-out target occurrence remain separate evidence roles; no productive class or unattested cell is implied.
v06-exact-dfab35b465f73b6c	admitted	source-typed-exact	v06-family-4bcbea889f337c48	synodal:noun:brother	братъ	noun	бра́та	489	noun:genitive:singular:animate	review:v06:noun:brother	v06-ud-80553935649b7fa0	v06-target-12e77c689afd98aa	synodal:candidate:3478fec480eafc8e409a29fe	Acts.12.2	Amos.1.11	489	0		Admitted only the exact typed cell. Identity, source morphology, target spelling, and held-out target occurrence remain separate evidence roles; no productive class or unattested cell is implied.
v06-exact-e0494fd9f8d2ba36	admitted	source-typed-exact	v06-family-b80a0a5d7655c97e	synodal:adjective:v06-e3bdc69bb0fe41f0	мъногъ	adjective	мно́гѡ	238	adjective:accusative:singular:neuter:inanimate:short:positive	review:v06:e3bdc69bb0fe41f0	v06-ud-3c47baa5c133d9a9	v06-target-ff623ad0e477b5ab	synodal:candidate:14580b71b96cf3c659220aca	Apoc.5.4	Acts.18.27	238	238		Admitted only the exact typed cell. Identity, source morphology, target spelling, and held-out target occurrence remain separate evidence roles; no productive class or unattested cell is implied.
v06-exact-e0b8ceb1208f2cb4	admitted	source-typed-exact	v06-family-1a4304fb45a236f9	synodal:noun:delo	дѣло	noun	дѣ́лѣ	42	noun:locative:singular:inanimate		v06-ud-d6d825877487573a	v06-target-2356c47b267a80ee	synodal:candidate:ae14221df10fd693f895cce4	Col.1.10	Deut.16.15	42	42		Admitted only the exact typed cell. Identity, source morphology, target spelling, and held-out target occurrence remain separate evidence roles; no productive class or unattested cell is implied.
v06-exact-e0d09f52086db411	admitted	source-typed-exact	v06-family-161e081e8c7d7733	synodal:verb:wikt-06af096688df	рещи	verb	рѣ́ста	44	past:third:dual	review:v03:06af096688df	v06-ud-80c005ba9770c874	v06-target-6d250cfd9aa3decf	synodal:candidate:3c61c73866b123d7035d83c8	Acts.4.19	Dan.13.29	44	44		Admitted only the exact typed cell. Identity, source morphology, target spelling, and held-out target occurrence remain separate evidence roles; no productive class or unattested cell is implied.
v06-exact-e2211378a4b0b587	admitted	source-typed-exact	v06-family-98a724724a088a2a	synodal:proper-noun:v06-ecc31fb0e3271807	Павьлъ	proper-noun	па́ѵла	67	noun:genitive:singular:animate	review:v06:ecc31fb0e3271807	v06-ud-91342b78f30ba9fe	v06-target-95e77d21a684276f	synodal:candidate:bf0a133b53b0e62a14117409	Acts.13.45	Acts.15.12	67	67		Admitted only the exact typed cell. Identity, source morphology, target spelling, and held-out target occurrence remain separate evidence roles; no productive class or unattested cell is implied.
v06-exact-e2353dc398fa9ef6	admitted	source-typed-exact	v06-family-4ba4ee2693367d56	synodal:noun:wikt-5e7decaf3d4a	стадо	noun	стада̀	76	noun:genitive:singular:inanimate	review:v03:5e7decaf3d4a	v06-ud-2c902b04107b7c66	v06-target-987657dd7d5cf0e1	synodal:candidate:5bd51e1737c0b094079cde53	Deut.7.13	Deut.28.4	76	0		Admitted only the exact typed cell. Identity, source morphology, target spelling, and held-out target occurrence remain separate evidence roles; no productive class or unattested cell is implied.
v06-exact-e26d38eb84c35efa	admitted	source-typed-exact	v06-family-45da7b32e2d7b52f	synodal:verb:wikt-61a99171906f	творити	verb	твори́те	88	imperative:second:plural	review:v03:61a99171906f	v06-ud-68d5579916503a91	v06-target-b9e66e433fd5585e	synodal:candidate:d8a62f0ff383477bd5ea8cf0	Acts.15.29	Hagg.2.5	88	0		Admitted only the exact typed cell. Identity, source morphology, target spelling, and held-out target occurrence remain separate evidence roles; no productive class or unattested cell is implied.
v06-exact-e31d77ae3c9fdf89	admitted	source-typed-exact	v06-family-8f247db930a2ef74	synodal:noun:v06-229617fbab1efaa6	копиѥ	noun	копїѐ	44	noun:accusative:singular:inanimate	review:v06:229617fbab1efaa6	v06-ud-dc40c25a373000f2	v06-target-d92cc59c66811d26	synodal:candidate:fc8709aeec56b85afa3a9af1	II_Kings.1.6	III_Kings.10.16	44	44		Admitted only the exact typed cell. Identity, source morphology, target spelling, and held-out target occurrence remain separate evidence roles; no productive class or unattested cell is implied.
v06-exact-e4f00eb978e4dcae	admitted	source-typed-exact	v06-family-4188970757520321	synodal:noun:wikt-3c19155b1d57	адъ	noun	а҆́дѣ	44	noun:locative:singular:inanimate	review:v03:3c19155b1d57	v06-ud-67dcf7922bcc79fc	v06-target-e03c237cca45e4c5	synodal:candidate:35ee21c9fcb5a76ee6972138	Acts.2.27	Baruch.3.11	44	44		Admitted only the exact typed cell. Identity, source morphology, target spelling, and held-out target occurrence remain separate evidence roles; no productive class or unattested cell is implied.
v06-exact-e51fa467e07613fe	admitted	source-typed-exact	v06-family-334e6fd735fcb55b	synodal:noun:wikt-68c10fac7a67	вѣтръ	noun	вѣ́тромъ	48	noun:dative:plural:inanimate	review:v03:68c10fac7a67	v06-ud-21012f732166bffc	v06-target-c341abf312cd8891	synodal:candidate:c30be15feca37999af6fd6d2	Eph.4.14	Deut.28.22	48	0		Admitted only the exact typed cell. Identity, source morphology, target spelling, and held-out target occurrence remain separate evidence roles; no productive class or unattested cell is implied.
v06-exact-e5a4322cb03a957e	admitted	source-typed-exact	v06-family-1a4304fb45a236f9	synodal:noun:delo	дѣло	noun	дѣлѡ́мъ	108	noun:dative:plural:inanimate		v06-ud-6f8fac230d6ea86b	v06-target-46815caf08c034f7	synodal:candidate:6acc6a24c809fba130c8f1fa	Apoc.2.23	Apoc.18.6	108	0		Admitted only the exact typed cell. Identity, source morphology, target spelling, and held-out target occurrence remain separate evidence roles; no productive class or unattested cell is implied.
v06-exact-e5a8c9295ab08fc8	admitted	source-typed-exact	v06-family-739e69c2a7ce5df8	synodal:verb:v06-bba31c88723cae5c	жити	verb	живѝ	124	imperative:second:singular	review:v06:bba31c88723cae5c	v06-ud-c90cdee31469f7b7	v06-target-c99c74b3159d5419	synodal:candidate:3b2dafd77925ca7849aea552	Amos.7.12	Dan.6.21	0	0		Admitted only the exact typed cell. Identity, source morphology, target spelling, and held-out target occurrence remain separate evidence roles; no productive class or unattested cell is implied.
v06-exact-e6cda9f58377f9f0	admitted	source-typed-exact	v06-family-739e69c2a7ce5df8	synodal:verb:v06-bba31c88723cae5c	жити	verb	жи́ви	96	imperative:second:singular	review:v06:bba31c88723cae5c	v06-ud-c90cdee31469f7b7	v06-target-bb42192013838e6b	synodal:candidate:839ca642525b9ff156bb5db8	Deut.5.3	Ezek.18.32	0	0		Admitted only the exact typed cell. Identity, source morphology, target spelling, and held-out target occurrence remain separate evidence roles; no productive class or unattested cell is implied.
v06-exact-e6d78156a1ef34ac	admitted	source-typed-exact	v06-family-b80a0a5d7655c97e	synodal:adjective:v06-e3bdc69bb0fe41f0	мъногъ	adjective	мно́га	86	adjective:nominative:plural:neuter:any:short:positive	review:v06:e3bdc69bb0fe41f0	v06-ud-03f5e9d945a45a0b	v06-target-7c4e882536eb0d74	synodal:candidate:fb40647b02116208cb11898c	Esther.1.1	Apoc.19.1	0	0		Admitted only the exact typed cell. Identity, source morphology, target spelling, and held-out target occurrence remain separate evidence roles; no productive class or unattested cell is implied.
v06-exact-e8192107cb4e4641	admitted	source-typed-exact	v06-family-a1557d9788f7d51f	synodal:verb:wikt-cc294a5ba8a0	ходити	verb	ходѝ	62	past:third:singular	review:v03:cc294a5ba8a0	v06-ud-be2193a09e93f110	v06-target-0fb36081ad4e7472	synodal:candidate:a8a88d135194d6ef594864b0	Baruch.4.2	II_Paral.34.2	0	0		Admitted only the exact typed cell. Identity, source morphology, target spelling, and held-out target occurrence remain separate evidence roles; no productive class or unattested cell is implied.
v06-exact-e8b121536138f934	admitted	source-typed-exact	v06-family-109f67f6dbbb9010	synodal:verb:wikt-7b0a71feaffb	просити	verb	просѝ	52	past:second:singular	review:v03:7b0a71feaffb	v06-ud-adb8abe1c7a1a4d9	v06-target-9221d2549896087d	synodal:candidate:92d2218d6c4e583fa10fff60	Composite.5.8	III_Kings.3.5	0	0		Admitted only the exact typed cell. Identity, source morphology, target spelling, and held-out target occurrence remain separate evidence roles; no productive class or unattested cell is implied.
v06-exact-e91e95a64f6ce6df	admitted	source-typed-exact	v06-family-96104eb25cd6eeb5	synodal:noun:wikt-776662ef739b	ложе	noun	ло́жи	44	noun:locative:singular:inanimate	review:v03:776662ef739b	v06-ud-f1b2728a26c3a6bf	v06-target-f31523d23c3549fd	synodal:candidate:8b4280e26a5af4bea7949984	Dan.2.28	Lev.15.18	44	44		Admitted only the exact typed cell. Identity, source morphology, target spelling, and held-out target occurrence remain separate evidence roles; no productive class or unattested cell is implied.
v06-exact-e9208d1f7c14ff09	admitted	source-typed-exact	v06-family-cf0089f70310aeca	synodal:noun:slovo	слово	noun	словесѝ	248	noun:locative:singular:inanimate		v06-ud-489c48e1386c7e75	v06-target-5e11f567592b29e8	synodal:candidate:22e8b64c50e1fdbe4336a654	Acts.18.15	Acts.7.29	0	0		Admitted only the exact typed cell. Identity, source morphology, target spelling, and held-out target occurrence remain separate evidence roles; no productive class or unattested cell is implied.
v06-exact-e9d553bf88f9c188	admitted	source-typed-exact	v06-family-1a7b128995752732	synodal:noun:selo	село	noun	се́ла	107	noun:accusative:plural:inanimate		v06-ud-1e1f91ab44dc9d14	v06-target-8bc90beeedf358fd	synodal:candidate:719f2b0f8ea74f72fe6ae653	Acts.28.7	II_Esdra.4.50	107	0		Admitted only the exact typed cell. Identity, source morphology, target spelling, and held-out target occurrence remain separate evidence roles; no productive class or unattested cell is implied.
v06-exact-ea4b694b16e6b4f9	admitted	source-typed-exact	v06-family-4c44a5378e998e06	synodal:verb:wikt-833c90610c4d	глаголати	verb	глаго́лахъ	80	past:first:singular	review:v03:833c90610c4d	v06-ud-cd5debd5e28739b0	v06-target-b29118f1bb5830aa	synodal:candidate:31a1b1d519920a8e902c72e6	Acts.25.20	Dan.10.16	80	80		Admitted only the exact typed cell. Identity, source morphology, target spelling, and held-out target occurrence remain separate evidence roles; no productive class or unattested cell is implied.
v06-exact-ea540b8dbd6c6ddc	admitted	source-typed-exact	v06-family-07223248863b5123	synodal:verb:wikt-eb542a45226b	ѡбрѣсти	verb	ѡ҆брѧ́щетъ	122	future:third:singular	review:v03:eb542a45226b	v06-ud-f854741c72a25b59	v06-target-f7bcd379ecb8688e	synodal:candidate:4cb71b25237a5d6fbd1d529f	Acts.9.2	Eccles.7.15	122	122		Admitted only the exact typed cell. Identity, source morphology, target spelling, and held-out target occurrence remain separate evidence roles; no productive class or unattested cell is implied.
v06-exact-eaed912377168c63	admitted	source-typed-exact	v06-family-2026cd33c627bc47	synodal:numeral:v06-7391e80a474691c3	осмь	numeral	ѻ҆́смь	162	numeral:cardinal:accusative:singular:feminine:inanimate	review:v06:7391e80a474691c3	v06-ud-0972d745b00a65f3	v06-target-44a1666e5f08865d	synodal:candidate:4f308de3b51511e7339b13d9	Deut.2.14	Ex.37.1	162	0		Admitted only the exact typed cell. Identity, source morphology, target spelling, and held-out target occurrence remain separate evidence roles; no productive class or unattested cell is implied.
v06-exact-eafa48cd6e8aaf69	admitted	source-typed-exact	v06-family-8df6a96605123c52	synodal:noun:wikt-53f0aace1342	сѣнь	noun	сѣ́ни	59	noun:genitive:singular:inanimate	review:v03:53f0aace1342	v06-ud-914e31ce22156b1e	v06-target-755801bb8114304f	synodal:candidate:0733d42afed564ff1375c394	Composite.1.5	Gen.18.1	0	0		Admitted only the exact typed cell. Identity, source morphology, target spelling, and held-out target occurrence remain separate evidence roles; no productive class or unattested cell is implied.
v06-exact-eb79ebbd741a24c4	admitted	source-typed-exact	v06-family-4b27648b04f9ba4a	synodal:noun:wikt-f3833c75403b	риза	noun	ри̑зы	547	noun:accusative:plural:inanimate	review:v03:f3833c75403b	v06-ud-3f018bb9f69f843c	v06-target-82984d2f76996576	synodal:candidate:0f03d87670a31ea20eb163ca	Acts.9.39	Acts.7.58	547	0		Admitted only the exact typed cell. Identity, source morphology, target spelling, and held-out target occurrence remain separate evidence roles; no productive class or unattested cell is implied.
v06-exact-ec851a0c85c4c0b4	admitted	source-typed-exact	v06-family-a6446c454359059c	synodal:noun:wikt-3090f99843dd	кость	noun	кѡ́сти	166	noun:nominative:plural:inanimate	review:v03:3090f99843dd	v06-ud-1620595cc60479a6	v06-target-8fa487a7e1e711fc	synodal:candidate:db0abe3e8cdb1efcac90712f	Amos.2.1	Baruch.2.24	0	0		Admitted only the exact typed cell. Identity, source morphology, target spelling, and held-out target occurrence remain separate evidence roles; no productive class or unattested cell is implied.
v06-exact-ec9f03ea8db3f50f	admitted	source-typed-exact	v06-family-161e081e8c7d7733	synodal:verb:wikt-06af096688df	рещи	verb	Рѣ́хъ	308	past:first:singular	review:v03:06af096688df	v06-ud-2ad681da8dd82389	v06-target-5603e4a1e5fabf90	synodal:candidate:6c488b71972d9fe3822cac5b	Eccles.3.18	Acts.11.8	308	308		Admitted only the exact typed cell. Identity, source morphology, target spelling, and held-out target occurrence remain separate evidence roles; no productive class or unattested cell is implied.
v06-exact-ecc3d0c3250444ec	admitted	source-typed-exact	v06-family-de13bf331bef4928	synodal:noun:v06-3524b116551ebe06	жезлъ	noun	же́злъ	152	noun:accusative:singular:inanimate	review:v06:3524b116551ebe06	v06-ud-96d5080c22ced3a3	v06-target-f2d3fac5fb5624a0	synodal:candidate:53782f838af45cb05e66a668	Esther.4.11	Ex.7.15	152	0		Admitted only the exact typed cell. Identity, source morphology, target spelling, and held-out target occurrence remain separate evidence roles; no productive class or unattested cell is implied.
v06-exact-eefdcd3a761189da	admitted	source-typed-exact	v06-family-690df9f851e3000e	synodal:noun:wikt-c789afb8ac4f	плачь	noun	пла́чемъ	58	noun:instrumental:singular:inanimate	review:v03:c789afb8ac4f	v06-ud-bc191e1b09488be6	v06-target-1347734de5ed25ee	synodal:candidate:516bb757fee3600b7904c67c	Baruch.4.11	II_Kings.1.17	58	58		Admitted only the exact typed cell. Identity, source morphology, target spelling, and held-out target occurrence remain separate evidence roles; no productive class or unattested cell is implied.
v06-exact-f01fa12e3b5d4a66	admitted	source-typed-exact	v06-family-45da7b32e2d7b52f	synodal:verb:wikt-61a99171906f	творити	verb	творѧ̀	52	participle:present:active:nominative:singular:masculine:any:short:positive	review:v03:61a99171906f	v06-ud-9586bb1678f950f0	v06-target-d166fffec409c457	synodal:candidate:e07ad1632989fbe8fa8be6f7	Dan.6.10	II_Macc.12.43	52	0		Admitted only the exact typed cell. Identity, source morphology, target spelling, and held-out target occurrence remain separate evidence roles; no productive class or unattested cell is implied.
v06-exact-f0915bea2ba7edfc	admitted	source-typed-exact	v06-family-b80a0a5d7655c97e	synodal:adjective:v06-e3bdc69bb0fe41f0	мъногъ	adjective	мно́га	86	adjective:genitive:singular:neuter:any:short:positive	review:v06:e3bdc69bb0fe41f0	v06-ud-76cd7b33a418e8ef	v06-target-7c4e882536eb0d74	synodal:candidate:fb40647b02116208cb11898c	Esther.1.1	Apoc.19.1	0	0		Admitted only the exact typed cell. Identity, source morphology, target spelling, and held-out target occurrence remain separate evidence roles; no productive class or unattested cell is implied.
v06-exact-f0df159d0c0ec8d6	admitted	source-typed-exact	v06-family-c57d9a901b55f999	synodal:adjective:wikt-804d9a9cde41	живъ	adjective	жи́ва	116	adjective:genitive:singular:neuter:any:short:positive	review:v03:804d9a9cde41	v06-ud-c11e039689b28aac	v06-target-85b92650e134706a	synodal:candidate:cfa74ad770093256dfc5f501	Acts.20.12	Acts.1.3	0	0		Admitted only the exact typed cell. Identity, source morphology, target spelling, and held-out target occurrence remain separate evidence roles; no productive class or unattested cell is implied.
v06-exact-f193e229cdf97b32	admitted	source-typed-exact	v06-family-b043c1bdb5717480	synodal:adjective:wikt-e406458f5df6	великъ	adjective	вели́ка	167	adjective:genitive:singular:masculine:any:short:positive	review:v03:e406458f5df6	v06-ud-85571105186bdec0	v06-target-45d66237903a3c54	synodal:candidate:dc09466a3d2a03f869e692b3	Acts.5.36	Apoc.8.8	0	0		Admitted only the exact typed cell. Identity, source morphology, target spelling, and held-out target occurrence remain separate evidence roles; no productive class or unattested cell is implied.
v06-exact-f2ee2d993ef64a92	admitted	source-typed-exact	v06-family-6afd5836abd2d2e9	synodal:noun:wikt-34a97d0572e7	болѣзнь	noun	болѣ́зни	91	noun:genitive:singular:inanimate	review:v03:34a97d0572e7	v06-ud-a651b65c525d7ec5	v06-target-b35ac823965f87db	synodal:candidate:3b035505dea2d37965a6b8a5	Apoc.16.10	Amos.8.10	0	0		Admitted only the exact typed cell. Identity, source morphology, target spelling, and held-out target occurrence remain separate evidence roles; no productive class or unattested cell is implied.
v06-exact-f2fac127398164c8	admitted	source-typed-exact	v06-family-138a78e538191272	synodal:noun:v06-e5f5efea52ec5e2e	пламень	noun	пла́мень	67	noun:nominative:singular:inanimate	review:v06:e5f5efea52ec5e2e	v06-ud-2fe329a125320401	v06-target-e688367523a0b51d	synodal:candidate:cc92e9441cdb2dec9b5883b3	Apoc.1.14	Apoc.19.12	0	0		Admitted only the exact typed cell. Identity, source morphology, target spelling, and held-out target occurrence remain separate evidence roles; no productive class or unattested cell is implied.
v06-exact-f3405cf58a2589ed	admitted	source-typed-exact	v06-family-8378597dbb89183f	synodal:pronoun:v06-7cb9fbdd604c5a70	и	pronoun	нѧ̀	287	pronoun:accusative:plural:masculine:third:inanimate	v06-semantic-pronoun-i	v06-ud-7b35ef8abb0ce04f	v06-target-f71d41079f095131	synodal:candidate:65a3478bb5452b60ef003d0b	Acts.6.6	Acts.13.3	0	287		Admitted only the exact typed cell. Identity, source morphology, target spelling, and held-out target occurrence remain separate evidence roles; no productive class or unattested cell is implied.
v06-exact-f3432698526965a8	admitted	source-typed-exact	v06-family-ac768fc820943b86	synodal:noun:rab	рабъ	noun	ра̑бъ	46	noun:nominative:singular:animate		v06-ud-221d6dc141bd8b3c	v06-target-b703b182b585c1dc	synodal:candidate:d20cc0fe0b8b0ed928bd9b11	Dan.9.6	Ezek.46.17	0	0		Admitted only the exact typed cell. Identity, source morphology, target spelling, and held-out target occurrence remain separate evidence roles; no productive class or unattested cell is implied.
v06-exact-f3784a03f7fbc7ea	admitted	source-typed-exact	v06-family-061f4eb7753eed37	synodal:noun:wikt-862895caf8e4	конь	noun	ко́ни	142	noun:nominative:plural:animate	review:v03:862895caf8e4	v06-ud-109355f0cff683f1	v06-target-781ab60358a72339	synodal:candidate:e6be9a681a5944e16e60985e	Amos.6.12	Ex.14.7	0	0		Admitted only the exact typed cell. Identity, source morphology, target spelling, and held-out target occurrence remain separate evidence roles; no productive class or unattested cell is implied.
v06-exact-f4d20f271a374033	admitted	source-typed-exact	v06-family-c57d9a901b55f999	synodal:adjective:wikt-804d9a9cde41	живъ	adjective	жива̀	54	adjective:nominative:singular:feminine:any:short:positive	review:v03:804d9a9cde41	v06-ud-e5145234821faf13	v06-target-e88d47d6b75db50f	synodal:candidate:8f59b2cac93a1bf456845594	Apoc.16.3	Deut.5.26	0	0		Admitted only the exact typed cell. Identity, source morphology, target spelling, and held-out target occurrence remain separate evidence roles; no productive class or unattested cell is implied.
v06-exact-f4ea8258149fcd81	admitted	source-typed-exact	v06-family-1a4304fb45a236f9	synodal:noun:delo	дѣло	noun	дѣ́ла	128	noun:nominative:plural:inanimate		v06-ud-df7621e7aa62fe0f	v06-target-f8feaf3134a944ff	synodal:candidate:7b49f9eaa20d94d3f5610885	Amos.3.7	Ex.12.16	0	0		Admitted only the exact typed cell. Identity, source morphology, target spelling, and held-out target occurrence remain separate evidence roles; no productive class or unattested cell is implied.
v06-exact-f545506c456dc7a1	admitted	source-typed-exact	v06-family-0249e6352f49280e	synodal:noun:molitva	молитва	noun	моли́твѣ	41	noun:dative:singular:inanimate		v06-ud-2fb17772537eb62c	v06-target-f532beaa0b7515f8	synodal:candidate:637b350627f9edb32585a502	Acts.1.14	I_Cor.7.5	41	0		Admitted only the exact typed cell. Identity, source morphology, target spelling, and held-out target occurrence remain separate evidence roles; no productive class or unattested cell is implied.
v06-exact-f578f8d5e731bb01	admitted	source-typed-exact	v06-family-6afd5836abd2d2e9	synodal:noun:wikt-34a97d0572e7	болѣзнь	noun	болѣ́зни	91	noun:accusative:plural:inanimate	review:v03:34a97d0572e7	v06-ud-894b49fa8dd0d639	v06-target-b35ac823965f87db	synodal:candidate:3b035505dea2d37965a6b8a5	Apoc.16.10	Amos.8.10	91	0		Admitted only the exact typed cell. Identity, source morphology, target spelling, and held-out target occurrence remain separate evidence roles; no productive class or unattested cell is implied.
v06-exact-f5f773e23069c4f4	admitted	source-typed-exact	v06-family-d8c5006e8e55aca6	synodal:noun:wikt-f5010315b352	пѣснь	noun	пѣ́сни	44	noun:nominative:singular:inanimate	review:v03:f5010315b352	v06-ud-efc925b90b05d2ec	v06-target-8bce8df45e88dd75	synodal:candidate:31399ec73106f22954111d81	Amos.5.23	Apoc.14.3	0	0		Admitted only the exact typed cell. Identity, source morphology, target spelling, and held-out target occurrence remain separate evidence roles; no productive class or unattested cell is implied.
v06-exact-f62d52c8b5d173c6	admitted	source-typed-exact	v06-family-09ba3f00aeb18f84	synodal:noun:v06-a589a95f8b485bbb	дѣти	noun	дѣ́ти	99	noun:accusative:plural:animate	review:v06:a589a95f8b485bbb	v06-ud-7b2a7350f2158250	v06-target-f8feff957ebc410e	synodal:candidate:1a2fc7f2d29bbbc3a5bc6581	Dan.14.21	Ex.21.5	99	0		Admitted only the exact typed cell. Identity, source morphology, target spelling, and held-out target occurrence remain separate evidence roles; no productive class or unattested cell is implied.
v06-exact-f67487893e742d86	admitted	source-typed-exact	v06-family-d6d3a2accec82604	synodal:noun:wikt-d466404ca999	брань	noun	бра̑ни	46	noun:locative:singular:inanimate	review:v03:d466404ca999	v06-ud-440edff49c898be6	v06-target-1c681424f9293e66	synodal:candidate:63e3fefa086aa489b0a95474	Ex.15.3	I_Kings.18.17	0	0		Admitted only the exact typed cell. Identity, source morphology, target spelling, and held-out target occurrence remain separate evidence roles; no productive class or unattested cell is implied.
v06-exact-f6fc6fdd9868afe2	admitted	source-typed-exact	v06-family-ac768fc820943b86	synodal:noun:rab	рабъ	noun	рабѡ́мъ	95	noun:dative:plural:animate		v06-ud-961a468c27d0e088	v06-target-97504c7b8b9c264e	synodal:candidate:c8861999d38ffb39edb35e41	Acts.4.29	Col.4.1	95	0		Admitted only the exact typed cell. Identity, source morphology, target spelling, and held-out target occurrence remain separate evidence roles; no productive class or unattested cell is implied.
v06-exact-f71ef1c5088a88dd	admitted	source-typed-exact	v06-family-0cd2cb33d50008f3	synodal:noun:v06-ea34e8ebdfdfe6f9	вѣкъ	noun	вѣ́къ	577	noun:accusative:singular:inanimate	review:v06:ea34e8ebdfdfe6f9	v06-ud-e6e90e80afca41bf	v06-target-1a7eae07a1125ac7	synodal:candidate:8009340e242309e967d7e813	Baruch.3.3	Ezek.27.36	577	0		Admitted only the exact typed cell. Identity, source morphology, target spelling, and held-out target occurrence remain separate evidence roles; no productive class or unattested cell is implied.
v06-exact-f76e3761144aee23	admitted	source-typed-exact	v06-family-57165196f09fe333	synodal:verb:wikt-3966a05e1c74	сѣсти	verb	сѧ́детъ	65	future:third:singular	review:v03:3966a05e1c74	v06-ud-8429df4e17feb819	v06-target-60cc4840ff3b7c05	synodal:candidate:1636f70b62e028ff68768c88	Acts.8.31	III_Kings.1.13	65	65		Admitted only the exact typed cell. Identity, source morphology, target spelling, and held-out target occurrence remain separate evidence roles; no productive class or unattested cell is implied.
v06-exact-f86a980b79911ad0	admitted	source-typed-exact	v06-family-fb1bd1ce4bf09419	synodal:noun:v06-44fe6aceed3a2563	разꙋмъ	noun	ра́зꙋмъ	221	noun:nominative:singular:inanimate	review:v06:44fe6aceed3a2563	v06-ud-a6c4bc74e81e1e6f	v06-target-7d77d58da990654b	synodal:candidate:8b8e85122161da4c54c743ac	Col.3.10	Composite.3.3	221	221		Admitted only the exact typed cell. Identity, source morphology, target spelling, and held-out target occurrence remain separate evidence roles; no productive class or unattested cell is implied.
v06-exact-f8d21f31ebc85a3e	admitted	source-typed-exact	v06-family-68b293c420890844	synodal:noun:milost	милость	noun	ми́лости	56	noun:dative:singular:inanimate		v06-ud-d57c1ed4af9cc739	v06-target-03ce09761ccfc2a9	synodal:candidate:bd83abd74b6c5486085ffdaf	Esther.3.13	III_Esdra.4.24	0	0		Admitted only the exact typed cell. Identity, source morphology, target spelling, and held-out target occurrence remain separate evidence roles; no productive class or unattested cell is implied.
v06-exact-f9412ea965195abe	admitted	source-typed-exact	v06-family-45da7b32e2d7b52f	synodal:verb:wikt-61a99171906f	творити	verb	творитѐ	157	present:second:plural	review:v03:61a99171906f	v06-ud-d49c21979b55d899	v06-target-fa212ad58dc9d0c1	synodal:candidate:fb256ac6a99263b2f55856da	Acts.13.46	Col.3.23	0	0		Admitted only the exact typed cell. Identity, source morphology, target spelling, and held-out target occurrence remain separate evidence roles; no productive class or unattested cell is implied.
v06-exact-f997e7ec1820e774	admitted	source-typed-exact	v06-family-94f31c3068f4db9f	synodal:verb:v06-0759085b29f5fd9f	напасти	verb	нападѐ	84	past:third:singular	review:v06:0759085b29f5fd9f	v06-ud-49cc3acb3a2e3814	v06-target-6ac1a2e77cc73bbf	synodal:candidate:7778ba7b0c910139326f4d7a	Acts.8.39	Acts.10.10	84	84		Admitted only the exact typed cell. Identity, source morphology, target spelling, and held-out target occurrence remain separate evidence roles; no productive class or unattested cell is implied.
v06-exact-fa42b74972797aeb	admitted	source-typed-exact	v06-family-45da7b32e2d7b52f	synodal:verb:wikt-61a99171906f	творити	verb	творѝ	78	imperative:second:singular	review:v03:61a99171906f	v06-ud-071f6e41b7cfcbab	v06-target-e65f603213ae90c9	synodal:candidate:efa0eb9bfd2602fa030f3c82	Esther.3.11	I_Kings.1.23	78	0		Admitted only the exact typed cell. Identity, source morphology, target spelling, and held-out target occurrence remain separate evidence roles; no productive class or unattested cell is implied.
v06-exact-fa7076f43321c9ce	admitted	source-typed-exact	v06-family-c57d9a901b55f999	synodal:adjective:wikt-804d9a9cde41	живъ	adjective	жи̑ва	65	adjective:nominative:plural:neuter:any:short:positive	review:v03:804d9a9cde41	v06-ud-61fc933f656e6c68	v06-target-2fa68763aea2c4f2	synodal:candidate:49762bc8c199a7001d257779	Acts.7.38	Apoc.19.20	0	0		Admitted only the exact typed cell. Identity, source morphology, target spelling, and held-out target occurrence remain separate evidence roles; no productive class or unattested cell is implied.
v06-exact-fa7f0a58c55378cd	admitted	source-typed-exact	v06-family-41f98d2fcef64207	synodal:adjective:wikt-a9cef2fd54e7	благъ	adjective	бла̑га	90	adjective:accusative:plural:neuter:inanimate:short:positive	review:v03:a9cef2fd54e7	v06-ud-09e817002ffea749	v06-target-4ac172e604351e9d	synodal:candidate:168568e5a7507c25bf199517	Dan.1.15	II_Paral.12.12	90	0		Admitted only the exact typed cell. Identity, source morphology, target spelling, and held-out target occurrence remain separate evidence roles; no productive class or unattested cell is implied.
v06-exact-fae9e07ea135d85f	admitted	source-typed-exact	v06-family-d8c5006e8e55aca6	synodal:noun:wikt-f5010315b352	пѣснь	noun	пѣ́сни	44	noun:genitive:singular:inanimate	review:v03:f5010315b352	v06-ud-80635bd90553e564	v06-target-8bce8df45e88dd75	synodal:candidate:31399ec73106f22954111d81	Amos.5.23	Apoc.14.3	0	0		Admitted only the exact typed cell. Identity, source morphology, target spelling, and held-out target occurrence remain separate evidence roles; no productive class or unattested cell is implied.
v06-exact-fb500b2c68394b22	admitted	source-typed-exact	v06-family-07223248863b5123	synodal:verb:wikt-eb542a45226b	ѡбрѣсти	verb	ѡ҆брѣ́те	205	past:third:singular	review:v03:eb542a45226b	v06-ud-c44514a35c522fd8	v06-target-850ac8910a8ff81a	synodal:candidate:370dd2763f9e5e5a2b358fc1	Acts.7.46	Acts.10.27	0	0		Admitted only the exact typed cell. Identity, source morphology, target spelling, and held-out target occurrence remain separate evidence roles; no productive class or unattested cell is implied.
v06-exact-fb951413aabd7f83	admitted	source-typed-exact	v06-family-6c6404e0594aca17	synodal:noun:wikt-bcfe43fd2077	лице	noun	ли́ца	113	noun:nominative:plural:animate	review:v03:bcfe43fd2077	v06-ud-29e18cae7d4dff29	v06-target-682ccd1bcde928e0	synodal:candidate:0d4ed8db3470bb3ad12f9697	Apoc.9.7	Epistle.1.12	0	0		Admitted only the exact typed cell. Identity, source morphology, target spelling, and held-out target occurrence remain separate evidence roles; no productive class or unattested cell is implied.
v06-exact-fc19e2b49735428e	admitted	source-typed-exact	v06-family-8378597dbb89183f	synodal:pronoun:v06-7cb9fbdd604c5a70	и	pronoun	нѧ̀	287	pronoun:accusative:plural:feminine:third:inanimate	v06-semantic-pronoun-i	v06-ud-240162bb8e0c4900	v06-target-f71d41079f095131	synodal:candidate:65a3478bb5452b60ef003d0b	Acts.6.6	Acts.13.3	287	0		Admitted only the exact typed cell. Identity, source morphology, target spelling, and held-out target occurrence remain separate evidence roles; no productive class or unattested cell is implied.
v06-exact-fc2b61b3399c2100	admitted	source-typed-exact	v06-family-5458e05684cee807	synodal:noun:wikt-ed67a3345df1	господь	noun	го́споди	126	noun:locative:singular:animate	review:v03:ed67a3345df1	v06-ud-f0ff542afe5ddaf9	v06-target-e1fa64f096ce0842	synodal:candidate:31a1b1d519920a8e902c72e6	Apoc.7.14	Dan.10.16	0	0		Admitted only the exact typed cell. Identity, source morphology, target spelling, and held-out target occurrence remain separate evidence roles; no productive class or unattested cell is implied.
v06-exact-fc7e0a618ac56c2b	admitted	source-typed-exact	v06-family-b043c1bdb5717480	synodal:adjective:wikt-e406458f5df6	великъ	adjective	вели́ка	167	adjective:nominative:singular:feminine:any:short:positive	review:v03:e406458f5df6	v06-ud-37691c57f8ae6fcc	v06-target-45d66237903a3c54	synodal:candidate:dc09466a3d2a03f869e692b3	Acts.5.36	Apoc.8.8	0	0		Admitted only the exact typed cell. Identity, source morphology, target spelling, and held-out target occurrence remain separate evidence roles; no productive class or unattested cell is implied.
v06-exact-fde97172bb04609f	admitted	source-typed-exact	v06-family-f8b6bf6ed102fb7a	synodal:verb:wikt-661a0f950071	почити	verb	почі́етъ	46	future:third:singular	review:v03:661a0f950071	v06-ud-71069c7bf5d35173	v06-target-9fc9853ec8a4fc22	synodal:candidate:dd76672e833e7889436c6131	Deut.5.14	IV_Kings.5.18	46	46		Admitted only the exact typed cell. Identity, source morphology, target spelling, and held-out target occurrence remain separate evidence roles; no productive class or unattested cell is implied.
v06-exact-fe43e98074f5d46d	admitted	source-typed-exact	v06-family-4b27648b04f9ba4a	synodal:noun:wikt-f3833c75403b	риза	noun	ри́зы	64	noun:accusative:plural:inanimate	review:v03:f3833c75403b	v06-ud-3f018bb9f69f843c	v06-target-33f8b09223810d42	synodal:candidate:81886dc5d70854508485ee4b	Baruch.4.20	Ex.28.15	64	0		Admitted only the exact typed cell. Identity, source morphology, target spelling, and held-out target occurrence remain separate evidence roles; no productive class or unattested cell is implied.
v06-exact-fedbb58b00332be8	admitted	source-typed-exact	v06-family-296549ef1bf07606	synodal:noun:wikt-6581de9ff070	врагъ	noun	вразѝ	161	noun:vocative:plural:animate	review:v03:6581de9ff070	v06-ud-145a818c4b24729a	v06-target-9702767375942b49	synodal:candidate:2fb361c6f7de0ff887c0f006	Apoc.11.12	Heb.10.13	0	0		Admitted only the exact typed cell. Identity, source morphology, target spelling, and held-out target occurrence remain separate evidence roles; no productive class or unattested cell is implied.
v06-exact-fee36f50f2d5516c	admitted	source-typed-exact	v06-family-b043c1bdb5717480	synodal:adjective:wikt-e406458f5df6	великъ	adjective	вели́ка	167	adjective:nominative:plural:neuter:any:short:positive	review:v03:e406458f5df6	v06-ud-b6cc07860e47b2fb	v06-target-45d66237903a3c54	synodal:candidate:dc09466a3d2a03f869e692b3	Acts.5.36	Apoc.8.8	0	0		Admitted only the exact typed cell. Identity, source morphology, target spelling, and held-out target occurrence remain separate evidence roles; no productive class or unattested cell is implied.
v06-exact-ff1253b901e989d8	admitted	source-typed-exact	v06-family-b80a0a5d7655c97e	synodal:adjective:v06-e3bdc69bb0fe41f0	мъногъ	adjective	мно́гѡ	238	adjective:nominative:singular:neuter:any:short:positive	review:v06:e3bdc69bb0fe41f0	v06-ud-673b5afacc7dfbd4	v06-target-ff623ad0e477b5ab	synodal:candidate:14580b71b96cf3c659220aca	Apoc.5.4	Acts.18.27	0	0		Admitted only the exact typed cell. Identity, source morphology, target spelling, and held-out target occurrence remain separate evidence roles; no productive class or unattested cell is implied.
v06-exact-ff438d8d06529c36	admitted	source-typed-exact	v06-family-8f2d5bca8894110f	synodal:verb:wikt-e0c91b5eb837	ѡставити	verb	ѡ҆ста́виши	40	future:second:singular	review:v03:e0c91b5eb837	v06-ud-9edb2c0cdfd476ab	v06-target-e03c237cca45e4c5	synodal:candidate:2647a83209d23682d06e0f08	Acts.2.27	III_Kings.19.18	40	40		Admitted only the exact typed cell. Identity, source morphology, target spelling, and held-out target occurrence remain separate evidence roles; no productive class or unattested cell is implied.
v06-exact-ff5bf63e9acef3ac	admitted	source-typed-exact	v06-family-35da781dc038089e	synodal:noun:wikt-c5953940bb1d	нива	noun	ни́вы	46	noun:nominative:plural:inanimate	review:v03:c5953940bb1d	v06-ud-13908e3e72d32cfa	v06-target-0f14b361b95497f2	synodal:candidate:147a7ca38d84911c8f1f903f	Deut.16.13	Joel.1.11	0	0		Admitted only the exact typed cell. Identity, source morphology, target spelling, and held-out target occurrence remain separate evidence roles; no productive class or unattested cell is implied.
v06-exact-ff77ef26dee06ee3	admitted	source-typed-exact	v06-family-b1cf38c6a083bf3b	synodal:noun:wikt-f330683bc04d	югъ	noun	ю҆́га	44	noun:genitive:singular:inanimate	review:v03:f330683bc04d	v06-ud-de7080ac5469bf15	v06-target-6196bb591b908fa4	synodal:candidate:35010274e044423564559e4b	Apoc.21.13	Habak.3.3	44	44		Admitted only the exact typed cell. Identity, source morphology, target spelling, and held-out target occurrence remain separate evidence roles; no productive class or unattested cell is implied.
v06-exact-ffac41b6a7c19dc4	admitted	source-typed-exact	v06-family-ac24451e083a7989	synodal:verb:wikt-78da2d05497d	видѣти	verb	ви́дѣсте	58	past:third:dual	review:v03:78da2d05497d	v06-ud-50a5b8da8ff103d0	v06-target-3afcc4161088d364	synodal:candidate:30e842eb4d535c506c5de784	Acts.1.11	Deut.29.2	0	0		Admitted only the exact typed cell. Identity, source morphology, target spelling, and held-out target occurrence remain separate evidence roles; no productive class or unattested cell is implied.
v06-manual-exact-2107680ef0260b6f	admitted	manual-evidence-exact	v06-family-5de4a46c28f59d6a	synodal:verb:v06-iziti	изити	verb	и҆зы́де	634	aorist:third:singular	v06-manual-semantic-iziti	v06-manual-alypy-iti-aorist	v06-manual-target-izyde	synodal:candidate:e4abeedc141fc7f8e285a361	source partition	evaluation partition	634	634		Exact admission is limited to the cited identity, typed cell, printed spelling, and passage-disjoint target witness; it licenses no productive paradigm.
v06-manual-exact-34cc52638ee8bcdd	admitted	manual-evidence-exact	v06-family-0ed3e1078b134600	synodal:verb:v06-vzeti	възѧти	verb	взѧ̀	682	past:third:singular	v06-manual-semantic-vzeti	v06-manual-alypy-vzeti	v06-manual-target-vze	synodal:candidate:716fb2baa0641892e09529b8	source partition	evaluation partition	682	682		Exact admission is limited to the cited identity, typed cell, printed spelling, and passage-disjoint target witness; it licenses no productive paradigm.
v06-manual-exact-3c5197d01587f01a	admitted	manual-evidence-exact	v06-family-adccb12b159da3c6	synodal:verb:v06-55cc70e240bb7ee2			посла̀	908	past:third:singular	v06-manual-semantic-poslati	v06-manual-alypy-posla	v06-manual-target-posla	synodal:candidate:fe812b225b03c709d4f57005	source partition	evaluation partition	908	908		Exact admission is limited to the cited identity, typed cell, printed spelling, and passage-disjoint target witness; it licenses no productive paradigm.
v06-manual-exact-6b773ff4e8ed1bfd	admitted	manual-evidence-exact	v06-family-9650cf912714feda	synodal:pronoun:v06-niktozhe	никтоже	pronoun	никто́же	386	pronoun:nominative:singular:any:none:any	v06-manual-alypy-negative-pronouns	v06-manual-target-niktozhe	v06-manual-target-niktozhe	synodal:candidate:31399ec73106f22954111d81	source partition	evaluation partition	386	386		Exact admission is limited to the cited identity, typed cell, printed spelling, and passage-disjoint target witness; it licenses no productive paradigm.
v06-manual-exact-6d7524dbde06c223	admitted	manual-evidence-exact	v06-family-161e081e8c7d7733	synodal:verb:wikt-06af096688df			рѣ́ша	663	aorist:third:plural	review:v03:06af096688df	v06-manual-alypy-reshchi-aorist	v06-manual-target-resha	synodal:candidate:5b4b44327d196faf86a11587	source partition	evaluation partition	663	663		Exact admission is limited to the cited identity, typed cell, printed spelling, and passage-disjoint target witness; it licenses no productive paradigm.
v06-manual-exact-7968eaf8f96c955f	admitted	manual-evidence-exact	v06-family-0ed3e1078b134600	synodal:verb:v06-vzeti	възѧти	verb	взѧ́ша	260	past:third:plural	v06-manual-semantic-vzeti	v06-manual-alypy-vzeti	v06-manual-target-vzesha	synodal:candidate:5c7e493d6993bd0721f72425	source partition	evaluation partition	260	260		Exact admission is limited to the cited identity, typed cell, printed spelling, and passage-disjoint target witness; it licenses no productive paradigm.
v06-manual-exact-acc05507e95fde94	admitted	manual-evidence-exact	v06-family-eab9bf4ae77e7b7d	synodal:noun:v06-tysyashcha	тысѧща	noun	ты́сѧщъ	636	noun:genitive:plural:inanimate	v06-manual-alypy-thousand	v06-manual-target-tysyashch-gen-pl	v06-manual-target-tysyashch-gen-pl	synodal:candidate:95ab2eaea86379098f19b4df	source partition	evaluation partition	636	636		Exact admission is limited to the cited identity, typed cell, printed spelling, and passage-disjoint target witness; it licenses no productive paradigm.
v06-manual-exact-d0a2adc98c517d69	admitted	manual-evidence-exact	v06-family-eab9bf4ae77e7b7d	synodal:noun:v06-tysyashcha	тысѧща	noun	ты́сѧщы	333	noun:genitive:singular:inanimate	v06-manual-alypy-thousand	v06-manual-target-tysyashchy	v06-manual-target-tysyashchy	synodal:candidate:31399ec73106f22954111d81	source partition	evaluation partition	333	333		Exact admission is limited to the cited identity, typed cell, printed spelling, and passage-disjoint target witness; it licenses no productive paradigm.
v06-manual-exact-d43dea8b54805de2	admitted	manual-evidence-exact	v06-family-cfa0414adbce51cf	synodal:numeral:v06-sto	сто	numeral	сѡ́тъ	461	numeral:cardinal:genitive:plural:neuter:any	v06-manual-alypy-hundreds-rule	v06-manual-target-sot	v06-manual-target-sot	synodal:candidate:8876ea0af6e28cf2bd4d561a	source partition	evaluation partition	461	461		Exact admission is limited to the cited identity, typed cell, printed spelling, and passage-disjoint target witness; it licenses no productive paradigm.
v06-manual-exact-d701d216bf58b356	admitted	manual-evidence-exact	v06-family-97b230f4b467b75a	synodal:pronoun:v06-nichtozhe	ничтоже	pronoun	ничто́же	354	pronoun:nominative:singular:any:none:any	v06-manual-alypy-negative-pronouns	v06-manual-target-nichtozhe	v06-manual-target-nichtozhe	synodal:candidate:227165fb91f27a551e3de5da	source partition	evaluation partition	354	354		Exact admission is limited to the cited identity, typed cell, printed spelling, and passage-disjoint target witness; it licenses no productive paradigm.
v06-manual-exact-db4dc08bc6012fc8	admitted	manual-evidence-exact	v06-family-ada6b74acb07049a	synodal:verb:v06-vzyti	взыти	verb	взы́де	366	aorist:third:singular	v06-manual-semantic-vzyti	v06-manual-alypy-iti-aorist	v06-manual-target-vzyde	synodal:candidate:5402d183612281d5e1334feb	source partition	evaluation partition	366	366		Exact admission is limited to the cited identity, typed cell, printed spelling, and passage-disjoint target witness; it licenses no productive paradigm.
v06-manual-exact-dee6ce209f617214	admitted	manual-evidence-exact	v06-family-161e081e8c7d7733	synodal:verb:wikt-06af096688df			реко́ша	385	aorist:third:plural	review:v03:06af096688df	v06-manual-alypy-reshchi-aorist	v06-manual-target-rekosha	synodal:candidate:c3b750093d8bbffbe38d3e77	source partition	evaluation partition	385	385		Exact admission is limited to the cited identity, typed cell, printed spelling, and passage-disjoint target witness; it licenses no productive paradigm.
v06-manual-exact-e7a7c1fb5e28a49f	admitted	manual-evidence-exact	v06-family-cfa0414adbce51cf	synodal:numeral:v06-sto	сто	numeral	сто̀	496	numeral:cardinal:nominative:singular:neuter:any	v06-manual-alypy-hundred	v06-manual-target-sto	v06-manual-target-sto	synodal:candidate:44d465300432b0dc1ae2afcb	source partition	evaluation partition	496	496		Exact admission is limited to the cited identity, typed cell, printed spelling, and passage-disjoint target witness; it licenses no productive paradigm.
v06-reject-blood-not-roof	rejected	false-grouping	v06-rejected-blood-not-roof	synodal:noun:wikt-63ff1354644b			кро́вь									0	0	False homograph: target contexts mean blood, not кровъ ‘roof’; the candidate remains rejected.	False homograph: target contexts mean blood, not кровъ ‘roof’; the candidate remains rejected.
v06-reject-fall-not-feed	rejected	false-grouping	v06-rejected-fall-not-feed	synodal:verb:wikt-f1f996ebadaa			падѐ									0	0	False homograph: target contexts are finite forms of fall, not пасти ‘feed’; the candidate remains rejected.	False homograph: target contexts are finite forms of fall, not пасти ‘feed’; the candidate remains rejected.
v06-reject-ide-form-lemma	rejected	false-grouping	v06-rejected-ide-form-lemma	synodal:verb:v06-15843ea5aef8b4e8			и҆́де									0	0	Rejected a dictionary entry that is itself an inflected-form definition; the existing reviewed ити identity receives the exact cell.	Rejected a dictionary entry that is itself an inflected-form definition; the existing reviewed ити identity receives the exact cell.
v06-reject-mozhet-future	rejected	false-grouping	v06-rejected-mozhet-future	synodal:verb:v06-c8b75d2f425c16e5			мо́жетъ									0	0	Rejected the mechanically inferred future label; source typing and inspected target contexts support present ‘can’, which is admitted separately.	Rejected the mechanically inferred future label; source typing and inspected target contexts support present ‘can’, which is admitted separately.
v06-reject-poya-sing	rejected	false-grouping	v06-rejected-poya-sing	synodal:verb:wikt-peti			поѧ									0	0	Rejected the пѣти grouping because target contexts support поѩти ‘took’, not ‘sang’.	Rejected the пѣти grouping because target contexts support поѩти ‘took’, not ‘sang’.
v06-reject-priya-present-participle	rejected	false-grouping	v06-rejected-priya-present-participle	synodal:verb:v06-8673185ecc70a12e			прїѧ̀									0	0	Rejected the source-treebank present-participle annotation for this target surface; inspected target contexts are finite past forms, so the target witness does not establish that participial cell.	Rejected the source-treebank present-participle annotation for this target surface; inspected target contexts are finite past forms, so the target witness does not establish that participial cell.
v06-reject-proklyat-finite	rejected	false-grouping	v06-rejected-proklyat-finite	synodal:verb:v06-c00fd3a9428d1397			про́клѧтъ									0	0	Rejected finite-past cells because inspected target passages use the short passive/resultative form ‘cursed’.	Rejected finite-past cells because inspected target passages use the short passive/resultative form ‘cursed’.
v06-reject-rodi-noun	rejected	false-grouping	v06-rejected-rodi-noun	synodal:noun:wikt-833afd91deda			родѝ									0	0	The reviewed noun form exists in generic OCS, but inspected source and evaluation target passages are both finite родити contexts; target identity is not established.	The reviewed noun form exists in generic OCS, but inspected source and evaluation target passages are both finite родити contexts; target identity is not established.
v06-reject-teche-flow	rejected	false-grouping	v06-rejected-teche-flow	synodal:verb:v06-cd9e1e4dd37e37ee			течѐ									0	0	Deferred: target passages mean ‘ran’, while the available unique semantic candidate supplies only ‘flow’; exact sense continuity needs review.	Deferred: target passages mean ‘ran’, while the available unique semantic candidate supplies only ‘flow’; exact sense continuity needs review.
v06-reject-trud-genitive-plural	rejected	false-grouping	v06-rejected-trud-genitive-plural	synodal:noun:v06-059605bc7fcdbc6a			трꙋ́дъ									0	0	Rejected the generic-source genitive-plural cell because the inspected target witnesses are singular and therefore do not establish this exact Synodal typed cell.	Rejected the generic-source genitive-plural cell because the inspected target witnesses are singular and therefore do not establish this exact Synodal typed cell.
v06-reject-velichestvo-quantity	rejected	false-grouping	v06-rejected-velichestvo-quantity	synodal:noun:v06-ce0d12c738c21d01			вели́чество									0	0	Rejected the proposed identity: the candidate means a great quantity or mass, while the target lexeme is величество ‘majesty/greatness’. The matching-looking stem is insufficient semantic evidence.	Rejected the proposed identity: the candidate means a great quantity or mass, while the target lexeme is величество ‘majesty/greatness’. The matching-looking stem is insufficient semantic evidence.
v06-reject-vidit-supine	rejected	false-grouping	v06-rejected-vidit-supine	synodal:verb:wikt-78da2d05497d			ви́дитъ									0	0	Rejected the generic-source supine annotation because both inspected target passages are finite present contexts and do not license a Synodal supine.	Rejected the generic-source supine annotation because both inspected target passages are finite present contexts and do not license a Synodal supine.
v06-reject-vidyat-infinitive	rejected	false-grouping	v06-rejected-vidyat-infinitive	synodal:verb:wikt-78da2d05497d			ви́дѧтъ									0	0	Rejected the generic-source infinitive annotation because inspected target passages are finite third-plural contexts.	Rejected the generic-source infinitive annotation because inspected target passages are finite third-plural contexts.
v06-reject-vina-wine	rejected	false-grouping	v06-rejected-vina-wine	synodal:noun:v06-b656255241f904d4			вїна̀									0	0	Rejected the ‘fault/cause’ identity for this printed surface because the inspected target passage is genitive singular ‘wine’.	Rejected the ‘fault/cause’ identity for this printed surface because the inspected target passage is genitive singular ‘wine’.
v06-reject-vlasti-verb	rejected	false-grouping	v06-rejected-vlasti-verb	synodal:verb:v06-b24863dbb7f8a398			вла́сти									0	0	Rejected the verbal homograph because inspected target passages are noun власть contexts.	Rejected the verbal homograph because inspected target passages are noun власть contexts.
v06-reject-vrat-machine	rejected	false-grouping	v06-rejected-vrat-machine	synodal:noun:v06-3dbe009ffb4af93c			вра́тъ									0	0	Rejected the mechanism/wheel sense; inspected target passages contain the genitive plural of врата ‘gates’.	Rejected the mechanism/wheel sense; inspected target passages contain the genitive plural of врата ‘gates’.
