evidence_id	candidate_id	source_id	citation	decision	target_recension	review_note
v07-source-00292099f41270f0	synodal:candidate:5f837db63d30cabad7cec5c2	syntacticus-20230428	afnik.conll:unknown	reviewed	synodal-russian	Reviewer confirmed that the governed source supports this exact surface and typed cell; no sibling cell or productive rule is implied.
v07-source-005faf8f6e79727b	synodal:candidate:58c9325e8926a0f5080a4bff	english-wiktionary-ocs-kaikki-2026-08-07	плотъ	reviewed	synodal-russian	Reviewer confirmed that the governed source supports this exact surface and typed cell; no sibling cell or productive rule is implied.
v07-source-008d8dfe0eebc929	synodal:candidate:167df70f5cd219971c6c5e35	english-wiktionary-ocs-kaikki-2026-08-07	глава	reviewed	synodal-russian	Reviewer confirmed that the governed source supports this exact surface and typed cell; no sibling cell or productive rule is implied.
v07-source-00a484b7531f9cd3	synodal:candidate:463c1263299f9fa3ae0d556c	syntacticus-20230428	lav.conll:unknown	reviewed	synodal-russian	Reviewer confirmed that the governed source supports this exact surface and typed cell; no sibling cell or productive rule is implied.
v07-source-0116b52437fb25ee	synodal:candidate:575d31cf0508e64b2caffadb	syntacticus-20230428	const.conll:unknown	reviewed	synodal-russian	Reviewer confirmed that the governed source supports this exact surface and typed cell; no sibling cell or productive rule is implied.
v07-source-011977629533fe70	synodal:candidate:722ebe568196626ead8564d8	syntacticus-20230428	lav.conll:unknown	reviewed	synodal-russian	Reviewer confirmed that the governed source supports this exact surface and typed cell; no sibling cell or productive rule is implied.
v07-source-01295866fb900633	synodal:candidate:df1157f8296411a4c8454fc6	syntacticus-20230428	lav.conll:unknown	reviewed	synodal-russian	Reviewer confirmed that the governed source supports this exact surface and typed cell; no sibling cell or productive rule is implied.
v07-source-012b8551e0b58bfd	synodal:candidate:3a2b578bd3e93697991258b9	syntacticus-20230428	supr.conll:unknown	reviewed	synodal-russian	Reviewer confirmed that the governed source supports this exact surface and typed cell; no sibling cell or productive rule is implied.
v07-source-0146b2cfc2782dc1	synodal:candidate:0e8f360a6d3d4578ea6f9137	english-wiktionary-ocs-kaikki-2026-08-07	мѧсо	reviewed	synodal-russian	Reviewer confirmed that the governed source supports this exact surface and typed cell; no sibling cell or productive rule is implied.
v07-source-01c32d2c7592c882	synodal:candidate:1fc14fc46faec861c562fddb	english-wiktionary-ocs-kaikki-2026-08-07	Илиꙗ	reviewed	synodal-russian	Reviewer confirmed that the governed source supports this exact surface and typed cell; no sibling cell or productive rule is implied.
v07-source-023b6b73faae0ecc	synodal:candidate:dfcdb5a32f1524b3182a1919	syntacticus-20230428	lav.conll:unknown	reviewed	synodal-russian	Reviewer confirmed that the governed source supports this exact surface and typed cell; no sibling cell or productive rule is implied.
v07-source-02698315a4630233	synodal:candidate:0484353b01a77817844fdb87	english-wiktionary-ocs-kaikki-2026-08-07	очесъ	reviewed	synodal-russian	Reviewer confirmed that the governed source supports this exact surface and typed cell; no sibling cell or productive rule is implied.
v07-source-0294796ee8916628	synodal:candidate:d123ea7b438ca4c2aea3b1e4	syntacticus-20230428	sergrad.conll:unknown	reviewed	synodal-russian	Reviewer confirmed that the governed source supports this exact surface and typed cell; no sibling cell or productive rule is implied.
v07-source-02eec54aef27f786	synodal:candidate:d73124d2a23819022cca245a	syntacticus-20230428	afnik.conll:unknown	reviewed	synodal-russian	Reviewer confirmed that the governed source supports this exact surface and typed cell; no sibling cell or productive rule is implied.
v07-source-02eede82fc55bde0	synodal:candidate:613408116499dab5329c1fbf	syntacticus-20230428	afnik.conll:unknown	reviewed	synodal-russian	Reviewer confirmed that the governed source supports this exact surface and typed cell; no sibling cell or productive rule is implied.
v07-source-02f0be70dadb50ab	synodal:candidate:7233bdbd0a44f57a0c64bfac	english-wiktionary-ocs-kaikki-2026-08-07	мѫдрость	reviewed	synodal-russian	Reviewer confirmed that the governed source supports this exact surface and typed cell; no sibling cell or productive rule is implied.
v07-source-031403f772200268	synodal:candidate:299e90fff868bccd97c92fb5	syntacticus-20230428	nov-sin.conll:unknown	reviewed	synodal-russian	Reviewer confirmed that the governed source supports this exact surface and typed cell; no sibling cell or productive rule is implied.
v07-source-035735d022f70336	synodal:candidate:816fb16f1cb04752553a5b3d	syntacticus-20230428	lav.conll:unknown	reviewed	synodal-russian	Reviewer confirmed that the governed source supports this exact surface and typed cell; no sibling cell or productive rule is implied.
v07-source-036582bb3bf024a1	synodal:candidate:a305f05173876bbcdcb69741	syntacticus-20230428	usp-sbor.conll:unknown	reviewed	synodal-russian	Reviewer confirmed that the governed source supports this exact surface and typed cell; no sibling cell or productive rule is implied.
v07-source-03681771b1c2ed0a	synodal:candidate:f9bfcc73a49ee50541ecb571	syntacticus-20230428	lav.conll:unknown	reviewed	synodal-russian	Reviewer confirmed that the governed source supports this exact surface and typed cell; no sibling cell or productive rule is implied.
v07-source-03b4bb02eb9ed315	synodal:candidate:9aaebf60abb232c4fd4b82cc	syntacticus-20230428	lav.conll:unknown	reviewed	synodal-russian	Reviewer confirmed that the governed source supports this exact surface and typed cell; no sibling cell or productive rule is implied.
v07-source-03d873ac4a8b26f2	synodal:candidate:f7225ea3058b30689817cc74	syntacticus-20230428	lav.conll:unknown	reviewed	synodal-russian	Reviewer confirmed that the governed source supports this exact surface and typed cell; no sibling cell or productive rule is implied.
v07-source-03ea552b33fdc603	synodal:candidate:8028496551db879d151f692b	syntacticus-20230428	vit-const.conll:unknown	reviewed	synodal-russian	Reviewer confirmed that the governed source supports this exact surface and typed cell; no sibling cell or productive rule is implied.
v07-source-0407d542a9a8ba44	synodal:candidate:e696e1ac9a68ae544529d6e9	syntacticus-20230428	psal-sin.conll:unknown	reviewed	synodal-russian	Reviewer confirmed that the governed source supports this exact surface and typed cell; no sibling cell or productive rule is implied.
v07-source-046279de78ab0c6d	synodal:candidate:412ac9c807ee4a3d25eb3209	syntacticus-20230428	lav.conll:unknown	reviewed	synodal-russian	Reviewer confirmed that the governed source supports this exact surface and typed cell; no sibling cell or productive rule is implied.
v07-source-04790a327b66cf53	synodal:candidate:c757f4511d2b1dc7e0d11bdd	syntacticus-20230428	afnik.conll:unknown	reviewed	synodal-russian	Reviewer confirmed that the governed source supports this exact surface and typed cell; no sibling cell or productive rule is implied.
v07-source-049d0093cb74a620	synodal:candidate:0484353b01a77817844fdb87	english-wiktionary-ocs-kaikki-2026-08-07	очесъ	reviewed	synodal-russian	Reviewer confirmed that the governed source supports this exact surface and typed cell; no sibling cell or productive rule is implied.
v07-source-04d215f6aa10c835	synodal:candidate:f980cf9555eaf19baaffa645	syntacticus-20230428	afnik.conll:unknown	reviewed	synodal-russian	Reviewer confirmed that the governed source supports this exact surface and typed cell; no sibling cell or productive rule is implied.
v07-source-04da2c1db190e619	synodal:candidate:88abef3b5e70b8a1a6a083f1	english-wiktionary-ocs-kaikki-2026-08-07	срамота	reviewed	synodal-russian	Reviewer confirmed that the governed source supports this exact surface and typed cell; no sibling cell or productive rule is implied.
v07-source-04e59686b710a309	synodal:candidate:b74da87599cae58a56c9c2bf	syntacticus-20230428	const.conll:unknown	reviewed	synodal-russian	Reviewer confirmed that the governed source supports this exact surface and typed cell; no sibling cell or productive rule is implied.
v07-source-04e61b017704eaf1	synodal:candidate:4f728c7bcf323d2cd8087f1c	syntacticus-20230428	lav.conll:unknown	reviewed	synodal-russian	Reviewer confirmed that the governed source supports this exact surface and typed cell; no sibling cell or productive rule is implied.
v07-source-04f1bce0e1aa73b8	synodal:candidate:db21ca9b44a7b45c4b05058a	syntacticus-20230428	supr.conll:unknown	reviewed	synodal-russian	Reviewer confirmed that the governed source supports this exact surface and typed cell; no sibling cell or productive rule is implied.
v07-source-0537614d3a448ecb	synodal:candidate:0bf8dd5dba56973645367c2e	english-wiktionary-ocs-kaikki-2026-08-07	оно	reviewed	synodal-russian	Reviewer confirmed that the governed source supports this exact surface and typed cell; no sibling cell or productive rule is implied.
v07-source-05a38a0ab1d307b7	synodal:candidate:4db2455c1f3f6057d3dd898b	english-wiktionary-ocs-kaikki-2026-08-07	вождь	reviewed	synodal-russian	Reviewer confirmed that the governed source supports this exact surface and typed cell; no sibling cell or productive rule is implied.
v07-source-05d3b68f08a29041	synodal:candidate:3c8b05d484b5210bcae72d4b	syntacticus-20230428	afnik.conll:unknown	reviewed	synodal-russian	Reviewer confirmed that the governed source supports this exact surface and typed cell; no sibling cell or productive rule is implied.
v07-source-063dd9a61bd49eed	synodal:candidate:159a0332fcf1101c3ed70642	syntacticus-20230428	lav.conll:unknown	reviewed	synodal-russian	Reviewer confirmed that the governed source supports this exact surface and typed cell; no sibling cell or productive rule is implied.
v07-source-06b91d8efe78b087	synodal:candidate:776662ef739ba38126a3148b	english-wiktionary-ocs-kaikki-2026-08-07	ложе	reviewed	synodal-russian	Reviewer confirmed that the governed source supports this exact surface and typed cell; no sibling cell or productive rule is implied.
v07-source-06d9a353254925fb	synodal:candidate:59e8d6de56c862d062debe5e	syntacticus-20230428	supr.conll:unknown	reviewed	synodal-russian	Reviewer confirmed that the governed source supports this exact surface and typed cell; no sibling cell or productive rule is implied.
v07-source-06f8ed6eef03c66f	synodal:candidate:0ce3c57ea5732c95e6c01b47	syntacticus-20230428	psal-sin.conll:unknown	reviewed	synodal-russian	Reviewer confirmed that the governed source supports this exact surface and typed cell; no sibling cell or productive rule is implied.
v07-source-0816b84fac69f079	synodal:candidate:2aea7711db56472aa8863435	syntacticus-20230428	vit-const.conll:unknown	reviewed	synodal-russian	Reviewer confirmed that the governed source supports this exact surface and typed cell; no sibling cell or productive rule is implied.
v07-source-0818cc678211c5d4	synodal:candidate:429e73321d58d233a0204030	syntacticus-20230428	afnik.conll:unknown	reviewed	synodal-russian	Reviewer confirmed that the governed source supports this exact surface and typed cell; no sibling cell or productive rule is implied.
v07-source-08fa661f2ce89856	synodal:candidate:9d97cdbf83caa72fe4e05f82	syntacticus-20230428	sergrad.conll:unknown	reviewed	synodal-russian	Reviewer confirmed that the governed source supports this exact surface and typed cell; no sibling cell or productive rule is implied.
v07-source-09089e3a864a0103	synodal:candidate:66c1248b9c23d1a28d34900a	english-wiktionary-ocs-kaikki-2026-08-07	вещь	reviewed	synodal-russian	Reviewer confirmed that the governed source supports this exact surface and typed cell; no sibling cell or productive rule is implied.
v07-source-0965ab9b73d69257	synodal:candidate:481e50eb0194878fc685c6a1	syntacticus-20230428	drac.conll:unknown	reviewed	synodal-russian	Reviewer confirmed that the governed source supports this exact surface and typed cell; no sibling cell or productive rule is implied.
v07-source-09caa949d8d773cf	synodal:candidate:3d13abcda7f5ccaa1f4dbd0d	syntacticus-20230428	lav.conll:unknown	reviewed	synodal-russian	Reviewer confirmed that the governed source supports this exact surface and typed cell; no sibling cell or productive rule is implied.
v07-source-0a853fee612106b9	synodal:candidate:ce74a8a6bbaf9e960206d3b5	syntacticus-20230428	const.conll:unknown	reviewed	synodal-russian	Reviewer confirmed that the governed source supports this exact surface and typed cell; no sibling cell or productive rule is implied.
v07-source-0ac2ee831edfbe61	synodal:candidate:af64a1fb4d1179f81223dbed	syntacticus-20230428	sergrad.conll:unknown	reviewed	synodal-russian	Reviewer confirmed that the governed source supports this exact surface and typed cell; no sibling cell or productive rule is implied.
v07-source-0b47472ab83c202b	synodal:candidate:1e6711a25329d50b43e41ca5	syntacticus-20230428	stefan.conll:unknown	reviewed	synodal-russian	Reviewer confirmed that the governed source supports this exact surface and typed cell; no sibling cell or productive rule is implied.
v07-source-0b662b2a4a81d192	synodal:candidate:0f94562d5938143c66ea70e3	syntacticus-20230428	sergrad.conll:unknown	reviewed	synodal-russian	Reviewer confirmed that the governed source supports this exact surface and typed cell; no sibling cell or productive rule is implied.
v07-source-0ba842ebcf63f4b8	synodal:candidate:40e10cc11caf57b5fd5722b2	syntacticus-20230428	psal-sin.conll:unknown	reviewed	synodal-russian	Reviewer confirmed that the governed source supports this exact surface and typed cell; no sibling cell or productive rule is implied.
v07-source-0bd19bd149efd4d0	synodal:candidate:fefe9cfba55a9696cb9044b4	syntacticus-20230428	const.conll:unknown	reviewed	synodal-russian	Reviewer confirmed that the governed source supports this exact surface and typed cell; no sibling cell or productive rule is implied.
v07-source-0c18556f6d83870c	synodal:candidate:bbc47f9a789460ce8cbc149d	syntacticus-20230428	lav.conll:unknown	reviewed	synodal-russian	Reviewer confirmed that the governed source supports this exact surface and typed cell; no sibling cell or productive rule is implied.
v07-source-0c52e0c82c2a9eb2	synodal:candidate:6a6444442059eed2d8c9abd7	syntacticus-20230428	psal-sin.conll:unknown	reviewed	synodal-russian	Reviewer confirmed that the governed source supports this exact surface and typed cell; no sibling cell or productive rule is implied.
v07-source-0c6873e11691b238	synodal:candidate:f93c3f591bd347573ff78122	syntacticus-20230428	psal-sin.conll:unknown	reviewed	synodal-russian	Reviewer confirmed that the governed source supports this exact surface and typed cell; no sibling cell or productive rule is implied.
v07-source-0c897a77c18884f2	synodal:candidate:bd4f02ec87fa7f6f024afe55	syntacticus-20230428	supr.conll:unknown	reviewed	synodal-russian	Reviewer confirmed that the governed source supports this exact surface and typed cell; no sibling cell or productive rule is implied.
v07-source-0cb299bdb5d29a0a	synodal:candidate:ab6bbf08300576a0ba99e6fb	syntacticus-20230428	lav.conll:unknown	reviewed	synodal-russian	Reviewer confirmed that the governed source supports this exact surface and typed cell; no sibling cell or productive rule is implied.
v07-source-0d3ae3fca576cff5	synodal:candidate:833afd91dedab97850211715	english-wiktionary-ocs-kaikki-2026-08-07	родъ	reviewed	synodal-russian	Reviewer confirmed that the governed source supports this exact surface and typed cell; no sibling cell or productive rule is implied.
v07-source-0d70f136af4bd527	synodal:candidate:396fed6552d0281366452723	syntacticus-20230428	lav.conll:unknown	reviewed	synodal-russian	Reviewer confirmed that the governed source supports this exact surface and typed cell; no sibling cell or productive rule is implied.
v07-source-0d8c40a6311064ae	synodal:candidate:73d6c49efc3a4648e45f8040	syntacticus-20230428	psal-sin.conll:unknown	reviewed	synodal-russian	Reviewer confirmed that the governed source supports this exact surface and typed cell; no sibling cell or productive rule is implied.
v07-source-0e41f60df6cbd93b	synodal:candidate:86f145386c3a1afbcd7686b9	syntacticus-20230428	lav.conll:unknown	reviewed	synodal-russian	Reviewer confirmed that the governed source supports this exact surface and typed cell; no sibling cell or productive rule is implied.
v07-source-0e94109e41718bb9	synodal:candidate:bffc495fa2b66b530cdcce8b	syntacticus-20230428	vit-const.conll:unknown	reviewed	synodal-russian	Reviewer confirmed that the governed source supports this exact surface and typed cell; no sibling cell or productive rule is implied.
v07-source-0eb1b4e5e91a2c82	synodal:candidate:5c3a4df367af8d85e3f040c1	english-wiktionary-ocs-kaikki-2026-08-07	мꙑсль	reviewed	synodal-russian	Reviewer confirmed that the governed source supports this exact surface and typed cell; no sibling cell or productive rule is implied.
v07-source-0ecbd0cfc1e2b049	synodal:candidate:50dbc4c043d07191bb698d9a	syntacticus-20230428	lav.conll:unknown	reviewed	synodal-russian	Reviewer confirmed that the governed source supports this exact surface and typed cell; no sibling cell or productive rule is implied.
v07-source-0ee89263fef41492	synodal:candidate:0c1f62d7e1ee9c0b254e6cdc	syntacticus-20230428	chrabr.conll:unknown	reviewed	synodal-russian	Reviewer confirmed that the governed source supports this exact surface and typed cell; no sibling cell or productive rule is implied.
v07-source-0f2d32929ae3a247	synodal:candidate:1f7305a8470b5e1dbd22f639	syntacticus-20230428	zogr.conll:unknown	reviewed	synodal-russian	Reviewer confirmed that the governed source supports this exact surface and typed cell; no sibling cell or productive rule is implied.
v07-source-0f2e4f4497985f9f	synodal:candidate:00635f9b86c5cd55ca0d4cfa	syntacticus-20230428	psal-sin.conll:unknown	reviewed	synodal-russian	Reviewer confirmed that the governed source supports this exact surface and typed cell; no sibling cell or productive rule is implied.
v07-source-0fa76c5e17cbc914	synodal:candidate:6424ceebca20819c738b80ee	syntacticus-20230428	lav.conll:unknown	reviewed	synodal-russian	Reviewer confirmed that the governed source supports this exact surface and typed cell; no sibling cell or productive rule is implied.
v07-source-0fe8640f48765820	synodal:candidate:e47111e943ecb47f9933666d	syntacticus-20230428	afnik.conll:unknown	reviewed	synodal-russian	Reviewer confirmed that the governed source supports this exact surface and typed cell; no sibling cell or productive rule is implied.
v07-source-1028310cda4872eb	synodal:candidate:9659686ec577f29282a09216	syntacticus-20230428	lav.conll:unknown	reviewed	synodal-russian	Reviewer confirmed that the governed source supports this exact surface and typed cell; no sibling cell or productive rule is implied.
v07-source-102f1924ae6631f1	synodal:candidate:2197823c2cc495b896c06143	syntacticus-20230428	lav.conll:unknown	reviewed	synodal-russian	Reviewer confirmed that the governed source supports this exact surface and typed cell; no sibling cell or productive rule is implied.
v07-source-104c7bc6226a0014	synodal:candidate:5cc903a5e412ac33cede329e	english-wiktionary-ocs-kaikki-2026-08-07	ꙗрость	reviewed	synodal-russian	Reviewer confirmed that the governed source supports this exact surface and typed cell; no sibling cell or productive rule is implied.
v07-source-10a2f21b9f7bb496	synodal:candidate:f03eb739d08c9df1c805ebf6	english-wiktionary-ocs-kaikki-2026-08-07	ѩзꙑкъ	reviewed	synodal-russian	Reviewer confirmed that the governed source supports this exact surface and typed cell; no sibling cell or productive rule is implied.
v07-source-114d2a6d93710f44	synodal:candidate:8764152384dc67f8cbcc63dd	syntacticus-20230428	lav.conll:unknown	reviewed	synodal-russian	Reviewer confirmed that the governed source supports this exact surface and typed cell; no sibling cell or productive rule is implied.
v07-source-115552e9e31dcacd	synodal:candidate:c622837cf216ec731e1ac78d	syntacticus-20230428	nov-sin.conll:unknown	reviewed	synodal-russian	Reviewer confirmed that the governed source supports this exact surface and typed cell; no sibling cell or productive rule is implied.
v07-source-115fea022a54ccb1	synodal:candidate:776662ef739ba38126a3148b	english-wiktionary-ocs-kaikki-2026-08-07	ложе	reviewed	synodal-russian	Reviewer confirmed that the governed source supports this exact surface and typed cell; no sibling cell or productive rule is implied.
v07-source-122b7e62f0f540a4	synodal:candidate:ec8b373a22b9aabac3ea40fb	syntacticus-20230428	lav.conll:unknown	reviewed	synodal-russian	Reviewer confirmed that the governed source supports this exact surface and typed cell; no sibling cell or productive rule is implied.
v07-source-123905d5f49c5275	synodal:candidate:9e2f8756f69be59852a33653	english-wiktionary-ocs-kaikki-2026-08-07	нань	reviewed	synodal-russian	Reviewer confirmed that the governed source supports this exact surface and typed cell; no sibling cell or productive rule is implied.
v07-source-125611669cf82b0d	synodal:candidate:a1501fda18fcb3ee50836332	syntacticus-20230428	spi.conll:unknown	reviewed	synodal-russian	Reviewer confirmed that the governed source supports this exact surface and typed cell; no sibling cell or productive rule is implied.
v07-source-1277cf61a1acfc99	synodal:candidate:8eea7e2c73e4850cbe96b1e3	english-wiktionary-ocs-kaikki-2026-08-07	ⰸⰾⰰⱅⱁ	reviewed	synodal-russian	Reviewer confirmed that the governed source supports this exact surface and typed cell; no sibling cell or productive rule is implied.
v07-source-127fb0b678093026	synodal:candidate:85364e8452dcd7979667b3a0	syntacticus-20230428	vit-const.conll:unknown	reviewed	synodal-russian	Reviewer confirmed that the governed source supports this exact surface and typed cell; no sibling cell or productive rule is implied.
v07-source-1314b280d7ffd3b0	synodal:candidate:3106e74a05c8dbab92502ca3	syntacticus-20230428	lav.conll:unknown	reviewed	synodal-russian	Reviewer confirmed that the governed source supports this exact surface and typed cell; no sibling cell or productive rule is implied.
v07-source-134d30b4456da321	synodal:candidate:a87a3ddf537e67ec97c6da27	syntacticus-20230428	lav.conll:unknown	reviewed	synodal-russian	Reviewer confirmed that the governed source supports this exact surface and typed cell; no sibling cell or productive rule is implied.
v07-source-134e8e494cfcdbd9	synodal:candidate:1f1ec9a47a18a121a5535721	english-wiktionary-ocs-kaikki-2026-08-07	ограда	reviewed	synodal-russian	Reviewer confirmed that the governed source supports this exact surface and typed cell; no sibling cell or productive rule is implied.
v07-source-1384323ffedc5eec	synodal:candidate:06a8e1d612baa14b8b1eb3a9	syntacticus-20230428	stefan.conll:unknown	reviewed	synodal-russian	Reviewer confirmed that the governed source supports this exact surface and typed cell; no sibling cell or productive rule is implied.
v07-source-139cdb8495314dae	synodal:candidate:ed60e0c6e0200e51592c8faf	syntacticus-20230428	sergrad.conll:unknown	reviewed	synodal-russian	Reviewer confirmed that the governed source supports this exact surface and typed cell; no sibling cell or productive rule is implied.
v07-source-1405db8659d34a9a	synodal:candidate:e3638edb59a2f5867b657f72	syntacticus-20230428	lav.conll:unknown	reviewed	synodal-russian	Reviewer confirmed that the governed source supports this exact surface and typed cell; no sibling cell or productive rule is implied.
v07-source-14a8b0731cb89277	synodal:candidate:e68671a627a4de88f01f3182	syntacticus-20230428	lav.conll:unknown	reviewed	synodal-russian	Reviewer confirmed that the governed source supports this exact surface and typed cell; no sibling cell or productive rule is implied.
v07-source-151390ec051ccdfb	synodal:candidate:601a470ed8ac3d42de592293	english-wiktionary-ocs-kaikki-2026-08-07	домъ	reviewed	synodal-russian	Reviewer confirmed that the governed source supports this exact surface and typed cell; no sibling cell or productive rule is implied.
v07-source-153ec60c9fcd29ed	synodal:candidate:1db95a9976079c707507d4cc	syntacticus-20230428	lav.conll:unknown	reviewed	synodal-russian	Reviewer confirmed that the governed source supports this exact surface and typed cell; no sibling cell or productive rule is implied.
v07-source-156a7b1c23c2e2ee	synodal:candidate:5bb93273c410393809fa445a	syntacticus-20230428	lav.conll:unknown	reviewed	synodal-russian	Reviewer confirmed that the governed source supports this exact surface and typed cell; no sibling cell or productive rule is implied.
v07-source-16470ba0c9a05b2d	synodal:candidate:cfd80f622f407760fdf022dc	syntacticus-20230428	lav.conll:unknown	reviewed	synodal-russian	Reviewer confirmed that the governed source supports this exact surface and typed cell; no sibling cell or productive rule is implied.
v07-source-1682e75aa2486761	synodal:candidate:3e61cfd829eecf6607d7ca79	syntacticus-20230428	sergrad.conll:unknown	reviewed	synodal-russian	Reviewer confirmed that the governed source supports this exact surface and typed cell; no sibling cell or productive rule is implied.
v07-source-16ac380a6e885495	synodal:candidate:dcc604fbe3ecafa1390aa532	syntacticus-20230428	supr.conll:unknown	reviewed	synodal-russian	Reviewer confirmed that the governed source supports this exact surface and typed cell; no sibling cell or productive rule is implied.
v07-source-16edce1089de5096	synodal:candidate:a77e71e2c1971fd004be5b52	syntacticus-20230428	psal-sin.conll:unknown	reviewed	synodal-russian	Reviewer confirmed that the governed source supports this exact surface and typed cell; no sibling cell or productive rule is implied.
v07-source-17272e9ea5cfae0d	synodal:candidate:12e282a50a9d1dd186eb6983	syntacticus-20230428	afnik.conll:unknown	reviewed	synodal-russian	Reviewer confirmed that the governed source supports this exact surface and typed cell; no sibling cell or productive rule is implied.
v07-source-17cfb18453393489	synodal:candidate:16ec9213d177f7f5574f9a1a	syntacticus-20230428	lav.conll:unknown	reviewed	synodal-russian	Reviewer confirmed that the governed source supports this exact surface and typed cell; no sibling cell or productive rule is implied.
v07-source-17d317f015f93966	synodal:candidate:c6ffeba629cf15dd321d4754	english-wiktionary-ocs-kaikki-2026-08-07	волꙗ	reviewed	synodal-russian	Reviewer confirmed that the governed source supports this exact surface and typed cell; no sibling cell or productive rule is implied.
v07-source-17e35b2e7cc1b997	synodal:candidate:f6207a4fd98a23a9eea19542	syntacticus-20230428	zadon.conll:unknown	reviewed	synodal-russian	Reviewer confirmed that the governed source supports this exact surface and typed cell; no sibling cell or productive rule is implied.
v07-source-17f3746377c0fedc	synodal:candidate:34efb46bfd9102671e6eeccc	syntacticus-20230428	supr.conll:unknown	reviewed	synodal-russian	Reviewer confirmed that the governed source supports this exact surface and typed cell; no sibling cell or productive rule is implied.
v07-source-18155a8f645f33af	synodal:candidate:20940d179165d456d55753d4	syntacticus-20230428	const.conll:unknown	reviewed	synodal-russian	Reviewer confirmed that the governed source supports this exact surface and typed cell; no sibling cell or productive rule is implied.
v07-source-1948904e7b0fc35e	synodal:candidate:24305800f407fe23bfbd2ac3	english-wiktionary-ocs-kaikki-2026-08-07	вельможа	reviewed	synodal-russian	Reviewer confirmed that the governed source supports this exact surface and typed cell; no sibling cell or productive rule is implied.
v07-source-1a07b7ced0cb2ae5	synodal:candidate:6ba1b9ab4cd4203660e35b42	syntacticus-20230428	const.conll:unknown	reviewed	synodal-russian	Reviewer confirmed that the governed source supports this exact surface and typed cell; no sibling cell or productive rule is implied.
v07-source-1a0baaf905112926	synodal:candidate:368680b333c7fdcf2a6ec424	syntacticus-20230428	nov-list.conll:unknown	reviewed	synodal-russian	Reviewer confirmed that the governed source supports this exact surface and typed cell; no sibling cell or productive rule is implied.
v07-source-1a11377f48d699fc	synodal:candidate:c6ffeba629cf15dd321d4754	english-wiktionary-ocs-kaikki-2026-08-07	волꙗ	reviewed	synodal-russian	Reviewer confirmed that the governed source supports this exact surface and typed cell; no sibling cell or productive rule is implied.
v07-source-1a9f3da343c42c4d	synodal:candidate:e982f94fd9414ddbce66ba18	syntacticus-20230428	sergrad.conll:unknown	reviewed	synodal-russian	Reviewer confirmed that the governed source supports this exact surface and typed cell; no sibling cell or productive rule is implied.
v07-source-1aecb05f7d4f27b3	synodal:candidate:14b17720436dc9638fe1004d	syntacticus-20230428	lav.conll:unknown	reviewed	synodal-russian	Reviewer confirmed that the governed source supports this exact surface and typed cell; no sibling cell or productive rule is implied.
v07-source-1b2fff4ff5df0d47	synodal:candidate:1f1ec9a47a18a121a5535721	english-wiktionary-ocs-kaikki-2026-08-07	ограда	reviewed	synodal-russian	Reviewer confirmed that the governed source supports this exact surface and typed cell; no sibling cell or productive rule is implied.
v07-source-1bcdcb75e90f2c48	synodal:candidate:f0839864e6c27b9810b00e77	english-wiktionary-ocs-kaikki-2026-08-07	рана	reviewed	synodal-russian	Reviewer confirmed that the governed source supports this exact surface and typed cell; no sibling cell or productive rule is implied.
v07-source-1c07216787d43194	synodal:candidate:510543eb1c10b0f7d7ff279a	syntacticus-20230428	const.conll:unknown	reviewed	synodal-russian	Reviewer confirmed that the governed source supports this exact surface and typed cell; no sibling cell or productive rule is implied.
v07-source-1c233b2e8c28428a	synodal:candidate:0bf8dd5dba56973645367c2e	english-wiktionary-ocs-kaikki-2026-08-07	оно	reviewed	synodal-russian	Reviewer confirmed that the governed source supports this exact surface and typed cell; no sibling cell or productive rule is implied.
v07-source-1c7ff25b43f16712	synodal:candidate:5bddda8df6dfdd0cd2013c56	english-wiktionary-ocs-kaikki-2026-08-07	щедрота	reviewed	synodal-russian	Reviewer confirmed that the governed source supports this exact surface and typed cell; no sibling cell or productive rule is implied.
v07-source-1ccd1032081c3e19	synodal:candidate:5c3a4df367af8d85e3f040c1	english-wiktionary-ocs-kaikki-2026-08-07	мꙑсль	reviewed	synodal-russian	Reviewer confirmed that the governed source supports this exact surface and typed cell; no sibling cell or productive rule is implied.
v07-source-1d66369475616fca	synodal:candidate:b0a8c7e497fc8fcc060d4ea2	syntacticus-20230428	lav.conll:unknown	reviewed	synodal-russian	Reviewer confirmed that the governed source supports this exact surface and typed cell; no sibling cell or productive rule is implied.
v07-source-1d880ece3c19fd27	synodal:candidate:406bba93e625c0b7ec05f078	syntacticus-20230428	afnik.conll:unknown	reviewed	synodal-russian	Reviewer confirmed that the governed source supports this exact surface and typed cell; no sibling cell or productive rule is implied.
v07-source-1dc6163a0293ac50	synodal:candidate:e387b71f42e95b440251109f	syntacticus-20230428	lav.conll:unknown	reviewed	synodal-russian	Reviewer confirmed that the governed source supports this exact surface and typed cell; no sibling cell or productive rule is implied.
v07-source-1dd19936b9ae999d	synodal:candidate:074f45899508dc1d5d17fcc1	english-wiktionary-ocs-kaikki-2026-08-07	овъ	reviewed	synodal-russian	Reviewer confirmed that the governed source supports this exact surface and typed cell; no sibling cell or productive rule is implied.
v07-source-1de434e6cb2e7a6d	synodal:candidate:88f1c7b6dfd7f548ddb45dea	syntacticus-20230428	lav.conll:unknown	reviewed	synodal-russian	Reviewer confirmed that the governed source supports this exact surface and typed cell; no sibling cell or productive rule is implied.
v07-source-1dfc8105f0f91605	synodal:candidate:929f4ea98ebd9375157442ad	english-wiktionary-ocs-kaikki-2026-08-07	стѣна	reviewed	synodal-russian	Reviewer confirmed that the governed source supports this exact surface and typed cell; no sibling cell or productive rule is implied.
v07-source-1e1824ca313c252d	synodal:candidate:7d1271c34ce5984a36213227	syntacticus-20230428	sergrad.conll:unknown	reviewed	synodal-russian	Reviewer confirmed that the governed source supports this exact surface and typed cell; no sibling cell or productive rule is implied.
v07-source-1e968fe38f7bc7de	synodal:candidate:c14a07665d51c2d4c0836de7	syntacticus-20230428	lav.conll:unknown	reviewed	synodal-russian	Reviewer confirmed that the governed source supports this exact surface and typed cell; no sibling cell or productive rule is implied.
v07-source-1eb21d0203befdd0	synodal:candidate:4feeb91643d66e386f00a177	english-wiktionary-ocs-kaikki-2026-08-07	жена	reviewed	synodal-russian	Reviewer confirmed that the governed source supports this exact surface and typed cell; no sibling cell or productive rule is implied.
v07-source-1eccdf921684de28	synodal:candidate:2a1a322a0eb41be5d399b68b	english-wiktionary-ocs-kaikki-2026-08-07	работа	reviewed	synodal-russian	Reviewer confirmed that the governed source supports this exact surface and typed cell; no sibling cell or productive rule is implied.
v07-source-1f1c377791636dc4	synodal:candidate:601a470ed8ac3d42de592293	english-wiktionary-ocs-kaikki-2026-08-07	домъ	reviewed	synodal-russian	Reviewer confirmed that the governed source supports this exact surface and typed cell; no sibling cell or productive rule is implied.
v07-source-1f516bae0e00cd71	synodal:candidate:3ab81dc8aa038ce39297fe7b	syntacticus-20230428	spi.conll:unknown	reviewed	synodal-russian	Reviewer confirmed that the governed source supports this exact surface and typed cell; no sibling cell or productive rule is implied.
v07-source-20156cb961b7e7b9	synodal:candidate:ef601847ac42a905c5976412	syntacticus-20230428	sergrad.conll:unknown	reviewed	synodal-russian	Reviewer confirmed that the governed source supports this exact surface and typed cell; no sibling cell or productive rule is implied.
v07-source-2081221eebdee6fb	synodal:candidate:5fc3071a115f04e345edd649	syntacticus-20230428	lav.conll:unknown	reviewed	synodal-russian	Reviewer confirmed that the governed source supports this exact surface and typed cell; no sibling cell or productive rule is implied.
v07-source-20adec5696df0c65	synodal:candidate:b36457810ff8bdfc1bc0c555	syntacticus-20230428	supr.conll:unknown	reviewed	synodal-russian	Reviewer confirmed that the governed source supports this exact surface and typed cell; no sibling cell or productive rule is implied.
v07-source-20b1026b1d7e6ec4	synodal:candidate:24a6b0bca64df97f6a4be404	syntacticus-20230428	const.conll:unknown	reviewed	synodal-russian	Reviewer confirmed that the governed source supports this exact surface and typed cell; no sibling cell or productive rule is implied.
v07-source-20bd7a6c50589eef	synodal:candidate:b6f0af169d67e5987ec25cba	syntacticus-20230428	nov-sin.conll:unknown	reviewed	synodal-russian	Reviewer confirmed that the governed source supports this exact surface and typed cell; no sibling cell or productive rule is implied.
v07-source-20f49bca34272ab1	synodal:candidate:a374b3c1c634d2c4004a3e9e	syntacticus-20230428	vit-meth.conll:unknown	reviewed	synodal-russian	Reviewer confirmed that the governed source supports this exact surface and typed cell; no sibling cell or productive rule is implied.
v07-source-20f5f9143353d56e	synodal:candidate:702d399334412bc3a9cf448e	syntacticus-20230428	nov-sin.conll:unknown	reviewed	synodal-russian	Reviewer confirmed that the governed source supports this exact surface and typed cell; no sibling cell or productive rule is implied.
v07-source-213b073422cda733	synodal:candidate:885bf0183a63f4803fb13705	syntacticus-20230428	sergrad.conll:unknown	reviewed	synodal-russian	Reviewer confirmed that the governed source supports this exact surface and typed cell; no sibling cell or productive rule is implied.
v07-source-21f48b52976e80a5	synodal:candidate:2a3614c90c1810397ccfdb06	syntacticus-20230428	afnik.conll:unknown	reviewed	synodal-russian	Reviewer confirmed that the governed source supports this exact surface and typed cell; no sibling cell or productive rule is implied.
v07-source-2271901f91d649c3	synodal:candidate:347db60f9004aae0e64fcf72	syntacticus-20230428	sergrad.conll:unknown	reviewed	synodal-russian	Reviewer confirmed that the governed source supports this exact surface and typed cell; no sibling cell or productive rule is implied.
v07-source-22ac68a764fb67b1	synodal:candidate:a6f7279ed9c0db259eac08b8	syntacticus-20230428	lav.conll:unknown	reviewed	synodal-russian	Reviewer confirmed that the governed source supports this exact surface and typed cell; no sibling cell or productive rule is implied.
v07-source-22bdff8b1350ba1a	synodal:candidate:d95d9adc996a891a6d2886ac	syntacticus-20230428	afnik.conll:unknown	reviewed	synodal-russian	Reviewer confirmed that the governed source supports this exact surface and typed cell; no sibling cell or productive rule is implied.
v07-source-22ccbf6c2dc3eb31	synodal:candidate:ba84c729a75653c74368f3c6	syntacticus-20230428	const.conll:unknown	reviewed	synodal-russian	Reviewer confirmed that the governed source supports this exact surface and typed cell; no sibling cell or productive rule is implied.
v07-source-23109719f55f84c6	synodal:candidate:2eb49245565d7d40b8ca00a1	english-wiktionary-ocs-kaikki-2026-08-07	рабꙑни	reviewed	synodal-russian	Reviewer confirmed that the governed source supports this exact surface and typed cell; no sibling cell or productive rule is implied.
v07-source-2387265ace6981de	synodal:candidate:2a1a322a0eb41be5d399b68b	english-wiktionary-ocs-kaikki-2026-08-07	работа	reviewed	synodal-russian	Reviewer confirmed that the governed source supports this exact surface and typed cell; no sibling cell or productive rule is implied.
v07-source-238d7cf482eb32ad	synodal:candidate:649097c5ef51f3c324da485b	syntacticus-20230428	sergrad.conll:unknown	reviewed	synodal-russian	Reviewer confirmed that the governed source supports this exact surface and typed cell; no sibling cell or productive rule is implied.
v07-source-23b87911e47057cb	synodal:candidate:caaa5bd6a6e8e3b6f4c4a62d	syntacticus-20230428	afnik.conll:unknown	reviewed	synodal-russian	Reviewer confirmed that the governed source supports this exact surface and typed cell; no sibling cell or productive rule is implied.
v07-source-24114aab7e979b6a	synodal:candidate:c6ffeba629cf15dd321d4754	english-wiktionary-ocs-kaikki-2026-08-07	волꙗ	reviewed	synodal-russian	Reviewer confirmed that the governed source supports this exact surface and typed cell; no sibling cell or productive rule is implied.
v07-source-248106a6f87d91e2	synodal:candidate:cd356adbca1017bb2ea7bf04	syntacticus-20230428	lav.conll:unknown	reviewed	synodal-russian	Reviewer confirmed that the governed source supports this exact surface and typed cell; no sibling cell or productive rule is implied.
v07-source-24e2bc205c086ff7	synodal:candidate:bd6122448b461c6ee43bf740	syntacticus-20230428	lav.conll:unknown	reviewed	synodal-russian	Reviewer confirmed that the governed source supports this exact surface and typed cell; no sibling cell or productive rule is implied.
v07-source-25118b70bf3c26e9	synodal:candidate:d275d163870861f26688cbc5	syntacticus-20230428	supr.conll:unknown	reviewed	synodal-russian	Reviewer confirmed that the governed source supports this exact surface and typed cell; no sibling cell or productive rule is implied.
v07-source-252660166edd3cf8	synodal:candidate:e11f50bdb659f13f417e363a	syntacticus-20230428	sergrad.conll:unknown	reviewed	synodal-russian	Reviewer confirmed that the governed source supports this exact surface and typed cell; no sibling cell or productive rule is implied.
v07-source-252b1d6c6c3b605d	synodal:candidate:1b13dda61dd01d7cd63257db	syntacticus-20230428	pvl-hyp.conll:unknown	reviewed	synodal-russian	Reviewer confirmed that the governed source supports this exact surface and typed cell; no sibling cell or productive rule is implied.
v07-source-255b12035ab3dc2a	synodal:candidate:c8a4c807f2bfbdaa67d3198e	syntacticus-20230428	afnik.conll:unknown	reviewed	synodal-russian	Reviewer confirmed that the governed source supports this exact surface and typed cell; no sibling cell or productive rule is implied.
v07-source-257832c44a9c9688	synodal:candidate:9a35f01bb331bdff28578010	syntacticus-20230428	pvl-hyp.conll:unknown	reviewed	synodal-russian	Reviewer confirmed that the governed source supports this exact surface and typed cell; no sibling cell or productive rule is implied.
v07-source-259749516de636b8	synodal:candidate:833afd91dedab97850211715	english-wiktionary-ocs-kaikki-2026-08-07	родъ	reviewed	synodal-russian	Reviewer confirmed that the governed source supports this exact surface and typed cell; no sibling cell or productive rule is implied.
v07-source-260bb25787fb23a9	synodal:candidate:de08b18066e44aa3b157f9f5	syntacticus-20230428	sergrad.conll:unknown	reviewed	synodal-russian	Reviewer confirmed that the governed source supports this exact surface and typed cell; no sibling cell or productive rule is implied.
v07-source-263e70f7139e5ad1	synodal:candidate:cc6d75ef656fd514bbc3d6d9	syntacticus-20230428	const.conll:unknown	reviewed	synodal-russian	Reviewer confirmed that the governed source supports this exact surface and typed cell; no sibling cell or productive rule is implied.
v07-source-2716dd248a1ed750	synodal:candidate:27cc3537e7008c1ec20cf7f2	syntacticus-20230428	lav.conll:unknown	reviewed	synodal-russian	Reviewer confirmed that the governed source supports this exact surface and typed cell; no sibling cell or productive rule is implied.
v07-source-272c224cfea202b3	synodal:candidate:c56f675eb480bb8eb81daf1d	syntacticus-20230428	lav.conll:unknown	reviewed	synodal-russian	Reviewer confirmed that the governed source supports this exact surface and typed cell; no sibling cell or productive rule is implied.
v07-source-274e39447d0409e3	synodal:candidate:e35820b4a1397a8f4f733f44	syntacticus-20230428	stefan.conll:unknown	reviewed	synodal-russian	Reviewer confirmed that the governed source supports this exact surface and typed cell; no sibling cell or productive rule is implied.
v07-source-2759a8cf5c04f62e	synodal:candidate:0ef0e3910dc4d0c68fe12019	syntacticus-20230428	afnik.conll:unknown	reviewed	synodal-russian	Reviewer confirmed that the governed source supports this exact surface and typed cell; no sibling cell or productive rule is implied.
v07-source-2799e0d651c378aa	synodal:candidate:d956060888da9f56fef3e565	syntacticus-20230428	afnik.conll:unknown	reviewed	synodal-russian	Reviewer confirmed that the governed source supports this exact surface and typed cell; no sibling cell or productive rule is implied.
v07-source-27f9767ac33eb0f3	synodal:candidate:dfc33f8e4c35d198c7355e60	syntacticus-20230428	lav.conll:unknown	reviewed	synodal-russian	Reviewer confirmed that the governed source supports this exact surface and typed cell; no sibling cell or productive rule is implied.
v07-source-288b50c33c3dc0b6	synodal:candidate:5bdb75381c06d5012f2174aa	syntacticus-20230428	sergrad.conll:unknown	reviewed	synodal-russian	Reviewer confirmed that the governed source supports this exact surface and typed cell; no sibling cell or productive rule is implied.
v07-source-288e9f5d4b51327a	synodal:candidate:059bae6036b1b41c61e758c2	syntacticus-20230428	lav.conll:unknown	reviewed	synodal-russian	Reviewer confirmed that the governed source supports this exact surface and typed cell; no sibling cell or productive rule is implied.
v07-source-28d5c2fe3a53898f	synodal:candidate:37dbbcd15b637da45c470001	english-wiktionary-ocs-kaikki-2026-08-07	Сѷріꙗ	reviewed	synodal-russian	Reviewer confirmed that the governed source supports this exact surface and typed cell; no sibling cell or productive rule is implied.
v07-source-28dcabe23f800c0b	synodal:candidate:af2971355b7582945c2b4f5f	syntacticus-20230428	nov-sin.conll:unknown	reviewed	synodal-russian	Reviewer confirmed that the governed source supports this exact surface and typed cell; no sibling cell or productive rule is implied.
v07-source-29022a3ee57c2b93	synodal:candidate:3f0b7dbdc677c28f3b055a64	syntacticus-20230428	lav.conll:unknown	reviewed	synodal-russian	Reviewer confirmed that the governed source supports this exact surface and typed cell; no sibling cell or productive rule is implied.
v07-source-2945477ca0204bb8	synodal:candidate:246df9e425fab1012cb12dfe	english-wiktionary-ocs-kaikki-2026-08-07	Аарѡнъ	reviewed	synodal-russian	Reviewer confirmed that the governed source supports this exact surface and typed cell; no sibling cell or productive rule is implied.
v07-source-296ac88f36c6ef6c	synodal:candidate:e5fa0f3a69bbbde2d0a0cb58	syntacticus-20230428	vit-const.conll:unknown	reviewed	synodal-russian	Reviewer confirmed that the governed source supports this exact surface and typed cell; no sibling cell or productive rule is implied.
v07-source-298058df8c548817	synodal:candidate:b92d6ea584d872d976f9affc	syntacticus-20230428	psal-sin.conll:unknown	reviewed	synodal-russian	Reviewer confirmed that the governed source supports this exact surface and typed cell; no sibling cell or productive rule is implied.
v07-source-299ab7cbfb4699b3	synodal:candidate:c81a629a6d4ae29d3563a02a	syntacticus-20230428	lav.conll:unknown	reviewed	synodal-russian	Reviewer confirmed that the governed source supports this exact surface and typed cell; no sibling cell or productive rule is implied.
v07-source-29aa8abf5f1cab5d	synodal:candidate:e15a8cebfa90558343b6cb73	syntacticus-20230428	usp-sbor.conll:unknown	reviewed	synodal-russian	Reviewer confirmed that the governed source supports this exact surface and typed cell; no sibling cell or productive rule is implied.
v07-source-2a292f8434294651	synodal:candidate:3ce6357980e08e9bf02664d5	syntacticus-20230428	sergrad.conll:unknown	reviewed	synodal-russian	Reviewer confirmed that the governed source supports this exact surface and typed cell; no sibling cell or productive rule is implied.
v07-source-2a91e21234664cbf	synodal:candidate:7fb748faecf45d04d35961a2	syntacticus-20230428	golitsyn.conll:unknown	reviewed	synodal-russian	Reviewer confirmed that the governed source supports this exact surface and typed cell; no sibling cell or productive rule is implied.
v07-source-2acf70ab4acc50be	synodal:candidate:0455864dfaa20015244439b1	english-wiktionary-ocs-kaikki-2026-08-07	пища	reviewed	synodal-russian	Reviewer confirmed that the governed source supports this exact surface and typed cell; no sibling cell or productive rule is implied.
v07-source-2aedcc6af4b05f97	synodal:candidate:60e6e7108683c80c2db2d490	english-wiktionary-ocs-kaikki-2026-08-07	ⱁⱍⰻⱎⱅⰵⱀⰻⰵ	reviewed	synodal-russian	Reviewer confirmed that the governed source supports this exact surface and typed cell; no sibling cell or productive rule is implied.
v07-source-2b1387060fce2402	synodal:candidate:3ea757cc01589e3f478326dc	syntacticus-20230428	const.conll:unknown	reviewed	synodal-russian	Reviewer confirmed that the governed source supports this exact surface and typed cell; no sibling cell or productive rule is implied.
v07-source-2b5f10dc34eb7da2	synodal:candidate:e392133bf60c64de54cf7304	syntacticus-20230428	zogr.conll:unknown	reviewed	synodal-russian	Reviewer confirmed that the governed source supports this exact surface and typed cell; no sibling cell or productive rule is implied.
v07-source-2b6607b73292671f	synodal:candidate:93dec0dfd6ba0caeb71534fd	syntacticus-20230428	vit-const.conll:unknown	reviewed	synodal-russian	Reviewer confirmed that the governed source supports this exact surface and typed cell; no sibling cell or productive rule is implied.
v07-source-2c737e5f3ad04099	synodal:candidate:2eb49245565d7d40b8ca00a1	english-wiktionary-ocs-kaikki-2026-08-07	рабꙑни	reviewed	synodal-russian	Reviewer confirmed that the governed source supports this exact surface and typed cell; no sibling cell or productive rule is implied.
v07-source-2ca0c78480f3f9e6	synodal:candidate:d134c6d1b061a1a8dbcc7e1d	syntacticus-20230428	stefan.conll:unknown	reviewed	synodal-russian	Reviewer confirmed that the governed source supports this exact surface and typed cell; no sibling cell or productive rule is implied.
v07-source-2cd729939ea72419	synodal:candidate:2042bba7890525bcca35478f	syntacticus-20230428	supr.conll:unknown	reviewed	synodal-russian	Reviewer confirmed that the governed source supports this exact surface and typed cell; no sibling cell or productive rule is implied.
v07-source-2d0466f2f1f0efdf	synodal:candidate:358112fe8e7689dd4df49120	syntacticus-20230428	afnik.conll:unknown	reviewed	synodal-russian	Reviewer confirmed that the governed source supports this exact surface and typed cell; no sibling cell or productive rule is implied.
v07-source-2d57b32d912de5f7	synodal:candidate:5ca17971d66453fd0cf176b5	syntacticus-20230428	supr.conll:unknown	reviewed	synodal-russian	Reviewer confirmed that the governed source supports this exact surface and typed cell; no sibling cell or productive rule is implied.
v07-source-2d5ef549db0878f2	synodal:candidate:8540b74da91972cdc7455646	syntacticus-20230428	sergrad.conll:unknown	reviewed	synodal-russian	Reviewer confirmed that the governed source supports this exact surface and typed cell; no sibling cell or productive rule is implied.
v07-source-2d8a6f9ee2985939	synodal:candidate:21052df5fed6e0687244cae7	syntacticus-20230428	stefan.conll:unknown	reviewed	synodal-russian	Reviewer confirmed that the governed source supports this exact surface and typed cell; no sibling cell or productive rule is implied.
v07-source-2deed369bdf4ceb8	synodal:candidate:9574e45a5f35ba799954f3d6	syntacticus-20230428	supr.conll:unknown	reviewed	synodal-russian	Reviewer confirmed that the governed source supports this exact surface and typed cell; no sibling cell or productive rule is implied.
v07-source-2e0c64982032aa83	synodal:candidate:8f12f323ac47e58f58930808	syntacticus-20230428	gol-gol.conll:unknown	reviewed	synodal-russian	Reviewer confirmed that the governed source supports this exact surface and typed cell; no sibling cell or productive rule is implied.
v07-source-2e5915e107648ee6	synodal:candidate:5df054d3407b6705c53280e4	english-wiktionary-ocs-kaikki-2026-08-07	мѫка	reviewed	synodal-russian	Reviewer confirmed that the governed source supports this exact surface and typed cell; no sibling cell or productive rule is implied.
v07-source-2e6fedf8cbcd9d26	synodal:candidate:8cfe89b2306131bd074125a7	syntacticus-20230428	stefan.conll:unknown	reviewed	synodal-russian	Reviewer confirmed that the governed source supports this exact surface and typed cell; no sibling cell or productive rule is implied.
v07-source-2ede40b24a4f9a80	synodal:candidate:32a05f81b8db924daf544f7a	syntacticus-20230428	psal-sin.conll:unknown	reviewed	synodal-russian	Reviewer confirmed that the governed source supports this exact surface and typed cell; no sibling cell or productive rule is implied.
v07-source-2ee11595eda62a8e	synodal:candidate:ca66bb72cbf76b278667ec0a	syntacticus-20230428	luk-koloc.conll:unknown	reviewed	synodal-russian	Reviewer confirmed that the governed source supports this exact surface and typed cell; no sibling cell or productive rule is implied.
v07-source-2ee441397ce0caf8	synodal:candidate:ce3780ff00685c2379926ba3	syntacticus-20230428	const.conll:unknown	reviewed	synodal-russian	Reviewer confirmed that the governed source supports this exact surface and typed cell; no sibling cell or productive rule is implied.
v07-source-2f192a4af456518b	synodal:candidate:46afb78f262234f3c4722bae	syntacticus-20230428	afnik.conll:unknown	reviewed	synodal-russian	Reviewer confirmed that the governed source supports this exact surface and typed cell; no sibling cell or productive rule is implied.
v07-source-2f19c7cc17d24878	synodal:candidate:7233bdbd0a44f57a0c64bfac	english-wiktionary-ocs-kaikki-2026-08-07	мѫдрость	reviewed	synodal-russian	Reviewer confirmed that the governed source supports this exact surface and typed cell; no sibling cell or productive rule is implied.
v07-source-2f965c17976220a8	synodal:candidate:0de8485700738e0f8149f706	syntacticus-20230428	sergrad.conll:unknown	reviewed	synodal-russian	Reviewer confirmed that the governed source supports this exact surface and typed cell; no sibling cell or productive rule is implied.
v07-source-2fca31cdd0204c2c	synodal:candidate:8adff6d1d42620cea8a017d8	syntacticus-20230428	vit-const.conll:unknown	reviewed	synodal-russian	Reviewer confirmed that the governed source supports this exact surface and typed cell; no sibling cell or productive rule is implied.
v07-source-2fed2b3499de2951	synodal:candidate:69c76d966f92d6b991ca8c29	syntacticus-20230428	peter.conll:unknown	reviewed	synodal-russian	Reviewer confirmed that the governed source supports this exact surface and typed cell; no sibling cell or productive rule is implied.
v07-source-2ff25960ccca0115	synodal:candidate:b2a0391d7cb6aa7d4a931c33	syntacticus-20230428	stefan.conll:unknown	reviewed	synodal-russian	Reviewer confirmed that the governed source supports this exact surface and typed cell; no sibling cell or productive rule is implied.
v07-source-301fe81250f9a2ad	synodal:candidate:e2b19e475cb19ea4971cc64e	syntacticus-20230428	dux-grjaz.conll:unknown	reviewed	synodal-russian	Reviewer confirmed that the governed source supports this exact surface and typed cell; no sibling cell or productive rule is implied.
v07-source-302bc5e7caf956e0	synodal:candidate:a92837a584ad0c437a7b4809	syntacticus-20230428	lav.conll:unknown	reviewed	synodal-russian	Reviewer confirmed that the governed source supports this exact surface and typed cell; no sibling cell or productive rule is implied.
v07-source-30758339c27dc319	synodal:candidate:9c0d6b6c51518892641341a5	syntacticus-20230428	psal-sin.conll:unknown	reviewed	synodal-russian	Reviewer confirmed that the governed source supports this exact surface and typed cell; no sibling cell or productive rule is implied.
v07-source-307ffa2a02677a7a	synodal:candidate:ec85a442cd07d59f5a9e9489	syntacticus-20230428	afnik.conll:unknown	reviewed	synodal-russian	Reviewer confirmed that the governed source supports this exact surface and typed cell; no sibling cell or productive rule is implied.
v07-source-30c60e161126d366	synodal:candidate:08f98d27deaeeb23b50a86a3	english-wiktionary-ocs-kaikki-2026-08-07	она	reviewed	synodal-russian	Reviewer confirmed that the governed source supports this exact surface and typed cell; no sibling cell or productive rule is implied.
v07-source-30daf5f007e95780	synodal:candidate:0890bbadaf5e69a22f670d61	syntacticus-20230428	lav.conll:unknown	reviewed	synodal-russian	Reviewer confirmed that the governed source supports this exact surface and typed cell; no sibling cell or productive rule is implied.
v07-source-30e266c68badaf61	synodal:candidate:c04dd14d8ceebe5018bdbc51	english-wiktionary-ocs-kaikki-2026-08-07	сѫдьба	reviewed	synodal-russian	Reviewer confirmed that the governed source supports this exact surface and typed cell; no sibling cell or productive rule is implied.
v07-source-313f93ae80bb547e	synodal:candidate:590bc2eff61a9c2b458f9158	syntacticus-20230428	sergrad.conll:unknown	reviewed	synodal-russian	Reviewer confirmed that the governed source supports this exact surface and typed cell; no sibling cell or productive rule is implied.
v07-source-31b885939557ef5a	synodal:candidate:954e1632ff7d5cfc3aacecdf	syntacticus-20230428	sergrad.conll:unknown	reviewed	synodal-russian	Reviewer confirmed that the governed source supports this exact surface and typed cell; no sibling cell or productive rule is implied.
v07-source-31bd469552c0c52b	synodal:candidate:b077d140c7fb2b9c9cdd5285	syntacticus-20230428	zadon.conll:unknown	reviewed	synodal-russian	Reviewer confirmed that the governed source supports this exact surface and typed cell; no sibling cell or productive rule is implied.
v07-source-320e7720abd70d68	synodal:candidate:04ea98523f5387fdf1ead3b3	syntacticus-20230428	drac.conll:unknown	reviewed	synodal-russian	Reviewer confirmed that the governed source supports this exact surface and typed cell; no sibling cell or productive rule is implied.
v07-source-322c6fb5d58bfa71	synodal:candidate:5cd9e8ffb7484e04c4e42833	syntacticus-20230428	lav.conll:unknown	reviewed	synodal-russian	Reviewer confirmed that the governed source supports this exact surface and typed cell; no sibling cell or productive rule is implied.
v07-source-32d4e334bee07c92	synodal:candidate:89eaa7a4ea20fbc99d3f6340	syntacticus-20230428	birchbark.conll:unknown	reviewed	synodal-russian	Reviewer confirmed that the governed source supports this exact surface and typed cell; no sibling cell or productive rule is implied.
v07-source-33101dc506a6582f	synodal:candidate:63d0679a2bec0de09b995c23	syntacticus-20230428	lav.conll:unknown	reviewed	synodal-russian	Reviewer confirmed that the governed source supports this exact surface and typed cell; no sibling cell or productive rule is implied.
v07-source-3313722e1e5c6476	synodal:candidate:ef6471ca86d898ea9b575f0d	syntacticus-20230428	psal-sin.conll:unknown	reviewed	synodal-russian	Reviewer confirmed that the governed source supports this exact surface and typed cell; no sibling cell or productive rule is implied.
v07-source-331afed87efff2e3	synodal:candidate:0083b2fabfef7ddd242c58dd	syntacticus-20230428	supr.conll:unknown	reviewed	synodal-russian	Reviewer confirmed that the governed source supports this exact surface and typed cell; no sibling cell or productive rule is implied.
v07-source-33404dd07f7b2f6c	synodal:candidate:bbb82114698bdf4a33db913d	english-wiktionary-ocs-kaikki-2026-08-07	лѫкъ	reviewed	synodal-russian	Reviewer confirmed that the governed source supports this exact surface and typed cell; no sibling cell or productive rule is implied.
v07-source-3368670d2b418a7a	synodal:candidate:83f39c60abfc5becd9cdabcd	syntacticus-20230428	lav.conll:unknown	reviewed	synodal-russian	Reviewer confirmed that the governed source supports this exact surface and typed cell; no sibling cell or productive rule is implied.
v07-source-33d035412e41fe9c	synodal:candidate:6f6cb44e5f1840358615b5ca	english-wiktionary-ocs-kaikki-2026-08-07	помощь	reviewed	synodal-russian	Reviewer confirmed that the governed source supports this exact surface and typed cell; no sibling cell or productive rule is implied.
v07-source-341154d37ce2bc92	synodal:candidate:b428a3844a8dae171f2717dc	syntacticus-20230428	lav.conll:unknown	reviewed	synodal-russian	Reviewer confirmed that the governed source supports this exact surface and typed cell; no sibling cell or productive rule is implied.
v07-source-3458d1348ed9fb84	synodal:candidate:6d3fe111c41d8362927f6eb8	syntacticus-20230428	lav.conll:unknown	reviewed	synodal-russian	Reviewer confirmed that the governed source supports this exact surface and typed cell; no sibling cell or productive rule is implied.
v07-source-3479124d74bd275e	synodal:candidate:5c3a4df367af8d85e3f040c1	english-wiktionary-ocs-kaikki-2026-08-07	мꙑсль	reviewed	synodal-russian	Reviewer confirmed that the governed source supports this exact surface and typed cell; no sibling cell or productive rule is implied.
v07-source-34ba76796f592243	synodal:candidate:f6945c6cfee25710e55a52d1	syntacticus-20230428	lav.conll:unknown	reviewed	synodal-russian	Reviewer confirmed that the governed source supports this exact surface and typed cell; no sibling cell or productive rule is implied.
v07-source-35105d859987867f	synodal:candidate:afbb3d9adf262b5c5b230fb6	syntacticus-20230428	const.conll:unknown	reviewed	synodal-russian	Reviewer confirmed that the governed source supports this exact surface and typed cell; no sibling cell or productive rule is implied.
v07-source-3524e5beea0bc561	synodal:candidate:1b9bd5b455b0aa10eec59b81	syntacticus-20230428	supr.conll:unknown	reviewed	synodal-russian	Reviewer confirmed that the governed source supports this exact surface and typed cell; no sibling cell or productive rule is implied.
v07-source-35a876b3a9384958	synodal:candidate:d788ed54e90a11ba7b193978	syntacticus-20230428	luk-koloc.conll:unknown	reviewed	synodal-russian	Reviewer confirmed that the governed source supports this exact surface and typed cell; no sibling cell or productive rule is implied.
v07-source-36877cf4e8be9ed4	synodal:candidate:d5d008e27a5f00f8645ef37e	syntacticus-20230428	sergrad.conll:unknown	reviewed	synodal-russian	Reviewer confirmed that the governed source supports this exact surface and typed cell; no sibling cell or productive rule is implied.
v07-source-36b7fa140d564715	synodal:candidate:8b53012fc1bf509b37756d62	syntacticus-20230428	lav.conll:unknown	reviewed	synodal-russian	Reviewer confirmed that the governed source supports this exact surface and typed cell; no sibling cell or productive rule is implied.
v07-source-3756986d54768f1e	synodal:candidate:578ed50cac8283e6ebc251a3	syntacticus-20230428	sergrad.conll:unknown	reviewed	synodal-russian	Reviewer confirmed that the governed source supports this exact surface and typed cell; no sibling cell or productive rule is implied.
v07-source-377d2eae1c3e0328	synodal:candidate:1c56c3c13186263e7dfb90c2	syntacticus-20230428	supr.conll:unknown	reviewed	synodal-russian	Reviewer confirmed that the governed source supports this exact surface and typed cell; no sibling cell or productive rule is implied.
v07-source-37a0d03267935f4e	synodal:candidate:2f27ebfe2ccd92f4717aa4ee	syntacticus-20230428	chrabr.conll:unknown	reviewed	synodal-russian	Reviewer confirmed that the governed source supports this exact surface and typed cell; no sibling cell or productive rule is implied.
v07-source-37e70903d663c533	synodal:candidate:f1fb681bf43517753d30e3cf	syntacticus-20230428	lav.conll:unknown	reviewed	synodal-russian	Reviewer confirmed that the governed source supports this exact surface and typed cell; no sibling cell or productive rule is implied.
v07-source-37fca3f796895a4e	synodal:candidate:bbb82114698bdf4a33db913d	english-wiktionary-ocs-kaikki-2026-08-07	лѫкъ	reviewed	synodal-russian	Reviewer confirmed that the governed source supports this exact surface and typed cell; no sibling cell or productive rule is implied.
v07-source-380a70a3d4445cf8	synodal:candidate:7f992b51785152d30808d7ff	english-wiktionary-ocs-kaikki-2026-08-07	стрѣщи	reviewed	synodal-russian	Reviewer confirmed that the governed source supports this exact surface and typed cell; no sibling cell or productive rule is implied.
v07-source-38b45f74db3adbf8	synodal:candidate:64a90c0b0e4c66d432ab2467	syntacticus-20230428	lav.conll:unknown	reviewed	synodal-russian	Reviewer confirmed that the governed source supports this exact surface and typed cell; no sibling cell or productive rule is implied.
v07-source-39310d12427bea3f	synodal:candidate:d65c6ae81047fb3bff731d25	english-wiktionary-ocs-kaikki-2026-08-07	радость	reviewed	synodal-russian	Reviewer confirmed that the governed source supports this exact surface and typed cell; no sibling cell or productive rule is implied.
v07-source-394026accacfa2ee	synodal:candidate:e8b27becd1ee6f16f4031fc8	syntacticus-20230428	lav.conll:unknown	reviewed	synodal-russian	Reviewer confirmed that the governed source supports this exact surface and typed cell; no sibling cell or productive rule is implied.
v07-source-39f80f1f1d002c7a	synodal:candidate:4ccd35a635c6c0d1e37d752b	english-wiktionary-ocs-kaikki-2026-08-07	каѧ	reviewed	synodal-russian	Reviewer confirmed that the governed source supports this exact surface and typed cell; no sibling cell or productive rule is implied.
v07-source-3a033d6dc7d79d00	synodal:candidate:69dc135bd332fc68ef127c30	syntacticus-20230428	lav.conll:unknown	reviewed	synodal-russian	Reviewer confirmed that the governed source supports this exact surface and typed cell; no sibling cell or productive rule is implied.
v07-source-3a081047e584f619	synodal:candidate:5cc903a5e412ac33cede329e	english-wiktionary-ocs-kaikki-2026-08-07	ꙗрость	reviewed	synodal-russian	Reviewer confirmed that the governed source supports this exact surface and typed cell; no sibling cell or productive rule is implied.
v07-source-3a2f1a5b101d2c4c	synodal:candidate:8a4872ff49aa59228dc78a3c	syntacticus-20230428	vit-const.conll:unknown	reviewed	synodal-russian	Reviewer confirmed that the governed source supports this exact surface and typed cell; no sibling cell or productive rule is implied.
v07-source-3b701c69ae31fdf2	synodal:candidate:b756470b7f0642656c7e93ce	syntacticus-20230428	usp-sbor.conll:unknown	reviewed	synodal-russian	Reviewer confirmed that the governed source supports this exact surface and typed cell; no sibling cell or productive rule is implied.
v07-source-3ba59b635d1fe911	synodal:candidate:3d4d22b78bdb991a9d49df86	syntacticus-20230428	const.conll:unknown	reviewed	synodal-russian	Reviewer confirmed that the governed source supports this exact surface and typed cell; no sibling cell or productive rule is implied.
v07-source-3bb6361e17c62386	synodal:candidate:8ac5540213dc0c06a42252ea	syntacticus-20230428	sergrad.conll:unknown	reviewed	synodal-russian	Reviewer confirmed that the governed source supports this exact surface and typed cell; no sibling cell or productive rule is implied.
v07-source-3bbff0a1be297d8d	synodal:candidate:0a27894ed5b33c93cc6f5666	syntacticus-20230428	const.conll:unknown	reviewed	synodal-russian	Reviewer confirmed that the governed source supports this exact surface and typed cell; no sibling cell or productive rule is implied.
v07-source-3c644ceacc543a09	synodal:candidate:359326bc82808794fae8d806	syntacticus-20230428	birchbark.conll:unknown	reviewed	synodal-russian	Reviewer confirmed that the governed source supports this exact surface and typed cell; no sibling cell or productive rule is implied.
v07-source-3cc7bc1293dbf508	synodal:candidate:4a5bb0a5f831ce04b7ad5843	syntacticus-20230428	usp-sbor.conll:unknown	reviewed	synodal-russian	Reviewer confirmed that the governed source supports this exact surface and typed cell; no sibling cell or productive rule is implied.
v07-source-3d45202a395e853e	synodal:candidate:e9bf9a06713371a6e38421e3	syntacticus-20230428	sergrad.conll:unknown	reviewed	synodal-russian	Reviewer confirmed that the governed source supports this exact surface and typed cell; no sibling cell or productive rule is implied.
v07-source-3d76dea8c0508d5c	synodal:candidate:c04dd14d8ceebe5018bdbc51	english-wiktionary-ocs-kaikki-2026-08-07	сѫдьба	reviewed	synodal-russian	Reviewer confirmed that the governed source supports this exact surface and typed cell; no sibling cell or productive rule is implied.
v07-source-3dae715365e3fab0	synodal:candidate:64587eab40d86d132918b00f	syntacticus-20230428	stefan.conll:unknown	reviewed	synodal-russian	Reviewer confirmed that the governed source supports this exact surface and typed cell; no sibling cell or productive rule is implied.
v07-source-3dd48e9a6e8a73c4	synodal:candidate:88abef3b5e70b8a1a6a083f1	english-wiktionary-ocs-kaikki-2026-08-07	срамота	reviewed	synodal-russian	Reviewer confirmed that the governed source supports this exact surface and typed cell; no sibling cell or productive rule is implied.
v07-source-3dd76d0046a5cfb5	synodal:candidate:b61798115cd44a254563594a	syntacticus-20230428	psal-sin.conll:unknown	reviewed	synodal-russian	Reviewer confirmed that the governed source supports this exact surface and typed cell; no sibling cell or productive rule is implied.
v07-source-3e1c9b51104e8a06	synodal:candidate:1e23bb8d74095869895ea5f4	syntacticus-20230428	lav.conll:unknown	reviewed	synodal-russian	Reviewer confirmed that the governed source supports this exact surface and typed cell; no sibling cell or productive rule is implied.
v07-source-3e8e5b6533210db4	synodal:candidate:61e7e9a3b1f23d3227079133	syntacticus-20230428	lav.conll:unknown	reviewed	synodal-russian	Reviewer confirmed that the governed source supports this exact surface and typed cell; no sibling cell or productive rule is implied.
v07-source-3ef10282e0cf4265	synodal:candidate:b07c49e22224b87b8de3825f	syntacticus-20230428	vit-const.conll:unknown	reviewed	synodal-russian	Reviewer confirmed that the governed source supports this exact surface and typed cell; no sibling cell or productive rule is implied.
v07-source-3ef6d94cacae22f3	synodal:candidate:61d824a3c0960202e05e6f84	syntacticus-20230428	const.conll:unknown	reviewed	synodal-russian	Reviewer confirmed that the governed source supports this exact surface and typed cell; no sibling cell or productive rule is implied.
v07-source-3f529fae45e257db	synodal:candidate:3379a6fab3cf08f1088a5e9b	english-wiktionary-ocs-kaikki-2026-08-07	фараѡнъ	reviewed	synodal-russian	Reviewer confirmed that the governed source supports this exact surface and typed cell; no sibling cell or productive rule is implied.
v07-source-3f7704abed5512d1	synodal:candidate:0920980117b9c9f30563305d	english-wiktionary-ocs-kaikki-2026-08-07	лѫка	reviewed	synodal-russian	Reviewer confirmed that the governed source supports this exact surface and typed cell; no sibling cell or productive rule is implied.
v07-source-3f9b5cf8285465c2	synodal:candidate:775b6ec79bf1828b2130edc8	syntacticus-20230428	sergrad.conll:unknown	reviewed	synodal-russian	Reviewer confirmed that the governed source supports this exact surface and typed cell; no sibling cell or productive rule is implied.
v07-source-3fd404f55979e2f0	synodal:candidate:9f132322278c20275dcb9810	syntacticus-20230428	sergrad.conll:unknown	reviewed	synodal-russian	Reviewer confirmed that the governed source supports this exact surface and typed cell; no sibling cell or productive rule is implied.
v07-source-3fd7011cfec050fd	synodal:candidate:31be7475e0f03755327fe3b6	syntacticus-20230428	lav.conll:unknown	reviewed	synodal-russian	Reviewer confirmed that the governed source supports this exact surface and typed cell; no sibling cell or productive rule is implied.
v07-source-3ffe186b0d8be1dd	synodal:candidate:63af704f006bd0a4858eb810	syntacticus-20230428	stefan.conll:unknown	reviewed	synodal-russian	Reviewer confirmed that the governed source supports this exact surface and typed cell; no sibling cell or productive rule is implied.
v07-source-403f1dbeb6991425	synodal:candidate:dd2d0cb2898c22fd8c65eaa8	syntacticus-20230428	psal-sin.conll:unknown	reviewed	synodal-russian	Reviewer confirmed that the governed source supports this exact surface and typed cell; no sibling cell or productive rule is implied.
v07-source-404caa4fe218a998	synodal:candidate:2e51fd21ac9f68994e524eba	english-wiktionary-ocs-kaikki-2026-08-07	царь	reviewed	synodal-russian	Reviewer confirmed that the governed source supports this exact surface and typed cell; no sibling cell or productive rule is implied.
v07-source-4057b28ed9211ba9	synodal:candidate:3ed5dfb0d4d1d394979b9079	syntacticus-20230428	psal-sin.conll:unknown	reviewed	synodal-russian	Reviewer confirmed that the governed source supports this exact surface and typed cell; no sibling cell or productive rule is implied.
v07-source-4068cc01fd9a2cca	synodal:candidate:7026397c6d6b76e4a73c9567	syntacticus-20230428	lav.conll:unknown	reviewed	synodal-russian	Reviewer confirmed that the governed source supports this exact surface and typed cell; no sibling cell or productive rule is implied.
v07-source-409352080f20c290	synodal:candidate:7233bdbd0a44f57a0c64bfac	english-wiktionary-ocs-kaikki-2026-08-07	мѫдрость	reviewed	synodal-russian	Reviewer confirmed that the governed source supports this exact surface and typed cell; no sibling cell or productive rule is implied.
v07-source-4110fb3167b8b9db	synodal:candidate:fe46cff919635f9118d39a03	syntacticus-20230428	spi.conll:unknown	reviewed	synodal-russian	Reviewer confirmed that the governed source supports this exact surface and typed cell; no sibling cell or productive rule is implied.
v07-source-4128c05c72230617	synodal:candidate:0bf8dd5dba56973645367c2e	english-wiktionary-ocs-kaikki-2026-08-07	оно	reviewed	synodal-russian	Reviewer confirmed that the governed source supports this exact surface and typed cell; no sibling cell or productive rule is implied.
v07-source-41fbfc8f2c706d5d	synodal:candidate:eeb22c76ee483794aaba7fdd	syntacticus-20230428	afnik.conll:unknown	reviewed	synodal-russian	Reviewer confirmed that the governed source supports this exact surface and typed cell; no sibling cell or productive rule is implied.
v07-source-421051c419a51420	synodal:candidate:0bf8dd5dba56973645367c2e	english-wiktionary-ocs-kaikki-2026-08-07	оно	reviewed	synodal-russian	Reviewer confirmed that the governed source supports this exact surface and typed cell; no sibling cell or productive rule is implied.
v07-source-42921a8b2a2db280	synodal:candidate:7233bdbd0a44f57a0c64bfac	english-wiktionary-ocs-kaikki-2026-08-07	мѫдрость	reviewed	synodal-russian	Reviewer confirmed that the governed source supports this exact surface and typed cell; no sibling cell or productive rule is implied.
v07-source-42be949aa5cfe3f5	synodal:candidate:1450355da3fda02759888d26	syntacticus-20230428	supr.conll:unknown	reviewed	synodal-russian	Reviewer confirmed that the governed source supports this exact surface and typed cell; no sibling cell or productive rule is implied.
v07-source-42df65b6e33d640d	synodal:candidate:b2333ecdbd2471de36f663e7	syntacticus-20230428	lav.conll:unknown	reviewed	synodal-russian	Reviewer confirmed that the governed source supports this exact surface and typed cell; no sibling cell or productive rule is implied.
v07-source-4377a20d2cfd2024	synodal:candidate:fd70b4959b6c1a698121e7da	syntacticus-20230428	sergrad.conll:unknown	reviewed	synodal-russian	Reviewer confirmed that the governed source supports this exact surface and typed cell; no sibling cell or productive rule is implied.
v07-source-4393f508999bc0ad	synodal:candidate:f41247f04caf68025a1c38b7	syntacticus-20230428	psal-sin.conll:unknown	reviewed	synodal-russian	Reviewer confirmed that the governed source supports this exact surface and typed cell; no sibling cell or productive rule is implied.
v07-source-43b739d4cdbd5a99	synodal:candidate:d34895977a14fda32f761348	syntacticus-20230428	lav.conll:unknown	reviewed	synodal-russian	Reviewer confirmed that the governed source supports this exact surface and typed cell; no sibling cell or productive rule is implied.
v07-source-43d538c8705239c3	synodal:candidate:632f550a9c06c523b70908cc	syntacticus-20230428	schism.conll:unknown	reviewed	synodal-russian	Reviewer confirmed that the governed source supports this exact surface and typed cell; no sibling cell or productive rule is implied.
v07-source-43e675ff1e37869a	synodal:candidate:7e4fe5ae412f6ec31ebb5bf7	syntacticus-20230428	afnik.conll:unknown	reviewed	synodal-russian	Reviewer confirmed that the governed source supports this exact surface and typed cell; no sibling cell or productive rule is implied.
v07-source-43f65eb7e361da88	synodal:candidate:e1553541af8699add8cad39c	syntacticus-20230428	sergrad.conll:unknown	reviewed	synodal-russian	Reviewer confirmed that the governed source supports this exact surface and typed cell; no sibling cell or productive rule is implied.
v07-source-43ff2daf29caf74a	synodal:candidate:d60f01b8aa8575e32b87f889	english-wiktionary-ocs-kaikki-2026-08-07	сьде	reviewed	synodal-russian	Reviewer confirmed that the governed source supports this exact surface and typed cell; no sibling cell or productive rule is implied.
v07-source-4407ed5792b98082	synodal:candidate:754204704fcfd84c2664b42c	syntacticus-20230428	drac.conll:unknown	reviewed	synodal-russian	Reviewer confirmed that the governed source supports this exact surface and typed cell; no sibling cell or productive rule is implied.
v07-source-444a1b6db4c6d3d3	synodal:candidate:1228d875b5402503622a8d60	english-wiktionary-ocs-kaikki-2026-08-07	десѧтина	reviewed	synodal-russian	Reviewer confirmed that the governed source supports this exact surface and typed cell; no sibling cell or productive rule is implied.
v07-source-448d652e973cf879	synodal:candidate:f64acc8539065c475e91aec3	syntacticus-20230428	const.conll:unknown	reviewed	synodal-russian	Reviewer confirmed that the governed source supports this exact surface and typed cell; no sibling cell or productive rule is implied.
v07-source-450e139a32ea11c5	synodal:candidate:f1f24d0f7aab0a197c1cd221	syntacticus-20230428	sergrad.conll:unknown	reviewed	synodal-russian	Reviewer confirmed that the governed source supports this exact surface and typed cell; no sibling cell or productive rule is implied.
v07-source-457c47b36701b193	synodal:candidate:1228d875b5402503622a8d60	english-wiktionary-ocs-kaikki-2026-08-07	десѧтина	reviewed	synodal-russian	Reviewer confirmed that the governed source supports this exact surface and typed cell; no sibling cell or productive rule is implied.
v07-source-459f20a24250ba03	synodal:candidate:78dc9e48812933ab90ea72fd	syntacticus-20230428	const.conll:unknown	reviewed	synodal-russian	Reviewer confirmed that the governed source supports this exact surface and typed cell; no sibling cell or productive rule is implied.
v07-source-45bc92c5787c4c57	synodal:candidate:bc5f1e47e3bd7ed693166f47	syntacticus-20230428	lav.conll:unknown	reviewed	synodal-russian	Reviewer confirmed that the governed source supports this exact surface and typed cell; no sibling cell or productive rule is implied.
v07-source-45c59b77e99eaa1a	synodal:candidate:94030c6a73866440d1c0b9f6	syntacticus-20230428	afnik.conll:unknown	reviewed	synodal-russian	Reviewer confirmed that the governed source supports this exact surface and typed cell; no sibling cell or productive rule is implied.
v07-source-46014ec667da6a3a	synodal:candidate:3ff3eb36d016a500873627ef	syntacticus-20230428	const.conll:unknown	reviewed	synodal-russian	Reviewer confirmed that the governed source supports this exact surface and typed cell; no sibling cell or productive rule is implied.
v07-source-464288d412682208	synodal:candidate:3c664d2b8a3f93be43adbac5	english-wiktionary-ocs-kaikki-2026-08-07	Асіꙗ	reviewed	synodal-russian	Reviewer confirmed that the governed source supports this exact surface and typed cell; no sibling cell or productive rule is implied.
v07-source-46623198dcced6d7	synodal:candidate:a500d11aff955e0a1b4e1908	syntacticus-20230428	const.conll:unknown	reviewed	synodal-russian	Reviewer confirmed that the governed source supports this exact surface and typed cell; no sibling cell or productive rule is implied.
v07-source-46b50e973b89bae6	synodal:candidate:1725ccdf0895916528d76018	syntacticus-20230428	usp-sbor.conll:unknown	reviewed	synodal-russian	Reviewer confirmed that the governed source supports this exact surface and typed cell; no sibling cell or productive rule is implied.
v07-source-46bb972e646b469e	synodal:candidate:c92740e0a24ab9329a10ec8e	syntacticus-20230428	lav.conll:unknown	reviewed	synodal-russian	Reviewer confirmed that the governed source supports this exact surface and typed cell; no sibling cell or productive rule is implied.
v07-source-46c406dfa3b8c304	synodal:candidate:eacd5bd328c12fb0b9c370b5	syntacticus-20230428	lav.conll:unknown	reviewed	synodal-russian	Reviewer confirmed that the governed source supports this exact surface and typed cell; no sibling cell or productive rule is implied.
v07-source-46e27da067827ee1	synodal:candidate:91b55cea14adcfb2fd5e0f08	syntacticus-20230428	sergrad.conll:unknown	reviewed	synodal-russian	Reviewer confirmed that the governed source supports this exact surface and typed cell; no sibling cell or productive rule is implied.
v07-source-472058119491c65c	synodal:candidate:560a469cbbcebafd5342c88e	syntacticus-20230428	lav.conll:unknown	reviewed	synodal-russian	Reviewer confirmed that the governed source supports this exact surface and typed cell; no sibling cell or productive rule is implied.
v07-source-4769c2c7775cd12c	synodal:candidate:4594b01dc0aa3ed793b391cb	syntacticus-20230428	pvl-hyp.conll:unknown	reviewed	synodal-russian	Reviewer confirmed that the governed source supports this exact surface and typed cell; no sibling cell or productive rule is implied.
v07-source-4790451d8d9d7a65	synodal:candidate:e42f9bf9d19d5a0404851fd2	syntacticus-20230428	supr.conll:unknown	reviewed	synodal-russian	Reviewer confirmed that the governed source supports this exact surface and typed cell; no sibling cell or productive rule is implied.
v07-source-47d6e86d8b4d00e7	synodal:candidate:6fcdab21a848130736b19c6c	syntacticus-20230428	birchbark.conll:unknown	reviewed	synodal-russian	Reviewer confirmed that the governed source supports this exact surface and typed cell; no sibling cell or productive rule is implied.
v07-source-48850f1fc5d65b94	synodal:candidate:a4c6093c45053e6a3e8bac84	syntacticus-20230428	sergrad.conll:unknown	reviewed	synodal-russian	Reviewer confirmed that the governed source supports this exact surface and typed cell; no sibling cell or productive rule is implied.
v07-source-488c2b728550599b	synodal:candidate:e5ece5bcbf0b4f2546670548	english-wiktionary-ocs-kaikki-2026-08-07	мѫдръ	reviewed	synodal-russian	Reviewer confirmed that the governed source supports this exact surface and typed cell; no sibling cell or productive rule is implied.
v07-source-48ef880f007de137	synodal:candidate:96883728b5a4e902d62c09d6	syntacticus-20230428	afnik.conll:unknown	reviewed	synodal-russian	Reviewer confirmed that the governed source supports this exact surface and typed cell; no sibling cell or productive rule is implied.
v07-source-493d75e8f9dd82d9	synodal:candidate:2ee620f41327154f6bf9f38b	syntacticus-20230428	lav.conll:unknown	reviewed	synodal-russian	Reviewer confirmed that the governed source supports this exact surface and typed cell; no sibling cell or productive rule is implied.
v07-source-49a2001c64b0116b	synodal:candidate:f9c56dce57c5b5f877125265	syntacticus-20230428	lav.conll:unknown	reviewed	synodal-russian	Reviewer confirmed that the governed source supports this exact surface and typed cell; no sibling cell or productive rule is implied.
v07-source-49a5d2cfa24cb5d3	synodal:candidate:0455864dfaa20015244439b1	english-wiktionary-ocs-kaikki-2026-08-07	пища	reviewed	synodal-russian	Reviewer confirmed that the governed source supports this exact surface and typed cell; no sibling cell or productive rule is implied.
v07-source-4b19352b27e271ed	synodal:candidate:89d51347f3ff865f973d1550	syntacticus-20230428	const.conll:unknown	reviewed	synodal-russian	Reviewer confirmed that the governed source supports this exact surface and typed cell; no sibling cell or productive rule is implied.
v07-source-4b98474c2bb98203	synodal:candidate:664142c0a9521d7433828f3d	syntacticus-20230428	sergrad.conll:unknown	reviewed	synodal-russian	Reviewer confirmed that the governed source supports this exact surface and typed cell; no sibling cell or productive rule is implied.
v07-source-4bbb727ac9a6e073	synodal:candidate:390bb5f80d1cfc37824a2547	syntacticus-20230428	stefan.conll:unknown	reviewed	synodal-russian	Reviewer confirmed that the governed source supports this exact surface and typed cell; no sibling cell or productive rule is implied.
v07-source-4bbf1ed94c2df14a	synodal:candidate:c04dd14d8ceebe5018bdbc51	english-wiktionary-ocs-kaikki-2026-08-07	сѫдьба	reviewed	synodal-russian	Reviewer confirmed that the governed source supports this exact surface and typed cell; no sibling cell or productive rule is implied.
v07-source-4bf77f775de52b04	synodal:candidate:70b05cf7f6192a45dc1d5abe	syntacticus-20230428	stefan.conll:unknown	reviewed	synodal-russian	Reviewer confirmed that the governed source supports this exact surface and typed cell; no sibling cell or productive rule is implied.
v07-source-4c2239ef7c93e617	synodal:candidate:fc019c5a31a804005ca17330	syntacticus-20230428	lav.conll:unknown	reviewed	synodal-russian	Reviewer confirmed that the governed source supports this exact surface and typed cell; no sibling cell or productive rule is implied.
v07-source-4c329a51bc3d48ed	synodal:candidate:66c1248b9c23d1a28d34900a	english-wiktionary-ocs-kaikki-2026-08-07	вещь	reviewed	synodal-russian	Reviewer confirmed that the governed source supports this exact surface and typed cell; no sibling cell or productive rule is implied.
v07-source-4c68c982bb0a433f	synodal:candidate:c1641377dd407618f7ec04b3	syntacticus-20230428	supr.conll:unknown	reviewed	synodal-russian	Reviewer confirmed that the governed source supports this exact surface and typed cell; no sibling cell or productive rule is implied.
v07-source-4ca1ce9733a789e5	synodal:candidate:eb355c69e67d6b7614d2e1d4	syntacticus-20230428	usp-sbor.conll:unknown	reviewed	synodal-russian	Reviewer confirmed that the governed source supports this exact surface and typed cell; no sibling cell or productive rule is implied.
v07-source-4d07dcceaf876c39	synodal:candidate:604dc35a9f01121cb44d67bf	syntacticus-20230428	sergrad.conll:unknown	reviewed	synodal-russian	Reviewer confirmed that the governed source supports this exact surface and typed cell; no sibling cell or productive rule is implied.
v07-source-4d2c0b4b336c8d17	synodal:candidate:d49b358ae9fa489f458c51f3	english-wiktionary-ocs-kaikki-2026-08-07	пещь	reviewed	synodal-russian	Reviewer confirmed that the governed source supports this exact surface and typed cell; no sibling cell or productive rule is implied.
v07-source-4dfe46d79a23f5ad	synodal:candidate:08cf9e1689727dc2eb6e88b3	syntacticus-20230428	lav.conll:unknown	reviewed	synodal-russian	Reviewer confirmed that the governed source supports this exact surface and typed cell; no sibling cell or productive rule is implied.
v07-source-4e078a83d156895a	synodal:candidate:7233bdbd0a44f57a0c64bfac	english-wiktionary-ocs-kaikki-2026-08-07	мѫдрость	reviewed	synodal-russian	Reviewer confirmed that the governed source supports this exact surface and typed cell; no sibling cell or productive rule is implied.
v07-source-4e7ad3e3200ca6fc	synodal:candidate:8f0f6edd5ed56131e655ac73	syntacticus-20230428	stefan.conll:unknown	reviewed	synodal-russian	Reviewer confirmed that the governed source supports this exact surface and typed cell; no sibling cell or productive rule is implied.
v07-source-4e9c768b91d6af94	synodal:candidate:a3753d32f6e63f5639067f66	english-wiktionary-ocs-kaikki-2026-08-07	жилище	reviewed	synodal-russian	Reviewer confirmed that the governed source supports this exact surface and typed cell; no sibling cell or productive rule is implied.
v07-source-4ee793c8ef4ae40e	synodal:candidate:3379a6fab3cf08f1088a5e9b	english-wiktionary-ocs-kaikki-2026-08-07	фараѡнъ	reviewed	synodal-russian	Reviewer confirmed that the governed source supports this exact surface and typed cell; no sibling cell or productive rule is implied.
v07-source-4eeea0d44727133b	synodal:candidate:361b60e7a4f650147e7a2b26	syntacticus-20230428	lav.conll:unknown	reviewed	synodal-russian	Reviewer confirmed that the governed source supports this exact surface and typed cell; no sibling cell or productive rule is implied.
v07-source-4f071eec956751f2	synodal:candidate:5c220918fa6d56ee530c02e2	syntacticus-20230428	sergrad.conll:unknown	reviewed	synodal-russian	Reviewer confirmed that the governed source supports this exact surface and typed cell; no sibling cell or productive rule is implied.
v07-source-4f5ccc9890641577	synodal:candidate:9ebd88b45480348e7d54d9a5	syntacticus-20230428	lav.conll:unknown	reviewed	synodal-russian	Reviewer confirmed that the governed source supports this exact surface and typed cell; no sibling cell or productive rule is implied.
v07-source-4f873ffc9c899a6c	synodal:candidate:e6373414c944557e7e1e2c93	syntacticus-20230428	lav.conll:unknown	reviewed	synodal-russian	Reviewer confirmed that the governed source supports this exact surface and typed cell; no sibling cell or productive rule is implied.
v07-source-4f9c1b82040150b3	synodal:candidate:0e88638c1495226fd77b11b4	syntacticus-20230428	sergrad.conll:unknown	reviewed	synodal-russian	Reviewer confirmed that the governed source supports this exact surface and typed cell; no sibling cell or productive rule is implied.
v07-source-4fa205a800c72f84	synodal:candidate:8a9233f7ec681106c1bf11f3	syntacticus-20230428	sergrad.conll:unknown	reviewed	synodal-russian	Reviewer confirmed that the governed source supports this exact surface and typed cell; no sibling cell or productive rule is implied.
v07-source-508e9c240aa7221a	synodal:candidate:08f98d27deaeeb23b50a86a3	english-wiktionary-ocs-kaikki-2026-08-07	она	reviewed	synodal-russian	Reviewer confirmed that the governed source supports this exact surface and typed cell; no sibling cell or productive rule is implied.
v07-source-51454a11affbfb46	synodal:candidate:e48c5be004fdd1ab3f186660	syntacticus-20230428	usp-sbor.conll:unknown	reviewed	synodal-russian	Reviewer confirmed that the governed source supports this exact surface and typed cell; no sibling cell or productive rule is implied.
v07-source-514ba4122c7f750f	synodal:candidate:44dddbeee9cb79976e87a2db	syntacticus-20230428	ust-vlad.conll:unknown	reviewed	synodal-russian	Reviewer confirmed that the governed source supports this exact surface and typed cell; no sibling cell or productive rule is implied.
v07-source-515fe95dd670c4d9	synodal:candidate:e7d38c6dcf66b8affe91e582	syntacticus-20230428	const.conll:unknown	reviewed	synodal-russian	Reviewer confirmed that the governed source supports this exact surface and typed cell; no sibling cell or productive rule is implied.
v07-source-517b8d7efa1aecbe	synodal:candidate:bf18bbe0dff1b3a410b659bd	syntacticus-20230428	const.conll:unknown	reviewed	synodal-russian	Reviewer confirmed that the governed source supports this exact surface and typed cell; no sibling cell or productive rule is implied.
v07-source-51cf8bdcddd4e0c8	synodal:candidate:b656255241f904d4c0134b85	english-wiktionary-ocs-kaikki-2026-08-07	вина	reviewed	synodal-russian	Reviewer confirmed that the governed source supports this exact surface and typed cell; no sibling cell or productive rule is implied.
v07-source-51d7c0093eb4f180	synodal:candidate:2eb49245565d7d40b8ca00a1	english-wiktionary-ocs-kaikki-2026-08-07	рабꙑни	reviewed	synodal-russian	Reviewer confirmed that the governed source supports this exact surface and typed cell; no sibling cell or productive rule is implied.
v07-source-521b967dee53056a	synodal:candidate:bbb82114698bdf4a33db913d	english-wiktionary-ocs-kaikki-2026-08-07	лѫкъ	reviewed	synodal-russian	Reviewer confirmed that the governed source supports this exact surface and typed cell; no sibling cell or productive rule is implied.
v07-source-521dd89cbc766a8e	synodal:candidate:87ae37ce9053ca2ae2799364	syntacticus-20230428	lav.conll:unknown	reviewed	synodal-russian	Reviewer confirmed that the governed source supports this exact surface and typed cell; no sibling cell or productive rule is implied.
v07-source-525847722c436eab	synodal:candidate:a8968eeeb55447bd89c09df2	syntacticus-20230428	spi.conll:unknown	reviewed	synodal-russian	Reviewer confirmed that the governed source supports this exact surface and typed cell; no sibling cell or productive rule is implied.
v07-source-52b24e5544f36d38	synodal:candidate:a1a656a49417531a9c4b0fb2	english-wiktionary-ocs-kaikki-2026-08-07	капище	reviewed	synodal-russian	Reviewer confirmed that the governed source supports this exact surface and typed cell; no sibling cell or productive rule is implied.
v07-source-543256b4852552ea	synodal:candidate:228c65af209318de31004870	syntacticus-20230428	lav.conll:unknown	reviewed	synodal-russian	Reviewer confirmed that the governed source supports this exact surface and typed cell; no sibling cell or productive rule is implied.
v07-source-549871081cc48959	synodal:candidate:016b3bc94315e16858bc4017	syntacticus-20230428	usp-sbor.conll:unknown	reviewed	synodal-russian	Reviewer confirmed that the governed source supports this exact surface and typed cell; no sibling cell or productive rule is implied.
v07-source-54d6d2885c79e629	synodal:candidate:34735e610ae68629343fcb69	syntacticus-20230428	const.conll:unknown	reviewed	synodal-russian	Reviewer confirmed that the governed source supports this exact surface and typed cell; no sibling cell or productive rule is implied.
v07-source-54eb3392f6bbd205	synodal:candidate:2dcd42bb6af622bd75e7206e	syntacticus-20230428	const.conll:unknown	reviewed	synodal-russian	Reviewer confirmed that the governed source supports this exact surface and typed cell; no sibling cell or productive rule is implied.
v07-source-554c70fd7f619f6d	synodal:candidate:278c25968ba32b418e1234d9	syntacticus-20230428	lav.conll:unknown	reviewed	synodal-russian	Reviewer confirmed that the governed source supports this exact surface and typed cell; no sibling cell or productive rule is implied.
v07-source-55c141ce1e00f6af	synodal:candidate:6cf7ea66f3bb3c83cbf03743	syntacticus-20230428	psal-sin.conll:unknown	reviewed	synodal-russian	Reviewer confirmed that the governed source supports this exact surface and typed cell; no sibling cell or productive rule is implied.
v07-source-560a6f0d3b7f4c97	synodal:candidate:f4b97531a5f27f9c7339cd3e	syntacticus-20230428	vit-const.conll:unknown	reviewed	synodal-russian	Reviewer confirmed that the governed source supports this exact surface and typed cell; no sibling cell or productive rule is implied.
v07-source-5626ce2f1c1bc552	synodal:candidate:09fa349dc7c4a0e87c1fb7ed	syntacticus-20230428	lav.conll:unknown	reviewed	synodal-russian	Reviewer confirmed that the governed source supports this exact surface and typed cell; no sibling cell or productive rule is implied.
v07-source-566a418b09fed305	synodal:candidate:66e841d4dbc945b6f62ce276	syntacticus-20230428	nov-sin.conll:unknown	reviewed	synodal-russian	Reviewer confirmed that the governed source supports this exact surface and typed cell; no sibling cell or productive rule is implied.
v07-source-5729409d53f98576	synodal:candidate:4db2455c1f3f6057d3dd898b	english-wiktionary-ocs-kaikki-2026-08-07	вождь	reviewed	synodal-russian	Reviewer confirmed that the governed source supports this exact surface and typed cell; no sibling cell or productive rule is implied.
v07-source-578412d8947043c5	synodal:candidate:6e5353c87b2178a275496c6c	syntacticus-20230428	const.conll:unknown	reviewed	synodal-russian	Reviewer confirmed that the governed source supports this exact surface and typed cell; no sibling cell or productive rule is implied.
v07-source-582f8742aa7395f8	synodal:candidate:bb23890be57a87435acb6c87	syntacticus-20230428	golitsyn.conll:unknown	reviewed	synodal-russian	Reviewer confirmed that the governed source supports this exact surface and typed cell; no sibling cell or productive rule is implied.
v07-source-5860ece0fc3df034	synodal:candidate:7ee087f25c2f071c276b406e	syntacticus-20230428	const.conll:unknown	reviewed	synodal-russian	Reviewer confirmed that the governed source supports this exact surface and typed cell; no sibling cell or productive rule is implied.
v07-source-58852ceeaaf87818	synodal:candidate:91f0f6b7575e38ee55705ddb	syntacticus-20230428	const.conll:unknown	reviewed	synodal-russian	Reviewer confirmed that the governed source supports this exact surface and typed cell; no sibling cell or productive rule is implied.
v07-source-5891cda1fb4390eb	synodal:candidate:73724e96caf67867b59d1c0a	syntacticus-20230428	lav.conll:unknown	reviewed	synodal-russian	Reviewer confirmed that the governed source supports this exact surface and typed cell; no sibling cell or productive rule is implied.
v07-source-58b3eabd072ff2c3	synodal:candidate:3313ca6144111069f8d6e782	syntacticus-20230428	drac.conll:unknown	reviewed	synodal-russian	Reviewer confirmed that the governed source supports this exact surface and typed cell; no sibling cell or productive rule is implied.
v07-source-58d16a447ae9edf4	synodal:candidate:fbaa5d5b0e821a624cba5218	syntacticus-20230428	lav.conll:unknown	reviewed	synodal-russian	Reviewer confirmed that the governed source supports this exact surface and typed cell; no sibling cell or productive rule is implied.
v07-source-590caa1c39f71614	synodal:candidate:d41fb5e922197a577c1bade7	syntacticus-20230428	lav.conll:unknown	reviewed	synodal-russian	Reviewer confirmed that the governed source supports this exact surface and typed cell; no sibling cell or productive rule is implied.
v07-source-593f35220bded0a9	synodal:candidate:58c9325e8926a0f5080a4bff	english-wiktionary-ocs-kaikki-2026-08-07	плотъ	reviewed	synodal-russian	Reviewer confirmed that the governed source supports this exact surface and typed cell; no sibling cell or productive rule is implied.
v07-source-59e77ce545fc96da	synodal:candidate:c2e9e8bcebbe10c7e470feac	syntacticus-20230428	lav.conll:unknown	reviewed	synodal-russian	Reviewer confirmed that the governed source supports this exact surface and typed cell; no sibling cell or productive rule is implied.
v07-source-59ea886f8be0c810	synodal:candidate:c0fdb8679e1a15f084d097c8	syntacticus-20230428	lav.conll:unknown	reviewed	synodal-russian	Reviewer confirmed that the governed source supports this exact surface and typed cell; no sibling cell or productive rule is implied.
v07-source-59fa019fac206d49	synodal:candidate:6dffb64875d72d7474a06d17	syntacticus-20230428	lav.conll:unknown	reviewed	synodal-russian	Reviewer confirmed that the governed source supports this exact surface and typed cell; no sibling cell or productive rule is implied.
v07-source-5a4d3b4058da7cbc	synodal:candidate:71deafb75ac23b577d1e6bb6	syntacticus-20230428	const.conll:unknown	reviewed	synodal-russian	Reviewer confirmed that the governed source supports this exact surface and typed cell; no sibling cell or productive rule is implied.
v07-source-5a5604da62e48ba1	synodal:candidate:4493ea7b6348b324e13d821c	syntacticus-20230428	sergrad.conll:unknown	reviewed	synodal-russian	Reviewer confirmed that the governed source supports this exact surface and typed cell; no sibling cell or productive rule is implied.
v07-source-5a8c6de5c2c57f6b	synodal:candidate:f098296901dbc261ca4d3c9a	syntacticus-20230428	lav.conll:unknown	reviewed	synodal-russian	Reviewer confirmed that the governed source supports this exact surface and typed cell; no sibling cell or productive rule is implied.
v07-source-5acf056025d51f16	synodal:candidate:5c3a4df367af8d85e3f040c1	english-wiktionary-ocs-kaikki-2026-08-07	мꙑсль	reviewed	synodal-russian	Reviewer confirmed that the governed source supports this exact surface and typed cell; no sibling cell or productive rule is implied.
v07-source-5af34708dd27c6ac	synodal:candidate:3e401d99f5c591cbc4b7ec7c	syntacticus-20230428	lav.conll:unknown	reviewed	synodal-russian	Reviewer confirmed that the governed source supports this exact surface and typed cell; no sibling cell or productive rule is implied.
v07-source-5b03d620da21a4da	synodal:candidate:428d09747d534990d0de85c3	syntacticus-20230428	sergrad.conll:unknown	reviewed	synodal-russian	Reviewer confirmed that the governed source supports this exact surface and typed cell; no sibling cell or productive rule is implied.
v07-source-5b173d0ed3d7d4e8	synodal:candidate:71335acbcc0791cdd70ae759	syntacticus-20230428	const.conll:unknown	reviewed	synodal-russian	Reviewer confirmed that the governed source supports this exact surface and typed cell; no sibling cell or productive rule is implied.
v07-source-5b5dfcc4e1a0c62b	synodal:candidate:2eb49245565d7d40b8ca00a1	english-wiktionary-ocs-kaikki-2026-08-07	рабꙑни	reviewed	synodal-russian	Reviewer confirmed that the governed source supports this exact surface and typed cell; no sibling cell or productive rule is implied.
v07-source-5b7e61502782e4d2	synodal:candidate:24305800f407fe23bfbd2ac3	english-wiktionary-ocs-kaikki-2026-08-07	вельможа	reviewed	synodal-russian	Reviewer confirmed that the governed source supports this exact surface and typed cell; no sibling cell or productive rule is implied.
v07-source-5bddde0378d112a0	synodal:candidate:9d39b0398a68a2f2c580a138	syntacticus-20230428	vit-meth.conll:unknown	reviewed	synodal-russian	Reviewer confirmed that the governed source supports this exact surface and typed cell; no sibling cell or productive rule is implied.
v07-source-5c2f75b7b3ea4524	synodal:candidate:f583f5f041feec7297fc6de6	syntacticus-20230428	drac.conll:unknown	reviewed	synodal-russian	Reviewer confirmed that the governed source supports this exact surface and typed cell; no sibling cell or productive rule is implied.
v07-source-5c43cfba56d5b151	synodal:candidate:375f59d4f261e15293ea88df	syntacticus-20230428	lav.conll:unknown	reviewed	synodal-russian	Reviewer confirmed that the governed source supports this exact surface and typed cell; no sibling cell or productive rule is implied.
v07-source-5ca3f543e8efda0c	synodal:candidate:79f6c3838f4d0c599c95ce1b	syntacticus-20230428	afnik.conll:unknown	reviewed	synodal-russian	Reviewer confirmed that the governed source supports this exact surface and typed cell; no sibling cell or productive rule is implied.
v07-source-5cc5cf6f160284da	synodal:candidate:d2ec0192007135f9b60836a0	syntacticus-20230428	supr.conll:unknown	reviewed	synodal-russian	Reviewer confirmed that the governed source supports this exact surface and typed cell; no sibling cell or productive rule is implied.
v07-source-5cd628cc7995f9aa	synodal:candidate:55220efaa3b47fc1628b5211	syntacticus-20230428	const.conll:unknown	reviewed	synodal-russian	Reviewer confirmed that the governed source supports this exact surface and typed cell; no sibling cell or productive rule is implied.
v07-source-5d34c547a44df98a	synodal:candidate:1e2479c339e436dbdf326e8c	syntacticus-20230428	usp-sbor.conll:unknown	reviewed	synodal-russian	Reviewer confirmed that the governed source supports this exact surface and typed cell; no sibling cell or productive rule is implied.
v07-source-5da3d6f983b22400	synodal:candidate:37db2dd843e489677b92531b	english-wiktionary-ocs-kaikki-2026-08-07	коза	reviewed	synodal-russian	Reviewer confirmed that the governed source supports this exact surface and typed cell; no sibling cell or productive rule is implied.
v07-source-5dfc209edd562039	synodal:candidate:0feafafca4ac688ef3f70f8f	syntacticus-20230428	lav.conll:unknown	reviewed	synodal-russian	Reviewer confirmed that the governed source supports this exact surface and typed cell; no sibling cell or productive rule is implied.
v07-source-5e11dfef7ddae412	synodal:candidate:44bfb5a1a57924ccbb7b0dbe	syntacticus-20230428	sergrad.conll:unknown	reviewed	synodal-russian	Reviewer confirmed that the governed source supports this exact surface and typed cell; no sibling cell or productive rule is implied.
v07-source-5e24923ef5ecf71a	synodal:candidate:7233bdbd0a44f57a0c64bfac	english-wiktionary-ocs-kaikki-2026-08-07	мѫдрость	reviewed	synodal-russian	Reviewer confirmed that the governed source supports this exact surface and typed cell; no sibling cell or productive rule is implied.
v07-source-5e43378a6884757f	synodal:candidate:fd0d5c369d27aca84685bd41	syntacticus-20230428	lav.conll:unknown	reviewed	synodal-russian	Reviewer confirmed that the governed source supports this exact surface and typed cell; no sibling cell or productive rule is implied.
v07-source-5e5fb957bbe88d9c	synodal:candidate:6a7876602eb56a2be369fe54	syntacticus-20230428	lav.conll:unknown	reviewed	synodal-russian	Reviewer confirmed that the governed source supports this exact surface and typed cell; no sibling cell or productive rule is implied.
v07-source-5e68d18c65d4d98f	synodal:candidate:cf807e935dbee4596db27e62	syntacticus-20230428	lav.conll:unknown	reviewed	synodal-russian	Reviewer confirmed that the governed source supports this exact surface and typed cell; no sibling cell or productive rule is implied.
v07-source-5ebcf034da0cf6f3	synodal:candidate:fe2425e2bf461327c9a7f66c	syntacticus-20230428	afnik.conll:unknown	reviewed	synodal-russian	Reviewer confirmed that the governed source supports this exact surface and typed cell; no sibling cell or productive rule is implied.
v07-source-5ec6a76a6741c6cc	synodal:candidate:46b4932fa35e30f266f8f303	syntacticus-20230428	psal-sin.conll:unknown	reviewed	synodal-russian	Reviewer confirmed that the governed source supports this exact surface and typed cell; no sibling cell or productive rule is implied.
v07-source-5f200d7c6b398c56	synodal:candidate:a2145985f740bc5118b00853	syntacticus-20230428	sergrad.conll:unknown	reviewed	synodal-russian	Reviewer confirmed that the governed source supports this exact surface and typed cell; no sibling cell or productive rule is implied.
v07-source-5f70b9ab47da3af6	synodal:candidate:6e25ae3add99984207aaffc9	syntacticus-20230428	lav.conll:unknown	reviewed	synodal-russian	Reviewer confirmed that the governed source supports this exact surface and typed cell; no sibling cell or productive rule is implied.
v07-source-603c47578dd6fb7a	synodal:candidate:2e51fd21ac9f68994e524eba	english-wiktionary-ocs-kaikki-2026-08-07	царь	reviewed	synodal-russian	Reviewer confirmed that the governed source supports this exact surface and typed cell; no sibling cell or productive rule is implied.
v07-source-604e55b13e3ffe32	synodal:candidate:b80df416304fc0b0aa09678f	syntacticus-20230428	const.conll:unknown	reviewed	synodal-russian	Reviewer confirmed that the governed source supports this exact surface and typed cell; no sibling cell or productive rule is implied.
v07-source-608cbc0b3c952b65	synodal:candidate:63d3fffebc6640af4808ffdb	english-wiktionary-ocs-kaikki-2026-08-07	крило	reviewed	synodal-russian	Reviewer confirmed that the governed source supports this exact surface and typed cell; no sibling cell or productive rule is implied.
v07-source-60ca63030f137f3e	synodal:candidate:4fb9887357eeed28cc7321b3	syntacticus-20230428	vit-const.conll:unknown	reviewed	synodal-russian	Reviewer confirmed that the governed source supports this exact surface and typed cell; no sibling cell or productive rule is implied.
v07-source-6114392bc5d74966	synodal:candidate:006e33568cb5e00e36a3ecbf	syntacticus-20230428	lav.conll:unknown	reviewed	synodal-russian	Reviewer confirmed that the governed source supports this exact surface and typed cell; no sibling cell or productive rule is implied.
v07-source-614a7d546716b86a	synodal:candidate:0a095ece0bbd611f24cbab80	syntacticus-20230428	lav.conll:unknown	reviewed	synodal-russian	Reviewer confirmed that the governed source supports this exact surface and typed cell; no sibling cell or productive rule is implied.
v07-source-616e94e6f9f3b368	synodal:candidate:73cacf3509d450390f154277	syntacticus-20230428	lav.conll:unknown	reviewed	synodal-russian	Reviewer confirmed that the governed source supports this exact surface and typed cell; no sibling cell or productive rule is implied.
v07-source-61abb80e1b287ce6	synodal:candidate:307537a580ca4eed678e90db	syntacticus-20230428	sergrad.conll:unknown	reviewed	synodal-russian	Reviewer confirmed that the governed source supports this exact surface and typed cell; no sibling cell or productive rule is implied.
v07-source-61fc90083673cca8	synodal:candidate:3ddefbfe5239fca7872ee0b7	syntacticus-20230428	luk-koloc.conll:unknown	reviewed	synodal-russian	Reviewer confirmed that the governed source supports this exact surface and typed cell; no sibling cell or productive rule is implied.
v07-source-62238023dfbdfe65	synodal:candidate:f6048588d01934d045d23695	syntacticus-20230428	nov-sin.conll:unknown	reviewed	synodal-russian	Reviewer confirmed that the governed source supports this exact surface and typed cell; no sibling cell or productive rule is implied.
v07-source-623a5953c7539c8d	synodal:candidate:5135afb5ae39c8b8e37d730c	syntacticus-20230428	psal-sin.conll:unknown	reviewed	synodal-russian	Reviewer confirmed that the governed source supports this exact surface and typed cell; no sibling cell or productive rule is implied.
v07-source-628273ad0061d132	synodal:candidate:77c2565f5761b2b9b6a995f5	syntacticus-20230428	lav.conll:unknown	reviewed	synodal-russian	Reviewer confirmed that the governed source supports this exact surface and typed cell; no sibling cell or productive rule is implied.
v07-source-62aa1719b7bdefc7	synodal:candidate:32720887945d2130ea6915e4	syntacticus-20230428	sergrad.conll:unknown	reviewed	synodal-russian	Reviewer confirmed that the governed source supports this exact surface and typed cell; no sibling cell or productive rule is implied.
v07-source-62c2daa5379d49eb	synodal:candidate:08f98d27deaeeb23b50a86a3	english-wiktionary-ocs-kaikki-2026-08-07	она	reviewed	synodal-russian	Reviewer confirmed that the governed source supports this exact surface and typed cell; no sibling cell or productive rule is implied.
v07-source-630b052e30ee6277	synodal:candidate:108ca99a5741a82fb7591803	syntacticus-20230428	lav.conll:unknown	reviewed	synodal-russian	Reviewer confirmed that the governed source supports this exact surface and typed cell; no sibling cell or productive rule is implied.
v07-source-635f73e0cb282979	synodal:candidate:22ac62283107775c2fc7fe6a	syntacticus-20230428	const.conll:unknown	reviewed	synodal-russian	Reviewer confirmed that the governed source supports this exact surface and typed cell; no sibling cell or productive rule is implied.
v07-source-63bedd8f61a4095e	synodal:candidate:b37147b84f693e6a21df4e56	syntacticus-20230428	lav.conll:unknown	reviewed	synodal-russian	Reviewer confirmed that the governed source supports this exact surface and typed cell; no sibling cell or productive rule is implied.
v07-source-63cf8a4f4ea2f2be	synodal:candidate:6abe9ab51c94e634c39ab363	syntacticus-20230428	birchbark.conll:unknown	reviewed	synodal-russian	Reviewer confirmed that the governed source supports this exact surface and typed cell; no sibling cell or productive rule is implied.
v07-source-6461c39d31a8e0a6	synodal:candidate:08f98d27deaeeb23b50a86a3	english-wiktionary-ocs-kaikki-2026-08-07	она	reviewed	synodal-russian	Reviewer confirmed that the governed source supports this exact surface and typed cell; no sibling cell or productive rule is implied.
v07-source-65cd3d36414a2555	synodal:candidate:7233bdbd0a44f57a0c64bfac	english-wiktionary-ocs-kaikki-2026-08-07	мѫдрость	reviewed	synodal-russian	Reviewer confirmed that the governed source supports this exact surface and typed cell; no sibling cell or productive rule is implied.
v07-source-661c2a5cf93da508	synodal:candidate:c6ffeba629cf15dd321d4754	english-wiktionary-ocs-kaikki-2026-08-07	волꙗ	reviewed	synodal-russian	Reviewer confirmed that the governed source supports this exact surface and typed cell; no sibling cell or productive rule is implied.
v07-source-668f8afa5af41fe5	synodal:candidate:9d96dd71fa5271d2a1029595	syntacticus-20230428	sergrad.conll:unknown	reviewed	synodal-russian	Reviewer confirmed that the governed source supports this exact surface and typed cell; no sibling cell or productive rule is implied.
v07-source-67274871a8a14aaf	synodal:candidate:b94058de7e1f94459f866fac	english-wiktionary-ocs-kaikki-2026-08-07	свѧтилище	reviewed	synodal-russian	Reviewer confirmed that the governed source supports this exact surface and typed cell; no sibling cell or productive rule is implied.
v07-source-675ff9a9a53eded9	synodal:candidate:16178cb0c2d5390347723836	syntacticus-20230428	psal-sin.conll:unknown	reviewed	synodal-russian	Reviewer confirmed that the governed source supports this exact surface and typed cell; no sibling cell or productive rule is implied.
v07-source-676bd916fabcbe28	synodal:candidate:b85bfb5aa47786599160b83e	syntacticus-20230428	lav.conll:unknown	reviewed	synodal-russian	Reviewer confirmed that the governed source supports this exact surface and typed cell; no sibling cell or productive rule is implied.
v07-source-6777c0f48ee29210	synodal:candidate:2cb71b21f06c212b49751d48	syntacticus-20230428	lav.conll:unknown	reviewed	synodal-russian	Reviewer confirmed that the governed source supports this exact surface and typed cell; no sibling cell or productive rule is implied.
v07-source-67804b9e70dfddd6	synodal:candidate:f30e6adaf2310a70cab7c333	syntacticus-20230428	zogr.conll:unknown	reviewed	synodal-russian	Reviewer confirmed that the governed source supports this exact surface and typed cell; no sibling cell or productive rule is implied.
v07-source-678a3100bd6e5593	synodal:candidate:3c664d2b8a3f93be43adbac5	english-wiktionary-ocs-kaikki-2026-08-07	Асіꙗ	reviewed	synodal-russian	Reviewer confirmed that the governed source supports this exact surface and typed cell; no sibling cell or productive rule is implied.
v07-source-68b57a7d111c03bc	synodal:candidate:2cee7b1596a05c85dcf730eb	syntacticus-20230428	const.conll:unknown	reviewed	synodal-russian	Reviewer confirmed that the governed source supports this exact surface and typed cell; no sibling cell or productive rule is implied.
v07-source-68fc775b8e5816d3	synodal:candidate:2458276ea50ef9216d8ee813	syntacticus-20230428	usp-sbor.conll:unknown	reviewed	synodal-russian	Reviewer confirmed that the governed source supports this exact surface and typed cell; no sibling cell or productive rule is implied.
v07-source-69ab10077819d9d9	synodal:candidate:ce4349dc5b636f8dafc229b7	syntacticus-20230428	sergrad.conll:unknown	reviewed	synodal-russian	Reviewer confirmed that the governed source supports this exact surface and typed cell; no sibling cell or productive rule is implied.
v07-source-6a086e8e08257655	synodal:candidate:ddd92966c56ad578d5891d63	syntacticus-20230428	supr.conll:unknown	reviewed	synodal-russian	Reviewer confirmed that the governed source supports this exact surface and typed cell; no sibling cell or productive rule is implied.
v07-source-6a6c91013007d816	synodal:candidate:14a635b3efd7f6b541ff20d0	syntacticus-20230428	const.conll:unknown	reviewed	synodal-russian	Reviewer confirmed that the governed source supports this exact surface and typed cell; no sibling cell or productive rule is implied.
v07-source-6ab215e3ba11d05e	synodal:candidate:1c08286eaff46c688dcf5c4a	syntacticus-20230428	lav.conll:unknown	reviewed	synodal-russian	Reviewer confirmed that the governed source supports this exact surface and typed cell; no sibling cell or productive rule is implied.
v07-source-6acd060f11daff41	synodal:candidate:d49b358ae9fa489f458c51f3	english-wiktionary-ocs-kaikki-2026-08-07	пещь	reviewed	synodal-russian	Reviewer confirmed that the governed source supports this exact surface and typed cell; no sibling cell or productive rule is implied.
v07-source-6b871aa6479552aa	synodal:candidate:990db02f382ef0b379e78026	syntacticus-20230428	sergrad.conll:unknown	reviewed	synodal-russian	Reviewer confirmed that the governed source supports this exact surface and typed cell; no sibling cell or productive rule is implied.
v07-source-6bdc6fbfefceb0bd	synodal:candidate:5889f47b19aa64c9727fb86d	english-wiktionary-ocs-kaikki-2026-08-07	хвала	reviewed	synodal-russian	Reviewer confirmed that the governed source supports this exact surface and typed cell; no sibling cell or productive rule is implied.
v07-source-6c2eed40f247db7c	synodal:candidate:a1a656a49417531a9c4b0fb2	english-wiktionary-ocs-kaikki-2026-08-07	капище	reviewed	synodal-russian	Reviewer confirmed that the governed source supports this exact surface and typed cell; no sibling cell or productive rule is implied.
v07-source-6c436b12d4469b3b	synodal:candidate:799e1aafefd6c07e5ea4f8a1	syntacticus-20230428	lav.conll:unknown	reviewed	synodal-russian	Reviewer confirmed that the governed source supports this exact surface and typed cell; no sibling cell or productive rule is implied.
v07-source-6c49d4969fa68112	synodal:candidate:46ed63dfdd2fbcb89b7c25b3	syntacticus-20230428	lav.conll:unknown	reviewed	synodal-russian	Reviewer confirmed that the governed source supports this exact surface and typed cell; no sibling cell or productive rule is implied.
v07-source-6c715f00d892439a	synodal:candidate:d1c53e21fdd694f0b9c096ed	syntacticus-20230428	schism.conll:unknown	reviewed	synodal-russian	Reviewer confirmed that the governed source supports this exact surface and typed cell; no sibling cell or productive rule is implied.
v07-source-6ca9eac99585db91	synodal:candidate:008d22db0390b8db52e257aa	syntacticus-20230428	supr.conll:unknown	reviewed	synodal-russian	Reviewer confirmed that the governed source supports this exact surface and typed cell; no sibling cell or productive rule is implied.
v07-source-6d51091845037d17	synodal:candidate:7446f318c67e3608183f6a17	syntacticus-20230428	zadon.conll:unknown	reviewed	synodal-russian	Reviewer confirmed that the governed source supports this exact surface and typed cell; no sibling cell or productive rule is implied.
v07-source-6d515e43acc080fd	synodal:candidate:4bbda9f307d492571a527b12	syntacticus-20230428	lav.conll:unknown	reviewed	synodal-russian	Reviewer confirmed that the governed source supports this exact surface and typed cell; no sibling cell or productive rule is implied.
v07-source-6d74d573505650d8	synodal:candidate:39b2b00c9ca70b2b77289525	syntacticus-20230428	stefan.conll:unknown	reviewed	synodal-russian	Reviewer confirmed that the governed source supports this exact surface and typed cell; no sibling cell or productive rule is implied.
v07-source-6d8c0cd32adc1958	synodal:candidate:83015be865e7ed219914dc6d	syntacticus-20230428	sergrad.conll:unknown	reviewed	synodal-russian	Reviewer confirmed that the governed source supports this exact surface and typed cell; no sibling cell or productive rule is implied.
v07-source-6db2d9f2a1e92e10	synodal:candidate:8c5114fdc2ab9452b42c48be	syntacticus-20230428	drac.conll:unknown	reviewed	synodal-russian	Reviewer confirmed that the governed source supports this exact surface and typed cell; no sibling cell or productive rule is implied.
v07-source-6ea158fdbb2d43bb	synodal:candidate:e763ee153f85dc96d3fd15bc	syntacticus-20230428	supr.conll:unknown	reviewed	synodal-russian	Reviewer confirmed that the governed source supports this exact surface and typed cell; no sibling cell or productive rule is implied.
v07-source-6ec6f90ac5fcbaa0	synodal:candidate:65416338039ed2fc047d2c9f	syntacticus-20230428	dux-grjaz.conll:unknown	reviewed	synodal-russian	Reviewer confirmed that the governed source supports this exact surface and typed cell; no sibling cell or productive rule is implied.
v07-source-6ee4d5c41c2e3b70	synodal:candidate:44afb02dfb535755a52516c2	syntacticus-20230428	zadon.conll:unknown	reviewed	synodal-russian	Reviewer confirmed that the governed source supports this exact surface and typed cell; no sibling cell or productive rule is implied.
v07-source-6f5999c14bff64d9	synodal:candidate:cc3524249c8977fe28b0e6a4	syntacticus-20230428	zogr.conll:unknown	reviewed	synodal-russian	Reviewer confirmed that the governed source supports this exact surface and typed cell; no sibling cell or productive rule is implied.
v07-source-6f7f9b15b33f6186	synodal:candidate:2a74644afd60977d54e7c9d3	syntacticus-20230428	lav.conll:unknown	reviewed	synodal-russian	Reviewer confirmed that the governed source supports this exact surface and typed cell; no sibling cell or productive rule is implied.
v07-source-6f8306a2887b110e	synodal:candidate:518d0b276f10221165dcad9b	syntacticus-20230428	stefan.conll:unknown	reviewed	synodal-russian	Reviewer confirmed that the governed source supports this exact surface and typed cell; no sibling cell or productive rule is implied.
v07-source-6f8ec0898ae7678c	synodal:candidate:6c14d76c529d4d436a5712c1	syntacticus-20230428	ust-vlad.conll:unknown	reviewed	synodal-russian	Reviewer confirmed that the governed source supports this exact surface and typed cell; no sibling cell or productive rule is implied.
v07-source-6fb98fdf349f9d23	synodal:candidate:0d17d9a158a5efcd91137708	syntacticus-20230428	const.conll:unknown	reviewed	synodal-russian	Reviewer confirmed that the governed source supports this exact surface and typed cell; no sibling cell or productive rule is implied.
v07-source-6fef873f4ebd0605	synodal:candidate:621a05fd7925b8f339a20572	english-wiktionary-ocs-kaikki-2026-08-07	жито	reviewed	synodal-russian	Reviewer confirmed that the governed source supports this exact surface and typed cell; no sibling cell or productive rule is implied.
v07-source-70113bf08ccb164f	synodal:candidate:a28bcfea9e6857f53a8037ed	english-wiktionary-ocs-kaikki-2026-08-07	дроугъ	reviewed	synodal-russian	Reviewer confirmed that the governed source supports this exact surface and typed cell; no sibling cell or productive rule is implied.
v07-source-702749a76e4d784e	synodal:candidate:a7ac0de2888d960d20d32999	syntacticus-20230428	vit-const.conll:unknown	reviewed	synodal-russian	Reviewer confirmed that the governed source supports this exact surface and typed cell; no sibling cell or productive rule is implied.
v07-source-7064d2d4a0e1aa31	synodal:candidate:a23c60063c7d0c10454a4588	syntacticus-20230428	supr.conll:unknown	reviewed	synodal-russian	Reviewer confirmed that the governed source supports this exact surface and typed cell; no sibling cell or productive rule is implied.
v07-source-7069041f63bf7cce	synodal:candidate:ca406470c99b5726e005e1eb	syntacticus-20230428	sergrad.conll:unknown	reviewed	synodal-russian	Reviewer confirmed that the governed source supports this exact surface and typed cell; no sibling cell or productive rule is implied.
v07-source-709b09ae75264daa	synodal:candidate:df55d1c29c2c361659bc82c5	syntacticus-20230428	psal-sin.conll:unknown	reviewed	synodal-russian	Reviewer confirmed that the governed source supports this exact surface and typed cell; no sibling cell or productive rule is implied.
v07-source-710365c715a5d1b4	synodal:candidate:fc23906b1580dc0d7137c510	syntacticus-20230428	lav.conll:unknown	reviewed	synodal-russian	Reviewer confirmed that the governed source supports this exact surface and typed cell; no sibling cell or productive rule is implied.
v07-source-7114f5a37db82a02	synodal:candidate:d6f9558ee60d0c66bacfba92	syntacticus-20230428	lav.conll:unknown	reviewed	synodal-russian	Reviewer confirmed that the governed source supports this exact surface and typed cell; no sibling cell or productive rule is implied.
v07-source-711d3acb7f92d187	synodal:candidate:07e61e68242c082b276e3e1d	syntacticus-20230428	sergrad.conll:unknown	reviewed	synodal-russian	Reviewer confirmed that the governed source supports this exact surface and typed cell; no sibling cell or productive rule is implied.
v07-source-71adf24af61a7c18	synodal:candidate:2bd2305ffff2f5ba5c05cccf	syntacticus-20230428	lav.conll:unknown	reviewed	synodal-russian	Reviewer confirmed that the governed source supports this exact surface and typed cell; no sibling cell or productive rule is implied.
v07-source-71cb4c4b6d85b95b	synodal:candidate:81a5a36ffa87a0b2f75ff5f6	syntacticus-20230428	const.conll:unknown	reviewed	synodal-russian	Reviewer confirmed that the governed source supports this exact surface and typed cell; no sibling cell or productive rule is implied.
v07-source-71d4a63eee0ff783	synodal:candidate:06e75bd2f199374dffdb92d2	syntacticus-20230428	sergrad.conll:unknown	reviewed	synodal-russian	Reviewer confirmed that the governed source supports this exact surface and typed cell; no sibling cell or productive rule is implied.
v07-source-71f8c19b1c3cab04	synodal:candidate:344019576e963598dd01b607	english-wiktionary-ocs-kaikki-2026-08-07	клѧтва	reviewed	synodal-russian	Reviewer confirmed that the governed source supports this exact surface and typed cell; no sibling cell or productive rule is implied.
v07-source-72b3d8c57c9d2e7a	synodal:candidate:5a404e8dcbac7ecf93744666	syntacticus-20230428	lav.conll:unknown	reviewed	synodal-russian	Reviewer confirmed that the governed source supports this exact surface and typed cell; no sibling cell or productive rule is implied.
v07-source-73031710de736419	synodal:candidate:59f0b6b2d2eba584bf7201de	syntacticus-20230428	lav.conll:unknown	reviewed	synodal-russian	Reviewer confirmed that the governed source supports this exact surface and typed cell; no sibling cell or productive rule is implied.
v07-source-73567525abc2170c	synodal:candidate:40f3b7e6a886caacbe9a0219	syntacticus-20230428	afnik.conll:unknown	reviewed	synodal-russian	Reviewer confirmed that the governed source supports this exact surface and typed cell; no sibling cell or productive rule is implied.
v07-source-73764ed3cce49609	synodal:candidate:4ea45cf88d5f64f22c9d197d	syntacticus-20230428	afnik.conll:unknown	reviewed	synodal-russian	Reviewer confirmed that the governed source supports this exact surface and typed cell; no sibling cell or productive rule is implied.
v07-source-73c295fca823ad84	synodal:candidate:231f75197f4e8f1e733de998	syntacticus-20230428	lav.conll:unknown	reviewed	synodal-russian	Reviewer confirmed that the governed source supports this exact surface and typed cell; no sibling cell or productive rule is implied.
v07-source-73c9f3c51d7b0652	synodal:candidate:5bddda8df6dfdd0cd2013c56	english-wiktionary-ocs-kaikki-2026-08-07	щедрота	reviewed	synodal-russian	Reviewer confirmed that the governed source supports this exact surface and typed cell; no sibling cell or productive rule is implied.
v07-source-73fd65bf5d715305	synodal:candidate:6e06244e533a2111b926c200	syntacticus-20230428	psal-sin.conll:unknown	reviewed	synodal-russian	Reviewer confirmed that the governed source supports this exact surface and typed cell; no sibling cell or productive rule is implied.
v07-source-741ecfff1e1aaa30	synodal:candidate:ba459ce0e216fa0954c9e062	syntacticus-20230428	stefan.conll:unknown	reviewed	synodal-russian	Reviewer confirmed that the governed source supports this exact surface and typed cell; no sibling cell or productive rule is implied.
v07-source-748481d6bb9b662d	synodal:candidate:0bf1d9d9361695eba03b9cba	syntacticus-20230428	lav.conll:unknown	reviewed	synodal-russian	Reviewer confirmed that the governed source supports this exact surface and typed cell; no sibling cell or productive rule is implied.
v07-source-74a5de03753ab324	synodal:candidate:715cf308af249fed8a6cb849	syntacticus-20230428	supr.conll:unknown	reviewed	synodal-russian	Reviewer confirmed that the governed source supports this exact surface and typed cell; no sibling cell or productive rule is implied.
v07-source-74b928c034f68bb2	synodal:candidate:e09e37bd6adeaae9d1efcc08	syntacticus-20230428	afnik.conll:unknown	reviewed	synodal-russian	Reviewer confirmed that the governed source supports this exact surface and typed cell; no sibling cell or productive rule is implied.
v07-source-74bde85a663990ad	synodal:candidate:aec04aebe89cdf84689dd160	syntacticus-20230428	supr.conll:unknown	reviewed	synodal-russian	Reviewer confirmed that the governed source supports this exact surface and typed cell; no sibling cell or productive rule is implied.
v07-source-74ffcbcfe122cd74	synodal:candidate:e3a900803cf6135489e718a3	syntacticus-20230428	lav.conll:unknown	reviewed	synodal-russian	Reviewer confirmed that the governed source supports this exact surface and typed cell; no sibling cell or productive rule is implied.
v07-source-7513844264ae9b7c	synodal:candidate:c0a6070d07c44c1728e2a799	syntacticus-20230428	lav.conll:unknown	reviewed	synodal-russian	Reviewer confirmed that the governed source supports this exact surface and typed cell; no sibling cell or productive rule is implied.
v07-source-75246cd9e4a186f5	synodal:candidate:748deeb03d7752ebc05e917d	syntacticus-20230428	afnik.conll:unknown	reviewed	synodal-russian	Reviewer confirmed that the governed source supports this exact surface and typed cell; no sibling cell or productive rule is implied.
v07-source-758378b37e123608	synodal:candidate:c6979f479feb8f1e6944ec1a	syntacticus-20230428	usp-sbor.conll:unknown	reviewed	synodal-russian	Reviewer confirmed that the governed source supports this exact surface and typed cell; no sibling cell or productive rule is implied.
v07-source-75bea5388ef4d117	synodal:candidate:ac1a3807992cb5aabd998d77	syntacticus-20230428	afnik.conll:unknown	reviewed	synodal-russian	Reviewer confirmed that the governed source supports this exact surface and typed cell; no sibling cell or productive rule is implied.
v07-source-760f00e54aca93f1	synodal:candidate:628521f0fcb42a952ad3d7f5	syntacticus-20230428	supr.conll:unknown	reviewed	synodal-russian	Reviewer confirmed that the governed source supports this exact surface and typed cell; no sibling cell or productive rule is implied.
v07-source-7672435357d843a0	synodal:candidate:58c7ddbfee5c3299b0a68247	syntacticus-20230428	vit-const.conll:unknown	reviewed	synodal-russian	Reviewer confirmed that the governed source supports this exact surface and typed cell; no sibling cell or productive rule is implied.
v07-source-767f6d59e45a8695	synodal:candidate:7c4b09c06f0d4b9d152c02bf	syntacticus-20230428	sergrad.conll:unknown	reviewed	synodal-russian	Reviewer confirmed that the governed source supports this exact surface and typed cell; no sibling cell or productive rule is implied.
v07-source-76a0c815d3f75289	synodal:candidate:ba1e70b927e510133aa42638	syntacticus-20230428	lav.conll:unknown	reviewed	synodal-russian	Reviewer confirmed that the governed source supports this exact surface and typed cell; no sibling cell or productive rule is implied.
v07-source-771ba0a7729d3d07	synodal:candidate:ef0edb0d92f891ed83a7f2eb	syntacticus-20230428	lav.conll:unknown	reviewed	synodal-russian	Reviewer confirmed that the governed source supports this exact surface and typed cell; no sibling cell or productive rule is implied.
v07-source-771c18cc93efc2cd	synodal:candidate:c7d06305db9d41cd8978c526	syntacticus-20230428	lav.conll:unknown	reviewed	synodal-russian	Reviewer confirmed that the governed source supports this exact surface and typed cell; no sibling cell or productive rule is implied.
v07-source-77296bd9e6fd0e9f	synodal:candidate:6fa677d29a08c80053e915c6	syntacticus-20230428	lav.conll:unknown	reviewed	synodal-russian	Reviewer confirmed that the governed source supports this exact surface and typed cell; no sibling cell or productive rule is implied.
v07-source-779cc4e3fe212aa1	synodal:candidate:246df9e425fab1012cb12dfe	english-wiktionary-ocs-kaikki-2026-08-07	Аарѡнъ	reviewed	synodal-russian	Reviewer confirmed that the governed source supports this exact surface and typed cell; no sibling cell or productive rule is implied.
v07-source-7816609121aa8936	synodal:candidate:8772cd06f393fbb6e722849b	syntacticus-20230428	lav.conll:unknown	reviewed	synodal-russian	Reviewer confirmed that the governed source supports this exact surface and typed cell; no sibling cell or productive rule is implied.
v07-source-781c5c974be29520	synodal:candidate:ce47ee80c4c537e69e2d1f5f	syntacticus-20230428	schism.conll:unknown	reviewed	synodal-russian	Reviewer confirmed that the governed source supports this exact surface and typed cell; no sibling cell or productive rule is implied.
v07-source-7844dbd07503e602	synodal:candidate:672f5cea44757da5b32e563d	syntacticus-20230428	stefan.conll:unknown	reviewed	synodal-russian	Reviewer confirmed that the governed source supports this exact surface and typed cell; no sibling cell or productive rule is implied.
v07-source-78739fadc9fe08d9	synodal:candidate:83045ccbc4ef848ce961ef2d	syntacticus-20230428	sergrad.conll:unknown	reviewed	synodal-russian	Reviewer confirmed that the governed source supports this exact surface and typed cell; no sibling cell or productive rule is implied.
v07-source-7881243724ef72dc	synodal:candidate:c6ffeba629cf15dd321d4754	english-wiktionary-ocs-kaikki-2026-08-07	волꙗ	reviewed	synodal-russian	Reviewer confirmed that the governed source supports this exact surface and typed cell; no sibling cell or productive rule is implied.
v07-source-78b86d34b7b69e09	synodal:candidate:2963729fda691f23f7b52f5d	english-wiktionary-ocs-kaikki-2026-08-07	рꙑба	reviewed	synodal-russian	Reviewer confirmed that the governed source supports this exact surface and typed cell; no sibling cell or productive rule is implied.
v07-source-78f923e3b495085e	synodal:candidate:2eb49245565d7d40b8ca00a1	english-wiktionary-ocs-kaikki-2026-08-07	рабꙑни	reviewed	synodal-russian	Reviewer confirmed that the governed source supports this exact surface and typed cell; no sibling cell or productive rule is implied.
v07-source-790d9add37a280b6	synodal:candidate:e3674da6e47cc39825853bc2	syntacticus-20230428	stefan.conll:unknown	reviewed	synodal-russian	Reviewer confirmed that the governed source supports this exact surface and typed cell; no sibling cell or productive rule is implied.
v07-source-7925edcd23f533bd	synodal:candidate:8d97f3c56bb6f40eafbc848f	syntacticus-20230428	vit-const.conll:unknown	reviewed	synodal-russian	Reviewer confirmed that the governed source supports this exact surface and typed cell; no sibling cell or productive rule is implied.
v07-source-796d379c39dfef3c	synodal:candidate:a75f02daaada844c4c3511ee	syntacticus-20230428	const.conll:unknown	reviewed	synodal-russian	Reviewer confirmed that the governed source supports this exact surface and typed cell; no sibling cell or productive rule is implied.
v07-source-79fc7762faf43016	synodal:candidate:853fca10685b8aa8d163f3a3	syntacticus-20230428	lav.conll:unknown	reviewed	synodal-russian	Reviewer confirmed that the governed source supports this exact surface and typed cell; no sibling cell or productive rule is implied.
v07-source-7a3674625b9344dd	synodal:candidate:bdcd2d622b6deae0b7604c16	syntacticus-20230428	luk-koloc.conll:unknown	reviewed	synodal-russian	Reviewer confirmed that the governed source supports this exact surface and typed cell; no sibling cell or productive rule is implied.
v07-source-7a57d767077e1553	synodal:candidate:0bf8dd5dba56973645367c2e	english-wiktionary-ocs-kaikki-2026-08-07	оно	reviewed	synodal-russian	Reviewer confirmed that the governed source supports this exact surface and typed cell; no sibling cell or productive rule is implied.
v07-source-7a591182cceef762	synodal:candidate:66a9c892b8b266cbbf5ac616	syntacticus-20230428	const.conll:unknown	reviewed	synodal-russian	Reviewer confirmed that the governed source supports this exact surface and typed cell; no sibling cell or productive rule is implied.
v07-source-7ae13fc8aa60c4e5	synodal:candidate:9fa64cebc337b5b9296fa0e2	syntacticus-20230428	afnik.conll:unknown	reviewed	synodal-russian	Reviewer confirmed that the governed source supports this exact surface and typed cell; no sibling cell or productive rule is implied.
v07-source-7ae905b8f4dcea4b	synodal:candidate:e904a304df8c0ee8a7e0b908	syntacticus-20230428	lav.conll:unknown	reviewed	synodal-russian	Reviewer confirmed that the governed source supports this exact surface and typed cell; no sibling cell or productive rule is implied.
v07-source-7af89c1bd8f7a0b8	synodal:candidate:ccf4d58703f2bbd6f0969739	syntacticus-20230428	sergrad.conll:unknown	reviewed	synodal-russian	Reviewer confirmed that the governed source supports this exact surface and typed cell; no sibling cell or productive rule is implied.
v07-source-7b721a661f78aa82	synodal:candidate:03a34fd5231e78486c1f8f72	syntacticus-20230428	psal-sin.conll:unknown	reviewed	synodal-russian	Reviewer confirmed that the governed source supports this exact surface and typed cell; no sibling cell or productive rule is implied.
v07-source-7b8abaac7b770927	synodal:candidate:0805d3255ed7de37e293f70c	syntacticus-20230428	lav.conll:unknown	reviewed	synodal-russian	Reviewer confirmed that the governed source supports this exact surface and typed cell; no sibling cell or productive rule is implied.
v07-source-7bc9bb978940f740	synodal:candidate:3f7d25e5fb4e6cfafa7f7a58	syntacticus-20230428	drac.conll:unknown	reviewed	synodal-russian	Reviewer confirmed that the governed source supports this exact surface and typed cell; no sibling cell or productive rule is implied.
v07-source-7be1af365ba254b0	synodal:candidate:e550c0c8d9da27701c21ec19	syntacticus-20230428	lav.conll:unknown	reviewed	synodal-russian	Reviewer confirmed that the governed source supports this exact surface and typed cell; no sibling cell or productive rule is implied.
v07-source-7bf0ce0266c5a03a	synodal:candidate:56d3911fdbaf5eaf204f196c	english-wiktionary-ocs-kaikki-2026-08-07	ѩти	reviewed	synodal-russian	Reviewer confirmed that the governed source supports this exact surface and typed cell; no sibling cell or productive rule is implied.
v07-source-7c1dd4ec1a23f379	synodal:candidate:2c210ee367ee65c2327d7832	syntacticus-20230428	vit-const.conll:unknown	reviewed	synodal-russian	Reviewer confirmed that the governed source supports this exact surface and typed cell; no sibling cell or productive rule is implied.
v07-source-7c88c6dae466abf8	synodal:candidate:54a9ca95543509232f999726	english-wiktionary-ocs-kaikki-2026-08-07	тельць	reviewed	synodal-russian	Reviewer confirmed that the governed source supports this exact surface and typed cell; no sibling cell or productive rule is implied.
v07-source-7ce1051545e5ec18	synodal:candidate:cdaa69511957f3b0e328e551	syntacticus-20230428	sergrad.conll:unknown	reviewed	synodal-russian	Reviewer confirmed that the governed source supports this exact surface and typed cell; no sibling cell or productive rule is implied.
v07-source-7dcdb6c08f44b070	synodal:candidate:f0028c0aee950381b90a089c	syntacticus-20230428	const.conll:unknown	reviewed	synodal-russian	Reviewer confirmed that the governed source supports this exact surface and typed cell; no sibling cell or productive rule is implied.
v07-source-7dcf5901aa99185c	synodal:candidate:785055837401d803437919f7	syntacticus-20230428	schism.conll:unknown	reviewed	synodal-russian	Reviewer confirmed that the governed source supports this exact surface and typed cell; no sibling cell or productive rule is implied.
v07-source-7dfe46475242a86c	synodal:candidate:7d50df4138d2126fa3167fef	syntacticus-20230428	lav.conll:unknown	reviewed	synodal-russian	Reviewer confirmed that the governed source supports this exact surface and typed cell; no sibling cell or productive rule is implied.
v07-source-7dfffa38f97f460c	synodal:candidate:a2790a319b8f5954f146263f	english-wiktionary-ocs-kaikki-2026-08-07	обѣтъ	reviewed	synodal-russian	Reviewer confirmed that the governed source supports this exact surface and typed cell; no sibling cell or productive rule is implied.
v07-source-7e078d7964c412c3	synodal:candidate:246df9e425fab1012cb12dfe	english-wiktionary-ocs-kaikki-2026-08-07	Аарѡнъ	reviewed	synodal-russian	Reviewer confirmed that the governed source supports this exact surface and typed cell; no sibling cell or productive rule is implied.
v07-source-7e1113742113a9b0	synodal:candidate:8cfcd289e8192b973d004281	syntacticus-20230428	lav.conll:unknown	reviewed	synodal-russian	Reviewer confirmed that the governed source supports this exact surface and typed cell; no sibling cell or productive rule is implied.
v07-source-7e8f17cd35ada2d8	synodal:candidate:0cf369042ac9df376a96c44b	english-wiktionary-ocs-kaikki-2026-08-07	дань	reviewed	synodal-russian	Reviewer confirmed that the governed source supports this exact surface and typed cell; no sibling cell or productive rule is implied.
v07-source-7ee7da8276fc308c	synodal:candidate:0bf8dd5dba56973645367c2e	english-wiktionary-ocs-kaikki-2026-08-07	оно	reviewed	synodal-russian	Reviewer confirmed that the governed source supports this exact surface and typed cell; no sibling cell or productive rule is implied.
v07-source-7f1472efdc06acd3	synodal:candidate:0d3f4d42a42d25ede17b3442	syntacticus-20230428	const.conll:unknown	reviewed	synodal-russian	Reviewer confirmed that the governed source supports this exact surface and typed cell; no sibling cell or productive rule is implied.
v07-source-7f694f76541bd50f	synodal:candidate:72e34a6d96b676edee4ea793	syntacticus-20230428	spi.conll:unknown	reviewed	synodal-russian	Reviewer confirmed that the governed source supports this exact surface and typed cell; no sibling cell or productive rule is implied.
v07-source-7f7f669274decb11	synodal:candidate:d379d003330636f0c0667911	syntacticus-20230428	drac.conll:unknown	reviewed	synodal-russian	Reviewer confirmed that the governed source supports this exact surface and typed cell; no sibling cell or productive rule is implied.
v07-source-7f7fbc7416e49867	synodal:candidate:d5a0bff9da33c2e8aa6bca22	syntacticus-20230428	lav.conll:unknown	reviewed	synodal-russian	Reviewer confirmed that the governed source supports this exact surface and typed cell; no sibling cell or productive rule is implied.
v07-source-7fb2370bd8a7ef8d	synodal:candidate:7233bdbd0a44f57a0c64bfac	english-wiktionary-ocs-kaikki-2026-08-07	мѫдрость	reviewed	synodal-russian	Reviewer confirmed that the governed source supports this exact surface and typed cell; no sibling cell or productive rule is implied.
v07-source-7ff66148e80e6e77	synodal:candidate:63d3fffebc6640af4808ffdb	english-wiktionary-ocs-kaikki-2026-08-07	крило	reviewed	synodal-russian	Reviewer confirmed that the governed source supports this exact surface and typed cell; no sibling cell or productive rule is implied.
v07-source-800910830b3771ea	synodal:candidate:63d3fffebc6640af4808ffdb	english-wiktionary-ocs-kaikki-2026-08-07	крило	reviewed	synodal-russian	Reviewer confirmed that the governed source supports this exact surface and typed cell; no sibling cell or productive rule is implied.
v07-source-801173027299c189	synodal:candidate:6887e9e6b9ae7a50b85c8ea8	syntacticus-20230428	afnik.conll:unknown	reviewed	synodal-russian	Reviewer confirmed that the governed source supports this exact surface and typed cell; no sibling cell or productive rule is implied.
v07-source-80666133800ebf6f	synodal:candidate:817f0923b58a8d9b68413b23	syntacticus-20230428	lav.conll:unknown	reviewed	synodal-russian	Reviewer confirmed that the governed source supports this exact surface and typed cell; no sibling cell or productive rule is implied.
v07-source-80c3d9dc5c65cb85	synodal:candidate:ca376050c162f081b148e1ea	syntacticus-20230428	supr.conll:unknown	reviewed	synodal-russian	Reviewer confirmed that the governed source supports this exact surface and typed cell; no sibling cell or productive rule is implied.
v07-source-80c65e35ce25632b	synodal:candidate:0a7e9d3fddfc1b1ee48aef2f	syntacticus-20230428	vit-const.conll:unknown	reviewed	synodal-russian	Reviewer confirmed that the governed source supports this exact surface and typed cell; no sibling cell or productive rule is implied.
v07-source-80f52d4298893a54	synodal:candidate:afbf761725e981724458b63e	syntacticus-20230428	stefan.conll:unknown	reviewed	synodal-russian	Reviewer confirmed that the governed source supports this exact surface and typed cell; no sibling cell or productive rule is implied.
v07-source-8113ce47a46fb8f8	synodal:candidate:a3c42d075c2840637e35e555	syntacticus-20230428	sergrad.conll:unknown	reviewed	synodal-russian	Reviewer confirmed that the governed source supports this exact surface and typed cell; no sibling cell or productive rule is implied.
v07-source-812354656325bb22	synodal:candidate:bc81b28987c3f376bd20e720	syntacticus-20230428	lav.conll:unknown	reviewed	synodal-russian	Reviewer confirmed that the governed source supports this exact surface and typed cell; no sibling cell or productive rule is implied.
v07-source-819b8fdafc740f16	synodal:candidate:2df6faf9bf742386c635373d	syntacticus-20230428	lav.conll:unknown	reviewed	synodal-russian	Reviewer confirmed that the governed source supports this exact surface and typed cell; no sibling cell or productive rule is implied.
v07-source-81f573d393a2274b	synodal:candidate:7b2ae90af4db1030fe093792	syntacticus-20230428	drac.conll:unknown	reviewed	synodal-russian	Reviewer confirmed that the governed source supports this exact surface and typed cell; no sibling cell or productive rule is implied.
v07-source-820a857e8b7d7ab2	synodal:candidate:e9ff3a8ef5c63d2a82642158	syntacticus-20230428	luk-koloc.conll:unknown	reviewed	synodal-russian	Reviewer confirmed that the governed source supports this exact surface and typed cell; no sibling cell or productive rule is implied.
v07-source-821078032c18a850	synodal:candidate:f52cc71090ab94b252285d6e	syntacticus-20230428	sergrad.conll:unknown	reviewed	synodal-russian	Reviewer confirmed that the governed source supports this exact surface and typed cell; no sibling cell or productive rule is implied.
v07-source-829c543571a0d352	synodal:candidate:7cb31393605a8d82f2a4dde6	syntacticus-20230428	rig-smol1281.conll:unknown	reviewed	synodal-russian	Reviewer confirmed that the governed source supports this exact surface and typed cell; no sibling cell or productive rule is implied.
v07-source-82aa913818f88dd4	synodal:candidate:38cb3dd433bd0d1be4e85bf7	syntacticus-20230428	lav.conll:unknown	reviewed	synodal-russian	Reviewer confirmed that the governed source supports this exact surface and typed cell; no sibling cell or productive rule is implied.
v07-source-82de6a8790ee7049	synodal:candidate:91e4d285b5ff6de90671c734	syntacticus-20230428	const.conll:unknown	reviewed	synodal-russian	Reviewer confirmed that the governed source supports this exact surface and typed cell; no sibling cell or productive rule is implied.
v07-source-8323a03c5cf9f05d	synodal:candidate:18e12cd6057a0f5b4837502c	syntacticus-20230428	lav.conll:unknown	reviewed	synodal-russian	Reviewer confirmed that the governed source supports this exact surface and typed cell; no sibling cell or productive rule is implied.
v07-source-83a40f71ea95ff57	synodal:candidate:aa5cf464f01687dec3260cee	syntacticus-20230428	supr.conll:unknown	reviewed	synodal-russian	Reviewer confirmed that the governed source supports this exact surface and typed cell; no sibling cell or productive rule is implied.
v07-source-83b031b7ec61235d	synodal:candidate:0484353b01a77817844fdb87	english-wiktionary-ocs-kaikki-2026-08-07	очесъ	reviewed	synodal-russian	Reviewer confirmed that the governed source supports this exact surface and typed cell; no sibling cell or productive rule is implied.
v07-source-83b9631c90178706	synodal:candidate:682393502119aff4be882eff	syntacticus-20230428	const.conll:unknown	reviewed	synodal-russian	Reviewer confirmed that the governed source supports this exact surface and typed cell; no sibling cell or productive rule is implied.
v07-source-83da95e87c24f804	synodal:candidate:93f74bdf90bd5d4c0b9da2fc	syntacticus-20230428	supr.conll:unknown	reviewed	synodal-russian	Reviewer confirmed that the governed source supports this exact surface and typed cell; no sibling cell or productive rule is implied.
v07-source-83daa91d143f89f1	synodal:candidate:833afd91dedab97850211715	english-wiktionary-ocs-kaikki-2026-08-07	родъ	reviewed	synodal-russian	Reviewer confirmed that the governed source supports this exact surface and typed cell; no sibling cell or productive rule is implied.
v07-source-841151adeb69f6a9	synodal:candidate:8f11edf80d79879d6669431d	english-wiktionary-ocs-kaikki-2026-08-07	каменьѥ	reviewed	synodal-russian	Reviewer confirmed that the governed source supports this exact surface and typed cell; no sibling cell or productive rule is implied.
v07-source-8417de7325f6771b	synodal:candidate:1b80ef8e89ed8bac6d3f4c67	syntacticus-20230428	psal-sin.conll:unknown	reviewed	synodal-russian	Reviewer confirmed that the governed source supports this exact surface and typed cell; no sibling cell or productive rule is implied.
v07-source-844e79fcf1a914c6	synodal:candidate:239825baa32988ad195f1437	syntacticus-20230428	chrabr.conll:unknown	reviewed	synodal-russian	Reviewer confirmed that the governed source supports this exact surface and typed cell; no sibling cell or productive rule is implied.
v07-source-84d1a7d717daa2e4	synodal:candidate:db385fb2ab54f6f42f68d3a0	syntacticus-20230428	const.conll:unknown	reviewed	synodal-russian	Reviewer confirmed that the governed source supports this exact surface and typed cell; no sibling cell or productive rule is implied.
v07-source-84ef6ffb781dd887	synodal:candidate:461dbcc95c85c6efcfee42cc	syntacticus-20230428	const.conll:unknown	reviewed	synodal-russian	Reviewer confirmed that the governed source supports this exact surface and typed cell; no sibling cell or productive rule is implied.
v07-source-84fde9c07d260a4f	synodal:candidate:24f435c3c6f91b9d8de3437c	syntacticus-20230428	const.conll:unknown	reviewed	synodal-russian	Reviewer confirmed that the governed source supports this exact surface and typed cell; no sibling cell or productive rule is implied.
v07-source-85a289fadab2ffd8	synodal:candidate:454300a6df006ecbf7a0cfc3	syntacticus-20230428	luk-koloc.conll:unknown	reviewed	synodal-russian	Reviewer confirmed that the governed source supports this exact surface and typed cell; no sibling cell or productive rule is implied.
v07-source-85e7f09ffb85f1ad	synodal:candidate:df7908a13a3f90ed1e916737	syntacticus-20230428	nov-sin.conll:unknown	reviewed	synodal-russian	Reviewer confirmed that the governed source supports this exact surface and typed cell; no sibling cell or productive rule is implied.
v07-source-8638815ec64ef9e6	synodal:candidate:de7823201cad74948aff7c57	syntacticus-20230428	stefan.conll:unknown	reviewed	synodal-russian	Reviewer confirmed that the governed source supports this exact surface and typed cell; no sibling cell or productive rule is implied.
v07-source-86807f72e29412ff	synodal:candidate:aa0c50a0109f519a6cc9aa78	syntacticus-20230428	lav.conll:unknown	reviewed	synodal-russian	Reviewer confirmed that the governed source supports this exact surface and typed cell; no sibling cell or productive rule is implied.
v07-source-86aba8b2688ff718	synodal:candidate:5fa82af4a55e390f4839b6de	syntacticus-20230428	lav.conll:unknown	reviewed	synodal-russian	Reviewer confirmed that the governed source supports this exact surface and typed cell; no sibling cell or productive rule is implied.
v07-source-86b08636ce72c334	synodal:candidate:f13e75d3202f60a4212f2902	syntacticus-20230428	lav.conll:unknown	reviewed	synodal-russian	Reviewer confirmed that the governed source supports this exact surface and typed cell; no sibling cell or productive rule is implied.
v07-source-86d1f01f81c0e04f	synodal:candidate:eed6e6f25878a20693dfe480	syntacticus-20230428	supr.conll:unknown	reviewed	synodal-russian	Reviewer confirmed that the governed source supports this exact surface and typed cell; no sibling cell or productive rule is implied.
v07-source-872495d0aa58adb2	synodal:candidate:1eb6ce5616d583498c9b2741	syntacticus-20230428	lav.conll:unknown	reviewed	synodal-russian	Reviewer confirmed that the governed source supports this exact surface and typed cell; no sibling cell or productive rule is implied.
v07-source-87828792a684a027	synodal:candidate:0cf369042ac9df376a96c44b	english-wiktionary-ocs-kaikki-2026-08-07	дань	reviewed	synodal-russian	Reviewer confirmed that the governed source supports this exact surface and typed cell; no sibling cell or productive rule is implied.
v07-source-87b2a93b8a7a1f29	synodal:candidate:7467d1a550ea1742f15bc816	english-wiktionary-ocs-kaikki-2026-08-07	скинии	reviewed	synodal-russian	Reviewer confirmed that the governed source supports this exact surface and typed cell; no sibling cell or productive rule is implied.
v07-source-87bdb63b79e21a37	synodal:candidate:79c9fcee58a2f60870ab5a77	syntacticus-20230428	lav.conll:unknown	reviewed	synodal-russian	Reviewer confirmed that the governed source supports this exact surface and typed cell; no sibling cell or productive rule is implied.
v07-source-88022e298e6ec717	synodal:candidate:05ef68398391be19245ddc5a	syntacticus-20230428	pvl-hyp.conll:unknown	reviewed	synodal-russian	Reviewer confirmed that the governed source supports this exact surface and typed cell; no sibling cell or productive rule is implied.
v07-source-882463a770504483	synodal:candidate:8388e86f96a1fe0fc18d2dc8	syntacticus-20230428	dux-grjaz.conll:unknown	reviewed	synodal-russian	Reviewer confirmed that the governed source supports this exact surface and typed cell; no sibling cell or productive rule is implied.
v07-source-882ca9ecce4840e3	synodal:candidate:709874819ffe9a06e59f6e77	syntacticus-20230428	stefan.conll:unknown	reviewed	synodal-russian	Reviewer confirmed that the governed source supports this exact surface and typed cell; no sibling cell or productive rule is implied.
v07-source-882f3851fe3c4f57	synodal:candidate:c04dd14d8ceebe5018bdbc51	english-wiktionary-ocs-kaikki-2026-08-07	сѫдьба	reviewed	synodal-russian	Reviewer confirmed that the governed source supports this exact surface and typed cell; no sibling cell or productive rule is implied.
v07-source-88c1e749aae71032	synodal:candidate:a3e36418af65b6fce471dfc3	english-wiktionary-ocs-kaikki-2026-08-07	Иꙗковъ	reviewed	synodal-russian	Reviewer confirmed that the governed source supports this exact surface and typed cell; no sibling cell or productive rule is implied.
v07-source-88e284c8fa545aea	synodal:candidate:be0348bd479f0fc657bc6e26	syntacticus-20230428	lav.conll:unknown	reviewed	synodal-russian	Reviewer confirmed that the governed source supports this exact surface and typed cell; no sibling cell or productive rule is implied.
v07-source-88e3c2c1711ea0d2	synodal:candidate:7652fa8c00f68e03553772e3	syntacticus-20230428	const.conll:unknown	reviewed	synodal-russian	Reviewer confirmed that the governed source supports this exact surface and typed cell; no sibling cell or productive rule is implied.
v07-source-89cf35765e103df4	synodal:candidate:68ac7c861e4b87aba6f34ae1	syntacticus-20230428	lav.conll:unknown	reviewed	synodal-russian	Reviewer confirmed that the governed source supports this exact surface and typed cell; no sibling cell or productive rule is implied.
v07-source-89d7706609e64b1c	synodal:candidate:08f98d27deaeeb23b50a86a3	english-wiktionary-ocs-kaikki-2026-08-07	она	reviewed	synodal-russian	Reviewer confirmed that the governed source supports this exact surface and typed cell; no sibling cell or productive rule is implied.
v07-source-8a52158b153d02c0	synodal:candidate:48b2e2e2c53d37956bbc28cd	syntacticus-20230428	lav.conll:unknown	reviewed	synodal-russian	Reviewer confirmed that the governed source supports this exact surface and typed cell; no sibling cell or productive rule is implied.
v07-source-8a6a30692cd33f30	synodal:candidate:ce69df8eb61034d6b4ed601b	syntacticus-20230428	lav.conll:unknown	reviewed	synodal-russian	Reviewer confirmed that the governed source supports this exact surface and typed cell; no sibling cell or productive rule is implied.
v07-source-8a75b2b25b240580	synodal:candidate:669af1c73c82de2a9f645c46	syntacticus-20230428	chrabr.conll:unknown	reviewed	synodal-russian	Reviewer confirmed that the governed source supports this exact surface and typed cell; no sibling cell or productive rule is implied.
v07-source-8a904ded0e7d95e6	synodal:candidate:d49b358ae9fa489f458c51f3	english-wiktionary-ocs-kaikki-2026-08-07	пещь	reviewed	synodal-russian	Reviewer confirmed that the governed source supports this exact surface and typed cell; no sibling cell or productive rule is implied.
v07-source-8b24b80b6ca7db43	synodal:candidate:a9aaf2cc0919f27872e88d38	syntacticus-20230428	lav.conll:unknown	reviewed	synodal-russian	Reviewer confirmed that the governed source supports this exact surface and typed cell; no sibling cell or productive rule is implied.
v07-source-8b61ca39f4377651	synodal:candidate:76e7ac413aea2d699b80dfdc	syntacticus-20230428	stefan.conll:unknown	reviewed	synodal-russian	Reviewer confirmed that the governed source supports this exact surface and typed cell; no sibling cell or productive rule is implied.
v07-source-8b69bce14e77cbde	synodal:candidate:89ce52acdc7f5a1c0633e9b8	syntacticus-20230428	afnik.conll:unknown	reviewed	synodal-russian	Reviewer confirmed that the governed source supports this exact surface and typed cell; no sibling cell or productive rule is implied.
v07-source-8b73a285dee6516e	synodal:candidate:b035bd76d5110f3dfe6a0611	syntacticus-20230428	lav.conll:unknown	reviewed	synodal-russian	Reviewer confirmed that the governed source supports this exact surface and typed cell; no sibling cell or productive rule is implied.
v07-source-8bbae09bad17cb0c	synodal:candidate:24951df3cce92902c7b35929	syntacticus-20230428	stefan.conll:unknown	reviewed	synodal-russian	Reviewer confirmed that the governed source supports this exact surface and typed cell; no sibling cell or productive rule is implied.
v07-source-8bc164039eb93813	synodal:candidate:dc4c04f7c0c72d63f97a4aee	english-wiktionary-ocs-kaikki-2026-08-07	вꙑꙗ	reviewed	synodal-russian	Reviewer confirmed that the governed source supports this exact surface and typed cell; no sibling cell or productive rule is implied.
v07-source-8bfec04e7cd13a58	synodal:candidate:88b186a25233c731c8bf7cc2	syntacticus-20230428	const.conll:unknown	reviewed	synodal-russian	Reviewer confirmed that the governed source supports this exact surface and typed cell; no sibling cell or productive rule is implied.
v07-source-8c73c6248c3887fe	synodal:candidate:0bf8dd5dba56973645367c2e	english-wiktionary-ocs-kaikki-2026-08-07	оно	reviewed	synodal-russian	Reviewer confirmed that the governed source supports this exact surface and typed cell; no sibling cell or productive rule is implied.
v07-source-8d4801990587a88c	synodal:candidate:f18636908ed0db1f2e3cc186	syntacticus-20230428	afnik.conll:unknown	reviewed	synodal-russian	Reviewer confirmed that the governed source supports this exact surface and typed cell; no sibling cell or productive rule is implied.
v07-source-8d6dd929fdae8f56	synodal:candidate:08f98d27deaeeb23b50a86a3	english-wiktionary-ocs-kaikki-2026-08-07	она	reviewed	synodal-russian	Reviewer confirmed that the governed source supports this exact surface and typed cell; no sibling cell or productive rule is implied.
v07-source-8ddc79b5f1964f1e	synodal:candidate:aa574afcbc9c7263a0130a4d	syntacticus-20230428	lav.conll:unknown	reviewed	synodal-russian	Reviewer confirmed that the governed source supports this exact surface and typed cell; no sibling cell or productive rule is implied.
v07-source-8e0efa4804418d3a	synodal:candidate:63d3fffebc6640af4808ffdb	english-wiktionary-ocs-kaikki-2026-08-07	крило	reviewed	synodal-russian	Reviewer confirmed that the governed source supports this exact surface and typed cell; no sibling cell or productive rule is implied.
v07-source-8e0f364459b8f215	synodal:candidate:d5cef2e9005d1fda2a5d1baa	syntacticus-20230428	lav.conll:unknown	reviewed	synodal-russian	Reviewer confirmed that the governed source supports this exact surface and typed cell; no sibling cell or productive rule is implied.
v07-source-8e1b4c7ad0c52a80	synodal:candidate:2eb49245565d7d40b8ca00a1	english-wiktionary-ocs-kaikki-2026-08-07	рабꙑни	reviewed	synodal-russian	Reviewer confirmed that the governed source supports this exact surface and typed cell; no sibling cell or productive rule is implied.
v07-source-8e55ee14460daf1d	synodal:candidate:37698815575b63956be5f819	syntacticus-20230428	golitsyn.conll:unknown	reviewed	synodal-russian	Reviewer confirmed that the governed source supports this exact surface and typed cell; no sibling cell or productive rule is implied.
v07-source-8e59b065086bcaf0	synodal:candidate:a1cbd1f962a711071acb36f5	syntacticus-20230428	lav.conll:unknown	reviewed	synodal-russian	Reviewer confirmed that the governed source supports this exact surface and typed cell; no sibling cell or productive rule is implied.
v07-source-8e7974b929b0bc40	synodal:candidate:a095bfb8a9552087404566cf	syntacticus-20230428	lav.conll:unknown	reviewed	synodal-russian	Reviewer confirmed that the governed source supports this exact surface and typed cell; no sibling cell or productive rule is implied.
v07-source-8edba5ddcf1a8103	synodal:candidate:fdc45c987fed6225d9f15bb6	syntacticus-20230428	lav.conll:unknown	reviewed	synodal-russian	Reviewer confirmed that the governed source supports this exact surface and typed cell; no sibling cell or productive rule is implied.
v07-source-8f0da0ac84151bd2	synodal:candidate:05b212c36bb31bf86aeac22e	syntacticus-20230428	birchbark.conll:unknown	reviewed	synodal-russian	Reviewer confirmed that the governed source supports this exact surface and typed cell; no sibling cell or productive rule is implied.
v07-source-8f39988d3c7ab624	synodal:candidate:68a7ff879617b0969df70064	syntacticus-20230428	pvl-hyp.conll:unknown	reviewed	synodal-russian	Reviewer confirmed that the governed source supports this exact surface and typed cell; no sibling cell or productive rule is implied.
v07-source-8f525964571d14a7	synodal:candidate:0b774faf82edb17fe234cad0	syntacticus-20230428	lav.conll:unknown	reviewed	synodal-russian	Reviewer confirmed that the governed source supports this exact surface and typed cell; no sibling cell or productive rule is implied.
v07-source-8f527d51c1ff1ad3	synodal:candidate:af2bf19a1f7915ec1cce7607	syntacticus-20230428	stefan.conll:unknown	reviewed	synodal-russian	Reviewer confirmed that the governed source supports this exact surface and typed cell; no sibling cell or productive rule is implied.
v07-source-8f5f8882bad56e51	synodal:candidate:9e15b09b4f48681d4684738e	syntacticus-20230428	lav.conll:unknown	reviewed	synodal-russian	Reviewer confirmed that the governed source supports this exact surface and typed cell; no sibling cell or productive rule is implied.
v07-source-8f6c9aaa31abba3c	synodal:candidate:da5cb5a63fedc09718878030	syntacticus-20230428	afnik.conll:unknown	reviewed	synodal-russian	Reviewer confirmed that the governed source supports this exact surface and typed cell; no sibling cell or productive rule is implied.
v07-source-8fb5e5388848ee7f	synodal:candidate:def2986e8e9a26b808124136	syntacticus-20230428	vit-const.conll:unknown	reviewed	synodal-russian	Reviewer confirmed that the governed source supports this exact surface and typed cell; no sibling cell or productive rule is implied.
v07-source-8fed1a9c2fcb0957	synodal:candidate:ade115f7e0d147b18285ba27	syntacticus-20230428	afnik.conll:unknown	reviewed	synodal-russian	Reviewer confirmed that the governed source supports this exact surface and typed cell; no sibling cell or productive rule is implied.
v07-source-90080b65fd90e274	synodal:candidate:6f6cb44e5f1840358615b5ca	english-wiktionary-ocs-kaikki-2026-08-07	помощь	reviewed	synodal-russian	Reviewer confirmed that the governed source supports this exact surface and typed cell; no sibling cell or productive rule is implied.
v07-source-90199d0949e01ddc	synodal:candidate:43ec9f20f5076a73235d29e7	syntacticus-20230428	spi.conll:unknown	reviewed	synodal-russian	Reviewer confirmed that the governed source supports this exact surface and typed cell; no sibling cell or productive rule is implied.
v07-source-9046a352608cb2cd	synodal:candidate:7c8d423188df51112df65ab8	syntacticus-20230428	drac.conll:unknown	reviewed	synodal-russian	Reviewer confirmed that the governed source supports this exact surface and typed cell; no sibling cell or productive rule is implied.
v07-source-9082976bade6c882	synodal:candidate:0e7095359f28e068378a60aa	syntacticus-20230428	sergrad.conll:unknown	reviewed	synodal-russian	Reviewer confirmed that the governed source supports this exact surface and typed cell; no sibling cell or productive rule is implied.
v07-source-90adcd4eb9415fe4	synodal:candidate:9cbecdd402a41039b3a74a66	syntacticus-20230428	stefan.conll:unknown	reviewed	synodal-russian	Reviewer confirmed that the governed source supports this exact surface and typed cell; no sibling cell or productive rule is implied.
v07-source-90c5ce89be9e54d6	synodal:candidate:1f1ec9a47a18a121a5535721	english-wiktionary-ocs-kaikki-2026-08-07	ограда	reviewed	synodal-russian	Reviewer confirmed that the governed source supports this exact surface and typed cell; no sibling cell or productive rule is implied.
v07-source-9143925a25db1204	synodal:candidate:41326ca3e1024cd3a8332da6	syntacticus-20230428	afnik.conll:unknown	reviewed	synodal-russian	Reviewer confirmed that the governed source supports this exact surface and typed cell; no sibling cell or productive rule is implied.
v07-source-915a18c2d0929185	synodal:candidate:8b2045ffe213c8057f461c43	syntacticus-20230428	golitsyn.conll:unknown	reviewed	synodal-russian	Reviewer confirmed that the governed source supports this exact surface and typed cell; no sibling cell or productive rule is implied.
v07-source-915b9bea2d55213f	synodal:candidate:528fc1aa67f56ff4a8b52459	syntacticus-20230428	drac.conll:unknown	reviewed	synodal-russian	Reviewer confirmed that the governed source supports this exact surface and typed cell; no sibling cell or productive rule is implied.
v07-source-9198513d13b5342e	synodal:candidate:134af59747b56361d946db9b	syntacticus-20230428	lav.conll:unknown	reviewed	synodal-russian	Reviewer confirmed that the governed source supports this exact surface and typed cell; no sibling cell or productive rule is implied.
v07-source-91a5b0028597ddb4	synodal:candidate:872bc1e23c39390f3d0eb202	syntacticus-20230428	lav.conll:unknown	reviewed	synodal-russian	Reviewer confirmed that the governed source supports this exact surface and typed cell; no sibling cell or productive rule is implied.
v07-source-91a8f5e32097d9fa	synodal:candidate:c6ffeba629cf15dd321d4754	english-wiktionary-ocs-kaikki-2026-08-07	волꙗ	reviewed	synodal-russian	Reviewer confirmed that the governed source supports this exact surface and typed cell; no sibling cell or productive rule is implied.
v07-source-91c93f42844c4356	synodal:candidate:de67c0c443a9774b10aceab6	syntacticus-20230428	lav.conll:unknown	reviewed	synodal-russian	Reviewer confirmed that the governed source supports this exact surface and typed cell; no sibling cell or productive rule is implied.
v07-source-91cdb2f879c2ba35	synodal:candidate:2e51fd21ac9f68994e524eba	english-wiktionary-ocs-kaikki-2026-08-07	царь	reviewed	synodal-russian	Reviewer confirmed that the governed source supports this exact surface and typed cell; no sibling cell or productive rule is implied.
v07-source-91d367056e983185	synodal:candidate:53a9eda5059ca4453dee2c87	english-wiktionary-ocs-kaikki-2026-08-07	опона	reviewed	synodal-russian	Reviewer confirmed that the governed source supports this exact surface and typed cell; no sibling cell or productive rule is implied.
v07-source-91f8ff645338711b	synodal:candidate:b8bc5303e93c575689f5ded5	syntacticus-20230428	spi.conll:unknown	reviewed	synodal-russian	Reviewer confirmed that the governed source supports this exact surface and typed cell; no sibling cell or productive rule is implied.
v07-source-91ff40f08579bf97	synodal:candidate:5c7479e1550381e26732910a	syntacticus-20230428	lav.conll:unknown	reviewed	synodal-russian	Reviewer confirmed that the governed source supports this exact surface and typed cell; no sibling cell or productive rule is implied.
v07-source-932d1cbdc3a9c867	synodal:candidate:7dfa3021f9e8149a2c8322f6	syntacticus-20230428	lav.conll:unknown	reviewed	synodal-russian	Reviewer confirmed that the governed source supports this exact surface and typed cell; no sibling cell or productive rule is implied.
v07-source-9351c27f11f37a3f	synodal:candidate:d65c6ae81047fb3bff731d25	english-wiktionary-ocs-kaikki-2026-08-07	радость	reviewed	synodal-russian	Reviewer confirmed that the governed source supports this exact surface and typed cell; no sibling cell or productive rule is implied.
v07-source-93609aea2b4ba68e	synodal:candidate:5c3a4df367af8d85e3f040c1	english-wiktionary-ocs-kaikki-2026-08-07	мꙑсль	reviewed	synodal-russian	Reviewer confirmed that the governed source supports this exact surface and typed cell; no sibling cell or productive rule is implied.
v07-source-94320dfe3dcf53e8	synodal:candidate:8d934c69d908b82007738e0e	syntacticus-20230428	sergrad.conll:unknown	reviewed	synodal-russian	Reviewer confirmed that the governed source supports this exact surface and typed cell; no sibling cell or productive rule is implied.
v07-source-948bcc848b5afb9b	synodal:candidate:19ce53e7518ede6f4db52aa8	syntacticus-20230428	const.conll:unknown	reviewed	synodal-russian	Reviewer confirmed that the governed source supports this exact surface and typed cell; no sibling cell or productive rule is implied.
v07-source-948d39e37ea0542a	synodal:candidate:9d374df3a0fb6dae07a7cadc	syntacticus-20230428	const.conll:unknown	reviewed	synodal-russian	Reviewer confirmed that the governed source supports this exact surface and typed cell; no sibling cell or productive rule is implied.
v07-source-950aef0e982daee1	synodal:candidate:246df9e425fab1012cb12dfe	english-wiktionary-ocs-kaikki-2026-08-07	Аарѡнъ	reviewed	synodal-russian	Reviewer confirmed that the governed source supports this exact surface and typed cell; no sibling cell or productive rule is implied.
v07-source-952db78db3a55d73	synodal:candidate:6f6cb44e5f1840358615b5ca	english-wiktionary-ocs-kaikki-2026-08-07	помощь	reviewed	synodal-russian	Reviewer confirmed that the governed source supports this exact surface and typed cell; no sibling cell or productive rule is implied.
v07-source-957f212b43e56a8c	synodal:candidate:6f4f56a7600253ff1f374fcb	syntacticus-20230428	const.conll:unknown	reviewed	synodal-russian	Reviewer confirmed that the governed source supports this exact surface and typed cell; no sibling cell or productive rule is implied.
v07-source-9585e01e75e0e849	synodal:candidate:9430896fd86c8b973da7e988	syntacticus-20230428	lav.conll:unknown	reviewed	synodal-russian	Reviewer confirmed that the governed source supports this exact surface and typed cell; no sibling cell or productive rule is implied.
v07-source-95bef2ffbd22b2f5	synodal:candidate:e51659d5361bc46b7e9b4ad0	syntacticus-20230428	lav.conll:unknown	reviewed	synodal-russian	Reviewer confirmed that the governed source supports this exact surface and typed cell; no sibling cell or productive rule is implied.
v07-source-961aec6ae8760184	synodal:candidate:f3033c11b0b5827dc7f38c7f	syntacticus-20230428	vit-meth.conll:unknown	reviewed	synodal-russian	Reviewer confirmed that the governed source supports this exact surface and typed cell; no sibling cell or productive rule is implied.
v07-source-963f7390d7802778	synodal:candidate:e63a45877f52b5168aaf5ef2	syntacticus-20230428	ust-vlad.conll:unknown	reviewed	synodal-russian	Reviewer confirmed that the governed source supports this exact surface and typed cell; no sibling cell or productive rule is implied.
v07-source-964ced1be3286c6d	synodal:candidate:92355e4a5af3aaa83b085ef3	syntacticus-20230428	stefan.conll:unknown	reviewed	synodal-russian	Reviewer confirmed that the governed source supports this exact surface and typed cell; no sibling cell or productive rule is implied.
v07-source-96570f1613527c4b	synodal:candidate:344019576e963598dd01b607	english-wiktionary-ocs-kaikki-2026-08-07	клѧтва	reviewed	synodal-russian	Reviewer confirmed that the governed source supports this exact surface and typed cell; no sibling cell or productive rule is implied.
v07-source-966410bb3ccd359c	synodal:candidate:72acec97442f8852393664c4	syntacticus-20230428	lav.conll:unknown	reviewed	synodal-russian	Reviewer confirmed that the governed source supports this exact surface and typed cell; no sibling cell or productive rule is implied.
v07-source-968debfdb764fb94	synodal:candidate:8f7b50884890d294960e2f2c	syntacticus-20230428	sergrad.conll:unknown	reviewed	synodal-russian	Reviewer confirmed that the governed source supports this exact surface and typed cell; no sibling cell or productive rule is implied.
v07-source-96ccfcf9a1304acf	synodal:candidate:e0c589508e7a91b8e992a80c	english-wiktionary-ocs-kaikki-2026-08-07	оградъ	reviewed	synodal-russian	Reviewer confirmed that the governed source supports this exact surface and typed cell; no sibling cell or productive rule is implied.
v07-source-9747e0cc25cc9bf1	synodal:candidate:2cc76a392ce535300a0cc7aa	syntacticus-20230428	const.conll:unknown	reviewed	synodal-russian	Reviewer confirmed that the governed source supports this exact surface and typed cell; no sibling cell or productive rule is implied.
v07-source-97952861932dab37	synodal:candidate:1500497f36364f93a2a9b778	syntacticus-20230428	sergrad.conll:unknown	reviewed	synodal-russian	Reviewer confirmed that the governed source supports this exact surface and typed cell; no sibling cell or productive rule is implied.
v07-source-97af11c9acc6c293	synodal:candidate:011a32b1430751ab176176c9	syntacticus-20230428	chrabr.conll:unknown	reviewed	synodal-russian	Reviewer confirmed that the governed source supports this exact surface and typed cell; no sibling cell or productive rule is implied.
v07-source-97bbd9aeba6cdf1c	synodal:candidate:3724a66d186d535c0dacef76	syntacticus-20230428	const.conll:unknown	reviewed	synodal-russian	Reviewer confirmed that the governed source supports this exact surface and typed cell; no sibling cell or productive rule is implied.
v07-source-97e394511828c647	synodal:candidate:54a9ca95543509232f999726	english-wiktionary-ocs-kaikki-2026-08-07	тельць	reviewed	synodal-russian	Reviewer confirmed that the governed source supports this exact surface and typed cell; no sibling cell or productive rule is implied.
v07-source-97f174cfde47f334	synodal:candidate:a5e8eb5725e708c4dd3f7ca4	syntacticus-20230428	lav.conll:unknown	reviewed	synodal-russian	Reviewer confirmed that the governed source supports this exact surface and typed cell; no sibling cell or productive rule is implied.
v07-source-985b7992f817def0	synodal:candidate:c31780cb662a3c4b646979e2	syntacticus-20230428	lav.conll:unknown	reviewed	synodal-russian	Reviewer confirmed that the governed source supports this exact surface and typed cell; no sibling cell or productive rule is implied.
v07-source-98767ff496dc9f1d	synodal:candidate:9f1b00b3e1221dc6c3e9278d	syntacticus-20230428	vit-meth.conll:unknown	reviewed	synodal-russian	Reviewer confirmed that the governed source supports this exact surface and typed cell; no sibling cell or productive rule is implied.
v07-source-991144e0cef792b9	synodal:candidate:6f60b892afefcef8b955915e	syntacticus-20230428	luk-koloc.conll:unknown	reviewed	synodal-russian	Reviewer confirmed that the governed source supports this exact surface and typed cell; no sibling cell or productive rule is implied.
v07-source-9921a58382616a7d	synodal:candidate:748dcfa41c021031e4eec4b4	syntacticus-20230428	vit-const.conll:unknown	reviewed	synodal-russian	Reviewer confirmed that the governed source supports this exact surface and typed cell; no sibling cell or productive rule is implied.
v07-source-994056a35d1caca6	synodal:candidate:519d6af58fb944a25a5ab43e	syntacticus-20230428	lav.conll:unknown	reviewed	synodal-russian	Reviewer confirmed that the governed source supports this exact surface and typed cell; no sibling cell or productive rule is implied.
v07-source-994fb11c23324823	synodal:candidate:cd963a64348160ef99d8a42d	syntacticus-20230428	lav.conll:unknown	reviewed	synodal-russian	Reviewer confirmed that the governed source supports this exact surface and typed cell; no sibling cell or productive rule is implied.
v07-source-9953f4c8e36f1777	synodal:candidate:0bf8dd5dba56973645367c2e	english-wiktionary-ocs-kaikki-2026-08-07	оно	reviewed	synodal-russian	Reviewer confirmed that the governed source supports this exact surface and typed cell; no sibling cell or productive rule is implied.
v07-source-997861cca92f987f	synodal:candidate:11502f918972085b4a681319	syntacticus-20230428	lav.conll:unknown	reviewed	synodal-russian	Reviewer confirmed that the governed source supports this exact surface and typed cell; no sibling cell or productive rule is implied.
v07-source-99c7eb70a7a47257	synodal:candidate:3203ee55b89a746c9a3ba740	syntacticus-20230428	lav.conll:unknown	reviewed	synodal-russian	Reviewer confirmed that the governed source supports this exact surface and typed cell; no sibling cell or productive rule is implied.
v07-source-99d394d22d6afe9e	synodal:candidate:02b3b14d9b6eb5a089251e1c	syntacticus-20230428	const.conll:unknown	reviewed	synodal-russian	Reviewer confirmed that the governed source supports this exact surface and typed cell; no sibling cell or productive rule is implied.
v07-source-9a21f9d509de8948	synodal:candidate:a97d497e01603282e7ad1eac	syntacticus-20230428	lav.conll:unknown	reviewed	synodal-russian	Reviewer confirmed that the governed source supports this exact surface and typed cell; no sibling cell or productive rule is implied.
v07-source-9aa4c72d4f2da9ea	synodal:candidate:43f1b7742f09a3b6ab75703d	syntacticus-20230428	lav.conll:unknown	reviewed	synodal-russian	Reviewer confirmed that the governed source supports this exact surface and typed cell; no sibling cell or productive rule is implied.
v07-source-9b0c6dcfb3638dd1	synodal:candidate:90bffd211c879094e4c20846	syntacticus-20230428	supr.conll:unknown	reviewed	synodal-russian	Reviewer confirmed that the governed source supports this exact surface and typed cell; no sibling cell or productive rule is implied.
v07-source-9b13e4332771d26c	synodal:candidate:3379a6fab3cf08f1088a5e9b	english-wiktionary-ocs-kaikki-2026-08-07	фараѡнъ	reviewed	synodal-russian	Reviewer confirmed that the governed source supports this exact surface and typed cell; no sibling cell or productive rule is implied.
v07-source-9b359bf0cde1b708	synodal:candidate:08f98d27deaeeb23b50a86a3	english-wiktionary-ocs-kaikki-2026-08-07	она	reviewed	synodal-russian	Reviewer confirmed that the governed source supports this exact surface and typed cell; no sibling cell or productive rule is implied.
v07-source-9b4d10344ca04d67	synodal:candidate:fc86162f67c764755127749f	syntacticus-20230428	stefan.conll:unknown	reviewed	synodal-russian	Reviewer confirmed that the governed source supports this exact surface and typed cell; no sibling cell or productive rule is implied.
v07-source-9b4f9840ef17979d	synodal:candidate:3379a6fab3cf08f1088a5e9b	english-wiktionary-ocs-kaikki-2026-08-07	фараѡнъ	reviewed	synodal-russian	Reviewer confirmed that the governed source supports this exact surface and typed cell; no sibling cell or productive rule is implied.
v07-source-9ba1af3dd1db16e0	synodal:candidate:3379a6fab3cf08f1088a5e9b	english-wiktionary-ocs-kaikki-2026-08-07	фараѡнъ	reviewed	synodal-russian	Reviewer confirmed that the governed source supports this exact surface and typed cell; no sibling cell or productive rule is implied.
v07-source-9bbb535061013ba6	synodal:candidate:0013f4e090bc26c243d8e7ae	syntacticus-20230428	vit-const.conll:unknown	reviewed	synodal-russian	Reviewer confirmed that the governed source supports this exact surface and typed cell; no sibling cell or productive rule is implied.
v07-source-9bc57c5dc6167088	synodal:candidate:b656255241f904d4c0134b85	english-wiktionary-ocs-kaikki-2026-08-07	вина	reviewed	synodal-russian	Reviewer confirmed that the governed source supports this exact surface and typed cell; no sibling cell or productive rule is implied.
v07-source-9c1f7f706e0c77c1	synodal:candidate:293eac099feb74b7422fc9de	syntacticus-20230428	luk-koloc.conll:unknown	reviewed	synodal-russian	Reviewer confirmed that the governed source supports this exact surface and typed cell; no sibling cell or productive rule is implied.
v07-source-9c85129d373987b1	synodal:candidate:e0c589508e7a91b8e992a80c	english-wiktionary-ocs-kaikki-2026-08-07	оградъ	reviewed	synodal-russian	Reviewer confirmed that the governed source supports this exact surface and typed cell; no sibling cell or productive rule is implied.
v07-source-9cb5b2eda7f92378	synodal:candidate:04d06035237b2ed21c231023	syntacticus-20230428	lav.conll:unknown	reviewed	synodal-russian	Reviewer confirmed that the governed source supports this exact surface and typed cell; no sibling cell or productive rule is implied.
v07-source-9cc68651d2282d3f	synodal:candidate:8933a865cea0127a47de9410	syntacticus-20230428	drac.conll:unknown	reviewed	synodal-russian	Reviewer confirmed that the governed source supports this exact surface and typed cell; no sibling cell or productive rule is implied.
v07-source-9cd4bd87b93fc22f	synodal:candidate:d54de46b9fd8232d292392dd	syntacticus-20230428	lav.conll:unknown	reviewed	synodal-russian	Reviewer confirmed that the governed source supports this exact surface and typed cell; no sibling cell or productive rule is implied.
v07-source-9cda043bec884ddc	synodal:candidate:9c0f014102632ec57d7b1b8b	syntacticus-20230428	stefan.conll:unknown	reviewed	synodal-russian	Reviewer confirmed that the governed source supports this exact surface and typed cell; no sibling cell or productive rule is implied.
v07-source-9d1117e34f0e1b55	synodal:candidate:7ccde29466addcdebf5afc6a	syntacticus-20230428	sergrad.conll:unknown	reviewed	synodal-russian	Reviewer confirmed that the governed source supports this exact surface and typed cell; no sibling cell or productive rule is implied.
v07-source-9d3f76718a8073ee	synodal:candidate:43db4faae63662d9386de3c4	syntacticus-20230428	birchbark.conll:unknown	reviewed	synodal-russian	Reviewer confirmed that the governed source supports this exact surface and typed cell; no sibling cell or productive rule is implied.
v07-source-9d684fbf0ac70596	synodal:candidate:ec7dcb83f814322147877140	syntacticus-20230428	vit-const.conll:unknown	reviewed	synodal-russian	Reviewer confirmed that the governed source supports this exact surface and typed cell; no sibling cell or productive rule is implied.
v07-source-9d838a365c431f1b	synodal:candidate:a4ad8c8e929a4fd786397cd1	syntacticus-20230428	const.conll:unknown	reviewed	synodal-russian	Reviewer confirmed that the governed source supports this exact surface and typed cell; no sibling cell or productive rule is implied.
v07-source-9d927748ac60f9e0	synodal:candidate:e6d58a508df039aaef051599	syntacticus-20230428	lav.conll:unknown	reviewed	synodal-russian	Reviewer confirmed that the governed source supports this exact surface and typed cell; no sibling cell or productive rule is implied.
v07-source-9db8aa250b4e6f4f	synodal:candidate:1a1653818ee6d53645591b5f	syntacticus-20230428	lav.conll:unknown	reviewed	synodal-russian	Reviewer confirmed that the governed source supports this exact surface and typed cell; no sibling cell or productive rule is implied.
v07-source-9dda0dc1f1e05270	synodal:candidate:3f47567763c5f5cf40bcb417	syntacticus-20230428	stefan.conll:unknown	reviewed	synodal-russian	Reviewer confirmed that the governed source supports this exact surface and typed cell; no sibling cell or productive rule is implied.
v07-source-9de559f9013031bc	synodal:candidate:b503a89a1ff8a8ecf8a87ab6	syntacticus-20230428	const.conll:unknown	reviewed	synodal-russian	Reviewer confirmed that the governed source supports this exact surface and typed cell; no sibling cell or productive rule is implied.
v07-source-9df81a60c57fc0d1	synodal:candidate:fce61f1ad44752506fd92363	syntacticus-20230428	spi.conll:unknown	reviewed	synodal-russian	Reviewer confirmed that the governed source supports this exact surface and typed cell; no sibling cell or productive rule is implied.
v07-source-9e8f63a2f0646247	synodal:candidate:258672e07afc5b703e1fd57f	syntacticus-20230428	drac.conll:unknown	reviewed	synodal-russian	Reviewer confirmed that the governed source supports this exact surface and typed cell; no sibling cell or productive rule is implied.
v07-source-9eb1f87f4b84e17f	synodal:candidate:2d6b0b66b7fc4053f0e6c867	syntacticus-20230428	lav.conll:unknown	reviewed	synodal-russian	Reviewer confirmed that the governed source supports this exact surface and typed cell; no sibling cell or productive rule is implied.
v07-source-9f2cd8bca0210417	synodal:candidate:7afb3105e582e581b40d8e65	syntacticus-20230428	lav.conll:unknown	reviewed	synodal-russian	Reviewer confirmed that the governed source supports this exact surface and typed cell; no sibling cell or productive rule is implied.
v07-source-a004fc97593a4358	synodal:candidate:a1a656a49417531a9c4b0fb2	english-wiktionary-ocs-kaikki-2026-08-07	капище	reviewed	synodal-russian	Reviewer confirmed that the governed source supports this exact surface and typed cell; no sibling cell or productive rule is implied.
v07-source-a090efb9bc10614d	synodal:candidate:a35d1f087c73ad70b2c3a420	syntacticus-20230428	stefan.conll:unknown	reviewed	synodal-russian	Reviewer confirmed that the governed source supports this exact surface and typed cell; no sibling cell or productive rule is implied.
v07-source-a09a6865c680459c	synodal:candidate:a39c8042ca98a6edc89d7b8e	syntacticus-20230428	psal-sin.conll:unknown	reviewed	synodal-russian	Reviewer confirmed that the governed source supports this exact surface and typed cell; no sibling cell or productive rule is implied.
v07-source-a0b4be3a95d57ca3	synodal:candidate:94fa3cf974cb9e7a17bde134	syntacticus-20230428	lav.conll:unknown	reviewed	synodal-russian	Reviewer confirmed that the governed source supports this exact surface and typed cell; no sibling cell or productive rule is implied.
v07-source-a0e8cffadcdbc778	synodal:candidate:6d5fb1a0a3c86a10483d6fc8	syntacticus-20230428	lav.conll:unknown	reviewed	synodal-russian	Reviewer confirmed that the governed source supports this exact surface and typed cell; no sibling cell or productive rule is implied.
v07-source-a0f2c47b41632b38	synodal:candidate:a542b8e5dff9118325ad83e3	syntacticus-20230428	birchbark.conll:unknown	reviewed	synodal-russian	Reviewer confirmed that the governed source supports this exact surface and typed cell; no sibling cell or productive rule is implied.
v07-source-a0f404fb79fed561	synodal:candidate:97b7908eab78e66c11cd7e75	syntacticus-20230428	sergrad.conll:unknown	reviewed	synodal-russian	Reviewer confirmed that the governed source supports this exact surface and typed cell; no sibling cell or productive rule is implied.
v07-source-a114598b391b1f4c	synodal:candidate:69d05dc459611c3a262f6675	syntacticus-20230428	drac.conll:unknown	reviewed	synodal-russian	Reviewer confirmed that the governed source supports this exact surface and typed cell; no sibling cell or productive rule is implied.
v07-source-a1419bbe6c7b2edc	synodal:candidate:61214488208c35e2a4ec9ada	syntacticus-20230428	spi.conll:unknown	reviewed	synodal-russian	Reviewer confirmed that the governed source supports this exact surface and typed cell; no sibling cell or productive rule is implied.
v07-source-a1f73d7fec84bef4	synodal:candidate:3ecbbbf9589e1de773b6eee6	syntacticus-20230428	const.conll:unknown	reviewed	synodal-russian	Reviewer confirmed that the governed source supports this exact surface and typed cell; no sibling cell or productive rule is implied.
v07-source-a2396d1dcdc768f6	synodal:candidate:0d71c7f909a7eedebef65888	english-wiktionary-ocs-kaikki-2026-08-07	домове	reviewed	synodal-russian	Reviewer confirmed that the governed source supports this exact surface and typed cell; no sibling cell or productive rule is implied.
v07-source-a25b921eb3bcdc33	synodal:candidate:0e2e207efa1a334dc74ef93c	syntacticus-20230428	lav.conll:unknown	reviewed	synodal-russian	Reviewer confirmed that the governed source supports this exact surface and typed cell; no sibling cell or productive rule is implied.
v07-source-a29fe5bb5ec285c9	synodal:candidate:50fc902ef3b233639c3e03fb	syntacticus-20230428	nov-sin.conll:unknown	reviewed	synodal-russian	Reviewer confirmed that the governed source supports this exact surface and typed cell; no sibling cell or productive rule is implied.
v07-source-a32c61a58048aa64	synodal:candidate:4443a22f2c6c3e56b6346376	syntacticus-20230428	supr.conll:unknown	reviewed	synodal-russian	Reviewer confirmed that the governed source supports this exact surface and typed cell; no sibling cell or productive rule is implied.
v07-source-a3493a1a4dcfdb40	synodal:candidate:67e2729aebcd69b3f09e16e0	syntacticus-20230428	lav.conll:unknown	reviewed	synodal-russian	Reviewer confirmed that the governed source supports this exact surface and typed cell; no sibling cell or productive rule is implied.
v07-source-a360ec87a79cec00	synodal:candidate:1184594646045fad5ba76b87	syntacticus-20230428	lav.conll:unknown	reviewed	synodal-russian	Reviewer confirmed that the governed source supports this exact surface and typed cell; no sibling cell or productive rule is implied.
v07-source-a3780dc8c04db5bd	synodal:candidate:56b86e786a2ba5188565ef33	syntacticus-20230428	const.conll:unknown	reviewed	synodal-russian	Reviewer confirmed that the governed source supports this exact surface and typed cell; no sibling cell or productive rule is implied.
v07-source-a37c577669d8b9ae	synodal:candidate:a222b52fa5aa7ccafc58d46d	syntacticus-20230428	afnik.conll:unknown	reviewed	synodal-russian	Reviewer confirmed that the governed source supports this exact surface and typed cell; no sibling cell or productive rule is implied.
v07-source-a40579a2b1832016	synodal:candidate:a687a538a3d9a7be40cb7c97	syntacticus-20230428	lav.conll:unknown	reviewed	synodal-russian	Reviewer confirmed that the governed source supports this exact surface and typed cell; no sibling cell or productive rule is implied.
v07-source-a4523243bb34769f	synodal:candidate:e81110d9eb41269883a8ff05	syntacticus-20230428	stefan.conll:unknown	reviewed	synodal-russian	Reviewer confirmed that the governed source supports this exact surface and typed cell; no sibling cell or productive rule is implied.
v07-source-a476d61c4f05edc5	synodal:candidate:fc10fdb65afda2b72a47cdbe	syntacticus-20230428	const.conll:unknown	reviewed	synodal-russian	Reviewer confirmed that the governed source supports this exact surface and typed cell; no sibling cell or productive rule is implied.
v07-source-a4c4de12d1e5ae98	synodal:candidate:6f6cb44e5f1840358615b5ca	english-wiktionary-ocs-kaikki-2026-08-07	помощь	reviewed	synodal-russian	Reviewer confirmed that the governed source supports this exact surface and typed cell; no sibling cell or productive rule is implied.
v07-source-a5226c084ee94487	synodal:candidate:d49b358ae9fa489f458c51f3	english-wiktionary-ocs-kaikki-2026-08-07	пещь	reviewed	synodal-russian	Reviewer confirmed that the governed source supports this exact surface and typed cell; no sibling cell or productive rule is implied.
v07-source-a53997dbcd125df2	synodal:candidate:19155dd4913209a82ec702c7	syntacticus-20230428	sergrad.conll:unknown	reviewed	synodal-russian	Reviewer confirmed that the governed source supports this exact surface and typed cell; no sibling cell or productive rule is implied.
v07-source-a5423ec4a15be195	synodal:candidate:2ddf350a0839a30a3b57f110	syntacticus-20230428	pvl-hyp.conll:unknown	reviewed	synodal-russian	Reviewer confirmed that the governed source supports this exact surface and typed cell; no sibling cell or productive rule is implied.
v07-source-a557fc63ce879130	synodal:candidate:b28cb63c5359ab40eb71465f	syntacticus-20230428	lav.conll:unknown	reviewed	synodal-russian	Reviewer confirmed that the governed source supports this exact surface and typed cell; no sibling cell or productive rule is implied.
v07-source-a5a49c012533b9c1	synodal:candidate:5fce1e96dd994e365fc5b3a8	syntacticus-20230428	sergrad.conll:unknown	reviewed	synodal-russian	Reviewer confirmed that the governed source supports this exact surface and typed cell; no sibling cell or productive rule is implied.
v07-source-a5ad2f74f9f19e06	synodal:candidate:a70364c61a3e600557dfde06	syntacticus-20230428	afnik.conll:unknown	reviewed	synodal-russian	Reviewer confirmed that the governed source supports this exact surface and typed cell; no sibling cell or productive rule is implied.
v07-source-a5f82a28da308ad8	synodal:candidate:1228d875b5402503622a8d60	english-wiktionary-ocs-kaikki-2026-08-07	десѧтина	reviewed	synodal-russian	Reviewer confirmed that the governed source supports this exact surface and typed cell; no sibling cell or productive rule is implied.
v07-source-a5fa4fcff0debbdc	synodal:candidate:929f4ea98ebd9375157442ad	english-wiktionary-ocs-kaikki-2026-08-07	стѣна	reviewed	synodal-russian	Reviewer confirmed that the governed source supports this exact surface and typed cell; no sibling cell or productive rule is implied.
v07-source-a62646043035319a	synodal:candidate:259ce9f85cc5a24fae34c0f7	syntacticus-20230428	const.conll:unknown	reviewed	synodal-russian	Reviewer confirmed that the governed source supports this exact surface and typed cell; no sibling cell or productive rule is implied.
v07-source-a6a29737e57a274f	synodal:candidate:49d858920a68c16f143435c5	syntacticus-20230428	vit-const.conll:unknown	reviewed	synodal-russian	Reviewer confirmed that the governed source supports this exact surface and typed cell; no sibling cell or productive rule is implied.
v07-source-a6c9817eb556ecd9	synodal:candidate:de4707bb3917d8ffbc7c62e7	syntacticus-20230428	const.conll:unknown	reviewed	synodal-russian	Reviewer confirmed that the governed source supports this exact surface and typed cell; no sibling cell or productive rule is implied.
v07-source-a6d5ba56ee6287f3	synodal:candidate:af8ec9fd3da4bc67a81e9719	syntacticus-20230428	const.conll:unknown	reviewed	synodal-russian	Reviewer confirmed that the governed source supports this exact surface and typed cell; no sibling cell or productive rule is implied.
v07-source-a7061743848f6101	synodal:candidate:56982c1f40940c59e525f422	syntacticus-20230428	const.conll:unknown	reviewed	synodal-russian	Reviewer confirmed that the governed source supports this exact surface and typed cell; no sibling cell or productive rule is implied.
v07-source-a71b2b100e8286ec	synodal:candidate:c18f1e382d2477a5fb81f0b0	syntacticus-20230428	chrabr.conll:unknown	reviewed	synodal-russian	Reviewer confirmed that the governed source supports this exact surface and typed cell; no sibling cell or productive rule is implied.
v07-source-a7351bf11fd8c803	synodal:candidate:632bd9edc1b4b11cddff4fe0	syntacticus-20230428	psal-sin.conll:unknown	reviewed	synodal-russian	Reviewer confirmed that the governed source supports this exact surface and typed cell; no sibling cell or productive rule is implied.
v07-source-a76cba66ecf154b1	synodal:candidate:b5ea78bf29a8a2d5fe2bc954	english-wiktionary-ocs-kaikki-2026-08-07	възити	reviewed	synodal-russian	Reviewer confirmed that the governed source supports this exact surface and typed cell; no sibling cell or productive rule is implied.
v07-source-a7bfdc5b0a83263e	synodal:candidate:8c7a1a03df3292942986de38	syntacticus-20230428	const.conll:unknown	reviewed	synodal-russian	Reviewer confirmed that the governed source supports this exact surface and typed cell; no sibling cell or productive rule is implied.
v07-source-a80e7490b5fee05a	synodal:candidate:736e1f6d99192bc0e2cc555a	syntacticus-20230428	lav.conll:unknown	reviewed	synodal-russian	Reviewer confirmed that the governed source supports this exact surface and typed cell; no sibling cell or productive rule is implied.
v07-source-a8341f72edf3612d	synodal:candidate:6f6cb44e5f1840358615b5ca	english-wiktionary-ocs-kaikki-2026-08-07	помощь	reviewed	synodal-russian	Reviewer confirmed that the governed source supports this exact surface and typed cell; no sibling cell or productive rule is implied.
v07-source-a90822b77f9d2530	synodal:candidate:72f6ac4e13a56e957d63efec	syntacticus-20230428	schism.conll:unknown	reviewed	synodal-russian	Reviewer confirmed that the governed source supports this exact surface and typed cell; no sibling cell or productive rule is implied.
v07-source-a92a8cb05afcbbe9	synodal:candidate:05f91a13beca5e32348264c4	syntacticus-20230428	lav.conll:unknown	reviewed	synodal-russian	Reviewer confirmed that the governed source supports this exact surface and typed cell; no sibling cell or productive rule is implied.
v07-source-a92b36c61178078f	synodal:candidate:0cf369042ac9df376a96c44b	english-wiktionary-ocs-kaikki-2026-08-07	дань	reviewed	synodal-russian	Reviewer confirmed that the governed source supports this exact surface and typed cell; no sibling cell or productive rule is implied.
v07-source-aa2fe0e07addcda0	synodal:candidate:1b07ecfe6f8faf3c07ed9afc	syntacticus-20230428	stefan.conll:unknown	reviewed	synodal-russian	Reviewer confirmed that the governed source supports this exact surface and typed cell; no sibling cell or productive rule is implied.
v07-source-aa869607c927d626	synodal:candidate:6508515ed6de07ec2ad4992e	english-wiktionary-ocs-kaikki-2026-08-07	раба	reviewed	synodal-russian	Reviewer confirmed that the governed source supports this exact surface and typed cell; no sibling cell or productive rule is implied.
v07-source-aad992264864984f	synodal:candidate:6f6cb44e5f1840358615b5ca	english-wiktionary-ocs-kaikki-2026-08-07	помощь	reviewed	synodal-russian	Reviewer confirmed that the governed source supports this exact surface and typed cell; no sibling cell or productive rule is implied.
v07-source-aade2d0ed07b01a3	synodal:candidate:dc4c04f7c0c72d63f97a4aee	english-wiktionary-ocs-kaikki-2026-08-07	вꙑꙗ	reviewed	synodal-russian	Reviewer confirmed that the governed source supports this exact surface and typed cell; no sibling cell or productive rule is implied.
v07-source-aae5374c0d39973b	synodal:candidate:2586584c32d05d94a5d6edef	syntacticus-20230428	afnik.conll:unknown	reviewed	synodal-russian	Reviewer confirmed that the governed source supports this exact surface and typed cell; no sibling cell or productive rule is implied.
v07-source-ab2b452581ac751d	synodal:candidate:d1f6b0e4f0aaade408a57330	syntacticus-20230428	drac.conll:unknown	reviewed	synodal-russian	Reviewer confirmed that the governed source supports this exact surface and typed cell; no sibling cell or productive rule is implied.
v07-source-ab3ba0efde00c712	synodal:candidate:776662ef739ba38126a3148b	english-wiktionary-ocs-kaikki-2026-08-07	ложе	reviewed	synodal-russian	Reviewer confirmed that the governed source supports this exact surface and typed cell; no sibling cell or productive rule is implied.
v07-source-ab443eb4ac83322a	synodal:candidate:3bd8a18688ce26a2d96221ac	syntacticus-20230428	sergrad.conll:unknown	reviewed	synodal-russian	Reviewer confirmed that the governed source supports this exact surface and typed cell; no sibling cell or productive rule is implied.
v07-source-ab50ca69886e0272	synodal:candidate:9db220cbf3d0b880dcfd7571	syntacticus-20230428	birchbark.conll:unknown	reviewed	synodal-russian	Reviewer confirmed that the governed source supports this exact surface and typed cell; no sibling cell or productive rule is implied.
v07-source-ab717e28c2cdf28c	synodal:candidate:5e09f1423d18eff756476d94	syntacticus-20230428	lav.conll:unknown	reviewed	synodal-russian	Reviewer confirmed that the governed source supports this exact surface and typed cell; no sibling cell or productive rule is implied.
v07-source-ab8d64388a37e651	synodal:candidate:530e2e7d5e9308d52cced1bc	syntacticus-20230428	lav.conll:unknown	reviewed	synodal-russian	Reviewer confirmed that the governed source supports this exact surface and typed cell; no sibling cell or productive rule is implied.
v07-source-ab989291095e3a9a	synodal:candidate:621a05fd7925b8f339a20572	english-wiktionary-ocs-kaikki-2026-08-07	жито	reviewed	synodal-russian	Reviewer confirmed that the governed source supports this exact surface and typed cell; no sibling cell or productive rule is implied.
v07-source-ac04ba3d4e0fa005	synodal:candidate:3734dc7963274ea511dbd6ba	syntacticus-20230428	spi.conll:unknown	reviewed	synodal-russian	Reviewer confirmed that the governed source supports this exact surface and typed cell; no sibling cell or productive rule is implied.
v07-source-ac89dc441a0d1f31	synodal:candidate:0bf8dd5dba56973645367c2e	english-wiktionary-ocs-kaikki-2026-08-07	оно	reviewed	synodal-russian	Reviewer confirmed that the governed source supports this exact surface and typed cell; no sibling cell or productive rule is implied.
v07-source-ad2d71b17eac1ff0	synodal:candidate:7c681454e5d75681b9a1e4ec	syntacticus-20230428	nov-sin.conll:unknown	reviewed	synodal-russian	Reviewer confirmed that the governed source supports this exact surface and typed cell; no sibling cell or productive rule is implied.
v07-source-ae177050991011af	synodal:candidate:00144c8997e46734f10175b5	syntacticus-20230428	sergrad.conll:unknown	reviewed	synodal-russian	Reviewer confirmed that the governed source supports this exact surface and typed cell; no sibling cell or productive rule is implied.
v07-source-ae29763c7c6c8be3	synodal:candidate:dc4c04f7c0c72d63f97a4aee	english-wiktionary-ocs-kaikki-2026-08-07	вꙑꙗ	reviewed	synodal-russian	Reviewer confirmed that the governed source supports this exact surface and typed cell; no sibling cell or productive rule is implied.
v07-source-ae2e342490c0508a	synodal:candidate:b598aeb01ace3b37514ad7d3	syntacticus-20230428	psal-sin.conll:unknown	reviewed	synodal-russian	Reviewer confirmed that the governed source supports this exact surface and typed cell; no sibling cell or productive rule is implied.
v07-source-ae9b33a4f418b7d7	synodal:candidate:7e069fc3d5973f231edd1203	syntacticus-20230428	stefan.conll:unknown	reviewed	synodal-russian	Reviewer confirmed that the governed source supports this exact surface and typed cell; no sibling cell or productive rule is implied.
v07-source-af7b9202d7b54208	synodal:candidate:899085099d895ed64872cf7a	syntacticus-20230428	drac.conll:unknown	reviewed	synodal-russian	Reviewer confirmed that the governed source supports this exact surface and typed cell; no sibling cell or productive rule is implied.
v07-source-afb074e7806a3aa5	synodal:candidate:929f4ea98ebd9375157442ad	english-wiktionary-ocs-kaikki-2026-08-07	стѣна	reviewed	synodal-russian	Reviewer confirmed that the governed source supports this exact surface and typed cell; no sibling cell or productive rule is implied.
v07-source-afdaf76bc86243c9	synodal:candidate:0455864dfaa20015244439b1	english-wiktionary-ocs-kaikki-2026-08-07	пища	reviewed	synodal-russian	Reviewer confirmed that the governed source supports this exact surface and typed cell; no sibling cell or productive rule is implied.
v07-source-b01c24132592c379	synodal:candidate:eb906f1140d6ab5998e66b01	syntacticus-20230428	lav.conll:unknown	reviewed	synodal-russian	Reviewer confirmed that the governed source supports this exact surface and typed cell; no sibling cell or productive rule is implied.
v07-source-b02e2eeaa16d21bf	synodal:candidate:b94058de7e1f94459f866fac	english-wiktionary-ocs-kaikki-2026-08-07	свѧтилище	reviewed	synodal-russian	Reviewer confirmed that the governed source supports this exact surface and typed cell; no sibling cell or productive rule is implied.
v07-source-b0cec84fbdf3078d	synodal:candidate:a3753d32f6e63f5639067f66	english-wiktionary-ocs-kaikki-2026-08-07	жилище	reviewed	synodal-russian	Reviewer confirmed that the governed source supports this exact surface and typed cell; no sibling cell or productive rule is implied.
v07-source-b1457a61423b5445	synodal:candidate:37dbbcd15b637da45c470001	english-wiktionary-ocs-kaikki-2026-08-07	Сѷріꙗ	reviewed	synodal-russian	Reviewer confirmed that the governed source supports this exact surface and typed cell; no sibling cell or productive rule is implied.
v07-source-b181803decb27c77	synodal:candidate:3f29b5a848cfffe90520a5fa	syntacticus-20230428	zogr.conll:unknown	reviewed	synodal-russian	Reviewer confirmed that the governed source supports this exact surface and typed cell; no sibling cell or productive rule is implied.
v07-source-b1bc6684e4bf99ac	synodal:candidate:24344e1f268a2d179fcaa772	syntacticus-20230428	vit-meth.conll:unknown	reviewed	synodal-russian	Reviewer confirmed that the governed source supports this exact surface and typed cell; no sibling cell or productive rule is implied.
v07-source-b1f99c8ea20d96b8	synodal:candidate:32894746807c4568916cfb74	syntacticus-20230428	usp-sbor.conll:unknown	reviewed	synodal-russian	Reviewer confirmed that the governed source supports this exact surface and typed cell; no sibling cell or productive rule is implied.
v07-source-b22f511af57779a4	synodal:candidate:311c5f28767474bcbb90e0fd	syntacticus-20230428	mikh.conll:unknown	reviewed	synodal-russian	Reviewer confirmed that the governed source supports this exact surface and typed cell; no sibling cell or productive rule is implied.
v07-source-b26a93fedc1d2ac2	synodal:candidate:5a83dab85344744fd406d96f	syntacticus-20230428	lav.conll:unknown	reviewed	synodal-russian	Reviewer confirmed that the governed source supports this exact surface and typed cell; no sibling cell or productive rule is implied.
v07-source-b279c648c635c81d	synodal:candidate:4654f1540bc8f587f2026b0c	syntacticus-20230428	sergrad.conll:unknown	reviewed	synodal-russian	Reviewer confirmed that the governed source supports this exact surface and typed cell; no sibling cell or productive rule is implied.
v07-source-b32e90bc82bf1d11	synodal:candidate:6e32dba8df2976af9909a7e2	syntacticus-20230428	lav.conll:unknown	reviewed	synodal-russian	Reviewer confirmed that the governed source supports this exact surface and typed cell; no sibling cell or productive rule is implied.
v07-source-b37d0f47d94a4482	synodal:candidate:ed0bb07578cf1a346c61c4bf	syntacticus-20230428	supr.conll:unknown	reviewed	synodal-russian	Reviewer confirmed that the governed source supports this exact surface and typed cell; no sibling cell or productive rule is implied.
v07-source-b38289e613315902	synodal:candidate:4a66e592f8cd363c7c92651b	syntacticus-20230428	sergrad.conll:unknown	reviewed	synodal-russian	Reviewer confirmed that the governed source supports this exact surface and typed cell; no sibling cell or productive rule is implied.
v07-source-b4feec0637963bc4	synodal:candidate:29372932e1c20b078f64b876	syntacticus-20230428	drac.conll:unknown	reviewed	synodal-russian	Reviewer confirmed that the governed source supports this exact surface and typed cell; no sibling cell or productive rule is implied.
v07-source-b51397feaa29dd23	synodal:candidate:4994eaa7f5393fcd12c2e517	english-wiktionary-ocs-kaikki-2026-08-07	крѣпость	reviewed	synodal-russian	Reviewer confirmed that the governed source supports this exact surface and typed cell; no sibling cell or productive rule is implied.
v07-source-b53ff0f33759133a	synodal:candidate:94e9acfd257ffde6dc5a48a3	english-wiktionary-ocs-kaikki-2026-08-07	нѣсмь	reviewed	synodal-russian	Reviewer confirmed that the governed source supports this exact surface and typed cell; no sibling cell or productive rule is implied.
v07-source-b54241a925aa865a	synodal:candidate:1a3e066d85bd7d0fa1eb15e0	syntacticus-20230428	psal-sin.conll:unknown	reviewed	synodal-russian	Reviewer confirmed that the governed source supports this exact surface and typed cell; no sibling cell or productive rule is implied.
v07-source-b57a1cf39f264c5c	synodal:candidate:bcd2ad2adabf511353289f5c	syntacticus-20230428	const.conll:unknown	reviewed	synodal-russian	Reviewer confirmed that the governed source supports this exact surface and typed cell; no sibling cell or productive rule is implied.
v07-source-b5a9ddc5bdfbbd2d	synodal:candidate:6508515ed6de07ec2ad4992e	english-wiktionary-ocs-kaikki-2026-08-07	раба	reviewed	synodal-russian	Reviewer confirmed that the governed source supports this exact surface and typed cell; no sibling cell or productive rule is implied.
v07-source-b5cfc842b2f27ab6	synodal:candidate:8333634df917ffe33046ecb2	syntacticus-20230428	lav.conll:unknown	reviewed	synodal-russian	Reviewer confirmed that the governed source supports this exact surface and typed cell; no sibling cell or productive rule is implied.
v07-source-b5d7ade088db3fe2	synodal:candidate:7e8698f9f84627b3f806afbf	syntacticus-20230428	lav.conll:unknown	reviewed	synodal-russian	Reviewer confirmed that the governed source supports this exact surface and typed cell; no sibling cell or productive rule is implied.
v07-source-b5d8d7cf30e56713	synodal:candidate:246df9e425fab1012cb12dfe	english-wiktionary-ocs-kaikki-2026-08-07	Аарѡнъ	reviewed	synodal-russian	Reviewer confirmed that the governed source supports this exact surface and typed cell; no sibling cell or productive rule is implied.
v07-source-b600a93e3af5be6c	synodal:candidate:195a1a2ae9069a1a5ba2d4ee	syntacticus-20230428	birchbark.conll:unknown	reviewed	synodal-russian	Reviewer confirmed that the governed source supports this exact surface and typed cell; no sibling cell or productive rule is implied.
v07-source-b601153b1bfc0fd4	synodal:candidate:4994eaa7f5393fcd12c2e517	english-wiktionary-ocs-kaikki-2026-08-07	крѣпость	reviewed	synodal-russian	Reviewer confirmed that the governed source supports this exact surface and typed cell; no sibling cell or productive rule is implied.
v07-source-b6089b0ff86e86b3	synodal:candidate:fea379903524ab6f87c860c8	syntacticus-20230428	vit-const.conll:unknown	reviewed	synodal-russian	Reviewer confirmed that the governed source supports this exact surface and typed cell; no sibling cell or productive rule is implied.
v07-source-b65657fd213e88ac	synodal:candidate:d49b358ae9fa489f458c51f3	english-wiktionary-ocs-kaikki-2026-08-07	пещь	reviewed	synodal-russian	Reviewer confirmed that the governed source supports this exact surface and typed cell; no sibling cell or productive rule is implied.
v07-source-b6a40d07196d0cdc	synodal:candidate:929f4ea98ebd9375157442ad	english-wiktionary-ocs-kaikki-2026-08-07	стѣна	reviewed	synodal-russian	Reviewer confirmed that the governed source supports this exact surface and typed cell; no sibling cell or productive rule is implied.
v07-source-b7a5e78ff5a7cd01	synodal:candidate:af7bb73da81a78129ec497ac	syntacticus-20230428	usp-sbor.conll:unknown	reviewed	synodal-russian	Reviewer confirmed that the governed source supports this exact surface and typed cell; no sibling cell or productive rule is implied.
v07-source-b82d6e98c9f19b41	synodal:candidate:d638b4705481076c9a614969	syntacticus-20230428	const.conll:unknown	reviewed	synodal-russian	Reviewer confirmed that the governed source supports this exact surface and typed cell; no sibling cell or productive rule is implied.
v07-source-b8830ace470c1918	synodal:candidate:507259ce38b37007f1b3e586	syntacticus-20230428	const.conll:unknown	reviewed	synodal-russian	Reviewer confirmed that the governed source supports this exact surface and typed cell; no sibling cell or productive rule is implied.
v07-source-b8ae758b83e41c45	synodal:candidate:d3768b16fb5d4912d327e633	syntacticus-20230428	afnik.conll:unknown	reviewed	synodal-russian	Reviewer confirmed that the governed source supports this exact surface and typed cell; no sibling cell or productive rule is implied.
v07-source-b8d5f4e50f5010b1	synodal:candidate:df208543ef8f35ce194058e0	syntacticus-20230428	peter.conll:unknown	reviewed	synodal-russian	Reviewer confirmed that the governed source supports this exact surface and typed cell; no sibling cell or productive rule is implied.
v07-source-b93a99895cf5d90a	synodal:candidate:6508515ed6de07ec2ad4992e	english-wiktionary-ocs-kaikki-2026-08-07	раба	reviewed	synodal-russian	Reviewer confirmed that the governed source supports this exact surface and typed cell; no sibling cell or productive rule is implied.
v07-source-b96ca0641d10a4b3	synodal:candidate:b4746ebabc1175906cc1d08a	syntacticus-20230428	lav.conll:unknown	reviewed	synodal-russian	Reviewer confirmed that the governed source supports this exact surface and typed cell; no sibling cell or productive rule is implied.
v07-source-b97a45cd8b9c821f	synodal:candidate:4395b71b2463e87f94d697f7	syntacticus-20230428	drac.conll:unknown	reviewed	synodal-russian	Reviewer confirmed that the governed source supports this exact surface and typed cell; no sibling cell or productive rule is implied.
v07-source-ba064588946da680	synodal:candidate:37bc953ea14e3653d14abe9f	english-wiktionary-ocs-kaikki-2026-08-07	сꙑнъ	reviewed	synodal-russian	Reviewer confirmed that the governed source supports this exact surface and typed cell; no sibling cell or productive rule is implied.
v07-source-ba35374abcd75e51	synodal:candidate:fd691ce3ca488799da69a1df	english-wiktionary-ocs-kaikki-2026-08-07	гора	reviewed	synodal-russian	Reviewer confirmed that the governed source supports this exact surface and typed cell; no sibling cell or productive rule is implied.
v07-source-ba55f59277e76bd4	synodal:candidate:e1048f06dcafa9864a808c9d	syntacticus-20230428	dux-grjaz.conll:unknown	reviewed	synodal-russian	Reviewer confirmed that the governed source supports this exact surface and typed cell; no sibling cell or productive rule is implied.
v07-source-ba57e63a10501a89	synodal:candidate:2a1a322a0eb41be5d399b68b	english-wiktionary-ocs-kaikki-2026-08-07	работа	reviewed	synodal-russian	Reviewer confirmed that the governed source supports this exact surface and typed cell; no sibling cell or productive rule is implied.
v07-source-bbaeb9c0af96bb19	synodal:candidate:31e7877e1f71d7f0d7623557	syntacticus-20230428	birchbark.conll:unknown	reviewed	synodal-russian	Reviewer confirmed that the governed source supports this exact surface and typed cell; no sibling cell or productive rule is implied.
v07-source-bbc1f9000a96b689	synodal:candidate:1a915f555ac1fc1a2a334b04	syntacticus-20230428	supr.conll:unknown	reviewed	synodal-russian	Reviewer confirmed that the governed source supports this exact surface and typed cell; no sibling cell or productive rule is implied.
v07-source-bbccece7d60f77ce	synodal:candidate:b237d3debcb0acf00eac978d	syntacticus-20230428	psal-sin.conll:unknown	reviewed	synodal-russian	Reviewer confirmed that the governed source supports this exact surface and typed cell; no sibling cell or productive rule is implied.
v07-source-bbd1233e7c22f303	synodal:candidate:5a68ce6b5be0bd12ceb7c389	syntacticus-20230428	const.conll:unknown	reviewed	synodal-russian	Reviewer confirmed that the governed source supports this exact surface and typed cell; no sibling cell or productive rule is implied.
v07-source-bc1412e6a28c48c7	synodal:candidate:5bddda8df6dfdd0cd2013c56	english-wiktionary-ocs-kaikki-2026-08-07	щедрота	reviewed	synodal-russian	Reviewer confirmed that the governed source supports this exact surface and typed cell; no sibling cell or productive rule is implied.
v07-source-bc764ca02c302e90	synodal:candidate:1362f6c636c3bc0c655ad9eb	syntacticus-20230428	vit-const.conll:unknown	reviewed	synodal-russian	Reviewer confirmed that the governed source supports this exact surface and typed cell; no sibling cell or productive rule is implied.
v07-source-bcefc38fc8fe1be2	synodal:candidate:149f5ba72213ecec8f0c2271	english-wiktionary-ocs-kaikki-2026-08-07	носила	reviewed	synodal-russian	Reviewer confirmed that the governed source supports this exact surface and typed cell; no sibling cell or productive rule is implied.
v07-source-bcf6f67d51222b56	synodal:candidate:23eeea44907ac1e1d9d54f91	syntacticus-20230428	lav.conll:unknown	reviewed	synodal-russian	Reviewer confirmed that the governed source supports this exact surface and typed cell; no sibling cell or productive rule is implied.
v07-source-bd053162bf1cd332	synodal:candidate:5410d900dafdfb15deb08791	syntacticus-20230428	const.conll:unknown	reviewed	synodal-russian	Reviewer confirmed that the governed source supports this exact surface and typed cell; no sibling cell or productive rule is implied.
v07-source-bd62e527d7318e69	synodal:candidate:00a6bc5a74505568a1c039e4	syntacticus-20230428	usp-sbor.conll:unknown	reviewed	synodal-russian	Reviewer confirmed that the governed source supports this exact surface and typed cell; no sibling cell or productive rule is implied.
v07-source-bd91fe49c5676131	synodal:candidate:08f98d27deaeeb23b50a86a3	english-wiktionary-ocs-kaikki-2026-08-07	она	reviewed	synodal-russian	Reviewer confirmed that the governed source supports this exact surface and typed cell; no sibling cell or productive rule is implied.
v07-source-bdd016cede8f6fe3	synodal:candidate:88abef3b5e70b8a1a6a083f1	english-wiktionary-ocs-kaikki-2026-08-07	срамота	reviewed	synodal-russian	Reviewer confirmed that the governed source supports this exact surface and typed cell; no sibling cell or productive rule is implied.
v07-source-be0c62a11f051f13	synodal:candidate:539238273022c7bb27ee912f	syntacticus-20230428	lav.conll:unknown	reviewed	synodal-russian	Reviewer confirmed that the governed source supports this exact surface and typed cell; no sibling cell or productive rule is implied.
v07-source-beca613cc4c9f935	synodal:candidate:5d886334434ba6b9dc1510a1	syntacticus-20230428	supr.conll:unknown	reviewed	synodal-russian	Reviewer confirmed that the governed source supports this exact surface and typed cell; no sibling cell or productive rule is implied.
v07-source-bf23963821f157a1	synodal:candidate:495d2b517164248568cbefda	syntacticus-20230428	lav.conll:unknown	reviewed	synodal-russian	Reviewer confirmed that the governed source supports this exact surface and typed cell; no sibling cell or productive rule is implied.
v07-source-bf41f370988f961d	synodal:candidate:225b4d29edf2c143d7b690ae	syntacticus-20230428	drac.conll:unknown	reviewed	synodal-russian	Reviewer confirmed that the governed source supports this exact surface and typed cell; no sibling cell or productive rule is implied.
v07-source-bf4faa647ee7095e	synodal:candidate:0455864dfaa20015244439b1	english-wiktionary-ocs-kaikki-2026-08-07	пища	reviewed	synodal-russian	Reviewer confirmed that the governed source supports this exact surface and typed cell; no sibling cell or productive rule is implied.
v07-source-bf8d086bd817d0cc	synodal:candidate:5b710832fd542d154c02a201	syntacticus-20230428	sergrad.conll:unknown	reviewed	synodal-russian	Reviewer confirmed that the governed source supports this exact surface and typed cell; no sibling cell or productive rule is implied.
v07-source-bfe21cc5c7a0fbb7	synodal:candidate:f97406e51aaa5dde18b34b58	syntacticus-20230428	lav.conll:unknown	reviewed	synodal-russian	Reviewer confirmed that the governed source supports this exact surface and typed cell; no sibling cell or productive rule is implied.
v07-source-bffd51b6dffe9079	synodal:candidate:b0bea3390792cf5ca56ad6b0	syntacticus-20230428	supr.conll:unknown	reviewed	synodal-russian	Reviewer confirmed that the governed source supports this exact surface and typed cell; no sibling cell or productive rule is implied.
v07-source-c020ec66010972b3	synodal:candidate:97543110179f50783d856364	syntacticus-20230428	vit-const.conll:unknown	reviewed	synodal-russian	Reviewer confirmed that the governed source supports this exact surface and typed cell; no sibling cell or productive rule is implied.
v07-source-c0404ed2c8b6809b	synodal:candidate:e58122aaf03701d4b6ef4750	syntacticus-20230428	lav.conll:unknown	reviewed	synodal-russian	Reviewer confirmed that the governed source supports this exact surface and typed cell; no sibling cell or productive rule is implied.
v07-source-c06b59e48f0af120	synodal:candidate:08f98d27deaeeb23b50a86a3	english-wiktionary-ocs-kaikki-2026-08-07	она	reviewed	synodal-russian	Reviewer confirmed that the governed source supports this exact surface and typed cell; no sibling cell or productive rule is implied.
v07-source-c0c358e3dfbb59f1	synodal:candidate:2a57756694332f0aa3c61270	syntacticus-20230428	lav.conll:unknown	reviewed	synodal-russian	Reviewer confirmed that the governed source supports this exact surface and typed cell; no sibling cell or productive rule is implied.
v07-source-c11d273a27947369	synodal:candidate:24305800f407fe23bfbd2ac3	english-wiktionary-ocs-kaikki-2026-08-07	вельможа	reviewed	synodal-russian	Reviewer confirmed that the governed source supports this exact surface and typed cell; no sibling cell or productive rule is implied.
v07-source-c13cc231da849386	synodal:candidate:10a8089abf9439de7bee8772	syntacticus-20230428	sergrad.conll:unknown	reviewed	synodal-russian	Reviewer confirmed that the governed source supports this exact surface and typed cell; no sibling cell or productive rule is implied.
v07-source-c1e5da5754ac3248	synodal:candidate:c32f47843ada94d0a4d09cd7	syntacticus-20230428	vit-const.conll:unknown	reviewed	synodal-russian	Reviewer confirmed that the governed source supports this exact surface and typed cell; no sibling cell or productive rule is implied.
v07-source-c267ec955555d8ed	synodal:candidate:5ef4f489634a1f024bd8d813	syntacticus-20230428	lav.conll:unknown	reviewed	synodal-russian	Reviewer confirmed that the governed source supports this exact surface and typed cell; no sibling cell or productive rule is implied.
v07-source-c2b88b023855a60c	synodal:candidate:39bcb37d0fa01782a5759055	syntacticus-20230428	lav.conll:unknown	reviewed	synodal-russian	Reviewer confirmed that the governed source supports this exact surface and typed cell; no sibling cell or productive rule is implied.
v07-source-c2dbc9b198dc3326	synodal:candidate:30ca98145fb177703f99aca7	syntacticus-20230428	lav.conll:unknown	reviewed	synodal-russian	Reviewer confirmed that the governed source supports this exact surface and typed cell; no sibling cell or productive rule is implied.
v07-source-c2e972d832d86509	synodal:candidate:3f725b152be63c1d40e8ef2d	syntacticus-20230428	lav.conll:unknown	reviewed	synodal-russian	Reviewer confirmed that the governed source supports this exact surface and typed cell; no sibling cell or productive rule is implied.
v07-source-c33982dd4c599f99	synodal:candidate:e777350f5964bd5ec69b2b25	syntacticus-20230428	supr.conll:unknown	reviewed	synodal-russian	Reviewer confirmed that the governed source supports this exact surface and typed cell; no sibling cell or productive rule is implied.
v07-source-c3785bcaa18d5a05	synodal:candidate:ee65f729fe5208e77be4444b	syntacticus-20230428	usp-sbor.conll:unknown	reviewed	synodal-russian	Reviewer confirmed that the governed source supports this exact surface and typed cell; no sibling cell or productive rule is implied.
v07-source-c37ae11445732a89	synodal:candidate:54a9ca95543509232f999726	english-wiktionary-ocs-kaikki-2026-08-07	тельць	reviewed	synodal-russian	Reviewer confirmed that the governed source supports this exact surface and typed cell; no sibling cell or productive rule is implied.
v07-source-c3a4e0e4064356e7	synodal:candidate:561be25e5d6532f35188fcc3	syntacticus-20230428	lav.conll:unknown	reviewed	synodal-russian	Reviewer confirmed that the governed source supports this exact surface and typed cell; no sibling cell or productive rule is implied.
v07-source-c3d6370299d83d33	synodal:candidate:4354746f3fa1960f668ae589	syntacticus-20230428	sergrad.conll:unknown	reviewed	synodal-russian	Reviewer confirmed that the governed source supports this exact surface and typed cell; no sibling cell or productive rule is implied.
v07-source-c3fed04730302370	synodal:candidate:776662ef739ba38126a3148b	english-wiktionary-ocs-kaikki-2026-08-07	ложе	reviewed	synodal-russian	Reviewer confirmed that the governed source supports this exact surface and typed cell; no sibling cell or productive rule is implied.
v07-source-c43ed7c7a3318799	synodal:candidate:b9c04e476958ce9969f6ebf9	syntacticus-20230428	lav.conll:unknown	reviewed	synodal-russian	Reviewer confirmed that the governed source supports this exact surface and typed cell; no sibling cell or productive rule is implied.
v07-source-c49a871ddd26d51b	synodal:candidate:598ee3540179c7d4f1e43768	syntacticus-20230428	supr.conll:unknown	reviewed	synodal-russian	Reviewer confirmed that the governed source supports this exact surface and typed cell; no sibling cell or productive rule is implied.
v07-source-c4bdeaf0ec30c333	synodal:candidate:3bcf932a838603c666635872	syntacticus-20230428	nov-sin.conll:unknown	reviewed	synodal-russian	Reviewer confirmed that the governed source supports this exact surface and typed cell; no sibling cell or productive rule is implied.
v07-source-c4d33f32ed28cd9a	synodal:candidate:5685f0467c33437d752223e5	english-wiktionary-ocs-kaikki-2026-08-07	дьбрь	reviewed	synodal-russian	Reviewer confirmed that the governed source supports this exact surface and typed cell; no sibling cell or productive rule is implied.
v07-source-c5294f4eb5de9fb1	synodal:candidate:e2164124a1478cec6c9e7512	syntacticus-20230428	lav.conll:unknown	reviewed	synodal-russian	Reviewer confirmed that the governed source supports this exact surface and typed cell; no sibling cell or productive rule is implied.
v07-source-c566ad7889610f91	synodal:candidate:2b6bf9a621513fa5313a0232	syntacticus-20230428	lav.conll:unknown	reviewed	synodal-russian	Reviewer confirmed that the governed source supports this exact surface and typed cell; no sibling cell or productive rule is implied.
v07-source-c596dd0d33b748e1	synodal:candidate:6f85f0b40d5cbdde15cce5d1	syntacticus-20230428	sergrad.conll:unknown	reviewed	synodal-russian	Reviewer confirmed that the governed source supports this exact surface and typed cell; no sibling cell or productive rule is implied.
v07-source-c5981e8b094c7d8b	synodal:candidate:bc5e549d0366b18d40c5c476	syntacticus-20230428	const.conll:unknown	reviewed	synodal-russian	Reviewer confirmed that the governed source supports this exact surface and typed cell; no sibling cell or productive rule is implied.
v07-source-c5c39edfb38c7279	synodal:candidate:a3988b634fbd8dc67f68124d	syntacticus-20230428	lav.conll:unknown	reviewed	synodal-russian	Reviewer confirmed that the governed source supports this exact surface and typed cell; no sibling cell or productive rule is implied.
v07-source-c5c705d257f79f94	synodal:candidate:985dafb2e70c14b086a2837e	syntacticus-20230428	lav.conll:unknown	reviewed	synodal-russian	Reviewer confirmed that the governed source supports this exact surface and typed cell; no sibling cell or productive rule is implied.
v07-source-c5eb5e1207cab8dd	synodal:candidate:1f03c2dc220b7c28a9fdc2f1	english-wiktionary-ocs-kaikki-2026-08-07	сѫдити	reviewed	synodal-russian	Reviewer confirmed that the governed source supports this exact surface and typed cell; no sibling cell or productive rule is implied.
v07-source-c61c97691c69e8d8	synodal:candidate:b5fd9f03354bf94a20817386	syntacticus-20230428	lav.conll:unknown	reviewed	synodal-russian	Reviewer confirmed that the governed source supports this exact surface and typed cell; no sibling cell or productive rule is implied.
v07-source-c715624d1417688b	synodal:candidate:25677818566ae1b72a3d4b5a	syntacticus-20230428	const.conll:unknown	reviewed	synodal-russian	Reviewer confirmed that the governed source supports this exact surface and typed cell; no sibling cell or productive rule is implied.
v07-source-c724a82e0aed025f	synodal:candidate:9f83a4271340cb6fba354eaf	syntacticus-20230428	vit-const.conll:unknown	reviewed	synodal-russian	Reviewer confirmed that the governed source supports this exact surface and typed cell; no sibling cell or productive rule is implied.
v07-source-c730572a7c10f201	synodal:candidate:5cadc973b4c2655d61f27b3a	syntacticus-20230428	const.conll:unknown	reviewed	synodal-russian	Reviewer confirmed that the governed source supports this exact surface and typed cell; no sibling cell or productive rule is implied.
v07-source-c74feb618e93f43b	synodal:candidate:d49b358ae9fa489f458c51f3	english-wiktionary-ocs-kaikki-2026-08-07	пещь	reviewed	synodal-russian	Reviewer confirmed that the governed source supports this exact surface and typed cell; no sibling cell or productive rule is implied.
v07-source-c776ebd388a71659	synodal:candidate:62e25ebc01cb67b938678050	syntacticus-20230428	const.conll:unknown	reviewed	synodal-russian	Reviewer confirmed that the governed source supports this exact surface and typed cell; no sibling cell or productive rule is implied.
v07-source-c79da576b1de93f7	synodal:candidate:68c48839bff00d0b5ef8ea37	syntacticus-20230428	lav.conll:unknown	reviewed	synodal-russian	Reviewer confirmed that the governed source supports this exact surface and typed cell; no sibling cell or productive rule is implied.
v07-source-c7be67868eed9ab2	synodal:candidate:4042b8ae7c7a92539e46c6f3	syntacticus-20230428	const.conll:unknown	reviewed	synodal-russian	Reviewer confirmed that the governed source supports this exact surface and typed cell; no sibling cell or productive rule is implied.
v07-source-c7cb8eb25252bef1	synodal:candidate:2460d9b6c70184b32e32f076	syntacticus-20230428	sergrad.conll:unknown	reviewed	synodal-russian	Reviewer confirmed that the governed source supports this exact surface and typed cell; no sibling cell or productive rule is implied.
v07-source-c7cc589e0d1a3203	synodal:candidate:b1604c85f56031cfb85f80f8	syntacticus-20230428	const.conll:unknown	reviewed	synodal-russian	Reviewer confirmed that the governed source supports this exact surface and typed cell; no sibling cell or productive rule is implied.
v07-source-c7dd11c5e7e83449	synodal:candidate:3d41c786f429767dbf614228	syntacticus-20230428	mikh.conll:unknown	reviewed	synodal-russian	Reviewer confirmed that the governed source supports this exact surface and typed cell; no sibling cell or productive rule is implied.
v07-source-c8061066c0be8103	synodal:candidate:167ddaf5e679a1462f65b19e	syntacticus-20230428	usp-sbor.conll:unknown	reviewed	synodal-russian	Reviewer confirmed that the governed source supports this exact surface and typed cell; no sibling cell or productive rule is implied.
v07-source-c81d52b037a09e30	synodal:candidate:565954ee0d6f8f5528b95672	syntacticus-20230428	sergrad.conll:unknown	reviewed	synodal-russian	Reviewer confirmed that the governed source supports this exact surface and typed cell; no sibling cell or productive rule is implied.
v07-source-c855dc521e349510	synodal:candidate:11f6c12f64cdec1d77c76fd9	syntacticus-20230428	stefan.conll:unknown	reviewed	synodal-russian	Reviewer confirmed that the governed source supports this exact surface and typed cell; no sibling cell or productive rule is implied.
v07-source-c864aaf69ff636e4	synodal:candidate:686d52b024184debe6fa4227	syntacticus-20230428	supr.conll:unknown	reviewed	synodal-russian	Reviewer confirmed that the governed source supports this exact surface and typed cell; no sibling cell or productive rule is implied.
v07-source-c88d8994c4833e70	synodal:candidate:1228d875b5402503622a8d60	english-wiktionary-ocs-kaikki-2026-08-07	десѧтина	reviewed	synodal-russian	Reviewer confirmed that the governed source supports this exact surface and typed cell; no sibling cell or productive rule is implied.
v07-source-c89c1bdbffedace2	synodal:candidate:88abef3b5e70b8a1a6a083f1	english-wiktionary-ocs-kaikki-2026-08-07	срамота	reviewed	synodal-russian	Reviewer confirmed that the governed source supports this exact surface and typed cell; no sibling cell or productive rule is implied.
v07-source-c8bba2d55a0b394c	synodal:candidate:c4d5386329f4a3ab607ff1ea	syntacticus-20230428	lav.conll:unknown	reviewed	synodal-russian	Reviewer confirmed that the governed source supports this exact surface and typed cell; no sibling cell or productive rule is implied.
v07-source-c8c5a14bb3be232f	synodal:candidate:fe871269c75161ef3bb3bc70	syntacticus-20230428	psal-sin.conll:unknown	reviewed	synodal-russian	Reviewer confirmed that the governed source supports this exact surface and typed cell; no sibling cell or productive rule is implied.
v07-source-c8e58b73cc09faf3	synodal:candidate:0c2696d0b3a2d87f247b8c27	syntacticus-20230428	sergrad.conll:unknown	reviewed	synodal-russian	Reviewer confirmed that the governed source supports this exact surface and typed cell; no sibling cell or productive rule is implied.
v07-source-c8fb5f9423f5bc72	synodal:candidate:e178723d783ceafc87bbdff0	syntacticus-20230428	lav.conll:unknown	reviewed	synodal-russian	Reviewer confirmed that the governed source supports this exact surface and typed cell; no sibling cell or productive rule is implied.
v07-source-c99e4bef5e94ef07	synodal:candidate:24305800f407fe23bfbd2ac3	english-wiktionary-ocs-kaikki-2026-08-07	вельможа	reviewed	synodal-russian	Reviewer confirmed that the governed source supports this exact surface and typed cell; no sibling cell or productive rule is implied.
v07-source-c9ca6934011ad50a	synodal:candidate:43f888c5622a8c36b80921f0	syntacticus-20230428	lav.conll:unknown	reviewed	synodal-russian	Reviewer confirmed that the governed source supports this exact surface and typed cell; no sibling cell or productive rule is implied.
v07-source-c9eb2b275fa5008c	synodal:candidate:0708ca87077bdcecc190a6a7	syntacticus-20230428	afnik.conll:unknown	reviewed	synodal-russian	Reviewer confirmed that the governed source supports this exact surface and typed cell; no sibling cell or productive rule is implied.
v07-source-ca19c60b16107f25	synodal:candidate:9b2cc323ecb69251f4671c30	syntacticus-20230428	luk-koloc.conll:unknown	reviewed	synodal-russian	Reviewer confirmed that the governed source supports this exact surface and typed cell; no sibling cell or productive rule is implied.
v07-source-ca6c9df522a7f872	synodal:candidate:7467d1a550ea1742f15bc816	english-wiktionary-ocs-kaikki-2026-08-07	скинии	reviewed	synodal-russian	Reviewer confirmed that the governed source supports this exact surface and typed cell; no sibling cell or productive rule is implied.
v07-source-caa25578c737a630	synodal:candidate:d128d1e298dd336bc0c0b785	syntacticus-20230428	dux-grjaz.conll:unknown	reviewed	synodal-russian	Reviewer confirmed that the governed source supports this exact surface and typed cell; no sibling cell or productive rule is implied.
v07-source-cba55efb93fc46af	synodal:candidate:399cbbf81fbacfb9d09da921	syntacticus-20230428	birchbark.conll:unknown	reviewed	synodal-russian	Reviewer confirmed that the governed source supports this exact surface and typed cell; no sibling cell or productive rule is implied.
v07-source-cc88064d85a543aa	synodal:candidate:48bf324cfe6dd439f82caeca	syntacticus-20230428	lav.conll:unknown	reviewed	synodal-russian	Reviewer confirmed that the governed source supports this exact surface and typed cell; no sibling cell or productive rule is implied.
v07-source-cc95320173a90a3f	synodal:candidate:64220a0b648ecd2e98aa9957	syntacticus-20230428	afnik.conll:unknown	reviewed	synodal-russian	Reviewer confirmed that the governed source supports this exact surface and typed cell; no sibling cell or productive rule is implied.
v07-source-ccfe1474d733276b	synodal:candidate:0484353b01a77817844fdb87	english-wiktionary-ocs-kaikki-2026-08-07	очесъ	reviewed	synodal-russian	Reviewer confirmed that the governed source supports this exact surface and typed cell; no sibling cell or productive rule is implied.
v07-source-cd07710a20f30cd0	synodal:candidate:48c6bc119dae3efa17646e45	syntacticus-20230428	const.conll:unknown	reviewed	synodal-russian	Reviewer confirmed that the governed source supports this exact surface and typed cell; no sibling cell or productive rule is implied.
v07-source-cd093b4ff998474d	synodal:candidate:33c1604796654ace4bc4eabf	syntacticus-20230428	pvl-hyp.conll:unknown	reviewed	synodal-russian	Reviewer confirmed that the governed source supports this exact surface and typed cell; no sibling cell or productive rule is implied.
v07-source-cda5e24600b4d70f	synodal:candidate:787b276ae7d43931e8e77c55	syntacticus-20230428	lav.conll:unknown	reviewed	synodal-russian	Reviewer confirmed that the governed source supports this exact surface and typed cell; no sibling cell or productive rule is implied.
v07-source-cdf9b8b567a5ed2f	synodal:candidate:6a835d1ef7537b66967faf98	syntacticus-20230428	const.conll:unknown	reviewed	synodal-russian	Reviewer confirmed that the governed source supports this exact surface and typed cell; no sibling cell or productive rule is implied.
v07-source-ce0d318aadad604b	synodal:candidate:73d8c8538eeda75e01f67e29	syntacticus-20230428	vit-const.conll:unknown	reviewed	synodal-russian	Reviewer confirmed that the governed source supports this exact surface and typed cell; no sibling cell or productive rule is implied.
v07-source-ce2c446493bdcdc2	synodal:candidate:a63c57c908e11cdb992ee928	syntacticus-20230428	drac.conll:unknown	reviewed	synodal-russian	Reviewer confirmed that the governed source supports this exact surface and typed cell; no sibling cell or productive rule is implied.
v07-source-ce91d98933e2dc4e	synodal:candidate:8d7b986e4cbf1cfaabe0c84f	syntacticus-20230428	pvl-hyp.conll:unknown	reviewed	synodal-russian	Reviewer confirmed that the governed source supports this exact surface and typed cell; no sibling cell or productive rule is implied.
v07-source-cf15b707ad772a8d	synodal:candidate:8b189b2a2765dc0eb182fcf0	syntacticus-20230428	const.conll:unknown	reviewed	synodal-russian	Reviewer confirmed that the governed source supports this exact surface and typed cell; no sibling cell or productive rule is implied.
v07-source-cf3279888a29d787	synodal:candidate:39042ae8752367a95e290d0f	english-wiktionary-ocs-kaikki-2026-08-07	пещи	reviewed	synodal-russian	Reviewer confirmed that the governed source supports this exact surface and typed cell; no sibling cell or productive rule is implied.
v07-source-cf3b429760a3c25a	synodal:candidate:d2bb2029f30ada9c813d19aa	syntacticus-20230428	lav.conll:unknown	reviewed	synodal-russian	Reviewer confirmed that the governed source supports this exact surface and typed cell; no sibling cell or productive rule is implied.
v07-source-cf7b98108e26f41b	synodal:candidate:d870afc31f2a4a94f3eb5a05	english-wiktionary-ocs-kaikki-2026-08-07	ꙗто	reviewed	synodal-russian	Reviewer confirmed that the governed source supports this exact surface and typed cell; no sibling cell or productive rule is implied.
v07-source-cfbc08ae6fff8c75	synodal:candidate:f48a2ee947af8e76b6ec40b6	syntacticus-20230428	pvl-hyp.conll:unknown	reviewed	synodal-russian	Reviewer confirmed that the governed source supports this exact surface and typed cell; no sibling cell or productive rule is implied.
v07-source-cfc64dcf60466f74	synodal:candidate:5926a5e6fef207cd528b3af1	syntacticus-20230428	const.conll:unknown	reviewed	synodal-russian	Reviewer confirmed that the governed source supports this exact surface and typed cell; no sibling cell or productive rule is implied.
v07-source-d0146ef06cbe263a	synodal:candidate:66c1248b9c23d1a28d34900a	english-wiktionary-ocs-kaikki-2026-08-07	вещь	reviewed	synodal-russian	Reviewer confirmed that the governed source supports this exact surface and typed cell; no sibling cell or productive rule is implied.
v07-source-d073df85528f2b2a	synodal:candidate:cc8c5d672f733a3061efc64e	syntacticus-20230428	lav.conll:unknown	reviewed	synodal-russian	Reviewer confirmed that the governed source supports this exact surface and typed cell; no sibling cell or productive rule is implied.
v07-source-d0db3f0544257cec	synodal:candidate:ad78e83489f2c05234974267	syntacticus-20230428	sergrad.conll:unknown	reviewed	synodal-russian	Reviewer confirmed that the governed source supports this exact surface and typed cell; no sibling cell or productive rule is implied.
v07-source-d1270c16fc70e6c9	synodal:candidate:211da701bbe25c4da21bafb0	english-wiktionary-ocs-kaikki-2026-08-07	народъ	reviewed	synodal-russian	Reviewer confirmed that the governed source supports this exact surface and typed cell; no sibling cell or productive rule is implied.
v07-source-d1487350f3faccf8	synodal:candidate:983ff0070ae59065150a30df	syntacticus-20230428	lav.conll:unknown	reviewed	synodal-russian	Reviewer confirmed that the governed source supports this exact surface and typed cell; no sibling cell or productive rule is implied.
v07-source-d15cfc9db6402c20	synodal:candidate:955feaaefab76de701876fb5	syntacticus-20230428	lav.conll:unknown	reviewed	synodal-russian	Reviewer confirmed that the governed source supports this exact surface and typed cell; no sibling cell or productive rule is implied.
v07-source-d1622664fea01b1c	synodal:candidate:bc0bcaf1f5090d4e8854871b	syntacticus-20230428	lav.conll:unknown	reviewed	synodal-russian	Reviewer confirmed that the governed source supports this exact surface and typed cell; no sibling cell or productive rule is implied.
v07-source-d182f689a2695cb9	synodal:candidate:e051f2fc0485fd71cbd6505d	syntacticus-20230428	lav.conll:unknown	reviewed	synodal-russian	Reviewer confirmed that the governed source supports this exact surface and typed cell; no sibling cell or productive rule is implied.
v07-source-d2084cd0cc661d30	synodal:candidate:c9fefb1af3751967e3ff975a	english-wiktionary-ocs-kaikki-2026-08-07	любꙑ	reviewed	synodal-russian	Reviewer confirmed that the governed source supports this exact surface and typed cell; no sibling cell or productive rule is implied.
v07-source-d20f198ac498e366	synodal:candidate:08f98d27deaeeb23b50a86a3	english-wiktionary-ocs-kaikki-2026-08-07	она	reviewed	synodal-russian	Reviewer confirmed that the governed source supports this exact surface and typed cell; no sibling cell or productive rule is implied.
v07-source-d21c55a98b761acc	synodal:candidate:9ea7a951d999a09fa18127ea	syntacticus-20230428	lav.conll:unknown	reviewed	synodal-russian	Reviewer confirmed that the governed source supports this exact surface and typed cell; no sibling cell or productive rule is implied.
v07-source-d2762160b4f39e8b	synodal:candidate:88abef3b5e70b8a1a6a083f1	english-wiktionary-ocs-kaikki-2026-08-07	срамота	reviewed	synodal-russian	Reviewer confirmed that the governed source supports this exact surface and typed cell; no sibling cell or productive rule is implied.
v07-source-d279140e182bcff9	synodal:candidate:135da25da952f782c5b89fe0	syntacticus-20230428	sergrad.conll:unknown	reviewed	synodal-russian	Reviewer confirmed that the governed source supports this exact surface and typed cell; no sibling cell or productive rule is implied.
v07-source-d2efc72457dd2dfc	synodal:candidate:3d75ed3973cad0ac379e4cd6	syntacticus-20230428	supr.conll:unknown	reviewed	synodal-russian	Reviewer confirmed that the governed source supports this exact surface and typed cell; no sibling cell or productive rule is implied.
v07-source-d31c31a7d7083fb4	synodal:candidate:ef5a2bc36438fc9b908bb659	syntacticus-20230428	const.conll:unknown	reviewed	synodal-russian	Reviewer confirmed that the governed source supports this exact surface and typed cell; no sibling cell or productive rule is implied.
v07-source-d37d06b5bd0a5db2	synodal:candidate:1cd5db49eea189b252a2d75c	syntacticus-20230428	psal-sin.conll:unknown	reviewed	synodal-russian	Reviewer confirmed that the governed source supports this exact surface and typed cell; no sibling cell or productive rule is implied.
v07-source-d3e83546d01b232b	synodal:candidate:047cf8d5d86c247ade4a8830	syntacticus-20230428	lav.conll:unknown	reviewed	synodal-russian	Reviewer confirmed that the governed source supports this exact surface and typed cell; no sibling cell or productive rule is implied.
v07-source-d40479528b9f4562	synodal:candidate:8edd41255b22fc096f064d46	syntacticus-20230428	lav.conll:unknown	reviewed	synodal-russian	Reviewer confirmed that the governed source supports this exact surface and typed cell; no sibling cell or productive rule is implied.
v07-source-d41129231279a4cc	synodal:candidate:92e778c1f1b12487fa8e0ceb	syntacticus-20230428	lav.conll:unknown	reviewed	synodal-russian	Reviewer confirmed that the governed source supports this exact surface and typed cell; no sibling cell or productive rule is implied.
v07-source-d438437974960ea6	synodal:candidate:ac8c09236743f481cdc8a793	syntacticus-20230428	gol-gol.conll:unknown	reviewed	synodal-russian	Reviewer confirmed that the governed source supports this exact surface and typed cell; no sibling cell or productive rule is implied.
v07-source-d4c04dfd9f92545b	synodal:candidate:55d2ddc1487f32c7c2676936	syntacticus-20230428	lav.conll:unknown	reviewed	synodal-russian	Reviewer confirmed that the governed source supports this exact surface and typed cell; no sibling cell or productive rule is implied.
v07-source-d5310e0a8c5b7066	synodal:candidate:e562a92f4ac795d5c2911fd1	syntacticus-20230428	drac.conll:unknown	reviewed	synodal-russian	Reviewer confirmed that the governed source supports this exact surface and typed cell; no sibling cell or productive rule is implied.
v07-source-d580e1d62c7bc1b9	synodal:candidate:0ba3659c1bb7e82c3130de55	syntacticus-20230428	lav.conll:unknown	reviewed	synodal-russian	Reviewer confirmed that the governed source supports this exact surface and typed cell; no sibling cell or productive rule is implied.
v07-source-d5848310365e34a9	synodal:candidate:c639fb97745a587c8c4988bd	syntacticus-20230428	const.conll:unknown	reviewed	synodal-russian	Reviewer confirmed that the governed source supports this exact surface and typed cell; no sibling cell or productive rule is implied.
v07-source-d5b00d5caf49bf63	synodal:candidate:9cfd67a5f1bc77da6bafdf5b	syntacticus-20230428	psal-sin.conll:unknown	reviewed	synodal-russian	Reviewer confirmed that the governed source supports this exact surface and typed cell; no sibling cell or productive rule is implied.
v07-source-d5e71f23a3957b34	synodal:candidate:f62f3d27e80687bb78a8d1c2	syntacticus-20230428	const.conll:unknown	reviewed	synodal-russian	Reviewer confirmed that the governed source supports this exact surface and typed cell; no sibling cell or productive rule is implied.
v07-source-d6c77ae2dfe542b9	synodal:candidate:342adc5386af4ccd81c43c10	syntacticus-20230428	const.conll:unknown	reviewed	synodal-russian	Reviewer confirmed that the governed source supports this exact surface and typed cell; no sibling cell or productive rule is implied.
v07-source-d732a6cac06a26a7	synodal:candidate:2c60e8d06a1a4baa42b376d5	syntacticus-20230428	psal-sin.conll:unknown	reviewed	synodal-russian	Reviewer confirmed that the governed source supports this exact surface and typed cell; no sibling cell or productive rule is implied.
v07-source-d777700470877081	synodal:candidate:e9d84b7b41e97e2d4d8f375f	syntacticus-20230428	lav.conll:unknown	reviewed	synodal-russian	Reviewer confirmed that the governed source supports this exact surface and typed cell; no sibling cell or productive rule is implied.
v07-source-d7901d47d9e5e3fb	synodal:candidate:0de6753fab5e46b91f17387e	syntacticus-20230428	sergrad.conll:unknown	reviewed	synodal-russian	Reviewer confirmed that the governed source supports this exact surface and typed cell; no sibling cell or productive rule is implied.
v07-source-d7ef61f918b14445	synodal:candidate:3f009a263dbcb651cc3cae96	syntacticus-20230428	const.conll:unknown	reviewed	synodal-russian	Reviewer confirmed that the governed source supports this exact surface and typed cell; no sibling cell or productive rule is implied.
v07-source-d8502ad07d86b1db	synodal:candidate:fa68cb5a8d76fba76ef8aaf6	syntacticus-20230428	vit-const.conll:unknown	reviewed	synodal-russian	Reviewer confirmed that the governed source supports this exact surface and typed cell; no sibling cell or productive rule is implied.
v07-source-d86497f3b9e01c48	synodal:candidate:7fcfc45bcfca74025af3ece9	syntacticus-20230428	supr.conll:unknown	reviewed	synodal-russian	Reviewer confirmed that the governed source supports this exact surface and typed cell; no sibling cell or productive rule is implied.
v07-source-d89a58b6cb85f16d	synodal:candidate:ef18d3c63884271eee7de07c	syntacticus-20230428	stefan.conll:unknown	reviewed	synodal-russian	Reviewer confirmed that the governed source supports this exact surface and typed cell; no sibling cell or productive rule is implied.
v07-source-d8a29a2c4f0eeac5	synodal:candidate:d751b79c635a26762c992508	syntacticus-20230428	lav.conll:unknown	reviewed	synodal-russian	Reviewer confirmed that the governed source supports this exact surface and typed cell; no sibling cell or productive rule is implied.
v07-source-d8eb1f68031ae0c5	synodal:candidate:4fc0fdceaf93c856fcc8fee7	syntacticus-20230428	spi.conll:unknown	reviewed	synodal-russian	Reviewer confirmed that the governed source supports this exact surface and typed cell; no sibling cell or productive rule is implied.
v07-source-d9082342ceac8354	synodal:candidate:2f9b38d86495d989baf14fc9	syntacticus-20230428	sergrad.conll:unknown	reviewed	synodal-russian	Reviewer confirmed that the governed source supports this exact surface and typed cell; no sibling cell or productive rule is implied.
v07-source-d90e151e3d1a703d	synodal:candidate:d49b358ae9fa489f458c51f3	english-wiktionary-ocs-kaikki-2026-08-07	пещь	reviewed	synodal-russian	Reviewer confirmed that the governed source supports this exact surface and typed cell; no sibling cell or productive rule is implied.
v07-source-d945f976a7155d9e	synodal:candidate:4c2177324ff05333da4aa73f	syntacticus-20230428	usp-sbor.conll:unknown	reviewed	synodal-russian	Reviewer confirmed that the governed source supports this exact surface and typed cell; no sibling cell or productive rule is implied.
v07-source-d950084cd3755602	synodal:candidate:8edf41796b026fbf0626894a	syntacticus-20230428	lav.conll:unknown	reviewed	synodal-russian	Reviewer confirmed that the governed source supports this exact surface and typed cell; no sibling cell or productive rule is implied.
v07-source-d9793bf9ce95a3f5	synodal:candidate:b9ccc355a572ec9bdeaa2eaf	syntacticus-20230428	lav.conll:unknown	reviewed	synodal-russian	Reviewer confirmed that the governed source supports this exact surface and typed cell; no sibling cell or productive rule is implied.
v07-source-d983f32b227bf2d1	synodal:candidate:ac15c7288cefdee208ab29a0	syntacticus-20230428	afnik.conll:unknown	reviewed	synodal-russian	Reviewer confirmed that the governed source supports this exact surface and typed cell; no sibling cell or productive rule is implied.
v07-source-d98711d44a4ddbb3	synodal:candidate:6bd38f3498cbd5afa23dd3b0	syntacticus-20230428	stefan.conll:unknown	reviewed	synodal-russian	Reviewer confirmed that the governed source supports this exact surface and typed cell; no sibling cell or productive rule is implied.
v07-source-da1802cad6b77737	synodal:candidate:b61cd9e5a5e1d6a6fd4b8a1c	english-wiktionary-ocs-kaikki-2026-08-07	проклѧтъ	reviewed	synodal-russian	Reviewer confirmed that the governed source supports this exact surface and typed cell; no sibling cell or productive rule is implied.
v07-source-da83a7ed229c3be2	synodal:candidate:0cf369042ac9df376a96c44b	english-wiktionary-ocs-kaikki-2026-08-07	дань	reviewed	synodal-russian	Reviewer confirmed that the governed source supports this exact surface and typed cell; no sibling cell or productive rule is implied.
v07-source-da89fab42190a2f1	synodal:candidate:b0e7b1f3733b74c1d51358b0	syntacticus-20230428	usp-sbor.conll:unknown	reviewed	synodal-russian	Reviewer confirmed that the governed source supports this exact surface and typed cell; no sibling cell or productive rule is implied.
v07-source-dac0902f36f4c6a0	synodal:candidate:27340d780eb2b5abfbed93d9	english-wiktionary-ocs-kaikki-2026-08-07	вонь	reviewed	synodal-russian	Reviewer confirmed that the governed source supports this exact surface and typed cell; no sibling cell or productive rule is implied.
v07-source-dac795fe655303f9	synodal:candidate:5df0caf777c707cf4493c72a	syntacticus-20230428	lav.conll:unknown	reviewed	synodal-russian	Reviewer confirmed that the governed source supports this exact surface and typed cell; no sibling cell or productive rule is implied.
v07-source-db1058a2a18348ef	synodal:candidate:609031faa767428f7e545bad	syntacticus-20230428	lav.conll:unknown	reviewed	synodal-russian	Reviewer confirmed that the governed source supports this exact surface and typed cell; no sibling cell or productive rule is implied.
v07-source-db8b9e6483b673c9	synodal:candidate:f4a5be80e14d7741154d39a4	syntacticus-20230428	lav.conll:unknown	reviewed	synodal-russian	Reviewer confirmed that the governed source supports this exact surface and typed cell; no sibling cell or productive rule is implied.
v07-source-dbcef262bd607eff	synodal:candidate:85b8121a1dfbcfbe0206471b	syntacticus-20230428	lav.conll:unknown	reviewed	synodal-russian	Reviewer confirmed that the governed source supports this exact surface and typed cell; no sibling cell or productive rule is implied.
v07-source-dc65f23304906d31	synodal:candidate:870f591f71da6abf74288f6d	syntacticus-20230428	lav.conll:unknown	reviewed	synodal-russian	Reviewer confirmed that the governed source supports this exact surface and typed cell; no sibling cell or productive rule is implied.
v07-source-dc9bd12136b3ddf3	synodal:candidate:3e2982bd9f47323ce085df05	syntacticus-20230428	lav.conll:unknown	reviewed	synodal-russian	Reviewer confirmed that the governed source supports this exact surface and typed cell; no sibling cell or productive rule is implied.
v07-source-dcc484e0e40516be	synodal:candidate:b107295ae43863d45075c01e	english-wiktionary-ocs-kaikki-2026-08-07	дроугъ	reviewed	synodal-russian	Reviewer confirmed that the governed source supports this exact surface and typed cell; no sibling cell or productive rule is implied.
v07-source-dcd3814796046d95	synodal:candidate:dc4c04f7c0c72d63f97a4aee	english-wiktionary-ocs-kaikki-2026-08-07	вꙑꙗ	reviewed	synodal-russian	Reviewer confirmed that the governed source supports this exact surface and typed cell; no sibling cell or productive rule is implied.
v07-source-dce607e913d50d9f	synodal:candidate:0cf369042ac9df376a96c44b	english-wiktionary-ocs-kaikki-2026-08-07	дань	reviewed	synodal-russian	Reviewer confirmed that the governed source supports this exact surface and typed cell; no sibling cell or productive rule is implied.
v07-source-dd7b6d6c193814bf	synodal:candidate:0ba77f6e0a73395d8ec55df8	syntacticus-20230428	kiev-hyp.conll:unknown	reviewed	synodal-russian	Reviewer confirmed that the governed source supports this exact surface and typed cell; no sibling cell or productive rule is implied.
v07-source-ddda599f00453503	synodal:candidate:a96f77c680082c1ba8b7863a	syntacticus-20230428	sergrad.conll:unknown	reviewed	synodal-russian	Reviewer confirmed that the governed source supports this exact surface and typed cell; no sibling cell or productive rule is implied.
v07-source-ddf7fa22feecfa72	synodal:candidate:9bf4a3d000c03ae28bebaa6e	syntacticus-20230428	const.conll:unknown	reviewed	synodal-russian	Reviewer confirmed that the governed source supports this exact surface and typed cell; no sibling cell or productive rule is implied.
v07-source-de3d2759b751be9e	synodal:candidate:235330aaafdc7f925afcea85	syntacticus-20230428	supr.conll:unknown	reviewed	synodal-russian	Reviewer confirmed that the governed source supports this exact surface and typed cell; no sibling cell or productive rule is implied.
v07-source-de6e68c310ad1647	synodal:candidate:bacf35b916e3a08bcc59908c	syntacticus-20230428	lav.conll:unknown	reviewed	synodal-russian	Reviewer confirmed that the governed source supports this exact surface and typed cell; no sibling cell or productive rule is implied.
v07-source-dea4d9d341c89249	synodal:candidate:b73f40e4e09d5ee0982e84e4	syntacticus-20230428	psal-sin.conll:unknown	reviewed	synodal-russian	Reviewer confirmed that the governed source supports this exact surface and typed cell; no sibling cell or productive rule is implied.
v07-source-df393930f5812546	synodal:candidate:2ae3ba476ee486f503665170	syntacticus-20230428	const.conll:unknown	reviewed	synodal-russian	Reviewer confirmed that the governed source supports this exact surface and typed cell; no sibling cell or productive rule is implied.
v07-source-df53bb06db19462b	synodal:candidate:0455864dfaa20015244439b1	english-wiktionary-ocs-kaikki-2026-08-07	пища	reviewed	synodal-russian	Reviewer confirmed that the governed source supports this exact surface and typed cell; no sibling cell or productive rule is implied.
v07-source-df6c1cd106e8b667	synodal:candidate:3af6557818676e42ced047f3	syntacticus-20230428	vit-const.conll:unknown	reviewed	synodal-russian	Reviewer confirmed that the governed source supports this exact surface and typed cell; no sibling cell or productive rule is implied.
v07-source-df741363ab21a078	synodal:candidate:ba743663535793622def4f2b	english-wiktionary-ocs-kaikki-2026-08-07	доуша	reviewed	synodal-russian	Reviewer confirmed that the governed source supports this exact surface and typed cell; no sibling cell or productive rule is implied.
v07-source-df7e4a32c4264487	synodal:candidate:90f1924fae8efe3ad37364e6	syntacticus-20230428	drac.conll:unknown	reviewed	synodal-russian	Reviewer confirmed that the governed source supports this exact surface and typed cell; no sibling cell or productive rule is implied.
v07-source-dfa12886caf04626	synodal:candidate:b08fff4ac4351ea3eb213109	syntacticus-20230428	lav.conll:unknown	reviewed	synodal-russian	Reviewer confirmed that the governed source supports this exact surface and typed cell; no sibling cell or productive rule is implied.
v07-source-e03afe140515b101	synodal:candidate:246df9e425fab1012cb12dfe	english-wiktionary-ocs-kaikki-2026-08-07	Аарѡнъ	reviewed	synodal-russian	Reviewer confirmed that the governed source supports this exact surface and typed cell; no sibling cell or productive rule is implied.
v07-source-e064a26ee5b8558a	synodal:candidate:7b20522b1ec21752491e1e3f	syntacticus-20230428	stefan.conll:unknown	reviewed	synodal-russian	Reviewer confirmed that the governed source supports this exact surface and typed cell; no sibling cell or productive rule is implied.
v07-source-e067d7168fa186e7	synodal:candidate:0429e21b28b7bad41bee1d41	syntacticus-20230428	kur.conll:unknown	reviewed	synodal-russian	Reviewer confirmed that the governed source supports this exact surface and typed cell; no sibling cell or productive rule is implied.
v07-source-e0aa3c7e6704fc18	synodal:candidate:fd5f66cc513b35101627d7f2	syntacticus-20230428	supr.conll:unknown	reviewed	synodal-russian	Reviewer confirmed that the governed source supports this exact surface and typed cell; no sibling cell or productive rule is implied.
v07-source-e0c8b95cfab4b05c	synodal:candidate:2d8fad63088269669adec9d9	syntacticus-20230428	lav.conll:unknown	reviewed	synodal-russian	Reviewer confirmed that the governed source supports this exact surface and typed cell; no sibling cell or productive rule is implied.
v07-source-e15ac4556531531e	synodal:candidate:17f9e9832950dba96750eb8b	syntacticus-20230428	const.conll:unknown	reviewed	synodal-russian	Reviewer confirmed that the governed source supports this exact surface and typed cell; no sibling cell or productive rule is implied.
v07-source-e17ca83222df2efe	synodal:candidate:f2377d4a38e86872d8118df7	syntacticus-20230428	vit-const.conll:unknown	reviewed	synodal-russian	Reviewer confirmed that the governed source supports this exact surface and typed cell; no sibling cell or productive rule is implied.
v07-source-e1dcdb9f39e7fbd8	synodal:candidate:66c1248b9c23d1a28d34900a	english-wiktionary-ocs-kaikki-2026-08-07	вещь	reviewed	synodal-russian	Reviewer confirmed that the governed source supports this exact surface and typed cell; no sibling cell or productive rule is implied.
v07-source-e24478fd0a683208	synodal:candidate:1f03c2dc220b7c28a9fdc2f1	english-wiktionary-ocs-kaikki-2026-08-07	сѫдити	reviewed	synodal-russian	Reviewer confirmed that the governed source supports this exact surface and typed cell; no sibling cell or productive rule is implied.
v07-source-e2bc468b8cb3013d	synodal:candidate:2dbfb4f100c7dfc1d8f32d4d	english-wiktionary-ocs-kaikki-2026-08-07	господине	reviewed	synodal-russian	Reviewer confirmed that the governed source supports this exact surface and typed cell; no sibling cell or productive rule is implied.
v07-source-e2d0106697dc9f71	synodal:candidate:f80f346de923bf0a6902b656	syntacticus-20230428	supr.conll:unknown	reviewed	synodal-russian	Reviewer confirmed that the governed source supports this exact surface and typed cell; no sibling cell or productive rule is implied.
v07-source-e330e080efab0079	synodal:candidate:339e7b1e770e5e02baf48221	syntacticus-20230428	lav.conll:unknown	reviewed	synodal-russian	Reviewer confirmed that the governed source supports this exact surface and typed cell; no sibling cell or productive rule is implied.
v07-source-e33546c21abe2007	synodal:candidate:0fa36e2ede8b9e3832a333fc	syntacticus-20230428	lav.conll:unknown	reviewed	synodal-russian	Reviewer confirmed that the governed source supports this exact surface and typed cell; no sibling cell or productive rule is implied.
v07-source-e352a71efcf5ebb3	synodal:candidate:62eff49c005e82a575d67d3b	syntacticus-20230428	const.conll:unknown	reviewed	synodal-russian	Reviewer confirmed that the governed source supports this exact surface and typed cell; no sibling cell or productive rule is implied.
v07-source-e35a45e2c41106c3	synodal:candidate:10a40543a5840e9010372ca0	syntacticus-20230428	lav.conll:unknown	reviewed	synodal-russian	Reviewer confirmed that the governed source supports this exact surface and typed cell; no sibling cell or productive rule is implied.
v07-source-e4a2281cd031ba87	synodal:candidate:f620abaf17ebba773fe8759a	syntacticus-20230428	lav.conll:unknown	reviewed	synodal-russian	Reviewer confirmed that the governed source supports this exact surface and typed cell; no sibling cell or productive rule is implied.
v07-source-e50b5cf179dd361c	synodal:candidate:85a3fb026e9eeebca51afad1	syntacticus-20230428	lav.conll:unknown	reviewed	synodal-russian	Reviewer confirmed that the governed source supports this exact surface and typed cell; no sibling cell or productive rule is implied.
v07-source-e50ec5702660c65f	synodal:candidate:c9fefb1af3751967e3ff975a	english-wiktionary-ocs-kaikki-2026-08-07	любꙑ	reviewed	synodal-russian	Reviewer confirmed that the governed source supports this exact surface and typed cell; no sibling cell or productive rule is implied.
v07-source-e54f194e186f65a7	synodal:candidate:a734a1caed8aaa6d0ad54cdd	syntacticus-20230428	lav.conll:unknown	reviewed	synodal-russian	Reviewer confirmed that the governed source supports this exact surface and typed cell; no sibling cell or productive rule is implied.
v07-source-e56b3ba772d7a8f8	synodal:candidate:c7da04175e7389cc6a961179	syntacticus-20230428	const.conll:unknown	reviewed	synodal-russian	Reviewer confirmed that the governed source supports this exact surface and typed cell; no sibling cell or productive rule is implied.
v07-source-e5736ab1b3489ad1	synodal:candidate:5eeac92c70d2c8c9576952e0	syntacticus-20230428	vit-const.conll:unknown	reviewed	synodal-russian	Reviewer confirmed that the governed source supports this exact surface and typed cell; no sibling cell or productive rule is implied.
v07-source-e59bd6425c038db1	synodal:candidate:6533e2c6b7ca98d34f6e2ab0	syntacticus-20230428	sergrad.conll:unknown	reviewed	synodal-russian	Reviewer confirmed that the governed source supports this exact surface and typed cell; no sibling cell or productive rule is implied.
v07-source-e5ab13ba8f101522	synodal:candidate:f64100ef8e8892e4e411a645	syntacticus-20230428	lav.conll:unknown	reviewed	synodal-russian	Reviewer confirmed that the governed source supports this exact surface and typed cell; no sibling cell or productive rule is implied.
v07-source-e62102e944324d49	synodal:candidate:b0853d7314908f34d4738acd	syntacticus-20230428	kiev-mis.conll:unknown	reviewed	synodal-russian	Reviewer confirmed that the governed source supports this exact surface and typed cell; no sibling cell or productive rule is implied.
v07-source-e69d77ed445b61b0	synodal:candidate:24305800f407fe23bfbd2ac3	english-wiktionary-ocs-kaikki-2026-08-07	вельможа	reviewed	synodal-russian	Reviewer confirmed that the governed source supports this exact surface and typed cell; no sibling cell or productive rule is implied.
v07-source-e6acda6dfef03dcf	synodal:candidate:44aea0c308d096d8befba539	syntacticus-20230428	ust-vlad.conll:unknown	reviewed	synodal-russian	Reviewer confirmed that the governed source supports this exact surface and typed cell; no sibling cell or productive rule is implied.
v07-source-e727a243644afe41	synodal:candidate:c4850900cc3ba68cce1f64ad	syntacticus-20230428	stefan.conll:unknown	reviewed	synodal-russian	Reviewer confirmed that the governed source supports this exact surface and typed cell; no sibling cell or productive rule is implied.
v07-source-e7299f55cc86bdba	synodal:candidate:60634450163f96e611389267	syntacticus-20230428	afnik.conll:unknown	reviewed	synodal-russian	Reviewer confirmed that the governed source supports this exact surface and typed cell; no sibling cell or productive rule is implied.
v07-source-e770ca2254633749	synodal:candidate:8da9903772f72a98aef7ade7	syntacticus-20230428	psal-sin.conll:unknown	reviewed	synodal-russian	Reviewer confirmed that the governed source supports this exact surface and typed cell; no sibling cell or productive rule is implied.
v07-source-e7d9a984e399048f	synodal:candidate:4b07d9917ba507b0995a970d	syntacticus-20230428	sergrad.conll:unknown	reviewed	synodal-russian	Reviewer confirmed that the governed source supports this exact surface and typed cell; no sibling cell or productive rule is implied.
v07-source-e7da0476ece47e1f	synodal:candidate:882662e600d6df5b44e6a0d0	syntacticus-20230428	supr.conll:unknown	reviewed	synodal-russian	Reviewer confirmed that the governed source supports this exact surface and typed cell; no sibling cell or productive rule is implied.
v07-source-e7e41701b0ef146c	synodal:candidate:876e1a7c29fdc28e2816dd3e	syntacticus-20230428	psal-sin.conll:unknown	reviewed	synodal-russian	Reviewer confirmed that the governed source supports this exact surface and typed cell; no sibling cell or productive rule is implied.
v07-source-e81b4dc34b23ae65	synodal:candidate:8d99f571b8818589cb98cf9a	syntacticus-20230428	vit-const.conll:unknown	reviewed	synodal-russian	Reviewer confirmed that the governed source supports this exact surface and typed cell; no sibling cell or productive rule is implied.
v07-source-e84339bbd6bd8078	synodal:candidate:c45daf2b2280cc52e9140f1c	syntacticus-20230428	schism.conll:unknown	reviewed	synodal-russian	Reviewer confirmed that the governed source supports this exact surface and typed cell; no sibling cell or productive rule is implied.
v07-source-e853f7054f467949	synodal:candidate:c7b9d34e30936cebfd90d5fa	syntacticus-20230428	stefan.conll:unknown	reviewed	synodal-russian	Reviewer confirmed that the governed source supports this exact surface and typed cell; no sibling cell or productive rule is implied.
v07-source-e87f5e21ffe7ee33	synodal:candidate:c6f6472662573c5e3514855c	syntacticus-20230428	lav.conll:unknown	reviewed	synodal-russian	Reviewer confirmed that the governed source supports this exact surface and typed cell; no sibling cell or productive rule is implied.
v07-source-e8f6a04a2672b0fc	synodal:candidate:5ced3618294e9e500069204c	syntacticus-20230428	kiev-hyp.conll:unknown	reviewed	synodal-russian	Reviewer confirmed that the governed source supports this exact surface and typed cell; no sibling cell or productive rule is implied.
v07-source-e8fa576efb265ed9	synodal:candidate:4db2455c1f3f6057d3dd898b	english-wiktionary-ocs-kaikki-2026-08-07	вождь	reviewed	synodal-russian	Reviewer confirmed that the governed source supports this exact surface and typed cell; no sibling cell or productive rule is implied.
v07-source-e9865f39589c8205	synodal:candidate:44aa6dad4c82ce358cfd0e7f	syntacticus-20230428	zadon.conll:unknown	reviewed	synodal-russian	Reviewer confirmed that the governed source supports this exact surface and typed cell; no sibling cell or productive rule is implied.
v07-source-ea10757fc7df9288	synodal:candidate:0e8f360a6d3d4578ea6f9137	english-wiktionary-ocs-kaikki-2026-08-07	мѧсо	reviewed	synodal-russian	Reviewer confirmed that the governed source supports this exact surface and typed cell; no sibling cell or productive rule is implied.
v07-source-ea6ec45db37cac13	synodal:candidate:55cc70e240bb7ee2d01bd7de	english-wiktionary-ocs-kaikki-2026-08-07	посълати	reviewed	synodal-russian	Reviewer confirmed that the governed source supports this exact surface and typed cell; no sibling cell or productive rule is implied.
v07-source-ea77947776de6b42	synodal:candidate:ae159c787efcd7f9503cb7be	syntacticus-20230428	lav.conll:unknown	reviewed	synodal-russian	Reviewer confirmed that the governed source supports this exact surface and typed cell; no sibling cell or productive rule is implied.
v07-source-ea93d8e182291ea0	synodal:candidate:5fcb64b01ce52b0167c1ce02	syntacticus-20230428	psal-sin.conll:unknown	reviewed	synodal-russian	Reviewer confirmed that the governed source supports this exact surface and typed cell; no sibling cell or productive rule is implied.
v07-source-eaa22909e8c63661	synodal:candidate:272e32b4f83ea0b965f17e39	syntacticus-20230428	const.conll:unknown	reviewed	synodal-russian	Reviewer confirmed that the governed source supports this exact surface and typed cell; no sibling cell or productive rule is implied.
v07-source-eb20697bab8996f3	synodal:candidate:15a05d89f2ef53e23495ea48	syntacticus-20230428	const.conll:unknown	reviewed	synodal-russian	Reviewer confirmed that the governed source supports this exact surface and typed cell; no sibling cell or productive rule is implied.
v07-source-eb4eb3e7c97ab771	synodal:candidate:1ddb88622f4c1f008de4d80f	syntacticus-20230428	lav.conll:unknown	reviewed	synodal-russian	Reviewer confirmed that the governed source supports this exact surface and typed cell; no sibling cell or productive rule is implied.
v07-source-ebb254e68ed87aed	synodal:candidate:bfbb607e0c0a29b508d666fa	syntacticus-20230428	lav.conll:unknown	reviewed	synodal-russian	Reviewer confirmed that the governed source supports this exact surface and typed cell; no sibling cell or productive rule is implied.
v07-source-ebb856d7c5c676aa	synodal:candidate:d15c1772ffc6d693b3893695	syntacticus-20230428	sergrad.conll:unknown	reviewed	synodal-russian	Reviewer confirmed that the governed source supports this exact surface and typed cell; no sibling cell or productive rule is implied.
v07-source-ec3327972cf73d42	synodal:candidate:99cc1b6a1d476cf4316d6f49	syntacticus-20230428	const.conll:unknown	reviewed	synodal-russian	Reviewer confirmed that the governed source supports this exact surface and typed cell; no sibling cell or productive rule is implied.
v07-source-ec9de77c2479b8c6	synodal:candidate:6595f98c5eef49d204e91f25	syntacticus-20230428	sergrad.conll:unknown	reviewed	synodal-russian	Reviewer confirmed that the governed source supports this exact surface and typed cell; no sibling cell or productive rule is implied.
v07-source-ecee4821b34a85e9	synodal:candidate:3f59e6ed9fb78b083dda657d	syntacticus-20230428	stefan.conll:unknown	reviewed	synodal-russian	Reviewer confirmed that the governed source supports this exact surface and typed cell; no sibling cell or productive rule is implied.
v07-source-ecf03ecb5dc14d01	synodal:candidate:293ec8f2b38934b3a0589b9a	syntacticus-20230428	vit-const.conll:unknown	reviewed	synodal-russian	Reviewer confirmed that the governed source supports this exact surface and typed cell; no sibling cell or productive rule is implied.
v07-source-ed0c025fb259d79a	synodal:candidate:97d0157baefd2f20b5f137c8	syntacticus-20230428	lav.conll:unknown	reviewed	synodal-russian	Reviewer confirmed that the governed source supports this exact surface and typed cell; no sibling cell or productive rule is implied.
v07-source-ed48d7871ac1bf2d	synodal:candidate:682b766035264f8803b3ede9	syntacticus-20230428	psal-sin.conll:unknown	reviewed	synodal-russian	Reviewer confirmed that the governed source supports this exact surface and typed cell; no sibling cell or productive rule is implied.
v07-source-ed4af91ede473e36	synodal:candidate:6211faf5aa2fe72910e5b85e	syntacticus-20230428	luk-koloc.conll:unknown	reviewed	synodal-russian	Reviewer confirmed that the governed source supports this exact surface and typed cell; no sibling cell or productive rule is implied.
v07-source-edd330142ff5ade5	synodal:candidate:9c661691160ae7ba87a4299b	syntacticus-20230428	const.conll:unknown	reviewed	synodal-russian	Reviewer confirmed that the governed source supports this exact surface and typed cell; no sibling cell or productive rule is implied.
v07-source-edebf17706e90f96	synodal:candidate:7df6f3706752b747a5407424	syntacticus-20230428	psal-sin.conll:unknown	reviewed	synodal-russian	Reviewer confirmed that the governed source supports this exact surface and typed cell; no sibling cell or productive rule is implied.
v07-source-ee4f6447746426f1	synodal:candidate:e1da09ea41b1a27d5451e977	english-wiktionary-ocs-kaikki-2026-08-07	тꙑсѫщи	reviewed	synodal-russian	Reviewer confirmed that the governed source supports this exact surface and typed cell; no sibling cell or productive rule is implied.
v07-source-eed35a733daba747	synodal:candidate:afd2b41e803e0c7745d00e65	syntacticus-20230428	sergrad.conll:unknown	reviewed	synodal-russian	Reviewer confirmed that the governed source supports this exact surface and typed cell; no sibling cell or productive rule is implied.
v07-source-ef1a4ac371b487fb	synodal:candidate:42950eeb5db461a0f771ed78	syntacticus-20230428	lav.conll:unknown	reviewed	synodal-russian	Reviewer confirmed that the governed source supports this exact surface and typed cell; no sibling cell or productive rule is implied.
v07-source-ef3abdfb7cd8dc38	synodal:candidate:6d2c94fd1546928c69d0fd69	syntacticus-20230428	supr.conll:unknown	reviewed	synodal-russian	Reviewer confirmed that the governed source supports this exact surface and typed cell; no sibling cell or productive rule is implied.
v07-source-ef7376e64c420db1	synodal:candidate:a6997a3c59266dc05617a3ce	syntacticus-20230428	lav.conll:unknown	reviewed	synodal-russian	Reviewer confirmed that the governed source supports this exact surface and typed cell; no sibling cell or productive rule is implied.
v07-source-f04e26582368b886	synodal:candidate:cacab0b60f138b5b658ee30b	syntacticus-20230428	psal-sin.conll:unknown	reviewed	synodal-russian	Reviewer confirmed that the governed source supports this exact surface and typed cell; no sibling cell or productive rule is implied.
v07-source-f09a68236569d182	synodal:candidate:1be5c6797a0cb0a18c963b0a	syntacticus-20230428	lav.conll:unknown	reviewed	synodal-russian	Reviewer confirmed that the governed source supports this exact surface and typed cell; no sibling cell or productive rule is implied.
v07-source-f0f2a4a1a5d753ab	synodal:candidate:06daf5f226c98ca009813d05	syntacticus-20230428	const.conll:unknown	reviewed	synodal-russian	Reviewer confirmed that the governed source supports this exact surface and typed cell; no sibling cell or productive rule is implied.
v07-source-f11698d8d5d66701	synodal:candidate:54059e155811c140f92bf3ec	syntacticus-20230428	psal-sin.conll:unknown	reviewed	synodal-russian	Reviewer confirmed that the governed source supports this exact surface and typed cell; no sibling cell or productive rule is implied.
v07-source-f138996fcd4b8e2f	synodal:candidate:852ccd4419aea695231d6c28	syntacticus-20230428	nov-sin.conll:unknown	reviewed	synodal-russian	Reviewer confirmed that the governed source supports this exact surface and typed cell; no sibling cell or productive rule is implied.
v07-source-f165d064139fe7e2	synodal:candidate:bf330ba2ea5e36b189967872	syntacticus-20230428	usp-sbor.conll:unknown	reviewed	synodal-russian	Reviewer confirmed that the governed source supports this exact surface and typed cell; no sibling cell or productive rule is implied.
v07-source-f1adef26fe1459a9	synodal:candidate:bbf6d5941a4f145db2fabc1a	syntacticus-20230428	lav.conll:unknown	reviewed	synodal-russian	Reviewer confirmed that the governed source supports this exact surface and typed cell; no sibling cell or productive rule is implied.
v07-source-f1ee9c733c5bc510	synodal:candidate:66c1248b9c23d1a28d34900a	english-wiktionary-ocs-kaikki-2026-08-07	вещь	reviewed	synodal-russian	Reviewer confirmed that the governed source supports this exact surface and typed cell; no sibling cell or productive rule is implied.
v07-source-f22554842d3403fe	synodal:candidate:032872f83b8f8a9a5c457180	syntacticus-20230428	lav.conll:unknown	reviewed	synodal-russian	Reviewer confirmed that the governed source supports this exact surface and typed cell; no sibling cell or productive rule is implied.
v07-source-f22cbd57f1e8d00a	synodal:candidate:528bc4ba9f147bc6095add60	syntacticus-20230428	lav.conll:unknown	reviewed	synodal-russian	Reviewer confirmed that the governed source supports this exact surface and typed cell; no sibling cell or productive rule is implied.
v07-source-f25d1bc21b59b833	synodal:candidate:4bc52982bed679f7c6d1f042	syntacticus-20230428	const.conll:unknown	reviewed	synodal-russian	Reviewer confirmed that the governed source supports this exact surface and typed cell; no sibling cell or productive rule is implied.
v07-source-f3785099109c4e9b	synodal:candidate:6f6cb44e5f1840358615b5ca	english-wiktionary-ocs-kaikki-2026-08-07	помощь	reviewed	synodal-russian	Reviewer confirmed that the governed source supports this exact surface and typed cell; no sibling cell or productive rule is implied.
v07-source-f41e517f184a1d6e	synodal:candidate:54f6dae5de3556b3813b148f	syntacticus-20230428	const.conll:unknown	reviewed	synodal-russian	Reviewer confirmed that the governed source supports this exact surface and typed cell; no sibling cell or productive rule is implied.
v07-source-f43a7983552d6c88	synodal:candidate:2dcbba14a90520faa753480b	syntacticus-20230428	afnik.conll:unknown	reviewed	synodal-russian	Reviewer confirmed that the governed source supports this exact surface and typed cell; no sibling cell or productive rule is implied.
v07-source-f48bd69ec747448a	synodal:candidate:1cb7d14adc1b27388eba7c36	syntacticus-20230428	spi.conll:unknown	reviewed	synodal-russian	Reviewer confirmed that the governed source supports this exact surface and typed cell; no sibling cell or productive rule is implied.
v07-source-f4df70b92fe74f7c	synodal:candidate:6ef0843df662e0614e5587df	syntacticus-20230428	vit-const.conll:unknown	reviewed	synodal-russian	Reviewer confirmed that the governed source supports this exact surface and typed cell; no sibling cell or productive rule is implied.
v07-source-f4f6dfab42573b45	synodal:candidate:7d67fb0f0dc1fb5c077a57e7	syntacticus-20230428	lav.conll:unknown	reviewed	synodal-russian	Reviewer confirmed that the governed source supports this exact surface and typed cell; no sibling cell or productive rule is implied.
v07-source-f51cb07e7b14949f	synodal:candidate:4bf839bf5c6812d6494e1627	syntacticus-20230428	usp-sbor.conll:unknown	reviewed	synodal-russian	Reviewer confirmed that the governed source supports this exact surface and typed cell; no sibling cell or productive rule is implied.
v07-source-f5d63783ee7847d5	synodal:candidate:18ae9c9520c5c1a6a8455b79	syntacticus-20230428	stefan.conll:unknown	reviewed	synodal-russian	Reviewer confirmed that the governed source supports this exact surface and typed cell; no sibling cell or productive rule is implied.
v07-source-f5df245ae88a2059	synodal:candidate:7f4582ca44ae8d10305bc1fa	syntacticus-20230428	lav.conll:unknown	reviewed	synodal-russian	Reviewer confirmed that the governed source supports this exact surface and typed cell; no sibling cell or productive rule is implied.
v07-source-f5e20f151bf8f52f	synodal:candidate:1bd01b290ab9ef638ed5c4ed	english-wiktionary-ocs-kaikki-2026-08-07	мѫка	reviewed	synodal-russian	Reviewer confirmed that the governed source supports this exact surface and typed cell; no sibling cell or productive rule is implied.
v07-source-f5fcb726c941247b	synodal:candidate:eed66d90f78c292306556787	syntacticus-20230428	lav.conll:unknown	reviewed	synodal-russian	Reviewer confirmed that the governed source supports this exact surface and typed cell; no sibling cell or productive rule is implied.
v07-source-f68eda6f538578c0	synodal:candidate:70b27bb785edac070715fa1b	syntacticus-20230428	vit-const.conll:unknown	reviewed	synodal-russian	Reviewer confirmed that the governed source supports this exact surface and typed cell; no sibling cell or productive rule is implied.
v07-source-f6aface1cd910533	synodal:candidate:b94058de7e1f94459f866fac	english-wiktionary-ocs-kaikki-2026-08-07	свѧтилище	reviewed	synodal-russian	Reviewer confirmed that the governed source supports this exact surface and typed cell; no sibling cell or productive rule is implied.
v07-source-f6e74582157c6adc	synodal:candidate:ca84a9c6e81be039866d9aea	syntacticus-20230428	sergrad.conll:unknown	reviewed	synodal-russian	Reviewer confirmed that the governed source supports this exact surface and typed cell; no sibling cell or productive rule is implied.
v07-source-f6e7ef40c3cc7a37	synodal:candidate:3e761f40956c37ff3611c55d	syntacticus-20230428	spi.conll:unknown	reviewed	synodal-russian	Reviewer confirmed that the governed source supports this exact surface and typed cell; no sibling cell or productive rule is implied.
v07-source-f70db6e856d7a3a0	synodal:candidate:eefec2a9b27afb6bdfc3d5b0	syntacticus-20230428	lav.conll:unknown	reviewed	synodal-russian	Reviewer confirmed that the governed source supports this exact surface and typed cell; no sibling cell or productive rule is implied.
v07-source-f814b436b775dffe	synodal:candidate:95ef1579977b135424044ad2	syntacticus-20230428	sergrad.conll:unknown	reviewed	synodal-russian	Reviewer confirmed that the governed source supports this exact surface and typed cell; no sibling cell or productive rule is implied.
v07-source-f8192af459ea542d	synodal:candidate:d0156c0e64c0d55b08d0462c	syntacticus-20230428	sergrad.conll:unknown	reviewed	synodal-russian	Reviewer confirmed that the governed source supports this exact surface and typed cell; no sibling cell or productive rule is implied.
v07-source-f848da2911a75232	synodal:candidate:b94058de7e1f94459f866fac	english-wiktionary-ocs-kaikki-2026-08-07	свѧтилище	reviewed	synodal-russian	Reviewer confirmed that the governed source supports this exact surface and typed cell; no sibling cell or productive rule is implied.
v07-source-f8b8f8d5999dd6b7	synodal:candidate:cc50a6800bbb4f399913bcdf	english-wiktionary-ocs-kaikki-2026-08-07	польѕа	reviewed	synodal-russian	Reviewer confirmed that the governed source supports this exact surface and typed cell; no sibling cell or productive rule is implied.
v07-source-f8d70f751ac61cfa	synodal:candidate:26495c851dcba51ca5ece9fd	syntacticus-20230428	const.conll:unknown	reviewed	synodal-russian	Reviewer confirmed that the governed source supports this exact surface and typed cell; no sibling cell or productive rule is implied.
v07-source-f9ac97fc35c4d10c	synodal:candidate:88cbaee6287c5efe6eebc552	syntacticus-20230428	sergrad.conll:unknown	reviewed	synodal-russian	Reviewer confirmed that the governed source supports this exact surface and typed cell; no sibling cell or productive rule is implied.
v07-source-f9b3173634bbe531	synodal:candidate:c2cb32a8c43e8109309a1d1f	syntacticus-20230428	const.conll:unknown	reviewed	synodal-russian	Reviewer confirmed that the governed source supports this exact surface and typed cell; no sibling cell or productive rule is implied.
v07-source-f9b78ebc6ac7b5b7	synodal:candidate:463e8d173ac19df139d8ba01	syntacticus-20230428	sergrad.conll:unknown	reviewed	synodal-russian	Reviewer confirmed that the governed source supports this exact surface and typed cell; no sibling cell or productive rule is implied.
v07-source-fa1e4eb789663fbd	synodal:candidate:dbfceb1edab44f8ec46d8a62	syntacticus-20230428	sergrad.conll:unknown	reviewed	synodal-russian	Reviewer confirmed that the governed source supports this exact surface and typed cell; no sibling cell or productive rule is implied.
v07-source-fa3104e7e5978e1d	synodal:candidate:64917c36f27c5eb9d3c9623a	syntacticus-20230428	stefan.conll:unknown	reviewed	synodal-russian	Reviewer confirmed that the governed source supports this exact surface and typed cell; no sibling cell or productive rule is implied.
v07-source-fa7b9b834e3a39b1	synodal:candidate:dc4c04f7c0c72d63f97a4aee	english-wiktionary-ocs-kaikki-2026-08-07	вꙑꙗ	reviewed	synodal-russian	Reviewer confirmed that the governed source supports this exact surface and typed cell; no sibling cell or productive rule is implied.
v07-source-fa8d2824e51eb3d6	synodal:candidate:5cd9aba166f2c1a847363f94	syntacticus-20230428	lav.conll:unknown	reviewed	synodal-russian	Reviewer confirmed that the governed source supports this exact surface and typed cell; no sibling cell or productive rule is implied.
v07-source-fac8d43661afd7b7	synodal:candidate:1f1ec9a47a18a121a5535721	english-wiktionary-ocs-kaikki-2026-08-07	ограда	reviewed	synodal-russian	Reviewer confirmed that the governed source supports this exact surface and typed cell; no sibling cell or productive rule is implied.
v07-source-fad58447edb38394	synodal:candidate:0032ae682a7f97eb52e28c3e	syntacticus-20230428	lav.conll:unknown	reviewed	synodal-russian	Reviewer confirmed that the governed source supports this exact surface and typed cell; no sibling cell or productive rule is implied.
v07-source-fb1a2d43b95cc5af	synodal:candidate:b687e6d0490dcbaf532861fa	syntacticus-20230428	golitsyn.conll:unknown	reviewed	synodal-russian	Reviewer confirmed that the governed source supports this exact surface and typed cell; no sibling cell or productive rule is implied.
v07-source-fb26b5081739282e	synodal:candidate:6cdebb293c0041544814b6fd	syntacticus-20230428	lav.conll:unknown	reviewed	synodal-russian	Reviewer confirmed that the governed source supports this exact surface and typed cell; no sibling cell or productive rule is implied.
v07-source-fb60829be8c37905	synodal:candidate:5a8c442a52d36c0b0e68ca72	syntacticus-20230428	spi.conll:unknown	reviewed	synodal-russian	Reviewer confirmed that the governed source supports this exact surface and typed cell; no sibling cell or productive rule is implied.
v07-source-fb62980b81e8c740	synodal:candidate:f94ff8b7ada3ee1c051c96c9	syntacticus-20230428	lav.conll:unknown	reviewed	synodal-russian	Reviewer confirmed that the governed source supports this exact surface and typed cell; no sibling cell or productive rule is implied.
v07-source-fb65ca140874ef9c	synodal:candidate:984a4fb11a0e828640b093be	syntacticus-20230428	supr.conll:unknown	reviewed	synodal-russian	Reviewer confirmed that the governed source supports this exact surface and typed cell; no sibling cell or productive rule is implied.
v07-source-fb77bcd41e62c4f9	synodal:candidate:cd06b951959f8b6013f5a11c	syntacticus-20230428	lav.conll:unknown	reviewed	synodal-russian	Reviewer confirmed that the governed source supports this exact surface and typed cell; no sibling cell or productive rule is implied.
v07-source-fbb8ee565e6c67ff	synodal:candidate:bb04728fd03f0436979d635b	syntacticus-20230428	psal-sin.conll:unknown	reviewed	synodal-russian	Reviewer confirmed that the governed source supports this exact surface and typed cell; no sibling cell or productive rule is implied.
v07-source-fbe3da73f413df42	synodal:candidate:42560e7dc0abece9dc32c3d0	syntacticus-20230428	lav.conll:unknown	reviewed	synodal-russian	Reviewer confirmed that the governed source supports this exact surface and typed cell; no sibling cell or productive rule is implied.
v07-source-fc4d7a3473fb42a8	synodal:candidate:9879e56c04f01ca4746ac3a3	syntacticus-20230428	sergrad.conll:unknown	reviewed	synodal-russian	Reviewer confirmed that the governed source supports this exact surface and typed cell; no sibling cell or productive rule is implied.
v07-source-fc94e26c6b7532aa	synodal:candidate:6f7e831719c60eef02f098b1	syntacticus-20230428	lav.conll:unknown	reviewed	synodal-russian	Reviewer confirmed that the governed source supports this exact surface and typed cell; no sibling cell or productive rule is implied.
v07-source-fcbbf4ab5e7f1915	synodal:candidate:5c3a4df367af8d85e3f040c1	english-wiktionary-ocs-kaikki-2026-08-07	мꙑсль	reviewed	synodal-russian	Reviewer confirmed that the governed source supports this exact surface and typed cell; no sibling cell or productive rule is implied.
v07-source-fcc5957d5e836a04	synodal:candidate:d356cbd9a7cbd3345094dd5d	syntacticus-20230428	vit-meth.conll:unknown	reviewed	synodal-russian	Reviewer confirmed that the governed source supports this exact surface and typed cell; no sibling cell or productive rule is implied.
v07-source-fd11509a8e169266	synodal:candidate:7affc1789b7a99cded894eb8	syntacticus-20230428	supr.conll:unknown	reviewed	synodal-russian	Reviewer confirmed that the governed source supports this exact surface and typed cell; no sibling cell or productive rule is implied.
v07-source-fdb41ea197c481ce	synodal:candidate:4b2db41d57184d437d3b3b2b	syntacticus-20230428	sergrad.conll:unknown	reviewed	synodal-russian	Reviewer confirmed that the governed source supports this exact surface and typed cell; no sibling cell or productive rule is implied.
v07-source-fdc5d45de71f861f	synodal:candidate:79c1602aa5f2f87816fa43a8	english-wiktionary-ocs-kaikki-2026-08-07	сь	reviewed	synodal-russian	Reviewer confirmed that the governed source supports this exact surface and typed cell; no sibling cell or productive rule is implied.
v07-source-fe1a53aad5b0f801	synodal:candidate:6521283043beb1821679f962	syntacticus-20230428	psal-sin.conll:unknown	reviewed	synodal-russian	Reviewer confirmed that the governed source supports this exact surface and typed cell; no sibling cell or productive rule is implied.
v07-source-feb61b2c86e084f4	synodal:candidate:af6792a36e00f32d579b1006	syntacticus-20230428	vit-const.conll:unknown	reviewed	synodal-russian	Reviewer confirmed that the governed source supports this exact surface and typed cell; no sibling cell or productive rule is implied.
v07-source-ff42cc9684ed03c1	synodal:candidate:02b7302d3ea744c3f539e765	syntacticus-20230428	usp-sbor.conll:unknown	reviewed	synodal-russian	Reviewer confirmed that the governed source supports this exact surface and typed cell; no sibling cell or productive rule is implied.
v07-source-ff591847240d561c	synodal:candidate:13235901b8796347478441d7	syntacticus-20230428	lav.conll:unknown	reviewed	synodal-russian	Reviewer confirmed that the governed source supports this exact surface and typed cell; no sibling cell or productive rule is implied.
v07-source-ff8db172127ce609	synodal:candidate:de7d566265f5e5b6e4783dc8	syntacticus-20230428	drac.conll:unknown	reviewed	synodal-russian	Reviewer confirmed that the governed source supports this exact surface and typed cell; no sibling cell or productive rule is implied.
v07-target-0029068b3dadc30d	synodal:candidate:58ba0dca3e587117a3c1b78e	ponomar-elizabeth-bible-2026-08-09	Psalm.60.6	reviewed	synodal-russian	Reviewer confirmed the exact NFC whole-token Synodal source occurrence and printed orthography; the held-out passage is separate.
v07-target-00d1c300863e0592	synodal:candidate:05b7fab3451736e6cc47b0ce	ponomar-elizabeth-bible-2026-08-09	Ex.29.19	reviewed	synodal-russian	Reviewer confirmed the exact NFC whole-token Synodal source occurrence and printed orthography; the held-out passage is separate.
v07-target-00d4d4e5171eb17c	synodal:candidate:224d99f674acdc6296ef5ec8	ponomar-elizabeth-bible-2026-08-09	I_Cor.1.10	reviewed	synodal-russian	Reviewer confirmed the exact NFC whole-token Synodal source occurrence and printed orthography; the held-out passage is separate.
v07-target-00e2d6777b3778df	synodal:candidate:09a1bfa945c26985f8d9e36f	ponomar-elizabeth-bible-2026-08-09	I_Kings.10.26	reviewed	synodal-russian	Reviewer confirmed the exact NFC whole-token Synodal source occurrence and printed orthography; the held-out passage is separate.
v07-target-012e5398984dcea1	synodal:candidate:03b4dc90b91e81d63bf71a85	ponomar-elizabeth-bible-2026-08-09	Ex.17.6	reviewed	synodal-russian	Reviewer confirmed the exact NFC whole-token Synodal source occurrence and printed orthography; the held-out passage is separate.
v07-target-0219ef220042748b	synodal:candidate:08b14c88b1869ae2e2b1abaa	ponomar-elizabeth-bible-2026-08-09	Nehem.5.18	reviewed	synodal-russian	Reviewer confirmed the exact NFC whole-token Synodal source occurrence and printed orthography; the held-out passage is separate.
v07-target-024f6a6f666c6bed	synodal:candidate:006c1768308f0ad4dad6ec8b	ponomar-elizabeth-bible-2026-08-09	I_Macc.8.31	reviewed	synodal-russian	Reviewer confirmed the exact NFC whole-token Synodal source occurrence and printed orthography; the held-out passage is separate.
v07-target-02654f236867874a	synodal:candidate:0a448f58936d5f49d288f4d7	ponomar-elizabeth-bible-2026-08-09	IV_Kings.15.35	reviewed	synodal-russian	Reviewer confirmed the exact NFC whole-token Synodal source occurrence and printed orthography; the held-out passage is separate.
v07-target-02cff05cd000b8fe	synodal:candidate:169a31b2eda51c18a703c202	ponomar-elizabeth-bible-2026-08-09	Mt.16.3	reviewed	synodal-russian	Reviewer confirmed the exact NFC whole-token Synodal source occurrence and printed orthography; the held-out passage is separate.
v07-target-031adce10e08342a	synodal:candidate:3698796227a905d08163ae39	ponomar-elizabeth-bible-2026-08-09	Mk.6.15	reviewed	synodal-russian	Reviewer confirmed the exact NFC whole-token Synodal source occurrence and printed orthography; the held-out passage is separate.
v07-target-031bbad776b5727f	synodal:candidate:00cc5610a092e18a0e9a9d40	ponomar-elizabeth-bible-2026-08-09	Lev.1.5	reviewed	synodal-russian	Reviewer confirmed the exact NFC whole-token Synodal source occurrence and printed orthography; the held-out passage is separate.
v07-target-041a6a50ff31ab7c	synodal:candidate:010c56958dc18da5fe68f029	ponomar-elizabeth-bible-2026-08-09	Apoc.18.7	reviewed	synodal-russian	Reviewer confirmed the exact NFC whole-token Synodal source occurrence and printed orthography; the held-out passage is separate.
v07-target-0472064da37cbbe6	synodal:candidate:05e650826c8e1260967b55db	wikisource-church-slavonic-bible-2026-08-09	Lk.1.79	reviewed	synodal-russian	Reviewer confirmed the exact NFC whole-token Synodal source occurrence and printed orthography; the held-out passage is separate.
v07-target-04b4669e9b90f922	synodal:candidate:0e01e41ed098f7b69ea508cc	ponomar-elizabeth-bible-2026-08-09	I_Cor.4.5	reviewed	synodal-russian	Reviewer confirmed the exact NFC whole-token Synodal source occurrence and printed orthography; the held-out passage is separate.
v07-target-04da956ce8df9437	synodal:candidate:0328c742422989dbe6082bc3	ponomar-elizabeth-bible-2026-08-09	Ex.11.3	reviewed	synodal-russian	Reviewer confirmed the exact NFC whole-token Synodal source occurrence and printed orthography; the held-out passage is separate.
v07-target-057ffc5c3f32720b	synodal:candidate:01c3c9bad95d9fee326ccb73	ponomar-elizabeth-bible-2026-08-09	II_Macc.3.13	reviewed	synodal-russian	Reviewer confirmed the exact NFC whole-token Synodal source occurrence and printed orthography; the held-out passage is separate.
v07-target-0650e478d3ecace5	synodal:candidate:06fedef2d78515f918f17e8b	ponomar-elizabeth-bible-2026-08-09	Jn.13.27	reviewed	synodal-russian	Reviewer confirmed the exact NFC whole-token Synodal source occurrence and printed orthography; the held-out passage is separate.
v07-target-065ff92d73e5ef7b	synodal:candidate:0008505f1a0cc25683f049ae	ponomar-elizabeth-bible-2026-08-09	Prov.29.21	reviewed	synodal-russian	Reviewer confirmed the exact NFC whole-token Synodal source occurrence and printed orthography; the held-out passage is separate.
v07-target-06a88163ce4f66fa	synodal:candidate:8610c16fa82aae22e4f7f07d	ponomar-elizabeth-bible-2026-08-09	Gen.19.1	reviewed	synodal-russian	Reviewer confirmed the exact NFC whole-token Synodal source occurrence and printed orthography; the held-out passage is separate.
v07-target-06e68bb806e5a53f	synodal:candidate:0151eb01f93c3645e30384bf	ponomar-elizabeth-bible-2026-08-09	I_Macc.13.49	reviewed	synodal-russian	Reviewer confirmed the exact NFC whole-token Synodal source occurrence and printed orthography; the held-out passage is separate.
v07-target-07ceb8c0901e392a	synodal:candidate:14139ec74e9d206b18fb369d	ponomar-elizabeth-bible-2026-08-09	Judg.7.1	reviewed	synodal-russian	Reviewer confirmed the exact NFC whole-token Synodal source occurrence and printed orthography; the held-out passage is separate.
v07-target-083c89d9aad571c6	synodal:candidate:0198bb61d7d1e8915d3455f1	ponomar-elizabeth-bible-2026-08-09	Acts.2.6	reviewed	synodal-russian	Reviewer confirmed the exact NFC whole-token Synodal source occurrence and printed orthography; the held-out passage is separate.
v07-target-0853d268f08ca3a4	synodal:candidate:0d136ec7d5bfdfdee1dff6b6	ponomar-elizabeth-bible-2026-08-09	III_Kings.13.25	reviewed	synodal-russian	Reviewer confirmed the exact NFC whole-token Synodal source occurrence and printed orthography; the held-out passage is separate.
v07-target-086214d43f36be89	synodal:candidate:a3608fcad6a1127b998b99ff	ponomar-elizabeth-bible-2026-08-09	Psalm.39.6	reviewed	synodal-russian	Reviewer confirmed the exact NFC whole-token Synodal source occurrence and printed orthography; the held-out passage is separate.
v07-target-08e9e69c6f3c0846	synodal:candidate:19e9ec468b48382692f14b76	ponomar-elizabeth-bible-2026-08-09	Col.2.22	reviewed	synodal-russian	Reviewer confirmed the exact NFC whole-token Synodal source occurrence and printed orthography; the held-out passage is separate.
v07-target-0901c13936204a1d	synodal:candidate:050d21aecdc94ff9052ce3e7	ponomar-elizabeth-bible-2026-08-09	Prov.3.15	reviewed	synodal-russian	Reviewer confirmed the exact NFC whole-token Synodal source occurrence and printed orthography; the held-out passage is separate.
v07-target-098b6eac82a9478a	synodal:candidate:06c7f7a2e9c0e02d773ddd7e	ponomar-elizabeth-bible-2026-08-09	Ezek.3.20	reviewed	synodal-russian	Reviewer confirmed the exact NFC whole-token Synodal source occurrence and printed orthography; the held-out passage is separate.
v07-target-09973059704e42d4	synodal:candidate:21b398b2986c8d0e0fe267bb	ponomar-elizabeth-bible-2026-08-09	Jas.2.14	reviewed	synodal-russian	Reviewer confirmed the exact NFC whole-token Synodal source occurrence and printed orthography; the held-out passage is separate.
v07-target-09cbfcbdf64a2bc9	synodal:candidate:091bec529d8e9af85663ab21	ponomar-elizabeth-bible-2026-08-09	Tobit.12.18	reviewed	synodal-russian	Reviewer confirmed the exact NFC whole-token Synodal source occurrence and printed orthography; the held-out passage is separate.
v07-target-09d08661fe87fdb2	synodal:candidate:0233077aca0827a27c15d290	ponomar-elizabeth-bible-2026-08-09	Gen.47.1	reviewed	synodal-russian	Reviewer confirmed the exact NFC whole-token Synodal source occurrence and printed orthography; the held-out passage is separate.
v07-target-0b4f29ead0aa8303	synodal:candidate:021137db4cda4529a7a3e339	ponomar-elizabeth-bible-2026-08-09	III_Esdra.6.48	reviewed	synodal-russian	Reviewer confirmed the exact NFC whole-token Synodal source occurrence and printed orthography; the held-out passage is separate.
v07-target-0b7d9c6d9c3082bf	synodal:candidate:0d1814c2cf9d79a3514d29ac	ponomar-elizabeth-bible-2026-08-09	Sirach.36.15	reviewed	synodal-russian	Reviewer confirmed the exact NFC whole-token Synodal source occurrence and printed orthography; the held-out passage is separate.
v07-target-0b88b6f20d06e671	synodal:candidate:033f66631a96d7adafba81a8	ponomar-elizabeth-bible-2026-08-09	IV_Kings.3.20	reviewed	synodal-russian	Reviewer confirmed the exact NFC whole-token Synodal source occurrence and printed orthography; the held-out passage is separate.
v07-target-0c15b881f2372581	synodal:candidate:a2fc0f9bf79deb57d7b0bb2b	ponomar-elizabeth-bible-2026-08-09	Sirach.45.20	reviewed	synodal-russian	Reviewer confirmed the exact NFC whole-token Synodal source occurrence and printed orthography; the held-out passage is separate.
v07-target-0d2f91e4d9d32b2b	synodal:candidate:0981534efcc5e5fa5af5bc52	ponomar-elizabeth-bible-2026-08-09	Prov.20.20	reviewed	synodal-russian	Reviewer confirmed the exact NFC whole-token Synodal source occurrence and printed orthography; the held-out passage is separate.
v07-target-0d318c59c5cc2976	synodal:candidate:12e40b97d90bf8cb94f9fbbc	ponomar-elizabeth-bible-2026-08-09	Psalm.76.11	reviewed	synodal-russian	Reviewer confirmed the exact NFC whole-token Synodal source occurrence and printed orthography; the held-out passage is separate.
v07-target-0d820c37a9769f3d	synodal:candidate:0e3645086355dd43cc9af509	ponomar-elizabeth-bible-2026-08-09	Gen.41.16	reviewed	synodal-russian	Reviewer confirmed the exact NFC whole-token Synodal source occurrence and printed orthography; the held-out passage is separate.
v07-target-0dd573089fd5c1e1	synodal:candidate:0409b2d93ee2e37fa8f3f022	ponomar-elizabeth-bible-2026-08-09	Isa.65.1	reviewed	synodal-russian	Reviewer confirmed the exact NFC whole-token Synodal source occurrence and printed orthography; the held-out passage is separate.
v07-target-0e421b923d13ecaa	synodal:candidate:1bf9872a94b251dddf80b90e	ponomar-elizabeth-bible-2026-08-09	II_Esdra.1.10	reviewed	synodal-russian	Reviewer confirmed the exact NFC whole-token Synodal source occurrence and printed orthography; the held-out passage is separate.
v07-target-0fc42032949ffd67	synodal:candidate:03e1a8d2b36abc87079ee261	ponomar-elizabeth-bible-2026-08-09	Heb.4.13	reviewed	synodal-russian	Reviewer confirmed the exact NFC whole-token Synodal source occurrence and printed orthography; the held-out passage is separate.
v07-target-0ffeb046223f0174	synodal:candidate:0122a82a784173115ae2596b	wikisource-church-slavonic-bible-2026-08-09	Eph.4.29	reviewed	synodal-russian	Reviewer confirmed the exact NFC whole-token Synodal source occurrence and printed orthography; the held-out passage is separate.
v07-target-101a3af13a637ba1	synodal:candidate:06978d7c2190b7b42f662ab0	ponomar-elizabeth-bible-2026-08-09	I_Kings.22.7	reviewed	synodal-russian	Reviewer confirmed the exact NFC whole-token Synodal source occurrence and printed orthography; the held-out passage is separate.
v07-target-102125a3bee693cf	synodal:candidate:1271d6135cff0d1dc2ad3e6e	ponomar-elizabeth-bible-2026-08-09	Heb.7.15	reviewed	synodal-russian	Reviewer confirmed the exact NFC whole-token Synodal source occurrence and printed orthography; the held-out passage is separate.
v07-target-1270d1355bc6ac71	synodal:candidate:06fc57b97f5f43197f9e1bac	ponomar-elizabeth-bible-2026-08-09	Num.18.12	reviewed	synodal-russian	Reviewer confirmed the exact NFC whole-token Synodal source occurrence and printed orthography; the held-out passage is separate.
v07-target-1331694a9f9a9abc	synodal:candidate:06bc170efa125d417fdf1c0b	ponomar-elizabeth-bible-2026-08-09	IV_Kings.11.13	reviewed	synodal-russian	Reviewer confirmed the exact NFC whole-token Synodal source occurrence and printed orthography; the held-out passage is separate.
v07-target-1363866c3ff17efd	synodal:candidate:29853f1200684a030aad2ad8	ponomar-elizabeth-bible-2026-08-09	Jerem.4.19	reviewed	synodal-russian	Reviewer confirmed the exact NFC whole-token Synodal source occurrence and printed orthography; the held-out passage is separate.
v07-target-1369916165369221	synodal:candidate:0ee4b30b383a4c3e8a6d9387	ponomar-elizabeth-bible-2026-08-09	Wisd.12.12	reviewed	synodal-russian	Reviewer confirmed the exact NFC whole-token Synodal source occurrence and printed orthography; the held-out passage is separate.
v07-target-136c6d7f236000ea	synodal:candidate:22d6e17f1a78e833fa4400d8	ponomar-elizabeth-bible-2026-08-09	Heb.11.29	reviewed	synodal-russian	Reviewer confirmed the exact NFC whole-token Synodal source occurrence and printed orthography; the held-out passage is separate.
v07-target-13960f96978511bf	synodal:candidate:1e8181019bf464d06a37619e	ponomar-elizabeth-bible-2026-08-09	Isa.66.15	reviewed	synodal-russian	Reviewer confirmed the exact NFC whole-token Synodal source occurrence and printed orthography; the held-out passage is separate.
v07-target-13d912127a933b8a	synodal:candidate:0435b27d7df06bb6f145f639	ponomar-elizabeth-bible-2026-08-09	Josh.22.5	reviewed	synodal-russian	Reviewer confirmed the exact NFC whole-token Synodal source occurrence and printed orthography; the held-out passage is separate.
v07-target-1410584817193198	synodal:candidate:0a00b5100bbc9f32a901f8d5	ponomar-elizabeth-bible-2026-08-09	Jerem.49.2	reviewed	synodal-russian	Reviewer confirmed the exact NFC whole-token Synodal source occurrence and printed orthography; the held-out passage is separate.
v07-target-1452ae038bfa4cd7	synodal:candidate:04d8fa5f65fe8ccaa123befe	ponomar-elizabeth-bible-2026-08-09	I_Paral.10.1	reviewed	synodal-russian	Reviewer confirmed the exact NFC whole-token Synodal source occurrence and printed orthography; the held-out passage is separate.
v07-target-149b572e41c96593	synodal:candidate:95a7084c19bfcbc4657a3c08	ponomar-elizabeth-bible-2026-08-09	Sirach.40.17	reviewed	synodal-russian	Reviewer confirmed the exact NFC whole-token Synodal source occurrence and printed orthography; the held-out passage is separate.
v07-target-14c4cc7e2ad1be2f	synodal:candidate:0c0f46d404d8fa4d77fea31a	ponomar-elizabeth-bible-2026-08-09	Jn.10.6	reviewed	synodal-russian	Reviewer confirmed the exact NFC whole-token Synodal source occurrence and printed orthography; the held-out passage is separate.
v07-target-1543c3749b2b70fb	synodal:candidate:0db1361ba3674433218d6726	ponomar-elizabeth-bible-2026-08-09	III_Macc.4.2	reviewed	synodal-russian	Reviewer confirmed the exact NFC whole-token Synodal source occurrence and printed orthography; the held-out passage is separate.
v07-target-15674cc95d19ae86	synodal:candidate:094f06182f8947d8134bed92	ponomar-elizabeth-bible-2026-08-09	Mt.2.18	reviewed	synodal-russian	Reviewer confirmed the exact NFC whole-token Synodal source occurrence and printed orthography; the held-out passage is separate.
v07-target-1591095396aaa0e8	synodal:candidate:119133cd6ed05183e00f1a0d	ponomar-elizabeth-bible-2026-08-09	Eccles.9.1	reviewed	synodal-russian	Reviewer confirmed the exact NFC whole-token Synodal source occurrence and printed orthography; the held-out passage is separate.
v07-target-172c026e69fe23e9	synodal:candidate:013a3ece6a4c0e420f1f2b4c	ponomar-elizabeth-bible-2026-08-09	III_Kings.18.29	reviewed	synodal-russian	Reviewer confirmed the exact NFC whole-token Synodal source occurrence and printed orthography; the held-out passage is separate.
v07-target-178ba0eaff760db4	synodal:candidate:d7d7ddc563e6a273cea233f2	ponomar-elizabeth-bible-2026-08-09	Amos.8.6	reviewed	synodal-russian	Reviewer confirmed the exact NFC whole-token Synodal source occurrence and printed orthography; the held-out passage is separate.
v07-target-17bd3836f942d818	synodal:candidate:031c653357b2829e89f2ebe4	ponomar-elizabeth-bible-2026-08-09	Sirach.12.5	reviewed	synodal-russian	Reviewer confirmed the exact NFC whole-token Synodal source occurrence and printed orthography; the held-out passage is separate.
v07-target-17caba87158fb64b	synodal:candidate:07edccf2173906a80638f31b	ponomar-elizabeth-bible-2026-08-09	Lev.25.36	reviewed	synodal-russian	Reviewer confirmed the exact NFC whole-token Synodal source occurrence and printed orthography; the held-out passage is separate.
v07-target-17dd2a522596e31c	synodal:candidate:05beb92f24d4953737265582	ponomar-elizabeth-bible-2026-08-09	Eccles.10.10	reviewed	synodal-russian	Reviewer confirmed the exact NFC whole-token Synodal source occurrence and printed orthography; the held-out passage is separate.
v07-target-183d78edf24b1832	synodal:candidate:11927704b58e14b3a4f4bff7	ponomar-elizabeth-bible-2026-08-09	Job.21.14	reviewed	synodal-russian	Reviewer confirmed the exact NFC whole-token Synodal source occurrence and printed orthography; the held-out passage is separate.
v07-target-18638cd81c7fa62c	synodal:candidate:66f74e0b6e9d48f175607791	ponomar-elizabeth-bible-2026-08-09	Lk.21.16	reviewed	synodal-russian	Reviewer confirmed the exact NFC whole-token Synodal source occurrence and printed orthography; the held-out passage is separate.
v07-target-18aacdb6f8723c01	synodal:candidate:056caed3e6cdd622f9332412	wikisource-church-slavonic-bible-2026-08-09	Ex.35.29	reviewed	synodal-russian	Reviewer confirmed the exact NFC whole-token Synodal source occurrence and printed orthography; the held-out passage is separate.
v07-target-18ca3f2f59ebd226	synodal:candidate:0566a97bc97886a166ee6307	ponomar-elizabeth-bible-2026-08-09	Josh.6.10	reviewed	synodal-russian	Reviewer confirmed the exact NFC whole-token Synodal source occurrence and printed orthography; the held-out passage is separate.
v07-target-18db37e2a4bef164	synodal:candidate:03b240a1ee0b7f50a97aaac2	ponomar-elizabeth-bible-2026-08-09	Jerem.32.11	reviewed	synodal-russian	Reviewer confirmed the exact NFC whole-token Synodal source occurrence and printed orthography; the held-out passage is separate.
v07-target-1948fd3266dbb568	synodal:candidate:05f456e0bf960ac1443565a6	ponomar-elizabeth-bible-2026-08-09	I_Macc.14.32	reviewed	synodal-russian	Reviewer confirmed the exact NFC whole-token Synodal source occurrence and printed orthography; the held-out passage is separate.
v07-target-19b86ed36eb55995	synodal:candidate:ab1ff802167fbbec9b448a11	ponomar-elizabeth-bible-2026-08-09	Sirach.27.9	reviewed	synodal-russian	Reviewer confirmed the exact NFC whole-token Synodal source occurrence and printed orthography; the held-out passage is separate.
v07-target-19d96c28a36e1e84	synodal:candidate:0060991481371cf24f3aa914	ponomar-elizabeth-bible-2026-08-09	Jerem.50.29	reviewed	synodal-russian	Reviewer confirmed the exact NFC whole-token Synodal source occurrence and printed orthography; the held-out passage is separate.
v07-target-1a045419bad6848b	synodal:candidate:210dab8285438bc211d3823b	ponomar-elizabeth-bible-2026-08-09	I_Tim.1.15	reviewed	synodal-russian	Reviewer confirmed the exact NFC whole-token Synodal source occurrence and printed orthography; the held-out passage is separate.
v07-target-1a13153872920365	synodal:candidate:5619d772095e7bed440cd119	ponomar-elizabeth-bible-2026-08-09	Jn.21.3	reviewed	synodal-russian	Reviewer confirmed the exact NFC whole-token Synodal source occurrence and printed orthography; the held-out passage is separate.
v07-target-1a2974c497ea3f98	synodal:candidate:29a4d512f3ed69a3c5e55641	ponomar-elizabeth-bible-2026-08-09	Apoc.13.2	reviewed	synodal-russian	Reviewer confirmed the exact NFC whole-token Synodal source occurrence and printed orthography; the held-out passage is separate.
v07-target-1a978fa510d9638f	synodal:candidate:244fbc8e709abe6f46f4a783	ponomar-elizabeth-bible-2026-08-09	Esther.9.31	reviewed	synodal-russian	Reviewer confirmed the exact NFC whole-token Synodal source occurrence and printed orthography; the held-out passage is separate.
v07-target-1bdc46d9f3a439fe	synodal:candidate:0068879b33c166c95cb18793	ponomar-elizabeth-bible-2026-08-09	III_Macc.4.4	reviewed	synodal-russian	Reviewer confirmed the exact NFC whole-token Synodal source occurrence and printed orthography; the held-out passage is separate.
v07-target-1c8d360af2fefe34	synodal:candidate:08d3d33584d933d516219e85	ponomar-elizabeth-bible-2026-08-09	II_Macc.10.35	reviewed	synodal-russian	Reviewer confirmed the exact NFC whole-token Synodal source occurrence and printed orthography; the held-out passage is separate.
v07-target-1ca425076202cb0f	synodal:candidate:7c9dd2224f0b04d361a546bc	ponomar-elizabeth-bible-2026-08-09	Psalm.125.4	reviewed	synodal-russian	Reviewer confirmed the exact NFC whole-token Synodal source occurrence and printed orthography; the held-out passage is separate.
v07-target-1d4f051669463d94	synodal:candidate:84984446474c622b18db8b2f	ponomar-elizabeth-bible-2026-08-09	Sirach.14.3	reviewed	synodal-russian	Reviewer confirmed the exact NFC whole-token Synodal source occurrence and printed orthography; the held-out passage is separate.
v07-target-1dae43c78f70298f	synodal:candidate:133ad5c23dc30e13decf1698	ponomar-elizabeth-bible-2026-08-09	I_Paral.29.3	reviewed	synodal-russian	Reviewer confirmed the exact NFC whole-token Synodal source occurrence and printed orthography; the held-out passage is separate.
v07-target-1e4b1d92f7b38f2c	synodal:candidate:02cea066d2e4c9813c8fc866	ponomar-elizabeth-bible-2026-08-09	Nehem.10.29	reviewed	synodal-russian	Reviewer confirmed the exact NFC whole-token Synodal source occurrence and printed orthography; the held-out passage is separate.
v07-target-1ea5a31cb2e4f51e	synodal:candidate:081c58f548d42b2869ccbcd8	ponomar-elizabeth-bible-2026-08-09	III_Macc.5.14	reviewed	synodal-russian	Reviewer confirmed the exact NFC whole-token Synodal source occurrence and printed orthography; the held-out passage is separate.
v07-target-1ea657b32cec51c9	synodal:candidate:5d2ec585cc525d0e09a71e5c	ponomar-elizabeth-bible-2026-08-09	Ex.28.38	reviewed	synodal-russian	Reviewer confirmed the exact NFC whole-token Synodal source occurrence and printed orthography; the held-out passage is separate.
v07-target-1f672c840b54783c	synodal:candidate:8a507e4586f81f70d8062804	ponomar-elizabeth-bible-2026-08-09	Lamen.1.7	reviewed	synodal-russian	Reviewer confirmed the exact NFC whole-token Synodal source occurrence and printed orthography; the held-out passage is separate.
v07-target-1f7e885afc79864d	synodal:candidate:8f3ad400074ed619e8a9b3a9	ponomar-elizabeth-bible-2026-08-09	Eccles.7.12	reviewed	synodal-russian	Reviewer confirmed the exact NFC whole-token Synodal source occurrence and printed orthography; the held-out passage is separate.
v07-target-1fae8db494d2cac0	synodal:candidate:05b48bf83434797bab01ff6d	ponomar-elizabeth-bible-2026-08-09	Gen.41.35	reviewed	synodal-russian	Reviewer confirmed the exact NFC whole-token Synodal source occurrence and printed orthography; the held-out passage is separate.
v07-target-208bffd196eedfaf	synodal:candidate:123a511b07615af2a54b268a	ponomar-elizabeth-bible-2026-08-09	Josh.10.2	reviewed	synodal-russian	Reviewer confirmed the exact NFC whole-token Synodal source occurrence and printed orthography; the held-out passage is separate.
v07-target-2188b2f0db6023d8	synodal:candidate:0d9fbe987b23aa0fd1fb5871	ponomar-elizabeth-bible-2026-08-09	Gen.9.17	reviewed	synodal-russian	Reviewer confirmed the exact NFC whole-token Synodal source occurrence and printed orthography; the held-out passage is separate.
v07-target-2213907035caf360	synodal:candidate:a0fc8b686620dfebb406d349	ponomar-elizabeth-bible-2026-08-09	II_Macc.1.15	reviewed	synodal-russian	Reviewer confirmed the exact NFC whole-token Synodal source occurrence and printed orthography; the held-out passage is separate.
v07-target-2257174bdb077e05	synodal:candidate:00fd1aff72196d106eb34db1	ponomar-elizabeth-bible-2026-08-09	III_Kings.14.2	reviewed	synodal-russian	Reviewer confirmed the exact NFC whole-token Synodal source occurrence and printed orthography; the held-out passage is separate.
v07-target-2453c015d8c26b74	synodal:candidate:0068879b33c166c95cb18793	ponomar-elizabeth-bible-2026-08-09	III_Macc.4.4	reviewed	synodal-russian	Reviewer confirmed the exact NFC whole-token Synodal source occurrence and printed orthography; the held-out passage is separate.
v07-target-24d14a3f36e17218	synodal:candidate:042ee19ae1e1453bb2a09105	ponomar-elizabeth-bible-2026-08-09	Lev.17.4	reviewed	synodal-russian	Reviewer confirmed the exact NFC whole-token Synodal source occurrence and printed orthography; the held-out passage is separate.
v07-target-253cee86c4ba34e2	synodal:candidate:7bafee65e53b29d3fb6f6b97	ponomar-elizabeth-bible-2026-08-09	Ex.26.2	reviewed	synodal-russian	Reviewer confirmed the exact NFC whole-token Synodal source occurrence and printed orthography; the held-out passage is separate.
v07-target-2546570d3a6a3546	synodal:candidate:00a9dcfb11dd56c094df8929	ponomar-elizabeth-bible-2026-08-09	IV_Kings.22.7	reviewed	synodal-russian	Reviewer confirmed the exact NFC whole-token Synodal source occurrence and printed orthography; the held-out passage is separate.
v07-target-256f13ba4132faa7	synodal:candidate:00b9ce499bfd9e6269699c33	ponomar-elizabeth-bible-2026-08-09	Ex.26.35	reviewed	synodal-russian	Reviewer confirmed the exact NFC whole-token Synodal source occurrence and printed orthography; the held-out passage is separate.
v07-target-25d1c637227febe5	synodal:candidate:7825cb150f7b6e6e97523397	ponomar-elizabeth-bible-2026-08-09	Sirach.26.3	reviewed	synodal-russian	Reviewer confirmed the exact NFC whole-token Synodal source occurrence and printed orthography; the held-out passage is separate.
v07-target-264ae6a72bb8161e	synodal:candidate:049e9aa936690278230cc30b	ponomar-elizabeth-bible-2026-08-09	III_Macc.1.25	reviewed	synodal-russian	Reviewer confirmed the exact NFC whole-token Synodal source occurrence and printed orthography; the held-out passage is separate.
v07-target-267d7031d63e3bd8	synodal:candidate:00169596892b73093651cfbe	ponomar-elizabeth-bible-2026-08-09	I_Paral.12.34	reviewed	synodal-russian	Reviewer confirmed the exact NFC whole-token Synodal source occurrence and printed orthography; the held-out passage is separate.
v07-target-26b8c95dcab98940	synodal:candidate:06f6d6f8e6d169c5af94e058	ponomar-elizabeth-bible-2026-08-09	Epistle.1.67	reviewed	synodal-russian	Reviewer confirmed the exact NFC whole-token Synodal source occurrence and printed orthography; the held-out passage is separate.
v07-target-2740830cfc6003df	synodal:candidate:0c3b673c783ed5ef8db113b1	ponomar-elizabeth-bible-2026-08-09	Jerem.25.13	reviewed	synodal-russian	Reviewer confirmed the exact NFC whole-token Synodal source occurrence and printed orthography; the held-out passage is separate.
v07-target-27aed181712e193f	synodal:candidate:04449eb262735e553d361cc4	ponomar-elizabeth-bible-2026-08-09	Deut.28.61	reviewed	synodal-russian	Reviewer confirmed the exact NFC whole-token Synodal source occurrence and printed orthography; the held-out passage is separate.
v07-target-27e805569c833d68	synodal:candidate:1bdc20e70ba76937913b2547	ponomar-elizabeth-bible-2026-08-09	Ezek.24.14	reviewed	synodal-russian	Reviewer confirmed the exact NFC whole-token Synodal source occurrence and printed orthography; the held-out passage is separate.
v07-target-2804457f01b3ff95	synodal:candidate:1eba3ce8f80cc311eddebfe5	ponomar-elizabeth-bible-2026-08-09	Jn.10.39	reviewed	synodal-russian	Reviewer confirmed the exact NFC whole-token Synodal source occurrence and printed orthography; the held-out passage is separate.
v07-target-287e29d66d4f746f	synodal:candidate:0694cff0b8c2926ee820b8ef	ponomar-elizabeth-bible-2026-08-09	Sirach.19.1	reviewed	synodal-russian	Reviewer confirmed the exact NFC whole-token Synodal source occurrence and printed orthography; the held-out passage is separate.
v07-target-2883b8a937ee1357	synodal:candidate:0060991481371cf24f3aa914	ponomar-elizabeth-bible-2026-08-09	Jerem.50.29	reviewed	synodal-russian	Reviewer confirmed the exact NFC whole-token Synodal source occurrence and printed orthography; the held-out passage is separate.
v07-target-294ff26c1277d0d6	synodal:candidate:029ef09eeeb904415a6f49d5	ponomar-elizabeth-bible-2026-08-09	Wisd.10.7	reviewed	synodal-russian	Reviewer confirmed the exact NFC whole-token Synodal source occurrence and printed orthography; the held-out passage is separate.
v07-target-2a6fcc63f1203be9	synodal:candidate:003d2c1e1cd08db4778b4aef	ponomar-elizabeth-bible-2026-08-09	Mk.3.10	reviewed	synodal-russian	Reviewer confirmed the exact NFC whole-token Synodal source occurrence and printed orthography; the held-out passage is separate.
v07-target-2a89718402cf491a	synodal:candidate:037bf0f0b27b3da73d402e43	ponomar-elizabeth-bible-2026-08-09	I_Paral.28.9	reviewed	synodal-russian	Reviewer confirmed the exact NFC whole-token Synodal source occurrence and printed orthography; the held-out passage is separate.
v07-target-2af39a4bd38407d9	synodal:candidate:0496d514809d6fea71f96d11	wikisource-church-slavonic-bible-2026-08-09	I_Macc.8.21	reviewed	synodal-russian	Reviewer confirmed the exact NFC whole-token Synodal source occurrence and printed orthography; the held-out passage is separate.
v07-target-2b03cce4d1f27ad0	synodal:candidate:61b25ad82087cfdb5bf04cde	wikisource-church-slavonic-bible-2026-08-09	Lk.3.9	reviewed	synodal-russian	Reviewer confirmed the exact NFC whole-token Synodal source occurrence and printed orthography; the held-out passage is separate.
v07-target-2cfee135e4e9747d	synodal:candidate:0b4f66b894cf4d2317f56bb2	ponomar-elizabeth-bible-2026-08-09	II_Kings.13.10	reviewed	synodal-russian	Reviewer confirmed the exact NFC whole-token Synodal source occurrence and printed orthography; the held-out passage is separate.
v07-target-2d4aa4ea32203e2b	synodal:candidate:1198add8e0878b8606122299	ponomar-elizabeth-bible-2026-08-09	Wisd.16.21	reviewed	synodal-russian	Reviewer confirmed the exact NFC whole-token Synodal source occurrence and printed orthography; the held-out passage is separate.
v07-target-2d7098be67d8c10a	synodal:candidate:b3f48c5b9d576801919b9588	ponomar-elizabeth-bible-2026-08-09	Psalm.21.29	reviewed	synodal-russian	Reviewer confirmed the exact NFC whole-token Synodal source occurrence and printed orthography; the held-out passage is separate.
v07-target-2dac047e453084d9	synodal:candidate:0958536a9245554ea2a0e5a8	ponomar-elizabeth-bible-2026-08-09	Gen.33.4	reviewed	synodal-russian	Reviewer confirmed the exact NFC whole-token Synodal source occurrence and printed orthography; the held-out passage is separate.
v07-target-2e8c2671d6bb2c0c	synodal:candidate:0438adc019a2a48e3e2711ad	ponomar-elizabeth-bible-2026-08-09	Ezek.31.15	reviewed	synodal-russian	Reviewer confirmed the exact NFC whole-token Synodal source occurrence and printed orthography; the held-out passage is separate.
v07-target-2e9d1c2cd1a67873	synodal:candidate:013a3ece6a4c0e420f1f2b4c	ponomar-elizabeth-bible-2026-08-09	III_Kings.18.29	reviewed	synodal-russian	Reviewer confirmed the exact NFC whole-token Synodal source occurrence and printed orthography; the held-out passage is separate.
v07-target-2fb93ac799e56865	synodal:candidate:6ce69a629cdf8b8a3860dc4b	ponomar-elizabeth-bible-2026-08-09	Gen.43.15	reviewed	synodal-russian	Reviewer confirmed the exact NFC whole-token Synodal source occurrence and printed orthography; the held-out passage is separate.
v07-target-3033339d5ecff0d9	synodal:candidate:07788ad1ce1dbb5761b7c01e	ponomar-elizabeth-bible-2026-08-09	Isa.15.9	reviewed	synodal-russian	Reviewer confirmed the exact NFC whole-token Synodal source occurrence and printed orthography; the held-out passage is separate.
v07-target-305020d2fae76bd6	synodal:candidate:0765b66d4a4f401a943744e4	ponomar-elizabeth-bible-2026-08-09	Psalm.24.18	reviewed	synodal-russian	Reviewer confirmed the exact NFC whole-token Synodal source occurrence and printed orthography; the held-out passage is separate.
v07-target-3082799ff1347345	synodal:candidate:0d80d93ab83d0930011aa272	ponomar-elizabeth-bible-2026-08-09	I_Thess.4.3	reviewed	synodal-russian	Reviewer confirmed the exact NFC whole-token Synodal source occurrence and printed orthography; the held-out passage is separate.
v07-target-30e6a3d3f73a628e	synodal:candidate:098ebf87f61a06701fe993ac	ponomar-elizabeth-bible-2026-08-09	Jn.7.44	reviewed	synodal-russian	Reviewer confirmed the exact NFC whole-token Synodal source occurrence and printed orthography; the held-out passage is separate.
v07-target-30f4c5652758d26e	synodal:candidate:15f0680b899f2d6a72625d50	ponomar-elizabeth-bible-2026-08-09	Sirach.43.11	reviewed	synodal-russian	Reviewer confirmed the exact NFC whole-token Synodal source occurrence and printed orthography; the held-out passage is separate.
v07-target-3114874d3161b537	synodal:candidate:062352504fcff6c28520afb8	ponomar-elizabeth-bible-2026-08-09	Gen.42.2	reviewed	synodal-russian	Reviewer confirmed the exact NFC whole-token Synodal source occurrence and printed orthography; the held-out passage is separate.
v07-target-3117c97646763749	synodal:candidate:0eb63316a9c7b9c180526b3b	ponomar-elizabeth-bible-2026-08-09	II_Paral.24.27	reviewed	synodal-russian	Reviewer confirmed the exact NFC whole-token Synodal source occurrence and printed orthography; the held-out passage is separate.
v07-target-3177b22079fc3c05	synodal:candidate:01b596f5b317e577d6621dd3	ponomar-elizabeth-bible-2026-08-09	Rom.8.12	reviewed	synodal-russian	Reviewer confirmed the exact NFC whole-token Synodal source occurrence and printed orthography; the held-out passage is separate.
v07-target-31dc5dd7e47f7827	synodal:candidate:1b660eed20dfd33a28be978c	wikisource-church-slavonic-bible-2026-08-09	Eccles.8.2	reviewed	synodal-russian	Reviewer confirmed the exact NFC whole-token Synodal source occurrence and printed orthography; the held-out passage is separate.
v07-target-31e6e7287aa90c4f	synodal:candidate:00bb58eafaaf9156fcfcee58	ponomar-elizabeth-bible-2026-08-09	Tobit.14.7	reviewed	synodal-russian	Reviewer confirmed the exact NFC whole-token Synodal source occurrence and printed orthography; the held-out passage is separate.
v07-target-321ff98e2507e608	synodal:candidate:06e42567200657dabd57bcdd	ponomar-elizabeth-bible-2026-08-09	Jerem.38.6	reviewed	synodal-russian	Reviewer confirmed the exact NFC whole-token Synodal source occurrence and printed orthography; the held-out passage is separate.
v07-target-33c41693483cd276	synodal:candidate:03ee585e21faaa2cbff86986	ponomar-elizabeth-bible-2026-08-09	III_Kings.21.19	reviewed	synodal-russian	Reviewer confirmed the exact NFC whole-token Synodal source occurrence and printed orthography; the held-out passage is separate.
v07-target-33c83b9651823c23	synodal:candidate:142971060531e6e849a0f536	ponomar-elizabeth-bible-2026-08-09	Sirach.25.2	reviewed	synodal-russian	Reviewer confirmed the exact NFC whole-token Synodal source occurrence and printed orthography; the held-out passage is separate.
v07-target-33f6e4a368cc4c72	synodal:candidate:3070c43e035aa9ba7a551701	ponomar-elizabeth-bible-2026-08-09	Ezek.14.13	reviewed	synodal-russian	Reviewer confirmed the exact NFC whole-token Synodal source occurrence and printed orthography; the held-out passage is separate.
v07-target-3409c5e197d45808	synodal:candidate:08e52d392c7df52e727e4f4d	ponomar-elizabeth-bible-2026-08-09	Ex.12.30	reviewed	synodal-russian	Reviewer confirmed the exact NFC whole-token Synodal source occurrence and printed orthography; the held-out passage is separate.
v07-target-3487b6e087705937	synodal:candidate:1cb2c387f4e326acd55d6f34	ponomar-elizabeth-bible-2026-08-09	Deut.29.22	reviewed	synodal-russian	Reviewer confirmed the exact NFC whole-token Synodal source occurrence and printed orthography; the held-out passage is separate.
v07-target-3490451e3535f8e4	synodal:candidate:01056306bfec35af5606facf	ponomar-elizabeth-bible-2026-08-09	II_Macc.10.23	reviewed	synodal-russian	Reviewer confirmed the exact NFC whole-token Synodal source occurrence and printed orthography; the held-out passage is separate.
v07-target-34f0c48ae7a078bd	synodal:candidate:00cc5610a092e18a0e9a9d40	ponomar-elizabeth-bible-2026-08-09	Lev.1.5	reviewed	synodal-russian	Reviewer confirmed the exact NFC whole-token Synodal source occurrence and printed orthography; the held-out passage is separate.
v07-target-3506bcc0116a7538	synodal:candidate:0c381766ef105678e8b5f98a	ponomar-elizabeth-bible-2026-08-09	II_Esdra.8.60	reviewed	synodal-russian	Reviewer confirmed the exact NFC whole-token Synodal source occurrence and printed orthography; the held-out passage is separate.
v07-target-3515c622e8ceaca2	synodal:candidate:02cea066d2e4c9813c8fc866	ponomar-elizabeth-bible-2026-08-09	Nehem.10.29	reviewed	synodal-russian	Reviewer confirmed the exact NFC whole-token Synodal source occurrence and printed orthography; the held-out passage is separate.
v07-target-351e0c55dd8cba1a	synodal:candidate:1227c00a5955db554eed54cb	ponomar-elizabeth-bible-2026-08-09	Psalm.103.18	reviewed	synodal-russian	Reviewer confirmed the exact NFC whole-token Synodal source occurrence and printed orthography; the held-out passage is separate.
v07-target-355aa1ddb0ea09bb	synodal:candidate:0a64562b7a9978224fb72463	ponomar-elizabeth-bible-2026-08-09	Judith.11.17	reviewed	synodal-russian	Reviewer confirmed the exact NFC whole-token Synodal source occurrence and printed orthography; the held-out passage is separate.
v07-target-35ea4f89552d456d	synodal:candidate:cf329eabbc2ce3bbddee22b7	ponomar-elizabeth-bible-2026-08-09	Hos.10.2	reviewed	synodal-russian	Reviewer confirmed the exact NFC whole-token Synodal source occurrence and printed orthography; the held-out passage is separate.
v07-target-369c5029dc48c8b3	synodal:candidate:0080e399289ab99b6f470560	ponomar-elizabeth-bible-2026-08-09	II_Paral.1.11	reviewed	synodal-russian	Reviewer confirmed the exact NFC whole-token Synodal source occurrence and printed orthography; the held-out passage is separate.
v07-target-36b4bd5611b66129	synodal:candidate:0182b351cd6288e332b85493	ponomar-elizabeth-bible-2026-08-09	Nahum.3.5	reviewed	synodal-russian	Reviewer confirmed the exact NFC whole-token Synodal source occurrence and printed orthography; the held-out passage is separate.
v07-target-36d69d6ddc9d54ae	synodal:candidate:0a86e04b2d285e3c98c2ad43	ponomar-elizabeth-bible-2026-08-09	IV_Kings.16.15	reviewed	synodal-russian	Reviewer confirmed the exact NFC whole-token Synodal source occurrence and printed orthography; the held-out passage is separate.
v07-target-37580f1cbc301cd2	synodal:candidate:00316288797b628f9c400fa1	ponomar-elizabeth-bible-2026-08-09	Nahum.3.11	reviewed	synodal-russian	Reviewer confirmed the exact NFC whole-token Synodal source occurrence and printed orthography; the held-out passage is separate.
v07-target-376e6f298b3f6f34	synodal:candidate:017c3754db43d9c7ed23fffc	ponomar-elizabeth-bible-2026-08-09	I_Macc.2.58	reviewed	synodal-russian	Reviewer confirmed the exact NFC whole-token Synodal source occurrence and printed orthography; the held-out passage is separate.
v07-target-3796a35bec838a97	synodal:candidate:033cffc116e9c04b3b1f7adc	ponomar-elizabeth-bible-2026-08-09	Lk.24.12	reviewed	synodal-russian	Reviewer confirmed the exact NFC whole-token Synodal source occurrence and printed orthography; the held-out passage is separate.
v07-target-38a3bec58a9a05ea	synodal:candidate:0310bc2be09823860debac59	ponomar-elizabeth-bible-2026-08-09	Joel.1.8	reviewed	synodal-russian	Reviewer confirmed the exact NFC whole-token Synodal source occurrence and printed orthography; the held-out passage is separate.
v07-target-3961d289c0751fef	synodal:candidate:0279c5a00302fde2cde4b971	ponomar-elizabeth-bible-2026-08-09	Jerem.19.5	reviewed	synodal-russian	Reviewer confirmed the exact NFC whole-token Synodal source occurrence and printed orthography; the held-out passage is separate.
v07-target-398a1ddaf67aefb6	synodal:candidate:0f9b4252b45893fac893c203	ponomar-elizabeth-bible-2026-08-09	Zeph.2.5	reviewed	synodal-russian	Reviewer confirmed the exact NFC whole-token Synodal source occurrence and printed orthography; the held-out passage is separate.
v07-target-39a3b43312531fd1	synodal:candidate:04dbd7a61634a8ab1fc49377	ponomar-elizabeth-bible-2026-08-09	Psalm.73.22	reviewed	synodal-russian	Reviewer confirmed the exact NFC whole-token Synodal source occurrence and printed orthography; the held-out passage is separate.
v07-target-3a31441562597354	synodal:candidate:005fc20259d4f718295c530c	ponomar-elizabeth-bible-2026-08-09	Sirach.19.2	reviewed	synodal-russian	Reviewer confirmed the exact NFC whole-token Synodal source occurrence and printed orthography; the held-out passage is separate.
v07-target-3b148df989c3aef8	synodal:candidate:3c86160fb310a6eb451f831e	ponomar-elizabeth-bible-2026-08-09	Wisd.14.27	reviewed	synodal-russian	Reviewer confirmed the exact NFC whole-token Synodal source occurrence and printed orthography; the held-out passage is separate.
v07-target-3b17abaaee74085a	synodal:candidate:07dfe84364d5f1526fdc8f0c	wikisource-church-slavonic-bible-2026-08-09	Acts.26.18	reviewed	synodal-russian	Reviewer confirmed the exact NFC whole-token Synodal source occurrence and printed orthography; the held-out passage is separate.
v07-target-3b1ac3af422355b7	synodal:candidate:0686de829d66ed3f2d1bb576	ponomar-elizabeth-bible-2026-08-09	Acts.20.4	reviewed	synodal-russian	Reviewer confirmed the exact NFC whole-token Synodal source occurrence and printed orthography; the held-out passage is separate.
v07-target-3b4fcf1de28355ba	synodal:candidate:0eaa5aa4757dd285f3aedad6	ponomar-elizabeth-bible-2026-08-09	II_Esdra.4.46	reviewed	synodal-russian	Reviewer confirmed the exact NFC whole-token Synodal source occurrence and printed orthography; the held-out passage is separate.
v07-target-3baa968b112dc431	synodal:candidate:01620bb7fe8fea49494ba6eb	ponomar-elizabeth-bible-2026-08-09	I_Kings.6.6	reviewed	synodal-russian	Reviewer confirmed the exact NFC whole-token Synodal source occurrence and printed orthography; the held-out passage is separate.
v07-target-3bf3764298b68d67	synodal:candidate:0cc3c81577dc85b8058a9ce3	ponomar-elizabeth-bible-2026-08-09	IV_Kings.8.5	reviewed	synodal-russian	Reviewer confirmed the exact NFC whole-token Synodal source occurrence and printed orthography; the held-out passage is separate.
v07-target-3c0432d59de2f524	synodal:candidate:063de62b6a29139bf88f5244	ponomar-elizabeth-bible-2026-08-09	II_Macc.8.16	reviewed	synodal-russian	Reviewer confirmed the exact NFC whole-token Synodal source occurrence and printed orthography; the held-out passage is separate.
v07-target-3ca9592350706413	synodal:candidate:0213aa22f53fc39be298ee38	ponomar-elizabeth-bible-2026-08-09	I_Esdra.5.12	reviewed	synodal-russian	Reviewer confirmed the exact NFC whole-token Synodal source occurrence and printed orthography; the held-out passage is separate.
v07-target-3d295b6a937882ce	synodal:candidate:3f92a629345cd2c3fe79b750	ponomar-elizabeth-bible-2026-08-09	Gen.36.6	reviewed	synodal-russian	Reviewer confirmed the exact NFC whole-token Synodal source occurrence and printed orthography; the held-out passage is separate.
v07-target-3d316faf7d9bf1ef	synodal:candidate:0e7adf68967d02478facf605	ponomar-elizabeth-bible-2026-08-09	Ezek.14.7	reviewed	synodal-russian	Reviewer confirmed the exact NFC whole-token Synodal source occurrence and printed orthography; the held-out passage is separate.
v07-target-3e2439372e41e344	synodal:candidate:1f88114e04c3b4c39d9f8c36	ponomar-elizabeth-bible-2026-08-09	Job.41.3	reviewed	synodal-russian	Reviewer confirmed the exact NFC whole-token Synodal source occurrence and printed orthography; the held-out passage is separate.
v07-target-3e5dd04c014a803c	synodal:candidate:0088d10ebb6d537b208dbb44	ponomar-elizabeth-bible-2026-08-09	Ex.15.21	reviewed	synodal-russian	Reviewer confirmed the exact NFC whole-token Synodal source occurrence and printed orthography; the held-out passage is separate.
v07-target-3e8545ef1c59b141	synodal:candidate:171678d9b76a270553e104ea	ponomar-elizabeth-bible-2026-08-09	Jerem.23.36	reviewed	synodal-russian	Reviewer confirmed the exact NFC whole-token Synodal source occurrence and printed orthography; the held-out passage is separate.
v07-target-3f2f7193be3c7b19	synodal:candidate:521e0593828d90f0426e15f2	ponomar-elizabeth-bible-2026-08-09	II_Kings.14.3	reviewed	synodal-russian	Reviewer confirmed the exact NFC whole-token Synodal source occurrence and printed orthography; the held-out passage is separate.
v07-target-3f50ee0c93383dc8	synodal:candidate:02b31f08f6a76cd6adb188e4	ponomar-elizabeth-bible-2026-08-09	Zech.8.21	reviewed	synodal-russian	Reviewer confirmed the exact NFC whole-token Synodal source occurrence and printed orthography; the held-out passage is separate.
v07-target-4017c267edceb8a7	synodal:candidate:0d136ec7d5bfdfdee1dff6b6	ponomar-elizabeth-bible-2026-08-09	III_Kings.13.25	reviewed	synodal-russian	Reviewer confirmed the exact NFC whole-token Synodal source occurrence and printed orthography; the held-out passage is separate.
v07-target-416b316e281c40f3	synodal:candidate:253792db11f2fe7ba537d4ff	ponomar-elizabeth-bible-2026-08-09	Judith.10.5	reviewed	synodal-russian	Reviewer confirmed the exact NFC whole-token Synodal source occurrence and printed orthography; the held-out passage is separate.
v07-target-41f42eeaa430a6bb	synodal:candidate:0e800ea1d33f231eb5dea180	ponomar-elizabeth-bible-2026-08-09	Psalm.143.9	reviewed	synodal-russian	Reviewer confirmed the exact NFC whole-token Synodal source occurrence and printed orthography; the held-out passage is separate.
v07-target-4208f7186e38e454	synodal:candidate:11ef688c93dc66550d5c3cbb	ponomar-elizabeth-bible-2026-08-09	III_Kings.18.5	reviewed	synodal-russian	Reviewer confirmed the exact NFC whole-token Synodal source occurrence and printed orthography; the held-out passage is separate.
v07-target-4241776bd210fc8b	synodal:candidate:5ff3d2ae7656cbee446a506f	ponomar-elizabeth-bible-2026-08-09	Lk.8.38	reviewed	synodal-russian	Reviewer confirmed the exact NFC whole-token Synodal source occurrence and printed orthography; the held-out passage is separate.
v07-target-42abb264b4effb46	synodal:candidate:039d17e0bcf5c1f8d57a8ae7	ponomar-elizabeth-bible-2026-08-09	Jerem.34.13	reviewed	synodal-russian	Reviewer confirmed the exact NFC whole-token Synodal source occurrence and printed orthography; the held-out passage is separate.
v07-target-42f034e1ab24317f	synodal:candidate:00131b0a786a3438a0803b16	ponomar-elizabeth-bible-2026-08-09	IV_Kings.17.4	reviewed	synodal-russian	Reviewer confirmed the exact NFC whole-token Synodal source occurrence and printed orthography; the held-out passage is separate.
v07-target-4326992b1b5e0476	synodal:candidate:033ab32f8e138c341e427a04	ponomar-elizabeth-bible-2026-08-09	Wisd.19.6	reviewed	synodal-russian	Reviewer confirmed the exact NFC whole-token Synodal source occurrence and printed orthography; the held-out passage is separate.
v07-target-436a7d7cfe442c2e	synodal:candidate:0f5c37fa190faaca63fe3a45	wikisource-church-slavonic-bible-2026-08-09	Psalm.71.4	reviewed	synodal-russian	Reviewer confirmed the exact NFC whole-token Synodal source occurrence and printed orthography; the held-out passage is separate.
v07-target-43b937410c97269d	synodal:candidate:037fe450ef7a050112751aa8	ponomar-elizabeth-bible-2026-08-09	I_Paral.29.22	reviewed	synodal-russian	Reviewer confirmed the exact NFC whole-token Synodal source occurrence and printed orthography; the held-out passage is separate.
v07-target-43fa1b77ed6db8b2	synodal:candidate:0b6759827a09e0b5d0bf7dca	ponomar-elizabeth-bible-2026-08-09	Apoc.20.1	reviewed	synodal-russian	Reviewer confirmed the exact NFC whole-token Synodal source occurrence and printed orthography; the held-out passage is separate.
v07-target-4466f92bcc822b05	synodal:candidate:356da25a56a0420f166fab32	ponomar-elizabeth-bible-2026-08-09	Num.30.5	reviewed	synodal-russian	Reviewer confirmed the exact NFC whole-token Synodal source occurrence and printed orthography; the held-out passage is separate.
v07-target-44990cc8c0c212a1	synodal:candidate:02f5a356f739d9133e1017e2	ponomar-elizabeth-bible-2026-08-09	Psalm.24.6	reviewed	synodal-russian	Reviewer confirmed the exact NFC whole-token Synodal source occurrence and printed orthography; the held-out passage is separate.
v07-target-44b67b1e0c0d7f8f	synodal:candidate:1101eae8122bad2ce03678eb	ponomar-elizabeth-bible-2026-08-09	Nehem.2.14	reviewed	synodal-russian	Reviewer confirmed the exact NFC whole-token Synodal source occurrence and printed orthography; the held-out passage is separate.
v07-target-4567b3671d2e57f4	synodal:candidate:3b51ca749492f400a16444a5	ponomar-elizabeth-bible-2026-08-09	Lamen.2.12	reviewed	synodal-russian	Reviewer confirmed the exact NFC whole-token Synodal source occurrence and printed orthography; the held-out passage is separate.
v07-target-467a06ba8cdcd035	synodal:candidate:0b9a214f6917338d119f955c	ponomar-elizabeth-bible-2026-08-09	Sirach.20.29	reviewed	synodal-russian	Reviewer confirmed the exact NFC whole-token Synodal source occurrence and printed orthography; the held-out passage is separate.
v07-target-46af18f0f4c18278	synodal:candidate:cbba6a0f7cbc4e4cbd9e70d2	ponomar-elizabeth-bible-2026-08-09	Baruch.3.35	reviewed	synodal-russian	Reviewer confirmed the exact NFC whole-token Synodal source occurrence and printed orthography; the held-out passage is separate.
v07-target-46e37df0f6201d1c	synodal:candidate:051d50a69de426fe09b7f8d2	ponomar-elizabeth-bible-2026-08-09	II_Kings.1.5	reviewed	synodal-russian	Reviewer confirmed the exact NFC whole-token Synodal source occurrence and printed orthography; the held-out passage is separate.
v07-target-46e4f63b4c655a17	synodal:candidate:00fb98f50ec12c6968e01d1a	ponomar-elizabeth-bible-2026-08-09	Lev.16.8	reviewed	synodal-russian	Reviewer confirmed the exact NFC whole-token Synodal source occurrence and printed orthography; the held-out passage is separate.
v07-target-46e7479b5cdffc90	synodal:candidate:02a3d1e17b1fdd94726e6bdc	ponomar-elizabeth-bible-2026-08-09	II_Paral.33.24	reviewed	synodal-russian	Reviewer confirmed the exact NFC whole-token Synodal source occurrence and printed orthography; the held-out passage is separate.
v07-target-4772dbb5f116615e	synodal:candidate:823c10a1db16ddd75fab05ba	ponomar-elizabeth-bible-2026-08-09	Psalm.34.24	reviewed	synodal-russian	Reviewer confirmed the exact NFC whole-token Synodal source occurrence and printed orthography; the held-out passage is separate.
v07-target-478937ddd2c9d166	synodal:candidate:3617854081c1013282eea90b	ponomar-elizabeth-bible-2026-08-09	Acts.18.11	reviewed	synodal-russian	Reviewer confirmed the exact NFC whole-token Synodal source occurrence and printed orthography; the held-out passage is separate.
v07-target-47a2e45bb80356ee	synodal:candidate:2f9078db8df0f7c91dd0c6f9	ponomar-elizabeth-bible-2026-08-09	Amos.4.10	reviewed	synodal-russian	Reviewer confirmed the exact NFC whole-token Synodal source occurrence and printed orthography; the held-out passage is separate.
v07-target-481be97f6e39ed30	synodal:candidate:040148e72a208579d2591f03	ponomar-elizabeth-bible-2026-08-09	Jerem.43.13	reviewed	synodal-russian	Reviewer confirmed the exact NFC whole-token Synodal source occurrence and printed orthography; the held-out passage is separate.
v07-target-483aba3189aa29c2	synodal:candidate:12383721f9dc4e8beea9a180	ponomar-elizabeth-bible-2026-08-09	Deut.27.13	reviewed	synodal-russian	Reviewer confirmed the exact NFC whole-token Synodal source occurrence and printed orthography; the held-out passage is separate.
v07-target-485e7106dc5aa3c5	synodal:candidate:00cf0f87aa081eeb8da4ba48	ponomar-elizabeth-bible-2026-08-09	Habak.2.19	reviewed	synodal-russian	Reviewer confirmed the exact NFC whole-token Synodal source occurrence and printed orthography; the held-out passage is separate.
v07-target-48674ece50c5d297	synodal:candidate:3dadb6b69d5faa5ddd316cf7	ponomar-elizabeth-bible-2026-08-09	Esther.9.20	reviewed	synodal-russian	Reviewer confirmed the exact NFC whole-token Synodal source occurrence and printed orthography; the held-out passage is separate.
v07-target-48bb3a8bf30eec95	synodal:candidate:6ddfe785488e128636a9c8ad	ponomar-elizabeth-bible-2026-08-09	Psalm.39.10	reviewed	synodal-russian	Reviewer confirmed the exact NFC whole-token Synodal source occurrence and printed orthography; the held-out passage is separate.
v07-target-48f91b64d7b03c99	synodal:candidate:003ab8ee8c54a273ef26ea45	ponomar-elizabeth-bible-2026-08-09	Ex.40.38	reviewed	synodal-russian	Reviewer confirmed the exact NFC whole-token Synodal source occurrence and printed orthography; the held-out passage is separate.
v07-target-490a3f1acb50434b	synodal:candidate:055f62fa46b8de87c7bc5dcb	ponomar-elizabeth-bible-2026-08-09	Dan.2.45	reviewed	synodal-russian	Reviewer confirmed the exact NFC whole-token Synodal source occurrence and printed orthography; the held-out passage is separate.
v07-target-49743b055570de6b	synodal:candidate:0b7c178437ed04ff7bf94691	wikisource-church-slavonic-bible-2026-08-09	Mt.28.7	reviewed	synodal-russian	Reviewer confirmed the exact NFC whole-token Synodal source occurrence and printed orthography; the held-out passage is separate.
v07-target-49759d23a5cc9b95	synodal:candidate:29d93ebdfd3242550ddc288c	ponomar-elizabeth-bible-2026-08-09	Prov.27.10	reviewed	synodal-russian	Reviewer confirmed the exact NFC whole-token Synodal source occurrence and printed orthography; the held-out passage is separate.
v07-target-49b7e01743ff9084	synodal:candidate:0fa7f9ec8607fea71c02a7a1	ponomar-elizabeth-bible-2026-08-09	Gen.30.16	reviewed	synodal-russian	Reviewer confirmed the exact NFC whole-token Synodal source occurrence and printed orthography; the held-out passage is separate.
v07-target-4a057351f17c5e0b	synodal:candidate:08812235254550b78b50ffdf	ponomar-elizabeth-bible-2026-08-09	III_Macc.5.28	reviewed	synodal-russian	Reviewer confirmed the exact NFC whole-token Synodal source occurrence and printed orthography; the held-out passage is separate.
v07-target-4a2bf05a965a09a5	synodal:candidate:5ecd4732c2b2ab74b3509743	ponomar-elizabeth-bible-2026-08-09	Job.8.8	reviewed	synodal-russian	Reviewer confirmed the exact NFC whole-token Synodal source occurrence and printed orthography; the held-out passage is separate.
v07-target-4a6194fb86770438	synodal:candidate:12cc756fdf8e23ad700d9772	ponomar-elizabeth-bible-2026-08-09	Num.28.5	reviewed	synodal-russian	Reviewer confirmed the exact NFC whole-token Synodal source occurrence and printed orthography; the held-out passage is separate.
v07-target-4aaf78258c47aaa8	synodal:candidate:4b104ca8f99506b5a91e893e	ponomar-elizabeth-bible-2026-08-09	Rom.14.5	reviewed	synodal-russian	Reviewer confirmed the exact NFC whole-token Synodal source occurrence and printed orthography; the held-out passage is separate.
v07-target-4acaaa8ee278feb7	synodal:candidate:12293dd6d9700467de687571	ponomar-elizabeth-bible-2026-08-09	Gen.44.9	reviewed	synodal-russian	Reviewer confirmed the exact NFC whole-token Synodal source occurrence and printed orthography; the held-out passage is separate.
v07-target-4adebaa942394254	synodal:candidate:1a2334dec54b52e3e2a28480	ponomar-elizabeth-bible-2026-08-09	Song.3.3	reviewed	synodal-russian	Reviewer confirmed the exact NFC whole-token Synodal source occurrence and printed orthography; the held-out passage is separate.
v07-target-4b1bdae12b19ba46	synodal:candidate:15587759c0807cafcd601ebf	ponomar-elizabeth-bible-2026-08-09	Apoc.12.5	reviewed	synodal-russian	Reviewer confirmed the exact NFC whole-token Synodal source occurrence and printed orthography; the held-out passage is separate.
v07-target-4b1ece2fe89a870c	synodal:candidate:009ac5ea14805a8c1e34d924	ponomar-elizabeth-bible-2026-08-09	Dan.5.3	reviewed	synodal-russian	Reviewer confirmed the exact NFC whole-token Synodal source occurrence and printed orthography; the held-out passage is separate.
v07-target-4b639cb1fe7cac87	synodal:candidate:00b4508c93c2ac4707b83363	ponomar-elizabeth-bible-2026-08-09	Job.11.6	reviewed	synodal-russian	Reviewer confirmed the exact NFC whole-token Synodal source occurrence and printed orthography; the held-out passage is separate.
v07-target-4b7b08d41c80977f	synodal:candidate:914f49dd1c142e447ff5ac54	ponomar-elizabeth-bible-2026-08-09	Mt.20.8	reviewed	synodal-russian	Reviewer confirmed the exact NFC whole-token Synodal source occurrence and printed orthography; the held-out passage is separate.
v07-target-4b8309e96ba9807d	synodal:candidate:1fff255323e959339890e74a	ponomar-elizabeth-bible-2026-08-09	Mt.24.14	reviewed	synodal-russian	Reviewer confirmed the exact NFC whole-token Synodal source occurrence and printed orthography; the held-out passage is separate.
v07-target-4c2f033b7bbd146f	synodal:candidate:1787da11c25554c15731486c	ponomar-elizabeth-bible-2026-08-09	Josh.8.29	reviewed	synodal-russian	Reviewer confirmed the exact NFC whole-token Synodal source occurrence and printed orthography; the held-out passage is separate.
v07-target-4c432561cf17c79a	synodal:candidate:7650e6f307eb43600e648102	wikisource-church-slavonic-bible-2026-08-09	Rom.8.21	reviewed	synodal-russian	Reviewer confirmed the exact NFC whole-token Synodal source occurrence and printed orthography; the held-out passage is separate.
v07-target-4d0363ae26a2b519	synodal:candidate:0a1006a55f60fca12a2af5b7	ponomar-elizabeth-bible-2026-08-09	Jerem.31.2	reviewed	synodal-russian	Reviewer confirmed the exact NFC whole-token Synodal source occurrence and printed orthography; the held-out passage is separate.
v07-target-4d78ee5151647719	synodal:candidate:2be4645f8a5ca037c9c8d8bc	ponomar-elizabeth-bible-2026-08-09	III_Esdra.3.16	reviewed	synodal-russian	Reviewer confirmed the exact NFC whole-token Synodal source occurrence and printed orthography; the held-out passage is separate.
v07-target-4dc460492be016c4	synodal:candidate:0182b351cd6288e332b85493	ponomar-elizabeth-bible-2026-08-09	Nahum.3.5	reviewed	synodal-russian	Reviewer confirmed the exact NFC whole-token Synodal source occurrence and printed orthography; the held-out passage is separate.
v07-target-4de1a918817b39a7	synodal:candidate:19d5b781b031b05bc4a67028	ponomar-elizabeth-bible-2026-08-09	Nehem.2.15	reviewed	synodal-russian	Reviewer confirmed the exact NFC whole-token Synodal source occurrence and printed orthography; the held-out passage is separate.
v07-target-4e19e3948b0f9458	synodal:candidate:12ce46f217ad39483d730cf3	ponomar-elizabeth-bible-2026-08-09	Deut.22.6	reviewed	synodal-russian	Reviewer confirmed the exact NFC whole-token Synodal source occurrence and printed orthography; the held-out passage is separate.
v07-target-4e99aa775b156475	synodal:candidate:1841dd2b268a4c2d0e8ef3d6	ponomar-elizabeth-bible-2026-08-09	II_Cor.2.4	reviewed	synodal-russian	Reviewer confirmed the exact NFC whole-token Synodal source occurrence and printed orthography; the held-out passage is separate.
v07-target-4e9c46f6ccd3799d	synodal:candidate:0be0b415202c97f23d826eb0	ponomar-elizabeth-bible-2026-08-09	Gen.34.31	reviewed	synodal-russian	Reviewer confirmed the exact NFC whole-token Synodal source occurrence and printed orthography; the held-out passage is separate.
v07-target-4ec474f63c220cf8	synodal:candidate:003fbc74b03b813dfccace35	ponomar-elizabeth-bible-2026-08-09	Judg.8.17	reviewed	synodal-russian	Reviewer confirmed the exact NFC whole-token Synodal source occurrence and printed orthography; the held-out passage is separate.
v07-target-4ecfecc4d313e582	synodal:candidate:05451ea1f347f6f2ee113342	wikisource-church-slavonic-bible-2026-08-09	Gen.37.27	reviewed	synodal-russian	Reviewer confirmed the exact NFC whole-token Synodal source occurrence and printed orthography; the held-out passage is separate.
v07-target-4f17d5acd5b2373b	synodal:candidate:fc75f8a0e4352c00b7a622eb	ponomar-elizabeth-bible-2026-08-09	Psalm.47.7	reviewed	synodal-russian	Reviewer confirmed the exact NFC whole-token Synodal source occurrence and printed orthography; the held-out passage is separate.
v07-target-4f62d6256911dcf3	synodal:candidate:05cf7c12af5ab1579889a644	ponomar-elizabeth-bible-2026-08-09	Deut.2.6	reviewed	synodal-russian	Reviewer confirmed the exact NFC whole-token Synodal source occurrence and printed orthography; the held-out passage is separate.
v07-target-4fe3c4cdfc47c318	synodal:candidate:0435fd0e83c58da9cc3769e2	ponomar-elizabeth-bible-2026-08-09	Rom.7.7	reviewed	synodal-russian	Reviewer confirmed the exact NFC whole-token Synodal source occurrence and printed orthography; the held-out passage is separate.
v07-target-505c55f838a0d401	synodal:candidate:0570209fc9b59556a24f66ab	ponomar-elizabeth-bible-2026-08-09	Ex.6.11	reviewed	synodal-russian	Reviewer confirmed the exact NFC whole-token Synodal source occurrence and printed orthography; the held-out passage is separate.
v07-target-50842a193583091c	synodal:candidate:0aa70c4f3c0ccfe0703008d6	ponomar-elizabeth-bible-2026-08-09	Mk.13.19	reviewed	synodal-russian	Reviewer confirmed the exact NFC whole-token Synodal source occurrence and printed orthography; the held-out passage is separate.
v07-target-50b3e627fd27943e	synodal:candidate:152875c15f543517fda613a6	ponomar-elizabeth-bible-2026-08-09	Acts.27.2	reviewed	synodal-russian	Reviewer confirmed the exact NFC whole-token Synodal source occurrence and printed orthography; the held-out passage is separate.
v07-target-5111e6bc852f7fa3	synodal:candidate:0427ab468a50d691c6a3ac58	ponomar-elizabeth-bible-2026-08-09	Isa.30.16	reviewed	synodal-russian	Reviewer confirmed the exact NFC whole-token Synodal source occurrence and printed orthography; the held-out passage is separate.
v07-target-512b8c653f41b97e	synodal:candidate:0e1363939149c07076e6c700	ponomar-elizabeth-bible-2026-08-09	III_Kings.7.2	reviewed	synodal-russian	Reviewer confirmed the exact NFC whole-token Synodal source occurrence and printed orthography; the held-out passage is separate.
v07-target-518fa60d02bddf49	synodal:candidate:0bce6dee725a092fd4fe39c1	ponomar-elizabeth-bible-2026-08-09	Prov.7.18	reviewed	synodal-russian	Reviewer confirmed the exact NFC whole-token Synodal source occurrence and printed orthography; the held-out passage is separate.
v07-target-5239a98bc9db529c	synodal:candidate:01d4fddbcfc3dd48abc341dd	ponomar-elizabeth-bible-2026-08-09	II_Macc.9.2	reviewed	synodal-russian	Reviewer confirmed the exact NFC whole-token Synodal source occurrence and printed orthography; the held-out passage is separate.
v07-target-530c1390792aff29	synodal:candidate:00131b0a786a3438a0803b16	ponomar-elizabeth-bible-2026-08-09	IV_Kings.17.4	reviewed	synodal-russian	Reviewer confirmed the exact NFC whole-token Synodal source occurrence and printed orthography; the held-out passage is separate.
v07-target-5312aac3b3cef480	synodal:candidate:1435faec0ced99db0499bbf8	ponomar-elizabeth-bible-2026-08-09	Isa.30.2	reviewed	synodal-russian	Reviewer confirmed the exact NFC whole-token Synodal source occurrence and printed orthography; the held-out passage is separate.
v07-target-53ba31d192762fb0	synodal:candidate:7b46cc6e5a2ac0ddc21e9e28	ponomar-elizabeth-bible-2026-08-09	Lev.2.11	reviewed	synodal-russian	Reviewer confirmed the exact NFC whole-token Synodal source occurrence and printed orthography; the held-out passage is separate.
v07-target-53d9cf757dbe5db8	synodal:candidate:174aa90bf684b37e5ca42800	ponomar-elizabeth-bible-2026-08-09	II_Paral.25.8	reviewed	synodal-russian	Reviewer confirmed the exact NFC whole-token Synodal source occurrence and printed orthography; the held-out passage is separate.
v07-target-543773788e32babe	synodal:candidate:14013404b960f3895d8fa540	ponomar-elizabeth-bible-2026-08-09	Prov.11.26	reviewed	synodal-russian	Reviewer confirmed the exact NFC whole-token Synodal source occurrence and printed orthography; the held-out passage is separate.
v07-target-544cc8d87d4ca8fe	synodal:candidate:5b4b2c1176ac0e33bb8fefda	ponomar-elizabeth-bible-2026-08-09	Jn.18.8	reviewed	synodal-russian	Reviewer confirmed the exact NFC whole-token Synodal source occurrence and printed orthography; the held-out passage is separate.
v07-target-545f5e76286a7ea0	synodal:candidate:013da886a4bef19ce3848f75	ponomar-elizabeth-bible-2026-08-09	Sirach.43.6	reviewed	synodal-russian	Reviewer confirmed the exact NFC whole-token Synodal source occurrence and printed orthography; the held-out passage is separate.
v07-target-557074a689738df7	synodal:candidate:d64f48b0237ea925e1cba1ba	ponomar-elizabeth-bible-2026-08-09	Heb.10.29	reviewed	synodal-russian	Reviewer confirmed the exact NFC whole-token Synodal source occurrence and printed orthography; the held-out passage is separate.
v07-target-55def2d4245acd80	synodal:candidate:2e46942f54ad5da43387110e	ponomar-elizabeth-bible-2026-08-09	Psalm.88.47	reviewed	synodal-russian	Reviewer confirmed the exact NFC whole-token Synodal source occurrence and printed orthography; the held-out passage is separate.
v07-target-55df62eae946b339	synodal:candidate:1cb0c64d4848e2b1cd042f19	ponomar-elizabeth-bible-2026-08-09	Isa.47.2	reviewed	synodal-russian	Reviewer confirmed the exact NFC whole-token Synodal source occurrence and printed orthography; the held-out passage is separate.
v07-target-55e76fecb7f767c3	synodal:candidate:0841de5d90927c7352d46d78	ponomar-elizabeth-bible-2026-08-09	Job.24.6	reviewed	synodal-russian	Reviewer confirmed the exact NFC whole-token Synodal source occurrence and printed orthography; the held-out passage is separate.
v07-target-55f1efb4ffcc26ea	synodal:candidate:47b2913eee8e9ed828a60174	ponomar-elizabeth-bible-2026-08-09	Nehem.5.19	reviewed	synodal-russian	Reviewer confirmed the exact NFC whole-token Synodal source occurrence and printed orthography; the held-out passage is separate.
v07-target-5664acd14076fc63	synodal:candidate:0b702bbff7ac057e2fec41ad	ponomar-elizabeth-bible-2026-08-09	Ex.19.17	reviewed	synodal-russian	Reviewer confirmed the exact NFC whole-token Synodal source occurrence and printed orthography; the held-out passage is separate.
v07-target-566d61357bd065bd	synodal:candidate:1badf281a932f1a6dc04f4ff	ponomar-elizabeth-bible-2026-08-09	Psalm.118.96	reviewed	synodal-russian	Reviewer confirmed the exact NFC whole-token Synodal source occurrence and printed orthography; the held-out passage is separate.
v07-target-56a4e473703a672d	synodal:candidate:a7525c1eb8c59fad5af494e4	ponomar-elizabeth-bible-2026-08-09	Rom.2.9	reviewed	synodal-russian	Reviewer confirmed the exact NFC whole-token Synodal source occurrence and printed orthography; the held-out passage is separate.
v07-target-5741d4e9790629f8	synodal:candidate:0d87912d60803614f0096c62	ponomar-elizabeth-bible-2026-08-09	I_Cor.9.9	reviewed	synodal-russian	Reviewer confirmed the exact NFC whole-token Synodal source occurrence and printed orthography; the held-out passage is separate.
v07-target-57b9b96cef7c9150	synodal:candidate:04aac03006f23f6c083d17c0	ponomar-elizabeth-bible-2026-08-09	Lk.14.22	reviewed	synodal-russian	Reviewer confirmed the exact NFC whole-token Synodal source occurrence and printed orthography; the held-out passage is separate.
v07-target-57f53047b4a9943f	synodal:candidate:0508932faaf1a0b3dad00b60	ponomar-elizabeth-bible-2026-08-09	Num.21.11	reviewed	synodal-russian	Reviewer confirmed the exact NFC whole-token Synodal source occurrence and printed orthography; the held-out passage is separate.
v07-target-581e435dbdf0ce65	synodal:candidate:01aefa6ab9d22cc8c84af8bc	ponomar-elizabeth-bible-2026-08-09	II_Macc.7.22	reviewed	synodal-russian	Reviewer confirmed the exact NFC whole-token Synodal source occurrence and printed orthography; the held-out passage is separate.
v07-target-5823f982afc9561d	synodal:candidate:1c9036d6b21ed25938ef1662	ponomar-elizabeth-bible-2026-08-09	Deut.10.2	reviewed	synodal-russian	Reviewer confirmed the exact NFC whole-token Synodal source occurrence and printed orthography; the held-out passage is separate.
v07-target-58c71670008ac660	synodal:candidate:03f3149feb4fb4fae2f9744a	ponomar-elizabeth-bible-2026-08-09	Apoc.16.12	reviewed	synodal-russian	Reviewer confirmed the exact NFC whole-token Synodal source occurrence and printed orthography; the held-out passage is separate.
v07-target-5948bbd83a9ccfac	synodal:candidate:01655fa8acbcf5953d4390f8	ponomar-elizabeth-bible-2026-08-09	Num.7.45	reviewed	synodal-russian	Reviewer confirmed the exact NFC whole-token Synodal source occurrence and printed orthography; the held-out passage is separate.
v07-target-5966ffcee3e35ee8	synodal:candidate:6a7425d813a275125122a7c3	ponomar-elizabeth-bible-2026-08-09	Mk.10.28	reviewed	synodal-russian	Reviewer confirmed the exact NFC whole-token Synodal source occurrence and printed orthography; the held-out passage is separate.
v07-target-598a188ee7e09c34	synodal:candidate:0cc3c81577dc85b8058a9ce3	ponomar-elizabeth-bible-2026-08-09	IV_Kings.8.5	reviewed	synodal-russian	Reviewer confirmed the exact NFC whole-token Synodal source occurrence and printed orthography; the held-out passage is separate.
v07-target-5b5bf40aedb7192f	synodal:candidate:0e04054c6c62acca47dfce82	ponomar-elizabeth-bible-2026-08-09	II_Paral.23.17	reviewed	synodal-russian	Reviewer confirmed the exact NFC whole-token Synodal source occurrence and printed orthography; the held-out passage is separate.
v07-target-5b6f5941f2a006f8	synodal:candidate:01a01b30fedb830f2b85f02f	ponomar-elizabeth-bible-2026-08-09	Wisd.12.18	reviewed	synodal-russian	Reviewer confirmed the exact NFC whole-token Synodal source occurrence and printed orthography; the held-out passage is separate.
v07-target-5bfd36539b4e38ad	synodal:candidate:24d617ecc6a76801690b24e8	ponomar-elizabeth-bible-2026-08-09	IV_Kings.15.37	reviewed	synodal-russian	Reviewer confirmed the exact NFC whole-token Synodal source occurrence and printed orthography; the held-out passage is separate.
v07-target-5c10c3fdbf686f6f	synodal:candidate:6b6326bba880500d896a6b27	ponomar-elizabeth-bible-2026-08-09	II_Paral.26.9	reviewed	synodal-russian	Reviewer confirmed the exact NFC whole-token Synodal source occurrence and printed orthography; the held-out passage is separate.
v07-target-5c56dc2dda31b60c	synodal:candidate:0f13037b07f2096f92202532	ponomar-elizabeth-bible-2026-08-09	Rom.2.7	reviewed	synodal-russian	Reviewer confirmed the exact NFC whole-token Synodal source occurrence and printed orthography; the held-out passage is separate.
v07-target-5cc67231fe6f9a48	synodal:candidate:01fa4a98749607766794205d	ponomar-elizabeth-bible-2026-08-09	III_Esdra.12.2	reviewed	synodal-russian	Reviewer confirmed the exact NFC whole-token Synodal source occurrence and printed orthography; the held-out passage is separate.
v07-target-5ccfc40acbf3c542	synodal:candidate:026d225868bf4b98df20197a	ponomar-elizabeth-bible-2026-08-09	Ex.30.10	reviewed	synodal-russian	Reviewer confirmed the exact NFC whole-token Synodal source occurrence and printed orthography; the held-out passage is separate.
v07-target-5d28622adb3e7f27	synodal:candidate:054ec1a8d3bed44fcd8fbdee	ponomar-elizabeth-bible-2026-08-09	Gen.31.46	reviewed	synodal-russian	Reviewer confirmed the exact NFC whole-token Synodal source occurrence and printed orthography; the held-out passage is separate.
v07-target-5d49fddd935c46e5	synodal:candidate:02d22ccd7a8f93d7bbfc763b	ponomar-elizabeth-bible-2026-08-09	II_Cor.2.8	reviewed	synodal-russian	Reviewer confirmed the exact NFC whole-token Synodal source occurrence and printed orthography; the held-out passage is separate.
v07-target-5d6133a20e99a3ab	synodal:candidate:c96fefa4129bf401f4d06bd5	ponomar-elizabeth-bible-2026-08-09	Jerem.50.6	reviewed	synodal-russian	Reviewer confirmed the exact NFC whole-token Synodal source occurrence and printed orthography; the held-out passage is separate.
v07-target-5dea53293b19d556	synodal:candidate:0a19de4ecffd2a5915e13292	ponomar-elizabeth-bible-2026-08-09	Lev.25.22	reviewed	synodal-russian	Reviewer confirmed the exact NFC whole-token Synodal source occurrence and printed orthography; the held-out passage is separate.
v07-target-5e81ba26b63df313	synodal:candidate:09bcbb35d7919c08ebc54764	wikisource-church-slavonic-bible-2026-08-09	Nehem.8.3	reviewed	synodal-russian	Reviewer confirmed the exact NFC whole-token Synodal source occurrence and printed orthography; the held-out passage is separate.
v07-target-5ff3c146f2a2380d	synodal:candidate:0d9fbe987b23aa0fd1fb5871	ponomar-elizabeth-bible-2026-08-09	Gen.9.17	reviewed	synodal-russian	Reviewer confirmed the exact NFC whole-token Synodal source occurrence and printed orthography; the held-out passage is separate.
v07-target-6032b524ce431354	synodal:candidate:bceca7894018c95a477d23d1	ponomar-elizabeth-bible-2026-08-09	Psalm.118.20	reviewed	synodal-russian	Reviewer confirmed the exact NFC whole-token Synodal source occurrence and printed orthography; the held-out passage is separate.
v07-target-60a58ec54e504d52	synodal:candidate:0080e399289ab99b6f470560	ponomar-elizabeth-bible-2026-08-09	II_Paral.1.11	reviewed	synodal-russian	Reviewer confirmed the exact NFC whole-token Synodal source occurrence and printed orthography; the held-out passage is separate.
v07-target-614842544c13d3be	synodal:candidate:00ac065bd0d4173bdae5b8ad	ponomar-elizabeth-bible-2026-08-09	III_Esdra.8.12	reviewed	synodal-russian	Reviewer confirmed the exact NFC whole-token Synodal source occurrence and printed orthography; the held-out passage is separate.
v07-target-61564423cf789468	synodal:candidate:032a6942f2ef6edda57ebd78	ponomar-elizabeth-bible-2026-08-09	Gen.13.16	reviewed	synodal-russian	Reviewer confirmed the exact NFC whole-token Synodal source occurrence and printed orthography; the held-out passage is separate.
v07-target-6171271f654322dc	synodal:candidate:019971d189809d7da05b88a6	ponomar-elizabeth-bible-2026-08-09	Dan.3.21	reviewed	synodal-russian	Reviewer confirmed the exact NFC whole-token Synodal source occurrence and printed orthography; the held-out passage is separate.
v07-target-61d8648634d6029f	synodal:candidate:210539901768be7db3b25946	ponomar-elizabeth-bible-2026-08-09	Isa.19.11	reviewed	synodal-russian	Reviewer confirmed the exact NFC whole-token Synodal source occurrence and printed orthography; the held-out passage is separate.
v07-target-61f1c045b7873d7c	synodal:candidate:101fe1cc50b059393fffd5b8	ponomar-elizabeth-bible-2026-08-09	I_Kings.9.24	reviewed	synodal-russian	Reviewer confirmed the exact NFC whole-token Synodal source occurrence and printed orthography; the held-out passage is separate.
v07-target-62622740f6368726	synodal:candidate:2bc6e07baee9cd518374d756	ponomar-elizabeth-bible-2026-08-09	Psalm.77.6	reviewed	synodal-russian	Reviewer confirmed the exact NFC whole-token Synodal source occurrence and printed orthography; the held-out passage is separate.
v07-target-62d85552a1bd3ba7	synodal:candidate:7e6168de63093862c186d780	ponomar-elizabeth-bible-2026-08-09	Sirach.14.20	reviewed	synodal-russian	Reviewer confirmed the exact NFC whole-token Synodal source occurrence and printed orthography; the held-out passage is separate.
v07-target-63c8753f6f980895	synodal:candidate:03a315be23eb64fabf6446e0	ponomar-elizabeth-bible-2026-08-09	Jude.1.15	reviewed	synodal-russian	Reviewer confirmed the exact NFC whole-token Synodal source occurrence and printed orthography; the held-out passage is separate.
v07-target-656e21933c1c3fb7	synodal:candidate:063de62b6a29139bf88f5244	ponomar-elizabeth-bible-2026-08-09	II_Macc.8.16	reviewed	synodal-russian	Reviewer confirmed the exact NFC whole-token Synodal source occurrence and printed orthography; the held-out passage is separate.
v07-target-66373e54684b02ed	synodal:candidate:0373499c406df64626cdffd0	ponomar-elizabeth-bible-2026-08-09	Wisd.3.13	reviewed	synodal-russian	Reviewer confirmed the exact NFC whole-token Synodal source occurrence and printed orthography; the held-out passage is separate.
v07-target-666308e9eb2c8eb2	synodal:candidate:0310bc2be09823860debac59	ponomar-elizabeth-bible-2026-08-09	Joel.1.8	reviewed	synodal-russian	Reviewer confirmed the exact NFC whole-token Synodal source occurrence and printed orthography; the held-out passage is separate.
v07-target-667c991bb0cfac6c	synodal:candidate:0dc8e34e2508a6d541e01d6e	ponomar-elizabeth-bible-2026-08-09	II_Kings.12.13	reviewed	synodal-russian	Reviewer confirmed the exact NFC whole-token Synodal source occurrence and printed orthography; the held-out passage is separate.
v07-target-672a940019cc9d17	synodal:candidate:51d4a46432b8d4fd79aeb27c	ponomar-elizabeth-bible-2026-08-09	I_Cor.5.9	reviewed	synodal-russian	Reviewer confirmed the exact NFC whole-token Synodal source occurrence and printed orthography; the held-out passage is separate.
v07-target-677d0159961e83da	synodal:candidate:0ad2f00c8d3902c989729996	ponomar-elizabeth-bible-2026-08-09	Jerem.28.14	reviewed	synodal-russian	Reviewer confirmed the exact NFC whole-token Synodal source occurrence and printed orthography; the held-out passage is separate.
v07-target-68509df891321199	synodal:candidate:00c3342ddf9e7a71281971cf	ponomar-elizabeth-bible-2026-08-09	Acts.21.18	reviewed	synodal-russian	Reviewer confirmed the exact NFC whole-token Synodal source occurrence and printed orthography; the held-out passage is separate.
v07-target-68ce3062890bf24f	synodal:candidate:073719ccee472874d8e2e435	ponomar-elizabeth-bible-2026-08-09	Psalm.15.1	reviewed	synodal-russian	Reviewer confirmed the exact NFC whole-token Synodal source occurrence and printed orthography; the held-out passage is separate.
v07-target-6a1eef6942396806	synodal:candidate:c3e2951ad7c1188f952c6f7e	ponomar-elizabeth-bible-2026-08-09	Wisd.15.4	reviewed	synodal-russian	Reviewer confirmed the exact NFC whole-token Synodal source occurrence and printed orthography; the held-out passage is separate.
v07-target-6aa0050c5b2f2aba	synodal:candidate:33356de5c8715f597acef8c3	ponomar-elizabeth-bible-2026-08-09	Psalm.6.2	reviewed	synodal-russian	Reviewer confirmed the exact NFC whole-token Synodal source occurrence and printed orthography; the held-out passage is separate.
v07-target-6b17a56111dae2d6	synodal:candidate:0316b9a0230af9684c09977c	ponomar-elizabeth-bible-2026-08-09	Job.3.16	reviewed	synodal-russian	Reviewer confirmed the exact NFC whole-token Synodal source occurrence and printed orthography; the held-out passage is separate.
v07-target-6b78cb4a3a53e1e4	synodal:candidate:08eaef71cfd9bb7617103c02	ponomar-elizabeth-bible-2026-08-09	Mt.23.33	reviewed	synodal-russian	Reviewer confirmed the exact NFC whole-token Synodal source occurrence and printed orthography; the held-out passage is separate.
v07-target-6c12045c422baba7	synodal:candidate:27c69b205e208ee123bad94d	ponomar-elizabeth-bible-2026-08-09	Psalm.123.7	reviewed	synodal-russian	Reviewer confirmed the exact NFC whole-token Synodal source occurrence and printed orthography; the held-out passage is separate.
v07-target-6c12a4b324c4156f	synodal:candidate:019b2f7e83b5d922763d0040	ponomar-elizabeth-bible-2026-08-09	Isa.26.6	reviewed	synodal-russian	Reviewer confirmed the exact NFC whole-token Synodal source occurrence and printed orthography; the held-out passage is separate.
v07-target-6c48c1e54bae4f0e	synodal:candidate:053c1bb1aefe37f25997ea9c	ponomar-elizabeth-bible-2026-08-09	II_Kings.5.10	reviewed	synodal-russian	Reviewer confirmed the exact NFC whole-token Synodal source occurrence and printed orthography; the held-out passage is separate.
v07-target-6cb6603cb48be2d1	synodal:candidate:059d3e3e88db0b1aa909931c	ponomar-elizabeth-bible-2026-08-09	Heb.9.9	reviewed	synodal-russian	Reviewer confirmed the exact NFC whole-token Synodal source occurrence and printed orthography; the held-out passage is separate.
v07-target-6ce95f4429945c26	synodal:candidate:17067d22ce41230cf0adc8a3	ponomar-elizabeth-bible-2026-08-09	Isa.8.1	reviewed	synodal-russian	Reviewer confirmed the exact NFC whole-token Synodal source occurrence and printed orthography; the held-out passage is separate.
v07-target-6d752193d6b49439	synodal:candidate:58e07737bb320fb66f6237d2	wikisource-church-slavonic-bible-2026-08-09	II_Paral.18.12	reviewed	synodal-russian	Reviewer confirmed the exact NFC whole-token Synodal source occurrence and printed orthography; the held-out passage is separate.
v07-target-6dce8165e58fba44	synodal:candidate:337f9ce48fd1efc73883441e	ponomar-elizabeth-bible-2026-08-09	Lev.8.17	reviewed	synodal-russian	Reviewer confirmed the exact NFC whole-token Synodal source occurrence and printed orthography; the held-out passage is separate.
v07-target-6e07ecf4f48b8921	synodal:candidate:026cf78829fc4e133bcac710	ponomar-elizabeth-bible-2026-08-09	Ezek.44.14	reviewed	synodal-russian	Reviewer confirmed the exact NFC whole-token Synodal source occurrence and printed orthography; the held-out passage is separate.
v07-target-6e9bce6a1aa91c4c	synodal:candidate:04488d43bfec44154c5ed3da	ponomar-elizabeth-bible-2026-08-09	Acts.19.35	reviewed	synodal-russian	Reviewer confirmed the exact NFC whole-token Synodal source occurrence and printed orthography; the held-out passage is separate.
v07-target-6ed8788680fc37bd	synodal:candidate:089c154ef861c52f8e72012a	ponomar-elizabeth-bible-2026-08-09	Ex.29.21	reviewed	synodal-russian	Reviewer confirmed the exact NFC whole-token Synodal source occurrence and printed orthography; the held-out passage is separate.
v07-target-6edfba035b4d9ec7	synodal:candidate:3aab6c0513db1c1dfce9b35d	ponomar-elizabeth-bible-2026-08-09	Ezek.16.13	reviewed	synodal-russian	Reviewer confirmed the exact NFC whole-token Synodal source occurrence and printed orthography; the held-out passage is separate.
v07-target-6fbf1b39def212ab	synodal:candidate:04baafc8625fe39c88b16d8b	ponomar-elizabeth-bible-2026-08-09	Acts.5.23	reviewed	synodal-russian	Reviewer confirmed the exact NFC whole-token Synodal source occurrence and printed orthography; the held-out passage is separate.
v07-target-6fdf0214b98fa9a0	synodal:candidate:04e74cbbf15debd7c5962ac0	wikisource-church-slavonic-bible-2026-08-09	Ezek.3.3	reviewed	synodal-russian	Reviewer confirmed the exact NFC whole-token Synodal source occurrence and printed orthography; the held-out passage is separate.
v07-target-700b9ffb777e8569	synodal:candidate:0508932faaf1a0b3dad00b60	ponomar-elizabeth-bible-2026-08-09	Num.21.11	reviewed	synodal-russian	Reviewer confirmed the exact NFC whole-token Synodal source occurrence and printed orthography; the held-out passage is separate.
v07-target-701f3850aedd5d79	synodal:candidate:a338c737fe4569f3e8377aa9	wikisource-church-slavonic-bible-2026-08-09	Lk.5.21	reviewed	synodal-russian	Reviewer confirmed the exact NFC whole-token Synodal source occurrence and printed orthography; the held-out passage is separate.
v07-target-70d1e1ffb336e6ab	synodal:candidate:7cf12abc1af851a88e7879b4	ponomar-elizabeth-bible-2026-08-09	Nehem.10.38	reviewed	synodal-russian	Reviewer confirmed the exact NFC whole-token Synodal source occurrence and printed orthography; the held-out passage is separate.
v07-target-7155b6479b9b5a87	synodal:candidate:04d09c4f2b1f2f9cb944b13a	ponomar-elizabeth-bible-2026-08-09	Psalm.77.66	reviewed	synodal-russian	Reviewer confirmed the exact NFC whole-token Synodal source occurrence and printed orthography; the held-out passage is separate.
v07-target-72423a2f196f8fa3	synodal:candidate:01827af719d50a2f92015631	ponomar-elizabeth-bible-2026-08-09	III_Esdra.7.5	reviewed	synodal-russian	Reviewer confirmed the exact NFC whole-token Synodal source occurrence and printed orthography; the held-out passage is separate.
v07-target-72b5031a32caaf96	synodal:candidate:05b194c0ae255016c9df3bdb	ponomar-elizabeth-bible-2026-08-09	Ezek.39.9	reviewed	synodal-russian	Reviewer confirmed the exact NFC whole-token Synodal source occurrence and printed orthography; the held-out passage is separate.
v07-target-72d637c69eb6f7f5	synodal:candidate:179e6d3a34ee0f5a86b8759a	ponomar-elizabeth-bible-2026-08-09	Acts.2.20	reviewed	synodal-russian	Reviewer confirmed the exact NFC whole-token Synodal source occurrence and printed orthography; the held-out passage is separate.
v07-target-7354209797d71afa	synodal:candidate:01fb802f619b790a045a788f	ponomar-elizabeth-bible-2026-08-09	Ex.23.3	reviewed	synodal-russian	Reviewer confirmed the exact NFC whole-token Synodal source occurrence and printed orthography; the held-out passage is separate.
v07-target-73b5a1e2ec373933	synodal:candidate:00cc5610a092e18a0e9a9d40	ponomar-elizabeth-bible-2026-08-09	Lev.1.5	reviewed	synodal-russian	Reviewer confirmed the exact NFC whole-token Synodal source occurrence and printed orthography; the held-out passage is separate.
v07-target-73d548e80b328622	synodal:candidate:00164029a5a11409d5e5fc22	ponomar-elizabeth-bible-2026-08-09	Psalm.91.13	reviewed	synodal-russian	Reviewer confirmed the exact NFC whole-token Synodal source occurrence and printed orthography; the held-out passage is separate.
v07-target-7411b487263fd5ef	synodal:candidate:3884f096b76c056b1febc014	ponomar-elizabeth-bible-2026-08-09	Lk.12.57	reviewed	synodal-russian	Reviewer confirmed the exact NFC whole-token Synodal source occurrence and printed orthography; the held-out passage is separate.
v07-target-74868e5b4de2bf6f	synodal:candidate:0185250c3da35be9c3321b54	ponomar-elizabeth-bible-2026-08-09	III_Kings.20.4	reviewed	synodal-russian	Reviewer confirmed the exact NFC whole-token Synodal source occurrence and printed orthography; the held-out passage is separate.
v07-target-75a4d0ce4b9e6109	synodal:candidate:89b3eba3a4740b57f87463a0	ponomar-elizabeth-bible-2026-08-09	Psalm.49.23	reviewed	synodal-russian	Reviewer confirmed the exact NFC whole-token Synodal source occurrence and printed orthography; the held-out passage is separate.
v07-target-763a5a8cc151d64d	synodal:candidate:037fe450ef7a050112751aa8	ponomar-elizabeth-bible-2026-08-09	I_Paral.29.22	reviewed	synodal-russian	Reviewer confirmed the exact NFC whole-token Synodal source occurrence and printed orthography; the held-out passage is separate.
v07-target-76636cacc3c9cbda	synodal:candidate:f8d7464c34ec771518dc816c	ponomar-elizabeth-bible-2026-08-09	Isa.16.1	reviewed	synodal-russian	Reviewer confirmed the exact NFC whole-token Synodal source occurrence and printed orthography; the held-out passage is separate.
v07-target-766d7965f9eeaa7c	synodal:candidate:10c6049d6ec79f0312bd5907	ponomar-elizabeth-bible-2026-08-09	Lev.18.8	reviewed	synodal-russian	Reviewer confirmed the exact NFC whole-token Synodal source occurrence and printed orthography; the held-out passage is separate.
v07-target-769fd50329a9d8d0	synodal:candidate:088bb0cf97d09bac234949b1	ponomar-elizabeth-bible-2026-08-09	Lev.20.16	reviewed	synodal-russian	Reviewer confirmed the exact NFC whole-token Synodal source occurrence and printed orthography; the held-out passage is separate.
v07-target-771c305a46ddd0d8	synodal:candidate:0794f5ffc43eb6c727d8d813	ponomar-elizabeth-bible-2026-08-09	Jerem.18.15	reviewed	synodal-russian	Reviewer confirmed the exact NFC whole-token Synodal source occurrence and printed orthography; the held-out passage is separate.
v07-target-77e5778f8cdeb89c	synodal:candidate:02f0a105a6fa1543c90aeb69	ponomar-elizabeth-bible-2026-08-09	Deut.2.22	reviewed	synodal-russian	Reviewer confirmed the exact NFC whole-token Synodal source occurrence and printed orthography; the held-out passage is separate.
v07-target-785605eeee96e98f	synodal:candidate:51601c21e3141ae7ce14ea6a	ponomar-elizabeth-bible-2026-08-09	Jerem.52.1	reviewed	synodal-russian	Reviewer confirmed the exact NFC whole-token Synodal source occurrence and printed orthography; the held-out passage is separate.
v07-target-787186cf699b25c0	synodal:candidate:6dda37ed40765b10cea84d03	ponomar-elizabeth-bible-2026-08-09	Mk.16.12	reviewed	synodal-russian	Reviewer confirmed the exact NFC whole-token Synodal source occurrence and printed orthography; the held-out passage is separate.
v07-target-78ffb09a5d3c346c	synodal:candidate:128a9e456e7e10f01491a1c8	ponomar-elizabeth-bible-2026-08-09	I_Kings.10.4	reviewed	synodal-russian	Reviewer confirmed the exact NFC whole-token Synodal source occurrence and printed orthography; the held-out passage is separate.
v07-target-7918675e522b1b89	synodal:candidate:01f8391a3260eb4051fe0239	ponomar-elizabeth-bible-2026-08-09	II_Paral.8.13	reviewed	synodal-russian	Reviewer confirmed the exact NFC whole-token Synodal source occurrence and printed orthography; the held-out passage is separate.
v07-target-797636dd051eca13	synodal:candidate:0182b351cd6288e332b85493	ponomar-elizabeth-bible-2026-08-09	Nahum.3.5	reviewed	synodal-russian	Reviewer confirmed the exact NFC whole-token Synodal source occurrence and printed orthography; the held-out passage is separate.
v07-target-7a3000df03ccd27e	synodal:candidate:4ab7939a4195b86dea43e7ad	ponomar-elizabeth-bible-2026-08-09	Jerem.7.16	reviewed	synodal-russian	Reviewer confirmed the exact NFC whole-token Synodal source occurrence and printed orthography; the held-out passage is separate.
v07-target-7b6166dd2b99f055	synodal:candidate:09943b8296303583d341096b	ponomar-elizabeth-bible-2026-08-09	Ex.23.5	reviewed	synodal-russian	Reviewer confirmed the exact NFC whole-token Synodal source occurrence and printed orthography; the held-out passage is separate.
v07-target-7b8643a322c05788	synodal:candidate:0db2eed93309f38db72ef072	ponomar-elizabeth-bible-2026-08-09	II_Esdra.2.25	reviewed	synodal-russian	Reviewer confirmed the exact NFC whole-token Synodal source occurrence and printed orthography; the held-out passage is separate.
v07-target-7cbac8a00f9dc936	synodal:candidate:04bc69d2526e5f9820adbd69	ponomar-elizabeth-bible-2026-08-09	Num.7.37	reviewed	synodal-russian	Reviewer confirmed the exact NFC whole-token Synodal source occurrence and printed orthography; the held-out passage is separate.
v07-target-7dcc57e97fb237d4	synodal:candidate:04c2f9c9f8f24b56ece3511f	ponomar-elizabeth-bible-2026-08-09	Lk.6.14	reviewed	synodal-russian	Reviewer confirmed the exact NFC whole-token Synodal source occurrence and printed orthography; the held-out passage is separate.
v07-target-7eb4237e96c4e861	synodal:candidate:10233adedcacee1498edaaae	ponomar-elizabeth-bible-2026-08-09	Num.22.25	reviewed	synodal-russian	Reviewer confirmed the exact NFC whole-token Synodal source occurrence and printed orthography; the held-out passage is separate.
v07-target-7eba22f4cda3c5d6	synodal:candidate:05a96b404847476f510e066f	ponomar-elizabeth-bible-2026-08-09	Sirach.27.25	reviewed	synodal-russian	Reviewer confirmed the exact NFC whole-token Synodal source occurrence and printed orthography; the held-out passage is separate.
v07-target-7efc250a8f7ad0fe	synodal:candidate:070912e82af6efa0a4ea3ab8	ponomar-elizabeth-bible-2026-08-09	Num.4.24	reviewed	synodal-russian	Reviewer confirmed the exact NFC whole-token Synodal source occurrence and printed orthography; the held-out passage is separate.
v07-target-7f0d046c934da1aa	synodal:candidate:006d0a9311b01653b2cdd77b	ponomar-elizabeth-bible-2026-08-09	Dan.13.9	reviewed	synodal-russian	Reviewer confirmed the exact NFC whole-token Synodal source occurrence and printed orthography; the held-out passage is separate.
v07-target-7f3efa6538addf87	synodal:candidate:0d8f80e091bdf0b2adeba61f	ponomar-elizabeth-bible-2026-08-09	III_Esdra.14.43	reviewed	synodal-russian	Reviewer confirmed the exact NFC whole-token Synodal source occurrence and printed orthography; the held-out passage is separate.
v07-target-7f7fab46a8e4bb43	synodal:candidate:0151eb01f93c3645e30384bf	ponomar-elizabeth-bible-2026-08-09	I_Macc.13.49	reviewed	synodal-russian	Reviewer confirmed the exact NFC whole-token Synodal source occurrence and printed orthography; the held-out passage is separate.
v07-target-7fed010b7bd389fd	synodal:candidate:00a9cc2c2801b724a67ba818	ponomar-elizabeth-bible-2026-08-09	Psalm.118.7	reviewed	synodal-russian	Reviewer confirmed the exact NFC whole-token Synodal source occurrence and printed orthography; the held-out passage is separate.
v07-target-7ff1adfd4f975cfb	synodal:candidate:0489ec3a79dfeb48fc60613b	ponomar-elizabeth-bible-2026-08-09	Gen.28.18	reviewed	synodal-russian	Reviewer confirmed the exact NFC whole-token Synodal source occurrence and printed orthography; the held-out passage is separate.
v07-target-80eab3279c834b6b	synodal:candidate:17573d8cdde1887bb22eeff6	ponomar-elizabeth-bible-2026-08-09	Eccles.1.13	reviewed	synodal-russian	Reviewer confirmed the exact NFC whole-token Synodal source occurrence and printed orthography; the held-out passage is separate.
v07-target-81c0f5ae269734dd	synodal:candidate:047ce100342d17c87f570e3f	ponomar-elizabeth-bible-2026-08-09	I_Pet.4.16	reviewed	synodal-russian	Reviewer confirmed the exact NFC whole-token Synodal source occurrence and printed orthography; the held-out passage is separate.
v07-target-82952c1947e8d457	synodal:candidate:1858891e6b42cbb0afb30243	ponomar-elizabeth-bible-2026-08-09	Nehem.2.7	reviewed	synodal-russian	Reviewer confirmed the exact NFC whole-token Synodal source occurrence and printed orthography; the held-out passage is separate.
v07-target-82bdb259ee49b7b3	synodal:candidate:05f9d11d0d7563268c1f183f	ponomar-elizabeth-bible-2026-08-09	Ezek.48.17	reviewed	synodal-russian	Reviewer confirmed the exact NFC whole-token Synodal source occurrence and printed orthography; the held-out passage is separate.
v07-target-82d31b5ddba29b6e	synodal:candidate:0fc6d8d1df7fcf9395d94c8f	ponomar-elizabeth-bible-2026-08-09	Job.28.8	reviewed	synodal-russian	Reviewer confirmed the exact NFC whole-token Synodal source occurrence and printed orthography; the held-out passage is separate.
v07-target-82e8deceb8f2f4df	synodal:candidate:30f0fda32d6a3781a391c18d	ponomar-elizabeth-bible-2026-08-09	II_Paral.31.3	reviewed	synodal-russian	Reviewer confirmed the exact NFC whole-token Synodal source occurrence and printed orthography; the held-out passage is separate.
v07-target-8396b35805a18ef8	synodal:candidate:30d95b5e376fb70a5e5396fd	ponomar-elizabeth-bible-2026-08-09	Lk.23.18	reviewed	synodal-russian	Reviewer confirmed the exact NFC whole-token Synodal source occurrence and printed orthography; the held-out passage is separate.
v07-target-83ab143693ad0e24	synodal:candidate:9b14409ad6d48ebf4dddc781	ponomar-elizabeth-bible-2026-08-09	Lev.25.37	reviewed	synodal-russian	Reviewer confirmed the exact NFC whole-token Synodal source occurrence and printed orthography; the held-out passage is separate.
v07-target-83eff78531e13640	synodal:candidate:070ed5793f87d66548de20fa	ponomar-elizabeth-bible-2026-08-09	Ex.2.2	reviewed	synodal-russian	Reviewer confirmed the exact NFC whole-token Synodal source occurrence and printed orthography; the held-out passage is separate.
v07-target-84b6b3ef568de381	synodal:candidate:08967bc25d66557f0266871b	ponomar-elizabeth-bible-2026-08-09	Job.1.12	reviewed	synodal-russian	Reviewer confirmed the exact NFC whole-token Synodal source occurrence and printed orthography; the held-out passage is separate.
v07-target-84cd10dc1d0bd96f	synodal:candidate:5b0530b7b63a225ef0fbb008	wikisource-church-slavonic-bible-2026-08-09	Job.12.16	reviewed	synodal-russian	Reviewer confirmed the exact NFC whole-token Synodal source occurrence and printed orthography; the held-out passage is separate.
v07-target-84e4f69b0f22c490	synodal:candidate:0fc476dba2d9e38ec5d52b00	ponomar-elizabeth-bible-2026-08-09	I_Macc.4.33	reviewed	synodal-russian	Reviewer confirmed the exact NFC whole-token Synodal source occurrence and printed orthography; the held-out passage is separate.
v07-target-854fcc53dec7eb83	synodal:candidate:06bb8b9033822302638bfea8	ponomar-elizabeth-bible-2026-08-09	Eph.4.29	reviewed	synodal-russian	Reviewer confirmed the exact NFC whole-token Synodal source occurrence and printed orthography; the held-out passage is separate.
v07-target-86352a97b1fa13a0	synodal:candidate:11973fa9e9cfa673db4e48e1	ponomar-elizabeth-bible-2026-08-09	Jn.19.15	reviewed	synodal-russian	Reviewer confirmed the exact NFC whole-token Synodal source occurrence and printed orthography; the held-out passage is separate.
v07-target-86ed2ce211843b29	synodal:candidate:0fc04aec5a90bf926f7a3140	ponomar-elizabeth-bible-2026-08-09	Num.1.42	reviewed	synodal-russian	Reviewer confirmed the exact NFC whole-token Synodal source occurrence and printed orthography; the held-out passage is separate.
v07-target-86fc4713a8143988	synodal:candidate:04d8fa5f65fe8ccaa123befe	ponomar-elizabeth-bible-2026-08-09	I_Paral.10.1	reviewed	synodal-russian	Reviewer confirmed the exact NFC whole-token Synodal source occurrence and printed orthography; the held-out passage is separate.
v07-target-878c53a654ae9e4a	synodal:candidate:07d9bd8dd56ec64f9c6da1e2	ponomar-elizabeth-bible-2026-08-09	I_Macc.1.37	reviewed	synodal-russian	Reviewer confirmed the exact NFC whole-token Synodal source occurrence and printed orthography; the held-out passage is separate.
v07-target-88446597b09974b9	synodal:candidate:1249b77efa6479575f751cf1	ponomar-elizabeth-bible-2026-08-09	Ezek.33.11	reviewed	synodal-russian	Reviewer confirmed the exact NFC whole-token Synodal source occurrence and printed orthography; the held-out passage is separate.
v07-target-88747af3e12743e4	synodal:candidate:026065297617acec94bd460a	ponomar-elizabeth-bible-2026-08-09	Zech.8.17	reviewed	synodal-russian	Reviewer confirmed the exact NFC whole-token Synodal source occurrence and printed orthography; the held-out passage is separate.
v07-target-8b5335d461faad6e	synodal:candidate:3a051fac497bca05d448eee7	ponomar-elizabeth-bible-2026-08-09	Jas.5.3	reviewed	synodal-russian	Reviewer confirmed the exact NFC whole-token Synodal source occurrence and printed orthography; the held-out passage is separate.
v07-target-8b5b0bb556702ec7	synodal:candidate:07feed1329f9a6896fc0b6f7	ponomar-elizabeth-bible-2026-08-09	Job.3.8	reviewed	synodal-russian	Reviewer confirmed the exact NFC whole-token Synodal source occurrence and printed orthography; the held-out passage is separate.
v07-target-8b725039d343acc4	synodal:candidate:0053f227f636742636ecaded	ponomar-elizabeth-bible-2026-08-09	III_Esdra.12.11	reviewed	synodal-russian	Reviewer confirmed the exact NFC whole-token Synodal source occurrence and printed orthography; the held-out passage is separate.
v07-target-8bd4385d299054ef	synodal:candidate:2d9ed32dd5f33a15ef43c568	wikisource-church-slavonic-bible-2026-08-09	Gen.35.19	reviewed	synodal-russian	Reviewer confirmed the exact NFC whole-token Synodal source occurrence and printed orthography; the held-out passage is separate.
v07-target-8c0cc5dbca41c9fe	synodal:candidate:2b84b11d7b96571b468aa847	ponomar-elizabeth-bible-2026-08-09	Eccles.4.6	reviewed	synodal-russian	Reviewer confirmed the exact NFC whole-token Synodal source occurrence and printed orthography; the held-out passage is separate.
v07-target-8c1d3d4d69806951	synodal:candidate:0723dfdc1e9f025c71298f92	ponomar-elizabeth-bible-2026-08-09	Ezek.12.6	reviewed	synodal-russian	Reviewer confirmed the exact NFC whole-token Synodal source occurrence and printed orthography; the held-out passage is separate.
v07-target-8c7615e37bddb2f0	synodal:candidate:0a6765bfc2d3b9174c96086e	ponomar-elizabeth-bible-2026-08-09	Prov.26.23	reviewed	synodal-russian	Reviewer confirmed the exact NFC whole-token Synodal source occurrence and printed orthography; the held-out passage is separate.
v07-target-8c79b67cd039c015	synodal:candidate:01e9f46f66fc203cb5bb787a	ponomar-elizabeth-bible-2026-08-09	Prov.30.19	reviewed	synodal-russian	Reviewer confirmed the exact NFC whole-token Synodal source occurrence and printed orthography; the held-out passage is separate.
v07-target-8d4098a670307386	synodal:candidate:255cc998d8f7f94f7331785b	ponomar-elizabeth-bible-2026-08-09	Mt.27.16	reviewed	synodal-russian	Reviewer confirmed the exact NFC whole-token Synodal source occurrence and printed orthography; the held-out passage is separate.
v07-target-8d88c5ff46abebb4	synodal:candidate:16ed2095344a87665e11ceca	ponomar-elizabeth-bible-2026-08-09	Lk.19.37	reviewed	synodal-russian	Reviewer confirmed the exact NFC whole-token Synodal source occurrence and printed orthography; the held-out passage is separate.
v07-target-8d9472594abe3427	synodal:candidate:009f478318f58889714295e2	ponomar-elizabeth-bible-2026-08-09	Lev.26.32	reviewed	synodal-russian	Reviewer confirmed the exact NFC whole-token Synodal source occurrence and printed orthography; the held-out passage is separate.
v07-target-8e0ac7c72c4ea927	synodal:candidate:11e20f53a1f8b4064647222b	ponomar-elizabeth-bible-2026-08-09	Zech.14.21	reviewed	synodal-russian	Reviewer confirmed the exact NFC whole-token Synodal source occurrence and printed orthography; the held-out passage is separate.
v07-target-8ecd03c59a7da24c	synodal:candidate:183d1617df0790d0c2e3e6bb	ponomar-elizabeth-bible-2026-08-09	Acts.17.10	reviewed	synodal-russian	Reviewer confirmed the exact NFC whole-token Synodal source occurrence and printed orthography; the held-out passage is separate.
v07-target-8f8f0bd24998d0f6	synodal:candidate:033ab32f8e138c341e427a04	ponomar-elizabeth-bible-2026-08-09	Wisd.19.6	reviewed	synodal-russian	Reviewer confirmed the exact NFC whole-token Synodal source occurrence and printed orthography; the held-out passage is separate.
v07-target-8fc252beecc41273	synodal:candidate:34e42c5ca26cfbf384d9a65f	ponomar-elizabeth-bible-2026-08-09	Jerem.2.25	reviewed	synodal-russian	Reviewer confirmed the exact NFC whole-token Synodal source occurrence and printed orthography; the held-out passage is separate.
v07-target-9051d6adea5ca34f	synodal:candidate:2599dac76095f286e1c0686b	ponomar-elizabeth-bible-2026-08-09	Sirach.49.18	reviewed	synodal-russian	Reviewer confirmed the exact NFC whole-token Synodal source occurrence and printed orthography; the held-out passage is separate.
v07-target-90e5322effd5527d	synodal:candidate:08bd532f4647135cb657847c	ponomar-elizabeth-bible-2026-08-09	II_Macc.9.7	reviewed	synodal-russian	Reviewer confirmed the exact NFC whole-token Synodal source occurrence and printed orthography; the held-out passage is separate.
v07-target-90ee036cecf0de72	synodal:candidate:05e8c56ebd9ce5c0213c12e1	ponomar-elizabeth-bible-2026-08-09	Job.10.14	reviewed	synodal-russian	Reviewer confirmed the exact NFC whole-token Synodal source occurrence and printed orthography; the held-out passage is separate.
v07-target-91c17c46e98b2a3b	synodal:candidate:040e56efd444ffc3845df665	ponomar-elizabeth-bible-2026-08-09	Ex.10.2	reviewed	synodal-russian	Reviewer confirmed the exact NFC whole-token Synodal source occurrence and printed orthography; the held-out passage is separate.
v07-target-91dc1e838a272429	synodal:candidate:02050194e671823ab5825032	ponomar-elizabeth-bible-2026-08-09	Composite.8.67	reviewed	synodal-russian	Reviewer confirmed the exact NFC whole-token Synodal source occurrence and printed orthography; the held-out passage is separate.
v07-target-92385de7f3d7a6dd	synodal:candidate:5f66c8a9ee8619ee40bbf0d6	ponomar-elizabeth-bible-2026-08-09	IV_Kings.9.18	reviewed	synodal-russian	Reviewer confirmed the exact NFC whole-token Synodal source occurrence and printed orthography; the held-out passage is separate.
v07-target-926ad0787746d5b3	synodal:candidate:0ce0d6cb3901960efde390db	ponomar-elizabeth-bible-2026-08-09	Num.7.46	reviewed	synodal-russian	Reviewer confirmed the exact NFC whole-token Synodal source occurrence and printed orthography; the held-out passage is separate.
v07-target-92a914c098bb5391	synodal:candidate:04baafc8625fe39c88b16d8b	ponomar-elizabeth-bible-2026-08-09	Acts.5.23	reviewed	synodal-russian	Reviewer confirmed the exact NFC whole-token Synodal source occurrence and printed orthography; the held-out passage is separate.
v07-target-930a7fe8f028b2fb	synodal:candidate:199a52c586dc7cdfaeaa9d8e	ponomar-elizabeth-bible-2026-08-09	Mt.7.11	reviewed	synodal-russian	Reviewer confirmed the exact NFC whole-token Synodal source occurrence and printed orthography; the held-out passage is separate.
v07-target-934d588c944756d6	synodal:candidate:0b6c02081f7529b526c8ec7f	ponomar-elizabeth-bible-2026-08-09	Judith.7.3	reviewed	synodal-russian	Reviewer confirmed the exact NFC whole-token Synodal source occurrence and printed orthography; the held-out passage is separate.
v07-target-93a46bfdc3305024	synodal:candidate:0614fa1c4241049aa20f8a51	ponomar-elizabeth-bible-2026-08-09	Rom.10.2	reviewed	synodal-russian	Reviewer confirmed the exact NFC whole-token Synodal source occurrence and printed orthography; the held-out passage is separate.
v07-target-93cab3ea51d7e2ef	synodal:candidate:01c9ca2030648a023b500456	ponomar-elizabeth-bible-2026-08-09	Ex.14.31	reviewed	synodal-russian	Reviewer confirmed the exact NFC whole-token Synodal source occurrence and printed orthography; the held-out passage is separate.
v07-target-94bd449c0ae2b164	synodal:candidate:10d6d751cf4d5f16828e72e8	ponomar-elizabeth-bible-2026-08-09	Deut.29.24	reviewed	synodal-russian	Reviewer confirmed the exact NFC whole-token Synodal source occurrence and printed orthography; the held-out passage is separate.
v07-target-94dcabd5280c52d9	synodal:candidate:01787e87e46788bfee4ae562	ponomar-elizabeth-bible-2026-08-09	II_Esdra.7.9	reviewed	synodal-russian	Reviewer confirmed the exact NFC whole-token Synodal source occurrence and printed orthography; the held-out passage is separate.
v07-target-951aef1f16f492ed	synodal:candidate:088cef899feb06bcdd6a2155	ponomar-elizabeth-bible-2026-08-09	Mk.14.51	reviewed	synodal-russian	Reviewer confirmed the exact NFC whole-token Synodal source occurrence and printed orthography; the held-out passage is separate.
v07-target-953fd9dec683ca76	synodal:candidate:0ede7a55a7df21f49d19751d	ponomar-elizabeth-bible-2026-08-09	Deut.33.26	reviewed	synodal-russian	Reviewer confirmed the exact NFC whole-token Synodal source occurrence and printed orthography; the held-out passage is separate.
v07-target-95a7fba1f4aa494d	synodal:candidate:00ac065bd0d4173bdae5b8ad	ponomar-elizabeth-bible-2026-08-09	III_Esdra.8.12	reviewed	synodal-russian	Reviewer confirmed the exact NFC whole-token Synodal source occurrence and printed orthography; the held-out passage is separate.
v07-target-95f006fa0a2fdbdc	synodal:candidate:022a17188cbfc815440237db	ponomar-elizabeth-bible-2026-08-09	Ex.20.21	reviewed	synodal-russian	Reviewer confirmed the exact NFC whole-token Synodal source occurrence and printed orthography; the held-out passage is separate.
v07-target-979c11e3ac47679d	synodal:candidate:028c1cac16f1138d8093b461	wikisource-church-slavonic-bible-2026-08-09	Psalm.90.7	reviewed	synodal-russian	Reviewer confirmed the exact NFC whole-token Synodal source occurrence and printed orthography; the held-out passage is separate.
v07-target-97da9d0b5af1ea95	synodal:candidate:05cf7c12af5ab1579889a644	ponomar-elizabeth-bible-2026-08-09	Deut.2.6	reviewed	synodal-russian	Reviewer confirmed the exact NFC whole-token Synodal source occurrence and printed orthography; the held-out passage is separate.
v07-target-987df83d685093a1	synodal:candidate:0c30285d78d13400c9aa6966	ponomar-elizabeth-bible-2026-08-09	Esther.4.7	reviewed	synodal-russian	Reviewer confirmed the exact NFC whole-token Synodal source occurrence and printed orthography; the held-out passage is separate.
v07-target-98e8f06f372878c9	synodal:candidate:01f26d8b8f16166aaa83b4a6	ponomar-elizabeth-bible-2026-08-09	II_Paral.33.7	reviewed	synodal-russian	Reviewer confirmed the exact NFC whole-token Synodal source occurrence and printed orthography; the held-out passage is separate.
v07-target-993c85a1ba3392e7	synodal:candidate:5911c443997927c6d7a44701	ponomar-elizabeth-bible-2026-08-09	Deut.18.14	reviewed	synodal-russian	Reviewer confirmed the exact NFC whole-token Synodal source occurrence and printed orthography; the held-out passage is separate.
v07-target-9a57e479738716aa	synodal:candidate:0675b627d4e5b16140929367	ponomar-elizabeth-bible-2026-08-09	Jerem.26.9	reviewed	synodal-russian	Reviewer confirmed the exact NFC whole-token Synodal source occurrence and printed orthography; the held-out passage is separate.
v07-target-9a5e18820368ad82	synodal:candidate:06b327888b8fe5fb1a3d05b5	ponomar-elizabeth-bible-2026-08-09	Deut.1.31	reviewed	synodal-russian	Reviewer confirmed the exact NFC whole-token Synodal source occurrence and printed orthography; the held-out passage is separate.
v07-target-9ad6ca878859678d	synodal:candidate:12e38153c1d1bd159d428105	ponomar-elizabeth-bible-2026-08-09	Zech.10.1	reviewed	synodal-russian	Reviewer confirmed the exact NFC whole-token Synodal source occurrence and printed orthography; the held-out passage is separate.
v07-target-9ade562efa79c547	synodal:candidate:00c4708347d0b0eea750ebf9	ponomar-elizabeth-bible-2026-08-09	Acts.25.11	reviewed	synodal-russian	Reviewer confirmed the exact NFC whole-token Synodal source occurrence and printed orthography; the held-out passage is separate.
v07-target-9b1739425bd4785c	synodal:candidate:535958efaf24e9253a8ac4c2	ponomar-elizabeth-bible-2026-08-09	Ezek.16.48	reviewed	synodal-russian	Reviewer confirmed the exact NFC whole-token Synodal source occurrence and printed orthography; the held-out passage is separate.
v07-target-9b356eafbb7473d8	synodal:candidate:066aa09a4dc61e51592cde4f	ponomar-elizabeth-bible-2026-08-09	Lk.4.29	reviewed	synodal-russian	Reviewer confirmed the exact NFC whole-token Synodal source occurrence and printed orthography; the held-out passage is separate.
v07-target-9c165b460bfc7cfc	synodal:candidate:2206fac35b5fea4045c38857	ponomar-elizabeth-bible-2026-08-09	Prov.26.7	reviewed	synodal-russian	Reviewer confirmed the exact NFC whole-token Synodal source occurrence and printed orthography; the held-out passage is separate.
v07-target-9d053fd4e02f3aaf	synodal:candidate:03436c9730d5f8deba266ea0	ponomar-elizabeth-bible-2026-08-09	I_Macc.5.21	reviewed	synodal-russian	Reviewer confirmed the exact NFC whole-token Synodal source occurrence and printed orthography; the held-out passage is separate.
v07-target-9dc65d552ab268a3	synodal:candidate:038bf140caa17dda911b6fd9	ponomar-elizabeth-bible-2026-08-09	I_Macc.6.35	reviewed	synodal-russian	Reviewer confirmed the exact NFC whole-token Synodal source occurrence and printed orthography; the held-out passage is separate.
v07-target-9e55f8fa113bc337	synodal:candidate:0dff12a8abd089830913408a	ponomar-elizabeth-bible-2026-08-09	Rom.5.10	reviewed	synodal-russian	Reviewer confirmed the exact NFC whole-token Synodal source occurrence and printed orthography; the held-out passage is separate.
v07-target-9e819f4e8185fcea	synodal:candidate:0787d7536ab7356e12b91c14	ponomar-elizabeth-bible-2026-08-09	Mk.14.40	reviewed	synodal-russian	Reviewer confirmed the exact NFC whole-token Synodal source occurrence and printed orthography; the held-out passage is separate.
v07-target-9ef50c8dda16a157	synodal:candidate:055e5acd1c0cca06e142f320	ponomar-elizabeth-bible-2026-08-09	Acts.2.7	reviewed	synodal-russian	Reviewer confirmed the exact NFC whole-token Synodal source occurrence and printed orthography; the held-out passage is separate.
v07-target-9efcfba07191e73c	synodal:candidate:0db156cce9ebcc2218ebb2b5	ponomar-elizabeth-bible-2026-08-09	I_Kings.19.5	reviewed	synodal-russian	Reviewer confirmed the exact NFC whole-token Synodal source occurrence and printed orthography; the held-out passage is separate.
v07-target-a05a27467e4125bd	synodal:candidate:099a4d4f88b43c92284ce8bc	ponomar-elizabeth-bible-2026-08-09	Ezek.28.12	reviewed	synodal-russian	Reviewer confirmed the exact NFC whole-token Synodal source occurrence and printed orthography; the held-out passage is separate.
v07-target-a06830d7320263ae	synodal:candidate:052485730637284ce4eab432	ponomar-elizabeth-bible-2026-08-09	II_Macc.7.16	reviewed	synodal-russian	Reviewer confirmed the exact NFC whole-token Synodal source occurrence and printed orthography; the held-out passage is separate.
v07-target-a08df0924de45f63	synodal:candidate:00b9e61dc517654effbc6416	ponomar-elizabeth-bible-2026-08-09	I_Paral.10.4	reviewed	synodal-russian	Reviewer confirmed the exact NFC whole-token Synodal source occurrence and printed orthography; the held-out passage is separate.
v07-target-a0cbf9ecb02e4aa1	synodal:candidate:05baec8ac779a80dce763731	ponomar-elizabeth-bible-2026-08-09	Jn.1.1	reviewed	synodal-russian	Reviewer confirmed the exact NFC whole-token Synodal source occurrence and printed orthography; the held-out passage is separate.
v07-target-a1331ebd069e9a0f	synodal:candidate:07293ffb7be3f7da185ccb3c	ponomar-elizabeth-bible-2026-08-09	III_Esdra.4.29	reviewed	synodal-russian	Reviewer confirmed the exact NFC whole-token Synodal source occurrence and printed orthography; the held-out passage is separate.
v07-target-a136ff0a55615b4c	synodal:candidate:04baafc8625fe39c88b16d8b	ponomar-elizabeth-bible-2026-08-09	Acts.5.23	reviewed	synodal-russian	Reviewer confirmed the exact NFC whole-token Synodal source occurrence and printed orthography; the held-out passage is separate.
v07-target-a31aac7afe2c3384	synodal:candidate:0ca66e6d72b1d99311e12098	ponomar-elizabeth-bible-2026-08-09	Gen.18.12	reviewed	synodal-russian	Reviewer confirmed the exact NFC whole-token Synodal source occurrence and printed orthography; the held-out passage is separate.
v07-target-a38d1bd4ce294cb8	synodal:candidate:0d5649ba2f47f910b9c11984	ponomar-elizabeth-bible-2026-08-09	Josh.2.22	reviewed	synodal-russian	Reviewer confirmed the exact NFC whole-token Synodal source occurrence and printed orthography; the held-out passage is separate.
v07-target-a38f1050d5d779a7	synodal:candidate:026065297617acec94bd460a	ponomar-elizabeth-bible-2026-08-09	Zech.8.17	reviewed	synodal-russian	Reviewer confirmed the exact NFC whole-token Synodal source occurrence and printed orthography; the held-out passage is separate.
v07-target-a3adaf637df085ad	synodal:candidate:0c3ebcaadd85d9a99fdb4b5a	ponomar-elizabeth-bible-2026-08-09	Deut.23.19	reviewed	synodal-russian	Reviewer confirmed the exact NFC whole-token Synodal source occurrence and printed orthography; the held-out passage is separate.
v07-target-a3c3b3bd84636f69	synodal:candidate:164ee1517a008d97006ccc6e	ponomar-elizabeth-bible-2026-08-09	I_Cor.5.10	reviewed	synodal-russian	Reviewer confirmed the exact NFC whole-token Synodal source occurrence and printed orthography; the held-out passage is separate.
v07-target-a407bfb219dbe0dd	synodal:candidate:0b835ca6273c610e97a51a5b	ponomar-elizabeth-bible-2026-08-09	Prov.2.12	reviewed	synodal-russian	Reviewer confirmed the exact NFC whole-token Synodal source occurrence and printed orthography; the held-out passage is separate.
v07-target-a47cb27a52ce863c	synodal:candidate:20f0a9d5664012242edeebd0	ponomar-elizabeth-bible-2026-08-09	Psalm.58.17	reviewed	synodal-russian	Reviewer confirmed the exact NFC whole-token Synodal source occurrence and printed orthography; the held-out passage is separate.
v07-target-a4c69ecd77ba3953	synodal:candidate:918aef55dadd364055e38028	ponomar-elizabeth-bible-2026-08-09	Prov.5.18	reviewed	synodal-russian	Reviewer confirmed the exact NFC whole-token Synodal source occurrence and printed orthography; the held-out passage is separate.
v07-target-a5986eb2afce86a3	synodal:candidate:01c478f5c9dfb00222b9b27f	wikisource-church-slavonic-bible-2026-08-09	IV_Kings.1.6	reviewed	synodal-russian	Reviewer confirmed the exact NFC whole-token Synodal source occurrence and printed orthography; the held-out passage is separate.
v07-target-a619cb6f8da682eb	synodal:candidate:0aa01e483dcb2c0086257060	ponomar-elizabeth-bible-2026-08-09	Lk.8.2	reviewed	synodal-russian	Reviewer confirmed the exact NFC whole-token Synodal source occurrence and printed orthography; the held-out passage is separate.
v07-target-a734db7504e0c82b	synodal:candidate:a734f70e1e9c7128de4ab122	ponomar-elizabeth-bible-2026-08-09	Col.2.1	reviewed	synodal-russian	Reviewer confirmed the exact NFC whole-token Synodal source occurrence and printed orthography; the held-out passage is separate.
v07-target-a75ebe62163f555b	synodal:candidate:014d45bfefafdec9983ab821	ponomar-elizabeth-bible-2026-08-09	Apoc.16.20	reviewed	synodal-russian	Reviewer confirmed the exact NFC whole-token Synodal source occurrence and printed orthography; the held-out passage is separate.
v07-target-a7a2f88ad8dbda0a	synodal:candidate:2f026b13b9ebbaa6810e4408	ponomar-elizabeth-bible-2026-08-09	Psalm.42.3	reviewed	synodal-russian	Reviewer confirmed the exact NFC whole-token Synodal source occurrence and printed orthography; the held-out passage is separate.
v07-target-a8000a15b2e0ac68	synodal:candidate:01870c0ddaf137c003df0d07	ponomar-elizabeth-bible-2026-08-09	Job.5.24	reviewed	synodal-russian	Reviewer confirmed the exact NFC whole-token Synodal source occurrence and printed orthography; the held-out passage is separate.
v07-target-a8072e80f10af665	synodal:candidate:03ee585e21faaa2cbff86986	ponomar-elizabeth-bible-2026-08-09	III_Kings.21.19	reviewed	synodal-russian	Reviewer confirmed the exact NFC whole-token Synodal source occurrence and printed orthography; the held-out passage is separate.
v07-target-a849d19491b7510a	synodal:candidate:0afd0f07c658d503348779ad	ponomar-elizabeth-bible-2026-08-09	Dan.4.17	reviewed	synodal-russian	Reviewer confirmed the exact NFC whole-token Synodal source occurrence and printed orthography; the held-out passage is separate.
v07-target-a8a1e3652be402c7	synodal:candidate:022310440988ff9e824e8cae	ponomar-elizabeth-bible-2026-08-09	II_Kings.13.26	reviewed	synodal-russian	Reviewer confirmed the exact NFC whole-token Synodal source occurrence and printed orthography; the held-out passage is separate.
v07-target-a91e3965e2c477c9	synodal:candidate:31d3ebc35b2757580b220f90	ponomar-elizabeth-bible-2026-08-09	Wisd.6.26	reviewed	synodal-russian	Reviewer confirmed the exact NFC whole-token Synodal source occurrence and printed orthography; the held-out passage is separate.
v07-target-a9723510b1864512	synodal:candidate:2d77490c77015e56dc4f65f0	ponomar-elizabeth-bible-2026-08-09	Sirach.22.16	reviewed	synodal-russian	Reviewer confirmed the exact NFC whole-token Synodal source occurrence and printed orthography; the held-out passage is separate.
v07-target-a974d661fe0df9d7	synodal:candidate:0034c5a9ee868cdf0d7d0603	ponomar-elizabeth-bible-2026-08-09	III_Kings.22.19	reviewed	synodal-russian	Reviewer confirmed the exact NFC whole-token Synodal source occurrence and printed orthography; the held-out passage is separate.
v07-target-a9b440945133833d	synodal:candidate:34561972312047f424061ef8	ponomar-elizabeth-bible-2026-08-09	Psalm.88.0	reviewed	synodal-russian	Reviewer confirmed the exact NFC whole-token Synodal source occurrence and printed orthography; the held-out passage is separate.
v07-target-aae357acee4e9df0	synodal:candidate:1394631dac7e3174b5a7ae90	ponomar-elizabeth-bible-2026-08-09	Tobit.7.16	reviewed	synodal-russian	Reviewer confirmed the exact NFC whole-token Synodal source occurrence and printed orthography; the held-out passage is separate.
v07-target-abb4903eef9f9dba	synodal:candidate:01d8470ab45bdf4e80dedef9	ponomar-elizabeth-bible-2026-08-09	Jn.3.33	reviewed	synodal-russian	Reviewer confirmed the exact NFC whole-token Synodal source occurrence and printed orthography; the held-out passage is separate.
v07-target-abfb6f2dc502e96d	synodal:candidate:2bdab740c35228c3ceea5121	ponomar-elizabeth-bible-2026-08-09	Acts.19.8	reviewed	synodal-russian	Reviewer confirmed the exact NFC whole-token Synodal source occurrence and printed orthography; the held-out passage is separate.
v07-target-ac01d83da5069f2e	synodal:candidate:04d6e153c19e044012632d08	ponomar-elizabeth-bible-2026-08-09	Job.2.8	reviewed	synodal-russian	Reviewer confirmed the exact NFC whole-token Synodal source occurrence and printed orthography; the held-out passage is separate.
v07-target-ac5fa7cc03879654	synodal:candidate:21a2b9455a6b210577571e45	ponomar-elizabeth-bible-2026-08-09	Ezek.2.1	reviewed	synodal-russian	Reviewer confirmed the exact NFC whole-token Synodal source occurrence and printed orthography; the held-out passage is separate.
v07-target-aca190c30a04de38	synodal:candidate:0f65b26d4dc61a79ced858e2	ponomar-elizabeth-bible-2026-08-09	Deut.16.21	reviewed	synodal-russian	Reviewer confirmed the exact NFC whole-token Synodal source occurrence and printed orthography; the held-out passage is separate.
v07-target-ad2adcdcd931fd29	synodal:candidate:215ea0c867ff50793e7ec2f9	ponomar-elizabeth-bible-2026-08-09	I_Paral.14.14	reviewed	synodal-russian	Reviewer confirmed the exact NFC whole-token Synodal source occurrence and printed orthography; the held-out passage is separate.
v07-target-ad840c24df208647	synodal:candidate:02bb3b467124bb44edbe4e87	ponomar-elizabeth-bible-2026-08-09	Jona.4.1	reviewed	synodal-russian	Reviewer confirmed the exact NFC whole-token Synodal source occurrence and printed orthography; the held-out passage is separate.
v07-target-ae0249c837adfbb1	synodal:candidate:110f278f9d08ffbf4c183a18	ponomar-elizabeth-bible-2026-08-09	Psalm.85.16	reviewed	synodal-russian	Reviewer confirmed the exact NFC whole-token Synodal source occurrence and printed orthography; the held-out passage is separate.
v07-target-ae0830d28072e1b2	synodal:candidate:0737a3ec5301ccbb56fb5853	ponomar-elizabeth-bible-2026-08-09	Psalm.104.35	reviewed	synodal-russian	Reviewer confirmed the exact NFC whole-token Synodal source occurrence and printed orthography; the held-out passage is separate.
v07-target-ae1662ba5d9d9e47	synodal:candidate:165cd1ae532411764c721720	ponomar-elizabeth-bible-2026-08-09	Prov.13.6	reviewed	synodal-russian	Reviewer confirmed the exact NFC whole-token Synodal source occurrence and printed orthography; the held-out passage is separate.
v07-target-ae2ef33ec70752da	synodal:candidate:002c49b689493ee96afaf6d5	ponomar-elizabeth-bible-2026-08-09	Jerem.49.19	reviewed	synodal-russian	Reviewer confirmed the exact NFC whole-token Synodal source occurrence and printed orthography; the held-out passage is separate.
v07-target-ae303249a81c52a6	synodal:candidate:04b750b44a232c1e74849e09	ponomar-elizabeth-bible-2026-08-09	Jerem.5.15	reviewed	synodal-russian	Reviewer confirmed the exact NFC whole-token Synodal source occurrence and printed orthography; the held-out passage is separate.
v07-target-ae50ee6a33bcdc02	synodal:candidate:00cf0f87aa081eeb8da4ba48	ponomar-elizabeth-bible-2026-08-09	Habak.2.19	reviewed	synodal-russian	Reviewer confirmed the exact NFC whole-token Synodal source occurrence and printed orthography; the held-out passage is separate.
v07-target-ae8961cfa5154575	synodal:candidate:1b673f1e4436765cfa0918bc	ponomar-elizabeth-bible-2026-08-09	Psalm.49.16	reviewed	synodal-russian	Reviewer confirmed the exact NFC whole-token Synodal source occurrence and printed orthography; the held-out passage is separate.
v07-target-aed967d8bc6217dc	synodal:candidate:054ba18942a29fefb331b1a7	ponomar-elizabeth-bible-2026-08-09	Apoc.2.11	reviewed	synodal-russian	Reviewer confirmed the exact NFC whole-token Synodal source occurrence and printed orthography; the held-out passage is separate.
v07-target-af1216157a5a2bf2	synodal:candidate:010245846686cde47cdd187e	ponomar-elizabeth-bible-2026-08-09	I_Kings.5.10	reviewed	synodal-russian	Reviewer confirmed the exact NFC whole-token Synodal source occurrence and printed orthography; the held-out passage is separate.
v07-target-af2432ee17d472b2	synodal:candidate:03c6d6a119e800989eedd393	ponomar-elizabeth-bible-2026-08-09	Psalm.77.67	reviewed	synodal-russian	Reviewer confirmed the exact NFC whole-token Synodal source occurrence and printed orthography; the held-out passage is separate.
v07-target-aff2f04a1fb0a071	synodal:candidate:02cea066d2e4c9813c8fc866	ponomar-elizabeth-bible-2026-08-09	Nehem.10.29	reviewed	synodal-russian	Reviewer confirmed the exact NFC whole-token Synodal source occurrence and printed orthography; the held-out passage is separate.
v07-target-aff7269c6051c803	synodal:candidate:122a2c94346c05684f4cb8ba	ponomar-elizabeth-bible-2026-08-09	Prov.31.26	reviewed	synodal-russian	Reviewer confirmed the exact NFC whole-token Synodal source occurrence and printed orthography; the held-out passage is separate.
v07-target-b11a9b4fb8593a2c	synodal:candidate:05548cc03ff1127c85f4709e	ponomar-elizabeth-bible-2026-08-09	Mk.14.23	reviewed	synodal-russian	Reviewer confirmed the exact NFC whole-token Synodal source occurrence and printed orthography; the held-out passage is separate.
v07-target-b134349f0c2e49a5	synodal:candidate:069acd05122fb10c8d421ceb	ponomar-elizabeth-bible-2026-08-09	Zech.1.17	reviewed	synodal-russian	Reviewer confirmed the exact NFC whole-token Synodal source occurrence and printed orthography; the held-out passage is separate.
v07-target-b17951fd1e15f10a	synodal:candidate:00cc5610a092e18a0e9a9d40	ponomar-elizabeth-bible-2026-08-09	Lev.1.5	reviewed	synodal-russian	Reviewer confirmed the exact NFC whole-token Synodal source occurrence and printed orthography; the held-out passage is separate.
v07-target-b196a01526b47025	synodal:candidate:055c573d02169659bbd55338	ponomar-elizabeth-bible-2026-08-09	Ex.26.32	reviewed	synodal-russian	Reviewer confirmed the exact NFC whole-token Synodal source occurrence and printed orthography; the held-out passage is separate.
v07-target-b1c927e699eb504b	synodal:candidate:060c9c4710cf4011abaef523	ponomar-elizabeth-bible-2026-08-09	I_Paral.9.20	reviewed	synodal-russian	Reviewer confirmed the exact NFC whole-token Synodal source occurrence and printed orthography; the held-out passage is separate.
v07-target-b202a5069091e51e	synodal:candidate:1a12ab28fe146c9cd5e14454	ponomar-elizabeth-bible-2026-08-09	III_Kings.11.38	reviewed	synodal-russian	Reviewer confirmed the exact NFC whole-token Synodal source occurrence and printed orthography; the held-out passage is separate.
v07-target-b212bc8b4e948594	synodal:candidate:01c3c9bad95d9fee326ccb73	ponomar-elizabeth-bible-2026-08-09	II_Macc.3.13	reviewed	synodal-russian	Reviewer confirmed the exact NFC whole-token Synodal source occurrence and printed orthography; the held-out passage is separate.
v07-target-b2b0e44ba7637f31	synodal:candidate:026327086e0c52d9661ef28b	ponomar-elizabeth-bible-2026-08-09	Acts.8.15	reviewed	synodal-russian	Reviewer confirmed the exact NFC whole-token Synodal source occurrence and printed orthography; the held-out passage is separate.
v07-target-b2c882260bef271d	synodal:candidate:1e486f45b4c6e6e3e4bdaa42	ponomar-elizabeth-bible-2026-08-09	Heb.1.3	reviewed	synodal-russian	Reviewer confirmed the exact NFC whole-token Synodal source occurrence and printed orthography; the held-out passage is separate.
v07-target-b30de6ad71f0aa8e	synodal:candidate:5f37abf9aed802f5d77ffcf7	ponomar-elizabeth-bible-2026-08-09	Gen.47.28	reviewed	synodal-russian	Reviewer confirmed the exact NFC whole-token Synodal source occurrence and printed orthography; the held-out passage is separate.
v07-target-b3fef63f51452051	synodal:candidate:996bf71f130dcf10dce73466	ponomar-elizabeth-bible-2026-08-09	Mt.18.29	reviewed	synodal-russian	Reviewer confirmed the exact NFC whole-token Synodal source occurrence and printed orthography; the held-out passage is separate.
v07-target-b44d0aedb66110cf	synodal:candidate:098069e2b126ff5b0d2a48b1	ponomar-elizabeth-bible-2026-08-09	Gen.29.22	reviewed	synodal-russian	Reviewer confirmed the exact NFC whole-token Synodal source occurrence and printed orthography; the held-out passage is separate.
v07-target-b4883336966979e7	synodal:candidate:327890c2d54969d053d9d776	ponomar-elizabeth-bible-2026-08-09	Jn.20.10	reviewed	synodal-russian	Reviewer confirmed the exact NFC whole-token Synodal source occurrence and printed orthography; the held-out passage is separate.
v07-target-b659417a8cd732f0	synodal:candidate:1b72f60722360cbe83bc9a50	ponomar-elizabeth-bible-2026-08-09	Composite.2.7	reviewed	synodal-russian	Reviewer confirmed the exact NFC whole-token Synodal source occurrence and printed orthography; the held-out passage is separate.
v07-target-b6c24b9b6a852adb	synodal:candidate:163feaaab198244f9703cdac	ponomar-elizabeth-bible-2026-08-09	III_Macc.7.5	reviewed	synodal-russian	Reviewer confirmed the exact NFC whole-token Synodal source occurrence and printed orthography; the held-out passage is separate.
v07-target-b6f75410660e8fc4	synodal:candidate:19a4b300a3c0d8577f3c2a9f	ponomar-elizabeth-bible-2026-08-09	III_Esdra.11.20	reviewed	synodal-russian	Reviewer confirmed the exact NFC whole-token Synodal source occurrence and printed orthography; the held-out passage is separate.
v07-target-b732b249952812f6	synodal:candidate:05d7510682e6cc17150c2e75	ponomar-elizabeth-bible-2026-08-09	Mk.6.18	reviewed	synodal-russian	Reviewer confirmed the exact NFC whole-token Synodal source occurrence and printed orthography; the held-out passage is separate.
v07-target-b76b9e6e0918dddb	synodal:candidate:03921135c27b6b33c7b4e0ec	ponomar-elizabeth-bible-2026-08-09	II_Thess.3.3	reviewed	synodal-russian	Reviewer confirmed the exact NFC whole-token Synodal source occurrence and printed orthography; the held-out passage is separate.
v07-target-b774a7972824854f	synodal:candidate:0ecf57f64cb2b47bd6745f77	ponomar-elizabeth-bible-2026-08-09	I_Macc.10.20	reviewed	synodal-russian	Reviewer confirmed the exact NFC whole-token Synodal source occurrence and printed orthography; the held-out passage is separate.
v07-target-b7932dbeb4d492bc	synodal:candidate:06bb5f4437a86e344a614082	ponomar-elizabeth-bible-2026-08-09	Gen.36.7	reviewed	synodal-russian	Reviewer confirmed the exact NFC whole-token Synodal source occurrence and printed orthography; the held-out passage is separate.
v07-target-b79b342b0cd23e53	synodal:candidate:3c0577c773f37ffa1d5fbfd3	ponomar-elizabeth-bible-2026-08-09	Acts.7.5	reviewed	synodal-russian	Reviewer confirmed the exact NFC whole-token Synodal source occurrence and printed orthography; the held-out passage is separate.
v07-target-b7d8375a3ad7cf2a	synodal:candidate:201f7ddecc5be8caeda22011	ponomar-elizabeth-bible-2026-08-09	Mt.9.31	reviewed	synodal-russian	Reviewer confirmed the exact NFC whole-token Synodal source occurrence and printed orthography; the held-out passage is separate.
v07-target-b84a80d8a593cbd3	synodal:candidate:07e20175daa6ebafec4e8390	ponomar-elizabeth-bible-2026-08-09	Prov.19.20	reviewed	synodal-russian	Reviewer confirmed the exact NFC whole-token Synodal source occurrence and printed orthography; the held-out passage is separate.
v07-target-b8e39533cf2b263d	synodal:candidate:01e9f46f66fc203cb5bb787a	ponomar-elizabeth-bible-2026-08-09	Prov.30.19	reviewed	synodal-russian	Reviewer confirmed the exact NFC whole-token Synodal source occurrence and printed orthography; the held-out passage is separate.
v07-target-b9c31406955b88f0	synodal:candidate:3070c43e035aa9ba7a551701	ponomar-elizabeth-bible-2026-08-09	Ezek.14.13	reviewed	synodal-russian	Reviewer confirmed the exact NFC whole-token Synodal source occurrence and printed orthography; the held-out passage is separate.
v07-target-baaa02509576c932	synodal:candidate:17ccd8604d52de5b9c44474f	ponomar-elizabeth-bible-2026-08-09	Eph.2.14	reviewed	synodal-russian	Reviewer confirmed the exact NFC whole-token Synodal source occurrence and printed orthography; the held-out passage is separate.
v07-target-bab28e1521bea17e	synodal:candidate:d2975f243850392be03ec3ed	ponomar-elizabeth-bible-2026-08-09	Gen.29.2	reviewed	synodal-russian	Reviewer confirmed the exact NFC whole-token Synodal source occurrence and printed orthography; the held-out passage is separate.
v07-target-bb038d9a55f06f95	synodal:candidate:03e18b7ef4c866969b44dd53	ponomar-elizabeth-bible-2026-08-09	III_Esdra.16.48	reviewed	synodal-russian	Reviewer confirmed the exact NFC whole-token Synodal source occurrence and printed orthography; the held-out passage is separate.
v07-target-bb1bb9d14c2fd085	synodal:candidate:0b86e2a19fe500dec044d3ae	ponomar-elizabeth-bible-2026-08-09	II_Macc.2.25	reviewed	synodal-russian	Reviewer confirmed the exact NFC whole-token Synodal source occurrence and printed orthography; the held-out passage is separate.
v07-target-bb8712697ee791ff	synodal:candidate:5a1a177dac868619db84af82	ponomar-elizabeth-bible-2026-08-09	Prov.26.28	reviewed	synodal-russian	Reviewer confirmed the exact NFC whole-token Synodal source occurrence and printed orthography; the held-out passage is separate.
v07-target-bccbb603d3bc8c13	synodal:candidate:02cea066d2e4c9813c8fc866	ponomar-elizabeth-bible-2026-08-09	Nehem.10.29	reviewed	synodal-russian	Reviewer confirmed the exact NFC whole-token Synodal source occurrence and printed orthography; the held-out passage is separate.
v07-target-bcd6db57eec5ef17	synodal:candidate:15052e14e758e1fcdda8a46d	wikisource-church-slavonic-bible-2026-08-09	Lk.11.34	reviewed	synodal-russian	Reviewer confirmed the exact NFC whole-token Synodal source occurrence and printed orthography; the held-out passage is separate.
v07-target-bce491639db2fb9c	synodal:candidate:1a68d8c9b9020cccb90d9f5f	ponomar-elizabeth-bible-2026-08-09	Josh.8.21	reviewed	synodal-russian	Reviewer confirmed the exact NFC whole-token Synodal source occurrence and printed orthography; the held-out passage is separate.
v07-target-bcebb120cbe08240	synodal:candidate:17c4dc2b0aaeb9ca053f7d57	ponomar-elizabeth-bible-2026-08-09	Lk.22.56	reviewed	synodal-russian	Reviewer confirmed the exact NFC whole-token Synodal source occurrence and printed orthography; the held-out passage is separate.
v07-target-bcf534e78b91b978	synodal:candidate:53f53d7d59fad7978c377b17	ponomar-elizabeth-bible-2026-08-09	Prov.26.10	reviewed	synodal-russian	Reviewer confirmed the exact NFC whole-token Synodal source occurrence and printed orthography; the held-out passage is separate.
v07-target-beb3172ff371c17f	synodal:candidate:066aa09a4dc61e51592cde4f	ponomar-elizabeth-bible-2026-08-09	Lk.4.29	reviewed	synodal-russian	Reviewer confirmed the exact NFC whole-token Synodal source occurrence and printed orthography; the held-out passage is separate.
v07-target-bf11f7d1f5e89a8a	synodal:candidate:0f96d32db167fecacb136e23	ponomar-elizabeth-bible-2026-08-09	Num.23.20	reviewed	synodal-russian	Reviewer confirmed the exact NFC whole-token Synodal source occurrence and printed orthography; the held-out passage is separate.
v07-target-bf2af1d714dd5632	synodal:candidate:0c423dda9dc47b41f7948e5f	ponomar-elizabeth-bible-2026-08-09	III_Esdra.9.43	reviewed	synodal-russian	Reviewer confirmed the exact NFC whole-token Synodal source occurrence and printed orthography; the held-out passage is separate.
v07-target-bf3b3559bf0003e2	synodal:candidate:142113eb75fb1ed79f61f77d	ponomar-elizabeth-bible-2026-08-09	II_Cor.11.11	reviewed	synodal-russian	Reviewer confirmed the exact NFC whole-token Synodal source occurrence and printed orthography; the held-out passage is separate.
v07-target-bfa3f1706bd09aa3	synodal:candidate:68f9c76431a70d0a4ec7a5ae	ponomar-elizabeth-bible-2026-08-09	Isa.43.27	reviewed	synodal-russian	Reviewer confirmed the exact NFC whole-token Synodal source occurrence and printed orthography; the held-out passage is separate.
v07-target-bffc376eb440a0a8	synodal:candidate:10ea637c909b769bd8c5e018	ponomar-elizabeth-bible-2026-08-09	I_Cor.1.16	reviewed	synodal-russian	Reviewer confirmed the exact NFC whole-token Synodal source occurrence and printed orthography; the held-out passage is separate.
v07-target-c0518c4ec2e0563c	synodal:candidate:0cd3af40ed6123ab3b4dbaa8	ponomar-elizabeth-bible-2026-08-09	Esther.3.14	reviewed	synodal-russian	Reviewer confirmed the exact NFC whole-token Synodal source occurrence and printed orthography; the held-out passage is separate.
v07-target-c05fd71913b06dde	synodal:candidate:1d3d3aadd31c8fe2b941b7d0	ponomar-elizabeth-bible-2026-08-09	Psalm.140.10	reviewed	synodal-russian	Reviewer confirmed the exact NFC whole-token Synodal source occurrence and printed orthography; the held-out passage is separate.
v07-target-c0c2eefc33262e02	synodal:candidate:1005aa854e7b4d99c15f1cc6	ponomar-elizabeth-bible-2026-08-09	Deut.11.32	reviewed	synodal-russian	Reviewer confirmed the exact NFC whole-token Synodal source occurrence and printed orthography; the held-out passage is separate.
v07-target-c0d414c74d2fb9fa	synodal:candidate:058920283e67994e2dca5e69	ponomar-elizabeth-bible-2026-08-09	Jerem.33.22	reviewed	synodal-russian	Reviewer confirmed the exact NFC whole-token Synodal source occurrence and printed orthography; the held-out passage is separate.
v07-target-c1a46ceb1b93071a	synodal:candidate:0ecf57f64cb2b47bd6745f77	ponomar-elizabeth-bible-2026-08-09	I_Macc.10.20	reviewed	synodal-russian	Reviewer confirmed the exact NFC whole-token Synodal source occurrence and printed orthography; the held-out passage is separate.
v07-target-c1b6356d80e6dd2b	synodal:candidate:628aefc6139d03c4d9b6d21c	ponomar-elizabeth-bible-2026-08-09	II_Cor.4.13	reviewed	synodal-russian	Reviewer confirmed the exact NFC whole-token Synodal source occurrence and printed orthography; the held-out passage is separate.
v07-target-c1e7f42aea759a87	synodal:candidate:054fee44daa2b222db809e65	ponomar-elizabeth-bible-2026-08-09	II_Kings.24.22	reviewed	synodal-russian	Reviewer confirmed the exact NFC whole-token Synodal source occurrence and printed orthography; the held-out passage is separate.
v07-target-c1f8c63d52dccb3b	synodal:candidate:03d69bf6cc4fe946869c6d59	ponomar-elizabeth-bible-2026-08-09	Jn.10.17	reviewed	synodal-russian	Reviewer confirmed the exact NFC whole-token Synodal source occurrence and printed orthography; the held-out passage is separate.
v07-target-c2b5e768782ab8a1	synodal:candidate:05de482259490fe9b858bce4	ponomar-elizabeth-bible-2026-08-09	I_Kings.25.20	reviewed	synodal-russian	Reviewer confirmed the exact NFC whole-token Synodal source occurrence and printed orthography; the held-out passage is separate.
v07-target-c358fa4309b4b123	synodal:candidate:215892de5437953732f9b07d	ponomar-elizabeth-bible-2026-08-09	Judg.9.46	reviewed	synodal-russian	Reviewer confirmed the exact NFC whole-token Synodal source occurrence and printed orthography; the held-out passage is separate.
v07-target-c3d898c1cfbaf4b1	synodal:candidate:0439679adf75ad8f8d9c633f	ponomar-elizabeth-bible-2026-08-09	I_Kings.13.6	reviewed	synodal-russian	Reviewer confirmed the exact NFC whole-token Synodal source occurrence and printed orthography; the held-out passage is separate.
v07-target-c43e802c283d3f33	synodal:candidate:38aee5e1cb91f0a7d1190401	ponomar-elizabeth-bible-2026-08-09	III_Esdra.11.32	reviewed	synodal-russian	Reviewer confirmed the exact NFC whole-token Synodal source occurrence and printed orthography; the held-out passage is separate.
v07-target-c4c5cb1c99d9851d	synodal:candidate:72e29c6f42c6524a70c9bfeb	ponomar-elizabeth-bible-2026-08-09	Acts.10.23	reviewed	synodal-russian	Reviewer confirmed the exact NFC whole-token Synodal source occurrence and printed orthography; the held-out passage is separate.
v07-target-c4dbc6e62264b1da	synodal:candidate:1a0a42ee479403d127e3da3c	ponomar-elizabeth-bible-2026-08-09	Gen.42.6	reviewed	synodal-russian	Reviewer confirmed the exact NFC whole-token Synodal source occurrence and printed orthography; the held-out passage is separate.
v07-target-c4e2fb1130c59e45	synodal:candidate:04a06d66a8b3e10c07faf507	ponomar-elizabeth-bible-2026-08-09	Gen.20.8	reviewed	synodal-russian	Reviewer confirmed the exact NFC whole-token Synodal source occurrence and printed orthography; the held-out passage is separate.
v07-target-c505f9c1ab8b6361	synodal:candidate:23a359d3321b1e26dccc324c	ponomar-elizabeth-bible-2026-08-09	Heb.7.4	reviewed	synodal-russian	Reviewer confirmed the exact NFC whole-token Synodal source occurrence and printed orthography; the held-out passage is separate.
v07-target-c549bbc7d5ee982b	synodal:candidate:54f486c16f49e84832436bb9	ponomar-elizabeth-bible-2026-08-09	III_Esdra.9.24	reviewed	synodal-russian	Reviewer confirmed the exact NFC whole-token Synodal source occurrence and printed orthography; the held-out passage is separate.
v07-target-c5853674b52857c6	synodal:candidate:00c286e1a93d4fc426076903	ponomar-elizabeth-bible-2026-08-09	Deut.33.11	reviewed	synodal-russian	Reviewer confirmed the exact NFC whole-token Synodal source occurrence and printed orthography; the held-out passage is separate.
v07-target-c5b5b7b76dfdf72d	synodal:candidate:0377a789b96918c54a1879db	ponomar-elizabeth-bible-2026-08-09	Zeph.3.3	reviewed	synodal-russian	Reviewer confirmed the exact NFC whole-token Synodal source occurrence and printed orthography; the held-out passage is separate.
v07-target-c636f0872585a205	synodal:candidate:8cff8f8fbc5a4bc0655015c3	wikisource-church-slavonic-bible-2026-08-09	Mt.25.7	reviewed	synodal-russian	Reviewer confirmed the exact NFC whole-token Synodal source occurrence and printed orthography; the held-out passage is separate.
v07-target-c647c8dbb7e12ecb	synodal:candidate:0e04054c6c62acca47dfce82	ponomar-elizabeth-bible-2026-08-09	II_Paral.23.17	reviewed	synodal-russian	Reviewer confirmed the exact NFC whole-token Synodal source occurrence and printed orthography; the held-out passage is separate.
v07-target-c66b788b573d94a3	synodal:candidate:1a47ca870a68363a357e4cbd	ponomar-elizabeth-bible-2026-08-09	Nahum.1.5	reviewed	synodal-russian	Reviewer confirmed the exact NFC whole-token Synodal source occurrence and printed orthography; the held-out passage is separate.
v07-target-c6825ee64f805421	synodal:candidate:1183cbafe58bafe62bea7f5f	ponomar-elizabeth-bible-2026-08-09	Psalm.57.6	reviewed	synodal-russian	Reviewer confirmed the exact NFC whole-token Synodal source occurrence and printed orthography; the held-out passage is separate.
v07-target-c6ed1c90755f01b4	synodal:candidate:0a11bdb13a69a4f7857b508e	ponomar-elizabeth-bible-2026-08-09	Rom.12.9	reviewed	synodal-russian	Reviewer confirmed the exact NFC whole-token Synodal source occurrence and printed orthography; the held-out passage is separate.
v07-target-c717644191d4adca	synodal:candidate:0af5c2386fa65780bf197950	ponomar-elizabeth-bible-2026-08-09	Jerem.30.8	reviewed	synodal-russian	Reviewer confirmed the exact NFC whole-token Synodal source occurrence and printed orthography; the held-out passage is separate.
v07-target-c787e6f4932700d6	synodal:candidate:24509e54a8172d19c6aefd41	ponomar-elizabeth-bible-2026-08-09	II_Paral.14.1	reviewed	synodal-russian	Reviewer confirmed the exact NFC whole-token Synodal source occurrence and printed orthography; the held-out passage is separate.
v07-target-c788babda54c2a37	synodal:candidate:036a0252bdcb93ddd6b2fd4e	ponomar-elizabeth-bible-2026-08-09	II_Paral.25.13	reviewed	synodal-russian	Reviewer confirmed the exact NFC whole-token Synodal source occurrence and printed orthography; the held-out passage is separate.
v07-target-c8fc3abb1d1485b2	synodal:candidate:0b8f04d2de9ddb04444888cb	ponomar-elizabeth-bible-2026-08-09	Acts.20.12	reviewed	synodal-russian	Reviewer confirmed the exact NFC whole-token Synodal source occurrence and printed orthography; the held-out passage is separate.
v07-target-c97406bf1ce6f840	synodal:candidate:ad0a23f1c74dd5b718f8dd4b	ponomar-elizabeth-bible-2026-08-09	Psalm.24.17	reviewed	synodal-russian	Reviewer confirmed the exact NFC whole-token Synodal source occurrence and printed orthography; the held-out passage is separate.
v07-target-c9886ef59cd4a9ca	synodal:candidate:3289189924994676a1deb9e3	ponomar-elizabeth-bible-2026-08-09	I_Macc.13.37	reviewed	synodal-russian	Reviewer confirmed the exact NFC whole-token Synodal source occurrence and printed orthography; the held-out passage is separate.
v07-target-c9f06a39c026c100	synodal:candidate:a71e335f046280168fc20dbe	ponomar-elizabeth-bible-2026-08-09	Sirach.51.27	reviewed	synodal-russian	Reviewer confirmed the exact NFC whole-token Synodal source occurrence and printed orthography; the held-out passage is separate.
v07-target-ca0c81495082a592	synodal:candidate:0719004980d285d67511147f	ponomar-elizabeth-bible-2026-08-09	Jn.4.24	reviewed	synodal-russian	Reviewer confirmed the exact NFC whole-token Synodal source occurrence and printed orthography; the held-out passage is separate.
v07-target-ca15df21f0be851d	synodal:candidate:002c49b689493ee96afaf6d5	ponomar-elizabeth-bible-2026-08-09	Jerem.49.19	reviewed	synodal-russian	Reviewer confirmed the exact NFC whole-token Synodal source occurrence and printed orthography; the held-out passage is separate.
v07-target-ca8f284997a17324	synodal:candidate:19715d9173b825f2c38e5e3b	ponomar-elizabeth-bible-2026-08-09	Mt.23.18	reviewed	synodal-russian	Reviewer confirmed the exact NFC whole-token Synodal source occurrence and printed orthography; the held-out passage is separate.
v07-target-cade85ff44ded65f	synodal:candidate:163ed7b0caf213cced8b3744	ponomar-elizabeth-bible-2026-08-09	Sirach.6.16	reviewed	synodal-russian	Reviewer confirmed the exact NFC whole-token Synodal source occurrence and printed orthography; the held-out passage is separate.
v07-target-cae15f4c2711cf47	synodal:candidate:038f1b53ed4ba38dd24aefc2	ponomar-elizabeth-bible-2026-08-09	Job.34.27	reviewed	synodal-russian	Reviewer confirmed the exact NFC whole-token Synodal source occurrence and printed orthography; the held-out passage is separate.
v07-target-cb25b09525bbbe79	synodal:candidate:001f24ac12f5b549e0f54a1d	ponomar-elizabeth-bible-2026-08-09	Tobit.3.11	reviewed	synodal-russian	Reviewer confirmed the exact NFC whole-token Synodal source occurrence and printed orthography; the held-out passage is separate.
v07-target-cba95c04996f0dc7	synodal:candidate:01496fc6a2d2ed65f35ffa83	ponomar-elizabeth-bible-2026-08-09	Jn.10.7	reviewed	synodal-russian	Reviewer confirmed the exact NFC whole-token Synodal source occurrence and printed orthography; the held-out passage is separate.
v07-target-cc4058ff080425d5	synodal:candidate:0c2fd07ecf2de37e425c322f	ponomar-elizabeth-bible-2026-08-09	Psalm.33.21	reviewed	synodal-russian	Reviewer confirmed the exact NFC whole-token Synodal source occurrence and printed orthography; the held-out passage is separate.
v07-target-cc679620d7c1455d	synodal:candidate:08d3d33584d933d516219e85	ponomar-elizabeth-bible-2026-08-09	II_Macc.10.35	reviewed	synodal-russian	Reviewer confirmed the exact NFC whole-token Synodal source occurrence and printed orthography; the held-out passage is separate.
v07-target-ccca4244dd144b7f	synodal:candidate:193656e3d0a57cae7ee7378e	ponomar-elizabeth-bible-2026-08-09	Judith.2.4	reviewed	synodal-russian	Reviewer confirmed the exact NFC whole-token Synodal source occurrence and printed orthography; the held-out passage is separate.
v07-target-ccd5247bc32f33ef	synodal:candidate:8f1227a6d45c3ce1a52c8d31	ponomar-elizabeth-bible-2026-08-09	Mt.27.18	reviewed	synodal-russian	Reviewer confirmed the exact NFC whole-token Synodal source occurrence and printed orthography; the held-out passage is separate.
v07-target-cd0663c9554f14eb	synodal:candidate:13ad3a3b5b1be8fb9f4e205b	ponomar-elizabeth-bible-2026-08-09	Gen.47.17	reviewed	synodal-russian	Reviewer confirmed the exact NFC whole-token Synodal source occurrence and printed orthography; the held-out passage is separate.
v07-target-cd76e475c6f1bfa2	synodal:candidate:055179ebf37c0909195429e8	ponomar-elizabeth-bible-2026-08-09	II_Macc.6.21	reviewed	synodal-russian	Reviewer confirmed the exact NFC whole-token Synodal source occurrence and printed orthography; the held-out passage is separate.
v07-target-cda339adf430abc4	synodal:candidate:6cc21c62c0c5ce1dbf58e25e	ponomar-elizabeth-bible-2026-08-09	II_Macc.15.15	reviewed	synodal-russian	Reviewer confirmed the exact NFC whole-token Synodal source occurrence and printed orthography; the held-out passage is separate.
v07-target-cdf1433e755403fc	synodal:candidate:1213dc1d7e9c017978caed89	ponomar-elizabeth-bible-2026-08-09	Heb.9.1	reviewed	synodal-russian	Reviewer confirmed the exact NFC whole-token Synodal source occurrence and printed orthography; the held-out passage is separate.
v07-target-ce009382a5bd704d	synodal:candidate:527a074f882eac88f123a47d	ponomar-elizabeth-bible-2026-08-09	II_Cor.7.4	reviewed	synodal-russian	Reviewer confirmed the exact NFC whole-token Synodal source occurrence and printed orthography; the held-out passage is separate.
v07-target-ce097dd83dd9e474	synodal:candidate:229bc1dcbfd5807a078ebef5	ponomar-elizabeth-bible-2026-08-09	I_Jn.5.18	reviewed	synodal-russian	Reviewer confirmed the exact NFC whole-token Synodal source occurrence and printed orthography; the held-out passage is separate.
v07-target-cf3af9be1459b34a	synodal:candidate:4b5b1e99f99ea99cee979203	ponomar-elizabeth-bible-2026-08-09	Baruch.5.6	reviewed	synodal-russian	Reviewer confirmed the exact NFC whole-token Synodal source occurrence and printed orthography; the held-out passage is separate.
v07-target-d10636f8a7586bff	synodal:candidate:0957b9a717e083c6266b92d2	ponomar-elizabeth-bible-2026-08-09	Epistle.1.24	reviewed	synodal-russian	Reviewer confirmed the exact NFC whole-token Synodal source occurrence and printed orthography; the held-out passage is separate.
v07-target-d1359f2af29c0738	synodal:candidate:0981d016324534e9292b7f84	ponomar-elizabeth-bible-2026-08-09	Joel.2.26	reviewed	synodal-russian	Reviewer confirmed the exact NFC whole-token Synodal source occurrence and printed orthography; the held-out passage is separate.
v07-target-d16a16312d87f27b	synodal:candidate:021871aab9b5e93ba2155a7f	ponomar-elizabeth-bible-2026-08-09	II_Tim.3.10	reviewed	synodal-russian	Reviewer confirmed the exact NFC whole-token Synodal source occurrence and printed orthography; the held-out passage is separate.
v07-target-d1bf7ead2fa409f3	synodal:candidate:0088d10ebb6d537b208dbb44	ponomar-elizabeth-bible-2026-08-09	Ex.15.21	reviewed	synodal-russian	Reviewer confirmed the exact NFC whole-token Synodal source occurrence and printed orthography; the held-out passage is separate.
v07-target-d1fa5337629eaddd	synodal:candidate:07c01dea8c2f5be785213324	ponomar-elizabeth-bible-2026-08-09	IV_Kings.9.33	reviewed	synodal-russian	Reviewer confirmed the exact NFC whole-token Synodal source occurrence and printed orthography; the held-out passage is separate.
v07-target-d23358d6c732bb87	synodal:candidate:0f758bfd1016ce28f5fe4bec	ponomar-elizabeth-bible-2026-08-09	I_Pet.2.8	reviewed	synodal-russian	Reviewer confirmed the exact NFC whole-token Synodal source occurrence and printed orthography; the held-out passage is separate.
v07-target-d25052342b2d0186	synodal:candidate:0827f712cc1e4b7a6364a88f	ponomar-elizabeth-bible-2026-08-09	Isa.43.22	reviewed	synodal-russian	Reviewer confirmed the exact NFC whole-token Synodal source occurrence and printed orthography; the held-out passage is separate.
v07-target-d26d96c9f2f0aa12	synodal:candidate:0b6471bf34801c2c3fc613ab	ponomar-elizabeth-bible-2026-08-09	Rom.8.5	reviewed	synodal-russian	Reviewer confirmed the exact NFC whole-token Synodal source occurrence and printed orthography; the held-out passage is separate.
v07-target-d3693eafde2faa56	synodal:candidate:02aadb394011f4d99e2e74eb	ponomar-elizabeth-bible-2026-08-09	III_Kings.6.24	reviewed	synodal-russian	Reviewer confirmed the exact NFC whole-token Synodal source occurrence and printed orthography; the held-out passage is separate.
v07-target-d381c08ee36dd508	synodal:candidate:0450f0e2ab38bc69f00dfcb4	ponomar-elizabeth-bible-2026-08-09	Isa.10.29	reviewed	synodal-russian	Reviewer confirmed the exact NFC whole-token Synodal source occurrence and printed orthography; the held-out passage is separate.
v07-target-d39400e60578014a	synodal:candidate:83a56c5de54a3546c9210e1e	ponomar-elizabeth-bible-2026-08-09	Gen.27.4	reviewed	synodal-russian	Reviewer confirmed the exact NFC whole-token Synodal source occurrence and printed orthography; the held-out passage is separate.
v07-target-d4171c67e8310f20	synodal:candidate:1a103580094de12b50386f2e	ponomar-elizabeth-bible-2026-08-09	Jerem.20.15	reviewed	synodal-russian	Reviewer confirmed the exact NFC whole-token Synodal source occurrence and printed orthography; the held-out passage is separate.
v07-target-d4450a3efbd5749c	synodal:candidate:03b85573969bbbafaef31dcb	ponomar-elizabeth-bible-2026-08-09	Num.13.30	reviewed	synodal-russian	Reviewer confirmed the exact NFC whole-token Synodal source occurrence and printed orthography; the held-out passage is separate.
v07-target-d5a2f49275eb208a	synodal:candidate:e766f15e32bdc353d4966fa2	ponomar-elizabeth-bible-2026-08-09	Sirach.18.4	reviewed	synodal-russian	Reviewer confirmed the exact NFC whole-token Synodal source occurrence and printed orthography; the held-out passage is separate.
v07-target-d5eaf5532da8ffab	synodal:candidate:03d4ebf1d3d76fd92f291831	ponomar-elizabeth-bible-2026-08-09	Dan.11.33	reviewed	synodal-russian	Reviewer confirmed the exact NFC whole-token Synodal source occurrence and printed orthography; the held-out passage is separate.
v07-target-d652de1b116985c6	synodal:candidate:00f1aeb67e971c6dd6547066	ponomar-elizabeth-bible-2026-08-09	Jerem.25.7	reviewed	synodal-russian	Reviewer confirmed the exact NFC whole-token Synodal source occurrence and printed orthography; the held-out passage is separate.
v07-target-d6be3513b00c398a	synodal:candidate:05039e235261c392322eebb7	ponomar-elizabeth-bible-2026-08-09	Mal.3.10	reviewed	synodal-russian	Reviewer confirmed the exact NFC whole-token Synodal source occurrence and printed orthography; the held-out passage is separate.
v07-target-d6c33ca6718b3d47	synodal:candidate:e350ba0d357d0d42d49b22df	ponomar-elizabeth-bible-2026-08-09	Gen.41.56	reviewed	synodal-russian	Reviewer confirmed the exact NFC whole-token Synodal source occurrence and printed orthography; the held-out passage is separate.
v07-target-d6f4df5500872652	synodal:candidate:2361c5de82131ecb4e6f26ea	ponomar-elizabeth-bible-2026-08-09	Wisd.15.19	reviewed	synodal-russian	Reviewer confirmed the exact NFC whole-token Synodal source occurrence and printed orthography; the held-out passage is separate.
v07-target-d76b6346f405d2d7	synodal:candidate:217455ace3a5b42a5e225126	ponomar-elizabeth-bible-2026-08-09	Wisd.8.13	reviewed	synodal-russian	Reviewer confirmed the exact NFC whole-token Synodal source occurrence and printed orthography; the held-out passage is separate.
v07-target-d7885de63184cccb	synodal:candidate:59869803d3c68a651e7be3f7	ponomar-elizabeth-bible-2026-08-09	I_Macc.4.35	reviewed	synodal-russian	Reviewer confirmed the exact NFC whole-token Synodal source occurrence and printed orthography; the held-out passage is separate.
v07-target-d79036b5d7289d82	synodal:candidate:29853f1200684a030aad2ad8	ponomar-elizabeth-bible-2026-08-09	Jerem.4.19	reviewed	synodal-russian	Reviewer confirmed the exact NFC whole-token Synodal source occurrence and printed orthography; the held-out passage is separate.
v07-target-d7d44ebfe3903902	synodal:candidate:0455c05d9a81b8c52a26b955	ponomar-elizabeth-bible-2026-08-09	Ruth.1.10	reviewed	synodal-russian	Reviewer confirmed the exact NFC whole-token Synodal source occurrence and printed orthography; the held-out passage is separate.
v07-target-d7e7d4d5a456547b	synodal:candidate:69a9dfcea6a7c45443d9d42d	wikisource-church-slavonic-bible-2026-08-09	Lamen.2.10	reviewed	synodal-russian	Reviewer confirmed the exact NFC whole-token Synodal source occurrence and printed orthography; the held-out passage is separate.
v07-target-d83c3773dca9357f	synodal:candidate:68184ba279d6c29b58d6b35e	ponomar-elizabeth-bible-2026-08-09	Isa.42.1	reviewed	synodal-russian	Reviewer confirmed the exact NFC whole-token Synodal source occurrence and printed orthography; the held-out passage is separate.
v07-target-d8f29f5565e26382	synodal:candidate:30462e80ddd891354ba3ea0a	ponomar-elizabeth-bible-2026-08-09	II_Cor.1.1	reviewed	synodal-russian	Reviewer confirmed the exact NFC whole-token Synodal source occurrence and printed orthography; the held-out passage is separate.
v07-target-d8fd5c653e713f3f	synodal:candidate:13af062238c9be7ac4dcae57	ponomar-elizabeth-bible-2026-08-09	Acts.16.9	reviewed	synodal-russian	Reviewer confirmed the exact NFC whole-token Synodal source occurrence and printed orthography; the held-out passage is separate.
v07-target-d927301cc554d3de	synodal:candidate:013dda9dbea5902672cf0456	ponomar-elizabeth-bible-2026-08-09	Num.25.11	reviewed	synodal-russian	Reviewer confirmed the exact NFC whole-token Synodal source occurrence and printed orthography; the held-out passage is separate.
v07-target-d93c7d730c13da88	synodal:candidate:c448a1f26d4ef196f7c8441b	wikisource-church-slavonic-bible-2026-08-09	Psalm.67.31	reviewed	synodal-russian	Reviewer confirmed the exact NFC whole-token Synodal source occurrence and printed orthography; the held-out passage is separate.
v07-target-d96724ed96e096af	synodal:candidate:02e683c4a199d792c5a355e3	ponomar-elizabeth-bible-2026-08-09	Apoc.19.20	reviewed	synodal-russian	Reviewer confirmed the exact NFC whole-token Synodal source occurrence and printed orthography; the held-out passage is separate.
v07-target-d96b45e226bd020d	synodal:candidate:0841de5d90927c7352d46d78	ponomar-elizabeth-bible-2026-08-09	Job.24.6	reviewed	synodal-russian	Reviewer confirmed the exact NFC whole-token Synodal source occurrence and printed orthography; the held-out passage is separate.
v07-target-d97e34bbbcb22626	synodal:candidate:100082a19e86357a3e18ab83	ponomar-elizabeth-bible-2026-08-09	Sirach.41.17	reviewed	synodal-russian	Reviewer confirmed the exact NFC whole-token Synodal source occurrence and printed orthography; the held-out passage is separate.
v07-target-da522407c0a5f4b6	synodal:candidate:0d2cbb65c140386e03beae2c	ponomar-elizabeth-bible-2026-08-09	Jn.8.19	reviewed	synodal-russian	Reviewer confirmed the exact NFC whole-token Synodal source occurrence and printed orthography; the held-out passage is separate.
v07-target-da7df7340809f3fd	synodal:candidate:f49bfd0340ca6d7a77da9449	ponomar-elizabeth-bible-2026-08-09	Isa.63.3	reviewed	synodal-russian	Reviewer confirmed the exact NFC whole-token Synodal source occurrence and printed orthography; the held-out passage is separate.
v07-target-daca6e7da54169be	synodal:candidate:aa0098d26814fce95359cea6	ponomar-elizabeth-bible-2026-08-09	Ex.24.8	reviewed	synodal-russian	Reviewer confirmed the exact NFC whole-token Synodal source occurrence and printed orthography; the held-out passage is separate.
v07-target-dbf19bc976c19b1b	synodal:candidate:359d55da228be1ad089fb47c	ponomar-elizabeth-bible-2026-08-09	Gen.31.4	reviewed	synodal-russian	Reviewer confirmed the exact NFC whole-token Synodal source occurrence and printed orthography; the held-out passage is separate.
v07-target-dc7f64cc59189516	synodal:candidate:03b4dc90b91e81d63bf71a85	ponomar-elizabeth-bible-2026-08-09	Ex.17.6	reviewed	synodal-russian	Reviewer confirmed the exact NFC whole-token Synodal source occurrence and printed orthography; the held-out passage is separate.
v07-target-ddf01d85e377a2d2	synodal:candidate:02b31f08f6a76cd6adb188e4	ponomar-elizabeth-bible-2026-08-09	Zech.8.21	reviewed	synodal-russian	Reviewer confirmed the exact NFC whole-token Synodal source occurrence and printed orthography; the held-out passage is separate.
v07-target-e0a08bae1cc97893	synodal:candidate:00621969760189052e7a138c	ponomar-elizabeth-bible-2026-08-09	Num.24.12	reviewed	synodal-russian	Reviewer confirmed the exact NFC whole-token Synodal source occurrence and printed orthography; the held-out passage is separate.
v07-target-e13922b7328bb2e7	synodal:candidate:0f56e5ed0197805d66fdc381	ponomar-elizabeth-bible-2026-08-09	Mt.8.18	reviewed	synodal-russian	Reviewer confirmed the exact NFC whole-token Synodal source occurrence and printed orthography; the held-out passage is separate.
v07-target-e14b5d4aa74e151f	synodal:candidate:0279c5a00302fde2cde4b971	ponomar-elizabeth-bible-2026-08-09	Jerem.19.5	reviewed	synodal-russian	Reviewer confirmed the exact NFC whole-token Synodal source occurrence and printed orthography; the held-out passage is separate.
v07-target-e17ac8b97d3e5957	synodal:candidate:27418a6d4a46699323bb8d14	ponomar-elizabeth-bible-2026-08-09	Jn.15.4	reviewed	synodal-russian	Reviewer confirmed the exact NFC whole-token Synodal source occurrence and printed orthography; the held-out passage is separate.
v07-target-e183081ce7c485e1	synodal:candidate:02c7f3f24e2c968648b886ec	ponomar-elizabeth-bible-2026-08-09	Num.16.13	reviewed	synodal-russian	Reviewer confirmed the exact NFC whole-token Synodal source occurrence and printed orthography; the held-out passage is separate.
v07-target-e1bd716a7e4e034f	synodal:candidate:212287d163a1a582daee3238	ponomar-elizabeth-bible-2026-08-09	Psalm.104.20	reviewed	synodal-russian	Reviewer confirmed the exact NFC whole-token Synodal source occurrence and printed orthography; the held-out passage is separate.
v07-target-e1d1a30a2401d53c	synodal:candidate:41a62813dea8ac1af0603b3f	ponomar-elizabeth-bible-2026-08-09	Ex.5.6	reviewed	synodal-russian	Reviewer confirmed the exact NFC whole-token Synodal source occurrence and printed orthography; the held-out passage is separate.
v07-target-e333ddd02cd6c15e	synodal:candidate:009ac5ea14805a8c1e34d924	ponomar-elizabeth-bible-2026-08-09	Dan.5.3	reviewed	synodal-russian	Reviewer confirmed the exact NFC whole-token Synodal source occurrence and printed orthography; the held-out passage is separate.
v07-target-e337ba122f239082	synodal:candidate:01787e87e46788bfee4ae562	ponomar-elizabeth-bible-2026-08-09	II_Esdra.7.9	reviewed	synodal-russian	Reviewer confirmed the exact NFC whole-token Synodal source occurrence and printed orthography; the held-out passage is separate.
v07-target-e3b6dfda4e370244	synodal:candidate:15a82365b1d49befc5920011	ponomar-elizabeth-bible-2026-08-09	Jn.11.47	reviewed	synodal-russian	Reviewer confirmed the exact NFC whole-token Synodal source occurrence and printed orthography; the held-out passage is separate.
v07-target-e3d7b6ee63ba26e3	synodal:candidate:21940298d97f154292885adf	ponomar-elizabeth-bible-2026-08-09	Gen.19.23	reviewed	synodal-russian	Reviewer confirmed the exact NFC whole-token Synodal source occurrence and printed orthography; the held-out passage is separate.
v07-target-e3e845d1dd20ada3	synodal:candidate:1a80cf6beef9ad8310911f92	ponomar-elizabeth-bible-2026-08-09	Isa.26.20	reviewed	synodal-russian	Reviewer confirmed the exact NFC whole-token Synodal source occurrence and printed orthography; the held-out passage is separate.
v07-target-e3f66db4dc662d30	synodal:candidate:154468522ac42ab843a6ee9e	ponomar-elizabeth-bible-2026-08-09	Wisd.17.5	reviewed	synodal-russian	Reviewer confirmed the exact NFC whole-token Synodal source occurrence and printed orthography; the held-out passage is separate.
v07-target-e4c4e0688152e382	synodal:candidate:262643d7e1e538aede864f77	ponomar-elizabeth-bible-2026-08-09	Ex.26.4	reviewed	synodal-russian	Reviewer confirmed the exact NFC whole-token Synodal source occurrence and printed orthography; the held-out passage is separate.
v07-target-e522f4978863f9c9	synodal:candidate:020f72f24b075664a285425d	ponomar-elizabeth-bible-2026-08-09	Sirach.38.9	reviewed	synodal-russian	Reviewer confirmed the exact NFC whole-token Synodal source occurrence and printed orthography; the held-out passage is separate.
v07-target-e581d551521cff71	synodal:candidate:10d79a2e8c0c73fb73e33cdf	ponomar-elizabeth-bible-2026-08-09	II_Kings.21.10	reviewed	synodal-russian	Reviewer confirmed the exact NFC whole-token Synodal source occurrence and printed orthography; the held-out passage is separate.
v07-target-e5bb012c02649ea6	synodal:candidate:00ef7cc818d4c7322a82e9c2	ponomar-elizabeth-bible-2026-08-09	III_Kings.2.32	reviewed	synodal-russian	Reviewer confirmed the exact NFC whole-token Synodal source occurrence and printed orthography; the held-out passage is separate.
v07-target-e5f04eeea0ce2f9a	synodal:candidate:01acdb9865746be3620d4fb0	ponomar-elizabeth-bible-2026-08-09	Obad.1.19	reviewed	synodal-russian	Reviewer confirmed the exact NFC whole-token Synodal source occurrence and printed orthography; the held-out passage is separate.
v07-target-e60fef4cdcd88c9b	synodal:candidate:06aca91dfd0c149d2d3d5fba	ponomar-elizabeth-bible-2026-08-09	Mica.4.12	reviewed	synodal-russian	Reviewer confirmed the exact NFC whole-token Synodal source occurrence and printed orthography; the held-out passage is separate.
v07-target-e6a209f66208ad46	synodal:candidate:26f62bd04b99119b2c573766	ponomar-elizabeth-bible-2026-08-09	Psalm.67.32	reviewed	synodal-russian	Reviewer confirmed the exact NFC whole-token Synodal source occurrence and printed orthography; the held-out passage is separate.
v07-target-e6b0ff064d6c8c35	synodal:candidate:054fee44daa2b222db809e65	ponomar-elizabeth-bible-2026-08-09	II_Kings.24.22	reviewed	synodal-russian	Reviewer confirmed the exact NFC whole-token Synodal source occurrence and printed orthography; the held-out passage is separate.
v07-target-e77089bf17e5d9d6	synodal:candidate:dfbcc406adeaf22c2d4cb028	ponomar-elizabeth-bible-2026-08-09	I_Pet.4.3	reviewed	synodal-russian	Reviewer confirmed the exact NFC whole-token Synodal source occurrence and printed orthography; the held-out passage is separate.
v07-target-e85212b879eebf6e	synodal:candidate:1b54ea034ae000659fcf66e0	ponomar-elizabeth-bible-2026-08-09	Ezek.44.20	reviewed	synodal-russian	Reviewer confirmed the exact NFC whole-token Synodal source occurrence and printed orthography; the held-out passage is separate.
v07-target-e8743478b1083ad7	synodal:candidate:c5b972fd7161350d621d348a	ponomar-elizabeth-bible-2026-08-09	Eccles.3.14	reviewed	synodal-russian	Reviewer confirmed the exact NFC whole-token Synodal source occurrence and printed orthography; the held-out passage is separate.
v07-target-e901e8aa6088defe	synodal:candidate:0ab4ebb58830451aba1e098d	ponomar-elizabeth-bible-2026-08-09	Gen.2.15	reviewed	synodal-russian	Reviewer confirmed the exact NFC whole-token Synodal source occurrence and printed orthography; the held-out passage is separate.
v07-target-e90cd43428ea8e53	synodal:candidate:0e1cfa4859cf47a3545ad4fe	ponomar-elizabeth-bible-2026-08-09	Prov.17.21	reviewed	synodal-russian	Reviewer confirmed the exact NFC whole-token Synodal source occurrence and printed orthography; the held-out passage is separate.
v07-target-e94e1d709bb69e61	synodal:candidate:048f0bfe20035cab17208c38	ponomar-elizabeth-bible-2026-08-09	Job.36.31	reviewed	synodal-russian	Reviewer confirmed the exact NFC whole-token Synodal source occurrence and printed orthography; the held-out passage is separate.
v07-target-e963404e7dd45e48	synodal:candidate:0d2cbb65c140386e03beae2c	ponomar-elizabeth-bible-2026-08-09	Jn.8.19	reviewed	synodal-russian	Reviewer confirmed the exact NFC whole-token Synodal source occurrence and printed orthography; the held-out passage is separate.
v07-target-ead5508187fabb4d	synodal:candidate:a615abf285ba08b12445886c	ponomar-elizabeth-bible-2026-08-09	Job.34.4	reviewed	synodal-russian	Reviewer confirmed the exact NFC whole-token Synodal source occurrence and printed orthography; the held-out passage is separate.
v07-target-eb082162aabb3c28	synodal:candidate:1a09fd47ab3bc8ba85f4902a	ponomar-elizabeth-bible-2026-08-09	IV_Kings.22.10	reviewed	synodal-russian	Reviewer confirmed the exact NFC whole-token Synodal source occurrence and printed orthography; the held-out passage is separate.
v07-target-ebed51f6581864bf	synodal:candidate:0a2eb2e7c72ea057ee8fae57	ponomar-elizabeth-bible-2026-08-09	Lk.20.31	reviewed	synodal-russian	Reviewer confirmed the exact NFC whole-token Synodal source occurrence and printed orthography; the held-out passage is separate.
v07-target-ec194da78d525f81	synodal:candidate:1fada4157ba162f41cb98a4b	ponomar-elizabeth-bible-2026-08-09	Dan.4.11	reviewed	synodal-russian	Reviewer confirmed the exact NFC whole-token Synodal source occurrence and printed orthography; the held-out passage is separate.
v07-target-ec784c8f8fb06bb8	synodal:candidate:29be4c315e1a8340c94d9226	ponomar-elizabeth-bible-2026-08-09	II_Paral.31.18	reviewed	synodal-russian	Reviewer confirmed the exact NFC whole-token Synodal source occurrence and printed orthography; the held-out passage is separate.
v07-target-ecb31616dc14f7bb	synodal:candidate:2b7bd59a8c54ff05dbbe5465	ponomar-elizabeth-bible-2026-08-09	Ezek.37.26	reviewed	synodal-russian	Reviewer confirmed the exact NFC whole-token Synodal source occurrence and printed orthography; the held-out passage is separate.
v07-target-ed1322d8136222ce	synodal:candidate:1b72f60722360cbe83bc9a50	ponomar-elizabeth-bible-2026-08-09	Composite.2.7	reviewed	synodal-russian	Reviewer confirmed the exact NFC whole-token Synodal source occurrence and printed orthography; the held-out passage is separate.
v07-target-ed3496b8bb3a5fdb	synodal:candidate:28c64258f3c218993f014b3e	ponomar-elizabeth-bible-2026-08-09	Ex.14.27	reviewed	synodal-russian	Reviewer confirmed the exact NFC whole-token Synodal source occurrence and printed orthography; the held-out passage is separate.
v07-target-ed405dea78203408	synodal:candidate:0a97bd4eaa9d020c5ab61a38	ponomar-elizabeth-bible-2026-08-09	I_Esdra.4.1	reviewed	synodal-russian	Reviewer confirmed the exact NFC whole-token Synodal source occurrence and printed orthography; the held-out passage is separate.
v07-target-edbdc4f4e629a4ca	synodal:candidate:29437355b22986e8ff78c8eb	ponomar-elizabeth-bible-2026-08-09	Psalm.100.4	reviewed	synodal-russian	Reviewer confirmed the exact NFC whole-token Synodal source occurrence and printed orthography; the held-out passage is separate.
v07-target-edc242392a2f0ae5	synodal:candidate:0b4f66b894cf4d2317f56bb2	ponomar-elizabeth-bible-2026-08-09	II_Kings.13.10	reviewed	synodal-russian	Reviewer confirmed the exact NFC whole-token Synodal source occurrence and printed orthography; the held-out passage is separate.
v07-target-ee63c90a2e2e48d8	synodal:candidate:08812235254550b78b50ffdf	ponomar-elizabeth-bible-2026-08-09	III_Macc.5.28	reviewed	synodal-russian	Reviewer confirmed the exact NFC whole-token Synodal source occurrence and printed orthography; the held-out passage is separate.
v07-target-ef29090da5b75ba4	synodal:candidate:193b695e66eb2e799c4db3db	ponomar-elizabeth-bible-2026-08-09	Num.4.11	reviewed	synodal-russian	Reviewer confirmed the exact NFC whole-token Synodal source occurrence and printed orthography; the held-out passage is separate.
v07-target-efb42eb3ec215f42	synodal:candidate:8db956fae24f677bb9b9e7cf	ponomar-elizabeth-bible-2026-08-09	Jn.16.19	reviewed	synodal-russian	Reviewer confirmed the exact NFC whole-token Synodal source occurrence and printed orthography; the held-out passage is separate.
v07-target-efcfd4b0c7023717	synodal:candidate:a0e62cc0e152d633929d476d	wikisource-church-slavonic-bible-2026-08-09	Psalm.41.10	reviewed	synodal-russian	Reviewer confirmed the exact NFC whole-token Synodal source occurrence and printed orthography; the held-out passage is separate.
v07-target-efd6a397f25ff522	synodal:candidate:980a3aed4a04625abb20df0d	ponomar-elizabeth-bible-2026-08-09	Job.16.10	reviewed	synodal-russian	Reviewer confirmed the exact NFC whole-token Synodal source occurrence and printed orthography; the held-out passage is separate.
v07-target-f00df3ac578363f3	synodal:candidate:227191f81aba5f1d437b14ed	wikisource-church-slavonic-bible-2026-08-09	II_Paral.18.24	reviewed	synodal-russian	Reviewer confirmed the exact NFC whole-token Synodal source occurrence and printed orthography; the held-out passage is separate.
v07-target-f0280a9fc9ad644f	synodal:candidate:06a6816b2871e747126f6515	ponomar-elizabeth-bible-2026-08-09	I_Kings.27.11	reviewed	synodal-russian	Reviewer confirmed the exact NFC whole-token Synodal source occurrence and printed orthography; the held-out passage is separate.
v07-target-f0551401ca5324f2	synodal:candidate:11a3de2ce77268544f702d26	wikisource-church-slavonic-bible-2026-08-09	Eccles.1.1	reviewed	synodal-russian	Reviewer confirmed the exact NFC whole-token Synodal source occurrence and printed orthography; the held-out passage is separate.
v07-target-f05da4bd188252c0	synodal:candidate:03f3149feb4fb4fae2f9744a	ponomar-elizabeth-bible-2026-08-09	Apoc.16.12	reviewed	synodal-russian	Reviewer confirmed the exact NFC whole-token Synodal source occurrence and printed orthography; the held-out passage is separate.
v07-target-f0b2fbbdfb376de8	synodal:candidate:00cc61661da9b215c64e3562	ponomar-elizabeth-bible-2026-08-09	II_Paral.28.27	reviewed	synodal-russian	Reviewer confirmed the exact NFC whole-token Synodal source occurrence and printed orthography; the held-out passage is separate.
v07-target-f1408cffe724534c	synodal:candidate:0502cd02a9518d56059cff83	ponomar-elizabeth-bible-2026-08-09	Prov.10.5	reviewed	synodal-russian	Reviewer confirmed the exact NFC whole-token Synodal source occurrence and printed orthography; the held-out passage is separate.
v07-target-f1679c67fe0f460c	synodal:candidate:00eb568e9fab77fcd092a917	ponomar-elizabeth-bible-2026-08-09	I_Jn.3.14	reviewed	synodal-russian	Reviewer confirmed the exact NFC whole-token Synodal source occurrence and printed orthography; the held-out passage is separate.
v07-target-f17467aecf9cff34	synodal:candidate:05fb787022e5b7d4e9bb3b00	ponomar-elizabeth-bible-2026-08-09	Josh.11.4	reviewed	synodal-russian	Reviewer confirmed the exact NFC whole-token Synodal source occurrence and printed orthography; the held-out passage is separate.
v07-target-f19bfea56ce8d671	synodal:candidate:0765a91855142841eaafda3a	ponomar-elizabeth-bible-2026-08-09	Rom.7.1	reviewed	synodal-russian	Reviewer confirmed the exact NFC whole-token Synodal source occurrence and printed orthography; the held-out passage is separate.
v07-target-f1aa128709afb528	synodal:candidate:01fa4a98749607766794205d	ponomar-elizabeth-bible-2026-08-09	III_Esdra.12.2	reviewed	synodal-russian	Reviewer confirmed the exact NFC whole-token Synodal source occurrence and printed orthography; the held-out passage is separate.
v07-target-f1e503dfd000fad4	synodal:candidate:066cca831fa534fbd95951a8	ponomar-elizabeth-bible-2026-08-09	Jerem.6.11	reviewed	synodal-russian	Reviewer confirmed the exact NFC whole-token Synodal source occurrence and printed orthography; the held-out passage is separate.
v07-target-f24675a95dab966f	synodal:candidate:01ddf3d5e25c4dec1679529d	ponomar-elizabeth-bible-2026-08-09	I_Kings.19.22	reviewed	synodal-russian	Reviewer confirmed the exact NFC whole-token Synodal source occurrence and printed orthography; the held-out passage is separate.
v07-target-f27dcb0e6e0e51da	synodal:candidate:0080e399289ab99b6f470560	ponomar-elizabeth-bible-2026-08-09	II_Paral.1.11	reviewed	synodal-russian	Reviewer confirmed the exact NFC whole-token Synodal source occurrence and printed orthography; the held-out passage is separate.
v07-target-f3272790b996623d	synodal:candidate:0038b261932e6c6e435b8a61	ponomar-elizabeth-bible-2026-08-09	III_Esdra.15.20	reviewed	synodal-russian	Reviewer confirmed the exact NFC whole-token Synodal source occurrence and printed orthography; the held-out passage is separate.
v07-target-f33a06008b639709	synodal:candidate:5b7895b3e30da35082d931f8	ponomar-elizabeth-bible-2026-08-09	Ex.15.25	reviewed	synodal-russian	Reviewer confirmed the exact NFC whole-token Synodal source occurrence and printed orthography; the held-out passage is separate.
v07-target-f357c895c427673c	synodal:candidate:1dc27513eace892bef087c45	ponomar-elizabeth-bible-2026-08-09	Num.23.14	reviewed	synodal-russian	Reviewer confirmed the exact NFC whole-token Synodal source occurrence and printed orthography; the held-out passage is separate.
v07-target-f38037b8fd2a544f	synodal:candidate:01742dad38262e75e389c6ef	ponomar-elizabeth-bible-2026-08-09	Ex.34.13	reviewed	synodal-russian	Reviewer confirmed the exact NFC whole-token Synodal source occurrence and printed orthography; the held-out passage is separate.
v07-target-f39919c603498cdc	synodal:candidate:0476601b623eac73399e8933	ponomar-elizabeth-bible-2026-08-09	Jn.11.50	reviewed	synodal-russian	Reviewer confirmed the exact NFC whole-token Synodal source occurrence and printed orthography; the held-out passage is separate.
v07-target-f3b79017c54d8323	synodal:candidate:a8d73d807e3cf5e94826d0fc	ponomar-elizabeth-bible-2026-08-09	Jerem.51.35	reviewed	synodal-russian	Reviewer confirmed the exact NFC whole-token Synodal source occurrence and printed orthography; the held-out passage is separate.
v07-target-f40974e44d8d1c68	synodal:candidate:0fb87503c9bc69c851ccf678	ponomar-elizabeth-bible-2026-08-09	Mk.12.36	reviewed	synodal-russian	Reviewer confirmed the exact NFC whole-token Synodal source occurrence and printed orthography; the held-out passage is separate.
v07-target-f42b9911ee4986ed	synodal:candidate:a3e6f357217e3d2a74e05078	ponomar-elizabeth-bible-2026-08-09	Psalm.37.11	reviewed	synodal-russian	Reviewer confirmed the exact NFC whole-token Synodal source occurrence and printed orthography; the held-out passage is separate.
v07-target-f46bd4b1db3a0bff	synodal:candidate:4fb0961927afb6c85b806c68	ponomar-elizabeth-bible-2026-08-09	Jn.15.12	reviewed	synodal-russian	Reviewer confirmed the exact NFC whole-token Synodal source occurrence and printed orthography; the held-out passage is separate.
v07-target-f48ccb05add8cda8	synodal:candidate:08dae0a6ad96f7b4c0bd46ef	ponomar-elizabeth-bible-2026-08-09	Apoc.7.2	reviewed	synodal-russian	Reviewer confirmed the exact NFC whole-token Synodal source occurrence and printed orthography; the held-out passage is separate.
v07-target-f493265a4bc050d0	synodal:candidate:2b460e2f690d20d17143789a	ponomar-elizabeth-bible-2026-08-09	Rom.11.4	reviewed	synodal-russian	Reviewer confirmed the exact NFC whole-token Synodal source occurrence and printed orthography; the held-out passage is separate.
v07-target-f556f76e6e48f1b3	synodal:candidate:27b0a07b6ea22850ebb0a184	ponomar-elizabeth-bible-2026-08-09	Judg.9.4	reviewed	synodal-russian	Reviewer confirmed the exact NFC whole-token Synodal source occurrence and printed orthography; the held-out passage is separate.
v07-target-f72a4cf1d751051d	synodal:candidate:052485730637284ce4eab432	ponomar-elizabeth-bible-2026-08-09	II_Macc.7.16	reviewed	synodal-russian	Reviewer confirmed the exact NFC whole-token Synodal source occurrence and printed orthography; the held-out passage is separate.
v07-target-f75af939f42b3b26	synodal:candidate:1dbfe7aef73cd714383ab4a3	ponomar-elizabeth-bible-2026-08-09	Ex.22.28	reviewed	synodal-russian	Reviewer confirmed the exact NFC whole-token Synodal source occurrence and printed orthography; the held-out passage is separate.
v07-target-f7d8e4d3bd981cce	synodal:candidate:017011a08663b54c0105e444	ponomar-elizabeth-bible-2026-08-09	Mk.3.31	reviewed	synodal-russian	Reviewer confirmed the exact NFC whole-token Synodal source occurrence and printed orthography; the held-out passage is separate.
v07-target-f7d98639a38bdb47	synodal:candidate:2531cfac6b172f1a041184b4	wikisource-church-slavonic-bible-2026-08-09	Prov.20.12	reviewed	synodal-russian	Reviewer confirmed the exact NFC whole-token Synodal source occurrence and printed orthography; the held-out passage is separate.
v07-target-f8311afc04295ef7	synodal:candidate:0fd82daea0faa70af286f772	ponomar-elizabeth-bible-2026-08-09	Prov.14.11	reviewed	synodal-russian	Reviewer confirmed the exact NFC whole-token Synodal source occurrence and printed orthography; the held-out passage is separate.
v07-target-f8722ea6ff50080f	synodal:candidate:054ec1a8d3bed44fcd8fbdee	ponomar-elizabeth-bible-2026-08-09	Gen.31.46	reviewed	synodal-russian	Reviewer confirmed the exact NFC whole-token Synodal source occurrence and printed orthography; the held-out passage is separate.
v07-target-f924befce174dc8b	synodal:candidate:260a4fd4d65bbdaf04bc72ca	ponomar-elizabeth-bible-2026-08-09	Prov.6.8	reviewed	synodal-russian	Reviewer confirmed the exact NFC whole-token Synodal source occurrence and printed orthography; the held-out passage is separate.
v07-target-f9397ead89569090	synodal:candidate:b971b25ce9fff466fa9d41cb	ponomar-elizabeth-bible-2026-08-09	Psalm.136.8	reviewed	synodal-russian	Reviewer confirmed the exact NFC whole-token Synodal source occurrence and printed orthography; the held-out passage is separate.
v07-target-f9c4e15422c16cf0	synodal:candidate:10fd85c27f0bd7ce351f79c9	ponomar-elizabeth-bible-2026-08-09	Gen.24.30	reviewed	synodal-russian	Reviewer confirmed the exact NFC whole-token Synodal source occurrence and printed orthography; the held-out passage is separate.
v07-target-fa0bd93d0f83534a	synodal:candidate:0f7661ad97ffdbe36e145ce9	ponomar-elizabeth-bible-2026-08-09	I_Cor.9.12	reviewed	synodal-russian	Reviewer confirmed the exact NFC whole-token Synodal source occurrence and printed orthography; the held-out passage is separate.
v07-target-fa29dd30ca757b5a	synodal:candidate:36579a19438dc8e66b712c12	ponomar-elizabeth-bible-2026-08-09	Tobit.10.10	reviewed	synodal-russian	Reviewer confirmed the exact NFC whole-token Synodal source occurrence and printed orthography; the held-out passage is separate.
v07-target-fa508aaefb8bcd7f	synodal:candidate:1d70d5df4df420dd7c4643a6	ponomar-elizabeth-bible-2026-08-09	Gen.43.9	reviewed	synodal-russian	Reviewer confirmed the exact NFC whole-token Synodal source occurrence and printed orthography; the held-out passage is separate.
v07-target-fa97d234ecd1f4b3	synodal:candidate:302be7a2b88332c365cd9033	ponomar-elizabeth-bible-2026-08-09	Dan.13.56	reviewed	synodal-russian	Reviewer confirmed the exact NFC whole-token Synodal source occurrence and printed orthography; the held-out passage is separate.
v07-target-fa9eac490e442024	synodal:candidate:23d3fcad90436c093f6dd443	ponomar-elizabeth-bible-2026-08-09	Ezek.16.45	reviewed	synodal-russian	Reviewer confirmed the exact NFC whole-token Synodal source occurrence and printed orthography; the held-out passage is separate.
v07-target-fac86e93120ecacb	synodal:candidate:0424ba632fe2dc12f37d8b34	ponomar-elizabeth-bible-2026-08-09	II_Esdra.3.21	reviewed	synodal-russian	Reviewer confirmed the exact NFC whole-token Synodal source occurrence and printed orthography; the held-out passage is separate.
v07-target-fb0d286ba661fa67	synodal:candidate:1c094e1295ad2ced22023ef8	ponomar-elizabeth-bible-2026-08-09	I_Macc.15.5	reviewed	synodal-russian	Reviewer confirmed the exact NFC whole-token Synodal source occurrence and printed orthography; the held-out passage is separate.
v07-target-fb109dba0f5c11c0	synodal:candidate:10feb451a15c5b82bc1378cc	ponomar-elizabeth-bible-2026-08-09	Mt.1.7	reviewed	synodal-russian	Reviewer confirmed the exact NFC whole-token Synodal source occurrence and printed orthography; the held-out passage is separate.
v07-target-fb128ec722f22f91	synodal:candidate:2e52b759e5ea1675452d95c6	ponomar-elizabeth-bible-2026-08-09	Baruch.4.16	reviewed	synodal-russian	Reviewer confirmed the exact NFC whole-token Synodal source occurrence and printed orthography; the held-out passage is separate.
v07-target-fb5c14360de83484	synodal:candidate:13d32dbd8d724294a2f9118b	ponomar-elizabeth-bible-2026-08-09	Prov.9.10	reviewed	synodal-russian	Reviewer confirmed the exact NFC whole-token Synodal source occurrence and printed orthography; the held-out passage is separate.
v07-target-fb63c4404877097a	synodal:candidate:5979bab794078ec9fd96a699	wikisource-church-slavonic-bible-2026-08-09	Mt.9.13	reviewed	synodal-russian	Reviewer confirmed the exact NFC whole-token Synodal source occurrence and printed orthography; the held-out passage is separate.
v07-target-fbdc4fdd8bbcb5c3	synodal:candidate:c39fa1b44d49290815e0bc87	ponomar-elizabeth-bible-2026-08-09	Psalm.151.6	reviewed	synodal-russian	Reviewer confirmed the exact NFC whole-token Synodal source occurrence and printed orthography; the held-out passage is separate.
v07-target-fc019f7b38c9d458	synodal:candidate:5188d97f9e210fb124c56f33	ponomar-elizabeth-bible-2026-08-09	Job.14.21	reviewed	synodal-russian	Reviewer confirmed the exact NFC whole-token Synodal source occurrence and printed orthography; the held-out passage is separate.
v07-target-fce160bae6a7c5d5	synodal:candidate:0093f8ab977e9076c21ee1cc	ponomar-elizabeth-bible-2026-08-09	III_Macc.7.9	reviewed	synodal-russian	Reviewer confirmed the exact NFC whole-token Synodal source occurrence and printed orthography; the held-out passage is separate.
v07-target-fd8428413da8a812	synodal:candidate:6f407b8165cdd81c0594a118	ponomar-elizabeth-bible-2026-08-09	Ex.2.11	reviewed	synodal-russian	Reviewer confirmed the exact NFC whole-token Synodal source occurrence and printed orthography; the held-out passage is separate.
v07-target-fd8bb0edb8b4e506	synodal:candidate:0fd82daea0faa70af286f772	ponomar-elizabeth-bible-2026-08-09	Prov.14.11	reviewed	synodal-russian	Reviewer confirmed the exact NFC whole-token Synodal source occurrence and printed orthography; the held-out passage is separate.
v07-target-fefb9e1da4708564	synodal:candidate:13075a33a3b17ba8bea35cae	ponomar-elizabeth-bible-2026-08-09	Wisd.3.16	reviewed	synodal-russian	Reviewer confirmed the exact NFC whole-token Synodal source occurrence and printed orthography; the held-out passage is separate.
v07-target-ff02068ec472fc4e	synodal:candidate:03a315be23eb64fabf6446e0	ponomar-elizabeth-bible-2026-08-09	Jude.1.15	reviewed	synodal-russian	Reviewer confirmed the exact NFC whole-token Synodal source occurrence and printed orthography; the held-out passage is separate.
v07-target-ffb28b5a81c49587	synodal:candidate:062d17f485e520c45df01fde	ponomar-elizabeth-bible-2026-08-09	Judg.7.12	reviewed	synodal-russian	Reviewer confirmed the exact NFC whole-token Synodal source occurrence and printed orthography; the held-out passage is separate.
v07-target-fff293a64397712b	synodal:candidate:0fc04aec5a90bf926f7a3140	ponomar-elizabeth-bible-2026-08-09	Num.1.42	reviewed	synodal-russian	Reviewer confirmed the exact NFC whole-token Synodal source occurrence and printed orthography; the held-out passage is separate.
