packet_id	decision	realized_unique_tokens	blocker	review_note
v07-exact-3bbd21980ec8b1e0	rejected	0	false-lexical-or-cell-alignment	Manual comparison of the source identity and cell with the target contexts found a homograph, wrong sense, or wrong inflectional cell; this proposal must not license runtime analysis.
v07-exact-dbbea99005ce0e80	rejected	0	false-lexical-or-cell-alignment	Manual comparison of the source identity and cell with the target contexts found a homograph, wrong sense, or wrong inflectional cell; this proposal must not license runtime analysis.
v07-exact-b93159728cc36453	admitted	0		Manual review confirmed lexical and semantic continuity, the bounded source-typed cell, exact NFC Synodal source spelling, and a passage-disjoint held-out witness. Admission is limited to this exact surface-cell pair.
v07-exact-abb02bab8b833c59	admitted	0		Manual review confirmed lexical and semantic continuity, the bounded source-typed cell, exact NFC Synodal source spelling, and a passage-disjoint held-out witness. Admission is limited to this exact surface-cell pair.
v07-exact-a36769c4fd8e3570	admitted	0		Manual review confirmed lexical and semantic continuity, the bounded source-typed cell, exact NFC Synodal source spelling, and a passage-disjoint held-out witness. Admission is limited to this exact surface-cell pair.
v07-exact-086d25fb1692dbe4	admitted	0		Manual review confirmed lexical and semantic continuity, the bounded source-typed cell, exact NFC Synodal source spelling, and a passage-disjoint held-out witness. Admission is limited to this exact surface-cell pair.
v07-exact-73c0df1cc5db3101	admitted	0		Manual review confirmed lexical and semantic continuity, the bounded source-typed cell, exact NFC Synodal source spelling, and a passage-disjoint held-out witness. Admission is limited to this exact surface-cell pair.
v07-exact-ef401162f84e67db	admitted	0		Manual review confirmed lexical and semantic continuity, the bounded source-typed cell, exact NFC Synodal source spelling, and a passage-disjoint held-out witness. Admission is limited to this exact surface-cell pair.
v07-exact-708d16b3186f4872	admitted	0		Manual review confirmed lexical and semantic continuity, the bounded source-typed cell, exact NFC Synodal source spelling, and a passage-disjoint held-out witness. Admission is limited to this exact surface-cell pair.
v07-exact-21cae190e9129514	admitted	0		Manual review confirmed lexical and semantic continuity, the bounded source-typed cell, exact NFC Synodal source spelling, and a passage-disjoint held-out witness. Admission is limited to this exact surface-cell pair.
v07-exact-fc397a3dc5e7c314	admitted	0		Manual review confirmed lexical and semantic continuity, the bounded source-typed cell, exact NFC Synodal source spelling, and a passage-disjoint held-out witness. Admission is limited to this exact surface-cell pair.
v07-exact-bf3804b7e0e2a38c	admitted	0		Manual review confirmed lexical and semantic continuity, the bounded source-typed cell, exact NFC Synodal source spelling, and a passage-disjoint held-out witness. Admission is limited to this exact surface-cell pair.
v07-exact-6aecad17260dbf25	rejected	0	false-lexical-or-cell-alignment	Manual comparison of the source identity and cell with the target contexts found a homograph, wrong sense, or wrong inflectional cell; this proposal must not license runtime analysis.
v07-exact-076e387b8a871923	rejected	0	false-lexical-or-cell-alignment	Manual comparison of the source identity and cell with the target contexts found a homograph, wrong sense, or wrong inflectional cell; this proposal must not license runtime analysis.
v07-exact-31df6a812b03bcc2	admitted	0		Manual review confirmed lexical and semantic continuity, the bounded source-typed cell, exact NFC Synodal source spelling, and a passage-disjoint held-out witness. Admission is limited to this exact surface-cell pair.
v07-exact-8736ff054b27ee5d	rejected	0	false-lexical-or-cell-alignment	Manual comparison of the source identity and cell with the target contexts found a homograph, wrong sense, or wrong inflectional cell; this proposal must not license runtime analysis.
v07-exact-0df99848b656acd6	rejected	0	false-lexical-or-cell-alignment	Manual comparison of the source identity and cell with the target contexts found a homograph, wrong sense, or wrong inflectional cell; this proposal must not license runtime analysis.
v07-exact-c35e58ea30c0645f	rejected	0	false-lexical-or-cell-alignment	Manual comparison of the source identity and cell with the target contexts found a homograph, wrong sense, or wrong inflectional cell; this proposal must not license runtime analysis.
v07-exact-f8ee702b94fda4d1	admitted	0		Manual review confirmed lexical and semantic continuity, the bounded source-typed cell, exact NFC Synodal source spelling, and a passage-disjoint held-out witness. Admission is limited to this exact surface-cell pair.
v07-exact-6416f15ddefdef7d	admitted	0		Manual review confirmed lexical and semantic continuity, the bounded source-typed cell, exact NFC Synodal source spelling, and a passage-disjoint held-out witness. Admission is limited to this exact surface-cell pair.
v07-exact-01aca0c6105873a6	admitted	0		Manual review confirmed lexical and semantic continuity, the bounded source-typed cell, exact NFC Synodal source spelling, and a passage-disjoint held-out witness. Admission is limited to this exact surface-cell pair.
v07-exact-4b2c97a0922b95d3	admitted	0		Manual review confirmed lexical and semantic continuity, the bounded source-typed cell, exact NFC Synodal source spelling, and a passage-disjoint held-out witness. Admission is limited to this exact surface-cell pair.
v07-exact-59127960c62b6b1b	admitted	0		Manual review confirmed lexical and semantic continuity, the bounded source-typed cell, exact NFC Synodal source spelling, and a passage-disjoint held-out witness. Admission is limited to this exact surface-cell pair.
v07-exact-dfdfb17449326484	rejected	0	false-lexical-or-cell-alignment	Manual comparison of the source identity and cell with the target contexts found a homograph, wrong sense, or wrong inflectional cell; this proposal must not license runtime analysis.
v07-exact-ee0b9df41c86b053	admitted	0		Manual review confirmed lexical and semantic continuity, the bounded source-typed cell, exact NFC Synodal source spelling, and a passage-disjoint held-out witness. Admission is limited to this exact surface-cell pair.
v07-exact-495493c11b5f10e3	admitted	0		Manual review confirmed lexical and semantic continuity, the bounded source-typed cell, exact NFC Synodal source spelling, and a passage-disjoint held-out witness. Admission is limited to this exact surface-cell pair.
v07-exact-abe55a86762163e1	admitted	0		Manual review confirmed lexical and semantic continuity, the bounded source-typed cell, exact NFC Synodal source spelling, and a passage-disjoint held-out witness. Admission is limited to this exact surface-cell pair.
v07-exact-347d45429b954501	admitted	0		Manual review confirmed lexical and semantic continuity, the bounded source-typed cell, exact NFC Synodal source spelling, and a passage-disjoint held-out witness. Admission is limited to this exact surface-cell pair.
v07-exact-c560358998f126d2	admitted	0		Manual review confirmed lexical and semantic continuity, the bounded source-typed cell, exact NFC Synodal source spelling, and a passage-disjoint held-out witness. Admission is limited to this exact surface-cell pair.
v07-exact-ec70b29c45f37029	admitted	0		Manual review confirmed lexical and semantic continuity, the bounded source-typed cell, exact NFC Synodal source spelling, and a passage-disjoint held-out witness. Admission is limited to this exact surface-cell pair.
v07-exact-62c4a50c2ce01228	admitted	0		Manual review confirmed lexical and semantic continuity, the bounded source-typed cell, exact NFC Synodal source spelling, and a passage-disjoint held-out witness. Admission is limited to this exact surface-cell pair.
v07-exact-22a978c4b272cdf2	admitted	0		Manual review confirmed lexical and semantic continuity, the bounded source-typed cell, exact NFC Synodal source spelling, and a passage-disjoint held-out witness. Admission is limited to this exact surface-cell pair.
v07-exact-515fac77a61f6663	admitted	0		Manual review confirmed lexical and semantic continuity, the bounded source-typed cell, exact NFC Synodal source spelling, and a passage-disjoint held-out witness. Admission is limited to this exact surface-cell pair.
v07-exact-07aa197f193209db	admitted	0		Manual review confirmed lexical and semantic continuity, the bounded source-typed cell, exact NFC Synodal source spelling, and a passage-disjoint held-out witness. Admission is limited to this exact surface-cell pair.
v07-exact-964d61fab8b077e9	admitted	0		Manual review confirmed lexical and semantic continuity, the bounded source-typed cell, exact NFC Synodal source spelling, and a passage-disjoint held-out witness. Admission is limited to this exact surface-cell pair.
v07-exact-8ad4abdc30ec1ec1	admitted	0		Manual review confirmed lexical and semantic continuity, the bounded source-typed cell, exact NFC Synodal source spelling, and a passage-disjoint held-out witness. Admission is limited to this exact surface-cell pair.
v07-exact-4cb1794687f75c2a	admitted	0		Manual review confirmed lexical and semantic continuity, the bounded source-typed cell, exact NFC Synodal source spelling, and a passage-disjoint held-out witness. Admission is limited to this exact surface-cell pair.
v07-exact-ed9df2cac818b399	admitted	0		Manual review confirmed lexical and semantic continuity, the bounded source-typed cell, exact NFC Synodal source spelling, and a passage-disjoint held-out witness. Admission is limited to this exact surface-cell pair.
v07-exact-60519b934a7b0300	admitted	0		Manual review confirmed lexical and semantic continuity, the bounded source-typed cell, exact NFC Synodal source spelling, and a passage-disjoint held-out witness. Admission is limited to this exact surface-cell pair.
v07-exact-026e6dc7b26d171d	admitted	0		Manual review confirmed lexical and semantic continuity, the bounded source-typed cell, exact NFC Synodal source spelling, and a passage-disjoint held-out witness. Admission is limited to this exact surface-cell pair.
v07-exact-e5b34b5b12b2db1e	admitted	0		Manual review confirmed lexical and semantic continuity, the bounded source-typed cell, exact NFC Synodal source spelling, and a passage-disjoint held-out witness. Admission is limited to this exact surface-cell pair.
v07-exact-e6bc9ce8510a291b	admitted	0		Manual review confirmed lexical and semantic continuity, the bounded source-typed cell, exact NFC Synodal source spelling, and a passage-disjoint held-out witness. Admission is limited to this exact surface-cell pair.
v07-exact-5a57974fe2ecd408	deferred	0	dedicated-abbreviation-registry-required	The marked surface must be reviewed through the typed abbreviation registry with an independently supported expansion and mark-order restrictions; it is not admitted as an ordinary exact form.
v07-exact-22e4a3b2896e9b38	deferred	0	dedicated-abbreviation-registry-required	The marked surface must be reviewed through the typed abbreviation registry with an independently supported expansion and mark-order restrictions; it is not admitted as an ordinary exact form.
v07-exact-b3cad8b7f79d03e5	admitted	0		Manual review confirmed lexical and semantic continuity, the bounded source-typed cell, exact NFC Synodal source spelling, and a passage-disjoint held-out witness. Admission is limited to this exact surface-cell pair.
v07-exact-604f1cfc765e6bcb	admitted	0		Manual review confirmed lexical and semantic continuity, the bounded source-typed cell, exact NFC Synodal source spelling, and a passage-disjoint held-out witness. Admission is limited to this exact surface-cell pair.
v07-exact-d59ef2bb3b2e2018	admitted	0		Manual review confirmed lexical and semantic continuity, the bounded source-typed cell, exact NFC Synodal source spelling, and a passage-disjoint held-out witness. Admission is limited to this exact surface-cell pair.
v07-exact-9407823555417c9d	rejected	0	false-lexical-or-cell-alignment	Manual comparison of the source identity and cell with the target contexts found a homograph, wrong sense, or wrong inflectional cell; this proposal must not license runtime analysis.
v07-exact-fd8791e6e827650d	admitted	0		Manual review confirmed lexical and semantic continuity, the bounded source-typed cell, exact NFC Synodal source spelling, and a passage-disjoint held-out witness. Admission is limited to this exact surface-cell pair.
v07-exact-b27c7498342bf5b9	admitted	0		Manual review confirmed lexical and semantic continuity, the bounded source-typed cell, exact NFC Synodal source spelling, and a passage-disjoint held-out witness. Admission is limited to this exact surface-cell pair.
v07-exact-7f6c317dca6cb6a4	admitted	0		Manual review confirmed lexical and semantic continuity, the bounded source-typed cell, exact NFC Synodal source spelling, and a passage-disjoint held-out witness. Admission is limited to this exact surface-cell pair.
v07-exact-533a4bd24c6b7b96	admitted	0		Manual review confirmed lexical and semantic continuity, the bounded source-typed cell, exact NFC Synodal source spelling, and a passage-disjoint held-out witness. Admission is limited to this exact surface-cell pair.
v07-exact-d90e6102c35c1e0d	admitted	0		Manual review confirmed lexical and semantic continuity, the bounded source-typed cell, exact NFC Synodal source spelling, and a passage-disjoint held-out witness. Admission is limited to this exact surface-cell pair.
v07-exact-01bc9d8bd6cb1e43	admitted	0		Manual review confirmed lexical and semantic continuity, the bounded source-typed cell, exact NFC Synodal source spelling, and a passage-disjoint held-out witness. Admission is limited to this exact surface-cell pair.
v07-exact-e28cd3342dfa3e1b	admitted	0		Manual review confirmed lexical and semantic continuity, the bounded source-typed cell, exact NFC Synodal source spelling, and a passage-disjoint held-out witness. Admission is limited to this exact surface-cell pair.
v07-exact-76b8243ace25ec24	admitted	0		Manual review confirmed lexical and semantic continuity, the bounded source-typed cell, exact NFC Synodal source spelling, and a passage-disjoint held-out witness. Admission is limited to this exact surface-cell pair.
v07-exact-9f8c3bec060b17e9	admitted	0		Manual review confirmed lexical and semantic continuity, the bounded source-typed cell, exact NFC Synodal source spelling, and a passage-disjoint held-out witness. Admission is limited to this exact surface-cell pair.
v07-exact-610194ba0896686a	deferred	0	dedicated-abbreviation-registry-required	The marked surface must be reviewed through the typed abbreviation registry with an independently supported expansion and mark-order restrictions; it is not admitted as an ordinary exact form.
v07-exact-ed8f4542dcef878a	admitted	0		Manual review confirmed lexical and semantic continuity, the bounded source-typed cell, exact NFC Synodal source spelling, and a passage-disjoint held-out witness. Admission is limited to this exact surface-cell pair.
v07-exact-86e5e00c6ef98df3	admitted	0		Manual review confirmed lexical and semantic continuity, the bounded source-typed cell, exact NFC Synodal source spelling, and a passage-disjoint held-out witness. Admission is limited to this exact surface-cell pair.
v07-exact-2504537d1e989950	deferred	0	dedicated-abbreviation-registry-required	The marked surface must be reviewed through the typed abbreviation registry with an independently supported expansion and mark-order restrictions; it is not admitted as an ordinary exact form.
v07-exact-c64b662e573bd5aa	admitted	0		Manual review confirmed lexical and semantic continuity, the bounded source-typed cell, exact NFC Synodal source spelling, and a passage-disjoint held-out witness. Admission is limited to this exact surface-cell pair.
v07-exact-b9299c8a631a9231	rejected	0	false-lexical-or-cell-alignment	Manual comparison of the source identity and cell with the target contexts found a homograph, wrong sense, or wrong inflectional cell; this proposal must not license runtime analysis.
v07-exact-733328a8e7e4a2c0	rejected	0	false-lexical-or-cell-alignment	Manual comparison of the source identity and cell with the target contexts found a homograph, wrong sense, or wrong inflectional cell; this proposal must not license runtime analysis.
v07-exact-301e51f180f063c5	admitted	0		Manual review confirmed lexical and semantic continuity, the bounded source-typed cell, exact NFC Synodal source spelling, and a passage-disjoint held-out witness. Admission is limited to this exact surface-cell pair.
v07-exact-437524ec0f7e508d	deferred	0	dedicated-abbreviation-registry-required	The marked surface must be reviewed through the typed abbreviation registry with an independently supported expansion and mark-order restrictions; it is not admitted as an ordinary exact form.
v07-exact-f675709fb352c737	deferred	0	dedicated-abbreviation-registry-required	The marked surface must be reviewed through the typed abbreviation registry with an independently supported expansion and mark-order restrictions; it is not admitted as an ordinary exact form.
v07-exact-ed5a709aa74dbfa0	deferred	0	dedicated-abbreviation-registry-required	The marked surface must be reviewed through the typed abbreviation registry with an independently supported expansion and mark-order restrictions; it is not admitted as an ordinary exact form.
v07-exact-710981b0be1fd7e4	deferred	0	dedicated-abbreviation-registry-required	The marked surface must be reviewed through the typed abbreviation registry with an independently supported expansion and mark-order restrictions; it is not admitted as an ordinary exact form.
v07-exact-acbc66703bebc3ad	deferred	0	dedicated-abbreviation-registry-required	The marked surface must be reviewed through the typed abbreviation registry with an independently supported expansion and mark-order restrictions; it is not admitted as an ordinary exact form.
v07-exact-7a9afc1a2fbc7058	deferred	0	dedicated-abbreviation-registry-required	The marked surface must be reviewed through the typed abbreviation registry with an independently supported expansion and mark-order restrictions; it is not admitted as an ordinary exact form.
v07-exact-645a39b631f2e448	admitted	0		Manual review confirmed lexical and semantic continuity, the bounded source-typed cell, exact NFC Synodal source spelling, and a passage-disjoint held-out witness. Admission is limited to this exact surface-cell pair.
v07-exact-2fedc92076dc65c1	admitted	0		Manual review confirmed lexical and semantic continuity, the bounded source-typed cell, exact NFC Synodal source spelling, and a passage-disjoint held-out witness. Admission is limited to this exact surface-cell pair.
v07-exact-63732d4d9f7fe8e5	deferred	0	dedicated-abbreviation-registry-required	The marked surface must be reviewed through the typed abbreviation registry with an independently supported expansion and mark-order restrictions; it is not admitted as an ordinary exact form.
v07-exact-3f50d9e4c26a56b0	deferred	0	dedicated-abbreviation-registry-required	The marked surface must be reviewed through the typed abbreviation registry with an independently supported expansion and mark-order restrictions; it is not admitted as an ordinary exact form.
v07-exact-b451c1b91f9072bd	admitted	0		Manual review confirmed lexical and semantic continuity, the bounded source-typed cell, exact NFC Synodal source spelling, and a passage-disjoint held-out witness. Admission is limited to this exact surface-cell pair.
v07-exact-812274bb14b9f9c7	admitted	0		Manual review confirmed lexical and semantic continuity, the bounded source-typed cell, exact NFC Synodal source spelling, and a passage-disjoint held-out witness. Admission is limited to this exact surface-cell pair.
v07-exact-2a106e2e06ace13e	admitted	0		Manual review confirmed lexical and semantic continuity, the bounded source-typed cell, exact NFC Synodal source spelling, and a passage-disjoint held-out witness. Admission is limited to this exact surface-cell pair.
v07-exact-9361b17329cc02b1	admitted	0		Manual review confirmed lexical and semantic continuity, the bounded source-typed cell, exact NFC Synodal source spelling, and a passage-disjoint held-out witness. Admission is limited to this exact surface-cell pair.
v07-exact-c25ac36e95b0cc34	admitted	0		Manual review confirmed lexical and semantic continuity, the bounded source-typed cell, exact NFC Synodal source spelling, and a passage-disjoint held-out witness. Admission is limited to this exact surface-cell pair.
v07-exact-c4eaafb0f9425842	admitted	0		Manual review confirmed lexical and semantic continuity, the bounded source-typed cell, exact NFC Synodal source spelling, and a passage-disjoint held-out witness. Admission is limited to this exact surface-cell pair.
v07-exact-17194145222a2b4d	admitted	0		Manual review confirmed lexical and semantic continuity, the bounded source-typed cell, exact NFC Synodal source spelling, and a passage-disjoint held-out witness. Admission is limited to this exact surface-cell pair.
v07-exact-398a7c0750faaa6f	admitted	0		Manual review confirmed lexical and semantic continuity, the bounded source-typed cell, exact NFC Synodal source spelling, and a passage-disjoint held-out witness. Admission is limited to this exact surface-cell pair.
v07-exact-8a02876186fefd33	admitted	0		Manual review confirmed lexical and semantic continuity, the bounded source-typed cell, exact NFC Synodal source spelling, and a passage-disjoint held-out witness. Admission is limited to this exact surface-cell pair.
v07-exact-d1bd080f01b4f754	deferred	0	dedicated-abbreviation-registry-required	The marked surface must be reviewed through the typed abbreviation registry with an independently supported expansion and mark-order restrictions; it is not admitted as an ordinary exact form.
v07-exact-90fcac28a5eb2423	deferred	0	dedicated-abbreviation-registry-required	The marked surface must be reviewed through the typed abbreviation registry with an independently supported expansion and mark-order restrictions; it is not admitted as an ordinary exact form.
v07-exact-a16e28aa98d9eb0a	deferred	0	dedicated-abbreviation-registry-required	The marked surface must be reviewed through the typed abbreviation registry with an independently supported expansion and mark-order restrictions; it is not admitted as an ordinary exact form.
v07-exact-8926c6ed60714f64	admitted	0		Manual review confirmed lexical and semantic continuity, the bounded source-typed cell, exact NFC Synodal source spelling, and a passage-disjoint held-out witness. Admission is limited to this exact surface-cell pair.
v07-exact-84d0b890dcad5cc8	admitted	0		Manual review confirmed lexical and semantic continuity, the bounded source-typed cell, exact NFC Synodal source spelling, and a passage-disjoint held-out witness. Admission is limited to this exact surface-cell pair.
v07-exact-491ebad268a7efa7	admitted	0		Manual review confirmed lexical and semantic continuity, the bounded source-typed cell, exact NFC Synodal source spelling, and a passage-disjoint held-out witness. Admission is limited to this exact surface-cell pair.
v07-exact-4146a9b0421c6031	admitted	0		Manual review confirmed lexical and semantic continuity, the bounded source-typed cell, exact NFC Synodal source spelling, and a passage-disjoint held-out witness. Admission is limited to this exact surface-cell pair.
v07-exact-02b036b065c041cd	admitted	0		Manual review confirmed lexical and semantic continuity, the bounded source-typed cell, exact NFC Synodal source spelling, and a passage-disjoint held-out witness. Admission is limited to this exact surface-cell pair.
v07-exact-cd1b830506e8b85a	admitted	0		Manual review confirmed lexical and semantic continuity, the bounded source-typed cell, exact NFC Synodal source spelling, and a passage-disjoint held-out witness. Admission is limited to this exact surface-cell pair.
v07-exact-489f4d4ecba8b911	admitted	0		Manual review confirmed lexical and semantic continuity, the bounded source-typed cell, exact NFC Synodal source spelling, and a passage-disjoint held-out witness. Admission is limited to this exact surface-cell pair.
v07-exact-73fbaa79ac34163b	admitted	0		Manual review confirmed lexical and semantic continuity, the bounded source-typed cell, exact NFC Synodal source spelling, and a passage-disjoint held-out witness. Admission is limited to this exact surface-cell pair.
v07-exact-c0ff7ed4ddcead81	admitted	0		Manual review confirmed lexical and semantic continuity, the bounded source-typed cell, exact NFC Synodal source spelling, and a passage-disjoint held-out witness. Admission is limited to this exact surface-cell pair.
v07-exact-87db92cb62eb04fc	admitted	0		Manual review confirmed lexical and semantic continuity, the bounded source-typed cell, exact NFC Synodal source spelling, and a passage-disjoint held-out witness. Admission is limited to this exact surface-cell pair.
v07-exact-0a35bc32f756c5d3	admitted	0		Manual review confirmed lexical and semantic continuity, the bounded source-typed cell, exact NFC Synodal source spelling, and a passage-disjoint held-out witness. Admission is limited to this exact surface-cell pair.
v07-exact-60b5c1905371b1c0	admitted	0		Manual review confirmed lexical and semantic continuity, the bounded source-typed cell, exact NFC Synodal source spelling, and a passage-disjoint held-out witness. Admission is limited to this exact surface-cell pair.
v07-exact-b5a5ec7df7672cfc	admitted	0		Manual review confirmed lexical and semantic continuity, the bounded source-typed cell, exact NFC Synodal source spelling, and a passage-disjoint held-out witness. Admission is limited to this exact surface-cell pair.
v07-exact-03d8ff2ce1fe5ab1	admitted	0		Manual review confirmed lexical and semantic continuity, the bounded source-typed cell, exact NFC Synodal source spelling, and a passage-disjoint held-out witness. Admission is limited to this exact surface-cell pair.
v07-exact-ffdb964035a88741	admitted	0		Manual review confirmed lexical and semantic continuity, the bounded source-typed cell, exact NFC Synodal source spelling, and a passage-disjoint held-out witness. Admission is limited to this exact surface-cell pair.
v07-exact-5037ddeacdd39a62	admitted	0		Manual review confirmed lexical and semantic continuity, the bounded source-typed cell, exact NFC Synodal source spelling, and a passage-disjoint held-out witness. Admission is limited to this exact surface-cell pair.
v07-exact-110d860af379a845	admitted	0		Manual review confirmed lexical and semantic continuity, the bounded source-typed cell, exact NFC Synodal source spelling, and a passage-disjoint held-out witness. Admission is limited to this exact surface-cell pair.
v07-exact-996ebb5196d9901a	admitted	0		Manual review confirmed lexical and semantic continuity, the bounded source-typed cell, exact NFC Synodal source spelling, and a passage-disjoint held-out witness. Admission is limited to this exact surface-cell pair.
v07-exact-43038957161cdd80	admitted	0		Manual review confirmed lexical and semantic continuity, the bounded source-typed cell, exact NFC Synodal source spelling, and a passage-disjoint held-out witness. Admission is limited to this exact surface-cell pair.
v07-exact-878af485b3e02287	admitted	0		Manual review confirmed lexical and semantic continuity, the bounded source-typed cell, exact NFC Synodal source spelling, and a passage-disjoint held-out witness. Admission is limited to this exact surface-cell pair.
v07-exact-f2f6fbd6f2bb5aa0	admitted	0		Manual review confirmed lexical and semantic continuity, the bounded source-typed cell, exact NFC Synodal source spelling, and a passage-disjoint held-out witness. Admission is limited to this exact surface-cell pair.
v07-exact-f2f4f347c67836ef	deferred	0	dedicated-abbreviation-registry-required	The marked surface must be reviewed through the typed abbreviation registry with an independently supported expansion and mark-order restrictions; it is not admitted as an ordinary exact form.
v07-exact-31bf810e22cbb7e5	deferred	0	dedicated-abbreviation-registry-required	The marked surface must be reviewed through the typed abbreviation registry with an independently supported expansion and mark-order restrictions; it is not admitted as an ordinary exact form.
v07-exact-60894d3f0d773673	admitted	0		Manual review confirmed lexical and semantic continuity, the bounded source-typed cell, exact NFC Synodal source spelling, and a passage-disjoint held-out witness. Admission is limited to this exact surface-cell pair.
v07-exact-21e3901b11299215	admitted	0		Manual review confirmed lexical and semantic continuity, the bounded source-typed cell, exact NFC Synodal source spelling, and a passage-disjoint held-out witness. Admission is limited to this exact surface-cell pair.
v07-exact-719ae736da55bcb6	admitted	0		Manual review confirmed lexical and semantic continuity, the bounded source-typed cell, exact NFC Synodal source spelling, and a passage-disjoint held-out witness. Admission is limited to this exact surface-cell pair.
v07-exact-70cc71a8f1472482	admitted	0		Manual review confirmed lexical and semantic continuity, the bounded source-typed cell, exact NFC Synodal source spelling, and a passage-disjoint held-out witness. Admission is limited to this exact surface-cell pair.
v07-exact-2eef00aabf799442	admitted	0		Manual review confirmed lexical and semantic continuity, the bounded source-typed cell, exact NFC Synodal source spelling, and a passage-disjoint held-out witness. Admission is limited to this exact surface-cell pair.
v07-exact-88a4dcaa1d28f71d	admitted	0		Manual review confirmed lexical and semantic continuity, the bounded source-typed cell, exact NFC Synodal source spelling, and a passage-disjoint held-out witness. Admission is limited to this exact surface-cell pair.
v07-exact-8470540db5bfd963	admitted	0		Manual review confirmed lexical and semantic continuity, the bounded source-typed cell, exact NFC Synodal source spelling, and a passage-disjoint held-out witness. Admission is limited to this exact surface-cell pair.
v07-exact-3da635c806e56bea	deferred	0	dedicated-abbreviation-registry-required	The marked surface must be reviewed through the typed abbreviation registry with an independently supported expansion and mark-order restrictions; it is not admitted as an ordinary exact form.
v07-exact-7c413721e83fa4e6	deferred	0	dedicated-abbreviation-registry-required	The marked surface must be reviewed through the typed abbreviation registry with an independently supported expansion and mark-order restrictions; it is not admitted as an ordinary exact form.
v07-exact-b8e3aaf53998b663	rejected	0	false-lexical-or-cell-alignment	Manual comparison of the source identity and cell with the target contexts found a homograph, wrong sense, or wrong inflectional cell; this proposal must not license runtime analysis.
v07-exact-0ecf16cbb5d7c225	deferred	0	dedicated-abbreviation-registry-required	The marked surface must be reviewed through the typed abbreviation registry with an independently supported expansion and mark-order restrictions; it is not admitted as an ordinary exact form.
v07-exact-7b1759b66c0f61ab	admitted	0		Manual review confirmed lexical and semantic continuity, the bounded source-typed cell, exact NFC Synodal source spelling, and a passage-disjoint held-out witness. Admission is limited to this exact surface-cell pair.
v07-exact-a39d79bd1ae1a498	admitted	0		Manual review confirmed lexical and semantic continuity, the bounded source-typed cell, exact NFC Synodal source spelling, and a passage-disjoint held-out witness. Admission is limited to this exact surface-cell pair.
v07-exact-a48133c2764dbfa2	admitted	0		Manual review confirmed lexical and semantic continuity, the bounded source-typed cell, exact NFC Synodal source spelling, and a passage-disjoint held-out witness. Admission is limited to this exact surface-cell pair.
v07-exact-79fc03150d893466	deferred	0	dedicated-abbreviation-registry-required	The marked surface must be reviewed through the typed abbreviation registry with an independently supported expansion and mark-order restrictions; it is not admitted as an ordinary exact form.
v07-exact-8c8b879f53626845	admitted	0		Manual review confirmed lexical and semantic continuity, the bounded source-typed cell, exact NFC Synodal source spelling, and a passage-disjoint held-out witness. Admission is limited to this exact surface-cell pair.
v07-exact-8f52a0888d6a7940	rejected	0	false-lexical-or-cell-alignment	Manual comparison of the source identity and cell with the target contexts found a homograph, wrong sense, or wrong inflectional cell; this proposal must not license runtime analysis.
v07-exact-9deb9611a60ae508	rejected	0	false-lexical-or-cell-alignment	Manual comparison of the source identity and cell with the target contexts found a homograph, wrong sense, or wrong inflectional cell; this proposal must not license runtime analysis.
v07-exact-3853d0baf880a011	deferred	0	target-passages-contain-multiple-proper-name-identities	The source morphology is compatible with more than one proper name, while the sampled target passages are mixed; member-specific target witnesses must be aligned before admission.
v07-exact-05d7738a78f4f5b9	deferred	0	target-passages-contain-multiple-proper-name-identities	The source morphology is compatible with more than one proper name, while the sampled target passages are mixed; member-specific target witnesses must be aligned before admission.
v07-exact-11d518f571ec41b2	deferred	0	target-passages-contain-multiple-proper-name-identities	The source morphology is compatible with more than one proper name, while the sampled target passages are mixed; member-specific target witnesses must be aligned before admission.
v07-exact-e09b0015c240bfc8	deferred	0	target-passages-contain-multiple-proper-name-identities	The source morphology is compatible with more than one proper name, while the sampled target passages are mixed; member-specific target witnesses must be aligned before admission.
v07-exact-816f8a2a66d43c67	deferred	0	target-passages-contain-multiple-proper-name-identities	The source morphology is compatible with more than one proper name, while the sampled target passages are mixed; member-specific target witnesses must be aligned before admission.
v07-exact-1835c6173a0d425f	deferred	0	target-passages-contain-multiple-proper-name-identities	The source morphology is compatible with more than one proper name, while the sampled target passages are mixed; member-specific target witnesses must be aligned before admission.
v07-exact-475495906302416e	deferred	0	target-passages-contain-multiple-proper-name-identities	The source morphology is compatible with more than one proper name, while the sampled target passages are mixed; member-specific target witnesses must be aligned before admission.
v07-exact-22fdb79fc537131e	deferred	0	target-passages-contain-multiple-proper-name-identities	The source morphology is compatible with more than one proper name, while the sampled target passages are mixed; member-specific target witnesses must be aligned before admission.
v07-exact-faec799bb9239cd3	deferred	0	target-passages-contain-multiple-proper-name-identities	The source morphology is compatible with more than one proper name, while the sampled target passages are mixed; member-specific target witnesses must be aligned before admission.
v07-exact-2194acc87798df0e	deferred	0	target-passages-contain-multiple-proper-name-identities	The source morphology is compatible with more than one proper name, while the sampled target passages are mixed; member-specific target witnesses must be aligned before admission.
v07-exact-eb3c8175dcc1a13d	deferred	0	target-passages-contain-multiple-proper-name-identities	The source morphology is compatible with more than one proper name, while the sampled target passages are mixed; member-specific target witnesses must be aligned before admission.
v07-exact-b008e3f1bf8c290c	deferred	0	target-passages-contain-multiple-proper-name-identities	The source morphology is compatible with more than one proper name, while the sampled target passages are mixed; member-specific target witnesses must be aligned before admission.
v07-exact-1990cb7526d728d9	deferred	0	target-passages-contain-multiple-proper-name-identities	The source morphology is compatible with more than one proper name, while the sampled target passages are mixed; member-specific target witnesses must be aligned before admission.
v07-exact-45f8fd690b3e6b63	deferred	0	target-passages-contain-multiple-proper-name-identities	The source morphology is compatible with more than one proper name, while the sampled target passages are mixed; member-specific target witnesses must be aligned before admission.
v07-exact-b9580b1dd72b9666	deferred	0	target-passages-contain-multiple-proper-name-identities	The source morphology is compatible with more than one proper name, while the sampled target passages are mixed; member-specific target witnesses must be aligned before admission.
v07-exact-43011601cb97c0aa	deferred	0	target-passages-contain-multiple-proper-name-identities	The source morphology is compatible with more than one proper name, while the sampled target passages are mixed; member-specific target witnesses must be aligned before admission.
v07-exact-722990fb47365625	deferred	0	target-passages-contain-multiple-proper-name-identities	The source morphology is compatible with more than one proper name, while the sampled target passages are mixed; member-specific target witnesses must be aligned before admission.
v07-exact-efb20fe5a601bb63	deferred	0	target-passages-contain-multiple-proper-name-identities	The source morphology is compatible with more than one proper name, while the sampled target passages are mixed; member-specific target witnesses must be aligned before admission.
v07-exact-ec39fd8ff7a35a84	deferred	0	target-passages-contain-multiple-proper-name-identities	The source morphology is compatible with more than one proper name, while the sampled target passages are mixed; member-specific target witnesses must be aligned before admission.
v07-exact-d8a2ba99c51d7e4c	deferred	0	target-passages-contain-multiple-proper-name-identities	The source morphology is compatible with more than one proper name, while the sampled target passages are mixed; member-specific target witnesses must be aligned before admission.
v07-exact-c7cc72c35cd6f203	deferred	0	target-passages-contain-multiple-proper-name-identities	The source morphology is compatible with more than one proper name, while the sampled target passages are mixed; member-specific target witnesses must be aligned before admission.
v07-exact-fe5f1a426ecdc411	deferred	0	target-passages-contain-multiple-proper-name-identities	The source morphology is compatible with more than one proper name, while the sampled target passages are mixed; member-specific target witnesses must be aligned before admission.
v07-exact-b0d09866dee4cc8e	deferred	0	target-passages-contain-multiple-proper-name-identities	The source morphology is compatible with more than one proper name, while the sampled target passages are mixed; member-specific target witnesses must be aligned before admission.
v07-exact-70bb47cf98e21ad4	deferred	0	target-passages-contain-multiple-proper-name-identities	The source morphology is compatible with more than one proper name, while the sampled target passages are mixed; member-specific target witnesses must be aligned before admission.
v07-exact-3a3e55f806053737	rejected	0	false-lexical-or-cell-alignment	Manual comparison of the source identity and cell with the target contexts found a homograph, wrong sense, or wrong inflectional cell; this proposal must not license runtime analysis.
v07-exact-1cb3849fe1a65923	deferred	0	dedicated-abbreviation-registry-required	The marked surface must be reviewed through the typed abbreviation registry with an independently supported expansion and mark-order restrictions; it is not admitted as an ordinary exact form.
v07-exact-8cae4f0e48bc2c8c	deferred	0	dedicated-abbreviation-registry-required	The marked surface must be reviewed through the typed abbreviation registry with an independently supported expansion and mark-order restrictions; it is not admitted as an ordinary exact form.
v07-exact-a2f01afd7bebf468	deferred	0	dedicated-abbreviation-registry-required	The marked surface must be reviewed through the typed abbreviation registry with an independently supported expansion and mark-order restrictions; it is not admitted as an ordinary exact form.
v07-exact-2988648705ae9d30	admitted	0		Manual review confirmed lexical and semantic continuity, the bounded source-typed cell, exact NFC Synodal source spelling, and a passage-disjoint held-out witness. Admission is limited to this exact surface-cell pair.
v07-exact-cd0b7cf5d12256cd	admitted	0		Manual review confirmed lexical and semantic continuity, the bounded source-typed cell, exact NFC Synodal source spelling, and a passage-disjoint held-out witness. Admission is limited to this exact surface-cell pair.
v07-exact-96309792d219d72d	admitted	0		Manual review confirmed lexical and semantic continuity, the bounded source-typed cell, exact NFC Synodal source spelling, and a passage-disjoint held-out witness. Admission is limited to this exact surface-cell pair.
v07-exact-082429dc483b9a0b	admitted	0		Manual review confirmed lexical and semantic continuity, the bounded source-typed cell, exact NFC Synodal source spelling, and a passage-disjoint held-out witness. Admission is limited to this exact surface-cell pair.
v07-exact-d7c01eae43a8039c	admitted	0		Manual review confirmed lexical and semantic continuity, the bounded source-typed cell, exact NFC Synodal source spelling, and a passage-disjoint held-out witness. Admission is limited to this exact surface-cell pair.
v07-exact-39df78b6fc10f847	deferred	0	dedicated-abbreviation-registry-required	The marked surface must be reviewed through the typed abbreviation registry with an independently supported expansion and mark-order restrictions; it is not admitted as an ordinary exact form.
v07-exact-61718e5f5f68e9ad	deferred	0	dedicated-abbreviation-registry-required	The marked surface must be reviewed through the typed abbreviation registry with an independently supported expansion and mark-order restrictions; it is not admitted as an ordinary exact form.
v07-exact-48320ef8bccdb833	admitted	0		Manual review confirmed lexical and semantic continuity, the bounded source-typed cell, exact NFC Synodal source spelling, and a passage-disjoint held-out witness. Admission is limited to this exact surface-cell pair.
v07-exact-86a2130906b7a436	admitted	0		Manual review confirmed lexical and semantic continuity, the bounded source-typed cell, exact NFC Synodal source spelling, and a passage-disjoint held-out witness. Admission is limited to this exact surface-cell pair.
v07-exact-ef8d05f08279c011	admitted	0		Manual review confirmed lexical and semantic continuity, the bounded source-typed cell, exact NFC Synodal source spelling, and a passage-disjoint held-out witness. Admission is limited to this exact surface-cell pair.
v07-exact-ec0e996fc54c97c0	admitted	0		Manual review confirmed lexical and semantic continuity, the bounded source-typed cell, exact NFC Synodal source spelling, and a passage-disjoint held-out witness. Admission is limited to this exact surface-cell pair.
v07-exact-d5b4a1a2393b1601	admitted	0		Manual review confirmed lexical and semantic continuity, the bounded source-typed cell, exact NFC Synodal source spelling, and a passage-disjoint held-out witness. Admission is limited to this exact surface-cell pair.
v07-exact-f52f2ea56d4549c0	deferred	0	dedicated-abbreviation-registry-required	The marked surface must be reviewed through the typed abbreviation registry with an independently supported expansion and mark-order restrictions; it is not admitted as an ordinary exact form.
v07-exact-5475c7e23caa1c67	deferred	0	dedicated-abbreviation-registry-required	The marked surface must be reviewed through the typed abbreviation registry with an independently supported expansion and mark-order restrictions; it is not admitted as an ordinary exact form.
v07-exact-7fbf3e064a3a2f16	deferred	0	dedicated-abbreviation-registry-required	The marked surface must be reviewed through the typed abbreviation registry with an independently supported expansion and mark-order restrictions; it is not admitted as an ordinary exact form.
v07-exact-37ca9b495ac3a268	admitted	0		Manual review confirmed lexical and semantic continuity, the bounded source-typed cell, exact NFC Synodal source spelling, and a passage-disjoint held-out witness. Admission is limited to this exact surface-cell pair.
v07-exact-84bd10aa50113edc	admitted	0		Manual review confirmed lexical and semantic continuity, the bounded source-typed cell, exact NFC Synodal source spelling, and a passage-disjoint held-out witness. Admission is limited to this exact surface-cell pair.
v07-exact-2c4186fae4e125eb	admitted	0		Manual review confirmed lexical and semantic continuity, the bounded source-typed cell, exact NFC Synodal source spelling, and a passage-disjoint held-out witness. Admission is limited to this exact surface-cell pair.
v07-exact-0cdd5db579918c55	admitted	0		Manual review confirmed lexical and semantic continuity, the bounded source-typed cell, exact NFC Synodal source spelling, and a passage-disjoint held-out witness. Admission is limited to this exact surface-cell pair.
v07-exact-7f3489e544bcd3b8	admitted	0		Manual review confirmed lexical and semantic continuity, the bounded source-typed cell, exact NFC Synodal source spelling, and a passage-disjoint held-out witness. Admission is limited to this exact surface-cell pair.
v07-exact-f246e1440b27b678	admitted	0		Manual review confirmed lexical and semantic continuity, the bounded source-typed cell, exact NFC Synodal source spelling, and a passage-disjoint held-out witness. Admission is limited to this exact surface-cell pair.
v07-exact-848a4d8348715f10	admitted	0		Manual review confirmed lexical and semantic continuity, the bounded source-typed cell, exact NFC Synodal source spelling, and a passage-disjoint held-out witness. Admission is limited to this exact surface-cell pair.
v07-exact-06b63d6759360c52	rejected	0	false-lexical-or-cell-alignment	Manual comparison of the source identity and cell with the target contexts found a homograph, wrong sense, or wrong inflectional cell; this proposal must not license runtime analysis.
v07-exact-b42c35906c757354	rejected	0	false-lexical-or-cell-alignment	Manual comparison of the source identity and cell with the target contexts found a homograph, wrong sense, or wrong inflectional cell; this proposal must not license runtime analysis.
v07-exact-d21776a0589a915c	rejected	0	false-lexical-or-cell-alignment	Manual comparison of the source identity and cell with the target contexts found a homograph, wrong sense, or wrong inflectional cell; this proposal must not license runtime analysis.
v07-exact-9b06de8cf6ed009d	rejected	0	false-lexical-or-cell-alignment	Manual comparison of the source identity and cell with the target contexts found a homograph, wrong sense, or wrong inflectional cell; this proposal must not license runtime analysis.
v07-exact-e5ee8fa65175a7a4	rejected	0	false-lexical-or-cell-alignment	Manual comparison of the source identity and cell with the target contexts found a homograph, wrong sense, or wrong inflectional cell; this proposal must not license runtime analysis.
v07-exact-36018a7b45e7d935	rejected	0	false-lexical-or-cell-alignment	Manual comparison of the source identity and cell with the target contexts found a homograph, wrong sense, or wrong inflectional cell; this proposal must not license runtime analysis.
v07-exact-2f4b5119d0a225fe	rejected	0	false-lexical-or-cell-alignment	Manual comparison of the source identity and cell with the target contexts found a homograph, wrong sense, or wrong inflectional cell; this proposal must not license runtime analysis.
v07-exact-425416e103bcd875	admitted	0		Manual review confirmed lexical and semantic continuity, the bounded source-typed cell, exact NFC Synodal source spelling, and a passage-disjoint held-out witness. Admission is limited to this exact surface-cell pair.
v07-exact-6071010a682d64ef	admitted	0		Manual review confirmed lexical and semantic continuity, the bounded source-typed cell, exact NFC Synodal source spelling, and a passage-disjoint held-out witness. Admission is limited to this exact surface-cell pair.
v07-exact-e22fffbfc3809347	admitted	0		Manual review confirmed lexical and semantic continuity, the bounded source-typed cell, exact NFC Synodal source spelling, and a passage-disjoint held-out witness. Admission is limited to this exact surface-cell pair.
v07-exact-3717b2d6d49d6080	admitted	0		Manual review confirmed lexical and semantic continuity, the bounded source-typed cell, exact NFC Synodal source spelling, and a passage-disjoint held-out witness. Admission is limited to this exact surface-cell pair.
v07-exact-ebf0d9ef8b39255c	admitted	0		Manual review confirmed lexical and semantic continuity, the bounded source-typed cell, exact NFC Synodal source spelling, and a passage-disjoint held-out witness. Admission is limited to this exact surface-cell pair.
v07-exact-3c4f211c938a5e67	admitted	0		Manual review confirmed lexical and semantic continuity, the bounded source-typed cell, exact NFC Synodal source spelling, and a passage-disjoint held-out witness. Admission is limited to this exact surface-cell pair.
v07-exact-953568c2a89caa2e	admitted	0		Manual review confirmed lexical and semantic continuity, the bounded source-typed cell, exact NFC Synodal source spelling, and a passage-disjoint held-out witness. Admission is limited to this exact surface-cell pair.
v07-exact-520b3a1dee4e6b31	admitted	0		Manual review confirmed lexical and semantic continuity, the bounded source-typed cell, exact NFC Synodal source spelling, and a passage-disjoint held-out witness. Admission is limited to this exact surface-cell pair.
v07-exact-1b243557ce8c9347	deferred	0	dedicated-abbreviation-registry-required	The marked surface must be reviewed through the typed abbreviation registry with an independently supported expansion and mark-order restrictions; it is not admitted as an ordinary exact form.
v07-exact-b2cccc80e6e1886b	admitted	0		Manual review confirmed lexical and semantic continuity, the bounded source-typed cell, exact NFC Synodal source spelling, and a passage-disjoint held-out witness. Admission is limited to this exact surface-cell pair.
v07-exact-353f7246d23cef39	admitted	0		Manual review confirmed lexical and semantic continuity, the bounded source-typed cell, exact NFC Synodal source spelling, and a passage-disjoint held-out witness. Admission is limited to this exact surface-cell pair.
v07-exact-3d412685e76fe4aa	admitted	0		Manual review confirmed lexical and semantic continuity, the bounded source-typed cell, exact NFC Synodal source spelling, and a passage-disjoint held-out witness. Admission is limited to this exact surface-cell pair.
v07-exact-a9110024e9449fbb	deferred	0	dedicated-abbreviation-registry-required	The marked surface must be reviewed through the typed abbreviation registry with an independently supported expansion and mark-order restrictions; it is not admitted as an ordinary exact form.
v07-exact-1c22bcdc1abea622	deferred	0	dedicated-abbreviation-registry-required	The marked surface must be reviewed through the typed abbreviation registry with an independently supported expansion and mark-order restrictions; it is not admitted as an ordinary exact form.
v07-exact-264678dc3886d1d9	admitted	0		Manual review confirmed lexical and semantic continuity, the bounded source-typed cell, exact NFC Synodal source spelling, and a passage-disjoint held-out witness. Admission is limited to this exact surface-cell pair.
v07-exact-3ed35689bdb163ba	rejected	0	false-lexical-or-cell-alignment	Manual comparison of the source identity and cell with the target contexts found a homograph, wrong sense, or wrong inflectional cell; this proposal must not license runtime analysis.
v07-exact-aef75781af9f50b1	admitted	0		Manual review confirmed lexical and semantic continuity, the bounded source-typed cell, exact NFC Synodal source spelling, and a passage-disjoint held-out witness. Admission is limited to this exact surface-cell pair.
v07-exact-065e730537111b91	admitted	0		Manual review confirmed lexical and semantic continuity, the bounded source-typed cell, exact NFC Synodal source spelling, and a passage-disjoint held-out witness. Admission is limited to this exact surface-cell pair.
v07-exact-911b857faa6b31ce	admitted	0		Manual review confirmed lexical and semantic continuity, the bounded source-typed cell, exact NFC Synodal source spelling, and a passage-disjoint held-out witness. Admission is limited to this exact surface-cell pair.
v07-exact-0ce785307543fd05	admitted	0		Manual review confirmed lexical and semantic continuity, the bounded source-typed cell, exact NFC Synodal source spelling, and a passage-disjoint held-out witness. Admission is limited to this exact surface-cell pair.
v07-exact-3a1f1acd5d698161	admitted	0		Manual review confirmed lexical and semantic continuity, the bounded source-typed cell, exact NFC Synodal source spelling, and a passage-disjoint held-out witness. Admission is limited to this exact surface-cell pair.
v07-exact-3171f6fb5d9ef64b	admitted	0		Manual review confirmed lexical and semantic continuity, the bounded source-typed cell, exact NFC Synodal source spelling, and a passage-disjoint held-out witness. Admission is limited to this exact surface-cell pair.
v07-exact-4e8143f515cc08c5	admitted	0		Manual review confirmed lexical and semantic continuity, the bounded source-typed cell, exact NFC Synodal source spelling, and a passage-disjoint held-out witness. Admission is limited to this exact surface-cell pair.
v07-exact-6aafea9a04a1314a	admitted	0		Manual review confirmed lexical and semantic continuity, the bounded source-typed cell, exact NFC Synodal source spelling, and a passage-disjoint held-out witness. Admission is limited to this exact surface-cell pair.
v07-exact-980643f37ae543a7	rejected	0	false-lexical-or-cell-alignment	Manual comparison of the source identity and cell with the target contexts found a homograph, wrong sense, or wrong inflectional cell; this proposal must not license runtime analysis.
v07-exact-9c69831528d1bce5	admitted	0		Manual review confirmed lexical and semantic continuity, the bounded source-typed cell, exact NFC Synodal source spelling, and a passage-disjoint held-out witness. Admission is limited to this exact surface-cell pair.
v07-exact-6732f09cbc3cc2d2	rejected	0	false-lexical-or-cell-alignment	Manual comparison of the source identity and cell with the target contexts found a homograph, wrong sense, or wrong inflectional cell; this proposal must not license runtime analysis.
v07-exact-95168a051761d86e	rejected	0	false-lexical-or-cell-alignment	Manual comparison of the source identity and cell with the target contexts found a homograph, wrong sense, or wrong inflectional cell; this proposal must not license runtime analysis.
v07-exact-9c3c1c272e2128d3	admitted	0		Manual review confirmed lexical and semantic continuity, the bounded source-typed cell, exact NFC Synodal source spelling, and a passage-disjoint held-out witness. Admission is limited to this exact surface-cell pair.
v07-exact-66ffa530d77bfcca	admitted	0		Manual review confirmed lexical and semantic continuity, the bounded source-typed cell, exact NFC Synodal source spelling, and a passage-disjoint held-out witness. Admission is limited to this exact surface-cell pair.
v07-exact-33f630f11d2b1f66	admitted	0		Manual review confirmed lexical and semantic continuity, the bounded source-typed cell, exact NFC Synodal source spelling, and a passage-disjoint held-out witness. Admission is limited to this exact surface-cell pair.
v07-exact-f7fa9836919d6854	admitted	0		Manual review confirmed lexical and semantic continuity, the bounded source-typed cell, exact NFC Synodal source spelling, and a passage-disjoint held-out witness. Admission is limited to this exact surface-cell pair.
v07-exact-afbc889e96cd9691	admitted	0		Manual review confirmed lexical and semantic continuity, the bounded source-typed cell, exact NFC Synodal source spelling, and a passage-disjoint held-out witness. Admission is limited to this exact surface-cell pair.
v07-exact-623d206395387aa2	admitted	0		Manual review confirmed lexical and semantic continuity, the bounded source-typed cell, exact NFC Synodal source spelling, and a passage-disjoint held-out witness. Admission is limited to this exact surface-cell pair.
v07-exact-3cf6017a5edfddd2	admitted	0		Manual review confirmed lexical and semantic continuity, the bounded source-typed cell, exact NFC Synodal source spelling, and a passage-disjoint held-out witness. Admission is limited to this exact surface-cell pair.
v07-exact-65719af50d5aa6fc	admitted	0		Manual review confirmed lexical and semantic continuity, the bounded source-typed cell, exact NFC Synodal source spelling, and a passage-disjoint held-out witness. Admission is limited to this exact surface-cell pair.
v07-exact-268e8b27ae43d1aa	admitted	0		Manual review confirmed lexical and semantic continuity, the bounded source-typed cell, exact NFC Synodal source spelling, and a passage-disjoint held-out witness. Admission is limited to this exact surface-cell pair.
v07-exact-9dfd5d29feadec0d	admitted	0		Manual review confirmed lexical and semantic continuity, the bounded source-typed cell, exact NFC Synodal source spelling, and a passage-disjoint held-out witness. Admission is limited to this exact surface-cell pair.
v07-exact-0c318c518289000f	admitted	0		Manual review confirmed lexical and semantic continuity, the bounded source-typed cell, exact NFC Synodal source spelling, and a passage-disjoint held-out witness. Admission is limited to this exact surface-cell pair.
v07-exact-4a0c9d42de7e6a28	admitted	0		Manual review confirmed lexical and semantic continuity, the bounded source-typed cell, exact NFC Synodal source spelling, and a passage-disjoint held-out witness. Admission is limited to this exact surface-cell pair.
v07-exact-f71ed98b755e6618	admitted	0		Manual review confirmed lexical and semantic continuity, the bounded source-typed cell, exact NFC Synodal source spelling, and a passage-disjoint held-out witness. Admission is limited to this exact surface-cell pair.
v07-exact-636f4a373726ca1d	admitted	0		Manual review confirmed lexical and semantic continuity, the bounded source-typed cell, exact NFC Synodal source spelling, and a passage-disjoint held-out witness. Admission is limited to this exact surface-cell pair.
v07-exact-80c7bcb586ee16d2	admitted	0		Manual review confirmed lexical and semantic continuity, the bounded source-typed cell, exact NFC Synodal source spelling, and a passage-disjoint held-out witness. Admission is limited to this exact surface-cell pair.
v07-exact-e2ef071460f5d65f	admitted	0		Manual review confirmed lexical and semantic continuity, the bounded source-typed cell, exact NFC Synodal source spelling, and a passage-disjoint held-out witness. Admission is limited to this exact surface-cell pair.
v07-exact-6f84cbd9af201558	admitted	0		Manual review confirmed lexical and semantic continuity, the bounded source-typed cell, exact NFC Synodal source spelling, and a passage-disjoint held-out witness. Admission is limited to this exact surface-cell pair.
v07-exact-02011da561cce865	admitted	0		Manual review confirmed lexical and semantic continuity, the bounded source-typed cell, exact NFC Synodal source spelling, and a passage-disjoint held-out witness. Admission is limited to this exact surface-cell pair.
v07-exact-be6ed0042754365b	admitted	0		Manual review confirmed lexical and semantic continuity, the bounded source-typed cell, exact NFC Synodal source spelling, and a passage-disjoint held-out witness. Admission is limited to this exact surface-cell pair.
v07-exact-8774c26e2e7af3d0	admitted	0		Manual review confirmed lexical and semantic continuity, the bounded source-typed cell, exact NFC Synodal source spelling, and a passage-disjoint held-out witness. Admission is limited to this exact surface-cell pair.
v07-exact-28bdcdbec18a4d67	admitted	0		Manual review confirmed lexical and semantic continuity, the bounded source-typed cell, exact NFC Synodal source spelling, and a passage-disjoint held-out witness. Admission is limited to this exact surface-cell pair.
v07-exact-0344cb9fdbe83274	admitted	0		Manual review confirmed lexical and semantic continuity, the bounded source-typed cell, exact NFC Synodal source spelling, and a passage-disjoint held-out witness. Admission is limited to this exact surface-cell pair.
v07-exact-d58ecff7bba2734a	admitted	0		Manual review confirmed lexical and semantic continuity, the bounded source-typed cell, exact NFC Synodal source spelling, and a passage-disjoint held-out witness. Admission is limited to this exact surface-cell pair.
v07-exact-cb4d6698457040d7	admitted	0		Manual review confirmed lexical and semantic continuity, the bounded source-typed cell, exact NFC Synodal source spelling, and a passage-disjoint held-out witness. Admission is limited to this exact surface-cell pair.
v07-exact-1148e5e37ae7375f	admitted	0		Manual review confirmed lexical and semantic continuity, the bounded source-typed cell, exact NFC Synodal source spelling, and a passage-disjoint held-out witness. Admission is limited to this exact surface-cell pair.
v07-exact-b3d2c91a5f2c0265	admitted	0		Manual review confirmed lexical and semantic continuity, the bounded source-typed cell, exact NFC Synodal source spelling, and a passage-disjoint held-out witness. Admission is limited to this exact surface-cell pair.
v07-exact-15f1b5d6cd1d1d20	admitted	0		Manual review confirmed lexical and semantic continuity, the bounded source-typed cell, exact NFC Synodal source spelling, and a passage-disjoint held-out witness. Admission is limited to this exact surface-cell pair.
v07-exact-c1eadf25fe6b6389	admitted	0		Manual review confirmed lexical and semantic continuity, the bounded source-typed cell, exact NFC Synodal source spelling, and a passage-disjoint held-out witness. Admission is limited to this exact surface-cell pair.
v07-exact-62e9416cbfdc3f1f	admitted	0		Manual review confirmed lexical and semantic continuity, the bounded source-typed cell, exact NFC Synodal source spelling, and a passage-disjoint held-out witness. Admission is limited to this exact surface-cell pair.
v07-exact-52a2f7c6e441e662	admitted	0		Manual review confirmed lexical and semantic continuity, the bounded source-typed cell, exact NFC Synodal source spelling, and a passage-disjoint held-out witness. Admission is limited to this exact surface-cell pair.
v07-exact-94d63f2330c7be90	admitted	0		Manual review confirmed lexical and semantic continuity, the bounded source-typed cell, exact NFC Synodal source spelling, and a passage-disjoint held-out witness. Admission is limited to this exact surface-cell pair.
v07-exact-f762bdd4c74171a9	deferred	0	dedicated-abbreviation-registry-required	The marked surface must be reviewed through the typed abbreviation registry with an independently supported expansion and mark-order restrictions; it is not admitted as an ordinary exact form.
v07-exact-325044691eb1df24	deferred	0	dedicated-abbreviation-registry-required	The marked surface must be reviewed through the typed abbreviation registry with an independently supported expansion and mark-order restrictions; it is not admitted as an ordinary exact form.
v07-exact-573b60bba53b0bbd	deferred	0	dedicated-abbreviation-registry-required	The marked surface must be reviewed through the typed abbreviation registry with an independently supported expansion and mark-order restrictions; it is not admitted as an ordinary exact form.
v07-exact-bff5430d4533ce59	deferred	0	dedicated-abbreviation-registry-required	The marked surface must be reviewed through the typed abbreviation registry with an independently supported expansion and mark-order restrictions; it is not admitted as an ordinary exact form.
v07-exact-325582c4942a490b	admitted	0		Manual review confirmed lexical and semantic continuity, the bounded source-typed cell, exact NFC Synodal source spelling, and a passage-disjoint held-out witness. Admission is limited to this exact surface-cell pair.
v07-exact-ef7cf08f20a80f7a	admitted	0		Manual review confirmed lexical and semantic continuity, the bounded source-typed cell, exact NFC Synodal source spelling, and a passage-disjoint held-out witness. Admission is limited to this exact surface-cell pair.
v07-exact-86cd27104fb8ff6c	admitted	0		Manual review confirmed lexical and semantic continuity, the bounded source-typed cell, exact NFC Synodal source spelling, and a passage-disjoint held-out witness. Admission is limited to this exact surface-cell pair.
v07-exact-ec8b57c4c66ebc24	admitted	0		Manual review confirmed lexical and semantic continuity, the bounded source-typed cell, exact NFC Synodal source spelling, and a passage-disjoint held-out witness. Admission is limited to this exact surface-cell pair.
v07-exact-4ef9d5be183e7bbf	admitted	0		Manual review confirmed lexical and semantic continuity, the bounded source-typed cell, exact NFC Synodal source spelling, and a passage-disjoint held-out witness. Admission is limited to this exact surface-cell pair.
v07-exact-c6c34938f84ed667	admitted	0		Manual review confirmed lexical and semantic continuity, the bounded source-typed cell, exact NFC Synodal source spelling, and a passage-disjoint held-out witness. Admission is limited to this exact surface-cell pair.
v07-exact-6e2a83a964ab82a5	admitted	0		Manual review confirmed lexical and semantic continuity, the bounded source-typed cell, exact NFC Synodal source spelling, and a passage-disjoint held-out witness. Admission is limited to this exact surface-cell pair.
v07-exact-dd3a4882a4583343	admitted	0		Manual review confirmed lexical and semantic continuity, the bounded source-typed cell, exact NFC Synodal source spelling, and a passage-disjoint held-out witness. Admission is limited to this exact surface-cell pair.
v07-exact-cea9d269717a141e	admitted	0		Manual review confirmed lexical and semantic continuity, the bounded source-typed cell, exact NFC Synodal source spelling, and a passage-disjoint held-out witness. Admission is limited to this exact surface-cell pair.
v07-exact-3feb0680ee5fa989	admitted	0		Manual review confirmed lexical and semantic continuity, the bounded source-typed cell, exact NFC Synodal source spelling, and a passage-disjoint held-out witness. Admission is limited to this exact surface-cell pair.
v07-exact-e6cb80fadef2a462	admitted	0		Manual review confirmed lexical and semantic continuity, the bounded source-typed cell, exact NFC Synodal source spelling, and a passage-disjoint held-out witness. Admission is limited to this exact surface-cell pair.
v07-exact-e8652f905ef3da4c	admitted	0		Manual review confirmed lexical and semantic continuity, the bounded source-typed cell, exact NFC Synodal source spelling, and a passage-disjoint held-out witness. Admission is limited to this exact surface-cell pair.
v07-exact-2a50f2e4f7a2b00e	admitted	0		Manual review confirmed lexical and semantic continuity, the bounded source-typed cell, exact NFC Synodal source spelling, and a passage-disjoint held-out witness. Admission is limited to this exact surface-cell pair.
v07-exact-0e26891a1d762ca2	admitted	0		Manual review confirmed lexical and semantic continuity, the bounded source-typed cell, exact NFC Synodal source spelling, and a passage-disjoint held-out witness. Admission is limited to this exact surface-cell pair.
v07-exact-31229b77d35dd930	admitted	0		Manual review confirmed lexical and semantic continuity, the bounded source-typed cell, exact NFC Synodal source spelling, and a passage-disjoint held-out witness. Admission is limited to this exact surface-cell pair.
v07-exact-b223b91b7b501035	admitted	0		Manual review confirmed lexical and semantic continuity, the bounded source-typed cell, exact NFC Synodal source spelling, and a passage-disjoint held-out witness. Admission is limited to this exact surface-cell pair.
v07-exact-42227c394f3c2775	admitted	0		Manual review confirmed lexical and semantic continuity, the bounded source-typed cell, exact NFC Synodal source spelling, and a passage-disjoint held-out witness. Admission is limited to this exact surface-cell pair.
v07-exact-595f6317795e8228	admitted	0		Manual review confirmed lexical and semantic continuity, the bounded source-typed cell, exact NFC Synodal source spelling, and a passage-disjoint held-out witness. Admission is limited to this exact surface-cell pair.
v07-exact-d30bcd2a40db6d18	admitted	0		Manual review confirmed lexical and semantic continuity, the bounded source-typed cell, exact NFC Synodal source spelling, and a passage-disjoint held-out witness. Admission is limited to this exact surface-cell pair.
v07-exact-69377d6c26ab52c6	admitted	0		Manual review confirmed lexical and semantic continuity, the bounded source-typed cell, exact NFC Synodal source spelling, and a passage-disjoint held-out witness. Admission is limited to this exact surface-cell pair.
v07-exact-d1a4dd4c7869514f	admitted	0		Manual review confirmed lexical and semantic continuity, the bounded source-typed cell, exact NFC Synodal source spelling, and a passage-disjoint held-out witness. Admission is limited to this exact surface-cell pair.
v07-exact-6f57632504bc1ca3	admitted	0		Manual review confirmed lexical and semantic continuity, the bounded source-typed cell, exact NFC Synodal source spelling, and a passage-disjoint held-out witness. Admission is limited to this exact surface-cell pair.
v07-exact-5b37f50a0d82d680	admitted	0		Manual review confirmed lexical and semantic continuity, the bounded source-typed cell, exact NFC Synodal source spelling, and a passage-disjoint held-out witness. Admission is limited to this exact surface-cell pair.
v07-exact-0ea0c934932ef10d	admitted	0		Manual review confirmed lexical and semantic continuity, the bounded source-typed cell, exact NFC Synodal source spelling, and a passage-disjoint held-out witness. Admission is limited to this exact surface-cell pair.
v07-exact-5bf8032fc0bef888	admitted	0		Manual review confirmed lexical and semantic continuity, the bounded source-typed cell, exact NFC Synodal source spelling, and a passage-disjoint held-out witness. Admission is limited to this exact surface-cell pair.
v07-exact-454eaeaeb8b2ebb7	admitted	0		Manual review confirmed lexical and semantic continuity, the bounded source-typed cell, exact NFC Synodal source spelling, and a passage-disjoint held-out witness. Admission is limited to this exact surface-cell pair.
v07-exact-cc0380ce82656453	admitted	0		Manual review confirmed lexical and semantic continuity, the bounded source-typed cell, exact NFC Synodal source spelling, and a passage-disjoint held-out witness. Admission is limited to this exact surface-cell pair.
v07-exact-1e01d32fb55b28ed	admitted	0		Manual review confirmed lexical and semantic continuity, the bounded source-typed cell, exact NFC Synodal source spelling, and a passage-disjoint held-out witness. Admission is limited to this exact surface-cell pair.
v07-exact-684bd17d719306b8	admitted	0		Manual review confirmed lexical and semantic continuity, the bounded source-typed cell, exact NFC Synodal source spelling, and a passage-disjoint held-out witness. Admission is limited to this exact surface-cell pair.
v07-exact-39e48467ca189f12	admitted	0		Manual review confirmed lexical and semantic continuity, the bounded source-typed cell, exact NFC Synodal source spelling, and a passage-disjoint held-out witness. Admission is limited to this exact surface-cell pair.
v07-exact-de6eefa9b3597de9	admitted	0		Manual review confirmed lexical and semantic continuity, the bounded source-typed cell, exact NFC Synodal source spelling, and a passage-disjoint held-out witness. Admission is limited to this exact surface-cell pair.
v07-exact-4608f415732f2943	deferred	0	dedicated-abbreviation-registry-required	The marked surface must be reviewed through the typed abbreviation registry with an independently supported expansion and mark-order restrictions; it is not admitted as an ordinary exact form.
v07-exact-cde0e0668c3dd540	admitted	0		Manual review confirmed lexical and semantic continuity, the bounded source-typed cell, exact NFC Synodal source spelling, and a passage-disjoint held-out witness. Admission is limited to this exact surface-cell pair.
v07-exact-486c6ddd41462081	admitted	0		Manual review confirmed lexical and semantic continuity, the bounded source-typed cell, exact NFC Synodal source spelling, and a passage-disjoint held-out witness. Admission is limited to this exact surface-cell pair.
v07-exact-bf2a28e7c3c40aaa	admitted	0		Manual review confirmed lexical and semantic continuity, the bounded source-typed cell, exact NFC Synodal source spelling, and a passage-disjoint held-out witness. Admission is limited to this exact surface-cell pair.
v07-exact-814d8b962e02f927	admitted	0		Manual review confirmed lexical and semantic continuity, the bounded source-typed cell, exact NFC Synodal source spelling, and a passage-disjoint held-out witness. Admission is limited to this exact surface-cell pair.
v07-exact-407128e13111a7fc	rejected	0	false-lexical-or-cell-alignment	Manual comparison of the source identity and cell with the target contexts found a homograph, wrong sense, or wrong inflectional cell; this proposal must not license runtime analysis.
v07-exact-79856b6389b2bff0	rejected	0	false-lexical-or-cell-alignment	Manual comparison of the source identity and cell with the target contexts found a homograph, wrong sense, or wrong inflectional cell; this proposal must not license runtime analysis.
v07-exact-c3209585ef086b92	rejected	0	false-lexical-or-cell-alignment	Manual comparison of the source identity and cell with the target contexts found a homograph, wrong sense, or wrong inflectional cell; this proposal must not license runtime analysis.
v07-exact-7dc33f621fba4d62	admitted	0		Manual review confirmed lexical and semantic continuity, the bounded source-typed cell, exact NFC Synodal source spelling, and a passage-disjoint held-out witness. Admission is limited to this exact surface-cell pair.
v07-exact-234af79919d567a2	admitted	0		Manual review confirmed lexical and semantic continuity, the bounded source-typed cell, exact NFC Synodal source spelling, and a passage-disjoint held-out witness. Admission is limited to this exact surface-cell pair.
v07-exact-3f655ff38336bf74	admitted	0		Manual review confirmed lexical and semantic continuity, the bounded source-typed cell, exact NFC Synodal source spelling, and a passage-disjoint held-out witness. Admission is limited to this exact surface-cell pair.
v07-exact-a659540ccd50d20c	admitted	0		Manual review confirmed lexical and semantic continuity, the bounded source-typed cell, exact NFC Synodal source spelling, and a passage-disjoint held-out witness. Admission is limited to this exact surface-cell pair.
v07-exact-3e75642ad2168c93	admitted	0		Manual review confirmed lexical and semantic continuity, the bounded source-typed cell, exact NFC Synodal source spelling, and a passage-disjoint held-out witness. Admission is limited to this exact surface-cell pair.
v07-exact-3633b6d400067f6d	admitted	0		Manual review confirmed lexical and semantic continuity, the bounded source-typed cell, exact NFC Synodal source spelling, and a passage-disjoint held-out witness. Admission is limited to this exact surface-cell pair.
v07-exact-250c9ffaf2b5af7b	admitted	0		Manual review confirmed lexical and semantic continuity, the bounded source-typed cell, exact NFC Synodal source spelling, and a passage-disjoint held-out witness. Admission is limited to this exact surface-cell pair.
v07-exact-d88254b8daa96640	admitted	0		Manual review confirmed lexical and semantic continuity, the bounded source-typed cell, exact NFC Synodal source spelling, and a passage-disjoint held-out witness. Admission is limited to this exact surface-cell pair.
v07-exact-28a72e37a5e91d92	admitted	0		Manual review confirmed lexical and semantic continuity, the bounded source-typed cell, exact NFC Synodal source spelling, and a passage-disjoint held-out witness. Admission is limited to this exact surface-cell pair.
v07-exact-4e0e370a60aef114	admitted	0		Manual review confirmed lexical and semantic continuity, the bounded source-typed cell, exact NFC Synodal source spelling, and a passage-disjoint held-out witness. Admission is limited to this exact surface-cell pair.
v07-exact-09c656c47efb6936	admitted	0		Manual review confirmed lexical and semantic continuity, the bounded source-typed cell, exact NFC Synodal source spelling, and a passage-disjoint held-out witness. Admission is limited to this exact surface-cell pair.
v07-exact-c3aa51b8092c641f	admitted	0		Manual review confirmed lexical and semantic continuity, the bounded source-typed cell, exact NFC Synodal source spelling, and a passage-disjoint held-out witness. Admission is limited to this exact surface-cell pair.
v07-exact-ead94ad961a8c285	admitted	0		Manual review confirmed lexical and semantic continuity, the bounded source-typed cell, exact NFC Synodal source spelling, and a passage-disjoint held-out witness. Admission is limited to this exact surface-cell pair.
v07-exact-cfce468715d9d251	admitted	0		Manual review confirmed lexical and semantic continuity, the bounded source-typed cell, exact NFC Synodal source spelling, and a passage-disjoint held-out witness. Admission is limited to this exact surface-cell pair.
v07-exact-0577bf08c9371926	admitted	0		Manual review confirmed lexical and semantic continuity, the bounded source-typed cell, exact NFC Synodal source spelling, and a passage-disjoint held-out witness. Admission is limited to this exact surface-cell pair.
v07-exact-f6816ba807c682ee	admitted	0		Manual review confirmed lexical and semantic continuity, the bounded source-typed cell, exact NFC Synodal source spelling, and a passage-disjoint held-out witness. Admission is limited to this exact surface-cell pair.
v07-exact-72a1e54098ab39d2	admitted	0		Manual review confirmed lexical and semantic continuity, the bounded source-typed cell, exact NFC Synodal source spelling, and a passage-disjoint held-out witness. Admission is limited to this exact surface-cell pair.
v07-exact-fc4037d4445376f4	admitted	0		Manual review confirmed lexical and semantic continuity, the bounded source-typed cell, exact NFC Synodal source spelling, and a passage-disjoint held-out witness. Admission is limited to this exact surface-cell pair.
v07-exact-2455eda4b8ccc409	admitted	0		Manual review confirmed lexical and semantic continuity, the bounded source-typed cell, exact NFC Synodal source spelling, and a passage-disjoint held-out witness. Admission is limited to this exact surface-cell pair.
v07-exact-3d5647ba3396b48a	admitted	0		Manual review confirmed lexical and semantic continuity, the bounded source-typed cell, exact NFC Synodal source spelling, and a passage-disjoint held-out witness. Admission is limited to this exact surface-cell pair.
v07-exact-12a1d86004bac6ee	rejected	0	false-lexical-or-cell-alignment	Manual comparison of the source identity and cell with the target contexts found a homograph, wrong sense, or wrong inflectional cell; this proposal must not license runtime analysis.
v07-exact-d2aa10965eb63bfd	rejected	0	false-lexical-or-cell-alignment	Manual comparison of the source identity and cell with the target contexts found a homograph, wrong sense, or wrong inflectional cell; this proposal must not license runtime analysis.
v07-exact-dc5a58b665cd0d15	rejected	0	false-lexical-or-cell-alignment	Manual comparison of the source identity and cell with the target contexts found a homograph, wrong sense, or wrong inflectional cell; this proposal must not license runtime analysis.
v07-exact-808cca8c9d2b692e	rejected	0	false-lexical-or-cell-alignment	Manual comparison of the source identity and cell with the target contexts found a homograph, wrong sense, or wrong inflectional cell; this proposal must not license runtime analysis.
v07-exact-375a281b8ecb2c03	admitted	0		Manual review confirmed lexical and semantic continuity, the bounded source-typed cell, exact NFC Synodal source spelling, and a passage-disjoint held-out witness. Admission is limited to this exact surface-cell pair.
v07-exact-085ec7e9c4501275	rejected	0	false-lexical-or-cell-alignment	Manual comparison of the source identity and cell with the target contexts found a homograph, wrong sense, or wrong inflectional cell; this proposal must not license runtime analysis.
v07-exact-413f353c10dd073c	admitted	0		Manual review confirmed lexical and semantic continuity, the bounded source-typed cell, exact NFC Synodal source spelling, and a passage-disjoint held-out witness. Admission is limited to this exact surface-cell pair.
v07-exact-ad6578262af68858	admitted	0		Manual review confirmed lexical and semantic continuity, the bounded source-typed cell, exact NFC Synodal source spelling, and a passage-disjoint held-out witness. Admission is limited to this exact surface-cell pair.
v07-exact-2af8224a830e8de8	admitted	0		Manual review confirmed lexical and semantic continuity, the bounded source-typed cell, exact NFC Synodal source spelling, and a passage-disjoint held-out witness. Admission is limited to this exact surface-cell pair.
v07-exact-c8c602003ede536e	admitted	0		Manual review confirmed lexical and semantic continuity, the bounded source-typed cell, exact NFC Synodal source spelling, and a passage-disjoint held-out witness. Admission is limited to this exact surface-cell pair.
v07-exact-231a8573ae5b75f6	deferred	0	dedicated-abbreviation-registry-required	The marked surface must be reviewed through the typed abbreviation registry with an independently supported expansion and mark-order restrictions; it is not admitted as an ordinary exact form.
v07-exact-46c62b250e4a922c	deferred	0	dedicated-abbreviation-registry-required	The marked surface must be reviewed through the typed abbreviation registry with an independently supported expansion and mark-order restrictions; it is not admitted as an ordinary exact form.
v07-exact-b388a6dedcc8179a	deferred	0	dedicated-abbreviation-registry-required	The marked surface must be reviewed through the typed abbreviation registry with an independently supported expansion and mark-order restrictions; it is not admitted as an ordinary exact form.
v07-exact-7dcc187c86cb6fbb	admitted	0		Manual review confirmed lexical and semantic continuity, the bounded source-typed cell, exact NFC Synodal source spelling, and a passage-disjoint held-out witness. Admission is limited to this exact surface-cell pair.
v07-exact-2d4a659c9db49401	admitted	0		Manual review confirmed lexical and semantic continuity, the bounded source-typed cell, exact NFC Synodal source spelling, and a passage-disjoint held-out witness. Admission is limited to this exact surface-cell pair.
v07-exact-3a6b530e65a97c15	admitted	0		Manual review confirmed lexical and semantic continuity, the bounded source-typed cell, exact NFC Synodal source spelling, and a passage-disjoint held-out witness. Admission is limited to this exact surface-cell pair.
v07-exact-44ab3a3ab53020cf	admitted	0		Manual review confirmed lexical and semantic continuity, the bounded source-typed cell, exact NFC Synodal source spelling, and a passage-disjoint held-out witness. Admission is limited to this exact surface-cell pair.
v07-exact-caefd21094565cf5	rejected	0	false-lexical-or-cell-alignment	Manual comparison of the source identity and cell with the target contexts found a homograph, wrong sense, or wrong inflectional cell; this proposal must not license runtime analysis.
v07-exact-abdf18ad067a993a	rejected	0	false-lexical-or-cell-alignment	Manual comparison of the source identity and cell with the target contexts found a homograph, wrong sense, or wrong inflectional cell; this proposal must not license runtime analysis.
v07-exact-903b311e12bc2253	admitted	0		Manual review confirmed lexical and semantic continuity, the bounded source-typed cell, exact NFC Synodal source spelling, and a passage-disjoint held-out witness. Admission is limited to this exact surface-cell pair.
v07-exact-d4221ada86aa381a	admitted	0		Manual review confirmed lexical and semantic continuity, the bounded source-typed cell, exact NFC Synodal source spelling, and a passage-disjoint held-out witness. Admission is limited to this exact surface-cell pair.
v07-exact-67808b184f3f51ee	admitted	0		Manual review confirmed lexical and semantic continuity, the bounded source-typed cell, exact NFC Synodal source spelling, and a passage-disjoint held-out witness. Admission is limited to this exact surface-cell pair.
v07-exact-f3d64194714ef300	admitted	0		Manual review confirmed lexical and semantic continuity, the bounded source-typed cell, exact NFC Synodal source spelling, and a passage-disjoint held-out witness. Admission is limited to this exact surface-cell pair.
v07-exact-6f5997d196e447c4	admitted	0		Manual review confirmed lexical and semantic continuity, the bounded source-typed cell, exact NFC Synodal source spelling, and a passage-disjoint held-out witness. Admission is limited to this exact surface-cell pair.
v07-exact-f2c92f8f39fb61b2	admitted	0		Manual review confirmed lexical and semantic continuity, the bounded source-typed cell, exact NFC Synodal source spelling, and a passage-disjoint held-out witness. Admission is limited to this exact surface-cell pair.
v07-exact-a905bbcbdc4b2f6a	admitted	0		Manual review confirmed lexical and semantic continuity, the bounded source-typed cell, exact NFC Synodal source spelling, and a passage-disjoint held-out witness. Admission is limited to this exact surface-cell pair.
v07-exact-992354b43eec7782	admitted	0		Manual review confirmed lexical and semantic continuity, the bounded source-typed cell, exact NFC Synodal source spelling, and a passage-disjoint held-out witness. Admission is limited to this exact surface-cell pair.
v07-exact-0c0454ce3e11e48c	admitted	0		Manual review confirmed lexical and semantic continuity, the bounded source-typed cell, exact NFC Synodal source spelling, and a passage-disjoint held-out witness. Admission is limited to this exact surface-cell pair.
v07-exact-1c36fff3d2b59385	admitted	0		Manual review confirmed lexical and semantic continuity, the bounded source-typed cell, exact NFC Synodal source spelling, and a passage-disjoint held-out witness. Admission is limited to this exact surface-cell pair.
v07-exact-7297d956348960b9	admitted	0		Manual review confirmed lexical and semantic continuity, the bounded source-typed cell, exact NFC Synodal source spelling, and a passage-disjoint held-out witness. Admission is limited to this exact surface-cell pair.
v07-exact-820a587f1ca0bffc	admitted	0		Manual review confirmed lexical and semantic continuity, the bounded source-typed cell, exact NFC Synodal source spelling, and a passage-disjoint held-out witness. Admission is limited to this exact surface-cell pair.
v07-exact-58ca63ac746d495d	admitted	0		Manual review confirmed lexical and semantic continuity, the bounded source-typed cell, exact NFC Synodal source spelling, and a passage-disjoint held-out witness. Admission is limited to this exact surface-cell pair.
v07-exact-b9255a893c11f63a	admitted	0		Manual review confirmed lexical and semantic continuity, the bounded source-typed cell, exact NFC Synodal source spelling, and a passage-disjoint held-out witness. Admission is limited to this exact surface-cell pair.
v07-exact-eb4495fa4464cdbf	admitted	0		Manual review confirmed lexical and semantic continuity, the bounded source-typed cell, exact NFC Synodal source spelling, and a passage-disjoint held-out witness. Admission is limited to this exact surface-cell pair.
v07-exact-644f23802cac59c8	admitted	0		Manual review confirmed lexical and semantic continuity, the bounded source-typed cell, exact NFC Synodal source spelling, and a passage-disjoint held-out witness. Admission is limited to this exact surface-cell pair.
v07-exact-8302a34abca9a949	admitted	0		Manual review confirmed lexical and semantic continuity, the bounded source-typed cell, exact NFC Synodal source spelling, and a passage-disjoint held-out witness. Admission is limited to this exact surface-cell pair.
v07-exact-dc5102f8cf2f0734	admitted	0		Manual review confirmed lexical and semantic continuity, the bounded source-typed cell, exact NFC Synodal source spelling, and a passage-disjoint held-out witness. Admission is limited to this exact surface-cell pair.
v07-exact-38abbfe267289ca2	admitted	0		Manual review confirmed lexical and semantic continuity, the bounded source-typed cell, exact NFC Synodal source spelling, and a passage-disjoint held-out witness. Admission is limited to this exact surface-cell pair.
v07-exact-0d3770e018becca6	admitted	0		Manual review confirmed lexical and semantic continuity, the bounded source-typed cell, exact NFC Synodal source spelling, and a passage-disjoint held-out witness. Admission is limited to this exact surface-cell pair.
v07-exact-ad1cfadcfadec07d	admitted	0		Manual review confirmed lexical and semantic continuity, the bounded source-typed cell, exact NFC Synodal source spelling, and a passage-disjoint held-out witness. Admission is limited to this exact surface-cell pair.
v07-exact-60da2c4ebfc4cb10	admitted	0		Manual review confirmed lexical and semantic continuity, the bounded source-typed cell, exact NFC Synodal source spelling, and a passage-disjoint held-out witness. Admission is limited to this exact surface-cell pair.
v07-exact-17c5f21a65c65f25	admitted	0		Manual review confirmed lexical and semantic continuity, the bounded source-typed cell, exact NFC Synodal source spelling, and a passage-disjoint held-out witness. Admission is limited to this exact surface-cell pair.
v07-exact-b6f650d913512723	admitted	0		Manual review confirmed lexical and semantic continuity, the bounded source-typed cell, exact NFC Synodal source spelling, and a passage-disjoint held-out witness. Admission is limited to this exact surface-cell pair.
v07-exact-d5ff904a159974d7	admitted	0		Manual review confirmed lexical and semantic continuity, the bounded source-typed cell, exact NFC Synodal source spelling, and a passage-disjoint held-out witness. Admission is limited to this exact surface-cell pair.
v07-exact-ac3626994ff64f88	admitted	0		Manual review confirmed lexical and semantic continuity, the bounded source-typed cell, exact NFC Synodal source spelling, and a passage-disjoint held-out witness. Admission is limited to this exact surface-cell pair.
v07-exact-6fa6844fafd94ba3	admitted	0		Manual review confirmed lexical and semantic continuity, the bounded source-typed cell, exact NFC Synodal source spelling, and a passage-disjoint held-out witness. Admission is limited to this exact surface-cell pair.
v07-exact-967bf0e4eb85b7fe	admitted	0		Manual review confirmed lexical and semantic continuity, the bounded source-typed cell, exact NFC Synodal source spelling, and a passage-disjoint held-out witness. Admission is limited to this exact surface-cell pair.
v07-exact-e4c05b0934fa7759	admitted	0		Manual review confirmed lexical and semantic continuity, the bounded source-typed cell, exact NFC Synodal source spelling, and a passage-disjoint held-out witness. Admission is limited to this exact surface-cell pair.
v07-exact-856ab5c05762c690	admitted	0		Manual review confirmed lexical and semantic continuity, the bounded source-typed cell, exact NFC Synodal source spelling, and a passage-disjoint held-out witness. Admission is limited to this exact surface-cell pair.
v07-exact-2c51c2dedc8166dd	admitted	0		Manual review confirmed lexical and semantic continuity, the bounded source-typed cell, exact NFC Synodal source spelling, and a passage-disjoint held-out witness. Admission is limited to this exact surface-cell pair.
v07-exact-a3eb59eb92056adb	admitted	0		Manual review confirmed lexical and semantic continuity, the bounded source-typed cell, exact NFC Synodal source spelling, and a passage-disjoint held-out witness. Admission is limited to this exact surface-cell pair.
v07-exact-acd05d299941ff53	admitted	0		Manual review confirmed lexical and semantic continuity, the bounded source-typed cell, exact NFC Synodal source spelling, and a passage-disjoint held-out witness. Admission is limited to this exact surface-cell pair.
v07-exact-2b05cdc9dae0ccdd	admitted	0		Manual review confirmed lexical and semantic continuity, the bounded source-typed cell, exact NFC Synodal source spelling, and a passage-disjoint held-out witness. Admission is limited to this exact surface-cell pair.
v07-exact-04b75131732ecac2	admitted	0		Manual review confirmed lexical and semantic continuity, the bounded source-typed cell, exact NFC Synodal source spelling, and a passage-disjoint held-out witness. Admission is limited to this exact surface-cell pair.
v07-exact-db263f601b8aaf04	admitted	0		Manual review confirmed lexical and semantic continuity, the bounded source-typed cell, exact NFC Synodal source spelling, and a passage-disjoint held-out witness. Admission is limited to this exact surface-cell pair.
v07-exact-97e686acbdb72df2	rejected	0	false-lexical-or-cell-alignment	Manual comparison of the source identity and cell with the target contexts found a homograph, wrong sense, or wrong inflectional cell; this proposal must not license runtime analysis.
v07-exact-2b01c24978cb9e2b	admitted	0		Manual review confirmed lexical and semantic continuity, the bounded source-typed cell, exact NFC Synodal source spelling, and a passage-disjoint held-out witness. Admission is limited to this exact surface-cell pair.
v07-exact-013370b982ce5c78	admitted	0		Manual review confirmed lexical and semantic continuity, the bounded source-typed cell, exact NFC Synodal source spelling, and a passage-disjoint held-out witness. Admission is limited to this exact surface-cell pair.
v07-exact-723af91ba24caed2	admitted	0		Manual review confirmed lexical and semantic continuity, the bounded source-typed cell, exact NFC Synodal source spelling, and a passage-disjoint held-out witness. Admission is limited to this exact surface-cell pair.
v07-exact-25b94b8a16cce9a5	admitted	0		Manual review confirmed lexical and semantic continuity, the bounded source-typed cell, exact NFC Synodal source spelling, and a passage-disjoint held-out witness. Admission is limited to this exact surface-cell pair.
v07-exact-1f02fba63933bc06	rejected	0	false-lexical-or-cell-alignment	Manual comparison of the source identity and cell with the target contexts found a homograph, wrong sense, or wrong inflectional cell; this proposal must not license runtime analysis.
v07-exact-a7a6342f779cdf39	rejected	0	false-lexical-or-cell-alignment	Manual comparison of the source identity and cell with the target contexts found a homograph, wrong sense, or wrong inflectional cell; this proposal must not license runtime analysis.
v07-exact-61b44d42b68954b5	admitted	0		Manual review confirmed lexical and semantic continuity, the bounded source-typed cell, exact NFC Synodal source spelling, and a passage-disjoint held-out witness. Admission is limited to this exact surface-cell pair.
v07-exact-1d269b5eb4299f9c	admitted	0		Manual review confirmed lexical and semantic continuity, the bounded source-typed cell, exact NFC Synodal source spelling, and a passage-disjoint held-out witness. Admission is limited to this exact surface-cell pair.
v07-exact-8ec86ca26f3a3b40	admitted	0		Manual review confirmed lexical and semantic continuity, the bounded source-typed cell, exact NFC Synodal source spelling, and a passage-disjoint held-out witness. Admission is limited to this exact surface-cell pair.
v07-exact-c510dd5c22df6933	admitted	0		Manual review confirmed lexical and semantic continuity, the bounded source-typed cell, exact NFC Synodal source spelling, and a passage-disjoint held-out witness. Admission is limited to this exact surface-cell pair.
v07-exact-4197f29234ba6e0c	admitted	0		Manual review confirmed lexical and semantic continuity, the bounded source-typed cell, exact NFC Synodal source spelling, and a passage-disjoint held-out witness. Admission is limited to this exact surface-cell pair.
v07-exact-76324ccc1047ea4e	admitted	0		Manual review confirmed lexical and semantic continuity, the bounded source-typed cell, exact NFC Synodal source spelling, and a passage-disjoint held-out witness. Admission is limited to this exact surface-cell pair.
v07-exact-457c3204630eaec5	admitted	0		Manual review confirmed lexical and semantic continuity, the bounded source-typed cell, exact NFC Synodal source spelling, and a passage-disjoint held-out witness. Admission is limited to this exact surface-cell pair.
v07-exact-21b7d253a5068600	admitted	0		Manual review confirmed lexical and semantic continuity, the bounded source-typed cell, exact NFC Synodal source spelling, and a passage-disjoint held-out witness. Admission is limited to this exact surface-cell pair.
v07-exact-99b6af5bbe11f8cd	admitted	0		Manual review confirmed lexical and semantic continuity, the bounded source-typed cell, exact NFC Synodal source spelling, and a passage-disjoint held-out witness. Admission is limited to this exact surface-cell pair.
v07-exact-ef03265fddb2859d	admitted	0		Manual review confirmed lexical and semantic continuity, the bounded source-typed cell, exact NFC Synodal source spelling, and a passage-disjoint held-out witness. Admission is limited to this exact surface-cell pair.
v07-exact-e19972d10d03fb66	admitted	0		Manual review confirmed lexical and semantic continuity, the bounded source-typed cell, exact NFC Synodal source spelling, and a passage-disjoint held-out witness. Admission is limited to this exact surface-cell pair.
v07-exact-ed14b277d5ea815b	admitted	0		Manual review confirmed lexical and semantic continuity, the bounded source-typed cell, exact NFC Synodal source spelling, and a passage-disjoint held-out witness. Admission is limited to this exact surface-cell pair.
v07-exact-ba10be4c356a986b	admitted	0		Manual review confirmed lexical and semantic continuity, the bounded source-typed cell, exact NFC Synodal source spelling, and a passage-disjoint held-out witness. Admission is limited to this exact surface-cell pair.
v07-exact-d188e666761a384d	deferred	0	dedicated-abbreviation-registry-required	The marked surface must be reviewed through the typed abbreviation registry with an independently supported expansion and mark-order restrictions; it is not admitted as an ordinary exact form.
v07-exact-56f4926b42dbf5ea	admitted	0		Manual review confirmed lexical and semantic continuity, the bounded source-typed cell, exact NFC Synodal source spelling, and a passage-disjoint held-out witness. Admission is limited to this exact surface-cell pair.
v07-exact-8422eed32c12900f	admitted	0		Manual review confirmed lexical and semantic continuity, the bounded source-typed cell, exact NFC Synodal source spelling, and a passage-disjoint held-out witness. Admission is limited to this exact surface-cell pair.
v07-exact-28264b92dc9cb5c7	admitted	0		Manual review confirmed lexical and semantic continuity, the bounded source-typed cell, exact NFC Synodal source spelling, and a passage-disjoint held-out witness. Admission is limited to this exact surface-cell pair.
v07-exact-0380c9c4eb08b9e6	admitted	0		Manual review confirmed lexical and semantic continuity, the bounded source-typed cell, exact NFC Synodal source spelling, and a passage-disjoint held-out witness. Admission is limited to this exact surface-cell pair.
v07-exact-893c85e13a3233d2	admitted	0		Manual review confirmed lexical and semantic continuity, the bounded source-typed cell, exact NFC Synodal source spelling, and a passage-disjoint held-out witness. Admission is limited to this exact surface-cell pair.
v07-exact-49f0dab6f923518f	admitted	0		Manual review confirmed lexical and semantic continuity, the bounded source-typed cell, exact NFC Synodal source spelling, and a passage-disjoint held-out witness. Admission is limited to this exact surface-cell pair.
v07-exact-9728f6a304e70aa1	admitted	0		Manual review confirmed lexical and semantic continuity, the bounded source-typed cell, exact NFC Synodal source spelling, and a passage-disjoint held-out witness. Admission is limited to this exact surface-cell pair.
v07-exact-ecb8a1dc5781e77f	admitted	0		Manual review confirmed lexical and semantic continuity, the bounded source-typed cell, exact NFC Synodal source spelling, and a passage-disjoint held-out witness. Admission is limited to this exact surface-cell pair.
v07-exact-9cbca02283cd3875	admitted	0		Manual review confirmed lexical and semantic continuity, the bounded source-typed cell, exact NFC Synodal source spelling, and a passage-disjoint held-out witness. Admission is limited to this exact surface-cell pair.
v07-exact-2ce8310d7e80835e	admitted	0		Manual review confirmed lexical and semantic continuity, the bounded source-typed cell, exact NFC Synodal source spelling, and a passage-disjoint held-out witness. Admission is limited to this exact surface-cell pair.
v07-exact-84e34f27577679c9	admitted	0		Manual review confirmed lexical and semantic continuity, the bounded source-typed cell, exact NFC Synodal source spelling, and a passage-disjoint held-out witness. Admission is limited to this exact surface-cell pair.
v07-exact-6a22edddd7c34644	admitted	0		Manual review confirmed lexical and semantic continuity, the bounded source-typed cell, exact NFC Synodal source spelling, and a passage-disjoint held-out witness. Admission is limited to this exact surface-cell pair.
v07-exact-8073070d67c24d86	admitted	0		Manual review confirmed lexical and semantic continuity, the bounded source-typed cell, exact NFC Synodal source spelling, and a passage-disjoint held-out witness. Admission is limited to this exact surface-cell pair.
v07-exact-8aa691c636ecf259	admitted	0		Manual review confirmed lexical and semantic continuity, the bounded source-typed cell, exact NFC Synodal source spelling, and a passage-disjoint held-out witness. Admission is limited to this exact surface-cell pair.
v07-exact-4183636611c5b6f8	admitted	0		Manual review confirmed lexical and semantic continuity, the bounded source-typed cell, exact NFC Synodal source spelling, and a passage-disjoint held-out witness. Admission is limited to this exact surface-cell pair.
v07-exact-a272c4ab12d05a51	admitted	0		Manual review confirmed lexical and semantic continuity, the bounded source-typed cell, exact NFC Synodal source spelling, and a passage-disjoint held-out witness. Admission is limited to this exact surface-cell pair.
v07-exact-80a7bc4981659dbc	admitted	0		Manual review confirmed lexical and semantic continuity, the bounded source-typed cell, exact NFC Synodal source spelling, and a passage-disjoint held-out witness. Admission is limited to this exact surface-cell pair.
v07-exact-5face910bc410b9b	admitted	0		Manual review confirmed lexical and semantic continuity, the bounded source-typed cell, exact NFC Synodal source spelling, and a passage-disjoint held-out witness. Admission is limited to this exact surface-cell pair.
