chapter	unit	token	form	lexeme	cell	provenance
1	1	1	Междоча́сїе	междочасіе.n	nom.sg	tagger:1.00
1	1	2	тогѡ́жде	тойжде.pron	m.sg.gen	rule:np-agree
1	1	3	часа̀	часъ.n	gen.sg	lexicon
1	2	1	По	по.x.2	_	function
1	2	2	Бл҃гослове́нъ	благословенный.a	short.pos.m.sg.acc	rule:prep-gov
1	2	3	бг҃ъ	богъ.n	nom.sg	lexicon
1	2	4	Трист҃о́е	трисвѧтый.a	long.pos.n.sg.nom	tagger:0.56
1	2	5	Прест҃а́ѧ	пресвѧтый.a	long.pos.f.sg.nom	rule:voc-drop
1	2	6	трⷪ҇це	_	_	amb
1	2	7	Ѻ҆́ч҃е	_	_	amb
1	2	8	на́шъ	нашъ.pron	m.sg.nom	tagger:1.00
1	2	9	Гдⷭ҇и	_	_	amb
1	2	10	поми́лꙋй	помиловати.v	impv.2.sg	tagger:1.00
1	2	11	в҃і.	_	_	apparatus
1	2	12	Сла́ва	слава.n	nom.sg	lexicon
1	2	13	и҆	и.x.2	_	function
1	2	14	ны́нѣ	нынѣ.x.2	_	function
1	2	15	Прїиди́те	пріити.v	impv.2.pl	lexicon
1	2	16	поклони́мсѧ	поклонитисѧ.v	impv.1.pl	tagger:0.99
1	2	17	три́жды	трижды.x.2	_	function
1	2	18	И҆	и.x.2	_	function
1	2	19	ѱалмы̀	ѱаломъ.n	acc.pl	lexicon
1	3	1	ѱало́мъ	ѱаломъ.n	nom.sg	tagger:1.00
1	3	2	м҃є.	_	_	apparatus
1	4	1	Бг҃ъ	богъ.n	nom.sg	lexicon
1	4	2	на́мъ	мы.pron	1.pl.dat	lexicon
1	4	3	прибѣ́жище	прибѣжище.n	nom.sg	tagger:0.99
1	4	4	и҆	и.x.2	_	function
1	4	5	си́ла	сила.n	nom.sg	lexicon
1	4	6	помо́щникъ	помощникъ.n	nom.sg	lexicon
1	4	7	въ	въ.x.2	_	function
1	4	8	ско́рбехъ	скорбь.n	loc.pl	lexicon
1	4	9	ѡ҆брѣ́тшихъ	ѡбрѣсти.v	part.past.act.short.f.pl.loc	tagger:0.64
1	4	10	ны̀	мы.pron	clit.1.pl.acc	tagger:0.60
1	4	11	ѕѣлѡ̀	ѕѣлѡ.x.2	_	function
1	4	12	Сегѡ̀	сей.pron	n.sg.gen	tagger:1.00
1	4	13	ра́ди	ради.x.2	_	function
1	4	14	не	не.x.2	_	function
1	4	15	ѹ҆бои́мсѧ	оубоѧтисѧ.v	pres.1.pl	tagger:0.94
1	4	16	внегда̀	внегда.x.2	_	function
1	4	17	смꙋща́етсѧ	смꙋщатисѧ.v	pres.3.sg	lexicon
1	4	18	землѧ̀	землѧ.n	nom.sg	lexicon
1	4	19	и҆	и.x.2	_	function
1	4	20	прелага́ютсѧ	прелагатисѧ.v	pres.3.pl	lexicon
1	4	21	го́ры	гора.n	gen.sg	lexicon
1	4	22	въ	въ.x.2	_	function
1	4	23	сердца̀	сердце.n	gen.sg	lexicon
1	4	24	морска̑ѧ	морскій.a	long.pos.n.pl.acc	tagger:1.00
1	4	25	Возшꙋмѣ́ша	_	_	verbatim
1	4	26	и҆	и.x.2	_	function
1	4	27	смѧто́шасѧ	смѧстисѧ.v	aor.3.pl	lexicon
1	4	28	во́ды	вода.n	gen.sg	lexicon
1	4	29	и҆́хъ	онъ.pron	3.m.pl.gen	tagger:0.89
1	4	30	смѧто́шасѧ	смѧстисѧ.v	aor.3.pl	lexicon
1	4	31	го́ры	гора.n	gen.sg	lexicon
1	4	32	крѣ́постїю	крѣпость.n	ins.sg	lexicon
1	4	33	є҆гѡ̀	онъ.pron	3.m.sg.gen	tagger:1.00
1	4	34	Рѣ̑чнаѧ	рѣчный.a.2	long.pos.n.pl.nom	tagger:1.00
1	4	35	ѹ҆стремлє́нїѧ	оустремленіе.n	nom.pl	tagger:1.00
1	4	36	веселѧ́тъ	веселити.v	pres.3.pl	lexicon
1	4	37	гра́дъ	градъ.n	acc.sg	tagger:1.00
1	4	38	бж҃їй	божій.a	short.pos.m.sg.acc	tagger:1.00
1	4	39	ѡ҆ст҃и́лъ	ѡсвѧтити.v	lpart.m.sg	lexicon
1	4	40	є҆́сть	быти.v	pres.3.sg	lexicon
1	4	41	селе́нїе	селеніе.n	acc.sg	tagger:0.83
1	4	42	своѐ	свой.pron	n.sg.acc	tagger:1.00
1	4	43	вы́шнїй	вышній.a	long.pos.m.sg.acc	tagger:1.00
1	4	44	Бг҃ъ	богъ.n	nom.sg	lexicon
1	4	45	посредѣ̀	посредѣ.x.2	_	function
1	4	46	є҆гѡ̀	онъ.pron	3.m.sg.gen	tagger:1.00
1	4	47	и҆	и.x.2	_	function
1	4	48	не	не.x.2	_	function
1	4	49	подви́житсѧ	подвижатисѧ.v	pres.3.sg	lexicon
1	4	50	помо́жетъ	помощи.v	pres.3.sg	lexicon
1	4	51	є҆мꙋ̀	онъ.pron	3.m.sg.dat	tagger:1.00
1	4	52	бг҃ъ	богъ.n	nom.sg	lexicon
1	4	53	ѹ҆́трѡ	оутрѡ.x.2	_	function
1	4	54	заꙋ́тра	заꙋтра.x.2	_	function
1	4	55	Смѧто́шасѧ	смѧстисѧ.v	aor.3.pl	lexicon
1	4	56	ꙗ҆зы́цы	_	_	amb
1	4	57	ѹ҆клони́шасѧ	оуклонитисѧ.v	aor.3.pl	lexicon
1	4	58	ца̑рствїѧ	царствіе.n	nom.pl	tagger:1.00
1	4	59	дадѐ	дати.v	aor.3.sg	tagger:1.00
1	4	60	гла́съ	гласъ.n	acc.sg	tagger:1.00
1	4	61	сво́й	свой.pron	m.sg.acc	tagger:1.00
1	4	62	вы́шнїй	вышній.a	long.pos.m.sg.acc	tagger:0.96
1	4	63	подви́жесѧ	подвигнꙋтисѧ.v	aor.3.sg	rule:subj-verb
1	4	64	землѧ̀	землѧ.n	nom.sg	lexicon
1	4	65	Гдⷭ҇ь	_	_	amb
1	4	66	си́лъ	сила.n	acc.pl	tagger:1.00
1	4	67	съ	съ.x.2	_	function
1	4	68	на́ми	мы.pron	1.pl.ins	lexicon
1	4	69	застꙋ́пникъ	застꙋпникъ.n	nom.sg	lexicon
1	4	70	на́шъ	нашъ.pron	m.sg.nom	tagger:1.00
1	4	71	бг҃ъ	богъ.n	nom.sg	lexicon
1	4	72	і҆а́кѡвль	іакѡвль.a	short.pos.m.sg.nom	rule:np-agree
1	4	73	Прїиди́те	пріити.v	impv.2.pl	lexicon
1	4	74	и҆	и.x.2	_	function
1	4	75	ви́дите	видѣти.v	impv.2.pl	tagger:1.00
1	4	76	дѣла̀	дѣло.n	acc.pl	tagger:1.00
1	4	77	бж҃їѧ	божій.a	short.pos.n.pl.acc	tagger:1.00
1	4	78	ꙗ҆̀же	иже.pron	n.pl.acc	tagger:0.98
1	4	79	положѝ	положити.v	aor.3.sg	tagger:1.00
1	4	80	чꙋдеса̀	чꙋдо.n	acc.pl	tagger:1.00
1	4	81	на	на.x.2	_	function
1	4	82	землѝ	землѧ.n	loc.sg	tagger:1.00
1	4	83	Ѿе́млѧ	ѡтымати.v	part.pres.act.short.m.sg.nom	tagger:1.00
1	4	84	бра̑ни	брань.n	acc.pl	tagger:1.00
1	4	85	до	до.x.2	_	function
1	4	86	конє́цъ	конецъ.n	gen.pl	rule:prep-gov
1	4	87	землѝ	землѧ.n	gen.sg	tagger:0.99
1	4	88	лꙋ́къ	лꙋкъ.n	acc.sg	tagger:1.00
1	4	89	сокрꙋши́тъ	сокрꙋшити.v	pres.3.sg	lexicon
1	4	90	и҆	и.x.2	_	function
1	4	91	сло́митъ	сломити.v	pres.3.sg	lexicon
1	4	92	ѻ҆рꙋ́жїе	орꙋжіе.n	acc.sg	tagger:1.00
1	4	93	и҆	и.x.2	_	function
1	4	94	щиты̀	щитъ.n	acc.pl	lexicon
1	4	95	сожже́тъ	сожещи.v	pres.3.sg	lexicon
1	4	96	ѻ҆гне́мъ	огнь.n	ins.sg	lexicon
1	4	97	Ѹ҆праздни́тесѧ	оупразднитисѧ.v	impv.2.pl	tagger:1.00
1	4	98	и҆	и.x.2	_	function
1	4	99	разꙋмѣ́йте	разꙋмѣти.v	impv.2.pl	lexicon
1	4	100	ꙗ҆́кѡ	ꙗкѡ.x.2	_	function
1	4	101	а҆́зъ	азъ.pron	1.sg.nom	tagger:1.00
1	4	102	є҆́смь	быти.v	pres.1.sg	lexicon
1	4	103	бг҃ъ	богъ.n	nom.sg	lexicon
1	4	104	вознесꙋ́сѧ	вознестисѧ.v	pres.1.sg	tagger:1.00
1	4	105	во	въ.x.2	word	lexicon
1	4	106	ꙗ҆зы́цѣхъ	_	_	amb
1	4	107	вознесꙋ́сѧ	вознестисѧ.v	pres.1.sg	tagger:1.00
1	4	108	на	на.x.2	_	function
1	4	109	землѝ	землѧ.n	loc.sg	tagger:1.00
1	4	110	Гдⷭ҇ь	_	_	amb
1	4	111	си́лъ	сила.n	acc.pl	tagger:1.00
1	4	112	съ	съ.x.2	_	function
1	4	113	на́ми	мы.pron	1.pl.ins	lexicon
1	4	114	застꙋ́пникъ	застꙋпникъ.n	nom.sg	lexicon
1	4	115	на́шъ	нашъ.pron	m.sg.nom	tagger:1.00
1	4	116	бг҃ъ	богъ.n	nom.sg	lexicon
1	4	117	і҆а́кѡвль	іакѡвль.a	short.pos.m.sg.nom	rule:np-agree
1	5	1	Ѱало́мъ	ѱаломъ.n	nom.sg	tagger:1.00
1	5	2	ч҃а.	_	_	apparatus
1	6	1	Бл҃го	благо.n	nom.sg	tagger:1.00
1	6	2	є҆́сть	быти.v	pres.3.sg	lexicon
1	6	3	и҆сповѣ́датисѧ	исповѣдатисѧ.v	inf	lexicon
1	6	4	гдⷭ҇еви	_	_	amb
1	6	5	и҆	и.x.2	_	function
1	6	6	пѣ́ти	пѣти.v	part.past.pass.short.m.pl.nom	tagger:1.00
1	6	7	и҆́мени	имѧ.n	dat.sg	rule:np-agree
1	6	8	твоемꙋ̀	твой.pron	n.sg.dat	rule:np-agree
1	6	9	вы́шнїй	вышній.a	long.pos.m.sg.nom	tagger:0.99
1	6	10	Возвѣща́ти	возвѣщати.v	inf	lexicon
1	6	11	заꙋ́тра	заꙋтра.x.2	_	function
1	6	12	млⷭ҇ть	милость.n	acc.sg	rule:np-agree
1	6	13	твою̀	твой.pron	f.sg.acc	lexicon
1	6	14	и҆	и.x.2	_	function
1	6	15	и҆́стинꙋ	истина.n	acc.sg	lexicon
1	6	16	твою̀	твой.pron	f.sg.acc	lexicon
1	6	17	на	на.x.2	_	function
1	6	18	всѧ́кꙋ	всѧкъ.pron	f.sg.acc	rule:prep-gov
1	6	19	но́щь	нощь.n	acc.sg	rule:np-agree
1	6	20	Въ	въ.x.2	_	function
1	6	21	десѧтострꙋ́ннѣмъ	десѧтострꙋнный.a	long.pos.m.sg.loc	tagger:0.94
1	6	22	ѱалти́ри	ѱалтирь.n	loc.sg	tagger:1.00
1	6	23	съ	съ.x.2	_	function
1	6	24	пѣ́снїю	_	_	amb
1	6	25	въ	въ.x.2	_	function
1	6	26	гꙋ́слехъ	гꙋсль.n	loc.pl	lexicon
1	6	27	Ꙗ҆́кѡ	ꙗкѡ.x.2	_	function
1	6	28	возвесели́лъ	возвеселити.v	lpart.m.sg	lexicon
1	6	29	мѧ̀	азъ.pron	clit.1.sg.acc	tagger:1.00
1	6	30	є҆сѝ	быти.v	pres.2.sg	lexicon
1	6	31	гдⷭ҇и	_	_	amb
1	6	32	въ	въ.x.2	_	function
1	6	33	творе́нїи	твореніе.n	loc.sg	lexicon
1	6	34	твое́мъ	твой.pron	n.sg.loc	rule:np-agree
1	6	35	и҆	и.x.2	_	function
1	6	36	въ	въ.x.2	_	function
1	6	37	дѣ́лѣхъ	_	_	amb
1	6	38	рꙋкꙋ̀	рꙋка.n	gen.du	tagger:0.97
1	6	39	твоє́ю	твой.pron	f.du.gen	tagger:1.00
1	6	40	возра́дꙋюсѧ	возрадоватисѧ.v	pres.1.sg	lexicon
1	6	41	Ꙗ҆́кѡ	ꙗкѡ.x.2	_	function
1	6	42	возвели́чишасѧ	возвеличитисѧ.v	aor.3.pl	lexicon
1	6	43	дѣла̀	дѣло.n	nom.pl	tagger:0.99
1	6	44	твоѧ̑	твой.pron	n.pl.nom	tagger:1.00
1	6	45	гдⷭ҇и	_	_	amb
1	6	46	ѕѣлѡ̀	ѕѣлѡ.x.2	_	function
1	6	47	ѹ҆глꙋби́шасѧ	оуглꙋбитисѧ.v	aor.3.pl	lexicon
1	6	48	помышлє́нїѧ	помышленіе.n	nom.pl	tagger:1.00
1	6	49	твоѧ̑	твой.pron	n.pl.nom	tagger:1.00
1	6	50	Мꙋ́жъ	мꙋжъ.n	nom.sg	lexicon
1	6	51	безꙋ́менъ	безꙋмный.a	short.pos.m.sg.nom	rule:np-agree
1	6	52	не	не.x.2	_	function
1	6	53	позна́етъ	познати.v	pres.3.sg	lexicon
1	6	54	и҆	и.x.2	_	function
1	6	55	неразꙋми́въ	неразꙋмивый.a	short.pos.m.sg.nom	tagger:1.00
1	6	56	не	не.x.2	_	function
1	6	57	разꙋмѣ́етъ	разꙋмѣти.v	pres.3.sg	lexicon
1	6	58	си́хъ	сей.pron	n.pl.gen	tagger:1.00
1	6	59	Внегда̀	внегда.x.2	_	function
1	6	60	прозѧбо́ша	прозѧбнꙋти.v	aor.3.pl	lexicon
1	6	61	грѣ̑шницы	_	_	amb
1	6	62	ꙗ҆́кѡ	ꙗкѡ.x.2	_	function
1	6	63	трава̀	трава.n	nom.sg	lexicon
1	6	64	и҆	и.x.2	_	function
1	6	65	пронико́ша	проникнꙋти.v	aor.3.pl	lexicon
1	6	66	всѝ	весь.pron	m.pl.nom	rule:voc-drop
1	6	67	дѣ́лающїи	дѣлати.v	part.pres.act.long.m.pl.nom	tagger:1.00
1	6	68	беззако́нїе	беззаконіе.n	acc.sg	tagger:1.00
1	6	69	ꙗ҆́кѡ	ꙗкѡ.x.2	_	function
1	6	70	да	да	_	function
1	6	71	потребѧ́тсѧ	потребитисѧ.v	pres.3.pl	lexicon
1	6	72	въ	въ.x.2	_	function
1	6	73	вѣ́къ	вѣкъ.n	acc.sg	rule:prep-gov
1	6	74	вѣ́ка	вѣкъ.n	gen.sg	lexicon
1	6	75	Ты́	_	_	verbatim
1	6	76	же	же.x.2	_	function
1	6	77	вы́шнїй	вышній.a	long.pos.m.sg.nom	tagger:1.00
1	6	78	во	въ.x.2	word	lexicon
1	6	79	вѣ́къ	вѣкъ.n	acc.sg	rule:prep-gov
1	6	80	гдⷭ҇и	_	_	amb
1	6	81	Ꙗ҆́кѡ	ꙗкѡ.x.2	_	function
1	6	82	сѐ	се.x.2	_	function
1	6	83	вразѝ	врагъ.n	nom.pl	rule:voc-drop
1	6	84	твоѝ	твой.pron	m.pl.nom	rule:np-agree+voc-drop
1	6	85	гдⷭ҇и	_	_	amb
1	6	86	ꙗ҆́кѡ	ꙗкѡ.x.2	_	function
1	6	87	сѐ	се.x.2	_	function
1	6	88	вразѝ	врагъ.n	nom.pl	rule:voc-drop
1	6	89	твоѝ	твой.pron	m.pl.nom	rule:np-agree+voc-drop
1	6	90	поги́бнꙋтъ	погибнꙋти.v	pres.3.pl	tagger:1.00
1	6	91	и҆	и.x.2	_	function
1	6	92	разы́дꙋтсѧ	разытисѧ.v	pres.3.pl	lexicon
1	6	93	всѝ	весь.pron	m.pl.nom	rule:voc-drop
1	6	94	дѣ́лающїи	дѣлати.v	part.pres.act.long.m.pl.nom	tagger:1.00
1	6	95	беззако́нїе	беззаконіе.n	acc.sg	tagger:1.00
1	6	96	И҆	и.x.2	_	function
1	6	97	вознесе́тсѧ	вознестисѧ.v	pres.3.sg	lexicon
1	6	98	ꙗ҆́кѡ	ꙗкѡ.x.2	_	function
1	6	99	є҆диноро́га	единорогъ.n	gen.sg	tagger:1.00
1	6	100	ро́гъ	рогъ.n	nom.sg	tagger:0.55
1	6	101	мо́й	мой.pron	m.sg.nom	tagger:1.00
1	6	102	и҆	и.x.2	_	function
1	6	103	ста́рость	старость.n	nom.sg	rule:np-agree
1	6	104	моѧ̀	мой.pron	f.sg.nom	rule:np-agree
1	6	105	въ	въ.x.2	_	function
1	6	106	є҆ле́и	елей.n	loc.sg	lexicon
1	6	107	масти́тѣ	маститый.a	short.pos.f.sg.loc	tagger:0.67
1	6	108	И҆	и.x.2	_	function
1	6	109	воззрѣ̀	воззрѣти.v	aor.3.sg	tagger:1.00
1	6	110	ѻ҆́ко	око.n	nom.sg	tagger:1.00
1	6	111	моѐ	мой.pron	n.sg.nom	tagger:1.00
1	6	112	на	на.x.2	_	function
1	6	113	врагѝ	врагъ.n	acc.pl	lexicon
1	6	114	моѧ̑	мой.pron	m.pl.acc	rule:np-agree
1	6	115	и҆	и.x.2	_	function
1	6	116	востаю́щыѧ	воставати.v	part.pres.act.long.m.pl.acc	tagger:1.00
1	6	117	на	на.x.2	_	function
1	6	118	мѧ̀	азъ.pron	clit.1.sg.acc	rule:prep-gov
1	6	119	лꙋка́внꙋющыѧ	лꙋкавновати.v	part.pres.act.long.m.pl.acc	tagger:0.97
1	6	120	ѹ҆слы́шитъ	оуслышати.v	pres.3.sg	lexicon
1	6	121	ѹ҆́хо	оухо.n	acc.sg	tagger:0.62
1	6	122	моѐ	мой.pron	n.sg.acc	tagger:1.00
1	6	123	Првⷣникъ	праведникъ.n	nom.sg	tagger:1.00
1	6	124	ꙗ҆́кѡ	ꙗкѡ.x.2	_	function
1	6	125	фі́нїѯъ	фініѯъ.n	nom.sg	tagger:1.00
1	6	126	процвѣте́тъ	процвѣсти.v	pres.3.sg	lexicon
1	6	127	ꙗ҆́кѡ	ꙗкѡ.x.2	_	function
1	6	128	ке́дръ	кедръ.n	nom.sg	tagger:1.00
1	6	129	и҆́же	иже.pron	m.sg.nom	tagger:0.57
1	6	130	въ	въ.x.2	_	function
1	6	131	лїва́нѣ	ліванъ.n	loc.sg	lexicon
1	6	132	ѹ҆мно́житсѧ	оумножитисѧ.v	pres.3.sg	lexicon
1	6	133	Насажде́ни	насадити.v	part.past.pass.short.m.pl.nom	rule:voc-drop
1	6	134	въ	въ.x.2	_	function
1	6	135	домꙋ̀	домъ.n	dat.sg	lexicon
1	6	136	гдⷭ҇ни	господній.a	short.pos.f.sg.dat	tagger:0.72
1	6	137	во	въ.x.2	word	lexicon
1	6	138	дво́рѣхъ	дворъ.n	loc.pl	lexicon
1	6	139	бг҃а	богъ.n	gen.sg	rule:np-agree
1	6	140	на́шегѡ	нашъ.pron	m.sg.gen	rule:np-agree
1	6	141	процвѣтꙋ́тъ	процвѣсти.v	pres.3.pl	lexicon
1	6	142	Є҆щѐ	еще.x.2	_	function
1	6	143	ѹ҆мно́жатсѧ	оумножитисѧ.v	pres.3.pl	lexicon
1	6	144	въ	въ.x.2	_	function
1	6	145	ста́рости	старость.n	loc.sg	rule:prep-gov
1	6	146	масти́тѣ	маститый.a	short.pos.f.sg.loc	tagger:1.00
1	6	147	и҆	и.x.2	_	function
1	6	148	бл҃гопрїе́млюще	_	_	verbatim
1	6	149	бꙋ́дꙋтъ	быти.v	fut.3.pl	lexicon
1	6	150	Да	да	_	function
1	6	151	возвѣстѧ́тъ	возвѣстити.v	pres.3.pl	lexicon
1	6	152	ꙗ҆́кѡ	ꙗкѡ.x.2	_	function
1	6	153	пра́въ	прати.v	part.past.act.short.m.sg.nom	tagger:0.63
1	6	154	гдⷭ҇ь	_	_	amb
1	6	155	бг҃ъ	богъ.n	nom.sg	lexicon
1	6	156	на́шъ	нашъ.pron	m.sg.nom	rule:np-agree
1	6	157	и҆	и.x.2	_	function
1	6	158	нѣ́сть	небыти.v	pres.3.sg	lexicon
1	6	159	непра́вды	неправда.n	gen.sg	lexicon
1	6	160	въ	въ.x.2	_	function
1	6	161	не́мъ	онъ.pron	3.m.sg.loc	tagger:1.00
1	7	1	Ѱало́мъ	ѱаломъ.n	nom.sg	tagger:1.00
1	7	2	ч҃в.	_	_	apparatus
1	8	1	Гдⷭ҇ь	_	_	amb
1	8	2	воцр҃и́сѧ	воцаритисѧ.v	aor.3.sg	tagger:0.97
1	8	3	въ	въ.x.2	_	function
1	8	4	лѣ́потꙋ	лѣпота.n	acc.sg	lexicon
1	8	5	ѡ҆блече́сѧ	ѡблещисѧ.v	aor.3.sg	tagger:1.00
1	8	6	ѡ҆блече́сѧ	ѡблещисѧ.v	aor.3.sg	tagger:1.00
1	8	7	гдⷭ҇ь	_	_	amb
1	8	8	въ	въ.x.2	_	function
1	8	9	си́лꙋ	сила.n	acc.sg	lexicon
1	8	10	и҆	и.x.2	_	function
1	8	11	препоѧ́сасѧ	препоѧсатисѧ.v	part.pres.act.short.m.sg.nom	tagger:0.98
1	8	12	и҆́бо	ибо.x.2	_	function
1	8	13	ѹ҆твердѝ	оутвердити.v	aor.3.sg	tagger:1.00
1	8	14	вселе́ннꙋю	вселити.v	part.past.pass.long.f.sg.acc	lexicon
1	8	15	ꙗ҆́же	иже.pron	f.sg.nom	tagger:1.00
1	8	16	не	не.x.2	_	function
1	8	17	подви́житсѧ	подвижатисѧ.v	pres.3.sg	lexicon
1	8	18	Гото́въ	готовый.a	short.pos.m.sg.nom	tagger:1.00
1	8	19	прⷭ҇то́лъ	престолъ.n	nom.sg	tagger:1.00
1	8	20	тво́й	твой.pron	m.sg.nom	tagger:1.00
1	8	21	ѿто́лѣ	ѿтолѣ.x	_	function
1	8	22	ѿ	ѿ.x	_	function
1	8	23	вѣ́ка	вѣкъ.n	gen.sg	lexicon
1	8	24	ты̀	ты.pron	2.sg.nom	tagger:1.00
1	8	25	є҆сѝ	быти.v	pres.2.sg	lexicon
1	8	26	Воздвиго́ша	воздвигнꙋти.v	aor.3.pl	lexicon
1	8	27	рѣ́ки	рѣка.n	gen.sg	lexicon
1	8	28	гдⷭ҇и	_	_	amb
1	8	29	воздвиго́ша	воздвигнꙋти.v	aor.3.pl	lexicon
1	8	30	рѣ́ки	рѣка.n	gen.sg	lexicon
1	8	31	гла́сы	гласъ.n	acc.pl	lexicon
1	8	32	своѧ̑	свой.pron	m.pl.acc	rule:np-agree
1	8	33	Во́змꙋтъ	взѧти.v	pres.3.pl	lexicon
1	8	34	рѣ́ки	рѣка.n	gen.sg	lexicon
1	8	35	сотрє́нїѧ	сотреніе.n	acc.pl	tagger:1.00
1	8	36	своѧ̑	свой.pron	n.pl.acc	tagger:1.00
1	8	37	ѿ	ѿ.x	_	function
1	8	38	гласѡ́въ	гласъ.n	gen.pl	lexicon
1	8	39	во́дъ	вода.n	gen.pl	rule:np-agree
1	8	40	мно́гихъ	многій.a	short.pos.f.pl.gen	tagger:1.00
1	8	41	Ди̑вны	дивный.a	short.pos.f.pl.nom	tagger:1.00
1	8	42	высѡты̀	высота.n	nom.pl	tagger:1.00
1	8	43	мѡрскі́ѧ	морскій.a	long.pos.f.sg.gen	lexicon
1	8	44	ди́венъ	дивный.a	short.pos.m.sg.nom	tagger:1.00
1	8	45	въ	въ.x.2	_	function
1	8	46	высо́кихъ	высокій.a	long.pos.n.pl.loc	tagger:0.50
1	8	47	гдⷭ҇ь	_	_	amb
1	8	48	Свидѣ̑нїѧ	свидѣніе.n	nom.pl	tagger:1.00
1	8	49	твоѧ̑	твой.pron	n.pl.nom	tagger:1.00
1	8	50	ѹ҆вѣ́ришасѧ	оувѣритисѧ.v	aor.3.pl	lexicon
1	8	51	ѕѣлѡ̀	ѕѣлѡ.x.2	_	function
1	8	52	До́мꙋ	домъ.n	dat.sg	lexicon
1	8	53	твоемꙋ̀	твой.pron	m.sg.dat	rule:np-agree
1	8	54	подоба́етъ	подобати.v	pres.3.sg	lexicon
1	8	55	ст҃ы́нѧ	свѧтынѧ.n	nom.sg	lexicon
1	8	56	гдⷭ҇и	_	_	amb
1	8	57	въ	въ.x.2	_	function
1	8	58	долготꙋ̀	долгота.n	acc.sg	lexicon
1	8	59	дні́й	день.n	gen.pl	lexicon
1	9	1	Сла́ва	слава.n	nom.sg	lexicon
1	9	2	и҆	и.x.2	_	function
1	9	3	ны́нѣ	нынѣ.x.2	_	function
1	9	4	Трист҃о́е	трисвѧтый.a	long.pos.n.sg.nom	tagger:0.56
1	9	5	Покло́ны	поклонъ.n	acc.pl	lexicon
1	9	6	г҃.	_	_	apparatus
1	9	7	Прест҃а́ѧ	пресвѧтый.a	long.pos.f.sg.nom	rule:voc-drop
1	9	8	трⷪ҇це	_	_	amb
1	9	9	Ѻ҆́ч҃е	_	_	amb
1	9	10	на́шъ	нашъ.pron	m.sg.nom	tagger:1.00
1	10	1	И҆	и.x.2	_	function
1	10	2	тропарѝ	тропарь.n	acc.pl	rule:np-agree
1	10	3	сїѧ̑	сей.pron	m.pl.acc	rule:np-agree
1	10	4	гла́съ	гласъ.n	nom.sg	tagger:0.96
1	10	5	ѕ҃:	_	_	apparatus
1	11	1	Поми́лꙋй	помиловати.v	impv.2.sg	tagger:1.00
1	11	2	на́съ	мы.pron	1.pl.acc	tagger:1.00
1	11	3	гдⷭ҇и	_	_	amb
1	11	4	поми́лꙋй	помиловати.v	impv.2.sg	tagger:1.00
1	11	5	на́съ	мы.pron	1.pl.acc	tagger:1.00
1	11	6	всѧ́кагѡ	всѧкъ.pron	m.sg.gen	tagger:0.89
1	11	7	бо	бо.x.2	_	function
1	11	8	ѿвѣ́та	ѡтвѣтъ.n	gen.sg	lexicon
1	11	9	недоꙋмѣ́юще	недꙋмѣти.v	part.pres.act.short.m.pl.nom	tagger:0.98
1	11	10	сїю̀	сей.pron	f.sg.acc	lexicon
1	11	11	тѝ	ты.pron	clit.2.sg.dat	tagger:1.00
1	11	12	мл҃твꙋ	молитва.n	gen.du|acc.sg	rule:bare-loc
1	11	13	ꙗ҆́кѡ	ꙗкѡ.x.2	_	function
1	11	14	влⷣцѣ	владыка.n	nom.du|dat.sg|acc.du	rule:voc-drop+bare-loc
1	11	15	грѣ́шнїи	грѣшный.a	long.pos.m.pl.nom	tagger:1.00
1	11	16	прино́симъ	приносити.v	pres.1.pl	tagger:1.00
1	11	17	поми́лꙋй	помиловати.v	impv.2.sg	tagger:1.00
1	11	18	на́съ	мы.pron	1.pl.acc	tagger:1.00
1	12	1	Сла́ва	слава.n	nom.sg	lexicon
1	12	2	Гдⷭ҇и	_	_	amb
1	12	3	поми́лꙋй	помиловати.v	impv.2.sg	tagger:1.00
1	12	4	на́съ	мы.pron	1.pl.acc	tagger:1.00
1	12	5	на	на.x.2	_	function
1	12	6	тѧ̀	ты.pron	clit.2.sg.acc	lexicon
1	12	7	бо	бо.x.2	_	function
1	12	8	ѹ҆пова́хомъ	оуповати.v	impf.1.pl	tagger:0.99
1	12	9	не	не.x.2	_	function
1	12	10	прогнѣ́вайсѧ	прогнѣватисѧ.v	impv.3.sg	tagger:0.75
1	12	11	на	на.x.2	_	function
1	12	12	ны̀	мы.pron	clit.1.pl.acc	tagger:0.76
1	12	13	ѕѣлѡ̀	ѕѣлѡ.x.2	_	function
1	12	14	нижѐ	ниже.x.2	_	function
1	12	15	помѧнѝ	помѧнꙋти.v	impv.2.sg	tagger:1.00
1	12	16	беззако́нїй	беззаконіе.n	gen.pl	lexicon
1	12	17	на́шихъ	нашъ.pron	n.pl.gen	rule:np-agree
1	12	18	но	но.x.2	_	function
1	12	19	при́зри	призрѣти.v	impv.2.sg	tagger:1.00
1	12	20	и҆	и.x.2	_	function
1	12	21	ны́нѣ	нынѣ.x.2	_	function
1	12	22	ꙗ҆́кѡ	ꙗкѡ.x.2	_	function
1	12	23	бл҃гоꙋтро́бенъ	благꙋтробный.a	short.pos.m.sg.nom	tagger:1.00
1	12	24	и҆	и.x.2	_	function
1	12	25	и҆зба́ви	избавити.v	impv.2.sg	tagger:1.00
1	12	26	ны̀	мы.pron	clit.1.pl.acc	tagger:0.59
1	12	27	ѿ	ѿ.x	_	function
1	12	28	вра̑гъ	врагъ.n	gen.pl	rule:prep-gov
1	12	29	на́шихъ	нашъ.pron	m.pl.gen	rule:np-agree
1	12	30	ты́	_	_	verbatim
1	12	31	бо	бо.x.2	_	function
1	12	32	є҆сѝ	быти.v	pres.2.sg	lexicon
1	12	33	бг҃ъ	богъ.n	nom.sg	lexicon
1	12	34	на́шъ	нашъ.pron	m.sg.nom	rule:np-agree
1	12	35	и҆	и.x.2	_	function
1	12	36	мы̀	мы.pron	1.pl.nom	tagger:1.00
1	12	37	лю́дїе	людіе.n	nom.pl	lexicon
1	12	38	твоѝ	твой.pron	m.pl.nom	rule:np-agree
1	12	39	всѝ	весь.pron	m.pl.nom	rule:voc-drop
1	12	40	дѣла̀	дѣло.n	nom.pl	tagger:1.00
1	12	41	рꙋкꙋ̀	рꙋка.n	gen.du	rule:np-agree+bare-loc
1	12	42	твоє́ю	твой.pron	f.du.gen	rule:np-agree+bare-loc
1	12	43	и҆	и.x.2	_	function
1	12	44	и҆́мѧ	имѧ.n	acc.sg	tagger:0.67
1	12	45	твоѐ	твой.pron	n.sg.acc	tagger:1.00
1	12	46	призыва́емъ	призывати.v	pres.1.pl	tagger:1.00
1	13	1	И҆	и.x.2	_	function
1	13	2	ны́нѣ	нынѣ.x.2	_	function
1	13	3	бг҃оро́диченъ	_	_	amb
1	13	4	Млⷭ҇рдїѧ	милосердіе.n	nom.pl	tagger:0.92
1	13	5	двє́ри	дверь.n	acc.pl	tagger:1.00
1	13	6	ѿве́рзи	_	_	amb
1	13	7	на́мъ	мы.pron	1.pl.dat	lexicon
1	13	8	бл҃гослове́ннаѧ	благословенный.a	long.pos.f.sg.voc	rule:np-agree
1	13	9	бцⷣе	богородица.n	voc.sg	lexicon
1	13	10	надѣ́ющїисѧ	надѣѧтисѧ.v	part.pres.act.long.m.pl.nom	tagger:1.00
1	13	11	на	на.x.2	_	function
1	13	12	тѧ̀	ты.pron	clit.2.sg.acc	lexicon
1	13	13	да	да	_	function
1	13	14	не	не.x.2	_	function
1	13	15	поги́бнемъ	погибнꙋти.v	pres.1.pl	tagger:0.99
1	13	16	но	но.x.2	_	function
1	13	17	да	да	_	function
1	13	18	и҆зба́вимсѧ	избавитисѧ.v	pres.1.pl	tagger:1.00
1	13	19	тобо́ю	ты.pron	2.sg.ins	lexicon
1	13	20	ѿ	ѿ.x	_	function
1	13	21	бѣ́дъ	бѣда.n	gen.pl	rule:prep-gov
1	13	22	ты́	_	_	verbatim
1	13	23	бо	бо.x.2	_	function
1	13	24	є҆сѝ	быти.v	pres.2.sg	lexicon
1	13	25	сп҃се́нїе	спасеніе.n	acc.sg	tagger:1.00
1	13	26	ро́да	родъ.n	gen.sg	lexicon
1	13	27	хрⷭ҇тїа́нскагѡ	хрістіанскій.a	long.pos.m.sg.gen	rule:np-agree
1	14	1	=Гдⷭ҇и	_	_	verbatim
1	14	2	поми́лꙋй	помиловати.v	impv.2.sg	tagger:1.00
1	14	3	=м҃.	_	_	apparatus
1	14	4	Сла́ва	слава.n	nom.sg	lexicon
1	14	5	и҆	и.x.2	_	function
1	14	6	ны́нѣ	нынѣ.x.2	_	function
1	14	7	Чⷭ҇тнѣ́йшꙋю	честный.a	long.comp.f.sg.acc	lexicon
1	14	8	херꙋві̑мъ	херꙋвімъ.n	acc.pl	tagger:0.87
1	14	9	І҆ере́й	іерей.n	nom.sg	tagger:1.00
1	14	10	Мл҃твами	молитва.n	ins.pl	lexicon
1	14	11	ст҃ы́хъ	свѧтый.a	long.pos.m.pl.gen	tagger:1.00
1	14	12	ѻ҆тє́цъ	отецъ.n	gen.pl	rule:np-agree
1	14	13	на́шихъ	нашъ.pron	m.pl.gen	rule:np-agree
1	14	14	И҆	и.x.2	_	function
1	14	15	трѝ	три.pron	m.pl.nom	tagger:0.99
1	14	16	покло́ны	поклонъ.n	acc.pl	lexicon
1	14	17	вели̑кїѧ	великій.a	long.pos.m.pl.acc	rule:np-agree
1	14	18	съ	съ.x.2	_	function
1	14	19	мл҃твою	молитва.n	ins.sg	lexicon
1	14	20	ꙗ҆́коже	ꙗкоже.x.2	_	function
1	14	21	и҆з̾ѧви́сѧ	_	_	verbatim
1	15	1	Та́же	тойже.pron	f.sg.nom	rule:voc-drop
1	15	2	мл҃твꙋ	молитва.n	gen.du|acc.sg|loc.du	set
1	15	3	вели́кагѡ	великій.a	long.pos.m.sg.gen	rule:np-agree
1	15	4	васі́лїа	васілій.n	gen.sg	rule:np-agree
1	16	1	Бж҃е	богъ.n	voc.sg	lexicon
1	16	2	вѣ́чный	вѣчный.a	long.pos.m.sg.voc	rule:np-agree
1	16	3	безнача́льный	безначальный.a	long.pos.m.sg.nom	tagger:1.00
1	16	4	и҆	и.x.2	_	function
1	16	5	присносꙋ́щный	присносꙋщный.a	long.pos.m.sg.voc	rule:np-agree
1	16	6	свѣ́те	свѣтъ.n	voc.sg	lexicon
1	16	7	всѧ́кїѧ	всѧкъ.pron	f.sg.gen	lexicon
1	16	8	тва́ри	тварь.n	gen.sg	rule:np-agree
1	16	9	содѣ́телю	содѣтель.n	dat.sg	rule:voc-drop
1	16	10	млⷭ҇ти	милость.n	nom.du|nom.pl|gen.sg|dat.sg|acc.du|acc.pl	rule:bare-loc
1	16	11	и҆сто́чниче	источникъ.n	voc.sg	lexicon
1	16	12	бл҃гости	благость.n	gen.sg	tagger:1.00
1	16	13	пꙋчи́но	пꙋчина.n	voc.sg	lexicon
1	16	14	и҆	и.x.2	_	function
1	16	15	чл҃вѣколю́бїѧ	человѣколюбіе.n	gen.sg	lexicon
1	16	16	неизслѣ́димаѧ	неизслѣдимый.a	long.pos.f.sg.voc	rule:np-agree
1	16	17	бе́здно	бездна.n	voc.sg	lexicon
1	16	18	просвѣтѝ	просвѣтити.v	impv.2.sg	tagger:1.00
1	16	19	на	на.x.2	_	function
1	16	20	ны̀	мы.pron	clit.1.pl.acc	tagger:0.89
1	16	21	свѣ́тъ	свѣтъ.n	acc.sg	tagger:0.98
1	16	22	лица̀	лице.n	gen.sg	lexicon
1	16	23	твоегѡ̀	твой.pron	n.sg.gen	rule:np-agree
1	16	24	гдⷭ҇и	_	_	amb
1	16	25	возсїѧ́й	возсіѧти.v	impv.2.sg	tagger:1.00
1	16	26	въ	въ.x.2	_	function
1	16	27	сердца́хъ	сердце.n	loc.pl	lexicon
1	16	28	на́шихъ	нашъ.pron	n.pl.loc	rule:np-agree
1	16	29	ѹ҆́мное	оумный.a	long.pos.n.sg.nom	tagger:1.00
1	16	30	сл҃нце	солнце.n	nom.sg	tagger:1.00
1	16	31	пра́вды	правда.n	gen.sg	lexicon
1	16	32	и҆	и.x.2	_	function
1	16	33	твоегѡ̀	твой.pron	n.sg.gen	rule:np-agree
1	16	34	весе́лїѧ	веселіе.n	gen.sg	lexicon
1	16	35	дꙋ́шы	дꙋша.n	acc.pl	tagger:0.98
1	16	36	на́шѧ	нашъ.pron	f.pl.acc	tagger:1.00
1	16	37	и҆спо́лни	исполнити.v	impv.2.sg	tagger:0.96
1	16	38	и҆	и.x.2	_	function
1	16	39	наꙋчѝ	наꙋчити.v	impv.2.sg	tagger:1.00
1	16	40	на́съ	мы.pron	1.pl.acc	tagger:1.00
1	16	41	твои̑мъ	твой.pron	m.pl.dat	tagger:0.58
1	16	42	поꙋча́тисѧ	пꙋчатисѧ.v	inf	lexicon
1	16	43	при́снѡ	_	_	amb
1	16	44	и҆	и.x.2	_	function
1	16	45	вѣща́ти	вѣщати.v	inf	lexicon
1	16	46	сꙋдьба́мъ	сꙋдьба.n	dat.pl	lexicon
1	16	47	и҆	и.x.2	_	function
1	16	48	и҆сповѣ́датисѧ	исповѣдатисѧ.v	inf	lexicon
1	16	49	тебѣ̀	ты.pron	2.sg.dat	rule:bare-loc
1	16	50	вы́нꙋ	вынꙋ.x.2	_	function
1	16	51	на́шемꙋ	нашъ.pron	m.sg.dat	rule:np-agree
1	16	52	влⷣцѣ	владыка.n	nom.du|dat.sg|acc.du	rule:voc-drop+bare-loc
1	16	53	и҆	и.x.2	_	function
1	16	54	бл҃годѣ́телю	благодѣтель.n	dat.sg	rule:voc-drop
1	16	55	рꙋ́къ	рꙋка.n	gen.pl	rule:np-agree
1	16	56	на́шихъ	нашъ.pron	f.pl.gen	rule:np-agree
1	16	57	дѣла̀	дѣло.n	acc.pl	tagger:0.95
1	16	58	къ	къ.x.2	_	function
1	16	59	твое́й	твой.pron	f.sg.dat	rule:prep-gov
1	16	60	и҆спра́ви	исправити.v	impv.2.sg	tagger:1.00
1	16	61	во́ли	волѧ.n	dat.sg	tagger:0.95
1	16	62	и҆	и.x.2	_	function
1	16	63	дѣ́ѧти	дѣѧти.v	inf	lexicon
1	16	64	на́мъ	мы.pron	1.pl.dat	lexicon
1	16	65	тебѣ̀	ты.pron	2.sg.dat	rule:bare-loc
1	16	66	бл҃гоꙋгѡ́днаѧ	благꙋгодный.a	long.pos.f.sg.nom	tagger:1.00
1	16	67	и҆	и.x.2	_	function
1	16	68	любє́знаѧ	любезный.a	long.pos.n.pl.nom	tagger:0.51
1	16	69	бл҃гопоспѣшѝ	благопоспѣшити.v	aor.3.sg	tagger:1.00
1	16	70	да	да	_	function
1	16	71	и҆	и.x.2	_	function
1	16	72	ѡ҆	ѡ.x.3	_	function
1	16	73	на́шемъ	нашъ.pron	n.sg.loc	rule:np-agree
1	16	74	недосто́инствѣ	недостоинство.n	loc.sg	lexicon
1	16	75	просла́витсѧ	прославитисѧ.v	pres.3.sg	lexicon
1	16	76	твоѐ	твой.pron	n.sg.acc	tagger:0.99
1	16	77	прест҃о́е	пресвѧтый.a	long.pos.n.sg.acc	tagger:1.00
1	16	78	и҆́мѧ	имѧ.n	acc.sg	tagger:1.00
1	16	79	ѻ҆ц҃а̀,	_	_	verbatim
1	16	80	и҆	и.x.2	_	function
1	16	81	сн҃а,	_	_	apparatus
1	16	82	и҆	и.x.2	_	function
1	16	83	ст҃а́гѡ	свѧтый.a	long.pos.m.sg.gen	tagger:1.00
1	16	84	дх҃а,	_	_	apparatus
1	16	85	є҆ди́нагѡ	единъ.pron	m.sg.gen	tagger:0.79
1	16	86	бж҃ества́	_	_	verbatim
1	16	87	же	же.x.2	_	function
1	16	88	и҆	и.x.2	_	function
1	16	89	црⷭ҇тва	царство.n	nom.pl|gen.sg|acc.pl	rule:voc-drop
1	16	90	є҆мꙋ́же	иже.pron	m.sg.dat	tagger:1.00
1	16	91	подоба́етъ	подобати.v	pres.3.sg	lexicon
1	16	92	всѧ́каѧ	всѧкъ.pron	f.sg.nom	rule:np-agree
1	16	93	сла́ва	слава.n	nom.sg	lexicon
1	16	94	че́сть	честь.n	nom.sg	tagger:0.85
1	16	95	и҆	и.x.2	_	function
1	16	96	поклоне́нїе	поклоненіе.n	acc.sg	tagger:0.99
1	16	97	а҆ми́нь	аминь.n	nom.sg	tagger:0.96
1	17	1	Пото́мъ	потомъ.x.2	_	function
1	17	2	и҆	и.x.2	_	function
1	17	3	сїю̀	сей.pron	f.sg.acc	lexicon
1	17	4	тогѡ́жде	тойжде.pron	n.sg.gen	tagger:1.00
1	18	1	Посыла́ѧй	посылати.v	part.pres.act.long.m.sg.nom	tagger:1.00
1	18	2	свѣ́тъ	свѣтъ.n	acc.sg	tagger:1.00
1	18	3	и҆	и.x.2	_	function
1	18	4	и҆́детъ	ити.v	pres.3.sg	lexicon
1	18	5	возсїѧва́ѧй	возсіѧвати.v	part.pres.act.long.n.sg.nom	rule:np-agree
1	18	6	со́лнце	солнце.n	nom.sg	rule:np-agree
1	18	7	на	на.x.2	_	function
1	18	8	пра́вєдныѧ	праведный.a	long.pos.m.pl.acc	tagger:0.84
1	18	9	и҆	и.x.2	_	function
1	18	10	непра́вєдныѧ	неправедный.a.2	long.pos.m.pl.acc	tagger:0.98
1	18	11	лꙋка̑выѧ	лꙋкавый.a	long.pos.m.pl.acc	tagger:0.98
1	18	12	же	же.x.2	_	function
1	18	13	и҆	и.x.2	_	function
1	18	14	бл҃гі̑ѧ	благій.a	long.pos.f.pl.nom	tagger:0.54
1	18	15	творѧ́й	творити.v	part.pres.act.long.n.sg.nom	rule:np-agree
1	18	16	ѹ҆́тро	оутро.n	nom.sg	rule:np-agree
1	18	17	и҆	и.x.2	_	function
1	18	18	просвѣща́ѧй	просвѣщати.v	part.pres.act.long.m.sg.nom	tagger:0.97
1	18	19	всю̀	весь.pron	f.sg.acc	lexicon
1	18	20	вселе́ннꙋю	вселити.v	part.past.pass.long.f.sg.acc	lexicon
1	18	21	просвѣтѝ	просвѣтити.v	impv.2.sg	tagger:1.00
1	18	22	и҆	и.x.2	_	function
1	18	23	на̑ша	нашъ.pron	n.pl.nom	tagger:0.99
1	18	24	сердца̀	сердце.n	gen.sg	lexicon
1	18	25	влⷣко	владыка.n	voc.sg	lexicon
1	18	26	всѣ́хъ	весь.pron	m.pl.gen	tagger:0.98
1	18	27	да́рꙋй	даровати.v	impv.2.sg	tagger:1.00
1	18	28	на́мъ	мы.pron	1.pl.dat	lexicon
1	18	29	въ	въ.x.2	_	function
1	18	30	настоѧ́щїй	настоѧщій.a	long.pos.m.sg.acc	rule:prep-gov
1	18	31	де́нь	день.n	acc.sg	rule:np-agree
1	18	32	бл҃гоꙋгоди́ти	благꙋгодити.v	inf	lexicon
1	18	33	тебѣ̀	ты.pron	2.sg.dat	rule:bare-loc
1	18	34	сохранѧ́ѧй	сохранѧти.v	part.pres.act.long.m.sg.nom	tagger:0.97
1	18	35	на́съ	мы.pron	1.pl.acc	tagger:1.00
1	18	36	ѿ	ѿ.x	_	function
1	18	37	всѧ́кїѧ	всѧкъ.pron	f.sg.gen	lexicon
1	18	38	стрѣлы̀	стрѣла.n	gen.sg	lexicon
1	18	39	летѧ́щїѧ	летѣти.v	part.pres.act.long.f.sg.gen	lexicon
1	18	40	во	въ.x.2	word	lexicon
1	18	41	днѝ	день.n	loc.sg	rule:prep-gov
1	18	42	и҆	и.x.2	_	function
1	18	43	ѿ	ѿ.x	_	function
1	18	44	всѧ́кїѧ	всѧкъ.pron	f.sg.gen	lexicon
1	18	45	сопроти́вныѧ	сопротивный.a	long.pos.f.sg.gen	lexicon
1	18	46	си́лы	сила.n	gen.sg	lexicon
1	18	47	мл҃твами	молитва.n	ins.pl	lexicon
1	18	48	всепречⷭ҇тыѧ	_	_	verbatim
1	18	49	влⷣчцы	владычица.n	acc.pl	tagger:1.00
1	18	50	на́шеѧ	нашъ.pron	f.sg.gen	lexicon
1	18	51	бцⷣы	богородица.n	gen.sg	lexicon
1	18	52	невеще́ственныхъ	невещественный.a	long.pos.m.pl.gen	tagger:0.98
1	18	53	твои́хъ	твой.pron	m.pl.gen	rule:np-agree
1	18	54	слꙋжи́телей	слꙋжитель.n	gen.pl	rule:np-agree
1	18	55	и҆	и.x.2	_	function
1	18	56	пренбⷭ҇ныхъ	_	_	verbatim
1	18	57	си́лъ	сила.n	acc.pl	tagger:1.00
1	18	58	и҆	и.x.2	_	function
1	18	59	всѣ́хъ	весь.pron	m.pl.gen	tagger:1.00
1	18	60	ст҃ы́хъ	свѧтый.a	short.pos.n.pl.gen	tagger:0.98
1	18	61	ѿ	ѿ.x	_	function
1	18	62	вѣ́ка	вѣкъ.n	gen.sg	lexicon
1	18	63	тебѣ̀	ты.pron	2.sg.dat	rule:bare-loc
1	18	64	бл҃гоꙋгоди́вшихъ	благꙋгодити.v	part.past.act.long.m.pl.gen	tagger:0.97
1	18	65	є҆́сть	быти.v	pres.3.sg	lexicon
1	18	66	є҆́же	иже.pron	n.pl.nom	tagger:0.97
1	18	67	ми́ловати	миловати.v	inf	lexicon
1	18	68	и҆	и.x.2	_	function
1	18	69	сп҃са́ти	спасати.v	inf	lexicon
1	18	70	ны̀	мы.pron	clit.1.pl.acc	tagger:0.60
1	18	71	бж҃е	богъ.n	voc.sg	lexicon
1	18	72	на́шъ	нашъ.pron	m.sg.voc	rule:np-agree
1	18	73	и҆	и.x.2	_	function
1	18	74	тебѣ̀	ты.pron	2.sg.dat	rule:bare-loc
1	18	75	сла́вꙋ	слава.n	acc.sg	lexicon
1	18	76	возсыла́емъ	возсылати.v	pres.1.pl	tagger:1.00
1	18	77	ѻ҆ц҃ꙋ̀,	_	_	verbatim
1	18	78	и	_	_	verbatim
1	18	79	сн҃ꙋ	сынъ.n	gen.du|dat.sg	rule:bare-loc
1	18	80	и҆	и.x.2	_	function
1	18	81	ст҃о́мꙋ	свѧтый.a	long.pos.m.sg.dat	rule:np-agree
1	18	82	дх҃ꙋ	дꙋхъ.n	gen.du|dat.sg	rule:bare-loc
1	18	83	ны́нѣ	нынѣ.x.2	_	function
1	18	84	и҆	и.x.2	_	function
1	18	85	при́снѡ	_	_	amb
1	18	86	и҆	и.x.2	_	function
1	18	87	во	въ.x.2	word	lexicon
1	18	88	вѣ́ки	вѣкъ.n	acc.pl	lexicon
1	18	89	вѣкѡ́въ	вѣкъ.n	gen.pl	lexicon
1	18	90	а҆ми́нь	аминь.n	nom.sg	tagger:0.96
1	19	1	Сла́ва	слава.n	nom.sg	lexicon
1	19	2	и҆	и.x.2	_	function
1	19	3	ны́нѣ	нынѣ.x.2	_	function
1	19	4	Чⷭ҇тнѣ́йшꙋю	честный.a	long.comp.f.sg.acc	lexicon
1	19	5	херꙋві̑мъ	херꙋвімъ.n	acc.pl	tagger:0.87
1	19	6	И҆	и.x.2	_	function
1	19	7	ѿпꙋ́стъ	ѡтпꙋстъ.n	acc.sg	tagger:0.89
2	1	1	Междоча́сїе	междочасіе.n	nom.sg	tagger:1.00
2	1	2	тогѡ́жде	тойжде.pron	m.sg.gen	rule:np-agree
2	1	3	часа̀	часъ.n	gen.sg	lexicon
2	2	1	По	по.x.2	_	function
2	2	2	Бл҃гослове́нъ	благословенный.a	short.pos.m.sg.acc	rule:prep-gov
2	2	3	бг҃ъ	богъ.n	nom.sg	lexicon
2	2	4	Трист҃о́е	трисвѧтый.a	long.pos.n.sg.nom	tagger:0.56
2	2	5	По	по.x.2	_	function
2	2	6	Ѻ҆́ч҃е	_	_	amb
2	2	7	на́шъ	нашъ.pron	m.sg.nom	tagger:1.00
2	2	8	Гдⷭ҇и	_	_	amb
2	2	9	поми́лꙋй	помиловати.v	impv.2.sg	tagger:1.00
2	2	10	в҃і.	_	_	apparatus
2	2	11	Прїиди́те	пріити.v	impv.2.pl	lexicon
2	2	12	поклони́мсѧ	поклонитисѧ.v	impv.1.pl	tagger:0.99
2	2	13	три́жды	трижды.x.2	_	function
2	2	14	И҆	и.x.2	_	function
2	2	15	ѱалмы̀	ѱаломъ.n	acc.pl	lexicon
2	3	1	Ѱало́мъ	ѱаломъ.n	nom.sg	tagger:1.00
2	3	2	к҃ѳ.	_	_	apparatus
2	4	1	гдⷭ҇и	_	_	amb
2	4	2	ꙗ҆́кѡ	ꙗкѡ.x.2	_	function
2	4	3	под̾ѧ́лъ	_	_	verbatim
2	4	4	мѧ̀	азъ.pron	clit.1.sg.acc	tagger:1.00
2	4	5	є҆сѝ	быти.v	pres.2.sg	lexicon
2	4	6	и҆	и.x.2	_	function
2	4	7	не	не.x.2	_	function
2	4	8	возвесели́лъ	возвеселити.v	lpart.m.sg	lexicon
2	4	9	є҆сѝ	быти.v	pres.2.sg	lexicon
2	4	10	врагѡ́въ	врагъ.n	gen.pl	rule:np-agree
2	4	11	мои́хъ	мой.pron	m.pl.gen	rule:np-agree
2	4	12	ѡ҆	ѡ.x.3	_	function
2	4	13	мнѣ̀	азъ.pron	1.sg.loc	rule:prep-gov
2	4	14	Гдⷭ҇и	_	_	amb
2	4	15	бж҃е	богъ.n	voc.sg	lexicon
2	4	16	мо́й	мой.pron	m.sg.voc	rule:np-agree
2	4	17	воззва́хъ	воззвати.v	impf.1.sg	tagger:1.00
2	4	18	къ	къ.x.2	_	function
2	4	19	тебѣ̀	ты.pron	2.sg.dat	rule:prep-gov
2	4	20	и҆	и.x.2	_	function
2	4	21	и҆сцѣли́лъ	исцѣлити.v	lpart.m.sg	lexicon
2	4	22	мѧ̀	азъ.pron	clit.1.sg.acc	tagger:1.00
2	4	23	є҆сѝ	быти.v	pres.2.sg	lexicon
2	4	24	Гдⷭ҇и	_	_	amb
2	4	25	возве́лъ	возвести.v	lpart.m.sg	lexicon
2	4	26	є҆сѝ	быти.v	pres.2.sg	lexicon
2	4	27	ѿ	ѿ.x	_	function
2	4	28	а҆́да	адъ.n	gen.sg	lexicon
2	4	29	дꙋ́шꙋ	дꙋша.n	acc.sg	lexicon
2	4	30	мою̀	мой.pron	f.sg.acc	lexicon
2	4	31	сп҃слъ	спасти.v	lpart.m.sg	lexicon
2	4	32	мѧ̀	азъ.pron	clit.1.sg.acc	tagger:1.00
2	4	33	є҆сѝ	быти.v	pres.2.sg	lexicon
2	4	34	ѿ	ѿ.x	_	function
2	4	35	низходѧ́щихъ	низходити.v	part.pres.act.long.n.pl.gen	tagger:0.88
2	4	36	въ	въ.x.2	_	function
2	4	37	ро́въ	ровъ.n	acc.sg	rule:prep-gov
2	4	38	По́йте	пѣти.v	impv.2.pl	lexicon
2	4	39	гдⷭ҇еви	_	_	amb
2	4	40	прпⷣбнїи	преподобный.a	long.pos.m.pl.nom	rule:voc-drop
2	4	41	є҆гѡ̀	онъ.pron	3.m.sg.gen	tagger:1.00
2	4	42	и҆	и.x.2	_	function
2	4	43	и҆сповѣ́дайте	исповѣдати.v	impv.2.pl	lexicon
2	4	44	па́мѧть	памѧть.n	acc.sg	tagger:1.00
2	4	45	ст҃ы́ни	свѧтынѧ.n	gen.sg	tagger:1.00
2	4	46	є҆гѡ̀	онъ.pron	3.m.sg.gen	tagger:1.00
2	4	47	Ꙗ҆́кѡ	ꙗкѡ.x.2	_	function
2	4	48	гнѣ́въ	гнѣвъ.n	nom.sg	tagger:1.00
2	4	49	въ	въ.x.2	_	function
2	4	50	ꙗ҆́рости	ꙗрость.n	loc.sg	rule:prep-gov
2	4	51	є҆гѡ̀	онъ.pron	3.m.sg.gen	tagger:1.00
2	4	52	и҆	и.x.2	_	function
2	4	53	живо́тъ	животъ.n	nom.sg	tagger:1.00
2	4	54	въ	въ.x.2	_	function
2	4	55	во́ли	волѧ.n	loc.sg	tagger:1.00
2	4	56	є҆гѡ̀	онъ.pron	3.m.sg.gen	tagger:1.00
2	4	57	ве́черъ	вечеръ.n	acc.sg	tagger:0.86
2	4	58	водвори́тсѧ	водворитисѧ.v	pres.3.sg	lexicon
2	4	59	пла́чь	плачь.n	acc.sg	tagger:0.89
2	4	60	и҆	и.x.2	_	function
2	4	61	заꙋ́тра	заꙋтра.x.2	_	function
2	4	62	ра́дость	_	_	amb
2	4	63	А҆́зъ	азъ.pron	1.sg.nom	tagger:1.00
2	4	64	же	же.x.2	_	function
2	4	65	рѣ́хъ	рещи.v	aor.1.sg	lexicon
2	4	66	во	въ.x.2	word	lexicon
2	4	67	ѻ҆би́лїи	обиліе.n	loc.sg	lexicon
2	4	68	мое́мъ	мой.pron	n.sg.loc	rule:np-agree
2	4	69	не	не.x.2	_	function
2	4	70	подви́жꙋсѧ	подвижатисѧ.v	pres.1.sg	lexicon
2	4	71	во	въ.x.2	word	lexicon
2	4	72	вѣ́къ	вѣкъ.n	acc.sg	rule:prep-gov
2	4	73	Гдⷭ҇и	_	_	amb
2	4	74	во́лею	волѧ.n	ins.sg	lexicon
2	4	75	твое́ю	твой.pron	f.sg.ins	lexicon
2	4	76	пода́ждь	подати.v	impv.2.sg	tagger:1.00
2	4	77	добро́тѣ	доброта.n	dat.sg	rule:bare-loc
2	4	78	мое́й	мой.pron	f.sg.dat	rule:bare-loc
2	4	79	си́лꙋ	сила.n	acc.sg	lexicon
2	4	80	ѿврати́лъ	ѡтвратити.v	lpart.m.sg	lexicon
2	4	81	же	же.x.2	_	function
2	4	82	є҆сѝ	быти.v	pres.2.sg	lexicon
2	4	83	лицѐ	лице.n	acc.sg	tagger:1.00
2	4	84	твоѐ	твой.pron	n.sg.acc	tagger:1.00
2	4	85	и҆	и.x.2	_	function
2	4	86	бы́хъ	быти.v	aor.1.sg	lexicon
2	4	87	смꙋще́нъ	смꙋтити.v	part.past.pass.short.m.sg.nom	tagger:1.00
2	4	88	Къ	къ.x.2	_	function
2	4	89	тебѣ̀	ты.pron	2.sg.dat	rule:prep-gov
2	4	90	гдⷭ҇и	_	_	amb
2	4	91	воззовꙋ̀	воззвати.v	pres.1.sg	lexicon
2	4	92	и҆	и.x.2	_	function
2	4	93	къ	къ.x.2	_	function
2	4	94	бг҃ꙋ	богъ.n	dat.sg	lexicon
2	4	95	моемꙋ̀	мой.pron	m.sg.dat	rule:np-agree
2	4	96	помолю́сѧ	помолитисѧ.v	pres.1.sg	lexicon
2	4	97	Ка́ѧ	кій.pron	f.sg.nom	rule:np-agree
2	4	98	по́льза	польза.n	nom.sg	lexicon
2	4	99	въ	въ.x.2	_	function
2	4	100	кро́ви	кровь.n	loc.sg	rule:prep-gov
2	4	101	мое́й	мой.pron	f.sg.loc	rule:np-agree
2	4	102	внегда̀	внегда.x.2	_	function
2	4	103	сходи́ти	сходити.v	inf	lexicon
2	4	104	мѝ	азъ.pron	clit.1.sg.dat	lexicon
2	4	105	во	въ.x.2	word	lexicon
2	4	106	и҆стлѣ́нїе	истлѣніе.n	acc.sg	rule:prep-gov
2	4	107	є҆да̀	еда.x.2	_	function
2	4	108	и҆сповѣ́стсѧ	исповѣдѣтисѧ.v	pres.3.sg	lexicon
2	4	109	тебѣ̀	ты.pron	2.sg.dat	rule:bare-loc
2	4	110	пе́рсть	персть.n	nom.sg	tagger:1.00
2	4	111	и҆лѝ	или.x.2	_	function
2	4	112	возвѣсти́тъ	возвѣстити.v	pres.3.sg	lexicon
2	4	113	и҆́стинꙋ	истина.n	acc.sg	lexicon
2	4	114	твою̀	твой.pron	f.sg.acc	lexicon
2	4	115	Слы́ша	слышати.v	part.pres.act.short.m.sg.nom	tagger:1.00
2	4	116	гдⷭ҇ь	_	_	amb
2	4	117	и҆	и.x.2	_	function
2	4	118	поми́лова	помиловати.v	aor.3.sg	tagger:1.00
2	4	119	мѧ̀	азъ.pron	clit.1.sg.acc	tagger:1.00
2	4	120	гдⷭ҇ь	_	_	amb
2	4	121	бы́сть	быти.v	aor.3.sg	rule:subj-verb
2	4	122	помо́щникъ	помощникъ.n	nom.sg	lexicon
2	4	123	мо́й	мой.pron	m.sg.nom	rule:np-agree
2	4	124	Ѡ҆брати́лъ	ѡбратити.v	lpart.m.sg	lexicon
2	4	125	є҆сѝ	быти.v	pres.2.sg	lexicon
2	4	126	пла́чь	плачь.n	acc.sg	tagger:1.00
2	4	127	мо́й	мой.pron	m.sg.acc	tagger:1.00
2	4	128	въ	въ.x.2	_	function
2	4	129	ра́дость	радость.n	acc.sg	rule:prep-gov
2	4	130	мнѣ̀	азъ.pron	1.sg.dat	tagger:1.00
2	4	131	растерза́лъ	растерзати.v	lpart.m.sg	lexicon
2	4	132	є҆сѝ	быти.v	pres.2.sg	lexicon
2	4	133	вре́тище	вретище.n	nom.sg	tagger:1.00
2	4	134	моѐ	мой.pron	n.sg.nom	tagger:1.00
2	4	135	и҆	и.x.2	_	function
2	4	136	препоѧ́салъ	препоѧсати.v	lpart.m.sg	lexicon
2	4	137	мѧ̀	азъ.pron	clit.1.sg.acc	tagger:1.00
2	4	138	є҆сѝ	быти.v	pres.2.sg	lexicon
2	4	139	весе́лїемъ	веселіе.n	ins.sg	lexicon
2	4	140	Ꙗ҆́кѡ	ꙗкѡ.x.2	_	function
2	4	141	да	да	_	function
2	4	142	воспое́тъ	воспѣти.v	pres.3.sg	lexicon
2	4	143	тебѣ̀	ты.pron	2.sg.dat	rule:bare-loc
2	4	144	сла́ва	слава.n	nom.sg	lexicon
2	4	145	моѧ̀	мой.pron	f.sg.nom	rule:np-agree
2	4	146	и҆	и.x.2	_	function
2	4	147	не	не.x.2	_	function
2	4	148	ѹ҆милю́сѧ	оумилитисѧ.v	pres.1.sg	lexicon
2	4	149	Гдⷭ҇и	_	_	amb
2	4	150	бж҃е	богъ.n	voc.sg	lexicon
2	4	151	мо́й	мой.pron	m.sg.voc	rule:np-agree
2	4	152	во	въ.x.2	word	lexicon
2	4	153	вѣ́къ	вѣкъ.n	acc.sg	rule:prep-gov
2	4	154	и҆сповѣ́мсѧ	исповѣдѣтисѧ.v	pres.1.sg	lexicon
2	4	155	тебѣ̀	ты.pron	2.sg.dat	rule:bare-loc
2	5	1	Ѱало́мъ	ѱаломъ.n	nom.sg	tagger:1.00
2	5	2	л҃а.	_	_	apparatus
2	6	1	Бл҃же́ни	_	_	amb
2	6	2	и҆́хже	иже.pron	m.pl.gen	tagger:0.96
2	6	3	ѡ҆ста́вишасѧ	ѡставитисѧ.v	aor.3.pl	lexicon
2	6	4	беззакѡ́нїѧ	беззаконіе.n	nom.pl	tagger:1.00
2	6	5	и҆	и.x.2	_	function
2	6	6	и҆́хже	иже.pron	m.pl.acc	tagger:0.61
2	6	7	прикры́шасѧ	прикрытисѧ.v	aor.3.pl	lexicon
2	6	8	грѣсѝ	грѣхъ.n	nom.pl	rule:voc-drop
2	6	9	Бл҃же́нъ	_	_	amb
2	6	10	мꙋ́жъ	мꙋжъ.n	nom.sg	lexicon
2	6	11	є҆мꙋ́же	иже.pron	m.sg.dat	tagger:1.00
2	6	12	не	не.x.2	_	function
2	6	13	вмѣни́тъ	вмѣнити.v	pres.3.sg	lexicon
2	6	14	гдⷭ҇ь	_	_	amb
2	6	15	грѣха̀	грѣхъ.n	gen.sg	lexicon
2	6	16	нижѐ	ниже.x.2	_	function
2	6	17	є҆́сть	быти.v	pres.3.sg	lexicon
2	6	18	во	въ.x.2	word	lexicon
2	6	19	ѹ҆стѣ́хъ	_	_	amb
2	6	20	є҆гѡ̀	онъ.pron	3.m.sg.gen	tagger:1.00
2	6	21	ле́сть	лесть.n	acc.sg	tagger:0.99
2	6	22	Ꙗ҆́кѡ	ꙗкѡ.x.2	_	function
2	6	23	ѹ҆молча́хъ	оумолчати.v	impf.1.sg	tagger:1.00
2	6	24	ѡ҆бетша́ша	ѡбетшати.v	aor.3.pl	lexicon
2	6	25	кѡ́сти	кость.n	gen.sg	tagger:1.00
2	6	26	моѧ̑	мой.pron	f.pl.nom	tagger:1.00
2	6	27	ѿ	ѿ.x	_	function
2	6	28	є҆́же	иже.pron	n.sg.gen	rule:prep-gov
2	6	29	зва́ти	звати.v	inf	lexicon
2	6	30	мѝ	азъ.pron	clit.1.sg.dat	lexicon
2	6	31	ве́сь	весь.pron	m.sg.acc	tagger:1.00
2	6	32	де́нь	день.n	acc.sg	tagger:1.00
2	6	33	Ꙗ҆́кѡ	ꙗкѡ.x.2	_	function
2	6	34	де́нь	день.n	acc.sg	tagger:1.00
2	6	35	и҆	и.x.2	_	function
2	6	36	но́щь	нощь.n	acc.sg	tagger:1.00
2	6	37	ѡ҆тѧготѣ̀	ѡтѧготѣти.v	aor.3.sg	tagger:1.00
2	6	38	на	на.x.2	_	function
2	6	39	мнѣ̀	азъ.pron	1.sg.loc	rule:prep-gov
2	6	40	рꙋка̀	рꙋка.n	nom.sg	lexicon
2	6	41	твоѧ̀	твой.pron	f.sg.nom	rule:np-agree
2	6	42	возврати́хсѧ	возвратитисѧ.v	aor.1.sg	lexicon
2	6	43	на	на.x.2	_	function
2	6	44	стра́сть	страсть.n	acc.sg	rule:prep-gov
2	6	45	є҆гда̀	егда.x.2	_	function
2	6	46	ѹ҆нзѐ	оунзнꙋти.v	aor.3.sg	tagger:1.00
2	6	47	мѝ	азъ.pron	clit.1.sg.dat	lexicon
2	6	48	те́рнъ	тернъ.n	nom.sg	tagger:1.00
2	6	49	Беззако́нїе	беззаконіе.n	acc.sg	rule:voc-drop+one-subject
2	6	50	моѐ	мой.pron	n.sg.acc	tagger:1.00
2	6	51	позна́хъ	познати.v	impf.1.sg	tagger:1.00
2	6	52	и҆	и.x.2	_	function
2	6	53	грѣха̀	грѣхъ.n	gen.sg	lexicon
2	6	54	моегѡ̀	мой.pron	m.sg.gen	rule:np-agree
2	6	55	не	не.x.2	_	function
2	6	56	покры́хъ	покрыти.v	aor.1.sg	lexicon
2	6	57	рѣ́хъ	рещи.v	aor.1.sg	lexicon
2	6	58	и҆сповѣ́мъ	исповѣсти.v	pres.1.sg	lexicon
2	6	59	на	на.x.2	_	function
2	6	60	мѧ̀	азъ.pron	clit.1.sg.acc	rule:prep-gov
2	6	61	беззако́нїе	беззаконіе.n	acc.sg	rule:voc-drop+one-subject
2	6	62	моѐ	мой.pron	n.sg.acc	tagger:1.00
2	6	63	гдⷭ҇еви	_	_	amb
2	6	64	и҆	и.x.2	_	function
2	6	65	ты̀	ты.pron	2.sg.nom	tagger:1.00
2	6	66	ѡ҆ста́вилъ	ѡставити.v	lpart.m.sg	lexicon
2	6	67	є҆сѝ	быти.v	pres.2.sg	lexicon
2	6	68	нече́стїе	нечестіе.n	acc.sg	tagger:1.00
2	6	69	се́рдца	сердце.n	gen.sg	lexicon
2	6	70	моегѡ̀	мой.pron	n.sg.gen	rule:np-agree
2	6	71	За	за.x.2	_	function
2	6	72	то̀	той.pron	n.sg.acc	rule:prep-gov
2	6	73	помо́литсѧ	помолитисѧ.v	pres.3.sg	lexicon
2	6	74	къ	къ.x.2	_	function
2	6	75	тебѣ̀	ты.pron	2.sg.dat	rule:prep-gov
2	6	76	всѧ́къ	всѧкъ.pron	m.sg.nom	tagger:1.00
2	6	77	прпⷣбный	преподобный.a	long.pos.m.sg.nom	tagger:1.00
2	6	78	во	въ.x.2	word	lexicon
2	6	79	вре́мѧ	времѧ.n	acc.sg	rule:prep-gov
2	6	80	бл҃гопотре́бно	благопотребный.a	short.pos.n.sg.acc	rule:np-agree
2	6	81	ѻ҆ба́че	обаче.x.2	_	function
2	6	82	въ	въ.x.2	_	function
2	6	83	пото́пѣ	потопъ.n	loc.sg	lexicon
2	6	84	во́дъ	вода.n	gen.pl	rule:np-agree
2	6	85	мно́гихъ	многій.a	short.pos.f.pl.gen	tagger:1.00
2	6	86	къ	къ.x.2	_	function
2	6	87	немꙋ̀	онъ.pron	3.m.sg.dat	tagger:1.00
2	6	88	не	не.x.2	_	function
2	6	89	прибли́жатсѧ	приближитисѧ.v	pres.3.pl	lexicon
2	6	90	Ты̀	ты.pron	2.sg.nom	tagger:1.00
2	6	91	є҆сѝ	быти.v	pres.2.sg	lexicon
2	6	92	прибѣ́жище	прибѣжище.n	nom.sg	tagger:1.00
2	6	93	моѐ	мой.pron	n.sg.nom	tagger:1.00
2	6	94	ѿ	ѿ.x	_	function
2	6	95	ско́рби	скорбь.n	gen.sg	rule:prep-gov
2	6	96	ѡ҆бдержа́щїѧ	ѡбдержати.v	part.pres.act.long.f.sg.gen	lexicon
2	6	97	мѧ̀	азъ.pron	clit.1.sg.acc	tagger:1.00
2	6	98	ра́досте	_	_	amb
2	6	99	моѧ̀	мой.pron	f.sg.nom	rule:voc-drop
2	6	100	и҆зба́ви	избавити.v	impv.2.sg	tagger:1.00
2	6	101	мѧ̀	азъ.pron	clit.1.sg.acc	tagger:1.00
2	6	102	ѿ	ѿ.x	_	function
2	6	103	ѡ҆быше́дшихъ	ѡбыти.v	part.past.act.long.m.pl.gen	tagger:0.80
2	6	104	мѧ̀	азъ.pron	clit.1.sg.acc	tagger:1.00
2	6	105	и҆	и.x.2	_	function
2	6	106	наста́влю	наставити.v	pres.1.sg	lexicon
2	6	107	тѧ̀	ты.pron	clit.2.sg.acc	lexicon
2	6	108	на	на.x.2	_	function
2	6	109	пꙋ́ть	пꙋть.n	acc.sg	rule:prep-gov
2	6	110	се́й	сей.pron	m.sg.acc	rule:np-agree
2	6	111	во́ньже	_	_	verbatim
2	6	112	по́йдеши	поити.v	pres.2.sg	lexicon
2	6	113	ѹ҆твержꙋ̀	оутвердити.v	pres.1.sg	lexicon
2	6	114	на	на.x.2	_	function
2	6	115	тѧ̀	ты.pron	clit.2.sg.acc	lexicon
2	6	116	ѻ҆́чи	око.n	acc.du	rule:one-subject
2	6	117	моѝ	мой.pron	n.du.acc	tagger:1.00
2	6	118	Не	не.x.2	_	function
2	6	119	бꙋ́дите	быти.v	impv.2.pl	lexicon
2	6	120	ꙗ҆́кѡ	ꙗкѡ.x.2	_	function
2	6	121	ко́нь	конь.n	nom.sg	lexicon
2	6	122	и҆	и.x.2	_	function
2	6	123	ме́скъ	мескъ.n	nom.sg	lexicon
2	6	124	и҆́мже	иже.pron	m.pl.dat	tagger:0.99
2	6	125	нѣ́сть	небыти.v	pres.3.sg	lexicon
2	6	126	ра́зꙋма	разꙋмъ.n	gen.sg	lexicon
2	6	127	брозда́ми	брозда.n	ins.pl	lexicon
2	6	128	и҆	и.x.2	_	function
2	6	129	ѹ҆здо́ю	оузда.n	ins.sg	lexicon
2	6	130	чє́люсти	челюсть.n	acc.pl	tagger:1.00
2	6	131	и҆́хъ	онъ.pron	3.m.pl.gen	tagger:1.00
2	6	132	востѧ́гнеши	востѧгнꙋти.v	pres.2.sg	lexicon
2	6	133	не	не.x.2	_	function
2	6	134	приближа́ющихсѧ	приближатисѧ.v	part.pres.act.long.m.pl.gen	tagger:0.94
2	6	135	къ	къ.x.2	_	function
2	6	136	тебѣ̀	ты.pron	2.sg.dat	rule:prep-gov
2	6	137	Мнѡ́ги	многій.a	short.pos.f.pl.nom	tagger:0.67
2	6	138	ра̑ны	рана.n	acc.pl	tagger:0.71
2	6	139	грѣ́шномꙋ	грѣшный.a	long.pos.m.sg.dat	tagger:1.00
2	6	140	ѹ҆пова́ющаго	оуповати.v	part.pres.act.long.m.sg.acc	lexicon
2	6	141	же	же.x.2	_	function
2	6	142	на	на.x.2	_	function
2	6	143	гдⷭ҇а	_	_	amb
2	6	144	млⷭ҇ть	милость.n	acc.sg	tagger:0.95
2	6	145	ѡ҆бы́детъ	ѡбыти.v	pres.3.sg	lexicon
2	6	146	Весели́тесѧ	веселитисѧ.v	impv.2.pl	tagger:1.00
2	6	147	ѡ҆	ѡ.x.3	_	function
2	6	148	гдⷭ҇ѣ	_	_	amb
2	6	149	и҆	и.x.2	_	function
2	6	150	ра́дꙋйтесѧ	радоватисѧ.v	impv.2.pl	lexicon
2	6	151	првⷣнїи	праведный.a	long.pos.m.pl.nom	tagger:1.00
2	6	152	и҆	и.x.2	_	function
2	6	153	хвали́тесѧ	хвалитисѧ.v	impv.2.pl	tagger:1.00
2	6	154	всѝ	весь.pron	m.pl.nom	rule:voc-drop
2	6	155	пра́вїи	правый.a	long.pos.m.pl.nom	rule:voc-drop
2	6	156	срⷣцемъ	_	_	verbatim
2	7	1	Ѱало́мъ	ѱаломъ.n	nom.sg	tagger:1.00
2	7	2	ѯ҃.	_	_	apparatus
2	8	1	Ѹ҆слы́ши	оуслышати.v	impv.2.sg	tagger:1.00
2	8	2	бж҃е	богъ.n	voc.sg	lexicon
2	8	3	моле́нїе	моленіе.n	nom.sg	tagger:1.00
2	8	4	моѐ	мой.pron	n.sg.nom	tagger:1.00
2	8	5	вонмѝ	внѧти.v	impv.2.sg	tagger:1.00
2	8	6	моли́твѣ	молитва.n	dat.sg	rule:bare-loc
2	8	7	мое́й	мой.pron	f.sg.dat	rule:bare-loc
2	8	8	Ѿ	ѿ.x	_	function
2	8	9	конє́цъ	конецъ.n	gen.pl	rule:prep-gov
2	8	10	землѝ	землѧ.n	gen.sg	tagger:0.95
2	8	11	къ	къ.x.2	_	function
2	8	12	тебѣ̀	ты.pron	2.sg.dat	rule:prep-gov
2	8	13	воззва́хъ	воззвати.v	impf.1.sg	tagger:1.00
2	8	14	внегда̀	внегда.x.2	_	function
2	8	15	ѹ҆ны̀	оуныти.v	aor.3.sg	tagger:1.00
2	8	16	се́рдце	сердце.n	acc.sg	tagger:0.90
2	8	17	моѐ	мой.pron	n.sg.acc	tagger:1.00
2	8	18	на	на.x.2	_	function
2	8	19	ка́мень	камень.n	acc.sg	rule:prep-gov
2	8	20	возне́слъ	вознести.v	lpart.m.sg	lexicon
2	8	21	мѧ̀	азъ.pron	clit.1.sg.acc	tagger:1.00
2	8	22	є҆сѝ	быти.v	pres.2.sg	lexicon
2	8	23	наста́вилъ	наставити.v	lpart.m.sg	lexicon
2	8	24	мѧ̀	азъ.pron	clit.1.sg.acc	tagger:1.00
2	8	25	є҆сѝ	быти.v	pres.2.sg	lexicon
2	8	26	Ꙗ҆́кѡ	ꙗкѡ.x.2	_	function
2	8	27	бы́лъ	быти.v	lpart.m.sg	lexicon
2	8	28	є҆сѝ	быти.v	pres.2.sg	lexicon
2	8	29	ѹ҆пова́нїе	оупованіе.n	nom.sg	tagger:0.95
2	8	30	моѐ	мой.pron	n.sg.nom	tagger:1.00
2	8	31	сто́лпъ	столпъ.n	nom.sg	tagger:1.00
2	8	32	крѣ́пости	крѣпость.n	gen.sg	tagger:1.00
2	8	33	ѿ	ѿ.x	_	function
2	8	34	лица̀	лице.n	gen.sg	lexicon
2	8	35	вра́жїѧ	вражій.a	short.pos.n.sg.gen	rule:np-agree
2	8	36	Вселю́сѧ	вселитисѧ.v	pres.1.sg	lexicon
2	8	37	въ	въ.x.2	_	function
2	8	38	селе́нїи	селеніе.n	loc.sg	lexicon
2	8	39	твое́мъ	твой.pron	n.sg.loc	rule:np-agree
2	8	40	во	въ.x.2	word	lexicon
2	8	41	вѣ́ки	вѣкъ.n	acc.pl	lexicon
2	8	42	покры́юсѧ	покрытисѧ.v	pres.1.sg	lexicon
2	8	43	въ	въ.x.2	_	function
2	8	44	кро́вѣ	кровъ.n	loc.sg	lexicon
2	8	45	кри́лъ	крило.n	gen.pl	lexicon
2	8	46	твои́хъ	твой.pron	n.pl.gen	rule:np-agree
2	8	47	Ꙗ҆́кѡ	ꙗкѡ.x.2	_	function
2	8	48	ты̀	ты.pron	2.sg.nom	tagger:1.00
2	8	49	бж҃е	богъ.n	voc.sg	lexicon
2	8	50	ѹ҆слы́шалъ	оуслышати.v	lpart.m.sg	lexicon
2	8	51	є҆сѝ	быти.v	pres.2.sg	lexicon
2	8	52	моли̑твы	молитва.n	acc.pl	tagger:1.00
2	8	53	моѧ̑	мой.pron	f.pl.acc	tagger:1.00
2	8	54	да́лъ	дати.v	lpart.m.sg	lexicon
2	8	55	є҆сѝ	быти.v	pres.2.sg	lexicon
2	8	56	достоѧ́нїе	достоѧніе.n	acc.sg	tagger:1.00
2	8	57	боѧ́щымсѧ	_	_	amb
2	8	58	и҆́мене	имѧ.n	gen.sg	lexicon
2	8	59	твоегѡ̀	твой.pron	n.sg.gen	rule:np-agree
2	8	60	Дни̑	день.n	acc.pl	tagger:1.00
2	8	61	на	на.x.2	_	function
2	8	62	дни̑	день.n	acc.pl	rule:prep-gov+np-agree
2	8	63	царє́вы	царевъ.a	short.pos.m.pl.acc	rule:np-agree
2	8	64	приложи́ши	приложити.v	pres.2.sg	lexicon
2	8	65	лѣ̑та	лѣто.n	nom.pl	tagger:0.99
2	8	66	є҆гѡ̀	онъ.pron	3.m.sg.gen	tagger:1.00
2	8	67	до	до.x.2	_	function
2	8	68	днѐ	день.n	gen.sg	lexicon
2	8	69	ро́да	родъ.n	gen.sg	lexicon
2	8	70	и҆	и.x.2	_	function
2	8	71	ро́да	родъ.n	gen.sg	lexicon
2	8	72	Пребꙋ́детъ	пребыти.v	fut.3.sg	lexicon
2	8	73	въ	въ.x.2	_	function
2	8	74	вѣ́къ	вѣкъ.n	acc.sg	rule:prep-gov
2	8	75	пред̾	пред̾	_	function
2	8	76	бг҃омъ	богъ.n	ins.sg	lexicon
2	8	77	млⷭ҇ть	милость.n	nom.sg	tagger:1.00
2	8	78	и҆	и.x.2	_	function
2	8	79	и҆́стинꙋ	истина.n	acc.sg	lexicon
2	8	80	є҆гѡ̀	онъ.pron	3.m.sg.gen	tagger:1.00
2	8	81	кто̀	кто.pron	m.sg.nom	rule:voc-drop
2	8	82	взы́щетъ	взыскати.v	pres.3.sg	lexicon
2	8	83	Та́кѡ	такѡ.x.2	_	function
2	8	84	воспою̀	воспѣти.v	pres.1.sg	lexicon
2	8	85	и҆́мени	имѧ.n	dat.sg	rule:np-agree
2	8	86	твоемꙋ̀	твой.pron	n.sg.dat	rule:np-agree
2	8	87	во	въ.x.2	word	lexicon
2	8	88	вѣ́ки	вѣкъ.n	acc.pl	lexicon
2	8	89	возда́ти	воздати.v	inf	lexicon
2	8	90	мѝ	азъ.pron	clit.1.sg.dat	lexicon
2	8	91	моли̑твы	молитва.n	acc.pl	tagger:1.00
2	8	92	моѧ̑	мой.pron	f.pl.acc	tagger:1.00
2	8	93	де́нь	день.n	acc.sg	tagger:1.00
2	8	94	ѿ	ѿ.x	_	function
2	8	95	днѐ	день.n	gen.sg	lexicon
2	9	1	Сла́ва	слава.n	nom.sg	lexicon
2	9	2	и҆	и.x.2	_	function
2	9	3	ны́нѣ	нынѣ.x.2	_	function
2	9	4	Трист҃о́е	трисвѧтый.a	long.pos.n.sg.nom	tagger:0.56
2	9	5	По	по.x.2	_	function
2	9	6	Ѻ҆́ч҃е	_	_	amb
2	9	7	на́шъ	нашъ.pron	m.sg.nom	tagger:1.00
2	10	1	Тропарѝ	тропарь.n	acc.pl	rule:np-agree
2	10	2	сїѧ̑	сей.pron	m.pl.acc	rule:np-agree
2	11	1	Бж҃е	богъ.n	voc.sg	lexicon
2	11	2	ѻ҆тє́цъ	отецъ.n	gen.pl	rule:np-agree
2	11	3	на́шихъ	нашъ.pron	m.pl.gen	rule:np-agree
2	11	4	творѧ́й	творити.v	part.pres.act.long.m.sg.nom	tagger:1.00
2	11	5	при́снѡ	_	_	amb
2	11	6	съ	съ.x.2	_	function
2	11	7	на́ми	мы.pron	1.pl.ins	lexicon
2	11	8	по	по.x.2	_	function
2	11	9	твое́й	твой.pron	f.sg.dat	tagger:1.00
2	11	10	кро́тости	кротость.n	dat.sg	tagger:1.00
2	11	11	не	не.x.2	_	function
2	11	12	ѿста́ви	ѡтставити.v	impv.2.sg	tagger:0.93
2	11	13	ми́лость	милость.n	acc.sg	rule:np-agree
2	11	14	твою̀	твой.pron	f.sg.acc	lexicon
2	11	15	ѿ	ѿ.x	_	function
2	11	16	на́съ	мы.pron	1.pl.gen	rule:prep-gov
2	11	17	но	но.x.2	_	function
2	11	18	моли́твами	молитва.n	ins.pl	lexicon
2	11	19	и҆́хъ	онъ.pron	3.m.pl.gen	tagger:1.00
2	11	20	въ	въ.x.2	_	function
2	11	21	ми́рѣ	миръ.n	loc.sg	lexicon
2	11	22	ѹ҆пра́ви	оуправити.v	impv.2.sg	tagger:0.84
2	11	23	живо́тъ	животъ.n	acc.sg	tagger:1.00
2	11	24	на́шъ	нашъ.pron	m.sg.acc	tagger:1.00
2	12	1	Сла́ва	слава.n	nom.sg	lexicon
2	12	2	Мч҃нцы	_	_	amb
2	12	3	твоѝ	твой.pron	m.pl.nom	tagger:0.99
2	12	4	гдⷭ҇и	_	_	amb
2	12	5	во	въ.x.2	word	lexicon
2	12	6	страда́нїихъ	страданіе.n	loc.pl	lexicon
2	12	7	свои́хъ	свой.pron	n.pl.loc	rule:np-agree
2	12	8	вѣнцы̀	вѣнецъ.n	acc.pl	tagger:1.00
2	12	9	прїѧ́ша	пріѧти.v	aor.3.pl	lexicon
2	12	10	нетлѣ̑нныѧ	нетлѣнный.a	long.pos.m.pl.acc	tagger:1.00
2	12	11	ѿ	ѿ.x	_	function
2	12	12	тебѐ	ты.pron	2.sg.gen	rule:prep-gov
2	12	13	бг҃а	богъ.n	gen.sg	rule:np-agree
2	12	14	на́шегѡ	нашъ.pron	m.sg.gen	rule:np-agree
2	12	15	и҆мꙋ́ще	имѣти.v	part.pres.act.short.m.pl.nom	tagger:1.00
2	12	16	бо	бо.x.2	_	function
2	12	17	крѣ́пость	крѣпость.n	acc.sg	rule:np-agree
2	12	18	твою̀	твой.pron	f.sg.acc	lexicon
2	12	19	мꙋчи́телей	мꙋчитель.n	acc.pl	tagger:0.99
2	12	20	низложи́ша	низложити.v	aor.3.pl	lexicon
2	12	21	сокрꙋши́ша	сокрꙋшити.v	aor.3.pl	lexicon
2	12	22	и҆	и.x.2	_	function
2	12	23	де́монѡвъ	демѡнъ.n	acc.pl	tagger:1.00
2	12	24	немѡщны́ѧ	немощный.a	long.pos.f.sg.gen	lexicon
2	12	25	де́рзѡсти	дерзость.n	gen.sg	rule:np-agree
2	12	26	тѣ́хъ	той.pron	n.pl.gen	tagger:0.85
2	12	27	мл҃твами	молитва.n	ins.pl	lexicon
2	12	28	сп҃сѝ	спасти.v	impv.2.sg	tagger:1.00
2	12	29	дꙋ́шы	дꙋша.n	acc.pl	tagger:1.00
2	12	30	на́шѧ	нашъ.pron	f.pl.acc	tagger:1.00
2	13	1	И҆	и.x.2	_	function
2	13	2	ны́нѣ	нынѣ.x.2	_	function
2	13	3	Стѣна̀	стѣна.n	nom.sg	lexicon
2	13	4	неѡбори́маѧ	неѡборимый.a	long.pos.f.sg.nom	rule:np-agree
2	13	5	на́мъ	мы.pron	1.pl.dat	lexicon
2	13	6	хрⷭ҇тїа́нѡмъ	хрістіанинъ.n	dat.pl	lexicon
2	13	7	є҆сѝ	быти.v	pres.2.sg	lexicon
2	13	8	бцⷣе	богородица.n	voc.sg	lexicon
2	13	9	дв҃о:	_	_	apparatus
2	13	10	къ	къ.x.2	_	function
2	13	11	тебѣ̀	ты.pron	2.sg.dat	rule:prep-gov
2	13	12	бо	бо.x.2	_	function
2	13	13	прибѣга́юще	прибѣгати.v	part.pres.act.short.m.pl.nom	tagger:1.00
2	13	14	неврѣди́мы	невредимый.a	short.pos.f.sg.nom	lexicon
2	13	15	пребыва́емъ	пребывати.v	pres.1.pl	tagger:1.00
2	13	16	и҆	и.x.2	_	function
2	13	17	па́ки	паки.x.2	_	function
2	13	18	согрѣша́юще	согрѣшати.v	part.pres.act.short.m.pl.nom	tagger:1.00
2	13	19	и҆́мамы	имѣти.v	pres.1.pl	lexicon
2	13	20	тѧ̀	ты.pron	clit.2.sg.acc	lexicon
2	13	21	мл҃твенницꙋ	молитвенница.n	acc.sg	lexicon
2	13	22	тѣ́мъ	той.pron	n.sg.ins	tagger:1.00
2	13	23	бл҃годарѧ́ще	благодарити.v	part.pres.act.short.m.pl.nom	tagger:1.00
2	13	24	вопїе́мъ	вопіѧти.v	part.pres.pass.short.m.sg.acc	tagger:0.54
2	13	25	тѝ	ты.pron	clit.2.sg.dat	tagger:1.00
2	13	26	ра́дꙋйсѧ	радоватисѧ.v	impv.2.sg	tagger:1.00
2	13	27	бл҃года́тнаѧ	благодатный.a	long.pos.f.sg.nom	tagger:1.00
2	13	28	гдⷭ҇ь	_	_	amb
2	13	29	съ	съ.x.2	_	function
2	13	30	тобо́ю	ты.pron	2.sg.ins	lexicon
2	14	1	=Гдⷭ҇и	_	_	verbatim
2	14	2	поми́лꙋй	помиловати.v	impv.2.sg	tagger:1.00
2	14	3	=м҃.	_	_	apparatus
2	15	1	Сла́ва	слава.n	nom.sg	lexicon
2	15	2	и҆	и.x.2	_	function
2	15	3	ны́нѣ	нынѣ.x.2	_	function
2	15	4	Чⷭ҇тнѣ́йшꙋю	честный.a	long.comp.f.sg.acc	lexicon
2	15	5	херꙋві̑мъ	херꙋвімъ.n	acc.pl	tagger:0.87
2	16	1	І҆ере́й	іерей.n	nom.sg	tagger:1.00
2	16	2	Мл҃твами	молитва.n	ins.pl	lexicon
2	16	3	ст҃ы́хъ	свѧтый.a	long.pos.m.pl.gen	tagger:1.00
2	16	4	ѻ҆тє́цъ	отецъ.n	gen.pl	rule:np-agree
2	16	5	на́шихъ	нашъ.pron	m.pl.gen	rule:np-agree
2	17	1	И҆	и.x.2	_	function
2	17	2	трѝ	три.pron	m.pl.nom	tagger:0.99
2	17	3	покло́ны	поклонъ.n	acc.pl	lexicon
2	17	4	вели̑кїѧ	великій.a	long.pos.m.pl.acc	rule:np-agree
2	17	5	съ	съ.x.2	_	function
2	17	6	мл҃твою	молитва.n	ins.sg	lexicon
2	17	7	ст҃а́гѡ	свѧтый.a	long.pos.m.sg.gen	rule:np-agree
2	17	8	є҆фре́ма	ефремъ.n	gen.sg	rule:np-agree
2	18	1	Посе́мъ	посемъ.x.2	_	function
2	18	2	мл҃твꙋ	молитва.n	gen.du|acc.sg	rule:bare-loc
2	18	3	сїю̀,	_	_	verbatim
2	18	4	вели́кагѡ	великій.a	long.pos.m.sg.gen	rule:np-agree
2	18	5	васі́лїа	васілій.n	gen.sg	rule:np-agree
2	19	1	Гдⷭ҇и	_	_	amb
2	19	2	бж҃е	богъ.n	voc.sg	lexicon
2	19	3	на́шъ	нашъ.pron	m.sg.voc	rule:np-agree
2	19	4	тво́й	твой.pron	m.sg.nom	tagger:0.92
2	19	5	ми́ръ	миръ.n	nom.sg	tagger:1.00
2	19	6	да́вый	дати.v	part.past.act.long.m.sg.nom	tagger:1.00
2	19	7	человѣ́кѡмъ	человѣкъ.n	dat.pl	lexicon
2	19	8	и҆	и.x.2	_	function
2	19	9	прест҃а́гѡ	пресвѧтый.a	long.pos.m.sg.gen	tagger:1.00
2	19	10	дх҃а	_	_	apparatus
2	19	11	да́ръ	даръ.n	acc.sg	tagger:1.00
2	19	12	твои̑мъ	твой.pron	f.pl.dat	tagger:0.60
2	19	13	ѹч҃нкѡ́мъ	_	_	verbatim
2	19	14	и҆	и.x.2	_	function
2	19	15	а҆пⷭ҇лѡмъ	апостолъ.n	dat.pl	lexicon
2	19	16	низпосла́вый	низпослати.v	part.past.act.long.m.sg.nom	tagger:1.00
2	19	17	и҆	и.x.2	_	function
2	19	18	си́хъ	сей.pron	m.pl.gen	tagger:0.62
2	19	19	ѹ҆стнѣ̀	оустна.n	nom.du	tagger:0.97
2	19	20	ѻ҆́гненными	огненный.a	short.pos.m.pl.ins	tagger:0.70
2	19	21	ѧ҆зы́ки	_	_	verbatim
2	19	22	разве́рзый	_	_	amb
2	19	23	си́лою	сила.n	ins.sg	lexicon
2	19	24	твое́ю	твой.pron	f.sg.ins	lexicon
2	19	25	разве́рзи	_	_	amb
2	19	26	и҆	и.x.2	_	function
2	19	27	на́съ	мы.pron	1.pl.acc	tagger:1.00
2	19	28	грѣ́шныхъ	грѣшный.a	long.pos.m.pl.gen	tagger:0.90
2	19	29	ѹ҆стнѣ̀	оустна.n	nom.du	tagger:0.95
2	19	30	и҆	и.x.2	_	function
2	19	31	наꙋчи́	_	_	verbatim
2	19	32	ны	_	_	verbatim
2	19	33	ка́кѡ	какѡ.x.2	_	function
2	19	34	подоба́етъ	подобати.v	pres.3.sg	lexicon
2	19	35	и҆	и.x.2	_	function
2	19	36	ѡ҆	ѡ.x.3	_	function
2	19	37	ни́хже	иже.pron	m.pl.loc	tagger:0.98
2	19	38	тре́бѣ	треба.n	dat.sg	tagger:1.00
2	19	39	є҆́сть	быти.v	pres.3.sg	lexicon
2	19	40	моли́тисѧ	молитисѧ.v	inf	lexicon
2	19	41	ѹ҆пра́ви	оуправити.v	impv.2.sg	tagger:1.00
2	19	42	на́шꙋ	нашъ.pron	f.sg.acc	lexicon
2	19	43	жи́знь	жизнь.n	acc.sg	rule:np-agree
2	19	44	бл҃гоѡти́шное	_	_	verbatim
2	19	45	ѡ҆бꙋрева́емыхъ	ѡбꙋревати.v	part.pres.pass.short|long.m|f|n.pl.gen	rule:bare-loc
2	19	46	приста́нище	пристанище.n	acc.sg	tagger:0.99
2	19	47	и҆	и.x.2	_	function
2	19	48	скажѝ	сказати.v	impv.2.sg	tagger:1.00
2	19	49	на́мъ	мы.pron	1.pl.dat	lexicon
2	19	50	пꙋ́ть	пꙋть.n	acc.sg	tagger:1.00
2	19	51	во́ньже	_	_	verbatim
2	19	52	по́йдемъ	поити.v	pres.1.pl	tagger:0.77
2	19	53	и҆	и.x.2	_	function
2	19	54	дх҃ъ	дꙋхъ.n	nom.sg	tagger:1.00
2	19	55	пра́въ	прати.v	part.past.act.short.m.sg.nom	tagger:1.00
2	19	56	ѡ҆бновѝ	ѡбновити.v	aor.3.sg	tagger:0.54
2	19	57	во	въ.x.2	word	lexicon
2	19	58	ѹ҆тро́бахъ	оутроба.n	loc.pl	lexicon
2	19	59	на́шихъ	нашъ.pron	f.pl.loc	rule:np-agree
2	19	60	и҆	и.x.2	_	function
2	19	61	дх҃омъ	дꙋхъ.n	ins.sg	lexicon
2	19	62	влⷣчнимъ	владычній.a	short.pos.m.sg.ins	tagger:0.84
2	19	63	мы́сли	мысль.n	loc.sg	tagger:0.61
2	19	64	на́шеѧ	нашъ.pron	f.sg.gen	lexicon
2	19	65	ѹ҆твердѝ	оутвердити.v	aor.3.sg	tagger:1.00
2	19	66	поползнове́нїе	поползновеніе.n	acc.sg	tagger:1.00
2	19	67	да	да	_	function
2	19	68	на	на.x.2	_	function
2	19	69	всѧ́къ	всѧкъ.pron	m.sg.acc	rule:prep-gov
2	19	70	де́нь	день.n	acc.sg	rule:np-agree
2	19	71	дх҃омъ	дꙋхъ.n	ins.sg	lexicon
2	19	72	твои́мъ	твой.pron	m.sg.ins	rule:np-agree
2	19	73	бл҃ги́мъ	благій.a	long.pos.n.sg.ins	tagger:0.90
2	19	74	къ	къ.x.2	_	function
2	19	75	поле́зномꙋ	полезный.a	long.pos.m.sg.dat	tagger:0.96
2	19	76	наставлѧ́еми	наставлѧти.v	part.pres.pass.short.m.pl.nom	rule:voc-drop
2	19	77	сподо́бимсѧ	сподобитисѧ.v	impv.1.pl	tagger:1.00
2	19	78	твори́ти	творити.v	inf	lexicon
2	19	79	за́пѡвѣди	заповѣдь.n	acc.pl	tagger:1.00
2	19	80	твоѧ̑	твой.pron	f.pl.acc	tagger:1.00
2	19	81	и҆	и.x.2	_	function
2	19	82	твоѐ	твой.pron	n.sg.acc	tagger:0.64
2	19	83	при́снѡ	_	_	amb
2	19	84	помина́ти	поминати.v	inf	lexicon
2	19	85	сла́вное	славный.a	long.pos.n.sg.acc	tagger:1.00
2	19	86	и҆	и.x.2	_	function
2	19	87	и҆спыта́тельное	_	_	verbatim
2	19	88	прише́ствїе	пришествіе.n	acc.sg	tagger:0.82
2	19	89	содѣ́ѧнныхъ	содѣѧти.v	part.past.pass.long.m.pl.gen	tagger:0.98
2	19	90	на́ми	мы.pron	1.pl.ins	lexicon
2	19	91	человѣ́ки	человѣкъ.n	acc.pl	lexicon
2	19	92	и҆	и.x.2	_	function
2	19	93	не	не.x.2	_	function
2	19	94	прельща́тисѧ	прельщатисѧ.v	inf	lexicon
2	19	95	тлѣ́ющими	тлѣти.v	part.pres.act.long.f.pl.ins	tagger:0.72
2	19	96	мі́ра	міръ.n	gen.sg	lexicon
2	19	97	сегѡ̀	сей.pron	m.sg.gen	rule:np-agree
2	19	98	красота́ми	красота.n	ins.pl	lexicon
2	19	99	но	но.x.2	_	function
2	19	100	бꙋ́дꙋщихъ	быти.v	part.pres.act.long.m.pl.gen	tagger:0.99
2	19	101	жела́ти	желати.v	inf	lexicon
2	19	102	воспрїѧ́тїѧ	воспріѧтіе.n	gen.sg	lexicon
2	19	103	ѹ҆крѣпѝ	оукрѣпити.v	aor.3.sg	tagger:1.00
2	19	104	сокро́вищъ	сокровище.n	gen.pl	lexicon
2	19	105	ꙗ҆́кѡ	ꙗкѡ.x.2	_	function
2	19	106	бл҃гослове́нъ	благословенный.a	short.pos.m.sg.nom	tagger:1.00
2	19	107	є҆сѝ	быти.v	pres.2.sg	lexicon
2	19	108	и҆	и.x.2	_	function
2	19	109	хва́ленъ	хвалити.v	part.past.pass.short.m.sg.nom	tagger:1.00
2	19	110	ѿ	ѿ.x	_	function
2	19	111	всѣ́хъ	весь.pron	m.pl.gen	tagger:1.00
2	19	112	ст҃ы́хъ	свѧтый.a	short.pos.n.pl.gen	tagger:0.95
2	19	113	твои́хъ	твой.pron	n.pl.gen	tagger:0.94
2	19	114	во	въ.x.2	word	lexicon
2	19	115	вѣ́ки	вѣкъ.n	acc.pl	lexicon
2	19	116	вѣкѡ́въ	вѣкъ.n	gen.pl	lexicon
2	19	117	а҆ми́нь	аминь.n	nom.sg	tagger:0.96
3	1	1	Междоча́сїе	междочасіе.n	nom.sg	tagger:1.00
3	1	2	шеста́гѡ	шестый.a	long.pos.m.sg.gen	rule:np-agree
3	1	3	часа̀	часъ.n	gen.sg	lexicon
3	2	1	Прїиди́те	пріити.v	impv.2.pl	lexicon
3	2	2	поклони́мсѧ	поклонитисѧ.v	impv.1.pl	tagger:0.99
3	2	3	три́жды	трижды.x.2	_	function
3	2	4	И҆	и.x.2	_	function
3	2	5	ѱалмы̀	ѱаломъ.n	acc.pl	lexicon
3	3	1	Ѱало́мъ	ѱаломъ.n	nom.sg	tagger:1.00
3	3	2	н҃є.	_	_	apparatus
3	4	1	Поми́лꙋй	помиловати.v	impv.2.sg	tagger:1.00
3	4	2	мѧ̀	азъ.pron	clit.1.sg.acc	tagger:1.00
3	4	3	бж҃е	богъ.n	voc.sg	lexicon
3	4	4	ꙗ҆́кѡ	ꙗкѡ.x.2	_	function
3	4	5	попра̀	попрати.v	aor.3.sg	rule:subj-verb
3	4	6	мѧ̀	азъ.pron	clit.1.sg.acc	lexicon
3	4	7	человѣ́къ	человѣкъ.n	nom.sg	lexicon
3	4	8	ве́сь	весь.pron	m.sg.acc	tagger:1.00
3	4	9	де́нь	день.n	acc.sg	tagger:1.00
3	4	10	борѧ̀	брати.v	part.pres.act.short.m.sg.acc	tagger:0.67
3	4	11	стꙋжѝ	стꙋжити.v	aor.3.sg	tagger:1.00
3	4	12	мѝ	азъ.pron	clit.1.sg.dat	lexicon
3	4	13	Попра́ша	попрати.v	aor.3.pl	lexicon
3	4	14	мѧ̀	азъ.pron	clit.1.sg.acc	tagger:1.00
3	4	15	вразѝ	врагъ.n	nom.pl	rule:voc-drop
3	4	16	моѝ	мой.pron	m.pl.nom	rule:np-agree+voc-drop
3	4	17	ве́сь	весь.pron	m.sg.acc	tagger:1.00
3	4	18	де́нь	день.n	acc.sg	tagger:1.00
3	4	19	ꙗ҆́кѡ	ꙗкѡ.x.2	_	function
3	4	20	мно́зи	многій.a	short.pos.m.pl.nom	rule:voc-drop
3	4	21	борю́щїи	брати.v	part.pres.act.long.m.pl.nom	tagger:1.00
3	4	22	мѧ̀	азъ.pron	clit.1.sg.acc	tagger:1.00
3	4	23	съ	съ.x.2	_	function
3	4	24	высоты̀	высота.n	gen.sg	lexicon
3	4	25	Въ	въ.x.2	_	function
3	4	26	де́нь	день.n	acc.sg	rule:prep-gov
3	4	27	꙾не	_	_	apparatus
3	4	28	ѹ҆бою́сѧ꙾	_	_	apparatus
3	4	29	[[꙾се́й	_	_	apparatus
3	4	30	рѣ́чи	рѣчь.n	gen.sg	tagger:0.99
3	4	31	не	не.x.2	_	function
3	4	32	въ	въ.x.2	_	function
3	4	33	нѣ́кїихъ	нѣкій.pron	n.pl.loc	tagger:0.86
3	4	34	не	не.x.2	_	function
3	4	35	и҆мѣ́етсѧ	имѣтисѧ.v	pres.3.sg	lexicon
3	4	36	꙾	_	_	apparatus
3	4	37	]]	_	_	verbatim
3	4	38	а҆́зъ	азъ.pron	1.sg.nom	tagger:1.00
3	4	39	же	же.x.2	_	function
3	4	40	ѹ҆пова́ю	оуповати.v	pres.1.sg	lexicon
3	4	41	на	на.x.2	_	function
3	4	42	тѧ̀	ты.pron	clit.2.sg.acc	lexicon
3	4	43	Ѡ҆	ѡ.x.3	_	function
3	4	44	бз҃ѣ	богъ.n	loc.sg	lexicon
3	4	45	похвалю̀	похвалити.v	pres.1.sg	lexicon
3	4	46	словеса̀	слово.n	acc.pl	rule:voc-drop+one-subject
3	4	47	моѧ̑	мой.pron	n.pl.acc	tagger:1.00
3	4	48	на	на.x.2	_	function
3	4	49	бг҃а	богъ.n	acc.sg	rule:prep-gov
3	4	50	ѹ҆пова́хъ	оуповати.v	impf.1.sg	tagger:1.00
3	4	51	не	не.x.2	_	function
3	4	52	ѹ҆бою́сѧ	оубоѧтисѧ.v	pres.1.sg	lexicon
3	4	53	что̀	что.pron	n.sg.acc	tagger:1.00
3	4	54	сотвори́тъ	сотворити.v	pres.3.sg	lexicon
3	4	55	мнѣ̀	азъ.pron	1.sg.dat	tagger:1.00
3	4	56	пло́ть	плоть.n	nom.sg	tagger:0.99
3	4	57	Ве́сь	весь.pron	m.sg.acc	tagger:1.00
3	4	58	де́нь	день.n	acc.sg	tagger:1.00
3	4	59	слове́съ	слово.n	gen.pl	lexicon
3	4	60	мои́хъ	мой.pron	n.pl.gen	rule:np-agree
3	4	61	гнꙋша́хꙋсѧ	гнꙋшатисѧ.v	impf.3.pl	lexicon
3	4	62	на	на.x.2	_	function
3	4	63	мѧ̀	азъ.pron	clit.1.sg.acc	rule:prep-gov
3	4	64	всѧ̑	весь.pron	n.pl.nom	tagger:0.99
3	4	65	помышлє́нїѧ	помышленіе.n	nom.pl	tagger:1.00
3	4	66	и҆́хъ	онъ.pron	3.m.pl.gen	tagger:1.00
3	4	67	на	на.x.2	_	function
3	4	68	ѕло̀	ѕло.n	acc.sg	tagger:1.00
3	4	69	Вселѧ́тсѧ	вселитисѧ.v	pres.3.pl	lexicon
3	4	70	и҆	и.x.2	_	function
3	4	71	скры́ютъ	скрыти.v	pres.3.pl	lexicon
3	4	72	꙾ті́и	_	_	apparatus
3	4	73	пѧ́тꙋ	пѧта.n	acc.sg	tagger:1.00
3	4	74	мою̀	мой.pron	f.sg.acc	lexicon
3	4	75	сохранѧ́тъ	сохранити.v	pres.3.pl	lexicon
3	4	76	ꙗ҆́коже	ꙗкоже.x.2	_	function
3	4	77	потерпѣ́ша	потерпѣти.v	aor.3.pl	lexicon
3	4	78	дꙋ́шꙋ	дꙋша.n	acc.sg	lexicon
3	4	79	мою̀꙾	_	_	apparatus
3	4	80	[[꙾ті́и	_	_	apparatus
3	4	81	пѧ́тꙋ	пѧта.n	acc.sg	tagger:1.00
3	4	82	мою̀	мой.pron	f.sg.acc	lexicon
3	4	83	наблюда́ти	наблюдати.v	inf	lexicon
3	4	84	бꙋ́дꙋтъ	быти.v	fut.3.pl	lexicon
3	4	85	ꙗ҆́коже	ꙗкоже.x.2	_	function
3	4	86	жда́хꙋ	ждати.v	impf.3.pl	lexicon
3	4	87	дꙋшѝ	дꙋша.n	dat.sg	tagger:0.96
3	4	88	моеѧ̀꙾	_	_	apparatus
3	4	89	]]	_	_	verbatim
3	4	90	Ни	ни.x.2	_	function
3	4	91	ѡ҆	ѡ.x.3	_	function
3	4	92	чесо́мъ	что.pron	n.sg.loc	lexicon
3	4	93	же	же.x.2	_	function
3	4	94	ѿри́неши	ѡтринꙋти.v	pres.2.sg	lexicon
3	4	95	ѧ҆̀	онъ.pron	3.n.pl.acc	tagger:0.98
3	4	96	гнѣ́вомъ	гнѣвъ.n	ins.sg	lexicon
3	4	97	лю́ди	людіе.n	gen.sg	tagger:0.98
3	4	98	низведе́ши	низвести.v	pres.2.sg	lexicon
3	4	99	Бж҃е	богъ.n	voc.sg	lexicon
3	4	100	живо́тъ	животъ.n	acc.sg	rule:one-subject
3	4	101	мо́й	мой.pron	m.sg.acc	tagger:1.00
3	4	102	возвѣсти́хъ	возвѣстити.v	aor.1.sg	lexicon
3	4	103	тебѣ̀	ты.pron	2.sg.dat	rule:bare-loc
3	4	104	положи́лъ	положити.v	lpart.m.sg	lexicon
3	4	105	є҆сѝ	быти.v	pres.2.sg	lexicon
3	4	106	сле́зы	слеза.n	gen.sg	lexicon
3	4	107	моѧ̑	мой.pron	f.pl.nom	tagger:0.80
3	4	108	пред̾	пред̾	_	function
3	4	109	тобо́ю	ты.pron	2.sg.ins	lexicon
3	4	110	ꙗ҆́кѡ	ꙗкѡ.x.2	_	function
3	4	111	и҆	и.x.2	_	function
3	4	112	во	въ.x.2	word	lexicon
3	4	113	ѡ҆бѣтова́нїи	ѡбѣтованіе.n	loc.sg	rule:prep-gov
3	4	114	твое́мъ	твой.pron	n.sg.loc	rule:np-agree
3	4	115	Да	да	_	function
3	4	116	возвратѧ́тсѧ	возвратитисѧ.v	pres.3.pl	lexicon
3	4	117	вразѝ	врагъ.n	nom.pl	rule:voc-drop
3	4	118	моѝ	мой.pron	m.pl.nom	rule:np-agree+voc-drop
3	4	119	вспѧ́ть	вспѧть.x.2	_	function
3	4	120	во́ньже	_	_	verbatim
3	4	121	а҆́ще	аще.x.2	_	function
3	4	122	де́нь	день.n	acc.sg	rule:voc-drop+one-subject
3	4	123	призовꙋ̀	призвати.v	pres.1.sg	lexicon
3	4	124	тѧ̀	ты.pron	clit.2.sg.acc	lexicon
3	4	125	сѐ	се.x.2	_	function
3	4	126	позна́хъ	познати.v	impf.1.sg	tagger:1.00
3	4	127	ꙗ҆́кѡ	ꙗкѡ.x.2	_	function
3	4	128	бг҃ъ	богъ.n	nom.sg	lexicon
3	4	129	мо́й	мой.pron	m.sg.nom	rule:np-agree
3	4	130	є҆сѝ	быти.v	pres.2.sg	lexicon
3	4	131	ты̀	ты.pron	2.sg.nom	tagger:1.00
3	4	132	Ѡ҆	ѡ.x.3	_	function
3	4	133	бз҃ѣ	богъ.n	loc.sg	lexicon
3	4	134	похвалю̀	похвалити.v	pres.1.sg	lexicon
3	4	135	глаго́лъ	глаголъ.n	acc.sg	rule:one-subject
3	4	136	ѡ҆	ѡ.x.3	_	function
3	4	137	гдⷭ҇ѣ	_	_	amb
3	4	138	похвалю̀	похвалити.v	pres.1.sg	lexicon
3	4	139	сло́во	слово.n	acc.sg	rule:voc-drop+one-subject
3	4	140	На	на.x.2	_	function
3	4	141	бг҃а	богъ.n	acc.sg	rule:prep-gov
3	4	142	ѹ҆пова́хъ	оуповати.v	impf.1.sg	tagger:1.00
3	4	143	не	не.x.2	_	function
3	4	144	ѹ҆бою́сѧ	оубоѧтисѧ.v	pres.1.sg	lexicon
3	4	145	что̀	что.pron	n.sg.acc	tagger:1.00
3	4	146	сотвори́тъ	сотворити.v	pres.3.sg	lexicon
3	4	147	мнѣ̀	азъ.pron	1.sg.dat	tagger:1.00
3	4	148	человѣ́къ	человѣкъ.n	nom.sg	lexicon
3	4	149	Во	въ.x.2	word	lexicon
3	4	150	мнѣ̀	азъ.pron	1.sg.loc	rule:prep-gov
3	4	151	бж҃е	богъ.n	voc.sg	lexicon
3	4	152	моли́твы	молитва.n	gen.sg	lexicon
3	4	153	ꙗ҆̀же	иже.pron	n.pl.acc	tagger:0.99
3	4	154	возда́мъ	воздати.v	pres.1.sg	tagger:0.84
3	4	155	хвалы̀	хвала.n	gen.sg	lexicon
3	4	156	твоеѧ̀	твой.pron	f.sg.gen	lexicon
3	4	157	Ꙗ҆́кѡ	ꙗкѡ.x.2	_	function
3	4	158	и҆зба́вилъ	избавити.v	lpart.m.sg	lexicon
3	4	159	є҆сѝ	быти.v	pres.2.sg	lexicon
3	4	160	дꙋ́шꙋ	дꙋша.n	acc.sg	lexicon
3	4	161	мою̀	мой.pron	f.sg.acc	lexicon
3	4	162	ѿ	ѿ.x	_	function
3	4	163	сме́рти	смерть.n	gen.sg	rule:prep-gov
3	4	164	ѻ҆́чи	око.n	nom.du	tagger:1.00
3	4	165	моѝ	мой.pron	n.du.nom	tagger:1.00
3	4	166	ѿ	ѿ.x	_	function
3	4	167	сле́зъ	слеза.n	gen.pl	rule:prep-gov
3	4	168	и҆	и.x.2	_	function
3	4	169	но́зѣ	нога.n	dat.sg	rule:bare-loc
3	4	170	моѝ	мой.pron	f.du.acc	tagger:1.00
3	4	171	ѿ	ѿ.x	_	function
3	4	172	поползнове́нїѧ	поползновеніе.n	gen.sg	lexicon
3	4	173	бл҃гоꙋгождꙋ̀	благꙋгодити.v	pres.1.sg	lexicon
3	4	174	пред̾	пред̾	_	function
3	4	175	гдⷭ҇емъ	_	_	amb
3	4	176	во	въ.x.2	word	lexicon
3	4	177	свѣ́тѣ	свѣтъ.n	loc.sg	lexicon
3	4	178	живы́хъ	живый.a	long.pos.f.pl.gen	tagger:0.25
3	5	1	Ѱало́мъ	ѱаломъ.n	nom.sg	tagger:1.00
3	5	2	н҃ѕ.	_	_	apparatus
3	6	1	Поми́лꙋй	помиловати.v	impv.2.sg	tagger:1.00
3	6	2	мѧ̀	азъ.pron	clit.1.sg.acc	tagger:1.00
3	6	3	бж҃е	богъ.n	voc.sg	lexicon
3	6	4	поми́лꙋй	помиловати.v	impv.2.sg	tagger:1.00
3	6	5	мѧ̀	азъ.pron	clit.1.sg.acc	tagger:1.00
3	6	6	ꙗ҆́кѡ	ꙗкѡ.x.2	_	function
3	6	7	на	на.x.2	_	function
3	6	8	тѧ̀	ты.pron	clit.2.sg.acc	lexicon
3	6	9	ѹ҆пова̀	оуповати.v	aor.3.sg	rule:subj-verb
3	6	10	дꙋша̀	дꙋша.n	nom.sg	lexicon
3	6	11	моѧ̀	мой.pron	f.sg.nom	rule:np-agree
3	6	12	и҆	и.x.2	_	function
3	6	13	на	на.x.2	_	function
3	6	14	сѣ́нь	сѣнь.n	acc.sg	rule:prep-gov
3	6	15	крилꙋ̑	крило.n	gen.du	rule:bare-loc
3	6	16	твоє́ю	твой.pron	n.du.gen	rule:np-agree+bare-loc
3	6	17	надѣ́юсѧ	надѣѧтисѧ.v	pres.1.sg	lexicon
3	6	18	до́ндеже	дондеже.x.2	_	function
3	6	19	пре́йдетъ	прейти.v	pres.3.sg	lexicon
3	6	20	беззако́нїе	беззаконіе.n	nom.sg	tagger:1.00
3	6	21	Воззовꙋ̀	воззвати.v	pres.1.sg	lexicon
3	6	22	къ	къ.x.2	_	function
3	6	23	бг҃ꙋ	богъ.n	dat.sg	lexicon
3	6	24	вы́шнемꙋ	вышній.a	long.pos.m.sg.dat	rule:np-agree
3	6	25	бг҃ꙋ	богъ.n	dat.sg	lexicon
3	6	26	бл҃годѣ́ѧвшемꙋ	благодѣѧти.v	part.past.act.long.m.sg.dat	rule:np-agree
3	6	27	мнѣ̀	азъ.pron	1.sg.dat	tagger:1.00
3	6	28	Посла̀	посолъ.n	gen.sg	tagger:0.99
3	6	29	съ	съ.x.2	_	function
3	6	30	нб҃сѐ	небо.n	gen.sg	lexicon
3	6	31	и҆	и.x.2	_	function
3	6	32	сп҃се́	_	_	verbatim
3	6	33	мѧ	_	_	verbatim
3	6	34	дадѐ	дати.v	aor.3.sg	tagger:1.00
3	6	35	въ	въ.x.2	_	function
3	6	36	поноше́нїе	поношеніе.n	acc.sg	rule:prep-gov
3	6	37	попира́ющыѧ	попирати.v	part.pres.act.long.m.pl.acc	tagger:0.99
3	6	38	мѧ̀	азъ.pron	clit.1.sg.acc	tagger:1.00
3	6	39	посла̀	послати.v	aor.3.sg	tagger:1.00
3	6	40	бг҃ъ	богъ.n	nom.sg	lexicon
3	6	41	млⷭ҇ть	милость.n	acc.sg	rule:np-agree
3	6	42	свою̀	свой.pron	f.sg.acc	lexicon
3	6	43	и҆	и.x.2	_	function
3	6	44	и҆́стинꙋ	истина.n	acc.sg	lexicon
3	6	45	свою̀	свой.pron	f.sg.acc	lexicon
3	6	46	И҆	и.x.2	_	function
3	6	47	и҆зба́ви	избавити.v	impv.2.sg	tagger:1.00
3	6	48	дꙋ́шꙋ	дꙋша.n	acc.sg	lexicon
3	6	49	мою̀	мой.pron	f.sg.acc	lexicon
3	6	50	ѿ	ѿ.x	_	function
3	6	51	среды̀	среда.n	gen.sg	lexicon
3	6	52	скѵ́мнѡвъ	скѵменъ.n	acc.pl	tagger:0.52
3	6	53	Поспа́хъ	поспати.v	impf.1.sg	tagger:1.00
3	6	54	смꙋще́нъ	смꙋтити.v	part.past.pass.short.m.sg.nom	tagger:1.00
3	6	55	сы́нове	сынъ.n	nom.pl	lexicon
3	6	56	человѣ́честїи	человѣческій.a	long.pos.m.pl.nom	rule:np-agree
3	6	57	зꙋ́бы	зꙋбъ.n	acc.pl	lexicon
3	6	58	и҆́хъ	онъ.pron	3.m.pl.gen	tagger:1.00
3	6	59	ѻ҆рꙋ̑жїѧ	орꙋжіе.n	nom.pl	tagger:1.00
3	6	60	и҆	и.x.2	_	function
3	6	61	стрѣ́лы	стрѣла.n	gen.sg	lexicon
3	6	62	и҆	и.x.2	_	function
3	6	63	ѧ҆зы́къ	_	_	verbatim
3	6	64	и҆́хъ	онъ.pron	3.m.pl.gen	tagger:1.00
3	6	65	ме́чь	мечъ.n	nom.sg	tagger:0.93
3	6	66	ѻ҆́стръ	острый.a	short.pos.m.sg.nom	tagger:1.00
3	6	67	Вознеси́сѧ	вознестисѧ.v	impv.2.sg	tagger:0.85
3	6	68	на	на.x.2	_	function
3	6	69	нб҃са̀	небо.n	acc.pl	rule:prep-gov
3	6	70	бж҃е	богъ.n	voc.sg	lexicon
3	6	71	и҆	и.x.2	_	function
3	6	72	по	по.x.2	_	function
3	6	73	все́й	весь.pron	f.sg.dat	tagger:1.00
3	6	74	землѝ	землѧ.n	dat.sg	tagger:1.00
3	6	75	сла́ва	слава.n	nom.sg	lexicon
3	6	76	твоѧ̀	твой.pron	f.sg.nom	rule:np-agree
3	6	77	Сѣ́ть	сѣть.n	acc.sg	tagger:1.00
3	6	78	ѹ҆гото́ваша	оуготовати.v	aor.3.pl	lexicon
3	6	79	нога́мъ	нога.n	dat.pl	lexicon
3	6	80	мои̑мъ	мой.pron	f.pl.dat	rule:np-agree
3	6	81	и҆	и.x.2	_	function
3	6	82	слѧко́ша	слѧщи.v	aor.3.pl	lexicon
3	6	83	дꙋ́шꙋ	дꙋша.n	acc.sg	lexicon
3	6	84	мою̀	мой.pron	f.sg.acc	lexicon
3	6	85	и҆скопа́ша	ископати.v	aor.3.pl	lexicon
3	6	86	пред̾	пред̾	_	function
3	6	87	лице́мъ	лице.n	ins.sg	lexicon
3	6	88	мои́мъ	мой.pron	n.sg.ins	rule:np-agree
3	6	89	ꙗ҆́мꙋ	ꙗма.n	acc.sg	lexicon
3	6	90	и҆	и.x.2	_	function
3	6	91	впадо́ша	впасти.v	aor.3.pl	lexicon
3	6	92	въ	въ.x.2	_	function
3	6	93	ню̀	онъ.pron	3.f.sg.acc	lexicon
3	6	94	Гото́во	готовый.a	short.pos.n.sg.nom	tagger:1.00
3	6	95	се́рдце	сердце.n	nom.sg	tagger:1.00
3	6	96	моѐ	мой.pron	n.sg.nom	tagger:1.00
3	6	97	бж҃е	богъ.n	voc.sg	lexicon
3	6	98	гото́во	готовый.a	short.pos.n.sg.nom	tagger:1.00
3	6	99	се́рдце	сердце.n	nom.sg	tagger:1.00
3	6	100	моѐ	мой.pron	n.sg.nom	tagger:1.00
3	6	101	воспою̀	воспѣти.v	pres.1.sg	lexicon
3	6	102	и҆	и.x.2	_	function
3	6	103	пою̀	_	_	amb
3	6	104	во	въ.x.2	word	lexicon
3	6	105	сла́вѣ	слава.n	loc.sg	rule:prep-gov
3	6	106	мое́й	мой.pron	f.sg.loc	rule:np-agree
3	6	107	Воста́ни	востати.v	impv.2.sg	tagger:1.00
3	6	108	сла́ва	слава.n	nom.sg	lexicon
3	6	109	моѧ̀	мой.pron	f.sg.nom	rule:np-agree
3	6	110	воста́ни	востати.v	impv.2.sg	tagger:1.00
3	6	111	ѱалти́рю	ѱалтирь.n	dat.sg	rule:voc-drop
3	6	112	и҆	и.x.2	_	function
3	6	113	гꙋ́сли	гꙋсль.n	nom.pl	tagger:0.99
3	6	114	воста́нꙋ	востати.v	pres.1.sg	lexicon
3	6	115	ра́нѡ	ранный.a	adv	lexicon
3	6	116	И҆сповѣ́мсѧ	исповѣдѣтисѧ.v	pres.1.sg	lexicon
3	6	117	тебѣ̀	ты.pron	2.sg.dat	rule:bare-loc
3	6	118	въ	въ.x.2	_	function
3	6	119	лю́дехъ	людіе.n	loc.pl	lexicon
3	6	120	гдⷭ҇и	_	_	amb
3	6	121	воспою̀	воспѣти.v	pres.1.sg	lexicon
3	6	122	тебѣ̀	ты.pron	2.sg.dat	rule:bare-loc
3	6	123	во	въ.x.2	word	lexicon
3	6	124	ꙗ҆зы́цѣхъ	_	_	amb
3	6	125	Ꙗ҆́кѡ	ꙗкѡ.x.2	_	function
3	6	126	возвели́чисѧ	возвеличитисѧ.v	aor.3.sg	tagger:1.00
3	6	127	до	до.x.2	_	function
3	6	128	нб҃съ	небо.n	gen.pl	lexicon
3	6	129	млⷭ҇ть	милость.n	nom.sg	rule:np-agree
3	6	130	твоѧ̀	твой.pron	f.sg.nom	rule:np-agree
3	6	131	и҆	и.x.2	_	function
3	6	132	да́же	даже.x.2	_	function
3	6	133	до	до.x.2	_	function
3	6	134	ѻ҆́блакъ	облако.n	gen.pl	rule:prep-gov
3	6	135	и҆́стина	истина.n	nom.sg	lexicon
3	6	136	твоѧ̀	твой.pron	f.sg.nom	rule:np-agree
3	6	137	Вознеси́сѧ	вознестисѧ.v	impv.2.sg	tagger:0.85
3	6	138	на	на.x.2	_	function
3	6	139	нб҃са̀	небо.n	acc.pl	rule:prep-gov
3	6	140	бж҃е	богъ.n	voc.sg	lexicon
3	6	141	и҆	и.x.2	_	function
3	6	142	по	по.x.2	_	function
3	6	143	все́й	весь.pron	f.sg.dat	tagger:1.00
3	6	144	землѝ	землѧ.n	dat.sg	tagger:1.00
3	6	145	сла́ва	слава.n	nom.sg	lexicon
3	6	146	твоѧ̀	твой.pron	f.sg.nom	rule:np-agree
3	7	1	Ѱало́мъ	ѱаломъ.n	nom.sg	tagger:1.00
3	7	2	ѯ҃ѳ.	_	_	apparatus
3	8	1	Бж҃е	богъ.n	voc.sg	lexicon
3	8	2	въ	въ.x.2	_	function
3	8	3	по́мощь	помощь.n	acc.sg	rule:prep-gov
3	8	4	мою̀	мой.pron	f.sg.acc	lexicon
3	8	5	вонмѝ	внѧти.v	impv.2.sg	tagger:1.00
3	8	6	гдⷭ҇и	_	_	amb
3	8	7	помощѝ	помощи.v	inf	lexicon
3	8	8	мѝ	азъ.pron	clit.1.sg.dat	lexicon
3	8	9	потщи́сѧ	потщитисѧ.v	aor.3.sg	tagger:0.94
3	8	10	Да	да	_	function
3	8	11	постыдѧ́тсѧ	_	_	amb
3	8	12	и҆	и.x.2	_	function
3	8	13	посра́мѧтсѧ	посрамитисѧ.v	pres.3.pl	lexicon
3	8	14	и҆́щꙋщїи	искати.v	part.pres.act.long.m.pl.nom	tagger:1.00
3	8	15	дꙋ́шꙋ	дꙋша.n	acc.sg	lexicon
3	8	16	мою̀	мой.pron	f.sg.acc	lexicon
3	8	17	да	да	_	function
3	8	18	возвратѧ́тсѧ	возвратитисѧ.v	pres.3.pl	lexicon
3	8	19	вспѧ́ть	вспѧть.x.2	_	function
3	8	20	и҆	и.x.2	_	function
3	8	21	постыдѧ́тсѧ	_	_	amb
3	8	22	хотѧ́щїи	хотѣти.v	part.pres.act.long.m.pl.nom	tagger:1.00
3	8	23	мѝ	азъ.pron	clit.1.sg.dat	lexicon
3	8	24	ѕла̑ѧ	ѕлый.a	long.pos.n.pl.acc	tagger:1.00
3	8	25	Да	да	_	function
3	8	26	возратѧ́тсѧ	_	_	verbatim
3	8	27	а҆́бїе	абіе.x.2	_	function
3	8	28	стыдѧ́щесѧ	стыдѣтисѧ.v	part.pres.act.short.m.pl.nom	tagger:1.00
3	8	29	глаго́лющїи	глаголати.v	part.pres.act.long.m.pl.nom	tagger:0.98
3	8	30	мѝ	азъ.pron	clit.1.sg.dat	lexicon
3	8	31	бла́го	благо.n	nom.sg	tagger:0.52
3	8	32	же	же.x.2	_	function
3	8	33	бла́го	благо.n	nom.sg	tagger:0.52
3	8	34	же	же.x.2	_	function
3	8	35	Да	да	_	function
3	8	36	возра́дꙋютсѧ	возрадоватисѧ.v	pres.3.pl	lexicon
3	8	37	и҆	и.x.2	_	function
3	8	38	возвеселѧ́тсѧ	возвеселитисѧ.v.2	pres.3.pl	lexicon
3	8	39	ѡ҆	ѡ.x.3	_	function
3	8	40	тебѣ̀	ты.pron	2.sg.loc	rule:prep-gov
3	8	41	всѝ	весь.pron	m.pl.nom	rule:voc-drop
3	8	42	и҆́щꙋщїи	искати.v	part.pres.act.long.m.pl.nom	tagger:1.00
3	8	43	тебѐ	ты.pron	2.sg.gen	tagger:1.00
3	8	44	бж҃е	богъ.n	voc.sg	lexicon
3	8	45	и҆	и.x.2	_	function
3	8	46	да	да	_	function
3	8	47	глаго́лютъ	глаголати.v	pres.3.pl	lexicon
3	8	48	вы́нꙋ	вынꙋ.x.2	_	function
3	8	49	да	да	_	function
3	8	50	возвели́читсѧ	возвеличитисѧ.v	pres.3.sg	lexicon
3	8	51	гдⷭ҇ь	_	_	amb
3	8	52	лю́бѧщїи	любити.v	part.pres.act.long.m.pl.nom	tagger:1.00
3	8	53	сп҃се́нїе	спасеніе.n	acc.sg	tagger:1.00
3	8	54	твоѐ	твой.pron	n.sg.acc	tagger:1.00
3	8	55	А҆́зъ	азъ.pron	1.sg.nom	tagger:1.00
3	8	56	же	же.x.2	_	function
3	8	57	ни́щъ	нищій.a	short.pos.m.sg.nom	tagger:1.00
3	8	58	є҆́смь	быти.v	pres.1.sg	lexicon
3	8	59	и҆	и.x.2	_	function
3	8	60	ѹ҆бо́гъ	оубогій.a	short.pos.m.sg.nom	tagger:1.00
3	8	61	бж҃е	богъ.n	voc.sg	lexicon
3	8	62	помозѝ	помощи.v	impv.2.sg	tagger:1.00
3	8	63	мѝ	азъ.pron	clit.1.sg.dat	lexicon
3	8	64	помо́щникъ	помощникъ.n	nom.sg	lexicon
3	8	65	мо́й	мой.pron	m.sg.nom	rule:np-agree
3	8	66	и҆	и.x.2	_	function
3	8	67	и҆зба́витель	избавитель.n	nom.sg	lexicon
3	8	68	мо́й	мой.pron	m.sg.nom	rule:np-agree
3	8	69	є҆сѝ	быти.v	pres.2.sg	lexicon
3	8	70	ты̀	ты.pron	2.sg.nom	tagger:1.00
3	8	71	гдⷭ҇и	_	_	amb
3	8	72	не	не.x.2	_	function
3	8	73	закоснѝ	закоснѣти.v	impv.2.sg	tagger:0.98
3	9	1	Сла́ва	слава.n	nom.sg	lexicon
3	9	2	и҆	и.x.2	_	function
3	9	3	ны́нѣ	нынѣ.x.2	_	function
3	9	4	Трист҃о́е	трисвѧтый.a	long.pos.n.sg.nom	tagger:0.56
3	9	5	По	по.x.2	_	function
3	9	6	Ѻ҆́ч҃е	_	_	amb
3	9	7	на́шъ	нашъ.pron	m.sg.nom	tagger:1.00
3	10	1	Тропарѝ	тропарь.n	acc.pl	rule:np-agree
3	10	2	сїѧ̑	сей.pron	m.pl.acc	rule:np-agree
3	11	1	Спасѝ	спасти.v	impv.2.sg	tagger:1.00
3	11	2	гдⷭ҇и	_	_	amb
3	11	3	лю́ди	людіе.n	acc.pl	tagger:0.83
3	11	4	твоѧ̑	твой.pron	m.pl.acc	tagger:1.00
3	11	5	и҆	и.x.2	_	function
3	11	6	благословѝ	благословити.v	impv.2.sg	tagger:1.00
3	11	7	достоѧ́нїе	достоѧніе.n	acc.sg	tagger:1.00
3	11	8	твоѐ	твой.pron	n.sg.acc	tagger:1.00
3	11	9	побѣ̑ды	побѣда.n	nom.pl	tagger:0.50
3	11	10	правосла́внымъ	православный.a	long.pos.m.sg.ins	tagger:0.68
3	11	11	хрⷭ҇тїа́нѡмъ	хрістіанинъ.n	dat.pl	lexicon
3	11	12	на	на.x.2	_	function
3	11	13	сопроти̑вныѧ	сопротивный.a	long.pos.m.pl.acc	tagger:0.79
3	11	14	да́рꙋѧ	даровати.v	part.pres.act.short.m.sg.acc	tagger:0.69
3	11	15	и҆	и.x.2	_	function
3	11	16	твоѐ	твой.pron	n.sg.nom	tagger:0.70
3	11	17	сохранѧ́ѧ	сохранѧти.v	part.pres.act.short.m.sg.nom	tagger:1.00
3	11	18	крⷭ҇то́мъ	крестъ.n	ins.sg	lexicon
3	11	19	твои́мъ	твой.pron	m.sg.ins	rule:np-agree
3	11	20	жи́тельство	жительство.n	acc.sg	tagger:1.00
3	12	1	Сла́ва	слава.n	nom.sg	lexicon
3	12	2	Болѣ́зньми	болѣзнь.n	ins.pl	lexicon
3	12	3	ст҃ы́хъ	свѧтый.a	short.pos.f.pl.gen	tagger:0.41
3	12	4	и҆́миже	иже.pron	n.pl.ins	tagger:0.99
3	12	5	ѡ҆	ѡ.x.3	_	function
3	12	6	тебѣ̀	ты.pron	2.sg.loc	rule:prep-gov
3	12	7	пострада́ша	пострадати.v	aor.3.pl	lexicon
3	12	8	ѹ҆моле́нъ	оумолити.v	part.past.pass.short.m.sg.nom	tagger:1.00
3	12	9	бꙋ́ди	быти.v	impv.3.sg	tagger:0.82
3	12	10	гдⷭ҇и	_	_	amb
3	12	11	и҆	и.x.2	_	function
3	12	12	всѧ̑	весь.pron	m.pl.acc	tagger:0.95
3	12	13	на́шѧ	нашъ.pron	f.pl.nom	tagger:0.87
3	12	14	болѣ̑зни	болѣзнь.n	nom.pl	tagger:1.00
3	12	15	и҆сцѣлѝ	исцѣлити.v	aor.3.sg	tagger:1.00
3	12	16	чл҃вѣколю́бче	человѣколюбецъ.n	voc.sg	lexicon
3	12	17	мо́лимсѧ	молитисѧ.v	impv.1.pl	tagger:0.99
3	13	1	И҆	и.x.2	_	function
3	13	2	ны́нѣ	нынѣ.x.2	_	function
3	13	3	Мл҃твами	молитва.n	ins.pl	lexicon
3	13	4	гдⷭ҇и	_	_	amb
3	13	5	всѣ́хъ	весь.pron	m.pl.gen	tagger:1.00
3	13	6	ст҃ы́хъ	свѧтый.a	short.pos.n.pl.gen	tagger:0.98
3	13	7	и҆	и.x.2	_	function
3	13	8	бцⷣы	богородица.n	gen.sg	lexicon
3	13	9	тво́й	твой.pron	m.sg.nom	tagger:0.92
3	13	10	ми́ръ	миръ.n	nom.sg	tagger:1.00
3	13	11	да́ждь	дати.v	impv.2.sg	tagger:1.00
3	13	12	на́мъ	мы.pron	1.pl.dat	lexicon
3	13	13	и҆	и.x.2	_	function
3	13	14	поми́лꙋй	помиловати.v	impv.2.sg	tagger:1.00
3	13	15	на́съ	мы.pron	1.pl.acc	tagger:1.00
3	13	16	ꙗ҆́кѡ	ꙗкѡ.x.2	_	function
3	13	17	є҆ди́нъ	единъ.pron	m.sg.nom	tagger:1.00
3	13	18	ще́дръ	щедрый.a	short.pos.m.sg.nom	tagger:1.00
3	14	1	Гдⷭ҇и	_	_	amb
3	14	2	поми́лꙋй	помиловати.v	impv.2.sg	tagger:1.00
3	14	3	м҃.	_	_	apparatus
3	15	1	Сла́ва	слава.n	nom.sg	lexicon
3	15	2	и҆	и.x.2	_	function
3	15	3	ны́нѣ	нынѣ.x.2	_	function
3	15	4	Чⷭ҇тнѣ́йшꙋю	честный.a	long.comp.f.sg.acc	lexicon
3	15	5	херꙋві̑мъ	херꙋвімъ.n	acc.pl	tagger:0.87
3	16	1	І҆ере́й	іерей.n	nom.sg	tagger:1.00
3	16	2	Мл҃твами	молитва.n	ins.pl	lexicon
3	16	3	ст҃ы́хъ	свѧтый.a	long.pos.m.pl.gen	tagger:1.00
3	16	4	ѻ҆тє́цъ	отецъ.n	gen.pl	rule:np-agree
3	16	5	на́шихъ	нашъ.pron	m.pl.gen	rule:np-agree
3	16	6	И҆	и.x.2	_	function
3	16	7	твори́мъ	творити.v	part.pres.pass.short.m.sg.nom	tagger:0.98
3	16	8	трѝ	три.pron	m.pl.acc	tagger:0.82
3	16	9	покло́ны	поклонъ.n	acc.pl	lexicon
3	16	10	вели̑кїѧ	великій.a	long.pos.m.pl.acc	rule:np-agree
3	16	11	съ	съ.x.2	_	function
3	16	12	мл҃твою	молитва.n	ins.sg	lexicon
3	16	13	ст҃а́гѡ	свѧтый.a	long.pos.m.sg.gen	rule:np-agree
3	16	14	є҆фре́ма	ефремъ.n	gen.sg	rule:np-agree
3	17	1	И҆	и.x.2	_	function
3	17	2	мл҃твꙋ	молитва.n	gen.du|acc.sg	rule:bare-loc
3	17	3	вели́кагѡ	великій.a	long.pos.m.sg.gen	rule:np-agree
3	17	4	васі́лїа	васілій.n	gen.sg	rule:np-agree
3	18	1	Бж҃е	богъ.n	voc.sg	lexicon
3	18	2	и҆	и.x.2	_	function
3	18	3	гдⷭ҇и	_	_	amb
3	18	4	си́лъ	сила.n	acc.pl	tagger:1.00
3	18	5	и҆	и.x.2	_	function
3	18	6	всеѧ̀	весь.pron	f.sg.gen	lexicon
3	18	7	тва́ри	тварь.n	gen.sg	rule:np-agree
3	18	8	содѣ́телю	содѣтель.n	dat.sg	rule:voc-drop
3	18	9	и҆́же	иже.pron	m.sg.nom	tagger:1.00
3	18	10	за	за.x.2	_	function
3	18	11	млⷭ҇рдїе	милосердіе.n	acc.sg	rule:prep-gov
3	18	12	безприкла́дныѧ	безприкладный.a	long.pos.f.sg.gen	lexicon
3	18	13	млⷭ҇ти	милость.n	nom.du|nom.pl|gen.sg|dat.sg|acc.du|acc.pl	rule:bare-loc
3	18	14	твоеѧ̀	твой.pron	f.sg.gen	lexicon
3	18	15	є҆диноро́днаго	единородный.a	long.pos.m.sg.acc	lexicon
3	18	16	сн҃а	_	_	apparatus
3	18	17	твоего̀	твой.pron	m.sg.acc	lexicon
3	18	18	гдⷭ҇а	_	_	amb
3	18	19	на́шего	нашъ.pron	m.sg.acc	lexicon
3	18	20	і҆и҃са	іисꙋсъ.n	nom.du|gen.sg|acc.sg|acc.du	rule:voc-drop
3	18	21	хрⷭ҇та̀	хрістосъ.n	gen.sg	tagger:1.00
3	18	22	низпосла́вый	низпослати.v	part.past.act.long.m.sg.nom	tagger:1.00
3	18	23	на	на.x.2	_	function
3	18	24	сп҃се́нїе	спасеніе.n	acc.sg	rule:prep-gov
3	18	25	ро́да	родъ.n	gen.sg	lexicon
3	18	26	на́шегѡ	нашъ.pron	m.sg.gen	rule:np-agree
3	18	27	и҆	и.x.2	_	function
3	18	28	чⷭ҇тны́мъ	честный.a	short.pos.m.sg.ins	tagger:0.55
3	18	29	є҆гѡ̀	онъ.pron	3.m.sg.gen	tagger:1.00
3	18	30	крⷭ҇то́мъ	крестъ.n	ins.sg	lexicon
3	18	31	рꙋкописа́нїе	рꙋкописаніе.n	nom.sg	tagger:0.96
3	18	32	грѣ̑хъ	грѣхъ.n	gen.pl	rule:np-agree
3	18	33	на́шихъ	нашъ.pron	m.pl.gen	rule:np-agree
3	18	34	растерза́вый	растерзати.v	part.past.act.long.m.sg.nom	tagger:1.00
3	18	35	и҆	и.x.2	_	function
3	18	36	побѣди́вый	побѣдити.v	part.past.act.long.m.sg.nom	tagger:1.00
3	18	37	тѣ́мъ	той.pron	n.sg.ins	tagger:0.99
3	18	38	нача̑ла	начало.n	acc.pl	tagger:0.99
3	18	39	и҆	и.x.2	_	function
3	18	40	вла̑сти	власть.n	acc.pl	tagger:0.96
3	18	41	тьмы̀	тма.n	gen.sg	lexicon
3	18	42	са́мъ	самъ.pron	m.sg.nom	tagger:1.00
3	18	43	влⷣко	владыка.n	voc.sg	lexicon
3	18	44	чл҃вѣколю́бче	человѣколюбецъ.n	voc.sg	lexicon
3	18	45	прїимѝ	пріѧти.v	impv.2.sg	tagger:1.00
3	18	46	и҆	и.x.2	_	function
3	18	47	на́съ	мы.pron	1.pl.acc	tagger:1.00
3	18	48	грѣ́шныхъ	грѣшный.a	long.pos.m.pl.gen	tagger:0.90
3	18	49	бл҃года́рствєнныѧ	благодарственный.a	long.pos.f.pl.acc	tagger:0.55
3	18	50	сїѧ̑	сей.pron	m.pl.acc	tagger:1.00
3	18	51	и҆	и.x.2	_	function
3	18	52	молє́бныѧ	молебный.a	long.pos.f.pl.acc	tagger:0.98
3	18	53	мл҃твы	молитва.n	acc.pl	tagger:1.00
3	18	54	и҆	и.x.2	_	function
3	18	55	и҆зба́ви	избавити.v	impv.2.sg	tagger:1.00
3	18	56	на́съ	мы.pron	1.pl.acc	tagger:1.00
3	18	57	ѿ	ѿ.x	_	function
3	18	58	всѧ́кагѡ	всѧкъ.pron	n.sg.gen	tagger:0.69
3	18	59	всегꙋби́тельнагѡ	всегꙋбительный.a	long.pos.m.sg.gen	tagger:1.00
3	18	60	и҆	и.x.2	_	function
3	18	61	мра́чнагѡ	мрачный.a	long.pos.n.sg.gen	rule:np-agree
3	18	62	прегрѣше́нїѧ	прегрѣшеніе.n	gen.sg	lexicon
3	18	63	и҆	и.x.2	_	function
3	18	64	всѣ́хъ	весь.pron	m.pl.gen	tagger:1.00
3	18	65	ѡ҆ѕло́бити	ѡѕлобити.v	inf	lexicon
3	18	66	на́съ	мы.pron	1.pl.acc	tagger:1.00
3	18	67	и҆́щꙋщихъ	искати.v	part.pres.act.long.m.pl.gen	tagger:0.84
3	18	68	ви́димыхъ	видѣти.v	part.pres.pass.short|long.m|f|n.pl.gen	rule:bare-loc
3	18	69	и҆	и.x.2	_	function
3	18	70	неви́димыхъ	невидимый.a	long.pos.m.pl.gen	tagger:0.75
3	18	71	вра̑гъ	врагъ.n	gen.pl	tagger:1.00
3	18	72	пригвоздѝ	пригвоздити.v	aor.3.sg	tagger:0.96
3	18	73	стра́хꙋ	страхъ.n	dat.sg	lexicon
3	18	74	твоемꙋ̀	твой.pron	m.sg.dat	rule:np-agree
3	18	75	плѡ́ти	плоть.n	acc.pl	tagger:1.00
3	18	76	на́шѧ	нашъ.pron	f.pl.acc	tagger:1.00
3	18	77	и҆	и.x.2	_	function
3	18	78	не	не.x.2	_	function
3	18	79	ѹ҆клонѝ	оуклонити.v	impv.2.sg	tagger:1.00
3	18	80	серде́цъ	сердце.n	gen.pl	lexicon
3	18	81	на́шихъ	нашъ.pron	n.pl.gen	rule:np-agree
3	18	82	въ	въ.x.2	_	function
3	18	83	словеса̀	слово.n	acc.pl	rule:prep-gov
3	18	84	и҆лѝ	или.x.2	_	function
3	18	85	помышлє́нїѧ	помышленіе.n	acc.pl	tagger:1.00
3	18	86	лꙋка́вствїѧ	лꙋкавствіе.n	gen.sg	lexicon
3	18	87	но	но.x.2	_	function
3	18	88	любо́вїю	любы.n	ins.sg	lexicon
3	18	89	твое́ю	твой.pron	f.sg.ins	lexicon
3	18	90	ѹ҆ѧзвѝ	оуѧзвити.v	impv.2.sg	tagger:1.00
3	18	91	дꙋ́шы	дꙋша.n	acc.pl	tagger:1.00
3	18	92	на́шѧ	нашъ.pron	f.pl.acc	tagger:1.00
3	18	93	да	да	_	function
3	18	94	къ	къ.x.2	_	function
3	18	95	тебѣ̀	ты.pron	2.sg.dat	rule:prep-gov
3	18	96	всегда̀	всегда.x.2	_	function
3	18	97	взира́юще	взирати.v	part.pres.act.short.m.pl.nom	tagger:1.00
3	18	98	и҆	и.x.2	_	function
3	18	99	є҆́же	иже.pron	n.pl.nom	tagger:1.00
3	18	100	ѿ	ѿ.x	_	function
3	18	101	тебѐ	ты.pron	2.sg.gen	rule:prep-gov
3	18	102	свѣ́томъ	свѣтъ.n	ins.sg	lexicon
3	18	103	наставлѧ́еми	наставлѧти.v	part.pres.pass.short.m.pl.nom	rule:voc-drop
3	18	104	тебѐ	ты.pron	2.sg.acc	tagger:0.99
3	18	105	непристꙋ́пнаго	непристꙋпный.a	long.pos.m.sg.acc	lexicon
3	18	106	и҆	и.x.2	_	function
3	18	107	присносꙋ́щнаго	присносꙋщный.a	long.pos.m.sg.acc	lexicon
3	18	108	зрѧ́ще	_	_	amb
3	18	109	свѣ́та	свѣтъ.n	gen.sg	lexicon
3	18	110	непреста́нное	непрестанный.a	long.pos.n.sg.nom	tagger:0.99
3	18	111	тебѣ̀	ты.pron	2.sg.dat	rule:bare-loc
3	18	112	и҆сповѣ́данїе	исповѣданіе.n	nom.sg	tagger:1.00
3	18	113	и҆	и.x.2	_	function
3	18	114	бл҃годаре́нїе	благодареніе.n	acc.sg	tagger:1.00
3	18	115	возсыла́емъ	возсылати.v	pres.1.pl	tagger:1.00
3	18	116	безнача́льномꙋ	безначальный.a	long.pos.m.sg.dat	tagger:1.00
3	18	117	ѻ҆ц҃ꙋ̀	_	_	verbatim
3	18	118	со	съ.x.2	word	lexicon
3	18	119	є҆диноро́днымъ	единородный.a	long.pos.m.sg.ins	tagger:0.88
3	18	120	твои́мъ	твой.pron	m.sg.ins	rule:prep-gov+np-agree
3	18	121	сн҃омъ	сынъ.n	ins.sg	lexicon
3	18	122	и҆	и.x.2	_	function
3	18	123	всест҃ы́мъ	всесвѧтый.a	short.pos.n.sg.ins	tagger:0.60
3	18	124	и҆	и.x.2	_	function
3	18	125	бл҃ги́мъ	благій.a	short.pos.n.sg.ins	tagger:0.49
3	18	126	и҆	и.x.2	_	function
3	18	127	животворѧ́щимъ	животворити.v	part.pres.act.short.m.sg.ins	tagger:1.00
3	18	128	твои́мъ	твой.pron	m.sg.ins	rule:np-agree
3	18	129	дх҃омъ	дꙋхъ.n	ins.sg	lexicon
3	18	130	ны́нѣ	нынѣ.x.2	_	function
3	18	131	и҆	и.x.2	_	function
3	18	132	при́снѡ	_	_	amb
3	18	133	и҆	и.x.2	_	function
3	18	134	во	въ.x.2	word	lexicon
3	18	135	вѣ́ки	вѣкъ.n	acc.pl	lexicon
3	18	136	вѣкѡ́въ	вѣкъ.n	gen.pl	lexicon
3	18	137	а҆ми́нь	аминь.n	nom.sg	tagger:0.96
3	19	1	И҆	и.x.2	_	function
3	19	2	а҆́ще	аще.x.2	_	function
3	19	3	ѹ҆́бѡ	оубѡ.x.2	_	function
3	19	4	Бг҃ъ	богъ.n	nom.sg	lexicon
3	19	5	гдⷭ҇ь	_	_	amb
3	19	6	пѣ́то	пѣти.v	part.past.pass.short.n.sg.nom	tagger:1.00
3	19	7	є҆́сть	быти.v	pres.3.sg	lexicon
3	19	8	и҆зъѡбрази́тєльнаѧ	_	_	verbatim
3	19	9	глаго́лемъ	глаголати.v	pres.1.pl	tagger:0.98
3	19	10	здѣ̀	_	_	amb
3	20	1	А҆́ще	аще.x.2	_	function
3	20	2	же	же.x.2	_	function
3	20	3	а҆ллилꙋ́їа	аллилꙋіа.n	nom.sg	lexicon
3	20	4	глаго́ли	глаголати.v	impv.2.sg	tagger:1.00
3	20	5	ѧ҆̀	онъ.pron	3.n.pl.acc	tagger:0.98
3	20	6	по	по.x.2	_	function
3	20	7	девѧ́томъ	девѧтый.a	long.pos.m.sg.loc	rule:np-agree
3	20	8	часѣ̀	часъ.n	loc.sg	lexicon
3	21	1	А҆	а.x.2	_	function
3	21	2	девѧ́твый	_	_	verbatim
3	21	3	ча́съ	часъ.n	acc.sg	tagger:0.98
3	21	4	по	по.x.2	_	function
3	21	5	шесто́мъ	шестый.a	long.pos.m.sg.loc	tagger:1.00
3	21	6	начина́етсѧ	начинатисѧ.v	pres.3.sg	lexicon
3	21	7	си́це	сице.x.2	_	function
3	22	1	Ст҃ы́й	свѧтый.a	long.pos.m.sg.nom	tagger:1.00
3	22	2	бж҃е	богъ.n	voc.sg	lexicon
3	22	3	По	по.x.2	_	function
3	22	4	Ѻ҆́ч҃е	_	_	amb
3	22	5	на́шъ	нашъ.pron	m.sg.nom	tagger:1.00
3	22	6	=Гдⷭ҇и	_	_	verbatim
3	22	7	поми́лꙋй	помиловати.v	impv.2.sg	tagger:1.00
3	22	8	=в҃і.Сла́ва	_	_	verbatim
3	22	9	и҆	и.x.2	_	function
3	22	10	ны́нѣ	нынѣ.x.2	_	function
3	22	11	Прїиди́те	пріити.v	impv.2.pl	lexicon
3	22	12	поклони́мсѧ	поклонитисѧ.v	impv.1.pl	tagger:0.99
3	22	13	три́жды	трижды.x.2	_	function
3	22	14	И҆	и.x.2	_	function
3	22	15	ѱалмы̀	ѱаломъ.n	acc.pl	lexicon
3	22	16	и҆	и.x.2	_	function
3	22	17	прѡ́чаѧ	прочій.a	long.pos.f.sg.nom	tagger:1.00
4	1	1	Междоча́сїе	междочасіе.n	nom.sg	tagger:1.00
4	1	2	тогѡ́жде	тойжде.pron	m.sg.gen	rule:np-agree
4	1	3	часа̀	часъ.n	gen.sg	lexicon
4	2	1	Прїиди́те	пріити.v	impv.2.pl	lexicon
4	2	2	поклони́мсѧ	поклонитисѧ.v	impv.1.pl	tagger:0.99
4	3	1	Ѱало́мъ	ѱаломъ.n	nom.sg	tagger:1.00
4	3	2	рв҃і.	_	_	apparatus
4	4	1	Хвали́те	хвалити.v	impv.2.pl	tagger:1.00
4	4	2	ѻ҆́троцы	отрокъ.n	nom.pl	rule:voc-drop
4	4	3	гдⷭ҇а	_	_	amb
4	4	4	хвали́те	хвалити.v	impv.2.pl	tagger:1.00
4	4	5	и҆́мѧ	имѧ.n	acc.sg	tagger:1.00
4	4	6	гдⷭ҇не	господній.a	short.pos.n.sg.acc	tagger:1.00
4	4	7	Бꙋ́ди	быти.v	impv.3.sg	tagger:1.00
4	4	8	и҆́мѧ	имѧ.n	nom.sg	tagger:1.00
4	4	9	гдⷭ҇не	господній.a	short.pos.n.sg.acc	tagger:0.64
4	4	10	бл҃гослове́но	благословенный.a	short.pos.n.sg.acc	tagger:0.99
4	4	11	ѿ	ѿ.x	_	function
4	4	12	ны́нѣ	нынѣ.x.2	_	function
4	4	13	и҆	и.x.2	_	function
4	4	14	до	до.x.2	_	function
4	4	15	вѣ́ка	вѣкъ.n	gen.sg	lexicon
4	4	16	Ѿ	ѿ.x	_	function
4	4	17	востѡ́къ	востокъ.n	gen.pl	rule:prep-gov
4	4	18	со́лнца	солнце.n	acc.pl	tagger:0.94
4	4	19	до	до.x.2	_	function
4	4	20	за̑падъ	западъ.n	gen.pl	rule:prep-gov
4	4	21	хва́льно	хвальный.a	short.pos.n.sg.nom	tagger:1.00
4	4	22	и҆́мѧ	имѧ.n	nom.sg	tagger:1.00
4	4	23	гдⷭ҇не	господній.a	short.pos.n.sg.nom	tagger:0.96
4	4	24	Высо́къ	высокій.a	short.pos.m.sg.nom	tagger:0.83
4	4	25	над̾	над̾	_	function
4	4	26	всѣ́ми	весь.pron	n.pl.ins	tagger:0.57
4	4	27	ꙗ҆зы́ки	_	_	amb
4	4	28	гдⷭ҇ь	_	_	amb
4	4	29	над̾	над̾	_	function
4	4	30	нб҃сы̀	небо.n	ins.pl	lexicon
4	4	31	сла́ва	слава.n	nom.sg	lexicon
4	4	32	є҆гѡ̀	онъ.pron	3.m.sg.gen	tagger:1.00
4	4	33	Кто̀	кто.pron	m.sg.nom	rule:voc-drop
4	4	34	ꙗ҆́кѡ	ꙗкѡ.x.2	_	function
4	4	35	гдⷭ҇ь	_	_	amb
4	4	36	бг҃ъ	богъ.n	nom.sg	lexicon
4	4	37	на́шъ	нашъ.pron	m.sg.nom	rule:np-agree
4	4	38	на	на.x.2	_	function
4	4	39	высо́кихъ	высокій.a	long.pos.m.pl.loc	tagger:0.96
4	4	40	живы́й	живый.a	long.pos.m.sg.acc	rule:prep-gov
4	4	41	И҆	и.x.2	_	function
4	4	42	на	на.x.2	_	function
4	4	43	смирє́нныѧ	смиренный.a	long.pos.m.pl.acc	tagger:0.79
4	4	44	призира́ѧй	призирати.v	part.pres.act.long.m.sg.nom	tagger:1.00
4	4	45	на	на.x.2	_	function
4	4	46	нб҃сѝ	небо.n	loc.sg	rule:prep-gov
4	4	47	и҆	и.x.2	_	function
4	4	48	на	на.x.2	_	function
4	4	49	землѝ	землѧ.n	loc.sg	tagger:1.00
4	4	50	Воздвиза́ѧй	воздвизати.v	part.pres.act.long.m.sg.nom	tagger:0.99
4	4	51	ѿ	ѿ.x	_	function
4	4	52	землѝ	землѧ.n	gen.sg	rule:prep-gov
4	4	53	ни́ща	нищій.a	short.pos.m.sg.gen	tagger:1.00
4	4	54	и҆	и.x.2	_	function
4	4	55	ѿ	ѿ.x	_	function
4	4	56	гно́ища	гноище.n	gen.sg	lexicon
4	4	57	возвыша́ѧй	возвышати.v	part.pres.act.long.m.sg.nom	tagger:0.89
4	4	58	ѹ҆бо́га	оубогій.a	short.pos.m.sg.acc	tagger:0.51
4	4	59	Посади́ти	посадити.v	inf	lexicon
4	4	60	є҆го̀	онъ.pron	3.m.sg.acc	lexicon
4	4	61	съ	съ.x.2	_	function
4	4	62	кнѧ̑зи	кнѧзь.n	ins.pl	lexicon
4	4	63	съ	съ.x.2	_	function
4	4	64	кнѧ̑зи	кнѧзь.n	ins.pl	lexicon
4	4	65	люде́й	людіе.n	gen.pl	rule:np-agree
4	4	66	свои́хъ	свой.pron	m.pl.gen	tagger:1.00
4	4	67	Вселѧ́ѧ	вселѧти.v	part.pres.act.short.m.sg.nom	tagger:1.00
4	4	68	непло́довь	неплоды.n	acc.sg	lexicon
4	4	69	въ	въ.x.2	_	function
4	4	70	до́мъ	домъ.n	acc.sg	rule:prep-gov
4	4	71	ма́терь	мати.n	acc.sg	lexicon
4	4	72	ѡ҆	ѡ.x.3	_	function
4	4	73	ча́дѣхъ	_	_	amb
4	4	74	веселѧ́щꙋсѧ	веселитисѧ.v	part.pres.act.short.m.sg.nom	tagger:0.99
4	5	1	Ѱало́мъ	ѱаломъ.n	nom.sg	tagger:1.00
4	5	2	рл҃з.	_	_	apparatus
4	6	1	И҆сповѣ́мсѧ	исповѣдѣтисѧ.v	pres.1.sg	lexicon
4	6	2	тебѣ̀	ты.pron	2.sg.dat	rule:bare-loc
4	6	3	гдⷭ҇и	_	_	amb
4	6	4	всѣ́мъ	весь.pron	n.sg.ins	rule:np-agree
4	6	5	се́рдцемъ	сердце.n	ins.sg	lexicon
4	6	6	мои́мъ	мой.pron	n.sg.ins	rule:np-agree
4	6	7	и҆	и.x.2	_	function
4	6	8	пред̾	пред̾	_	function
4	6	9	а҆́гг҃лы	аггелъ.n	acc|ins.pl	set
4	6	10	воспою̀	воспѣти.v	pres.1.sg	lexicon
4	6	11	тебѣ̀	ты.pron	2.sg.dat	rule:bare-loc
4	6	12	ꙗ҆́кѡ	ꙗкѡ.x.2	_	function
4	6	13	ѹ҆слы́шалъ	оуслышати.v	lpart.m.sg	lexicon
4	6	14	є҆сѝ	быти.v	pres.2.sg	lexicon
4	6	15	всѧ̑	весь.pron	m.pl.acc	rule:np-agree
4	6	16	глаго́лы	глаголъ.n	acc.pl	lexicon
4	6	17	ѹ҆́стъ	_	_	amb
4	6	18	мои́хъ	мой.pron	n.pl.gen	tagger:0.98
4	6	19	Поклоню́сѧ	поклонитисѧ.v	pres.1.sg	lexicon
4	6	20	ко	къ.x.2	word	lexicon
4	6	21	хра́мꙋ	храмъ.n	dat.sg	lexicon
4	6	22	ст҃о́мꙋ	свѧтый.a	long.pos.m.sg.dat	rule:np-agree
4	6	23	твоемꙋ̀	твой.pron	m.sg.dat	tagger:1.00
4	6	24	и҆	и.x.2	_	function
4	6	25	и҆сповѣ́мсѧ	исповѣдѣтисѧ.v	pres.1.sg	lexicon
4	6	26	и҆́мени	имѧ.n	dat.sg	rule:np-agree
4	6	27	твоемꙋ̀	твой.pron	n.sg.dat	rule:np-agree
4	6	28	ѡ҆	ѡ.x.3	_	function
4	6	29	млⷭ҇ти	милость.n	acc.du|acc.pl|loc.sg	rule:prep-gov
4	6	30	твое́й	твой.pron	f.sg.loc	rule:np-agree
4	6	31	и҆	и.x.2	_	function
4	6	32	и҆́стинѣ	истина.n	dat.sg	rule:bare-loc
4	6	33	твое́й	твой.pron	f.sg.dat	rule:bare-loc
4	6	34	ꙗ҆́кѡ	ꙗкѡ.x.2	_	function
4	6	35	возвели́чилъ	возвеличити.v	lpart.m.sg	lexicon
4	6	36	є҆сѝ	быти.v	pres.2.sg	lexicon
4	6	37	над̾	над̾	_	function
4	6	38	всѣ́мъ	весь.pron	m.sg.ins	tagger:1.00
4	6	39	и҆́мѧ	имѧ.n	acc.sg	tagger:0.93
4	6	40	твоѐ	твой.pron	n.sg.acc	tagger:1.00
4	6	41	ст҃о́е	свѧтый.a	long.pos.n.sg.acc	tagger:0.97
4	6	42	Во́ньже	_	_	verbatim
4	6	43	а҆́ще	аще.x.2	_	function
4	6	44	де́нь	день.n	acc.sg	rule:voc-drop+one-subject
4	6	45	призовꙋ̀	призвати.v	pres.1.sg	lexicon
4	6	46	тѧ̀	ты.pron	clit.2.sg.acc	lexicon
4	6	47	ско́рѡ	скорый.a	adv	lexicon
4	6	48	ѹ҆слы́ши	оуслышати.v	impv.2.sg	tagger:1.00
4	6	49	мѧ̀	азъ.pron	clit.1.sg.acc	tagger:1.00
4	6	50	ѹ҆мно́жиши	оумножити.v	pres.2.sg	lexicon
4	6	51	мѧ̀	азъ.pron	clit.1.sg.acc	tagger:1.00
4	6	52	въ	въ.x.2	_	function
4	6	53	дꙋшѝ	дꙋша.n	loc.sg	rule:prep-gov
4	6	54	мое́й	мой.pron	f.sg.loc	rule:np-agree
4	6	55	си́лою	сила.n	ins.sg	lexicon
4	6	56	твое́ю	твой.pron	f.sg.ins	lexicon
4	6	57	Да	да	_	function
4	6	58	и҆сповѣ́дѧтсѧ	исповѣдѣтисѧ.v	pres.3.pl	lexicon
4	6	59	тебѣ̀	ты.pron	2.sg.dat	rule:bare-loc
4	6	60	гдⷭ҇и	_	_	amb
4	6	61	всѝ	весь.pron	m.pl.nom	rule:np-agree
4	6	62	ца́рїе	царь.n	nom.pl	lexicon
4	6	63	зе́мстїи	земскій.a	long.pos.m.pl.nom	rule:np-agree
4	6	64	ꙗ҆́кѡ	ꙗкѡ.x.2	_	function
4	6	65	ѹ҆слы́шаша	оуслышати.v	aor.3.pl	lexicon
4	6	66	всѧ̑	весь.pron	m.pl.acc	rule:np-agree
4	6	67	глаго́лы	глаголъ.n	acc.pl	lexicon
4	6	68	ѹ҆́стъ	_	_	amb
4	6	69	твои́хъ	твой.pron	n.pl.gen	tagger:1.00
4	6	70	И҆	и.x.2	_	function
4	6	71	да	да	_	function
4	6	72	воспою́тъ	воспѣти.v	pres.3.pl	lexicon
4	6	73	въ	въ.x.2	_	function
4	6	74	пꙋте́хъ	пꙋть.n	loc.pl	lexicon
4	6	75	гдⷭ҇нихъ	господній.a	long.pos.m.pl.loc	tagger:1.00
4	6	76	ꙗ҆́кѡ	ꙗкѡ.x.2	_	function
4	6	77	ве́лїѧ	велій.a	short.pos.f.sg.nom	rule:np-agree
4	6	78	сла́ва	слава.n	nom.sg	lexicon
4	6	79	гдⷭ҇нѧ	господній.a	short.pos.f.sg.nom	rule:np-agree
4	6	80	Ꙗ҆́кѡ	ꙗкѡ.x.2	_	function
4	6	81	высо́къ	высокій.a	short.pos.m.sg.nom	tagger:1.00
4	6	82	гдⷭ҇ь	_	_	amb
4	6	83	и҆	и.x.2	_	function
4	6	84	смирє́нныѧ	смиренный.a	long.pos.m.pl.acc	tagger:0.93
4	6	85	призира́етъ	призирати.v	pres.3.sg	lexicon
4	6	86	и҆	и.x.2	_	function
4	6	87	высѡ́каѧ	высокій.a	long.pos.f.sg.nom	tagger:0.87
4	6	88	и҆здале́ча	издалеча.x.2	_	function
4	6	89	вѣ́сть	вѣдѣти.v	pres.3.sg	tagger:1.00
4	6	90	А҆́ще	аще.x.2	_	function
4	6	91	пойдꙋ̀	поити.v	pres.1.sg	lexicon
4	6	92	посредѣ̀	посредѣ.x.2	_	function
4	6	93	ско́рби	скорбь.n	gen.sg	tagger:1.00
4	6	94	живи́ши	живити.v	pres.2.sg	lexicon
4	6	95	мѧ̀	азъ.pron	clit.1.sg.acc	tagger:1.00
4	6	96	на	на.x.2	_	function
4	6	97	гнѣ́въ	гнѣвъ.n	acc.sg	rule:prep-gov
4	6	98	вра̑гъ	врагъ.n	gen.pl	rule:np-agree
4	6	99	мои́хъ	мой.pron	m.pl.gen	rule:np-agree
4	6	100	просте́рлъ	прострети.v	lpart.m.sg	lexicon
4	6	101	є҆сѝ	быти.v	pres.2.sg	lexicon
4	6	102	рꙋ́кꙋ	рꙋка.n	acc.sg	lexicon
4	6	103	твою̀	твой.pron	f.sg.acc	lexicon
4	6	104	и҆	и.x.2	_	function
4	6	105	сп҃се́	_	_	verbatim
4	6	106	мѧ	_	_	verbatim
4	6	107	десни́ца	десница.n	nom.sg	lexicon
4	6	108	твоѧ̀	твой.pron	f.sg.nom	rule:np-agree
4	6	109	Гдⷭ҇ь	_	_	amb
4	6	110	возда́стъ	воздати.v	pres.3.sg	lexicon
4	6	111	за	за.x.2	_	function
4	6	112	мѧ̀	азъ.pron	clit.1.sg.acc	rule:prep-gov
4	6	113	гдⷭ҇и	_	_	amb
4	6	114	млⷭ҇ть	милость.n	nom.sg	rule:np-agree
4	6	115	твоѧ̀	твой.pron	f.sg.nom	rule:np-agree
4	6	116	во	въ.x.2	word	lexicon
4	6	117	вѣ́къ	вѣкъ.n	acc.sg	rule:prep-gov
4	6	118	дѣ́лъ	_	_	amb
4	6	119	рꙋкꙋ̀	рꙋка.n	gen.du	rule:np-agree+bare-loc
4	6	120	твоє́ю	твой.pron	f.du.gen	rule:np-agree+bare-loc
4	6	121	не	не.x.2	_	function
4	6	122	пре́зри	презрѣти.v.2	impv.2.sg	tagger:1.00
4	7	1	Ѱало́мъ	ѱаломъ.n	nom.sg	tagger:1.00
4	7	2	рл҃ѳ.	_	_	apparatus
4	8	1	гдⷭ҇и	_	_	amb
4	8	2	ѿ	ѿ.x	_	function
4	8	3	человѣ́ка	человѣкъ.n	gen.sg	rule:prep-gov
4	8	4	лꙋка́ва	лꙋкавый.a	short.pos.m.sg.gen	rule:np-agree
4	8	5	ѿ	ѿ.x	_	function
4	8	6	мꙋ́жа	мꙋжъ.n	gen.sg	rule:prep-gov
4	8	7	непра́ведна	неправедный.a.2	short.pos.m.sg.gen	rule:np-agree
4	8	8	и҆зба́ви	избавити.v	aor.2.sg	tagger:0.49
4	8	9	мѧ̀	азъ.pron	clit.1.sg.acc	tagger:1.00
4	8	10	И҆̀же	иже.pron	m.pl.nom	tagger:1.00
4	8	11	помы́слиша	помыслити.v	aor.3.pl	lexicon
4	8	12	непра́вдꙋ	неправда.n	acc.sg	lexicon
4	8	13	въ	въ.x.2	_	function
4	8	14	се́рдцы	сердце.n	loc.sg	lexicon
4	8	15	ве́сь	весь.pron	m.sg.acc	tagger:1.00
4	8	16	де́нь	день.n	acc.sg	tagger:1.00
4	8	17	ѡ҆полча́хꙋ	_	_	amb
4	8	18	бра̑ни	брань.n	acc.pl	tagger:1.00
4	8	19	И҆з̾ѡстри́ша	_	_	verbatim
4	8	20	ѧ҆зы́къ	_	_	verbatim
4	8	21	сво́й	свой.pron	m.sg.acc	tagger:1.00
4	8	22	ꙗ҆́кѡ	ꙗкѡ.x.2	_	function
4	8	23	ѕмїи́нъ	ѕміиный.a	short.pos.m.sg.acc	tagger:0.95
4	8	24	ꙗ҆́дъ	ꙗдъ.n	nom.sg	tagger:1.00
4	8	25	а҆́спїдовъ	аспідовъ.a	short.pos.m.sg.nom	tagger:1.00
4	8	26	под̾	под̾	_	function
4	8	27	ѹ҆стна́ми	оустна.n	ins.pl	lexicon
4	8	28	и҆́хъ	онъ.pron	3.m.pl.gen	tagger:1.00
4	8	29	гдⷭ҇и	_	_	amb
4	8	30	и҆з̾	и҆з̾	_	function
4	8	31	рꙋкѝ	рꙋка.n	gen.sg	lexicon
4	8	32	грѣ́шничи	грѣшничій.a	short.pos.f.sg.gen	tagger:1.00
4	8	33	ѿ	ѿ.x	_	function
4	8	34	человѣ̑къ	человѣкъ.n	gen.pl	rule:prep-gov
4	8	35	непра́ведныхъ	неправедный.a.2	short.pos.m.pl.gen	tagger:0.98
4	8	36	и҆змѝ	изѧти.v	impv.2.sg	tagger:0.99
4	8	37	мѧ̀	азъ.pron	clit.1.sg.acc	lexicon
4	8	38	и҆̀же	иже.pron	m.pl.nom	tagger:1.00
4	8	39	помы́слиша	помыслити.v	aor.3.pl	lexicon
4	8	40	запѧ́ти	запѧти.v	part.past.pass.short.m.pl.nom	tagger:1.00
4	8	41	стѡпы̀	стопа.n	acc.pl	tagger:1.00
4	8	42	моѧ̑	мой.pron	f.pl.acc	tagger:1.00
4	8	43	Скры́ша	скрыти.v	aor.3.pl	lexicon
4	8	44	го́рдїи	гордый.a	long.pos.m.pl.nom	rule:voc-drop
4	8	45	сѣ́ть	сѣть.n	acc.sg	tagger:1.00
4	8	46	мнѣ̀	азъ.pron	1.sg.dat	tagger:1.00
4	8	47	и҆	и.x.2	_	function
4	8	48	ѹ҆́жы	оуже.n	ins.pl	lexicon
4	8	49	препѧ́ша	препѧти.v	aor.3.pl	lexicon
4	8	50	сѣ́ть	сѣть.n	acc.sg	tagger:1.00
4	8	51	нога́ма	нога.n	dat.du	tagger:1.00
4	8	52	мои́ма	мой.pron	f.du.dat	tagger:1.00
4	8	53	При	при.x.2	_	function
4	8	54	стезѝ	стезѧ.n	loc.sg	rule:prep-gov
4	8	55	собла́зны	соблазнъ.n	acc.pl	lexicon
4	8	56	положи́ша	положити.v	aor.3.pl	lexicon
4	8	57	мѝ	азъ.pron	clit.1.sg.dat	lexicon
4	8	58	Рѣ́хъ	рещи.v	aor.1.sg	lexicon
4	8	59	гдⷭ҇еви	_	_	amb
4	8	60	бг҃ъ	богъ.n	nom.sg	lexicon
4	8	61	мо́й	мой.pron	m.sg.nom	rule:np-agree
4	8	62	є҆сѝ	быти.v	pres.2.sg	lexicon
4	8	63	ты̀	ты.pron	2.sg.nom	tagger:1.00
4	8	64	внꙋшѝ	внꙋшити.v	impv.2.sg	tagger:1.00
4	8	65	гдⷭ҇и	_	_	amb
4	8	66	гла́съ	гласъ.n	acc.sg	tagger:1.00
4	8	67	моле́нїѧ	моленіе.n	gen.sg	lexicon
4	8	68	моегѡ̀	мой.pron	n.sg.gen	rule:np-agree
4	8	69	Гдⷭ҇и	_	_	amb
4	8	70	гдⷭ҇и	_	_	amb
4	8	71	си́ло	сила.n	voc.sg	lexicon
4	8	72	сп҃се́нїѧ	спасеніе.n	gen.sg	lexicon
4	8	73	моегѡ̀	мой.pron	n.sg.gen	rule:np-agree
4	8	74	ѡ҆сѣни́лъ	ѡсѣнити.v	lpart.m.sg	lexicon
4	8	75	є҆сѝ	быти.v	pres.2.sg	lexicon
4	8	76	над̾	над̾	_	function
4	8	77	главо́ю	глава.n	ins.sg	lexicon
4	8	78	мое́ю	мой.pron	f.sg.ins	lexicon
4	8	79	въ	въ.x.2	_	function
4	8	80	де́нь	день.n	acc.sg	rule:prep-gov
4	8	81	бра́ни	брань.n	gen.sg	tagger:1.00
4	8	82	Не	не.x.2	_	function
4	8	83	преда́ждь	предати.v	impv.2.sg	tagger:1.00
4	8	84	менѐ	азъ.pron	1.sg.acc	tagger:1.00
4	8	85	гдⷭ҇и	_	_	amb
4	8	86	ѿ	ѿ.x	_	function
4	8	87	жела́нїѧ	желаніе.n	gen.sg	lexicon
4	8	88	моегѡ̀	мой.pron	n.sg.gen	rule:np-agree
4	8	89	грѣ́шникꙋ	грѣшникъ.n	dat.sg	lexicon
4	8	90	помы́слиша	помыслити.v	aor.3.pl	lexicon
4	8	91	на	на.x.2	_	function
4	8	92	мѧ̀	азъ.pron	clit.1.sg.acc	rule:prep-gov
4	8	93	не	не.x.2	_	function
4	8	94	ѡ҆ста́ви	ѡставити.v	impv.2.sg	tagger:1.00
4	8	95	менѐ	азъ.pron	1.sg.acc	tagger:1.00
4	8	96	да	да	_	function
4	8	97	не	не.x.2	_	function
4	8	98	когда̀	когда.x.2	_	function
4	8	99	вознесꙋ́тсѧ	вознестисѧ.v	pres.3.pl	lexicon
4	8	100	Глава̀	глава.n	nom.sg	lexicon
4	8	101	ѡ҆крꙋже́нїѧ	ѡкрꙋженіе.n	gen.sg	lexicon
4	8	102	и҆́хъ	онъ.pron	3.m.pl.gen	tagger:1.00
4	8	103	трꙋ́дъ	трꙋдъ.n	nom.sg	tagger:1.00
4	8	104	ѹ҆сте́нъ	оустна.n	gen.pl	lexicon
4	8	105	и҆́хъ	онъ.pron	3.m.pl.gen	tagger:1.00
4	8	106	покры́етъ	покрыти.v	pres.3.sg	lexicon
4	8	107	ѧ҆̀	онъ.pron	3.n.pl.acc	tagger:0.98
4	8	108	Падꙋ́тъ	пасти.v.2	pres.3.pl	lexicon
4	8	109	на	на.x.2	_	function
4	8	110	ни́хъ	онъ.pron	3.m.pl.loc	tagger:0.99
4	8	111	ѹ҆́глїѧ	оугліе.n	gen.sg	lexicon
4	8	112	ѻ҆́гнєннаѧ	огненный.a	long.pos.n.pl.nom	tagger:0.96
4	8	113	низложи́ши	низложити.v	pres.2.sg	lexicon
4	8	114	ѧ҆̀	онъ.pron	3.n.pl.acc	tagger:0.97
4	8	115	во	въ.x.2	word	lexicon
4	8	116	страсте́хъ	страсть.n	loc.pl	lexicon
4	8	117	и҆	и.x.2	_	function
4	8	118	не	не.x.2	_	function
4	8	119	постоѧ́тъ	постоѧти.v	pres.3.pl	lexicon
4	8	120	Мꙋ́жъ	мꙋжъ.n	nom.sg	lexicon
4	8	121	ѧ҆зы́ченъ	_	_	verbatim
4	8	122	не	не.x.2	_	function
4	8	123	и҆спра́витсѧ	исправитисѧ.v	pres.3.sg	lexicon
4	8	124	на	на.x.2	_	function
4	8	125	землѝ	землѧ.n	loc.sg	tagger:1.00
4	8	126	мꙋ́жа	мꙋжъ.n	acc.sg	tagger:1.00
4	8	127	непра́ведна	неправедный.a.2	short.pos.m.sg.gen	tagger:0.97
4	8	128	ѕла̑ѧ	ѕлый.a	long.pos.n.pl.nom	tagger:0.97
4	8	129	ѹ҆ловѧ́тъ	оуловити.v	pres.3.pl	lexicon
4	8	130	во	въ.x.2	word	lexicon
4	8	131	и҆стлѣ́нїе	истлѣніе.n	acc.sg	rule:prep-gov
4	8	132	Позна́хъ	познати.v	impf.1.sg	tagger:1.00
4	8	133	ꙗ҆́кѡ	ꙗкѡ.x.2	_	function
4	8	134	сотвори́тъ	сотворити.v	pres.3.sg	lexicon
4	8	135	гдⷭ҇ь	_	_	amb
4	8	136	сꙋ́дъ	сꙋдъ.n	acc.sg	tagger:1.00
4	8	137	ни́щымъ	нищій.a	long.pos.f.pl.dat	tagger:0.85
4	8	138	и҆	и.x.2	_	function
4	8	139	ме́сть	месть.n	acc.sg	tagger:1.00
4	8	140	ѹ҆бѡ́гимъ	оубогій.a	long.pos.n.sg.ins	tagger:0.89
4	8	141	Ѻ҆ба́че	обаче.x.2	_	function
4	8	142	првⷣнїи	праведный.a	long.pos.m.pl.nom	rule:voc-drop
4	8	143	и҆сповѣ́дѧтсѧ	исповѣдѣтисѧ.v	pres.3.pl	lexicon
4	8	144	и҆́мени	имѧ.n	dat.sg	rule:np-agree
4	8	145	твоемꙋ̀	твой.pron	n.sg.dat	rule:np-agree
4	8	146	и҆	и.x.2	_	function
4	8	147	вселѧ́тсѧ	вселитисѧ.v	pres.3.pl	lexicon
4	8	148	пра́вїи	правый.a	long.pos.m.pl.nom	rule:voc-drop
4	8	149	съ	съ.x.2	_	function
4	8	150	лице́мъ	лице.n	ins.sg	lexicon
4	8	151	твои́мъ	твой.pron	n.sg.ins	rule:np-agree
4	9	1	Сла́ва	слава.n	nom.sg	lexicon
4	9	2	и҆	и.x.2	_	function
4	9	3	ны́нѣ	нынѣ.x.2	_	function
4	9	4	Трист҃о́е	трисвѧтый.a	long.pos.n.sg.nom	tagger:0.56
4	9	5	По	по.x.2	_	function
4	9	6	Ѻ҆́ч҃е	_	_	amb
4	9	7	на́шъ	нашъ.pron	m.sg.nom	tagger:1.00
4	10	1	Тропарѝ	тропарь.n	acc.pl	rule:np-agree
4	10	2	сїѧ̑	сей.pron	m.pl.acc	rule:np-agree
4	11	1	Просвѣти́вый	просвѣтити.v	part.past.act.long.m.sg.nom	tagger:1.00
4	11	2	земны̑ѧ	земный.a	long.pos.m.pl.acc	tagger:0.95
4	11	3	крⷭ҇то́мъ	крестъ.n	ins.sg	lexicon
4	11	4	и҆	и.x.2	_	function
4	11	5	призва́вый	призвати.v	part.past.act.long.m.sg.nom	tagger:1.00
4	11	6	въ	въ.x.2	_	function
4	11	7	покаѧ́нїе	покаѧніе.n	acc.sg	rule:prep-gov
4	11	8	грѣ̑шныѧ	грѣшный.a	long.pos.f.pl.acc	tagger:0.55
4	11	9	да	да	_	function
4	11	10	не	не.x.2	_	function
4	11	11	ѿлꙋчи́ши	ѡтлꙋчити.v	pres.2.sg	lexicon
4	11	12	менѐ	азъ.pron	1.sg.acc	tagger:1.00
4	11	13	ста́да	стадо.n	gen.sg	lexicon
4	11	14	твоегѡ̀	твой.pron	n.sg.gen	rule:np-agree
4	11	15	па́стырю	пастырь.n	voc.sg	rule:np-agree
4	11	16	до́брый	добрый.a	long.pos.m.sg.voc	rule:np-agree
4	11	17	но	но.x.2	_	function
4	11	18	взыщѝ	взыскати.v	impv.2.sg	tagger:1.00
4	11	19	мѧ̀	азъ.pron	clit.1.sg.acc	lexicon
4	11	20	влⷣко	владыка.n	voc.sg	lexicon
4	11	21	заблꙋ́ждшаго	заблꙋдити.v	part.past.act.long.m.sg.acc	lexicon
4	11	22	и҆	и.x.2	_	function
4	11	23	ст҃о́мꙋ	свѧтый.a	long.pos.n.sg.dat	rule:np-agree
4	11	24	ста́дꙋ	стадо.n	dat.sg	lexicon
4	11	25	твоемꙋ̀	твой.pron	n.sg.dat	rule:np-agree
4	11	26	сопричтѝ	сопричести.v	impv.2.sg	tagger:1.00
4	11	27	ꙗ҆́кѡ	ꙗкѡ.x.2	_	function
4	11	28	є҆ди́нъ	единъ.pron	m.sg.nom	tagger:1.00
4	11	29	млⷭ҇тивъ	милостивый.a	short.pos.m.sg.nom	tagger:1.00
4	11	30	и҆	и.x.2	_	function
4	11	31	чл҃вѣколю́бецъ	человѣколюбецъ.n	nom.sg	lexicon
4	12	1	Сла́ва	слава.n	nom.sg	lexicon
4	12	2	Ꙗ҆́кѡ	ꙗкѡ.x.2	_	function
4	12	3	разбо́йникъ	разбойникъ.n	nom.sg	lexicon
4	12	4	и҆сповѣ́даѧйсѧ	исповѣдатисѧ.v	part.pres.act.long.m.sg.nom	tagger:0.63
4	12	5	вопїю́	_	_	verbatim
4	12	6	ти	той.pron	m.pl.nom	rule:voc-drop
4	12	7	бл҃же	благій.a	short.pos.m.sg.voc	lexicon
4	12	8	во	въ.x.2	word	lexicon
4	12	9	црⷭ҇твїи	царствіе.n	acc.du|loc.sg	rule:prep-gov
4	12	10	твое́мъ	твой.pron	n.sg.loc	rule:np-agree
4	12	11	помѧнѝ	помѧнꙋти.v	impv.2.sg	tagger:0.93
4	12	12	мѧ̀	азъ.pron	clit.1.sg.acc	lexicon
4	12	13	гдⷭ҇и	_	_	amb
4	12	14	и҆	и.x.2	_	function
4	12	15	съ	съ.x.2	_	function
4	12	16	ни́мъ	онъ.pron	3.m.sg.ins	tagger:1.00
4	12	17	мѧ̀	азъ.pron	clit.1.sg.acc	tagger:1.00
4	12	18	сочета́й	сочетати.v	impv.2.sg	tagger:1.00
4	12	19	во́лею	волѧ.n	ins.sg	lexicon
4	12	20	страда́ти	страдати.v	inf	lexicon
4	12	21	ѡ҆	ѡ.x.3	_	function
4	12	22	на́съ	мы.pron	1.pl.loc	tagger:1.00
4	12	23	и҆зво́ливый	изволити.v	part.past.act.long.m.sg.nom	tagger:1.00
4	13	1	И҆	и.x.2	_	function
4	13	2	ны́нѣ	нынѣ.x.2	_	function
4	13	3	На́съ	мы.pron	1.pl.gen	tagger:1.00
4	13	4	ра́ди	ради.x.2	_	function
4	13	5	распѧ́таго	распѧти.v	part.past.pass.long.m.sg.acc	lexicon
4	13	6	прїиди́те	пріити.v	impv.2.pl	lexicon
4	13	7	всѝ	весь.pron	m.pl.nom	tagger:1.00
4	13	8	воспои́мъ	воспѣти.v	impv.1.pl	lexicon
4	13	9	того̀	той.pron	m.sg.acc	lexicon
4	13	10	бо	бо.x.2	_	function
4	13	11	ви́дѣ	видѣти.v	aor.3.sg	tagger:1.00
4	13	12	мр҃і́а	маріа.n	nom.sg	lexicon
4	13	13	на	на.x.2	_	function
4	13	14	дре́вѣ	древо.n	loc.sg	lexicon
4	13	15	и҆	и.x.2	_	function
4	13	16	глаго́лаше	глаголати.v	impf.3.sg	tagger:1.00
4	13	17	а҆́ще	аще.x.2	_	function
4	13	18	и҆	и.x.2	_	function
4	13	19	распѧ́тїе	распѧтіе.n	acc.sg	rule:voc-drop+one-subject
4	13	20	терпи́ши	терпѣти.v	pres.2.sg	lexicon
4	13	21	ты̀	ты.pron	2.sg.nom	tagger:1.00
4	13	22	є҆сѝ	быти.v	pres.2.sg	lexicon
4	13	23	сн҃ъ	сынъ.n	nom.sg|gen.pl|acc.pl	set
4	13	24	и҆	и.x.2	_	function
4	13	25	бг҃ъ	богъ.n	nom.sg	lexicon
4	13	26	мо́й	мой.pron	m.sg.nom	rule:np-agree
4	14	1	Гдⷭ҇и	_	_	amb
4	14	2	поми́лꙋй	помиловати.v	impv.2.sg	tagger:1.00
4	14	3	м҃.	_	_	apparatus
4	14	4	Сла́ва	слава.n	nom.sg	lexicon
4	14	5	и҆	и.x.2	_	function
4	14	6	ны́нѣ	нынѣ.x.2	_	function
4	14	7	Чⷭ҇тнѣ́йшꙋю	честный.a	long.comp.f.sg.acc	lexicon
4	14	8	херꙋві̑мъ	херꙋвімъ.n	acc.pl	tagger:0.87
4	14	9	І҆ере́й	іерей.n	nom.sg	tagger:1.00
4	14	10	Мл҃твами	молитва.n	ins.pl	lexicon
4	14	11	ст҃ы́хъ	свѧтый.a	long.pos.m.pl.gen	tagger:1.00
4	14	12	ѻ҆тє́цъ	отецъ.n	gen.pl	rule:np-agree
4	14	13	на́шихъ	нашъ.pron	m.pl.gen	rule:np-agree
4	14	14	И҆	и.x.2	_	function
4	14	15	трѝ	три.pron	m.pl.nom	tagger:0.99
4	14	16	покло́ны	поклонъ.n	acc.pl	lexicon
4	14	17	вели̑кїѧ	великій.a	long.pos.m.pl.acc	rule:np-agree
4	14	18	съ	съ.x.2	_	function
4	14	19	мл҃твою	молитва.n	ins.sg	lexicon
4	14	20	Гдⷭ҇и	_	_	amb
4	14	21	и҆	и.x.2	_	function
4	14	22	влⷣко	владыка.n	voc.sg	lexicon
4	14	23	живота̀	животъ.n	gen.sg	lexicon
4	14	24	моегѡ̀	мой.pron	m.sg.gen	rule:np-agree
4	15	1	Та́же	тойже.pron	f.sg.nom	rule:voc-drop
4	15	2	мл҃твꙋ	молитва.n	gen.du|acc.sg|loc.du	set
4	15	3	вели́кагѡ	великій.a	long.pos.m.sg.gen	rule:np-agree
4	15	4	васі́лїа	васілій.n	gen.sg	rule:np-agree
4	16	1	Влⷣко	владыка.n	voc.sg	lexicon
4	16	2	гдⷭ҇и	_	_	amb
4	16	3	і҆и҃се	іисꙋсъ.n	voc.sg	lexicon
4	16	4	хрⷭ҇тѐ	хрістосъ.n	voc.sg	lexicon
4	16	5	бж҃е	богъ.n	voc.sg	lexicon
4	16	6	на́шъ	нашъ.pron	m.sg.voc	rule:np-agree
4	16	7	долготерпѣ́вый	долготерпѣти.v	part.past.act.long.m.sg.nom	tagger:1.00
4	16	8	ѡ҆	ѡ.x.3	_	function
4	16	9	на́шихъ	нашъ.pron	n.pl.loc	rule:prep-gov+np-agree
4	16	10	согрѣше́нїихъ	согрѣшеніе.n	loc.pl	lexicon
4	16	11	и҆	и.x.2	_	function
4	16	12	да́же	даже.x.2	_	function
4	16	13	до	до.x.2	_	function
4	16	14	ны́нѣшнѧгѡ	нынѣшній.a	long.pos.m.sg.gen	rule:np-agree
4	16	15	часа̀	часъ.n	gen.sg	lexicon
4	16	16	приведы́й	привести.v	part.past.act.long.m.sg.nom	tagger:1.00
4	16	17	на́съ	мы.pron	1.pl.acc	tagger:1.00
4	16	18	во́ньже	_	_	verbatim
4	16	19	на	на.x.2	_	function
4	16	20	животворѧ́щемъ	животворити.v	part.pres.act.short|long.n.sg.loc	rule:prep-gov+np-agree
4	16	21	дре́вѣ	древо.n	loc.sg	lexicon
4	16	22	ви́сѧ	висѣти.v	part.pres.act.short.m.sg.nom	tagger:1.00
4	16	23	бл҃горазꙋ́мномꙋ	благоразꙋмный.a	long.pos.m.sg.dat	rule:np-agree
4	16	24	разбо́йникꙋ	разбойникъ.n	dat.sg	lexicon
4	16	25	и҆́же	иже.pron	m.sg.nom	tagger:0.57
4	16	26	въ	въ.x.2	_	function
4	16	27	ра́й	рай.n	acc.sg	rule:prep-gov
4	16	28	пꙋтесотвори́лъ	пꙋтесотворити.v	lpart.m.sg	lexicon
4	16	29	є҆сѝ	быти.v	pres.2.sg	lexicon
4	16	30	вхо́дъ	входъ.n	acc.sg	tagger:1.00
4	16	31	и҆	и.x.2	_	function
4	16	32	сме́ртїю	смерть.n	ins.sg	lexicon
4	16	33	сме́рть	смерть.n	nom.sg	tagger:1.00
4	16	34	разрꙋши́лъ	разрꙋшити.v	lpart.m.sg	lexicon
4	16	35	є҆сѝ	быти.v	pres.2.sg	lexicon
4	16	36	ѡ҆чи́сти	ѡчистити.v	impv.2.sg	tagger:1.00
4	16	37	на́съ	мы.pron	1.pl.acc	tagger:1.00
4	16	38	грѣ́шныхъ	грѣшный.a	long.pos.m.pl.gen	tagger:1.00
4	16	39	и҆	и.x.2	_	function
4	16	40	недосто́йныхъ	недостойный.a	long.pos.m.pl.gen	tagger:0.95
4	16	41	ра̑бъ	_	_	amb
4	16	42	твои́хъ	твой.pron	m.pl.gen	tagger:0.94
4	16	43	согрѣши́хомъ	согрѣшити.v	aor.1.pl	lexicon
4	16	44	бо	бо.x.2	_	function
4	16	45	и҆	и.x.2	_	function
4	16	46	беззако́нновахомъ	беззаконновати.v	impf.1.pl	tagger:1.00
4	16	47	и҆	и.x.2	_	function
4	16	48	нѣ́смы	небыти.v	pres.1.pl	lexicon
4	16	49	досто́йни	достойный.a	short.pos.m.pl.nom	rule:voc-drop
4	16	50	возвестѝ	возвестити.v	impv.2.sg	tagger:0.80
4	16	51	ѻ҆чеса̀	око.n	acc.pl	tagger:1.00
4	16	52	на̑ша	нашъ.pron	n.pl.acc	tagger:1.00
4	16	53	и҆	и.x.2	_	function
4	16	54	воззрѣ́ти	воззрѣти.v	inf	lexicon
4	16	55	на	на.x.2	_	function
4	16	56	высотꙋ̀	высота.n	acc.sg	lexicon
4	16	57	нбⷭ҇нꙋю	небесный.a	long.pos.m.du.gen|long.pos.f.sg.acc|long.pos.f.du.gen|long.pos.n.du.gen	rule:bare-loc
4	16	58	занѐ	зане.x.2	_	function
4	16	59	ѡ҆ста́вихомъ	ѡставити.v	aor.1.pl	lexicon
4	16	60	пꙋ́ть	пꙋть.n	acc.sg	rule:voc-drop+one-subject
4	16	61	пра́вды	правда.n	gen.sg	lexicon
4	16	62	твоеѧ̀	твой.pron	f.sg.gen	lexicon
4	16	63	и҆	и.x.2	_	function
4	16	64	ходи́хомъ	ходити.v	aor.1.pl	lexicon
4	16	65	въ	въ.x.2	_	function
4	16	66	во́лѧхъ	волѧ.n	loc.pl	rule:prep-gov
4	16	67	серде́цъ	сердце.n	gen.pl	lexicon
4	16	68	на́шихъ	нашъ.pron	n.pl.gen	rule:np-agree
4	16	69	но	но.x.2	_	function
4	16	70	мо́лимъ	молити.v	pres.1.pl	tagger:1.00
4	16	71	твою̀	твой.pron	f.sg.acc	lexicon
4	16	72	безмѣ́рнꙋю	безмѣрный.a	long.pos.f.sg.acc	lexicon
4	16	73	бл҃гость	благость.n	acc.sg	rule:np-agree
4	16	74	пощадѝ	_	_	amb
4	16	75	на́съ	мы.pron	1.pl.acc	tagger:0.78
4	16	76	гдⷭ҇и	_	_	amb
4	16	77	по	по.x.2	_	function
4	16	78	мно́жествꙋ	множество.n	dat.sg	lexicon
4	16	79	млⷭ҇ти	милость.n	nom.du|nom.pl|gen.sg|dat.sg|acc.du|acc.pl	rule:bare-loc
4	16	80	твоеѧ̀	твой.pron	f.sg.gen	lexicon
4	16	81	и҆	и.x.2	_	function
4	16	82	сп҃сѝ	спасти.v	impv.2.sg	tagger:1.00
4	16	83	на́съ	мы.pron	1.pl.acc	tagger:1.00
4	16	84	и҆́мене	имѧ.n	gen.sg	lexicon
4	16	85	твоегѡ̀	твой.pron	n.sg.gen	rule:np-agree
4	16	86	ра́ди	ради.x.2	_	function
4	16	87	ст҃а́гѡ	свѧтый.a	long.pos.n.sg.gen	tagger:0.84
4	16	88	ꙗ҆́кѡ	ꙗкѡ.x.2	_	function
4	16	89	и҆счезо́ша	исчезнꙋти.v	aor.3.pl	lexicon
4	16	90	въ	въ.x.2	_	function
4	16	91	сꙋетѣ̀	сꙋета.n	loc.sg	rule:prep-gov
4	16	92	дні́е	день.n	nom.pl	rule:np-agree+voc-drop
4	16	93	на́ши	нашъ.pron	m.pl.nom	rule:np-agree+voc-drop
4	16	94	и҆змѝ	изѧти.v	impv.2.sg	tagger:1.00
4	16	95	на́съ	мы.pron	1.pl.acc	tagger:1.00
4	16	96	и҆з̾	и҆з̾	_	function
4	16	97	рꙋкѝ	рꙋка.n	gen.sg	lexicon
4	16	98	сопроти́внагѡ	сопротивный.a	long.pos.m.sg.gen	tagger:0.97
4	16	99	и҆	и.x.2	_	function
4	16	100	ѡ҆ста́ви	ѡставити.v	impv.2.sg	tagger:1.00
4	16	101	на́мъ	мы.pron	1.pl.dat	lexicon
4	16	102	грѣхѝ	грѣхъ.n	acc.pl	lexicon
4	16	103	на́шѧ	нашъ.pron	m.pl.acc	rule:np-agree
4	16	104	и҆	и.x.2	_	function
4	16	105	ѹ҆мертвѝ	оумертвити.v	aor.3.sg	tagger:1.00
4	16	106	плотско́е	плотскій.a	long.pos.n.sg.acc	tagger:0.98
4	16	107	на́ше	нашъ.pron	n.sg.acc	tagger:1.00
4	16	108	мꙋдрова́нїе	мꙋдрованіе.n	acc.sg	tagger:1.00
4	16	109	да	да	_	function
4	16	110	ве́тхаго	ветхій.a	long.pos.m.sg.acc	lexicon
4	16	111	ѿложи́вше	ѡтложити.v	part.past.act.short.m.pl.nom	tagger:1.00
4	16	112	человѣ́ка	человѣкъ.n	acc.sg	tagger:1.00
4	16	113	въ	въ.x.2	_	function
4	16	114	но́ваго	новый.a	long.pos.m.sg.acc	lexicon
4	16	115	ѡ҆блеце́мсѧ	ѡблещисѧ.v	impv.1.pl	lexicon
4	16	116	и҆	и.x.2	_	function
4	16	117	тебѣ̀	ты.pron	2.sg.dat	rule:bare-loc
4	16	118	поживе́мъ	пожити.v	pres.1.pl	tagger:1.00
4	16	119	на́шемꙋ	нашъ.pron	m.sg.dat	rule:np-agree
4	16	120	влⷣцѣ	владыка.n	nom.du|dat.sg|acc.du	rule:voc-drop+bare-loc
4	16	121	и҆	и.x.2	_	function
4	16	122	бл҃годѣ́телю	благодѣтель.n	dat.sg	rule:voc-drop
4	16	123	и҆	и.x.2	_	function
4	16	124	та́кѡ	такѡ.x.2	_	function
4	16	125	твои̑мъ	твой.pron	m.pl.dat	tagger:0.76
4	16	126	послѣ́дꙋюще	послѣдовати.v	part.pres.act.short.m.pl.nom	tagger:1.00
4	16	127	повелѣ́нїємъ	повелѣніе.n	dat.pl	lexicon
4	16	128	въ	въ.x.2	_	function
4	16	129	вѣ́чный	вѣчный.a	long.pos.m.sg.acc	rule:prep-gov
4	16	130	поко́й	покой.n	acc.sg	tagger:1.00
4	16	131	дости́гнемъ	достигнꙋти.v	pres.1.pl	tagger:1.00
4	16	132	и҆дѣ́же	идѣже.x.2	_	function
4	16	133	є҆́сть	быти.v	pres.3.sg	lexicon
4	16	134	всѣ́хъ	весь.pron	f.pl.gen	tagger:0.66
4	16	135	веселѧ́щихсѧ	веселитисѧ.v	part.pres.act.long.f.pl.gen	tagger:0.59
4	16	136	жили́ще	жилище.n	acc.sg	tagger:0.99
4	16	137	ты́	_	_	verbatim
4	16	138	бо	бо.x.2	_	function
4	16	139	є҆сѝ	быти.v	pres.2.sg	lexicon
4	16	140	вои́стиннꙋ	воистиннꙋ.x.2	_	function
4	16	141	и҆́стинное	истинный.a	long.pos.n.sg.acc	tagger:0.91
4	16	142	весе́лїе	веселіе.n	acc.sg	tagger:1.00
4	16	143	и҆	и.x.2	_	function
4	16	144	ра́дость	радость.n	acc.sg	tagger:0.99
4	16	145	лю́бѧщихъ	любити.v	part.pres.act.long.m.pl.gen	tagger:0.95
4	16	146	тѧ̀	ты.pron	clit.2.sg.acc	lexicon
4	16	147	хрⷭ҇тѐ	хрістосъ.n	voc.sg	lexicon
4	16	148	бж҃е	богъ.n	voc.sg	lexicon
4	16	149	на́шъ	нашъ.pron	m.sg.voc	rule:np-agree
4	16	150	и҆	и.x.2	_	function
4	16	151	тебѣ̀	ты.pron	2.sg.dat	rule:bare-loc
4	16	152	сла́вꙋ	слава.n	acc.sg	lexicon
4	16	153	возсыла́емъ	возсылати.v	pres.1.pl	tagger:1.00
4	16	154	со	съ.x.2	word	lexicon
4	16	155	безнача́льнымъ	безначальный.a	long.pos.m.sg.ins	tagger:0.88
4	16	156	твои́мъ	твой.pron	m.sg.ins	rule:prep-gov+np-agree
4	16	157	ѻ҆ц҃е́мъ	отецъ.n	ins.sg	lexicon
4	16	158	и҆	и.x.2	_	function
4	16	159	прест҃ы́мъ	пресвѧтый.a	short.pos.n.sg.ins	tagger:0.60
4	16	160	и҆	и.x.2	_	function
4	16	161	бл҃ги́мъ	благій.a	short.pos.n.sg.ins	tagger:0.49
4	16	162	и҆	и.x.2	_	function
4	16	163	животворѧ́щимъ	животворити.v	part.pres.act.short.m.sg.ins	tagger:1.00
4	16	164	твои́мъ	твой.pron	m.sg.ins	rule:np-agree
4	16	165	дх҃омъ	дꙋхъ.n	ins.sg	lexicon
4	16	166	ны́нѣ	нынѣ.x.2	_	function
4	16	167	и҆	и.x.2	_	function
4	16	168	при́снѡ	_	_	amb
4	16	169	и҆	и.x.2	_	function
4	16	170	во	въ.x.2	word	lexicon
4	16	171	вѣ́ки	вѣкъ.n	acc.pl	lexicon
4	16	172	вѣкѡ́въ	вѣкъ.n	gen.pl	lexicon
4	16	173	а҆ми́нь	аминь.n	nom.sg	tagger:0.96
4	17	1	Сла́ва	слава.n	nom.sg	lexicon
4	17	2	и҆	и.x.2	_	function
4	17	3	ны́нѣ	нынѣ.x.2	_	function
4	17	4	Гдⷭ҇и	_	_	amb
4	17	5	поми́лꙋй	помиловати.v	impv.2.sg	tagger:1.00
4	17	6	три́жды	трижды.x.2	_	function
4	17	7	Бл҃гословѝ	благословити.v	impv.2.sg	tagger:1.00
4	17	8	И҆	и.x.2	_	function
4	17	9	ѿпꙋ́стъ	ѡтпꙋстъ.n	acc.sg	tagger:0.89
